# time Tc_folded Tref_folded model model_err 
2455007.429878 0.000000 0.000000     0.000110     1.905822 
2455009.095720 0.000000 0.000000     0.000114     1.905822 
2455010.761563 0.000000 0.000000     0.000032     1.905822 
2455012.427406 0.000000 0.000000     0.000030     1.905822 
2455014.093248 0.000000 0.000000     0.000105     1.905822 
2455015.759091 0.000000 0.000000     0.000051     1.905822 
2455017.424934 0.000000 0.000000    -0.000079     1.905822 
2455019.090776 0.000000 0.000000    -0.000069     1.905822 
2455020.756619 0.000000 0.000000    -0.000043     1.905822 
2455022.422462 0.000000 0.000000    -0.000238     1.905822 
2455024.088304 0.000000 0.000000    -0.000451     1.905822 
2455025.754147 0.000000 0.000000    -0.000367     1.905822 
2455027.419989 0.000000 0.000000    -0.000141     1.905822 
2455029.085832 0.000000 0.000000    -0.000060     1.905822 
2455030.751675 0.000000 0.000000    -0.000035     1.905822 
2455032.417517 0.000000 0.000000     0.000056     1.905822 
2455034.083360 0.000000 0.000000     0.000062     1.905822 
2455035.749203 0.000000 0.000000    -0.000042     1.905822 
2455037.415045 0.000000 0.000000    -0.000042     1.905822 
2455039.080888 0.000000 0.000000     0.000052     1.905822 
2455040.746730 0.000000 0.000000     0.000026     1.905822 
2455042.412573 0.000000 0.000000    -0.000057     1.905822 
2455044.078416 0.000000 0.000000    -0.000019     1.905822 
2455045.744258 0.000000 0.000000    -0.000006     1.905822 
2455047.410101 0.000000 0.000000    -0.000179     1.905822 
2455049.075944 0.000000 0.000000    -0.000324     1.905822 
2455050.741786 0.000000 0.000000    -0.000258     1.905822 
2455052.407629 0.000000 0.000000    -0.000168     1.905822 
2455054.073472 0.000000 0.000000    -0.000183     1.905822 
2455055.739314 0.000000 0.000000    -0.000163     1.905822 
2455057.405157 0.000000 0.000000    -0.000081     1.905822 
2455059.070999 0.000000 0.000000    -0.000085     1.905822 
2455060.736842 0.000000 0.000000    -0.000149     1.905822 
2455062.402685 0.000000 0.000000    -0.000147     1.905822 
2455064.068527 0.000000 0.000000    -0.000104     1.905822 
2455065.734370 0.000000 0.000000    -0.000056     1.905822 
2455067.400213 0.000000 0.000000     0.000027     1.905822 
2455069.066055 0.000000 0.000000     0.000053     1.905822 
2455070.731898 0.000000 0.000000    -0.000033     1.905822 
2455072.397741 0.000000 0.000000    -0.000035     1.905822 
2455074.063583 0.000000 0.000000     0.000094     1.905822 
2455075.729426 0.000000 0.000000     0.000055     1.905822 
2455077.395268 0.000000 0.000000    -0.000189     1.905822 
2455079.061111 0.000000 0.000000    -0.000272     1.905822 
2455080.726954 0.000000 0.000000    -0.000166     1.905822 
2455082.392796 0.000000 0.000000    -0.000186     1.905822 
2455084.058639 0.000000 0.000000    -0.000257     1.905822 
2455085.724482 0.000000 0.000000    -0.000162     1.905822 
2455087.390324 0.000000 0.000000    -0.000149     1.905822 
2455089.056167 0.000000 0.000000    -0.000302     1.905822 
2455090.722010 0.000000 0.000000    -0.000153     1.905822 
2455092.387852 0.000000 0.000000     0.000207     1.905822 
2455094.053695 0.000000 0.000000     0.000058     1.905822 
2455095.719537 0.000000 0.000000    -0.000328     1.905822 
2455097.385380 0.000000 0.000000     0.000008     1.905822 
2455099.051223 0.000000 0.000000     0.000599     1.905822 
2455100.717065 0.000000 0.000000     0.000247     1.905822 
2455102.382908 0.000000 0.000000    -0.000469     1.905822 
2455104.048751 0.000000 0.000000    -0.000254     1.905822 
2455105.714593 0.000000 0.000000     0.000294     1.905822 
2455107.380436 0.000000 0.000000     0.000083     1.905822 
2455109.046279 0.000000 0.000000    -0.000161     1.905822 
2455110.712121 0.000000 0.000000     0.000227     1.905822 
2455112.377964 0.000000 0.000000     0.000240     1.905822 
2455114.043806 0.000000 0.000000    -0.000290     1.905822 
2455115.709649 0.000000 0.000000    -0.000043     1.905822 
2455117.375492 0.000000 0.000000     0.000544     1.905822 
2455119.041334 0.000000 0.000000    -0.000197     1.905822 
2455120.707177 0.000000 0.000000    -0.001197     1.905822 
2455122.373020 0.000000 0.000000    -0.000439     1.905822 
2455124.038862 0.000000 0.000000     0.000448     1.905822 
2455125.704705 0.000000 0.000000    -0.000746     1.905822 
2455127.370547 0.000000 0.000000    -0.001799     1.905822 
2455129.036390 0.000000 0.000000    -0.000225     1.905822 
2455130.702233 0.000000 0.000000     0.001599     1.905822 
2455132.368075 0.000000 0.000000     0.001265     1.905822 
2455134.033918 0.000000 0.000000     0.000794     1.905822 
2455135.699761 0.000000 0.000000     0.001523     1.905822 
2455137.365603 0.000000 0.000000     0.001383     1.905822 
2455139.031446 0.000000 0.000000     0.000370     1.905822 
2455140.697289 0.000000 0.000000     0.000779     1.905822 
2455142.363131 0.000000 0.000000     0.001176     1.905822 
2455144.028974 0.000000 0.000000    -0.001005     1.905822 
2455145.694816 0.000000 0.000000    -0.002925     1.905822 
2455147.360659 0.000000 0.000000    -0.001805     1.905822 
2455149.026502 0.000000 0.000000    -0.001649     1.905822 
2455150.692344 0.000000 0.000000    -0.004894     1.905822 
2455152.358187 0.000000 0.000000    -0.005668     1.905821 
2455154.024030 0.000000 0.000000    -0.000698     1.905821 
2455155.689872 0.000000 0.000000     0.003779     1.905821 
2455157.355715 0.000000 0.000000     0.003721     1.905821 
2455159.021558 0.000000 0.000000     0.003294     1.905821 
2455160.687400 0.000000 0.000000     0.004253     1.905821 
2455162.353243 0.000000 0.000000     0.003413     1.905821 
2455164.019085 0.000000 0.000000     0.002005     1.905821 
2455165.684928 0.000000 0.000000     0.002981     1.905821 
2455167.350771 0.000000 0.000000     0.002343     1.905821 
2455169.016613 0.000000 0.000000    -0.002633     1.905821 
2455170.682456 0.000000 0.000000    -0.005499     1.905821 
2455172.348299 0.000000 0.000000    -0.004088     1.905821 
2455174.014141 0.000000 0.000000    -0.006909     1.905820 
2455175.679984 0.000000 0.000000    -0.014397     1.905820 
2455177.345827 0.000000 0.000000    -0.013817     1.905817 
2455179.011669 0.000000 0.000000    -0.002667     1.905817 
2455180.677512 0.000000 0.000000     0.005914     1.905817 
2455182.343354 0.000000 0.000000     0.006826     1.905817 
2455184.009197 0.000000 0.000000     0.007412     1.905817 
2455185.675040 0.000000 0.000000     0.008418     1.905817 
2455187.340882 0.000000 0.000000     0.005705     1.905817 
2455189.006725 0.000000 0.000000     0.004178     1.905818 
2455190.672568 0.000000 0.000000     0.006777     1.905817 
2455192.338410 0.000000 0.000000     0.004215     1.905817 
2455194.004253 0.000000 0.000000    -0.005033     1.905817 
2455195.670096 0.000000 0.000000    -0.008246     1.905817 
2455197.335938 0.000000 0.000000    -0.006304     1.905816 
2455199.001781 0.000000 0.000000    -0.015074     1.905814 
2455200.667623 0.000000 0.000000    -0.029558     1.905814 
2455202.333466 0.000000 0.000000    -0.026528     1.905808 
2455203.999309 0.000000 0.000000    -0.007082     1.905807 
2455205.665151 0.000000 0.000000     0.005793     1.905807 
2455207.330994 0.000000 0.000000     0.008130     1.905807 
2455208.996837 0.000000 0.000000     0.011442     1.905807 
2455210.662679 0.000000 0.000000     0.012541     1.905807 
2455212.328522 0.000000 0.000000     0.006391     1.905807 
2455213.994364 0.000000 0.000000     0.004976     1.905808 
2455215.660207 0.000000 0.000000     0.010764     1.905807 
2455217.326050 0.000000 0.000000     0.006314     1.905807 
2455218.991892 0.000000 0.000000    -0.007455     1.905807 
2455220.657735 0.000000 0.000000    -0.009588     1.905807 
2455222.323578 0.000000 0.000000    -0.006474     1.905805 
2455223.989420 0.000000 0.000000    -0.022885     1.905803 
2455225.655263 0.000000 0.000000    -0.045436     1.905803 
2455227.321106 0.000000 0.000000    -0.039655     1.905795 
2455228.986948 0.000000 0.000000    -0.013465     1.905793 
2455230.652791 0.000000 0.000000     0.000622     1.905793 
2455232.318633 0.000000 0.000000     0.003680     1.905793 
2455233.984476 0.000000 0.000000     0.011208     1.905793 
2455235.650319 0.000000 0.000000     0.012827     1.905793 
2455237.316161 0.000000 0.000000     0.002593     1.905794 
2455238.982004 0.000000 0.000000     0.001247     1.905795 
2455240.647847 0.000000 0.000000     0.010912     1.905794 
2455242.313689 0.000000 0.000000     0.006627     1.905793 
2455243.979532 0.000000 0.000000    -0.008176     1.905793 
2455245.645375 0.000000 0.000000    -0.007369     1.905793 
2455247.311217 0.000000 0.000000    -0.003181     1.905792 
2455248.977060 0.000000 0.000000    -0.024305     1.905791 
2455250.642902 0.000000 0.000000    -0.049673     1.905791 
2455252.308745 0.000000 0.000000    -0.042445     1.905788 
2455253.974588 0.000000 0.000000    -0.018643     1.905786 
2455255.640430 0.000000 0.000000    -0.010646     1.905786 
2455257.306273 0.000000 0.000000    -0.008664     1.905786 
2455258.972116 0.000000 0.000000     0.001989     1.905786 
2455260.637958 0.000000 0.000000     0.004013     1.905786 
2455262.303801 0.000000 0.000000    -0.007488     1.905786 
2455263.969644 0.000000 0.000000    -0.008710     1.905787 
2455265.635486 0.000000 0.000000     0.001633     1.905786 
2455267.301329 0.000000 0.000000     0.001518     1.905786 
2455268.967171 0.000000 0.000000    -0.004605     1.905786 
2455270.633014 0.000000 0.000000    -0.000351     1.905786 
2455272.298857 0.000000 0.000000     0.000576     1.905786 
2455273.964699 0.000000 0.000000    -0.014992     1.905786 
2455275.630542 0.000000 0.000000    -0.026559     1.905786 
2455277.296385 0.000000 0.000000    -0.021690     1.905786 
2455278.962227 0.000000 0.000000    -0.019036     1.905786 
2455280.628070 0.000000 0.000000    -0.024403     1.905786 
2455282.293913 0.000000 0.000000    -0.022034     1.905786 
2455283.959755 0.000000 0.000000    -0.014429     1.905786 
2455285.625598 0.000000 0.000000    -0.015434     1.905786 
2455287.291440 0.000000 0.000000    -0.019440     1.905786 
2455288.957283 0.000000 0.000000    -0.019127     1.905786 
2455290.623126 0.000000 0.000000    -0.018637     1.905786 
2455292.288968 0.000000 0.000000    -0.011014     1.905786 
2455293.954811 0.000000 0.000000     0.006526     1.905786 
2455295.620654 0.000000 0.000000     0.008561     1.905786 
2455297.286496 0.000000 0.000000    -0.008076     1.905786 
2455298.952339 0.000000 0.000000    -0.001808     1.905786 
2455300.618181 0.000000 0.000000     0.027047     1.905787 
2455302.284024 0.000000 0.000000     0.019759     1.905787 
2455303.949867 0.000000 0.000000    -0.022641     1.905787 
2455305.615709 0.000000 0.000000    -0.032895     1.905789 
2455307.281552 0.000000 0.000000    -0.012351     1.905789 
2455308.947395 0.000000 0.000000    -0.017828     1.905789 
2455310.613237 0.000000 0.000000    -0.031854     1.905789 
2455312.279080 0.000000 0.000000    -0.014267     1.905789 
2455313.944923 0.000000 0.000000    -0.009337     1.905789 
2455315.610765 0.000000 0.000000    -0.037101     1.905790 
2455317.276608 0.000000 0.000000    -0.021867     1.905789 
2455318.942450 0.000000 0.000000     0.030303     1.905789 
2455320.608293 0.000000 0.000000     0.007684     1.905789 
2455322.274136 0.000000 0.000000    -0.055663     1.905783 
2455323.939978 0.000000 0.000000    -0.012665     1.905733 
2455325.605821 0.000000 0.000000     0.074343     1.905744 
2455327.271664 0.000000 0.000000     0.026080     1.905711 
2455328.937506 0.000000 0.000000    -0.075534     1.905594 
2455330.603349 0.000000 0.000000    -0.034530     1.905647 
2455332.269192 0.000000 0.000000     0.061528     1.905659 
2455333.935034 0.000000 0.000000     0.039127     1.905658 
2455335.600877 0.000000 0.000000    -0.002125     1.905656 
2455337.266719 0.000000 0.000000     0.050070     1.905655 
2455338.932562 0.000000 0.000000     0.058198     1.905660 
2455340.598405 0.000000 0.000000    -0.018009     1.905664 
2455342.264247 0.000000 0.000000     0.003541     1.905657 
2455343.930090 0.000000 0.000000     0.078068     1.905643 
2455345.595933 0.000000 0.000000    -0.026956     1.905645 
2455347.261775 0.000000 0.000000    -0.178549     1.905595 
2455348.927618 0.000000 0.000000    -0.094488     1.904893 
2455350.593461 0.000000 0.000000     0.015579     1.904758 
2455352.259303 0.000000 0.000000    -0.152998     1.904312 
2455353.925146 0.000000 0.000000    -0.295688     1.902410 
2455355.590988 0.000000 0.000000    -0.057087     1.902653 
2455357.256831 0.000000 0.000000     0.235214     1.902792 
2455358.922674 0.000000 0.000000     0.217333     1.902791 
2455360.588516 0.000000 0.000000     0.148215     1.902768 
2455362.254359 0.000000 0.000000     0.237275     1.902760 
2455363.920202 0.000000 0.000000     0.222940     1.902855 
2455365.586044 0.000000 0.000000     0.088168     1.903007 
2455367.251887 0.000000 0.000000     0.131986     1.902864 
2455368.917730 0.000000 0.000000     0.173942     1.902671 
2455370.583572 0.000000 0.000000    -0.128213     1.902694 
2455372.249415 0.000000 0.000000    -0.405041     1.902560 
2455373.915257 0.000000 0.000000    -0.284228     1.898583 
2455375.581100 0.000000 0.000000    -0.295479     1.896663 
2455377.246943 0.000000 0.000000    -0.761649     1.894678 
2455378.912785 0.000000 0.000000    -0.879191     1.882137 
2455380.578628 0.000000 0.000000    -0.182034     1.881664 
2455382.244471 0.000000 0.000000     0.486105     1.882531 
2455383.910313 0.000000 0.000000     0.533355     1.882550 
2455385.576156 0.000000 0.000000     0.486763     1.882397 
2455387.241998 0.000000 0.000000     0.602888     1.882420 
2455388.907841 0.000000 0.000000     0.484477     1.882964 
2455390.573684 0.000000 0.000000     0.298845     1.884288 
2455392.239526 0.000000 0.000000     0.434161     1.883314 
2455393.905369 0.000000 0.000000     0.352106     1.882056 
2455395.571212 0.000000 0.000000    -0.319925     1.882214 
2455397.237054 0.000000 0.000000    -0.721052     1.882149 
2455398.902897 0.000000 0.000000    -0.551137     1.869584 
2455400.568740 0.000000 0.000000    -0.957418     1.859340 
2455402.234582 0.000000 0.000000    -2.019625     1.855097 
2455403.900425 0.000000 0.000000    -2.010644     1.807120 
2455405.566267 0.000000 0.000000    -0.532694     1.798338 
2455407.232110 0.000000 0.000000     0.670206     1.801657 
2455408.897953 0.000000 0.000000     0.859379     1.801728 
2455410.563795 0.000000 0.000000     0.973750     1.801158 
2455412.229638 0.000000 0.000000     1.115907     1.801442 
2455413.895481 0.000000 0.000000     0.739011     1.803251 
2455415.561323 0.000000 0.000000     0.517932     1.809368 
2455417.227166 0.000000 0.000000     0.893285     1.805685 
2455418.893009 0.000000 0.000000     0.620411     1.800506 
2455420.558851 0.000000 0.000000    -0.582147     1.801080 
2455422.224694 0.000000 0.000000    -1.027943     1.801536 
2455423.890536 0.000000 0.000000    -0.745256     1.776503 
2455425.556379 0.000000 0.000000    -1.855016     1.745290 
2455427.222222 0.000000 0.000000    -3.833035     1.741010 
2455428.888064 0.000000 0.000000    -3.612060     1.617164 
2455430.553907 0.000000 0.000000    -1.175330     1.572359 
2455432.219750 0.000000 0.000000     0.511982     1.580915 
2455433.885592 0.000000 0.000000     0.850909     1.580910 
2455435.551435 0.000000 0.000000     1.330478     1.579534 
2455437.217278 0.000000 0.000000     1.538993     1.580669 
2455438.883120 0.000000 0.000000     0.733460     1.585376 
2455440.548963 0.000000 0.000000     0.476059     1.605285 
2455442.214805 0.000000 0.000000     1.265845     1.594869 
2455443.880648 0.000000 0.000000     0.870549     1.579079 
2455445.546491 0.000000 0.000000    -0.812228     1.580374 
2455447.212333 0.000000 0.000000    -1.120561     1.581899 
2455448.878176 0.000000 0.000000    -0.637324     1.548776 
2455450.544019 0.000000 0.000000    -2.533733     1.488990 
2455452.209861 0.000000 0.000000    -5.419668     1.489717 
2455453.875704 0.000000 0.000000    -4.979420     1.261233 
2455455.541547 0.000000 0.000000    -1.934914     1.102556 
2455457.207389 0.000000 0.000000    -0.265418     1.118419 
2455458.873232 0.000000 0.000000     0.064974     1.116950 
2455460.539074 0.000000 0.000000     1.024866     1.114702 
2455462.204917 0.000000 0.000000     1.357631     1.118190 
2455463.870760 0.000000 0.000000     0.127698     1.132127 
2455465.536602 0.000000 0.000000    -0.173719     1.190876 
2455467.202445 0.000000 0.000000     1.016675     1.158798 
2455468.868288 0.000000 0.000000     0.776292     1.115710 
2455470.534130 0.000000 0.000000    -0.809092     1.117797 
2455472.199973 0.000000 0.000000    -0.739820     1.121778 
2455473.865815 0.000000 0.000000    -0.160154     1.094155 
2455475.531658 0.000000 0.000000    -2.353099     1.028655 
2455477.197501 0.000000 0.000000    -5.204723     1.041394 
2455478.863343 0.000000 0.000000    -4.649902     0.799581 
2455480.529186 0.000000 0.000000    -2.315238     0.330216 
2455482.195029 0.000000 0.000000    -1.653103     0.387383 
2455483.860871 0.000000 0.000000    -1.538616     0.334527 
2455485.526714 0.000000 0.000000    -0.351221     0.354750 
2455487.192557 0.000000 0.000000    -0.014270     0.384788 
2455488.858399 0.000000 0.000000    -1.194782     0.488490 
2455490.524242 0.000000 0.000000    -1.440429     0.667949 
2455492.190084 0.000000 0.000000    -0.423444     0.528612 
2455493.855927 0.000000 0.000000    -0.136554     0.334504 
2455495.521770 0.000000 0.000000    -0.285919     0.332542 
2455497.187612 0.000000 0.000000     0.224435     0.392393 
2455498.853455 0.000000 0.000000     0.111263     0.378134 
2455500.519298 0.000000 0.000000    -1.118740     0.306551 
2455502.185140 0.000000 0.000000    -1.592132     0.326251 
2455503.850983 0.000000 0.000000    -1.296148     0.403567 
2455505.516826 0.000000 0.000000    -2.015089     0.304229 
2455507.182668 0.000000 0.000000    -3.028811     0.277712 
2455508.848511 0.000000 0.000000    -2.763308     0.296073 
2455510.514353 0.000000 0.000000    -2.249173     0.299496 
2455512.180196 0.000000 0.000000    -2.410850     0.341775 
2455513.846039 0.000000 0.000000    -2.395331     0.337127 
2455515.511881 0.000000 0.000000    -2.464203     0.453403 
2455517.177724 0.000000 0.000000    -2.901853     0.702178 
2455518.843567 0.000000 0.000000    -1.684159     0.541484 
2455520.509409 0.000000 0.000000     0.974831     0.539299 
2455522.175252 0.000000 0.000000     1.172568     0.570221 
2455523.841095 0.000000 0.000000    -0.674687     0.356112 
2455525.506937 0.000000 0.000000     0.618015     0.548367 
2455527.172780 0.000000 0.000000     4.154709     0.895046 
2455528.838622 0.000000 0.000000     3.452451     0.910961 
2455530.504465 0.000000 0.000000    -1.047849     1.017727 
2455532.170308 0.000000 0.000000    -3.091188     1.104478 
2455533.836150 0.000000 0.000000    -2.563972     1.106548 
2455535.501993 0.000000 0.000000    -3.278746     1.106062 
2455537.167836 0.000000 0.000000    -3.829401     1.111742 
2455538.833678 0.000000 0.000000    -2.464417     1.116091 
2455540.499521 0.000000 0.000000    -2.664293     1.134245 
2455542.165364 0.000000 0.000000    -4.558379     1.210171 
2455543.831206 0.000000 0.000000    -2.657689     1.147528 
2455545.497049 0.000000 0.000000     1.831453     1.143702 
2455547.162891 0.000000 0.000000     1.558416     1.148273 
2455548.828734 0.000000 0.000000    -1.536151     1.104964 
2455550.494577 0.000000 0.000000     1.066416     1.124890 
2455552.160419 0.000000 0.000000     6.899380     1.316782 
2455553.826262 0.000000 0.000000     6.344786     1.338067 
2455555.492105 0.000000 0.000000     0.620366     1.446192 
2455557.157947 0.000000 0.000000    -2.022337     1.546558 
2455558.823790 0.000000 0.000000    -1.739564     1.550565 
2455560.489632 0.000000 0.000000    -2.853551     1.555485 
2455562.155475 0.000000 0.000000    -3.406362     1.556649 
2455563.821318 0.000000 0.000000    -1.827688     1.559422 
2455565.487160 0.000000 0.000000    -2.335718     1.566758 
2455567.153003 0.000000 0.000000    -4.735253     1.593370 
2455568.818846 0.000000 0.000000    -2.882610     1.575621 
2455570.484688 0.000000 0.000000     1.831824     1.574177 
2455572.150531 0.000000 0.000000     1.599631     1.566004 
2455573.816374 0.000000 0.000000    -1.926458     1.538408 
2455575.482216 0.000000 0.000000    -0.151509     1.524270 
2455577.148059 0.000000 0.000000     5.536840     1.567862 
2455578.813901 0.000000 0.000000     6.396714     1.557755 
2455580.479744 0.000000 0.000000     2.246182     1.615881 
2455582.145587 0.000000 0.000000    -0.504154     1.696337 
2455583.811429 0.000000 0.000000    -1.043163     1.697963 
2455585.477272 0.000000 0.000000    -1.873632     1.716284 
2455587.143115 0.000000 0.000000    -1.888711     1.711504 
2455588.808957 0.000000 0.000000    -0.936856     1.715200 
2455590.474800 0.000000 0.000000    -2.196424     1.721690 
2455592.140643 0.000000 0.000000    -4.452735     1.732757 
2455593.806485 0.000000 0.000000    -2.656837     1.735101 
2455595.472328 0.000000 0.000000     1.497545     1.745912 
2455597.138170 0.000000 0.000000     1.415503     1.718406 
2455598.804013 0.000000 0.000000    -1.987362     1.675421 
2455600.469856 0.000000 0.000000    -1.834915     1.645596 
2455602.135698 0.000000 0.000000     2.258016     1.564794 
2455603.801541 0.000000 0.000000     4.482263     1.495778 
2455605.467384 0.000000 0.000000     3.027993     1.516826 
2455607.133226 0.000000 0.000000     0.782606     1.588642 
2455608.799069 0.000000 0.000000    -0.662287     1.579417 
2455610.464912 0.000000 0.000000    -1.125012     1.621516 
2455612.130754 0.000000 0.000000    -0.366729     1.609649 
2455613.796597 0.000000 0.000000    -0.167750     1.615422 
2455615.462439 0.000000 0.000000    -2.455174     1.635640 
2455617.128282 0.000000 0.000000    -4.461337     1.638308 
2455618.794125 0.000000 0.000000    -2.349124     1.661598 
2455620.459967 0.000000 0.000000     1.322945     1.700081 
2455622.125810 0.000000 0.000000     1.147927     1.645191 
2455623.791653 0.000000 0.000000    -2.051648     1.560609 
2455625.457495 0.000000 0.000000    -3.001444     1.528409 
2455627.123338 0.000000 0.000000    -0.537420     1.296688 
2455628.789181 0.000000 0.000000     1.964436     1.113827 
2455630.455023 0.000000 0.000000     2.327810     1.103347 
2455632.120866 0.000000 0.000000     1.054445     1.191890 
2455633.786708 0.000000 0.000000    -0.467110     1.164571 
2455635.452551 0.000000 0.000000    -0.696712     1.230542 
2455637.118394 0.000000 0.000000     0.362889     1.215293 
2455638.784236 0.000000 0.000000     0.056881     1.224895 
2455640.450079 0.000000 0.000000    -2.794452     1.308037 
2455642.115922 0.000000 0.000000    -4.497294     1.290489 
2455643.781764 0.000000 0.000000    -1.923530     1.346849 
2455645.447607 0.000000 0.000000     1.512481     1.459978 
2455647.113449 0.000000 0.000000     0.885084     1.328532 
2455648.779292 0.000000 0.000000    -2.358172     1.191507 
2455650.445135 0.000000 0.000000    -3.332922     1.177168 
2455652.110977 0.000000 0.000000    -1.486837     0.836338 
2455653.776820 0.000000 0.000000     0.051859     0.358335 
2455655.442663 0.000000 0.000000     0.109814     0.367926 
2455657.108505 0.000000 0.000000    -0.205556     0.367731 
2455658.774348 0.000000 0.000000    -0.342154     0.333629 
2455660.440191 0.000000 0.000000    -0.236597     0.308134 
2455662.106033 0.000000 0.000000     0.074380     0.399468 
2455663.771876 0.000000 0.000000    -0.608850     0.518797 
2455665.437718 0.000000 0.000000    -2.800977     0.900203 
2455667.103561 0.000000 0.000000    -3.681382     0.897022 
2455668.769404 0.000000 0.000000    -0.921051     0.928175 
2455670.435246 0.000000 0.000000     2.080714     1.198208 
2455672.101089 0.000000 0.000000     0.693086     0.808671 
2455673.766932 0.000000 0.000000    -2.956157     0.701362 
2455675.432774 0.000000 0.000000    -3.373341     0.584159 
2455677.098617 0.000000 0.000000    -1.010406     0.767292 
2455678.764460 0.000000 0.000000    -0.552697     0.793546 
2455680.430302 0.000000 0.000000    -2.083762     0.551174 
2455682.096145 0.000000 0.000000    -1.911099     0.926745 
2455683.761987 0.000000 0.000000    -0.086661     0.821569 
2455685.427830 0.000000 0.000000     0.337261     0.993344 
2455687.093673 0.000000 0.000000    -0.807736     0.910720 
2455688.759515 0.000000 0.000000    -1.763463     0.853621 
2455690.425358 0.000000 0.000000    -2.323761     0.889652 
2455692.091201 0.000000 0.000000    -1.937085     1.048564 
2455693.757043 0.000000 0.000000     0.632158     1.129049 
2455695.422886 0.000000 0.000000     2.864286     1.216136 
2455697.088729 0.000000 0.000000     0.617617     1.192263 
2455698.754571 0.000000 0.000000    -3.756019     1.192326 
2455700.420414 0.000000 0.000000    -3.975672     1.149447 
2455702.086256 0.000000 0.000000    -0.711916     0.863323 
2455703.752099 0.000000 0.000000    -0.034798     0.917868 
2455705.417942 0.000000 0.000000    -2.058803     0.852747 
2455707.083784 0.000000 0.000000    -1.861444     1.010899 
2455708.749627 0.000000 0.000000     0.314355     0.980686 
2455710.415470 0.000000 0.000000     0.346207     0.967560 
2455712.081312 0.000000 0.000000    -1.341256     0.750785 
2455713.747155 0.000000 0.000000    -1.805226     0.682839 
2455715.412998 0.000000 0.000000    -1.444147     0.612859 
2455717.078840 0.000000 0.000000    -0.859366     0.987421 
2455718.744683 0.000000 0.000000     1.389008     1.216935 
2455720.410525 0.000000 0.000000     3.255864     1.200365 
2455722.076368 0.000000 0.000000     0.437430     1.352618 
2455723.742211 0.000000 0.000000    -4.444887     1.366193 
2455725.408053 0.000000 0.000000    -4.531432     1.304979 
2455727.073896 0.000000 0.000000    -0.722325     0.813478 
2455728.739739 0.000000 0.000000     0.538007     0.726723 
2455730.405581 0.000000 0.000000    -0.863942     0.848199 
2455732.071424 0.000000 0.000000    -0.744214     0.842976 
2455733.737266 0.000000 0.000000     0.075537     1.042902 
2455735.403109 0.000000 0.000000    -0.733309     0.597928 
2455737.068952 0.000000 0.000000    -0.900939     0.850315 
2455738.734794 0.000000 0.000000     0.520231     1.005151 
2455740.400637 0.000000 0.000000     0.113445     0.905623 
2455742.066480 0.000000 0.000000    -1.572141     1.174777 
2455743.732322 0.000000 0.000000    -0.060005     1.121693 
2455745.398165 0.000000 0.000000     2.459571     1.056549 
2455747.064008 0.000000 0.000000    -0.024997     1.180663 
2455748.729850 0.000000 0.000000    -4.684116     1.240055 
2455750.395693 0.000000 0.000000    -4.266867     1.148309 
2455752.061535 0.000000 0.000000    -0.507200     0.793938 
2455753.727378 0.000000 0.000000     0.511897     0.640454 
2455755.393221 0.000000 0.000000    -0.295512     0.415902 
2455757.059063 0.000000 0.000000    -0.101335     0.647598 
2455758.724906 0.000000 0.000000    -0.920495     0.869277 
2455760.390749 0.000000 0.000000    -2.325991     0.774783 
2455762.056591 0.000000 0.000000     0.177151     1.079896 
2455763.722434 0.000000 0.000000     4.102150     1.137557 
2455765.388277 0.000000 0.000000     2.111231     1.042624 
2455767.054119 0.000000 0.000000    -3.195747     1.268798 
2455768.719962 0.000000 0.000000    -3.134544     1.009483 
2455770.385804 0.000000 0.000000     0.409644     0.729818 
2455772.051647 0.000000 0.000000    -0.570783     0.913705 
2455773.717490 0.000000 0.000000    -4.115969     0.991319 
2455775.383332 0.000000 0.000000    -3.313188     0.953785 
2455777.049175 0.000000 0.000000    -0.097655     0.518117 
2455778.715018 0.000000 0.000000     0.321945     0.787587 
2455780.380860 0.000000 0.000000    -0.478357     0.731641 
2455782.046703 0.000000 0.000000    -0.353598     0.511162 
2455783.712546 0.000000 0.000000    -1.453227     0.530758 
2455785.378388 0.000000 0.000000    -2.332389     0.545291 
2455787.044231 0.000000 0.000000     1.365801     0.941570 
2455788.710073 0.000000 0.000000     5.685598     0.985876 
2455790.375916 0.000000 0.000000     2.744759     0.981109 
2455792.041759 0.000000 0.000000    -4.185412     1.030260 
2455793.707601 0.000000 0.000000    -5.419951     1.086184 
2455795.373444 0.000000 0.000000    -1.568678     0.923357 
2455797.039287 0.000000 0.000000    -0.438589     1.039084 
2455798.705129 0.000000 0.000000    -2.202080     1.131391 
2455800.370972 0.000000 0.000000    -1.650758     0.948941 
2455802.036815 0.000000 0.000000     0.500340     0.569406 
2455803.702657 0.000000 0.000000     0.347160     0.690571 
2455805.368500 0.000000 0.000000    -1.191102     0.573001 
2455807.034342 0.000000 0.000000    -1.613781     0.542762 
2455808.700185 0.000000 0.000000    -1.561894     0.603391 
2455810.366028 0.000000 0.000000    -1.148459     0.426701 
2455812.031870 0.000000 0.000000     1.107546     0.691628 
2455813.697713 0.000000 0.000000     3.155958     0.771171 
2455815.363556 0.000000 0.000000     1.096835     0.762932 
2455817.029398 0.000000 0.000000    -3.245391     0.516772 
2455818.695241 0.000000 0.000000    -4.217602     0.975883 
2455820.361083 0.000000 0.000000    -1.366496     0.844415 
2455822.026926 0.000000 0.000000     0.677259     1.038370 
2455823.692769 0.000000 0.000000     0.162765     1.168577 
2455825.358611 0.000000 0.000000    -0.444578     1.017744 
2455827.024454 0.000000 0.000000     0.115068     0.975976 
2455828.690297 0.000000 0.000000     0.464504     1.048094 
2455830.356139 0.000000 0.000000    -0.222475     0.939922 
2455832.021982 0.000000 0.000000    -1.250750     0.954598 
2455833.687825 0.000000 0.000000    -2.008806     0.619918 
2455835.353667 0.000000 0.000000    -2.374186     0.399411 
2455837.019510 0.000000 0.000000    -2.092724     0.371669 
2455838.685352 0.000000 0.000000    -1.072822     0.508218 
2455840.351195 0.000000 0.000000     0.010134     0.488336 
2455842.017038 0.000000 0.000000     0.275256     0.483715 
2455843.682880 0.000000 0.000000    -0.135889     0.641244 
2455845.348723 0.000000 0.000000    -0.154721     0.491435 
2455847.014566 0.000000 0.000000     0.478318     0.900617 
2455848.680408 0.000000 0.000000     0.584584     1.001292 
2455850.346251 0.000000 0.000000    -0.469150     0.985499 
2455852.012094 0.000000 0.000000    -1.402445     1.117351 
2455853.677936 0.000000 0.000000    -0.878941     1.072102 
2455855.343779 0.000000 0.000000     0.473571     1.149560 
2455857.009621 0.000000 0.000000     0.975040     1.180881 
2455858.675464 0.000000 0.000000    -0.292075     1.064724 
2455860.341307 0.000000 0.000000    -2.834224     1.066207 
2455862.007149 0.000000 0.000000    -4.522740     1.099951 
2455863.672992 0.000000 0.000000    -2.818589     1.143233 
2455865.338835 0.000000 0.000000     1.683521     1.071464 
2455867.004677 0.000000 0.000000     4.433432     1.075288 
2455868.670520 0.000000 0.000000     2.375225     1.035738 
2455870.336363 0.000000 0.000000    -1.648603     0.474311 
2455872.002205 0.000000 0.000000    -3.030226     0.926261 
2455873.668048 0.000000 0.000000    -1.816497     0.843155 
2455875.333890 0.000000 0.000000    -1.443829     0.734570 
2455876.999733 0.000000 0.000000    -2.732861     1.022262 
2455878.665576 0.000000 0.000000    -2.885543     0.487015 
2455880.331418 0.000000 0.000000    -0.177569     1.213756 
2455881.997261 0.000000 0.000000     3.034954     1.293151 
2455883.663104 0.000000 0.000000     2.878826     1.341321 
2455885.328946 0.000000 0.000000    -1.096198     1.519710 
2455886.994789 0.000000 0.000000    -4.435220     1.559514 
2455888.660632 0.000000 0.000000    -2.493961     1.581959 
2455890.326474 0.000000 0.000000     3.339148     1.516682 
2455891.992317 0.000000 0.000000     6.394806     1.518560 
2455893.658159 0.000000 0.000000     2.839893     1.484301 
2455895.324002 0.000000 0.000000    -3.422720     1.118602 
2455896.989845 0.000000 0.000000    -6.057043     1.279806 
2455898.655687 0.000000 0.000000    -4.268682     1.295057 
2455900.321530 0.000000 0.000000    -2.432911     1.215721 
2455901.987373 0.000000 0.000000    -2.997659     1.366030 
2455903.653215 0.000000 0.000000    -3.399286     1.265277 
2455905.319058 0.000000 0.000000    -0.710679     1.476207 
2455906.984900 0.000000 0.000000     3.384076     1.546241 
2455908.650743 0.000000 0.000000     4.343408     1.577921 
2455910.316586 0.000000 0.000000     0.837352     1.747226 
2455911.982428 0.000000 0.000000    -2.865897     1.785528 
2455913.648271 0.000000 0.000000    -1.758553     1.796790 
2455915.314114 0.000000 0.000000     3.336769     1.756677 
2455916.979956 0.000000 0.000000     6.145641     1.754969 
2455918.645799 0.000000 0.000000     2.699713     1.739352 
2455920.311642 0.000000 0.000000    -3.558105     1.561967 
2455921.977484 0.000000 0.000000    -6.514948     1.598730 
2455923.643327 0.000000 0.000000    -5.118583     1.639082 
2455925.309169 0.000000 0.000000    -3.140586     1.596087 
2455926.975012 0.000000 0.000000    -2.736309     1.655645 
2455928.640855 0.000000 0.000000    -2.236892     1.634347 
2455930.306697 0.000000 0.000000    -0.059451     1.693550 
2455931.972540 0.000000 0.000000     2.611731     1.731876 
2455933.638383 0.000000 0.000000     3.458001     1.746349 
2455935.304225 0.000000 0.000000     1.597752     1.836353 
2455936.970068 0.000000 0.000000    -1.142812     1.864340 
2455938.635911 0.000000 0.000000    -1.269277     1.873868 
2455940.301753 0.000000 0.000000     2.165590     1.845639 
2455941.967596 0.000000 0.000000     4.930058     1.846437 
2455943.633438 0.000000 0.000000     2.634744     1.818510 
2455945.299281 0.000000 0.000000    -2.643987     1.728767 
2455946.965124 0.000000 0.000000    -5.383416     1.719699 
2455948.630966 0.000000 0.000000    -4.664556     1.746500 
2455950.296809 0.000000 0.000000    -3.585517     1.712922 
2455951.962652 0.000000 0.000000    -2.742479     1.719591 
2455953.628494 0.000000 0.000000    -0.652803     1.705500 
2455955.294337 0.000000 0.000000     1.562935     1.722847 
2455956.960180 0.000000 0.000000     1.955040     1.739145 
2455958.626022 0.000000 0.000000     1.462994     1.777791 
2455960.291865 0.000000 0.000000     1.148156     1.832027 
2455961.957707 0.000000 0.000000    -0.027652     1.847013 
2455963.623550 0.000000 0.000000    -1.182747     1.880041 
2455965.289393 0.000000 0.000000     0.566885     1.833619 
2455966.955235 0.000000 0.000000     3.599402     1.844414 
2455968.621078 0.000000 0.000000     2.793284     1.758221 
2455970.286921 0.000000 0.000000    -1.486133     1.650550 
2455971.952763 0.000000 0.000000    -3.919390     1.616524 
2455973.618606 0.000000 0.000000    -3.598176     1.631419 
2455975.284449 0.000000 0.000000    -3.586288     1.588669 
2455976.950291 0.000000 0.000000    -3.077631     1.558490 
2455978.616134 0.000000 0.000000     0.162323     1.522862 
2455980.281976 0.000000 0.000000     2.948699     1.531247 
2455981.947819 0.000000 0.000000     1.775346     1.536160 
2455983.613662 0.000000 0.000000    -0.256605     1.640309 
2455985.279504 0.000000 0.000000     0.136801     1.735456 
2455986.945347 0.000000 0.000000     0.245129     1.733303 
2455988.611190 0.000000 0.000000    -1.424746     1.840485 
2455990.277032 0.000000 0.000000    -0.963231     1.759094 
2455991.942875 0.000000 0.000000     2.190731     1.778378 
2455993.608717 0.000000 0.000000     2.706770     1.595412 
2455995.274560 0.000000 0.000000    -0.487789     1.294439 
2455996.940403 0.000000 0.000000    -2.454678     1.232219 
2455998.606245 0.000000 0.000000    -2.131033     1.244827 
2456000.272088 0.000000 0.000000    -2.676543     1.191559 
2456001.937931 0.000000 0.000000    -2.978945     1.153013 
2456003.603773 0.000000 0.000000    -0.151396     1.069610 
2456005.269616 0.000000 0.000000     2.645382     1.074817 
2456006.935459 0.000000 0.000000     1.397291     1.076405 
2456008.601301 0.000000 0.000000    -0.918188     1.326446 
2456010.267144 0.000000 0.000000    -0.627587     1.545190 
2456011.932986 0.000000 0.000000    -0.252726     1.510797 
2456013.598829 0.000000 0.000000    -1.808455     1.737471 
2456015.264672 0.000000 0.000000    -1.976647     1.667876 
2456016.930514 0.000000 0.000000     0.437422     1.666122 
2456018.596357 0.000000 0.000000     1.514642     1.449058 
2456020.262200 0.000000 0.000000     0.081411     0.678251 
2456021.928042 0.000000 0.000000    -0.621463     0.449986 
2456023.593885 0.000000 0.000000    -0.090920     0.430017 
2456025.259728 0.000000 0.000000    -0.670819     0.366672 
2456026.925570 0.000000 0.000000    -1.647038     0.617830 
2456028.591413 0.000000 0.000000    -0.899635     0.442807 
2456030.257255 0.000000 0.000000     0.293353     0.434425 
2456031.923098 0.000000 0.000000     0.047449     0.444386 
2456033.588941 0.000000 0.000000    -0.556082     0.995683 
2456035.254783 0.000000 0.000000    -0.586659     1.304680 
2456036.920626 0.000000 0.000000    -1.120783     1.251251 
2456038.586469 0.000000 0.000000    -2.074279     1.530376 
2456040.252311 0.000000 0.000000    -2.051282     1.553051 
2456041.918154 0.000000 0.000000    -1.348097     1.488512 
2456043.583997 0.000000 0.000000    -0.884104     1.379752 
2456045.249839 0.000000 0.000000     0.040859     1.180150 
2456046.915682 0.000000 0.000000     1.612947     1.055014 
2456048.581524 0.000000 0.000000     2.182304     1.078727 
2456050.247367 0.000000 0.000000     1.186725     1.003930 
2456051.913210 0.000000 0.000000    -0.060104     0.597013 
2456053.579052 0.000000 0.000000    -0.944743     0.311863 
2456055.244895 0.000000 0.000000    -1.490202     0.314177 
2456056.910738 0.000000 0.000000    -1.020041     0.363841 
2456058.576580 0.000000 0.000000     0.054213     0.744047 
2456060.242423 0.000000 0.000000    -0.163419     0.971070 
2456061.908266 0.000000 0.000000    -1.510754     0.998692 
2456063.574108 0.000000 0.000000    -1.791344     1.144861 
2456065.239951 0.000000 0.000000    -1.265559     1.291354 
2456066.905793 0.000000 0.000000    -1.972844     1.168980 
2456068.571636 0.000000 0.000000    -2.652305     1.133856 
2456070.237479 0.000000 0.000000    -0.403659     1.310768 
2456071.903321 0.000000 0.000000     3.152060     1.162114 
2456073.569164 0.000000 0.000000     3.654277     1.230907 
2456075.235007 0.000000 0.000000     1.115604     1.222336 
2456076.900849 0.000000 0.000000    -0.587157     0.980964 
2456078.566692 0.000000 0.000000    -0.152261     0.424613 
2456080.232534 0.000000 0.000000     0.462559     0.667948 
2456081.898377 0.000000 0.000000     0.372219     0.327574 
2456083.564220 0.000000 0.000000     0.222647     0.773593 
2456085.230062 0.000000 0.000000    -0.166725     0.549208 
2456086.895905 0.000000 0.000000    -0.974951     0.637161 
2456088.561748 0.000000 0.000000    -1.070534     0.436120 
2456090.227590 0.000000 0.000000    -0.337959     0.823477 
2456091.893433 0.000000 0.000000    -0.597611     0.827909 
2456093.559276 0.000000 0.000000    -1.710223     0.681844 
2456095.225118 0.000000 0.000000    -0.613714     1.102672 
2456096.890961 0.000000 0.000000     2.804129     0.962572 
2456098.556803 0.000000 0.000000     3.704493     1.159560 
2456100.222646 0.000000 0.000000     0.098929     1.178384 
2456101.888489 0.000000 0.000000    -2.737526     1.155905 
2456103.554331 0.000000 0.000000    -0.547124     0.909563 
2456105.220174 0.000000 0.000000     2.939237     0.994007 
2456106.886017 0.000000 0.000000     2.814446     0.940249 
2456108.551859 0.000000 0.000000     0.689438     1.115689 
2456110.217702 0.000000 0.000000    -0.077158     1.108811 
2456111.883545 0.000000 0.000000    -0.285801     1.007025 
2456113.549387 0.000000 0.000000    -0.837461     1.118740 
2456115.215230 0.000000 0.000000     0.080421     0.698447 
2456116.881072 0.000000 0.000000     1.789255     0.725342 
2456118.546915 0.000000 0.000000     1.089551     0.460219 
2456120.212758 0.000000 0.000000    -0.629969     0.752545 
2456121.878600 0.000000 0.000000     0.471791     0.555599 
2456123.544443 0.000000 0.000000     1.904505     0.944595 
2456125.210286 0.000000 0.000000    -0.920194     0.900509 
2456126.876128 0.000000 0.000000    -4.250285     1.101019 
2456128.541971 0.000000 0.000000    -1.832783     1.027588 
2456130.207814 0.000000 0.000000     3.107715     0.994563 
2456131.873656 0.000000 0.000000     3.745082     1.142369 
2456133.539499 0.000000 0.000000     1.409361     1.188647 
2456135.205341 0.000000 0.000000     0.597086     1.266794 
2456136.871184 0.000000 0.000000     0.287733     1.192787 
2456138.537027 0.000000 0.000000    -0.758189     1.287470 
2456140.202869 0.000000 0.000000     0.243968     0.966955 
2456141.868712 0.000000 0.000000     2.705306     0.751537 
2456143.534555 0.000000 0.000000     1.950850     0.718194 
2456145.200397 0.000000 0.000000    -1.139568     0.729698 
2456146.866240 0.000000 0.000000    -1.520511     0.695209 
2456148.532083 0.000000 0.000000    -0.338986     0.708018 
2456150.197925 0.000000 0.000000    -1.794187     0.482442 
2456151.863768 0.000000 0.000000    -3.470958     0.914047 
2456153.529610 0.000000 0.000000    -1.358676     0.814981 
2456155.195453 0.000000 0.000000     1.653198     0.533964 
2456156.861296 0.000000 0.000000     1.849095     0.916263 
2456158.527138 0.000000 0.000000     1.198929     0.977687 
2456160.192981 0.000000 0.000000     1.331199     1.071175 
2456161.858824 0.000000 0.000000     0.459585     0.948020 
2456163.524666 0.000000 0.000000    -0.673794     1.058847 
2456165.190509 0.000000 0.000000     0.322263     0.800401 
2456166.856351 0.000000 0.000000     1.357097     0.391067 
2456168.522194 0.000000 0.000000    -0.141151     0.365467 
2456170.188037 0.000000 0.000000    -1.450367     0.454182 
2456171.853879 0.000000 0.000000    -0.540146     0.377575 
2456173.519722 0.000000 0.000000    -0.348966     0.448934 
2456175.185565 0.000000 0.000000    -1.571075     0.635315 
2456176.851407 0.000000 0.000000    -0.866718     0.744397 
2456178.517250 0.000000 0.000000     1.087493     0.760876 
2456180.183093 0.000000 0.000000     0.545603     0.738036 
2456181.848935 0.000000 0.000000    -0.962093     0.351719 
2456183.514778 0.000000 0.000000     0.045902     0.786566 
2456185.180620 0.000000 0.000000     1.322597     0.753886 
2456186.846463 0.000000 0.000000     0.146789     0.340944 
2456188.512306 0.000000 0.000000    -0.690807     0.642379 
2456190.178148 0.000000 0.000000     0.336974     0.421309 
2456191.843991 0.000000 0.000000     0.008198     0.544693 
2456193.509834 0.000000 0.000000    -1.654732     0.648817 
2456195.175676 0.000000 0.000000    -0.683019     0.408237 
2456196.841519 0.000000 0.000000     1.942964     0.532032 
2456198.507362 0.000000 0.000000     1.913961     0.435047 
2456200.173204 0.000000 0.000000     0.546703     0.599831 
2456201.839047 0.000000 0.000000     1.409522     0.683593 
2456203.504889 0.000000 0.000000     2.390878     0.545264 
2456205.170732 0.000000 0.000000     0.597137     0.299196 
2456206.836575 0.000000 0.000000    -1.196410     0.417868 
2456208.502417 0.000000 0.000000    -0.390440     0.396923 
2456210.168260 0.000000 0.000000     0.552197     0.383638 
2456211.834103 0.000000 0.000000    -0.138607     0.393579 
2456213.499945 0.000000 0.000000    -0.446687     0.447223 
2456215.165788 0.000000 0.000000     0.533331     0.616637 
2456216.831631 0.000000 0.000000     1.253025     0.439902 
2456218.497473 0.000000 0.000000     1.268280     0.323847 
2456220.163316 0.000000 0.000000     1.254310     0.328576 
2456221.829158 0.000000 0.000000     1.212355     0.614132 
2456223.495001 0.000000 0.000000     1.396252     0.900688 
2456225.160844 0.000000 0.000000     2.232971     0.924155 
2456226.826686 0.000000 0.000000     2.699453     1.034354 
2456228.492529 0.000000 0.000000     1.835385     1.158199 
2456230.158372 0.000000 0.000000     0.685223     1.164475 
2456231.824214 0.000000 0.000000     0.238352     1.097875 
2456233.490057 0.000000 0.000000    -0.028475     1.153006 
2456235.155900 0.000000 0.000000    -0.268431     1.153088 
2456236.821742 0.000000 0.000000    -0.122635     1.104198 
2456238.487585 0.000000 0.000000     0.001281     1.134761 
2456240.153427 0.000000 0.000000     0.515908     1.152091 
2456241.819270 0.000000 0.000000     2.678498     1.102081 
2456243.485113 0.000000 0.000000     4.628928     1.128004 
2456245.150955 0.000000 0.000000     2.834360     1.069262 
2456246.816798 0.000000 0.000000    -0.809261     1.144564 
2456248.482641 0.000000 0.000000    -0.824313     1.352790 
2456250.148483 0.000000 0.000000     2.239746     1.383998 
2456251.814326 0.000000 0.000000     2.922611     1.466142 
2456253.480168 0.000000 0.000000     0.867476     1.585157 
2456255.146011 0.000000 0.000000     0.188023     1.607246 
2456256.811854 0.000000 0.000000     0.960810     1.564395 
2456258.477696 0.000000 0.000000     0.541511     1.592481 
2456260.143539 0.000000 0.000000    -0.225887     1.599979 
2456261.809382 0.000000 0.000000     0.167913     1.568483 
2456263.475224 0.000000 0.000000     0.255890     1.582550 
2456265.141067 0.000000 0.000000     0.232568     1.582000 
2456266.806910 0.000000 0.000000     2.663459     1.556506 
2456268.472752 0.000000 0.000000     5.375357     1.581658 
2456270.138595 0.000000 0.000000     3.246742     1.546563 
2456271.804437 0.000000 0.000000    -1.602698     1.566321 
2456273.470280 0.000000 0.000000    -2.196099     1.661375 
2456275.136123 0.000000 0.000000     1.188756     1.685749 
2456276.801965 0.000000 0.000000     2.313507     1.725898 
2456278.467808 0.000000 0.000000     0.315217     1.794263 
2456280.133651 0.000000 0.000000    -0.653164     1.810394 
2456281.799493 0.000000 0.000000     0.162912     1.792245 
2456283.465336 0.000000 0.000000     0.748874     1.798963 
2456285.131179 0.000000 0.000000     1.068318     1.805358 
2456286.797021 0.000000 0.000000     1.205077     1.791559 
2456288.462864 0.000000 0.000000     0.212458     1.797153 
2456290.128706 0.000000 0.000000    -0.273408     1.796081 
2456291.794549 0.000000 0.000000     2.021982     1.781522 
2456293.460392 0.000000 0.000000     4.268317     1.797224 
2456295.126234 0.000000 0.000000     2.332237     1.783031 
2456296.792077 0.000000 0.000000    -1.486293     1.786780 
2456298.457920 0.000000 0.000000    -2.105868     1.822080 
2456300.123762 0.000000 0.000000     0.106998     1.834161 
2456301.789605 0.000000 0.000000     1.278939     1.847941 
2456303.455448 0.000000 0.000000     0.261837     1.873490 
2456305.121290 0.000000 0.000000    -1.490321     1.877205 
2456306.787133 0.000000 0.000000    -2.070687     1.870877 
2456308.452975 0.000000 0.000000     0.147457     1.859614 
2456310.118818 0.000000 0.000000     3.595525     1.858096 
2456311.784661 0.000000 0.000000     3.645599     1.856724 
2456313.450503 0.000000 0.000000     0.095824     1.862379 
2456315.116346 0.000000 0.000000    -1.187506     1.860271 
2456316.782189 0.000000 0.000000     1.633049     1.847739 
2456318.448031 0.000000 0.000000     3.057614     1.867006 
2456320.113874 0.000000 0.000000     0.623598     1.863593 
2456321.779717 0.000000 0.000000    -1.458353     1.869786 
2456323.445559 0.000000 0.000000    -1.109764     1.883788 
2456325.111402 0.000000 0.000000    -0.461654     1.886974 
2456326.777244 0.000000 0.000000     0.137477     1.887130 
2456328.443087 0.000000 0.000000     0.516092     1.886372 
2456330.108930 0.000000 0.000000    -2.012445     1.870533 
2456331.774772 0.000000 0.000000    -5.177977     1.862072 
2456333.440615 0.000000 0.000000    -1.545366     1.815805 
2456335.106458 0.000000 0.000000     6.711749     1.792366 
2456336.772300 0.000000 0.000000     7.636748     1.804931 
2456338.438143 0.000000 0.000000     0.355159     1.819206 
2456340.103986 0.000000 0.000000    -2.632747     1.818529 
2456341.769828 0.000000 0.000000     1.615294     1.785308 
2456343.435671 0.000000 0.000000     2.877767     1.841990 
2456345.101513 0.000000 0.000000    -0.991730     1.845353 
2456346.767356 0.000000 0.000000    -2.032337     1.868609 
2456348.433199 0.000000 0.000000    -0.014787     1.893161 
2456350.099041 0.000000 0.000000    -0.425126     1.891420 
2456351.764884 0.000000 0.000000    -0.898317     1.878640 
2456353.430727 0.000000 0.000000     0.796268     1.856975 
2456355.096569 0.000000 0.000000    -1.868995     1.805999 
2456356.762412 0.000000 0.000000    -7.898446     1.772726 
2456358.428254 0.000000 0.000000    -4.072129     1.657980 
2456360.094097 0.000000 0.000000     8.873803     1.569672 
2456361.759940 0.000000 0.000000    11.868953     1.615210 
2456363.425782 0.000000 0.000000     1.261423     1.645071 
2456365.091625 0.000000 0.000000    -4.188192     1.662637 
2456366.757468 0.000000 0.000000     1.534516     1.559248 
2456368.423310 0.000000 0.000000     3.709501     1.716487 
2456370.089153 0.000000 0.000000    -1.598385     1.738027 
2456371.754996 0.000000 0.000000    -2.858370     1.789704 
2456373.420838 0.000000 0.000000     0.570220     1.863853 
2456375.086681 0.000000 0.000000     0.046471     1.857798 
2456376.752523 0.000000 0.000000    -1.510286     1.826839 
2456378.418366 0.000000 0.000000     0.836740     1.768582 
2456380.084209 0.000000 0.000000    -0.903450     1.671610 
2456381.750051 0.000000 0.000000    -8.283266     1.565438 
2456383.415894 0.000000 0.000000    -5.974579     1.360997 
2456385.081737 0.000000 0.000000     8.152772     1.108179 
2456386.747579 0.000000 0.000000    13.117437     1.248549 
2456388.413422 0.000000 0.000000     2.222165     1.294634 
2456390.079265 0.000000 0.000000    -4.692170     1.366756 
2456391.745107 0.000000 0.000000     1.059196     1.093048 
2456393.410950 0.000000 0.000000     4.413372     1.467015 
2456395.076792 0.000000 0.000000    -0.679901     1.542785 
2456396.742635 0.000000 0.000000    -2.775382     1.608212 
2456398.408478 0.000000 0.000000     0.448795     1.769927 
2456400.074320 0.000000 0.000000     0.495378     1.755838 
2456401.740163 0.000000 0.000000    -1.223892     1.715654 
2456403.406006 0.000000 0.000000     0.680698     1.579382 
2456405.071848 0.000000 0.000000     0.416729     1.439316 
2456406.737691 0.000000 0.000000    -5.047237     1.196949 
2456408.403534 0.000000 0.000000    -4.951118     0.941957 
2456410.069376 0.000000 0.000000     4.031476     0.464623 
2456411.735219 0.000000 0.000000     8.157269     0.824153 
2456413.401061 0.000000 0.000000     1.725053     0.852238 
2456415.066904 0.000000 0.000000    -2.950175     0.977309 
2456416.732747 0.000000 0.000000     0.549075     0.442280 
2456418.398589 0.000000 0.000000     3.505432     1.152192 
2456420.064432 0.000000 0.000000     1.235307     1.318466 
2456421.730275 0.000000 0.000000    -0.675712     1.336827 
2456423.396117 0.000000 0.000000     0.032952     1.558379 
2456425.061960 0.000000 0.000000     0.229202     1.530874 
2456426.727803 0.000000 0.000000     0.034055     1.516280 
2456428.393645 0.000000 0.000000     0.965405     1.268598 
2456430.059488 0.000000 0.000000     1.106143     1.019108 
2456431.725330 0.000000 0.000000    -0.399442     0.686799 
2456433.391173 0.000000 0.000000    -1.141016     0.354456 
2456435.057016 0.000000 0.000000    -0.582739     0.356564 
2456436.722858 0.000000 0.000000    -0.314306     0.451331 
2456438.388701 0.000000 0.000000    -0.138246     0.314618 
2456440.054544 0.000000 0.000000     0.449301     0.534412 
2456441.720386 0.000000 0.000000     0.632278     0.450479 
2456443.386229 0.000000 0.000000     1.030258     0.849323 
2456445.052071 0.000000 0.000000     2.435739     1.047672 
2456446.717914 0.000000 0.000000     2.430291     1.052009 
2456448.383757 0.000000 0.000000    -0.058766     1.157864 
2456450.049599 0.000000 0.000000    -1.036191     1.142423 
2456451.715442 0.000000 0.000000     1.147489     1.186677 
2456453.381285 0.000000 0.000000     2.181764     0.926712 
2456455.047127 0.000000 0.000000     0.799399     0.367071 
2456456.712970 0.000000 0.000000     0.871810     0.736771 
2456458.378813 0.000000 0.000000     1.663777     0.856127 
2456460.044655 0.000000 0.000000    -0.955871     0.955421 
2456461.710498 0.000000 0.000000    -3.678215     0.984369 
2456463.376340 0.000000 0.000000    -0.879123     1.038433 
2456465.042183 0.000000 0.000000     2.935531     1.147005 
2456466.708026 0.000000 0.000000     1.271353     0.921666 
2456468.373868 0.000000 0.000000    -1.070925     0.580015 
2456470.039711 0.000000 0.000000     1.686107     0.808983 
2456471.705554 0.000000 0.000000     3.682564     0.889162 
2456473.371396 0.000000 0.000000    -0.060657     0.607655 
2456475.037239 0.000000 0.000000    -2.477382     0.750038 
2456476.703082 0.000000 0.000000     1.048159     0.773775 
2456478.368924 0.000000 0.000000     3.260011     0.824939 
2456480.034767 0.000000 0.000000     0.488187     0.574731 
2456481.700609 0.000000 0.000000    -0.483851     0.457508 
2456483.366452 0.000000 0.000000     2.056018     1.002631 
2456485.032295 0.000000 0.000000     1.547063     1.262097 
2456486.698137 0.000000 0.000000    -1.391801     1.267754 
2456488.363980 0.000000 0.000000     0.082878     1.421182 
2456490.029823 0.000000 0.000000     3.490779     1.541696 
2456491.695665 0.000000 0.000000     1.699209     1.370360 
2456493.361508 0.000000 0.000000    -1.683326     1.006529 
2456495.027351 0.000000 0.000000     0.136197     1.168527 
2456496.693193 0.000000 0.000000     2.650295     0.979925 
2456498.359036 0.000000 0.000000    -0.109055     0.812706 
2456500.024878 0.000000 0.000000    -2.655677     0.808514 
2456501.690721 0.000000 0.000000     0.325560     0.388471 
2456503.356564 0.000000 0.000000     2.909592     0.934203 
2456505.022406 0.000000 0.000000     0.510530     0.940040 
2456506.688249 0.000000 0.000000    -1.176173     1.033253 
2456508.354092 0.000000 0.000000     1.290989     1.259926 
2456510.019934 0.000000 0.000000     2.789120     1.460161 
2456511.685777 0.000000 0.000000     1.374255     1.471425 
2456513.351620 0.000000 0.000000     1.384968     1.601553 
2456515.017462 0.000000 0.000000     2.694114     1.680132 
2456516.683305 0.000000 0.000000     1.077615     1.613507 
2456518.349147 0.000000 0.000000    -1.651714     1.312270 
2456520.014990 0.000000 0.000000    -0.840798     1.295861 
2456521.680833 0.000000 0.000000     1.302136     1.052312 
2456523.346675 0.000000 0.000000     0.472233     0.469464 
2456525.012518 0.000000 0.000000    -1.047262     0.362918 
2456526.678361 0.000000 0.000000     0.112658     0.653428 
2456528.344203 0.000000 0.000000     1.399007     1.105224 
2456530.010046 0.000000 0.000000     0.270453     1.152143 
2456531.675888 0.000000 0.000000    -0.593084     1.305603 
2456533.341731 0.000000 0.000000     0.754287     1.454352 
2456535.007574 0.000000 0.000000     1.999529     1.512810 
2456536.673416 0.000000 0.000000     1.865367     1.525814 
2456538.339259 0.000000 0.000000     1.729539     1.589569 
2456540.005102 0.000000 0.000000     1.339091     1.593159 
2456541.670944 0.000000 0.000000    -0.483946     1.594684 
2456543.336787 0.000000 0.000000    -1.962489     1.343829 
2456545.002630 0.000000 0.000000    -0.878898     1.077697 
2456546.668472 0.000000 0.000000     1.279324     1.143283 
2456548.334315 0.000000 0.000000     1.988000     1.035988 
2456550.000157 0.000000 0.000000     1.416920     1.122434 
2456551.666000 0.000000 0.000000     0.708629     1.147854 
2456553.331843 0.000000 0.000000     0.060089     1.368620 
2456554.997685 0.000000 0.000000    -0.122605     1.315296 
2456556.663528 0.000000 0.000000     0.489594     1.428108 
2456558.329371 0.000000 0.000000     0.896299     1.410569 
2456559.995213 0.000000 0.000000     0.554191     1.258169 
2456561.661056 0.000000 0.000000     0.547962     1.262939 
2456563.326899 0.000000 0.000000     0.866960     1.319289 
2456564.992741 0.000000 0.000000    -0.151003     1.265245 
2456566.658584 0.000000 0.000000    -2.071446     1.300641 
2456568.324426 0.000000 0.000000    -2.182467     1.158624 
2456569.990269 0.000000 0.000000     0.038717     0.747090 
2456571.656112 0.000000 0.000000     2.384378     1.341190 
2456573.321954 0.000000 0.000000     3.512005     1.323888 
2456574.987797 0.000000 0.000000     3.318472     1.488887 
2456576.653640 0.000000 0.000000     1.573552     1.562313 
2456578.319482 0.000000 0.000000    -0.491325     1.636915 
2456579.985325 0.000000 0.000000    -0.401450     1.532097 
2456581.651168 0.000000 0.000000     1.282197     1.569213 
2456583.317010 0.000000 0.000000     1.301026     1.347729 
2456584.982853 0.000000 0.000000    -0.431374     0.578571 
2456586.648695 0.000000 0.000000    -0.963128     0.355434 
2456588.314538 0.000000 0.000000    -0.428834     0.833822 
2456589.980381 0.000000 0.000000    -1.403381     0.692797 
2456591.646223 0.000000 0.000000    -2.867099     0.955509 
2456593.312066 0.000000 0.000000    -1.683177     1.188583 
2456594.977909 0.000000 0.000000     1.402535     1.206453 
2456596.643751 0.000000 0.000000     3.387932     1.583905 
2456598.309594 0.000000 0.000000     3.950651     1.568242 
2456599.975437 0.000000 0.000000     3.751989     1.678928 
2456601.641279 0.000000 0.000000     1.980750     1.776243 
2456603.307122 0.000000 0.000000    -0.440999     1.804715 
2456604.972964 0.000000 0.000000    -0.491349     1.724489 
2456606.638807 0.000000 0.000000     1.390683     1.730194 
2456608.304650 0.000000 0.000000     1.429260     1.571967 
2456609.970492 0.000000 0.000000    -0.632085     1.325591 
2456611.636335 0.000000 0.000000    -1.542015     1.313824 
2456613.302178 0.000000 0.000000    -1.164856     1.345000 
2456614.968020 0.000000 0.000000    -1.896936     1.310019 
2456616.633863 0.000000 0.000000    -2.736043     1.389570 
2456618.299705 0.000000 0.000000    -1.001752     1.526182 
2456619.965548 0.000000 0.000000     2.037307     1.528507 
2456621.631391 0.000000 0.000000     3.399110     1.744702 
2456623.297233 0.000000 0.000000     3.302110     1.762884 
2456624.963076 0.000000 0.000000     2.990431     1.800800 
2456626.628919 0.000000 0.000000     1.741202     1.863947 
2456628.294761 0.000000 0.000000    -0.178369     1.879084 
2456629.960604 0.000000 0.000000    -0.405949     1.840532 
2456631.626447 0.000000 0.000000     1.016212     1.839443 
2456633.292289 0.000000 0.000000     1.190272     1.779680 
2456634.958132 0.000000 0.000000    -0.331221     1.700345 
2456636.623974 0.000000 0.000000    -1.191065     1.696569 
2456638.289817 0.000000 0.000000    -1.142232     1.702139 
2456639.955660 0.000000 0.000000    -1.760258     1.684541 
2456641.621502 0.000000 0.000000    -2.204442     1.706121 
2456643.287345 0.000000 0.000000    -0.623141     1.760771 
2456644.953188 0.000000 0.000000     1.765008     1.742117 
2456646.619030 0.000000 0.000000     2.603047     1.833860 
2456648.284873 0.000000 0.000000     2.211707     1.861790 
2456649.950716 0.000000 0.000000     1.861698     1.869762 
2456651.616558 0.000000 0.000000     1.166549     1.893972 
2456653.282401 0.000000 0.000000     0.009935     1.901327 
2456654.948243 0.000000 0.000000    -0.244243     1.888961 
2456656.614086 0.000000 0.000000     0.554570     1.887676 
2456658.279929 0.000000 0.000000     0.783159     1.872098 
2456659.945771 0.000000 0.000000     0.082277     1.847931 
2456661.611614 0.000000 0.000000    -0.403129     1.843992 
2456663.277457 0.000000 0.000000    -0.694461     1.846228 
2456664.943299 0.000000 0.000000    -1.485249     1.829417 
2456666.609142 0.000000 0.000000    -1.826531     1.831809 
2456668.274985 0.000000 0.000000    -0.574198     1.856225 
2456669.940827 0.000000 0.000000     1.130942     1.845872 
2456671.606670 0.000000 0.000000     1.616044     1.878367 
2456673.272512 0.000000 0.000000     1.226298     1.895913 
2456674.938355 0.000000 0.000000     0.958499     1.897248 
2456676.604198 0.000000 0.000000     0.624336     1.902601 
2456678.270040 0.000000 0.000000     0.036365     1.904943 
2456679.935883 0.000000 0.000000    -0.141595     1.901941 
2456681.601726 0.000000 0.000000     0.208515     1.900270 
2456683.267568 0.000000 0.000000     0.419373     1.897399 
2456684.933411 0.000000 0.000000     0.412821     1.886149 
2456686.599254 0.000000 0.000000     0.400768     1.873256 
2456688.265096 0.000000 0.000000    -0.158112     1.878004 
2456689.930939 0.000000 0.000000    -1.359246     1.833172 
2456691.596781 0.000000 0.000000    -1.819230     1.820155 
2456693.262624 0.000000 0.000000    -0.723614     1.854823 
2456694.928467 0.000000 0.000000     0.628491     1.854579 
2456696.594309 0.000000 0.000000     0.912802     1.889240 
2456698.260152 0.000000 0.000000     0.599592     1.903187 
2456699.925995 0.000000 0.000000     0.464251     1.903107 
2456701.591837 0.000000 0.000000     0.280897     1.901734 
2456703.257680 0.000000 0.000000    -0.091082     1.902005 
2456704.923522 0.000000 0.000000    -0.205183     1.897991 
2456706.589365 0.000000 0.000000    -0.021512     1.888098 
2456708.255208 0.000000 0.000000     0.195504     1.890105 
2456709.921050 0.000000 0.000000     0.600250     1.872662 
2456711.586893 0.000000 0.000000     0.949139     1.839438 
2456713.252736 0.000000 0.000000     0.244857     1.844446 
2456714.918578 0.000000 0.000000    -1.344536     1.723664 
2456716.584421 0.000000 0.000000    -1.946945     1.659989 
2456718.250264 0.000000 0.000000    -0.786246     1.775088 
2456719.916106 0.000000 0.000000     0.528445     1.772627 
2456721.581949 0.000000 0.000000     0.694814     1.865558 
2456723.247791 0.000000 0.000000     0.387144     1.901442 
2456724.913634 0.000000 0.000000     0.322686     1.899598 
2456726.579477 0.000000 0.000000     0.096473     1.890206 
2456728.245319 0.000000 0.000000    -0.378986     1.885720 
2456729.911162 0.000000 0.000000    -0.495000     1.871520 
2456731.577005 0.000000 0.000000    -0.212791     1.824312 
2456733.242847 0.000000 0.000000     0.120618     1.842253 
2456734.908690 0.000000 0.000000     0.636116     1.807228 
2456736.574533 0.000000 0.000000     1.048740     1.765890 
2456738.240375 0.000000 0.000000     0.327662     1.744299 
2456739.906218 0.000000 0.000000    -1.235854     1.492934 
2456741.572060 0.000000 0.000000    -1.652795     1.286211 
2456743.237903 0.000000 0.000000    -0.312592     1.635142 
2456744.903746 0.000000 0.000000     0.949554     1.615319 
2456746.569588 0.000000 0.000000     0.939376     1.806760 
2456748.235431 0.000000 0.000000     0.564061     1.894093 
2456749.901274 0.000000 0.000000     0.447324     1.886657 
2456751.567116 0.000000 0.000000    -0.044411     1.863871 
2456753.232959 0.000000 0.000000    -0.858645     1.832896 
2456754.898802 0.000000 0.000000    -1.007264     1.794799 
2456756.564644 0.000000 0.000000    -0.408633     1.640390 
2456758.230487 0.000000 0.000000     0.193218     1.711996 
2456759.896329 0.000000 0.000000     0.593011     1.644228 
2456761.562172 0.000000 0.000000     0.680139     1.661456 
2456763.228015 0.000000 0.000000    -0.017269     1.578706 
2456764.893857 0.000000 0.000000    -0.929036     1.115107 
2456766.559700 0.000000 0.000000    -0.549229     0.923751 
2456768.225543 0.000000 0.000000     0.988252     1.521487 
2456769.891385 0.000000 0.000000     1.823653     1.526093 
2456771.557228 0.000000 0.000000     1.436956     1.757030 
2456773.223071 0.000000 0.000000     1.044313     1.882572 
2456774.888913 0.000000 0.000000     0.826766     1.855714 
2456776.554756 0.000000 0.000000    -0.169755     1.830092 
2456778.220598 0.000000 0.000000    -1.491261     1.721020 
2456779.886441 0.000000 0.000000    -1.619890     1.617494 
2456781.552284 0.000000 0.000000    -0.547100     1.245364 
2456783.218126 0.000000 0.000000     0.430567     1.472208 
2456784.883969 0.000000 0.000000     0.700431     1.376371 
2456786.549812 0.000000 0.000000     0.344955     1.498197 
2456788.215654 0.000000 0.000000    -0.412768     1.453597 
2456789.881497 0.000000 0.000000    -0.598559     0.394849 
2456791.547339 0.000000 0.000000     0.699499     1.248752 
2456793.213182 0.000000 0.000000     2.370455     1.493555 
2456794.879025 0.000000 0.000000     2.573750     1.589204 
2456796.544867 0.000000 0.000000     1.787652     1.768728 
2456798.210710 0.000000 0.000000     1.624969     1.870450 
2456799.876553 0.000000 0.000000     1.489669     1.801783 
2456801.542395 0.000000 0.000000    -0.095753     1.803021 
2456803.208238 0.000000 0.000000    -2.013352     1.590607 
2456804.874081 0.000000 0.000000    -2.037270     1.245651 
2456806.539923 0.000000 0.000000    -0.490175     0.723159 
2456808.205766 0.000000 0.000000     0.733362     1.259217 
2456809.871608 0.000000 0.000000     1.066078     1.309261 
2456811.537451 0.000000 0.000000     0.763089     1.333331 
2456813.203294 0.000000 0.000000    -0.127080     1.522683 
2456814.869136 0.000000 0.000000    -0.593623     1.168226 
2456816.534979 0.000000 0.000000     0.600272     1.384495 
2456818.200822 0.000000 0.000000     2.257639     1.524313 
2456819.866664 0.000000 0.000000     2.302501     1.618661 
2456821.532507 0.000000 0.000000     1.603350     1.766719 
2456823.198350 0.000000 0.000000     2.079799     1.848438 
2456824.864192 0.000000 0.000000     2.420463     1.742032 
2456826.530035 0.000000 0.000000     0.527609     1.773066 
2456828.195877 0.000000 0.000000    -1.839455     1.574907 
2456829.861720 0.000000 0.000000    -1.832265     0.413775 
2456831.527563 0.000000 0.000000    -0.307219     0.962359 
2456833.193405 0.000000 0.000000     0.565483     1.146311 
2456834.859248 0.000000 0.000000     1.039450     1.455840 
2456836.525091 0.000000 0.000000     1.496940     1.243211 
2456838.190933 0.000000 0.000000     0.723354     1.575223 
2456839.856776 0.000000 0.000000    -0.794021     1.484428 
2456841.522619 0.000000 0.000000    -0.716205     1.186303 
2456843.188461 0.000000 0.000000     0.619538     1.452764 
2456844.854304 0.000000 0.000000     0.903982     1.502021 
2456846.520146 0.000000 0.000000     0.822024     1.634703 
2456848.185989 0.000000 0.000000     2.303768     1.774649 
2456849.851832 0.000000 0.000000     3.490448     1.681145 
2456851.517674 0.000000 0.000000     1.810637     1.723934 
2456853.183517 0.000000 0.000000    -0.665094     1.680559 
2456854.849360 0.000000 0.000000    -0.940574     1.259647 
2456856.515202 0.000000 0.000000    -0.253613     1.181094 
2456858.181045 0.000000 0.000000    -0.353073     0.797599 
2456859.846888 0.000000 0.000000     0.196370     1.496865 
2456861.512730 0.000000 0.000000     1.706169     1.190268 
2456863.178573 0.000000 0.000000     1.448569     1.539777 
2456864.844415 0.000000 0.000000    -0.817953     1.625101 
2456866.510258 0.000000 0.000000    -1.908463     0.721545 
2456868.176101 0.000000 0.000000    -1.235215     1.203338 
2456869.841943 0.000000 0.000000    -0.925550     1.278160 
2456871.507786 0.000000 0.000000    -0.358807     1.258513 
2456873.173629 0.000000 0.000000     2.184610     1.592918 
2456874.839471 0.000000 0.000000     4.328041     1.579558 
2456876.505314 0.000000 0.000000     3.135151     1.643614 
2456878.171156 0.000000 0.000000     0.700569     1.772075 
2456879.836999 0.000000 0.000000     0.017491     1.646887 
2456881.502842 0.000000 0.000000    -0.143290     1.523415 
2456883.168684 0.000000 0.000000    -1.055719     1.230756 
2456884.834527 0.000000 0.000000    -0.676562     1.591667 
2456886.500370 0.000000 0.000000     1.299076     1.464236 
2456888.166212 0.000000 0.000000     1.589100     1.615772 
2456889.832055 0.000000 0.000000    -0.553806     1.751415 
2456891.497898 0.000000 0.000000    -2.089946     1.360011 
2456893.163740 0.000000 0.000000    -2.126462     1.312128 
2456894.829583 0.000000 0.000000    -2.208163     1.380658 
2456896.495425 0.000000 0.000000    -1.433194     0.653444 
2456898.161268 0.000000 0.000000     1.669942     1.382736 
2456899.827111 0.000000 0.000000     4.424548     1.525712 
2456901.492953 0.000000 0.000000     3.753603     1.596729 
2456903.158796 0.000000 0.000000     1.514248     1.822773 
2456904.824639 0.000000 0.000000     0.583163     1.817362 
2456906.490481 0.000000 0.000000     0.058874     1.763517 
2456908.156324 0.000000 0.000000    -1.087841     1.641929 
2456909.822167 0.000000 0.000000    -1.008163     1.749017 
2456911.488009 0.000000 0.000000     0.687950     1.727959 
2456913.153852 0.000000 0.000000     1.238717     1.764936 
2456914.819694 0.000000 0.000000    -0.232323     1.845237 
2456916.485537 0.000000 0.000000    -1.527544     1.711470 
2456918.151380 0.000000 0.000000    -1.929560     1.634868 
2456919.817222 0.000000 0.000000    -2.368259     1.660730 
2456921.483065 0.000000 0.000000    -1.807272     1.362159 
2456923.148908 0.000000 0.000000     0.953651     1.503560 
2456924.814750 0.000000 0.000000     3.576616     1.655339 
2456926.480593 0.000000 0.000000     3.356116     1.687012 
2456928.146436 0.000000 0.000000     1.598770     1.855941 
2456929.812278 0.000000 0.000000     0.686434     1.880701 
2456931.478121 0.000000 0.000000     0.175125     1.867767 
2456933.143963 0.000000 0.000000    -0.745282     1.827555 
2456934.809806 0.000000 0.000000    -0.857852     1.852167 
2456936.475649 0.000000 0.000000     0.229808     1.854134 
2456938.141491 0.000000 0.000000     0.736346     1.859913 
2456939.807334 0.000000 0.000000    -0.042764     1.888841 
2456941.473177 0.000000 0.000000    -0.834319     1.853137 
2456943.139019 0.000000 0.000000    -1.227655     1.815092 
2456944.804862 0.000000 0.000000    -1.731781     1.824044 
2456946.470705 0.000000 0.000000    -1.499925     1.715672 
2456948.136547 0.000000 0.000000     0.359455     1.730055 
2456949.802390 0.000000 0.000000     2.286348     1.801819 
2456951.468232 0.000000 0.000000     2.340035     1.809027 
2456953.134075 0.000000 0.000000     1.210575     1.881827 
2456954.799918 0.000000 0.000000     0.515708     1.899890 
2456956.465760 0.000000 0.000000     0.164887     1.898852 
2456958.131603 0.000000 0.000000    -0.379718     1.889966 
2456959.797446 0.000000 0.000000    -0.521195     1.893559 
2456961.463288 0.000000 0.000000     0.019042     1.895705 
2456963.129131 0.000000 0.000000     0.335475     1.896042 
2456964.794973 0.000000 0.000000     0.013040     1.902588 
2456966.460816 0.000000 0.000000    -0.345439     1.895926 
2456968.126659 0.000000 0.000000    -0.577814     1.883819 
2456969.792501 0.000000 0.000000    -0.948011     1.886433 
2456971.458344 0.000000 0.000000    -0.925254     1.855259 
2456973.124187 0.000000 0.000000     0.056223     1.852163 
2456974.790029 0.000000 0.000000     1.175427     1.875792 
2456976.455872 0.000000 0.000000     1.302538     1.876898 
2456978.121715 0.000000 0.000000     0.708182     1.897590 
2456979.787557 0.000000 0.000000     0.286230     1.904643 
2456981.453400 0.000000 0.000000     0.097683     1.904961 
2456983.119242 0.000000 0.000000    -0.142877     1.903921 
2456984.785085 0.000000 0.000000    -0.227407     1.904151 
2456986.450928 0.000000 0.000000    -0.022367     1.904660 
2456988.116770 0.000000 0.000000     0.113491     1.904601 
2456989.782613 0.000000 0.000000     0.012785     1.905431 
2456991.448456 0.000000 0.000000    -0.100760     1.904599 
2456993.114298 0.000000 0.000000    -0.216054     1.902182 
2456994.780141 0.000000 0.000000    -0.438225     1.902710 
2456996.445984 0.000000 0.000000    -0.455449     1.896535 
2456998.111826 0.000000 0.000000     0.011982     1.894756 
2456999.777669 0.000000 0.000000     0.548659     1.899949 
2457001.443511 0.000000 0.000000     0.610693     1.900135 
2457003.109354 0.000000 0.000000     0.329202     1.903954 
2457004.775197 0.000000 0.000000     0.124546     1.905599 
2457006.441039 0.000000 0.000000     0.041436     1.905705 
2457008.106882 0.000000 0.000000    -0.038388     1.905669 
2457009.772725 0.000000 0.000000    -0.057486     1.905673 
2457011.438567 0.000000 0.000000     0.001220     1.905730 
2457013.104410 0.000000 0.000000     0.027532     1.905715 
2457014.770253 0.000000 0.000000     0.020130     1.905717 
2457016.436095 0.000000 0.000000    -0.000258     1.905434 
2457018.101938 0.000000 0.000000    -0.152979     1.905187 
2457019.767780 0.000000 0.000000    -0.369378     1.904606 
2457021.433623 0.000000 0.000000    -0.280184     1.903449 
2457023.099466 0.000000 0.000000     0.164916     1.903754 
2457024.765308 0.000000 0.000000     0.477770     1.904241 
2457026.431151 0.000000 0.000000     0.379808     1.904714 
2457028.096994 0.000000 0.000000     0.164069     1.905444 
2457029.762836 0.000000 0.000000     0.075316     1.905661 
2457031.428679 0.000000 0.000000     0.011023     1.905692 
2457033.094522 0.000000 0.000000    -0.050150     1.905719 
2457034.760364 0.000000 0.000000    -0.008855     1.905719 
2457036.426207 0.000000 0.000000     0.031075     1.905738 
2457038.092049 0.000000 0.000000    -0.002075     1.905755 
2457039.757892 0.000000 0.000000     0.055178     1.905409 
2457041.423735 0.000000 0.000000     0.079257     1.903573 
2457043.089577 0.000000 0.000000    -0.316213     1.903683 
2457044.755420 0.000000 0.000000    -0.794464     1.898826 
2457046.421263 0.000000 0.000000    -0.467642     1.894039 
2457048.087105 0.000000 0.000000     0.520436     1.899224 
2457049.752948 0.000000 0.000000     0.985750     1.898193 
2457051.418790 0.000000 0.000000     0.600842     1.901651 
2457053.084633 0.000000 0.000000     0.210492     1.904416 
2457054.750476 0.000000 0.000000     0.148421     1.904470 
2457056.416318 0.000000 0.000000    -0.019562     1.904648 
2457058.082161 0.000000 0.000000    -0.222294     1.905018 
2457059.748004 0.000000 0.000000    -0.094225     1.904957 
2457061.413846 0.000000 0.000000     0.047185     1.905309 
2457063.079689 0.000000 0.000000    -0.040600     1.905614 
2457064.745532 0.000000 0.000000     0.096877     1.904238 
2457066.411374 0.000000 0.000000     0.232093     1.894836 
2457068.077217 0.000000 0.000000    -0.598908     1.894777 
2457069.743059 0.000000 0.000000    -1.700978     1.874559 
2457071.408902 0.000000 0.000000    -1.033449     1.844666 
2457073.074745 0.000000 0.000000     1.112187     1.869195 
2457074.740587 0.000000 0.000000     2.083917     1.867150 
2457076.406430 0.000000 0.000000     1.205167     1.881639 
2457078.072273 0.000000 0.000000     0.406561     1.895024 
2457079.738115 0.000000 0.000000     0.343722     1.894874 
2457081.403958 0.000000 0.000000    -0.074707     1.895399 
2457083.069801 0.000000 0.000000    -0.649848     1.898971 
2457084.735643 0.000000 0.000000    -0.394441     1.898417 
2457086.401486 0.000000 0.000000     0.025601     1.902145 
2457088.067328 0.000000 0.000000    -0.121993     1.905086 
2457089.733171 0.000000 0.000000     0.093335     1.901887 
2457091.399014 0.000000 0.000000     0.490233     1.871343 
2457093.064856 0.000000 0.000000    -0.844967     1.867750 
2457094.730699 0.000000 0.000000    -2.907070     1.815521 
2457096.396542 0.000000 0.000000    -1.885390     1.687853 
2457098.062384 0.000000 0.000000     1.902373     1.765522 
2457099.728227 0.000000 0.000000     3.620184     1.770440 
2457101.394070 0.000000 0.000000     1.988245     1.809026 
2457103.059912 0.000000 0.000000     0.599662     1.851685 
2457104.725755 0.000000 0.000000     0.623258     1.850001 
2457106.391597 0.000000 0.000000    -0.139698     1.849575 
2457108.057440 0.000000 0.000000    -1.377487     1.870012 
2457109.723283 0.000000 0.000000    -1.013226     1.867346 
2457111.389125 0.000000 0.000000    -0.092141     1.886958 
2457113.054968 0.000000 0.000000    -0.248754     1.903616 
2457114.720811 0.000000 0.000000    -0.011729     1.899410 
2457116.386653 0.000000 0.000000     0.786056     1.835577 
2457118.052496 0.000000 0.000000    -0.871848     1.818737 
2457119.718339 0.000000 0.000000    -3.933476     1.736055 
2457121.384181 0.000000 0.000000    -2.669306     1.322357 
2457123.050024 0.000000 0.000000     2.730053     1.511231 
2457124.715866 0.000000 0.000000     5.076575     1.558092 
2457126.381709 0.000000 0.000000     2.478096     1.618891 
2457128.047552 0.000000 0.000000     0.497523     1.716248 
2457129.713394 0.000000 0.000000     0.847048     1.709860 
2457131.379237 0.000000 0.000000    -0.160187     1.700068 
2457133.045080 0.000000 0.000000    -2.244588     1.782194 
2457134.710922 0.000000 0.000000    -1.912497     1.775130 
2457136.376765 0.000000 0.000000    -0.368341     1.839419 
2457138.042607 0.000000 0.000000    -0.397126     1.900228 
2457139.708450 0.000000 0.000000    -0.223618     1.898683 
2457141.374293 0.000000 0.000000     0.957020     1.816976 
2457143.040135 0.000000 0.000000    -0.591255     1.783242 
2457144.705978 0.000000 0.000000    -4.121666     1.717999 
2457146.371821 0.000000 0.000000    -2.784189     0.961112 
2457148.037663 0.000000 0.000000     3.345558     1.131472 
2457149.703506 0.000000 0.000000     5.624409     1.296903 
2457151.369349 0.000000 0.000000     2.045366     1.225236 
2457153.035191 0.000000 0.000000    -0.231208     1.402131 
2457154.701034 0.000000 0.000000     0.762950     1.392346 
2457156.366876 0.000000 0.000000    -0.085140     1.333799 
2457158.032719 0.000000 0.000000    -2.790648     1.611890 
2457159.698562 0.000000 0.000000    -2.705174     1.606751 
2457161.364404 0.000000 0.000000    -0.744513     1.747621 
2457163.030247 0.000000 0.000000    -0.516548     1.893372 
2457164.696090 0.000000 0.000000    -0.443259     1.899590 
2457166.361932 0.000000 0.000000     0.873675     1.838292 
2457168.027775 0.000000 0.000000    -0.142365     1.807326 
2457169.693618 0.000000 0.000000    -3.243673     1.791816 
2457171.359460 0.000000 0.000000    -2.031075     1.440606 
2457173.025303 0.000000 0.000000     3.408642     1.295777 
2457174.691145 0.000000 0.000000     4.813446     1.393084 
2457176.356988 0.000000 0.000000     0.695053     0.807127 
2457178.022831 0.000000 0.000000    -1.471438     0.975072 
2457179.688673 0.000000 0.000000     0.201267     1.053709 
2457181.354516 0.000000 0.000000     0.100080     0.675915 
2457183.020359 0.000000 0.000000    -2.409238     1.459886 
2457184.686201 0.000000 0.000000    -2.674686     1.500381 
2457186.352044 0.000000 0.000000    -0.911786     1.665499 
2457188.017887 0.000000 0.000000    -0.518489     1.880259 
2457189.683729 0.000000 0.000000    -0.514398     1.900408 
2457191.349572 0.000000 0.000000     0.599231     1.872262 
2457193.015414 0.000000 0.000000     0.173548     1.856679 
2457194.681257 0.000000 0.000000    -1.957511     1.861965 
2457196.347100 0.000000 0.000000    -1.089806     1.738901 
2457198.012942 0.000000 0.000000     2.755549     1.635515 
2457199.678785 0.000000 0.000000     3.284198     1.662208 
2457201.344628 0.000000 0.000000    -0.525624     1.373545 
2457203.010470 0.000000 0.000000    -2.498070     1.312483 
2457204.676313 0.000000 0.000000    -0.703120     1.397214 
2457206.342156 0.000000 0.000000     0.303925     1.187629 
2457208.007998 0.000000 0.000000    -0.954470     1.419610 
2457209.673841 0.000000 0.000000    -1.393174     1.573710 
2457211.339683 0.000000 0.000000    -0.519644     1.644780 
2457213.005526 0.000000 0.000000    -0.335708     1.850822 
2457214.671369 0.000000 0.000000    -0.383461     1.899231 
2457216.337211 0.000000 0.000000     0.324113     1.893502 
2457218.003054 0.000000 0.000000     0.235092     1.888761 
2457219.668897 0.000000 0.000000    -0.917010     1.893884 
2457221.334739 0.000000 0.000000    -0.420132     1.859876 
2457223.000582 0.000000 0.000000     1.770466     1.812640 
2457224.666424 0.000000 0.000000     1.826583     1.821998 
2457226.332267 0.000000 0.000000    -1.043837     1.698701 
2457227.998110 0.000000 0.000000    -2.853573     1.609620 
2457229.663952 0.000000 0.000000    -1.594835     1.658137 
2457231.329795 0.000000 0.000000     0.255672     1.428888 
2457232.995638 0.000000 0.000000     0.724060     1.189801 
2457234.661480 0.000000 0.000000     0.545998     1.586357 
2457236.327323 0.000000 0.000000     0.366107     1.590220 
2457237.993166 0.000000 0.000000    -0.007167     1.792063 
2457239.659008 0.000000 0.000000    -0.150113     1.893732 
2457241.324851 0.000000 0.000000     0.178550     1.900777 
2457242.990693 0.000000 0.000000     0.151167     1.900618 
2457244.656536 0.000000 0.000000    -0.325828     1.903391 
2457246.322379 0.000000 0.000000    -0.059340     1.896617 
2457247.988221 0.000000 0.000000     0.913943     1.880576 
2457249.654064 0.000000 0.000000     0.803117     1.883889 
2457251.319907 0.000000 0.000000    -0.935167     1.832269 
2457252.985749 0.000000 0.000000    -2.438747     1.739231 
2457254.651592 0.000000 0.000000    -2.038355     1.758250 
2457256.317435 0.000000 0.000000    -0.193544     1.500985 
2457257.983277 0.000000 0.000000     1.504731     0.705856 
2457259.649120 0.000000 0.000000     1.974896     1.539671 
2457261.314962 0.000000 0.000000     1.277651     1.534567 
2457262.980805 0.000000 0.000000     0.367204     1.745505 
2457264.646648 0.000000 0.000000     0.056888     1.887880 
2457266.312490 0.000000 0.000000     0.152395     1.902094 
2457267.978333 0.000000 0.000000     0.069611     1.903447 
2457269.644176 0.000000 0.000000    -0.096622     1.905298 
2457271.310018 0.000000 0.000000     0.075935     1.904232 
2457272.975861 0.000000 0.000000     0.393415     1.899788 
2457274.641704 0.000000 0.000000     0.264772     1.900401 
2457276.307546 0.000000 0.000000    -0.491714     1.871100 
2457277.973389 0.000000 0.000000    -1.454231     1.787400 
2457279.639231 0.000000 0.000000    -1.798883     1.795694 
2457281.305074 0.000000 0.000000    -0.833330     1.508272 
2457282.970917 0.000000 0.000000     1.003698     0.969143 
2457284.636759 0.000000 0.000000     2.146799     1.557709 
2457286.302602 0.000000 0.000000     1.726186     1.550842 
2457287.968445 0.000000 0.000000     0.669426     1.758057 
2457289.634287 0.000000 0.000000     0.179784     1.888184 
2457291.300130 0.000000 0.000000     0.164325     1.902313 
2457292.965973 0.000000 0.000000     0.051484     1.904271 
2457294.631815 0.000000 0.000000    -0.050127     1.905426 
2457296.297658 0.000000 0.000000     0.076562     1.905341 
2457297.963500 0.000000 0.000000     0.162511     1.903329 
2457299.629343 0.000000 0.000000     0.069091     1.903287 
2457301.295186 0.000000 0.000000    -0.069405     1.877965 
2457302.961028 0.000000 0.000000    -0.453347     1.788715 
2457304.626871 0.000000 0.000000    -1.134366     1.805380 
2457306.292714 0.000000 0.000000    -1.214328     1.462132 
2457307.958556 0.000000 0.000000    -0.021103     0.873049 
2457309.624399 0.000000 0.000000     1.406548     1.561020 
2457311.290241 0.000000 0.000000     1.601337     1.537385 
2457312.956084 0.000000 0.000000     0.794923     1.769659 
2457314.621927 0.000000 0.000000     0.225207     1.890608 
2457316.287769 0.000000 0.000000     0.153542     1.902393 
2457317.953612 0.000000 0.000000     0.067745     1.904447 
2457319.619455 0.000000 0.000000    -0.047106     1.905464 
2457321.285297 0.000000 0.000000     0.024227     1.905651 
2457322.951140 0.000000 0.000000     0.077466     1.903879 
2457324.616983 0.000000 0.000000     0.034718     1.904079 
2457326.282825 0.000000 0.000000     0.137064     1.887836 
2457327.948668 0.000000 0.000000     0.125336     1.814121 
2457329.614510 0.000000 0.000000    -0.480044     1.828412 
2457331.280353 0.000000 0.000000    -1.103005     1.602608 
2457332.946196 0.000000 0.000000    -0.664540     1.272654 
2457334.612038 0.000000 0.000000     0.534987     1.640632 
2457336.277881 0.000000 0.000000     1.109863     1.624498 
2457337.943724 0.000000 0.000000     0.701011     1.790926 
2457339.609566 0.000000 0.000000     0.208232     1.893296 
2457341.275409 0.000000 0.000000     0.111426     1.903254 
2457342.941252 0.000000 0.000000     0.073624     1.904643 
2457344.607094 0.000000 0.000000    -0.035100     1.905663 
2457346.272937 0.000000 0.000000    -0.021510     1.905766 
2457347.938779 0.000000 0.000000     0.039975     1.904672 
2457349.604622 0.000000 0.000000     0.045985     1.904893 
2457351.270465 0.000000 0.000000     0.166241     1.898785 
2457352.936307 0.000000 0.000000     0.276840     1.862089 
2457354.602150 0.000000 0.000000    -0.083751     1.865650 
2457356.267993 0.000000 0.000000    -0.714237     1.783767 
2457357.933835 0.000000 0.000000    -0.738680     1.654406 
2457359.599678 0.000000 0.000000    -0.008674     1.775289 
2457361.265521 0.000000 0.000000     0.576404     1.774351 
2457362.931363 0.000000 0.000000     0.477239     1.840085 
2457364.597206 0.000000 0.000000     0.153731     1.897853 
2457366.263048 0.000000 0.000000     0.062332     1.904520 
2457367.928891 0.000000 0.000000     0.057889     1.905151 
2457369.594734 0.000000 0.000000    -0.017681     1.905786 
2457371.260576 0.000000 0.000000    -0.038724     1.905785 
2457372.926419 0.000000 0.000000     0.017575     1.905391 
2457374.592262 0.000000 0.000000     0.054613     1.905462 
2457376.258104 0.000000 0.000000     0.125376     1.904094 
2457377.923947 0.000000 0.000000     0.211022     1.892768 
2457379.589790 0.000000 0.000000     0.051758     1.892011 
2457381.255632 0.000000 0.000000    -0.348858     1.872865 
2457382.921475 0.000000 0.000000    -0.508373     1.831784 
2457384.587317 0.000000 0.000000    -0.181734     1.862502 
2457386.253160 0.000000 0.000000     0.211835     1.864982 
2457387.919003 0.000000 0.000000     0.253033     1.881639 
2457389.584845 0.000000 0.000000     0.091143     1.902399 
2457391.250688 0.000000 0.000000     0.026017     1.905380 
2457392.916531 0.000000 0.000000     0.032731     1.905587 
2457394.582373 0.000000 0.000000    -0.007194     1.905812 
2457396.248216 0.000000 0.000000    -0.035029     1.905801 
2457397.914058 0.000000 0.000000     0.005421     1.905710 
2457399.579901 0.000000 0.000000     0.051681     1.905710 
2457401.245744 0.000000 0.000000     0.080607     1.905539 
2457402.911586 0.000000 0.000000     0.105627     1.903405 
2457404.577429 0.000000 0.000000     0.045961     1.902812 
2457406.243272 0.000000 0.000000    -0.132546     1.900020 
2457407.909114 0.000000 0.000000    -0.249159     1.891178 
2457409.574957 0.000000 0.000000    -0.145319     1.896520 
2457411.240800 0.000000 0.000000     0.045041     1.897623 
2457412.906642 0.000000 0.000000     0.102528     1.900335 
2457414.572485 0.000000 0.000000     0.041828     1.904926 
2457416.238327 0.000000 0.000000     0.006606     1.905727 
2457417.904170 0.000000 0.000000     0.011794     1.905772 
2457419.570013 0.000000 0.000000    -0.005939     1.905813 
2457421.235855 0.000000 0.000000    -0.025373     1.905812 
2457422.901698 0.000000 0.000000     0.001518     1.905785 
2457424.567541 0.000000 0.000000     0.042914     1.905777 
2457426.233383 0.000000 0.000000     0.051997     1.905776 
2457427.899226 0.000000 0.000000     0.037191     1.905549 
2457429.565069 0.000000 0.000000     0.007736     1.905447 
2457431.230911 0.000000 0.000000    -0.045104     1.905216 
2457432.896754 0.000000 0.000000    -0.085536     1.904163 
2457434.562596 0.000000 0.000000    -0.060117     1.904721 
2457436.228439 0.000000 0.000000     0.004696     1.904891 
2457437.894282 0.000000 0.000000     0.032471     1.905153 
2457439.560124 0.000000 0.000000     0.013870     1.905703 
2457441.225967 0.000000 0.000000    -0.000586     1.905811 
2457442.891810 0.000000 0.000000     0.000589     1.905815 
2457444.557652 0.000000 0.000000    -0.008423     1.905813 
2457446.223495 0.000000 0.000000    -0.017899     1.905815 
2457447.889338 0.000000 0.000000     0.001523     1.905793 
2457449.555180 0.000000 0.000000     0.033311     1.905785 
2457451.221023 0.000000 0.000000     0.036499     1.905799 
2457452.886865 0.000000 0.000000     0.010605     1.905782 
2457454.552708 0.000000 0.000000    -0.013611     1.905785 
2457456.218551 0.000000 0.000000    -0.022386     1.905779 
2457457.884393 0.000000 0.000000    -0.019074     1.905719 
2457459.550236 0.000000 0.000000    -0.005043     1.905745 
2457461.216079 0.000000 0.000000     0.011178     1.905760 
2457462.881921 0.000000 0.000000     0.013705     1.905774 
2457464.547764 0.000000 0.000000     0.004102     1.905809 
2457466.213607 0.000000 0.000000    -0.001457     1.905821 
2457467.879449 0.000000 0.000000    -0.002374     1.905820 
2457469.545292 0.000000 0.000000    -0.008983     1.905815 
2457471.211134 0.000000 0.000000    -0.012937     1.905816 
2457472.876977 0.000000 0.000000     0.001663     1.905800 
2457474.542820 0.000000 0.000000     0.023669     1.905791 
2457476.208662 0.000000 0.000000     0.025992     1.905805 
2457477.874505 0.000000 0.000000     0.005777     1.905801 
2457479.540348 0.000000 0.000000    -0.014345     1.905805 
2457481.206190 0.000000 0.000000    -0.017771     1.905811 
2457482.872033 0.000000 0.000000    -0.006063     1.905798 
2457484.537875 0.000000 0.000000     0.010374     1.905785 
2457486.203718 0.000000 0.000000     0.019208     1.905799 
2457487.869561 0.000000 0.000000     0.014374     1.905800 
2457489.535403 0.000000 0.000000     0.004160     1.905810 
2457491.201246 0.000000 0.000000    -0.000228     1.905821 
2457492.867089 0.000000 0.000000    -0.001737     1.905821 
2457494.532931 0.000000 0.000000    -0.007623     1.905817 
2457496.198774 0.000000 0.000000    -0.010620     1.905818 
2457497.864617 0.000000 0.000000    -0.000117     1.905809 
2457499.530459 0.000000 0.000000     0.015806     1.905799 
2457501.196302 0.000000 0.000000     0.019593     1.905809 
2457502.862144 0.000000 0.000000     0.008539     1.905807 
2457504.527987 0.000000 0.000000    -0.005619     1.905808 
2457506.193830 0.000000 0.000000    -0.012742     1.905814 
2457507.859672 0.000000 0.000000    -0.008698     1.905801 
2457509.525515 0.000000 0.000000     0.004902     1.905787 
2457511.191358 0.000000 0.000000     0.017048     1.905802 
2457512.857200 0.000000 0.000000     0.016065     1.905802 
2457514.523043 0.000000 0.000000     0.006097     1.905811 
2457516.188886 0.000000 0.000000     0.000002     1.905821 
2457517.854728 0.000000 0.000000    -0.003281     1.905820 
2457519.520571 0.000000 0.000000    -0.013264     1.905807 
2457521.186413 0.000000 0.000000    -0.021689     1.905803 
2457522.852256 0.000000 0.000000    -0.009199     1.905790 
2457524.518099 0.000000 0.000000     0.019575     1.905731 
2457526.183941 0.000000 0.000000     0.036098     1.905760 
2457527.849784 0.000000 0.000000     0.027479     1.905770 
2457529.515627 0.000000 0.000000     0.009147     1.905778 
2457531.181469 0.000000 0.000000    -0.003544     1.905810 
2457532.847312 0.000000 0.000000    -0.008442     1.905800 
2457534.513155 0.000000 0.000000    -0.003649     1.905786 
2457536.178997 0.000000 0.000000     0.008977     1.905802 
2457537.844840 0.000000 0.000000     0.014208     1.905801 
2457539.510682 0.000000 0.000000     0.005101     1.905810 
2457541.176525 0.000000 0.000000    -0.004217     1.905818 
2457542.842368 0.000000 0.000000    -0.013505     1.905804 
2457544.508210 0.000000 0.000000    -0.043738     1.905657 
2457546.174053 0.000000 0.000000    -0.075710     1.905558 
2457547.839896 0.000000 0.000000    -0.044653     1.905487 
2457549.505738 0.000000 0.000000     0.053350     1.904711 
2457551.171581 0.000000 0.000000     0.124354     1.904959 
2457552.837424 0.000000 0.000000     0.105037     1.905199 
2457554.503266 0.000000 0.000000     0.046163     1.905296 
2457556.169109 0.000000 0.000000     0.013405     1.905721 
2457557.834951 0.000000 0.000000     0.001160     1.905793 
2457559.500794 0.000000 0.000000    -0.007175     1.905783 
2457561.166637 0.000000 0.000000     0.000534     1.905807 
2457562.832479 0.000000 0.000000     0.011598     1.905806 
2457564.498322 0.000000 0.000000    -0.000157     1.905800 
2457566.164165 0.000000 0.000000    -0.017248     1.905796 
2457567.830007 0.000000 0.000000    -0.038583     1.905706 
2457569.495850 0.000000 0.000000    -0.119447     1.904574 
2457571.161692 0.000000 0.000000    -0.217701     1.903486 
2457572.827535 0.000000 0.000000    -0.147149     1.903261 
2457574.493378 0.000000 0.000000     0.131428     1.896567 
2457576.159220 0.000000 0.000000     0.357237     1.897892 
2457577.825063 0.000000 0.000000     0.318549     1.900524 
2457579.490906 0.000000 0.000000     0.144987     1.900999 
2457581.156748 0.000000 0.000000     0.048628     1.904783 
2457582.822591 0.000000 0.000000     0.024083     1.905682 
2457584.488434 0.000000 0.000000    -0.003544     1.905705 
2457586.154276 0.000000 0.000000    -0.007226     1.905813 
2457587.820119 0.000000 0.000000     0.011881     1.905800 
2457589.485961 0.000000 0.000000    -0.007914     1.905753 
2457591.151804 0.000000 0.000000    -0.042745     1.905675 
2457592.817647 0.000000 0.000000    -0.081176     1.905361 
2457594.483489 0.000000 0.000000    -0.248229     1.900271 
2457596.149332 0.000000 0.000000    -0.482368     1.893469 
2457597.815175 0.000000 0.000000    -0.368012     1.893945 
2457599.481017 0.000000 0.000000     0.240819     1.859135 
2457601.146860 0.000000 0.000000     0.790061     1.861152 
2457602.812703 0.000000 0.000000     0.750140     1.878295 
2457604.478545 0.000000 0.000000     0.357677     1.878985 
2457606.144388 0.000000 0.000000     0.117824     1.899162 
2457607.810230 0.000000 0.000000     0.064390     1.905079 
2457609.476073 0.000000 0.000000     0.009025     1.905325 
2457611.141916 0.000000 0.000000    -0.016236     1.905783 
2457612.807758 0.000000 0.000000     0.015513     1.905741 
2457614.473601 0.000000 0.000000    -0.013912     1.905646 
2457616.139444 0.000000 0.000000    -0.079397     1.905275 
2457617.805286 0.000000 0.000000    -0.135551     1.904637 
2457619.471129 0.000000 0.000000    -0.405859     1.890473 
2457621.136972 0.000000 0.000000    -0.845123     1.864207 
2457622.802814 0.000000 0.000000    -0.722614     1.869870 
2457624.468657 0.000000 0.000000     0.327003     1.749682 
2457626.134499 0.000000 0.000000     1.381566     1.734870 
2457627.800342 0.000000 0.000000     1.404419     1.811103 
2457629.466185 0.000000 0.000000     0.708005     1.808405 
2457631.132027 0.000000 0.000000     0.229765     1.878648 
2457632.797870 0.000000 0.000000     0.120379     1.903076 
2457634.463713 0.000000 0.000000     0.032393     1.904352 
2457636.129555 0.000000 0.000000    -0.026784     1.905596 
2457637.795398 0.000000 0.000000     0.018671     1.905598 
2457639.461241 0.000000 0.000000    -0.013469     1.905553 
2457641.127083 0.000000 0.000000    -0.116075     1.904492 
2457642.792926 0.000000 0.000000    -0.183886     1.903774 
2457644.458768 0.000000 0.000000    -0.527945     1.879060 
2457646.124611 0.000000 0.000000    -1.178346     1.815538 
2457647.790454 0.000000 0.000000    -1.118444     1.833095 
2457649.456296 0.000000 0.000000     0.319508     1.547762 
2457651.122139 0.000000 0.000000     1.924757     1.419304 
2457652.787982 0.000000 0.000000     2.097456     1.683731 
2457654.453824 0.000000 0.000000     1.119648     1.668402 
2457656.119667 0.000000 0.000000     0.363699     1.834538 
2457657.785509 0.000000 0.000000     0.175447     1.899000 
2457659.451352 0.000000 0.000000     0.062294     1.903024 
2457661.117195 0.000000 0.000000    -0.034401     1.905126 
2457662.783037 0.000000 0.000000     0.015850     1.905471 
2457664.448880 0.000000 0.000000    -0.005691     1.905598 
2457666.114723 0.000000 0.000000    -0.132592     1.903792 
2457667.780565 0.000000 0.000000    -0.199764     1.903482 
2457669.446408 0.000000 0.000000    -0.536429     1.877708 
2457671.112251 0.000000 0.000000    -1.281330     1.788698 
2457672.778093 0.000000 0.000000    -1.336263     1.813438 
2457674.443936 0.000000 0.000000     0.200436     1.437858 
2457676.109778 0.000000 0.000000     2.097081     0.963315 
2457677.775621 0.000000 0.000000     2.445287     1.589770 
2457679.441464 0.000000 0.000000     1.378922     1.562261 
2457681.107306 0.000000 0.000000     0.453876     1.793413 
2457682.773149 0.000000 0.000000     0.198676     1.895092 
2457684.438992 0.000000 0.000000     0.083027     1.902550 
2457686.104834 0.000000 0.000000    -0.033147     1.904698 
2457687.770677 0.000000 0.000000     0.005729     1.905537 
2457689.436520 0.000000 0.000000     0.004016     1.905726 
2457691.102362 0.000000 0.000000    -0.114041     1.903996 
2457692.768205 0.000000 0.000000    -0.168234     1.904127 
2457694.434047 0.000000 0.000000    -0.414038     1.888936 
2457696.099890 0.000000 0.000000    -1.060201     1.821631 
2457697.765733 0.000000 0.000000    -1.211358     1.837106 
2457699.431575 0.000000 0.000000     0.035172     1.624588 
2457701.097418 0.000000 0.000000     1.742597     1.362453 
2457702.763261 0.000000 0.000000     2.181698     1.673220 
2457704.429103 0.000000 0.000000     1.300561     1.658547 
2457706.094946 0.000000 0.000000     0.437976     1.807100 
2457707.760789 0.000000 0.000000     0.172755     1.895622 
2457709.426631 0.000000 0.000000     0.079723     1.903505 
2457711.092474 0.000000 0.000000    -0.024426     1.904834 
2457712.758316 0.000000 0.000000    -0.005591     1.905705 
2457714.424159 0.000000 0.000000     0.010486     1.905788 
2457716.090002 0.000000 0.000000    -0.069952     1.904840 
2457717.755844 0.000000 0.000000    -0.109477     1.905008 
2457719.421687 0.000000 0.000000    -0.248973     1.899738 
2457721.087530 0.000000 0.000000    -0.683472     1.869627 
2457722.753372 0.000000 0.000000    -0.857270     1.873798 
2457724.419215 0.000000 0.000000    -0.077898     1.802589 
2457726.085058 0.000000 0.000000     1.125770     1.706023 
2457727.750900 0.000000 0.000000     1.531838     1.802722 
2457729.416743 0.000000 0.000000     0.969366     1.800643 
2457731.082585 0.000000 0.000000     0.331510     1.854155 
2457732.748428 0.000000 0.000000     0.110152     1.899672 
2457734.414271 0.000000 0.000000     0.052153     1.904746 
2457736.080113 0.000000 0.000000    -0.016620     1.905307 
2457737.745956 0.000000 0.000000    -0.012314     1.905794 
2457739.411799 0.000000 0.000000     0.013751     1.905799 
2457741.077641 0.000000 0.000000    -0.022513     1.905481 
2457742.743484 0.000000 0.000000    -0.053944     1.905540 
2457744.409326 0.000000 0.000000    -0.126108     1.904421 
2457746.075169 0.000000 0.000000    -0.358567     1.895832 
2457747.741012 0.000000 0.000000    -0.489802     1.895867 
2457749.406854 0.000000 0.000000    -0.105457     1.879532 
2457751.072697 0.000000 0.000000     0.586564     1.850637 
2457752.738540 0.000000 0.000000     0.893265     1.874133 
2457754.404382 0.000000 0.000000     0.605647     1.874550 
2457756.070225 0.000000 0.000000     0.190684     1.887893 
2457757.736068 0.000000 0.000000     0.018068     1.902808 
2457759.401910 0.000000 0.000000    -0.001595     1.905175 
2457761.067753 0.000000 0.000000    -0.019329     1.905621 
2457762.733595 0.000000 0.000000    -0.017692     1.905800 
2457764.399438 0.000000 0.000000     0.006834     1.905800 
2457766.065281 0.000000 0.000000     0.001979     1.905732 
2457767.731123 0.000000 0.000000    -0.022614     1.905739 
2457769.396966 0.000000 0.000000    -0.057648     1.905583 
2457771.062809 0.000000 0.000000    -0.149201     1.904039 
2457772.728651 0.000000 0.000000    -0.227270     1.903495 
2457774.394494 0.000000 0.000000    -0.088434     1.899519 
2457776.060337 0.000000 0.000000     0.268136     1.893561 
2457777.726179 0.000000 0.000000     0.510704     1.894862 
2457779.392022 0.000000 0.000000     0.386124     1.889871 
2457781.057864 0.000000 0.000000     0.065904     1.896241 
2457782.723707 0.000000 0.000000    -0.118367     1.899596 
2457784.389550 0.000000 0.000000    -0.102347     1.902559 
2457786.055392 0.000000 0.000000    -0.046095     1.905387 
2457787.721235 0.000000 0.000000    -0.033960     1.905692 
2457789.387078 0.000000 0.000000    -0.036769     1.905716 
2457791.052920 0.000000 0.000000    -0.042281     1.905769 
2457792.718763 0.000000 0.000000    -0.039585     1.905670 
2457794.384606 0.000000 0.000000     0.001909     1.905561 
2457796.050448 0.000000 0.000000     0.027822     1.905420 
2457797.716291 0.000000 0.000000    -0.036656     1.904166 
2457799.382133 0.000000 0.000000    -0.061241     1.895904 
2457801.047976 0.000000 0.000000     0.149242     1.894031 
2457802.713819 0.000000 0.000000     0.433230     1.883287 
2457804.379661 0.000000 0.000000     0.387439     1.850358 
2457806.045504 0.000000 0.000000    -0.008943     1.872195 
2457807.711347 0.000000 0.000000    -0.317960     1.876274 
2457809.377189 0.000000 0.000000    -0.284068     1.887001 
2457811.043032 0.000000 0.000000    -0.119039     1.903150 
2457812.708875 0.000000 0.000000    -0.079137     1.904917 
2457814.374717 0.000000 0.000000    -0.159769     1.904852 
2457816.040560 0.000000 0.000000    -0.228807     1.905226 
2457817.706402 0.000000 0.000000    -0.150514     1.903208 
2457819.372245 0.000000 0.000000     0.117802     1.903314 
2457821.038088 0.000000 0.000000     0.343288     1.904197 
2457822.703930 0.000000 0.000000     0.237371     1.901376 
2457824.369773 0.000000 0.000000     0.006269     1.877102 
2457826.035616 0.000000 0.000000     0.153343     1.868590 
2457827.701458 0.000000 0.000000     0.579771     1.841694 
2457829.367301 0.000000 0.000000     0.587735     1.706964 
2457831.033143 0.000000 0.000000    -0.012941     1.781038 
2457832.698986 0.000000 0.000000    -0.564269     1.805101 
2457834.364829 0.000000 0.000000    -0.556891     1.834448 
2457836.030671 0.000000 0.000000    -0.260769     1.894539 
2457837.696514 0.000000 0.000000    -0.173061     1.901602 
2457839.362357 0.000000 0.000000    -0.396933     1.899840 
2457841.028199 0.000000 0.000000    -0.626673     1.901851 
2457842.694042 0.000000 0.000000    -0.414288     1.886627 
2457844.359885 0.000000 0.000000     0.331321     1.887747 
2457846.025727 0.000000 0.000000     0.964151     1.896194 
2457847.691570 0.000000 0.000000     0.793896     1.891742 
2457849.357412 0.000000 0.000000     0.212693     1.849307 
2457851.023255 0.000000 0.000000     0.223934     1.820949 
2457852.689098 0.000000 0.000000     0.801449     1.782969 
2457854.354940 0.000000 0.000000     0.870765     1.369068 
2457856.020783 0.000000 0.000000     0.052390     1.574773 
2457857.686626 0.000000 0.000000    -0.775341     1.673939 
2457859.352468 0.000000 0.000000    -0.852986     1.726755 
2457861.018311 0.000000 0.000000    -0.464066     1.875229 
2457862.684154 0.000000 0.000000    -0.329343     1.893252 
2457864.349996 0.000000 0.000000    -0.737736     1.882090 
2457866.015839 0.000000 0.000000    -1.214676     1.890323 
2457867.681681 0.000000 0.000000    -0.834064     1.826636 
2457869.347524 0.000000 0.000000     0.624337     1.821579 
2457871.013367 0.000000 0.000000     1.912752     1.865707 
2457872.679209 0.000000 0.000000     1.726121     1.859208 
2457874.345052 0.000000 0.000000     0.657776     1.831144 
2457876.010895 0.000000 0.000000     0.345669     1.788018 
2457877.676737 0.000000 0.000000     0.933213     1.763094 
2457879.342580 0.000000 0.000000     1.049007     1.000104 
2457881.008423 0.000000 0.000000     0.142261     1.363693 
2457882.674265 0.000000 0.000000    -0.830045     1.587265 
2457884.340108 0.000000 0.000000    -1.014476     1.636857 
2457886.005950 0.000000 0.000000    -0.657486     1.855439 
2457887.671793 0.000000 0.000000    -0.540255     1.881401 
2457889.337636 0.000000 0.000000    -1.100485     1.844005 
2457891.003478 0.000000 0.000000    -1.780175     1.864022 
2457892.669321 0.000000 0.000000    -1.229147     1.691325 
2457894.335164 0.000000 0.000000     0.928026     1.631482 
2457896.001006 0.000000 0.000000     2.905551     1.787185 
2457897.666849 0.000000 0.000000     2.798582     1.775895 
2457899.332692 0.000000 0.000000     1.284883     1.822752 
2457900.998534 0.000000 0.000000     0.506579     1.812199 
2457902.664377 0.000000 0.000000     0.877116     1.811431 
2457904.330219 0.000000 0.000000     0.991977     1.432969 
2457905.996062 0.000000 0.000000     0.197115     1.515124 
2457907.661905 0.000000 0.000000    -0.686579     1.681773 
2457909.327747 0.000000 0.000000    -0.926367     1.695947 
2457910.993590 0.000000 0.000000    -0.737142     1.857664 
2457912.659433 0.000000 0.000000    -0.764154     1.873163 
2457914.325275 0.000000 0.000000    -1.352439     1.801139 
2457915.991118 0.000000 0.000000    -1.918901     1.825221 
2457917.656960 0.000000 0.000000    -1.157545     1.510439 
2457919.322803 0.000000 0.000000     1.201814     1.247731 
2457920.988646 0.000000 0.000000     3.323324     1.659033 
2457922.654488 0.000000 0.000000     3.304445     1.643767 
2457924.320331 0.000000 0.000000     1.717668     1.799071 
2457925.986174 0.000000 0.000000     0.621273     1.855904 
2457927.652016 0.000000 0.000000     0.661057     1.865521 
2457929.317859 0.000000 0.000000     0.757098     1.739419 
2457930.983702 0.000000 0.000000     0.204815     1.742193 
2457932.649544 0.000000 0.000000    -0.470110     1.810536 
2457934.315387 0.000000 0.000000    -0.680400     1.809039 
2457935.981229 0.000000 0.000000    -0.657237     1.877001 
2457937.647072 0.000000 0.000000    -0.917523     1.869726 
2457939.312915 0.000000 0.000000    -1.373048     1.786623 
2457940.978757 0.000000 0.000000    -1.289082     1.798241 
2457942.644600 0.000000 0.000000    -0.165135     1.402337 
2457944.310443 0.000000 0.000000     1.498863     0.965243 
2457945.976285 0.000000 0.000000     2.568444     1.570635 
2457947.642128 0.000000 0.000000     2.393160     1.556869 
2457949.307971 0.000000 0.000000     1.383597     1.783266 
2457950.973813 0.000000 0.000000     0.517725     1.881687 
2457952.639656 0.000000 0.000000     0.339937     1.892311 
2457954.305498 0.000000 0.000000     0.450761     1.861992 
2457955.971341 0.000000 0.000000     0.191418     1.857630 
2457957.637184 0.000000 0.000000    -0.299589     1.877852 
2457959.303026 0.000000 0.000000    -0.441527     1.875342 
2457960.968869 0.000000 0.000000    -0.448177     1.893565 
2457962.634712 0.000000 0.000000    -0.888180     1.866625 
2457964.300554 0.000000 0.000000    -1.147137     1.784883 
2457965.966397 0.000000 0.000000    -0.165214     1.801696 
2457967.632240 0.000000 0.000000     1.377005     1.350207 
2457969.298082 0.000000 0.000000     1.754660     1.062502 
2457970.963925 0.000000 0.000000     0.922347     1.583794 
2457972.629767 0.000000 0.000000     0.299643     1.564492 
2457974.295610 0.000000 0.000000     0.270498     1.796595 
2457975.961453 0.000000 0.000000     0.169796     1.892205 
2457977.627295 0.000000 0.000000     0.022043     1.900775 
2457979.293138 0.000000 0.000000     0.162174     1.897433 
2457980.958981 0.000000 0.000000     0.162818     1.896024 
2457982.624823 0.000000 0.000000    -0.180021     1.900142 
2457984.290666 0.000000 0.000000    -0.280263     1.898337 
2457985.956509 0.000000 0.000000    -0.222641     1.901522 
2457987.622351 0.000000 0.000000    -0.660795     1.875467 
2457989.288194 0.000000 0.000000    -0.822491     1.801136 
2457990.954036 0.000000 0.000000     0.543356     1.831661 
2457992.619879 0.000000 0.000000     2.200614     1.493893 
2457994.285722 0.000000 0.000000     1.755964     1.285667 
2457995.951564 0.000000 0.000000    -0.287518     1.669559 
2457997.617407 0.000000 0.000000    -1.292897     1.653761 
2457999.283250 0.000000 0.000000    -0.716597     1.820541 
2458000.949092 0.000000 0.000000    -0.161676     1.896964 
2458002.614935 0.000000 0.000000    -0.150833     1.903256 
2458004.280777 0.000000 0.000000    -0.022520     1.904234 
2458005.946620 0.000000 0.000000     0.114205     1.904416 
2458007.612463 0.000000 0.000000    -0.089931     1.905068 
2458009.278305 0.000000 0.000000    -0.178089     1.903839 
2458010.944148 0.000000 0.000000    -0.078640     1.904414 
2458012.609991 0.000000 0.000000    -0.376489     1.892078 
2458014.275833 0.000000 0.000000    -0.518136     1.847814 
2458015.941676 0.000000 0.000000     0.617654     1.868366 
2458017.607519 0.000000 0.000000     2.007071     1.728198 
2458019.273361 0.000000 0.000000     1.463648     1.615217 
2458020.939204 0.000000 0.000000    -0.608827     1.783851 
2458022.605046 0.000000 0.000000    -1.679855     1.781663 
2458024.270889 0.000000 0.000000    -1.064521     1.855000 
2458025.936732 0.000000 0.000000    -0.312754     1.900596 
2458027.602574 0.000000 0.000000    -0.177857     1.904616 
2458029.268417 0.000000 0.000000    -0.087070     1.905248 
2458030.934260 0.000000 0.000000     0.063808     1.905635 
2458032.600102 0.000000 0.000000    -0.031878     1.905750 
2458034.265945 0.000000 0.000000    -0.108409     1.905201 
2458035.931788 0.000000 0.000000    -0.020464     1.905390 
2458037.597630 0.000000 0.000000    -0.163568     1.902046 
2458039.263473 0.000000 0.000000    -0.278196     1.885705 
2458040.929315 0.000000 0.000000     0.405357     1.892228 
2458042.595158 0.000000 0.000000     1.322160     1.854222 
2458044.261001 0.000000 0.000000     0.988566     1.808690 
2458045.926843 0.000000 0.000000    -0.451792     1.861372 
2458047.592686 0.000000 0.000000    -1.283230     1.864439 
2458049.258529 0.000000 0.000000    -0.891618     1.885141 
2458050.924371 0.000000 0.000000    -0.292869     1.903482 
2458052.590214 0.000000 0.000000    -0.130921     1.905410 
2458054.256057 0.000000 0.000000    -0.074921     1.905599 
2458055.921899 0.000000 0.000000     0.029345     1.905786 
2458057.587742 0.000000 0.000000    -0.004289     1.905801 
2458059.253584 0.000000 0.000000    -0.059929     1.905664 
2458060.919427 0.000000 0.000000    -0.008534     1.905712 
2458062.585270 0.000000 0.000000    -0.052872     1.905188 
2458064.251112 0.000000 0.000000    -0.121841     1.901513 
2458065.916955 0.000000 0.000000     0.188525     1.902484 
2458067.582798 0.000000 0.000000     0.658654     1.895982 
2458069.248640 0.000000 0.000000     0.522759     1.883862 
2458070.914483 0.000000 0.000000    -0.220053     1.894953 
2458072.580326 0.000000 0.000000    -0.698263     1.896778 
2458074.246168 0.000000 0.000000    -0.523673     1.900473 
2458075.912011 0.000000 0.000000    -0.187257     1.905121 
2458077.577853 0.000000 0.000000    -0.070769     1.905724 
2458079.243696 0.000000 0.000000    -0.038708     1.905762 
2458080.909539 0.000000 0.000000     0.013630     1.905792 
2458082.575381 0.000000 0.000000     0.003786     1.905796 
2458084.241224 0.000000 0.000000    -0.029400     1.905785 
2458085.907067 0.000000 0.000000    -0.009597     1.905792 
2458087.572909 0.000000 0.000000    -0.013732     1.905760 
2458089.238752 0.000000 0.000000    -0.042160     1.905310 
2458090.904594 0.000000 0.000000     0.060011     1.905357 
2458092.570437 0.000000 0.000000     0.236295     1.904721 
2458094.236280 0.000000 0.000000     0.199387     1.902968 
2458095.902122 0.000000 0.000000    -0.073965     1.904320 
2458097.567965 0.000000 0.000000    -0.263632     1.904680 
2458099.233808 0.000000 0.000000    -0.207843     1.905064 
2458100.899650 0.000000 0.000000    -0.078723     1.905706 
2458102.565493 0.000000 0.000000    -0.026193     1.905803 
2458104.231336 0.000000 0.000000    -0.010088     1.905808 
2458105.897178 0.000000 0.000000     0.009202     1.905791 
2458107.563021 0.000000 0.000000     0.003962     1.905794 
2458109.228863 0.000000 0.000000    -0.013244     1.905803 
2458110.894706 0.000000 0.000000    -0.009868     1.905804 
2458112.560549 0.000000 0.000000    -0.006255     1.905815 
2458114.226391 0.000000 0.000000    -0.013302     1.905796 
2458115.892234 0.000000 0.000000     0.006055     1.905796 
2458117.558077 0.000000 0.000000     0.045298     1.905759 
2458119.223919 0.000000 0.000000     0.040708     1.905664 
2458120.889762 0.000000 0.000000    -0.012899     1.905739 
2458122.555605 0.000000 0.000000    -0.047043     1.905753 
2458124.221447 0.000000 0.000000    -0.033389     1.905776 
2458125.887290 0.000000 0.000000    -0.010587     1.905813 
2458127.553132 0.000000 0.000000    -0.002629     1.905816 
2458129.218975 0.000000 0.000000     0.002809     1.905817 
2458130.884818 0.000000 0.000000     0.007931     1.905803 
2458132.550660 0.000000 0.000000     0.002828     1.905803 
2458134.216503 0.000000 0.000000    -0.006184     1.905810 
2458135.882346 0.000000 0.000000    -0.007839     1.905810 
2458137.548188 0.000000 0.000000    -0.006167     1.905819 
2458139.214031 0.000000 0.000000    -0.007754     1.905820 
2458140.879874 0.000000 0.000000    -0.009696     1.905815 
2458142.545716 0.000000 0.000000    -0.008644     1.905814 
2458144.211559 0.000000 0.000000    -0.003908     1.905800 
2458145.877401 0.000000 0.000000     0.006462     1.905791 
2458147.543244 0.000000 0.000000     0.018721     1.905804 
2458149.209087 0.000000 0.000000     0.021816     1.905805 
2458150.874929 0.000000 0.000000     0.013367     1.905814 
2458152.540772 0.000000 0.000000     0.005021     1.905819 
2458154.206615 0.000000 0.000000     0.004580     1.905820 
2458155.872457 0.000000 0.000000     0.005943     1.905815 
2458157.538300 0.000000 0.000000     0.002215     1.905814 
2458159.204143 0.000000 0.000000    -0.003406     1.905817 
2458160.869985 0.000000 0.000000    -0.005331     1.905817 
2458162.535828 0.000000 0.000000    -0.005244     1.905820 
2458164.201670 0.000000 0.000000    -0.007883     1.905820 
2458165.867513 0.000000 0.000000    -0.011501     1.905814 
2458167.533356 0.000000 0.000000    -0.009026     1.905815 
2458169.199198 0.000000 0.000000     0.001477     1.905798 
2458170.865041 0.000000 0.000000     0.013148     1.905788 
2458172.530884 0.000000 0.000000     0.018569     1.905802 
2458174.196726 0.000000 0.000000     0.016571     1.905802 
2458175.862569 0.000000 0.000000     0.010273     1.905813 
2458177.528411 0.000000 0.000000     0.004123     1.905821 
2458179.194254 0.000000 0.000000     0.002092     1.905822 
2458180.860097 0.000000 0.000000     0.003141     1.905820 
2458182.525939 0.000000 0.000000     0.001872     1.905820 
2458184.191782 0.000000 0.000000    -0.002067     1.905821 
2458185.857625 0.000000 0.000000    -0.003442     1.905821 
2458187.523467 0.000000 0.000000    -0.003225     1.905822 
2458189.189310 0.000000 0.000000    -0.006996     1.905820 
2458190.855153 0.000000 0.000000    -0.009494     1.905814 
2458192.520995 0.000000 0.000000    -0.000137     1.905816 
2458194.186838 0.000000 0.000000     0.014409     1.905797 
2458195.852680 0.000000 0.000000     0.016186     1.905789 
2458197.518523 0.000000 0.000000     0.005104     1.905804 
2458199.184366 0.000000 0.000000    -0.002213     1.905803 
2458200.850208 0.000000 0.000000    -0.000727     1.905814 
2458202.516051 0.000000 0.000000     0.000600     1.905821 
2458204.181894 0.000000 0.000000    -0.000375     1.905822 
2458205.847736 0.000000 0.000000     0.000718     1.905822 
2458207.513579 0.000000 0.000000     0.001417     1.905822 
2458209.179422 0.000000 0.000000    -0.001136     1.905822 
2458210.845264 0.000000 0.000000    -0.002226     1.905822 
2458212.511107 0.000000 0.000000    -0.001447     1.905822 
2458214.176949 0.000000 0.000000    -0.004729     1.905821 
2458215.842792 0.000000 0.000000    -0.006711     1.905816 
2458217.508635 0.000000 0.000000     0.004213     1.905818 
2458219.174477 0.000000 0.000000     0.019030     1.905804 
2458220.840320 0.000000 0.000000     0.015976     1.905795 
2458222.506163 0.000000 0.000000    -0.002730     1.905809 
2458224.172005 0.000000 0.000000    -0.013258     1.905808 
2458225.837848 0.000000 0.000000    -0.008328     1.905816 
2458227.503691 0.000000 0.000000    -0.002164     1.905822 
2458229.169533 0.000000 0.000000    -0.001486     1.905822 
2458230.835376 0.000000 0.000000    -0.000595     1.905822 
2458232.501218 0.000000 0.000000     0.000869     1.905822 
2458234.167061 0.000000 0.000000    -0.000471     1.905822 
2458235.832904 0.000000 0.000000    -0.001413     1.905822 
2458237.498746 0.000000 0.000000    -0.000482     1.905822 
2458239.164589 0.000000 0.000000    -0.002433     1.905822 
2458240.830432 0.000000 0.000000    -0.004078     1.905819 
2458242.496274 0.000000 0.000000     0.004082     1.905820 
2458244.162117 0.000000 0.000000     0.015679     1.905814 
2458245.827960 0.000000 0.000000     0.012678     1.905808 
2458247.493802 0.000000 0.000000    -0.004016     1.905815 
2458249.159645 0.000000 0.000000    -0.014100     1.905816 
2458250.825487 0.000000 0.000000    -0.009823     1.905819 
2458252.491330 0.000000 0.000000    -0.003094     1.905822 
2458254.157173 0.000000 0.000000    -0.001492     1.905822 
2458255.823015 0.000000 0.000000    -0.000879     1.905822 
2458257.488858 0.000000 0.000000     0.000420     1.905822 
2458259.154701 0.000000 0.000000    -0.000098     1.905822 
2458260.820543 0.000000 0.000000    -0.000832     1.905822 
2458262.486386 0.000000 0.000000    -0.000153     1.905822 
2458264.152228 0.000000 0.000000    -0.000938     1.905822 
2458265.818071 0.000000 0.000000    -0.002062     1.905821 
2458267.483914 0.000000 0.000000     0.002418     1.905822 
2458269.149756 0.000000 0.000000     0.009512     1.905820 
2458270.815599 0.000000 0.000000     0.008000     1.905817 
2458272.481442 0.000000 0.000000    -0.002579     1.905820 
2458274.147284 0.000000 0.000000    -0.009675     1.905820 
2458275.813127 0.000000 0.000000    -0.007334     1.905821 
2458277.478970 0.000000 0.000000    -0.002571     1.905822 
2458279.144812 0.000000 0.000000    -0.001018     1.905822 
2458280.810655 0.000000 0.000000    -0.000626     1.905822 
2458282.476497 0.000000 0.000000     0.000170     1.905822 
2458284.142340 0.000000 0.000000     0.000041     1.905822 
2458285.808183 0.000000 0.000000    -0.000435     1.905822 
2458287.474025 0.000000 0.000000    -0.000100     1.905822 
2458289.139868 0.000000 0.000000    -0.000265     1.905822 
2458290.805711 0.000000 0.000000    -0.000835     1.905822 
2458292.471553 0.000000 0.000000     0.001011     1.905822 
2458294.137396 0.000000 0.000000     0.004343     1.905822 
2458295.803239 0.000000 0.000000     0.003881     1.905821 
2458297.469081 0.000000 0.000000    -0.001094     1.905822 
2458299.134924 0.000000 0.000000    -0.004771     1.905822 
2458300.800766 0.000000 0.000000    -0.003880     1.905822 
2458302.466609 0.000000 0.000000    -0.001477     1.905822 
2458304.132452 0.000000 0.000000    -0.000512     1.905822 
2458305.798294 0.000000 0.000000    -0.000279     1.905822 
2458307.464137 0.000000 0.000000     0.000085     1.905822 
2458309.129980 0.000000 0.000000     0.000058     1.905822 
2458310.795822 0.000000 0.000000    -0.000201     1.905822 
2458312.461665 0.000000 0.000000    -0.000101     1.905822 
2458314.127508 0.000000 0.000000    -0.000072     1.905822 
2458315.793350 0.000000 0.000000    -0.000267     1.905822 
2458317.459193 0.000000 0.000000     0.000264     1.905822 
2458319.125035 0.000000 0.000000     0.001370     1.905822 
2458320.790878 0.000000 0.000000     0.001298     1.905822 
2458322.456721 0.000000 0.000000    -0.000311     1.905822 
2458324.122563 0.000000 0.000000    -0.001565     1.905822 
2458325.788406 0.000000 0.000000    -0.001316     1.905822 
2458327.454249 0.000000 0.000000    -0.000522     1.905822 
2458329.120091 0.000000 0.000000    -0.000164     1.905822 
2458330.785934 0.000000 0.000000    -0.000052     1.905822 
2458332.451777 0.000000 0.000000     0.000072     1.905822 
2458334.117619 0.000000 0.000000     0.000041     1.905822 
2458335.783462 0.000000 0.000000    -0.000087     1.905822 
2458337.449304 0.000000 0.000000    -0.000087     1.905822 
2458339.115147 0.000000 0.000000    -0.000052     1.905822 
2458340.780990 0.000000 0.000000    -0.000090     1.905822 
2458342.446832 0.000000 0.000000    -0.000020     1.905822 
2458344.112675 0.000000 0.000000     0.000169     1.905822 
2458345.778518 0.000000 0.000000     0.000181     1.905822 
2458347.444360 0.000000 0.000000    -0.000028     1.905822 
2458349.110203 0.000000 0.000000    -0.000151     1.905822 
2458350.776045 0.000000 0.000000    -0.000079     1.905822 
2458352.441888 0.000000 0.000000    -0.000001     1.905822 
2458354.107731 0.000000 0.000000     0.000007     1.905822 
2458355.773573 0.000000 0.000000     0.000033     1.905822 
2458357.439416 0.000000 0.000000     0.000066     1.905822 
2458359.105259 0.000000 0.000000     0.000028     1.905822 
2458360.771101 0.000000 0.000000    -0.000041     1.905822 
2458362.436944 0.000000 0.000000    -0.000063     1.905822 
2458364.102787 0.000000 0.000000    -0.000054     1.905822 
2458365.768629 0.000000 0.000000    -0.000065     1.905822 
2458367.434472 0.000000 0.000000    -0.000095     1.905822 
2458369.100314 0.000000 0.000000    -0.000102     1.905822 
2458370.766157 0.000000 0.000000    -0.000051     1.905822 
2458372.432000 0.000000 0.000000     0.000069     1.905822 
2458374.097842 0.000000 0.000000     0.000190     1.905822 
2458375.763685 0.000000 0.000000     0.000213     1.905822 
2458377.429528 0.000000 0.000000     0.000133     1.905822 
2458379.095370 0.000000 0.000000     0.000050     1.905822 
2458380.761213 0.000000 0.000000     0.000035     1.905822 
2458382.427056 0.000000 0.000000     0.000046     1.905822 
2458384.092898 0.000000 0.000000     0.000022     1.905822 
2458385.758741 0.000000 0.000000    -0.000023     1.905822 
2458387.424583 0.000000 0.000000    -0.000041     1.905822 
2458389.090426 0.000000 0.000000    -0.000041     1.905822 
2458390.756269 0.000000 0.000000    -0.000066     1.905822 
2458392.422111 0.000000 0.000000    -0.000097     1.905822 
2458394.087954 0.000000 0.000000    -0.000062     1.905822 
2458395.753797 0.000000 0.000000     0.000041     1.905822 
2458397.419639 0.000000 0.000000     0.000122     1.905822 
2458399.085482 0.000000 0.000000     0.000131     1.905822 
2458400.751325 0.000000 0.000000     0.000101     1.905822 
2458402.417167 0.000000 0.000000     0.000067     1.905822 
2458404.083010 0.000000 0.000000     0.000030     1.905822 
2458405.748852 0.000000 0.000000     0.000011     1.905822 
2458407.414695 0.000000 0.000000     0.000020     1.905822 
2458409.080538 0.000000 0.000000     0.000017     1.905822 
2458410.746380 0.000000 0.000000    -0.000014     1.905822 
2458412.412223 0.000000 0.000000    -0.000027     1.905822 
2458414.078066 0.000000 0.000000    -0.000023     1.905822 
2458415.743908 0.000000 0.000000    -0.000053     1.905822 
2458417.409751 0.000000 0.000000    -0.000078     1.905822 
2458419.075594 0.000000 0.000000     0.000005     1.905822 
2458420.741436 0.000000 0.000000     0.000140     1.905822 
2458422.407279 0.000000 0.000000     0.000151     1.905822 
2458424.073121 0.000000 0.000000     0.000027     1.905822 
2458425.738964 0.000000 0.000000    -0.000056     1.905822 
2458427.404807 0.000000 0.000000    -0.000034     1.905822 
2458429.070649 0.000000 0.000000    -0.000004     1.905822 
2458430.736492 0.000000 0.000000    -0.000007     1.905822 
2458432.402335 0.000000 0.000000     0.000001     1.905822 
2458434.068177 0.000000 0.000000     0.000011     1.905822 
2458435.734020 0.000000 0.000000    -0.000006     1.905822 
2458437.399862 0.000000 0.000000    -0.000018     1.905822 
2458439.065705 0.000000 0.000000    -0.000009     1.905822 
2458440.731548 0.000000 0.000000    -0.000032     1.905822 
2458442.397390 0.000000 0.000000    -0.000054     1.905822 
2458444.063233 0.000000 0.000000     0.000030     1.905822 
2458445.729076 0.000000 0.000000     0.000158     1.905822 
2458447.394918 0.000000 0.000000     0.000143     1.905822 
2458449.060761 0.000000 0.000000    -0.000020     1.905822 
2458450.726604 0.000000 0.000000    -0.000125     1.905822 
2458452.392446 0.000000 0.000000    -0.000087     1.905822 
2458454.058289 0.000000 0.000000    -0.000025     1.905822 
2458455.724131 0.000000 0.000000    -0.000014     1.905822 
2458457.389974 0.000000 0.000000    -0.000008     1.905822 
2458459.055817 0.000000 0.000000     0.000006     1.905822 
2458460.721659 0.000000 0.000000    -0.000002     1.905822 
2458462.387502 0.000000 0.000000    -0.000011     1.905822 
2458464.053345 0.000000 0.000000    -0.000003     1.905822 
2458465.719187 0.000000 0.000000    -0.000015     1.905822 
2458467.385030 0.000000 0.000000    -0.000031     1.905822 
2458469.050873 0.000000 0.000000     0.000025     1.905822 
2458470.716715 0.000000 0.000000     0.000119     1.905822 
2458472.382558 0.000000 0.000000     0.000107     1.905822 
2458474.048400 0.000000 0.000000    -0.000023     1.905822 
2458475.714243 0.000000 0.000000    -0.000114     1.905822 
2458477.380086 0.000000 0.000000    -0.000087     1.905822 
2458479.045928 0.000000 0.000000    -0.000029     1.905822 
2458480.711771 0.000000 0.000000    -0.000012     1.905822 
2458482.377614 0.000000 0.000000    -0.000008     1.905822 
2458484.043456 0.000000 0.000000     0.000002     1.905822 
2458485.709299 0.000000 0.000000     0.000000     1.905822 
2458487.375142 0.000000 0.000000    -0.000006     1.905822 
2458489.040984 0.000000 0.000000    -0.000001     1.905822 
2458490.706827 0.000000 0.000000    -0.000005     1.905822 
2458492.372669 0.000000 0.000000    -0.000015     1.905822 
2458494.038512 0.000000 0.000000     0.000013     1.905822 
2458495.704355 0.000000 0.000000     0.000066     1.905822 
2458497.370197 0.000000 0.000000     0.000063     1.905822 
2458499.036040 0.000000 0.000000    -0.000013     1.905822 
2458500.701883 0.000000 0.000000    -0.000070     1.905822 
2458502.367725 0.000000 0.000000    -0.000058     1.905822 
2458504.033568 0.000000 0.000000    -0.000022     1.905822 
2458505.699411 0.000000 0.000000    -0.000008     1.905822 
2458507.365253 0.000000 0.000000    -0.000005     1.905822 
2458509.031096 0.000000 0.000000     0.000001     1.905822 
2458510.696938 0.000000 0.000000     0.000001     1.905822 
2458512.362781 0.000000 0.000000    -0.000003     1.905822 
2458514.028624 0.000000 0.000000    -0.000001     1.905822 
2458515.694466 0.000000 0.000000    -0.000001     1.905822 
2458517.360309 0.000000 0.000000    -0.000005     1.905822 
2458519.026152 0.000000 0.000000     0.000005     1.905822 
2458520.691994 0.000000 0.000000     0.000028     1.905822 
2458522.357837 0.000000 0.000000     0.000028     1.905822 
2458524.023679 0.000000 0.000000    -0.000004     1.905822 
2458525.689522 0.000000 0.000000    -0.000031     1.905822 
2458527.355365 0.000000 0.000000    -0.000028     1.905822 
2458529.021207 0.000000 0.000000    -0.000011     1.905822 
2458530.687050 0.000000 0.000000    -0.000004     1.905822 
2458532.352893 0.000000 0.000000    -0.000002     1.905822 
2458534.018735 0.000000 0.000000     0.000001     1.905822 
2458535.684578 0.000000 0.000000     0.000001     1.905822 
2458537.350421 0.000000 0.000000    -0.000001     1.905822 
2458539.016263 0.000000 0.000000    -0.000001     1.905822 
2458540.682106 0.000000 0.000000    -0.000000     1.905822 
2458542.347948 0.000000 0.000000    -0.000002     1.905822 
2458544.013791 0.000000 0.000000     0.000001     1.905822 
2458545.679634 0.000000 0.000000     0.000007     1.905822 
2458547.345476 0.000000 0.000000     0.000008     1.905822 
2458549.011319 0.000000 0.000000    -0.000001     1.905822 
2458550.677162 0.000000 0.000000    -0.000009     1.905822 
2458552.343004 0.000000 0.000000    -0.000008     1.905822 
2458554.008847 0.000000 0.000000    -0.000003     1.905822 
2458555.674690 0.000000 0.000000    -0.000001     1.905822 
2458557.340532 0.000000 0.000000    -0.000000     1.905822 
2458559.006375 0.000000 0.000000     0.000001     1.905822 
2458560.672217 0.000000 0.000000     0.000000     1.905822 
2458562.338060 0.000000 0.000000    -0.000001     1.905822 
2458564.003903 0.000000 0.000000    -0.000001     1.905822 
2458565.669745 0.000000 0.000000    -0.000000     1.905822 
2458567.335588 0.000000 0.000000    -0.000001     1.905822 
2458569.001431 0.000000 0.000000    -0.000001     1.905822 
2458570.667273 0.000000 0.000000     0.000000     1.905822 
2458572.333116 0.000000 0.000000     0.000000     1.905822 
2458573.998959 0.000000 0.000000     0.000000     1.905822 
2458575.664801 0.000000 0.000000     0.000000     1.905822 
2458577.330644 0.000000 0.000000     0.000001     1.905822 
2458578.996486 0.000000 0.000000     0.000001     1.905822 
2458580.662329 0.000000 0.000000     0.000000     1.905822 
2458582.328172 0.000000 0.000000     0.000000     1.905822 
2458583.994014 0.000000 0.000000     0.000001     1.905822 
2458585.659857 0.000000 0.000000     0.000000     1.905822 
2458587.325700 0.000000 0.000000    -0.000000     1.905822 
2458588.991542 0.000000 0.000000    -0.000000     1.905822 
2458590.657385 0.000000 0.000000    -0.000000     1.905822 
2458592.323228 0.000000 0.000000    -0.000001     1.905822 
2458593.989070 0.000000 0.000000    -0.000001     1.905822 
2458595.654913 0.000000 0.000000    -0.000001     1.905822 
2458597.320755 0.000000 0.000000    -0.000000     1.905822 
2458598.986598 0.000000 0.000000     0.000001     1.905822 
2458600.652441 0.000000 0.000000     0.000002     1.905822 
2458602.318283 0.000000 0.000000     0.000002     1.905822 
2458603.984126 0.000000 0.000000     0.000001     1.905822 
2458605.649969 0.000000 0.000000     0.000000     1.905822 
2458607.315811 0.000000 0.000000     0.000000     1.905822 
2458608.981654 0.000000 0.000000     0.000000     1.905822 
2458610.647496 0.000000 0.000000     0.000000     1.905822 
2458612.313339 0.000000 0.000000    -0.000000     1.905822 
2458613.979182 0.000000 0.000000    -0.000000     1.905822 
2458615.645024 0.000000 0.000000    -0.000000     1.905822 
2458617.310867 0.000000 0.000000    -0.000001     1.905822 
2458618.976710 0.000000 0.000000    -0.000001     1.905822 
2458620.642552 0.000000 0.000000    -0.000000     1.905822 
2458622.308395 0.000000 0.000000     0.000001     1.905822 
2458623.974238 0.000000 0.000000     0.000001     1.905822 
2458625.640080 0.000000 0.000000     0.000001     1.905822 
2458627.305923 0.000000 0.000000     0.000000     1.905822 
2458628.971765 0.000000 0.000000     0.000000     1.905822 
2458630.637608 0.000000 0.000000     0.000000     1.905822 
2458632.303451 0.000000 0.000000     0.000000     1.905822 
2458633.969293 0.000000 0.000000     0.000000     1.905822 
2458635.635136 0.000000 0.000000     0.000000     1.905822 
2458637.300979 0.000000 0.000000    -0.000000     1.905822 
2458638.966821 0.000000 0.000000    -0.000000     1.905822 
2458640.632664 0.000000 0.000000    -0.000000     1.905822 
2458642.298507 0.000000 0.000000    -0.000000     1.905822 
2458643.964349 0.000000 0.000000    -0.000001     1.905822 
2458645.630192 0.000000 0.000000     0.000000     1.905822 
2458647.296034 0.000000 0.000000     0.000001     1.905822 
2458648.961877 0.000000 0.000000     0.000001     1.905822 
2458650.627720 0.000000 0.000000     0.000000     1.905822 
2458652.293562 0.000000 0.000000    -0.000001     1.905822 
2458653.959405 0.000000 0.000000    -0.000001     1.905822 
2458655.625248 0.000000 0.000000    -0.000000     1.905822 
2458657.291090 0.000000 0.000000    -0.000000     1.905822 
2458658.956933 0.000000 0.000000    -0.000000     1.905822 
2458660.622776 0.000000 0.000000     0.000000     1.905822 
2458662.288618 0.000000 0.000000    -0.000000     1.905822 
2458663.954461 0.000000 0.000000    -0.000000     1.905822 
2458665.620303 0.000000 0.000000    -0.000000     1.905822 
2458667.286146 0.000000 0.000000    -0.000000     1.905822 
2458668.951989 0.000000 0.000000    -0.000000     1.905822 
2458670.617831 0.000000 0.000000     0.000000     1.905822 
2458672.283674 0.000000 0.000000     0.000001     1.905822 
2458673.949517 0.000000 0.000000     0.000001     1.905822 
2458675.615359 0.000000 0.000000    -0.000000     1.905822 
2458677.281202 0.000000 0.000000    -0.000001     1.905822 
2458678.947045 0.000000 0.000000    -0.000001     1.905822 
2458680.612887 0.000000 0.000000    -0.000000     1.905822 
2458682.278730 0.000000 0.000000    -0.000000     1.905822 
2458683.944572 0.000000 0.000000    -0.000000     1.905822 
2458685.610415 0.000000 0.000000     0.000000     1.905822 
2458687.276258 0.000000 0.000000    -0.000000     1.905822 
2458688.942100 0.000000 0.000000    -0.000000     1.905822 
2458690.607943 0.000000 0.000000    -0.000000     1.905822 
2458692.273786 0.000000 0.000000    -0.000000     1.905822 
2458693.939628 0.000000 0.000000    -0.000000     1.905822 
2458695.605471 0.000000 0.000000     0.000000     1.905822 
2458697.271313 0.000000 0.000000     0.000001     1.905822 
2458698.937156 0.000000 0.000000     0.000001     1.905822 
2458700.602999 0.000000 0.000000    -0.000000     1.905822 
2458702.268841 0.000000 0.000000    -0.000001     1.905822 
2458703.934684 0.000000 0.000000    -0.000001     1.905822 
2458705.600527 0.000000 0.000000    -0.000000     1.905822 
2458707.266369 0.000000 0.000000    -0.000000     1.905822 
2458708.932212 0.000000 0.000000    -0.000000     1.905822 
2458710.598055 0.000000 0.000000     0.000000     1.905822 
2458712.263897 0.000000 0.000000     0.000000     1.905822 
2458713.929740 0.000000 0.000000    -0.000000     1.905822 
2458715.595582 0.000000 0.000000    -0.000000     1.905822 
2458717.261425 0.000000 0.000000    -0.000000     1.905822 
2458718.927268 0.000000 0.000000    -0.000000     1.905822 
2458720.593110 0.000000 0.000000     0.000000     1.905822 
2458722.258953 0.000000 0.000000     0.000000     1.905822 
2458723.924796 0.000000 0.000000     0.000000     1.905822 
2458725.590638 0.000000 0.000000    -0.000000     1.905822 
2458727.256481 0.000000 0.000000    -0.000000     1.905822 
2458728.922324 0.000000 0.000000    -0.000000     1.905822 
2458730.588166 0.000000 0.000000    -0.000000     1.905822 
2458732.254009 0.000000 0.000000    -0.000000     1.905822 
2458733.919851 0.000000 0.000000    -0.000000     1.905822 
2458735.585694 0.000000 0.000000     0.000000     1.905822 
2458737.251537 0.000000 0.000000     0.000000     1.905822 
2458738.917379 0.000000 0.000000    -0.000000     1.905822 
2458740.583222 0.000000 0.000000    -0.000000     1.905822 
2458742.249065 0.000000 0.000000    -0.000000     1.905822 
2458743.914907 0.000000 0.000000    -0.000000     1.905822 
2458745.580750 0.000000 0.000000     0.000000     1.905822 
2458747.246593 0.000000 0.000000     0.000000     1.905822 
2458748.912435 0.000000 0.000000     0.000000     1.905822 
2458750.578278 0.000000 0.000000    -0.000000     1.905822 
2458752.244120 0.000000 0.000000    -0.000000     1.905822 
2458753.909963 0.000000 0.000000    -0.000000     1.905822 
2458755.575806 0.000000 0.000000    -0.000000     1.905822 
2458757.241648 0.000000 0.000000    -0.000000     1.905822 
2458758.907491 0.000000 0.000000    -0.000000     1.905822 
2458760.573334 0.000000 0.000000     0.000000     1.905822 
2458762.239176 0.000000 0.000000     0.000000     1.905822 
2458763.905019 0.000000 0.000000    -0.000000     1.905822 
2458765.570862 0.000000 0.000000    -0.000000     1.905822 
2458767.236704 0.000000 0.000000    -0.000000     1.905822 
2458768.902547 0.000000 0.000000    -0.000000     1.905822 
2458770.568389 0.000000 0.000000     0.000000     1.905822 
2458772.234232 0.000000 0.000000     0.000000     1.905822 
2458773.900075 0.000000 0.000000     0.000000     1.905822 
2458775.565917 0.000000 0.000000    -0.000000     1.905822 
2458777.231760 0.000000 0.000000    -0.000000     1.905822 
2458778.897603 0.000000 0.000000    -0.000000     1.905822 
2458780.563445 0.000000 0.000000    -0.000000     1.905822 
2458782.229288 0.000000 0.000000    -0.000000     1.905822 
2458783.895130 0.000000 0.000000     0.000000     1.905822 
2458785.560973 0.000000 0.000000     0.000000     1.905822 
2458787.226816 0.000000 0.000000     0.000000     1.905822 
2458788.892658 0.000000 0.000000    -0.000000     1.905822 
2458790.558501 0.000000 0.000000    -0.000000     1.905822 
2458792.224344 0.000000 0.000000    -0.000000     1.905822 
2458793.890186 0.000000 0.000000    -0.000000     1.905822 
2458795.556029 0.000000 0.000000    -0.000000     1.905822 
2458797.221872 0.000000 0.000000    -0.000000     1.905822 
2458798.887714 0.000000 0.000000    -0.000000     1.905822 
2458800.553557 0.000000 0.000000     0.000000     1.905822 
2458802.219399 0.000000 0.000000     0.000000     1.905822 
2458803.885242 0.000000 0.000000     0.000000     1.905822 
2458805.551085 0.000000 0.000000     0.000000     1.905822 
2458807.216927 0.000000 0.000000     0.000000     1.905822 
2458808.882770 0.000000 0.000000     0.000000     1.905822 
2458810.548613 0.000000 0.000000     0.000000     1.905822 
2458812.214455 0.000000 0.000000     0.000000     1.905822 
2458813.880298 0.000000 0.000000    -0.000000     1.905822 
2458815.546141 0.000000 0.000000    -0.000000     1.905822 
2458817.211983 0.000000 0.000000    -0.000000     1.905822 
2458818.877826 0.000000 0.000000    -0.000000     1.905822 
2458820.543668 0.000000 0.000000    -0.000000     1.905822 
2458822.209511 0.000000 0.000000    -0.000000     1.905822 
2458823.875354 0.000000 0.000000    -0.000000     1.905822 
2458825.541196 0.000000 0.000000     0.000000     1.905822 
2458827.207039 0.000000 0.000000     0.000000     1.905822 
2458828.872882 0.000000 0.000000     0.000000     1.905822 
2458830.538724 0.000000 0.000000     0.000000     1.905822 
2458832.204567 0.000000 0.000000     0.000000     1.905822 
2458833.870410 0.000000 0.000000     0.000000     1.905822 
2458835.536252 0.000000 0.000000     0.000000     1.905822 
2458837.202095 0.000000 0.000000     0.000000     1.905822 
2458838.867937 0.000000 0.000000    -0.000000     1.905822 
2458840.533780 0.000000 0.000000    -0.000000     1.905822 
2458842.199623 0.000000 0.000000    -0.000000     1.905822 
2458843.865465 0.000000 0.000000    -0.000000     1.905822 
2458845.531308 0.000000 0.000000    -0.000000     1.905822 
2458847.197151 0.000000 0.000000    -0.000000     1.905822 
2458848.862993 0.000000 0.000000     0.000000     1.905822 
2458850.528836 0.000000 0.000000     0.000000     1.905822 
2458852.194679 0.000000 0.000000     0.000000     1.905822 
2458853.860521 0.000000 0.000000     0.000000     1.905822 
2458855.526364 0.000000 0.000000     0.000000     1.905822 
2458857.192206 0.000000 0.000000     0.000000     1.905822 
2458858.858049 0.000000 0.000000     0.000000     1.905822 
2458860.523892 0.000000 0.000000     0.000000     1.905822 
2458862.189734 0.000000 0.000000     0.000000     1.905822 
2458863.855577 0.000000 0.000000    -0.000000     1.905822 
2458865.521420 0.000000 0.000000    -0.000000     1.905822 
2458867.187262 0.000000 0.000000    -0.000000     1.905822 
2458868.853105 0.000000 0.000000    -0.000000     1.905822 
2458870.518947 0.000000 0.000000    -0.000000     1.905822 
2458872.184790 0.000000 0.000000     0.000000     1.905822 
2458873.850633 0.000000 0.000000     0.000000     1.905822 
2458875.516475 0.000000 0.000000     0.000000     1.905822 
2458877.182318 0.000000 0.000000     0.000000     1.905822 
2458878.848161 0.000000 0.000000    -0.000000     1.905822 
2458880.514003 0.000000 0.000000    -0.000000     1.905822 
2458882.179846 0.000000 0.000000    -0.000000     1.905822 
2458883.845689 0.000000 0.000000    -0.000000     1.905822 
2458885.511531 0.000000 0.000000    -0.000000     1.905822 
2458887.177374 0.000000 0.000000     0.000000     1.905822 
2458888.843216 0.000000 0.000000    -0.000000     1.905822 
2458890.509059 0.000000 0.000000    -0.000000     1.905822 
2458892.174902 0.000000 0.000000    -0.000000     1.905822 
2458893.840744 0.000000 0.000000    -0.000000     1.905822 
2458895.506587 0.000000 0.000000    -0.000000     1.905822 
2458897.172430 0.000000 0.000000     0.000000     1.905822 
2458898.838272 0.000000 0.000000     0.000000     1.905822 
2458900.504115 0.000000 0.000000     0.000000     1.905822 
2458902.169958 0.000000 0.000000    -0.000000     1.905822 
2458903.835800 0.000000 0.000000    -0.000000     1.905822 
2458905.501643 0.000000 0.000000    -0.000000     1.905822 
2458907.167485 0.000000 0.000000    -0.000000     1.905822 
2458908.833328 0.000000 0.000000    -0.000000     1.905822 
2458910.499171 0.000000 0.000000    -0.000000     1.905822 
2458912.165013 0.000000 0.000000     0.000000     1.905822 
2458913.830856 0.000000 0.000000     0.000000     1.905822 
2458915.496699 0.000000 0.000000    -0.000000     1.905822 
2458917.162541 0.000000 0.000000    -0.000000     1.905822 
2458918.828384 0.000000 0.000000    -0.000000     1.905822 
2458920.494227 0.000000 0.000000    -0.000000     1.905822 
2458922.160069 0.000000 0.000000     0.000000     1.905822 
2458923.825912 0.000000 0.000000     0.000000     1.905822 
2458925.491754 0.000000 0.000000     0.000000     1.905822 
2458927.157597 0.000000 0.000000    -0.000000     1.905822 
2458928.823440 0.000000 0.000000    -0.000000     1.905822 
2458930.489282 0.000000 0.000000    -0.000000     1.905822 
2458932.155125 0.000000 0.000000    -0.000000     1.905822 
2458933.820968 0.000000 0.000000    -0.000000     1.905822 
2458935.486810 0.000000 0.000000    -0.000000     1.905822 
2458937.152653 0.000000 0.000000    -0.000000     1.905822 
2458938.818496 0.000000 0.000000     0.000000     1.905822 
2458940.484338 0.000000 0.000000    -0.000000     1.905822 
2458942.150181 0.000000 0.000000    -0.000000     1.905822 
2458943.816023 0.000000 0.000000    -0.000000     1.905822 
2458945.481866 0.000000 0.000000    -0.000000     1.905822 
2458947.147709 0.000000 0.000000     0.000000     1.905822 
2458948.813551 0.000000 0.000000     0.000000     1.905822 
2458950.479394 0.000000 0.000000     0.000000     1.905822 
2458952.145237 0.000000 0.000000    -0.000000     1.905822 
2458953.811079 0.000000 0.000000    -0.000000     1.905822 
2458955.476922 0.000000 0.000000    -0.000000     1.905822 
2458957.142764 0.000000 0.000000    -0.000000     1.905822 
2458958.808607 0.000000 0.000000    -0.000000     1.905822 
2458960.474450 0.000000 0.000000    -0.000000     1.905822 
2458962.140292 0.000000 0.000000     0.000000     1.905822 
2458963.806135 0.000000 0.000000     0.000000     1.905822 
2458965.471978 0.000000 0.000000    -0.000000     1.905822 
2458967.137820 0.000000 0.000000    -0.000000     1.905822 
2458968.803663 0.000000 0.000000    -0.000000     1.905822 
2458970.469506 0.000000 0.000000    -0.000000     1.905822 
2458972.135348 0.000000 0.000000     0.000000     1.905822 
2458973.801191 0.000000 0.000000     0.000000     1.905822 
2458975.467033 0.000000 0.000000     0.000000     1.905822 
2458977.132876 0.000000 0.000000    -0.000000     1.905822 
2458978.798719 0.000000 0.000000    -0.000000     1.905822 
2458980.464561 0.000000 0.000000    -0.000000     1.905822 
2458982.130404 0.000000 0.000000    -0.000000     1.905822 
2458983.796247 0.000000 0.000000    -0.000000     1.905822 
2458985.462089 0.000000 0.000000    -0.000000     1.905822 
2458987.127932 0.000000 0.000000     0.000000     1.905822 
2458988.793775 0.000000 0.000000     0.000000     1.905822 
2458990.459617 0.000000 0.000000    -0.000000     1.905822 
2458992.125460 0.000000 0.000000    -0.000000     1.905822 
2458993.791302 0.000000 0.000000    -0.000000     1.905822 
2458995.457145 0.000000 0.000000    -0.000000     1.905822 
2458997.122988 0.000000 0.000000    -0.000000     1.905822 
2458998.788830 0.000000 0.000000     0.000000     1.905822 
2459000.454673 0.000000 0.000000     0.000000     1.905822 
2459002.120516 0.000000 0.000000    -0.000000     1.905822 
2459003.786358 0.000000 0.000000    -0.000000     1.905822 
2459005.452201 0.000000 0.000000     0.000000     1.905822 
2459007.118044 0.000000 0.000000     0.000000     1.905822 
2459008.783886 0.000000 0.000000     0.000000     1.905822 
2459010.449729 0.000000 0.000000     0.000000     1.905822 
2459012.115571 0.000000 0.000000    -0.000000     1.905822 
2459013.781414 0.000000 0.000000    -0.000000     1.905822 
2459015.447257 0.000000 0.000000    -0.000000     1.905822 
2459017.113099 0.000000 0.000000     0.000000     1.905822 
2459018.778942 0.000000 0.000000    -0.000000     1.905822 
2459020.444785 0.000000 0.000000    -0.000000     1.905822 
2459022.110627 0.000000 0.000000     0.000000     1.905822 
2459023.776470 0.000000 0.000000    -0.000000     1.905822 
2459025.442313 0.000000 0.000000    -0.000000     1.905822 
2459027.108155 0.000000 0.000000    -0.000000     1.905822 
2459028.773998 0.000000 0.000000     0.000000     1.905822 
2459030.439840 0.000000 0.000000    -0.000000     1.905822 
2459032.105683 0.000000 0.000000     0.000000     1.905822 
2459033.771526 0.000000 0.000000     0.000000     1.905822 
2459035.437368 0.000000 0.000000     0.000000     1.905822 
2459037.103211 0.000000 0.000000    -0.000000     1.905822 
2459038.769054 0.000000 0.000000    -0.000000     1.905822 
2459040.434896 0.000000 0.000000    -0.000000     1.905822 
2459042.100739 0.000000 0.000000     0.000000     1.905822 
2459043.766581 0.000000 0.000000     0.000000     1.905822 
2459045.432424 0.000000 0.000000     0.000000     1.905822 
2459047.098267 0.000000 0.000000     0.000000     1.905822 
2459048.764109 0.000000 0.000000     0.000000     1.905822 
2459050.429952 0.000000 0.000000    -0.000000     1.905822 
2459052.095795 0.000000 0.000000    -0.000000     1.905822 
2459053.761637 0.000000 0.000000     0.000000     1.905822 
2459055.427480 0.000000 0.000000    -0.000000     1.905822 
2459057.093323 0.000000 0.000000    -0.000000     1.905822 
2459058.759165 0.000000 0.000000     0.000000     1.905822 
2459060.425008 0.000000 0.000000     0.000000     1.905822 
2459062.090850 0.000000 0.000000    -0.000000     1.905822 
2459063.756693 0.000000 0.000000    -0.000000     1.905822 
2459065.422536 0.000000 0.000000    -0.000000     1.905822 
2459067.088378 0.000000 0.000000     0.000000     1.905822 
2459068.754221 0.000000 0.000000     0.000000     1.905822 
2459070.420064 0.000000 0.000000     0.000000     1.905822 
2459072.085906 0.000000 0.000000     0.000000     1.905822 
2459073.751749 0.000000 0.000000     0.000000     1.905822 
2459075.417592 0.000000 0.000000    -0.000000     1.905822 
2459077.083434 0.000000 0.000000    -0.000000     1.905822 
2459078.749277 0.000000 0.000000     0.000000     1.905822 
2459080.415119 0.000000 0.000000    -0.000000     1.905822 
2459082.080962 0.000000 0.000000    -0.000000     1.905822 
2459083.746805 0.000000 0.000000     0.000000     1.905822 
2459085.412647 0.000000 0.000000     0.000000     1.905822 
2459087.078490 0.000000 0.000000    -0.000000     1.905822 
2459088.744333 0.000000 0.000000    -0.000000     1.905822 
2459090.410175 0.000000 0.000000    -0.000000     1.905822 
2459092.076018 0.000000 0.000000     0.000000     1.905822 
2459093.741861 0.000000 0.000000     0.000000     1.905822 
2459095.407703 0.000000 0.000000     0.000000     1.905822 
2459097.073546 0.000000 0.000000     0.000000     1.905822 
2459098.739388 0.000000 0.000000     0.000000     1.905822 
2459100.405231 0.000000 0.000000    -0.000000     1.905822 
2459102.071074 0.000000 0.000000    -0.000000     1.905822 
2459103.736916 0.000000 0.000000    -0.000000     1.905822 
2459105.402759 0.000000 0.000000    -0.000000     1.905822 
2459107.068602 0.000000 0.000000    -0.000000     1.905822 
2459108.734444 0.000000 0.000000     0.000000     1.905822 
2459110.400287 0.000000 0.000000     0.000000     1.905822 
2459112.066130 0.000000 0.000000    -0.000000     1.905822 
2459113.731972 0.000000 0.000000    -0.000000     1.905822 
2459115.397815 0.000000 0.000000    -0.000000     1.905822 
2459117.063657 0.000000 0.000000     0.000000     1.905822 
2459118.729500 0.000000 0.000000     0.000000     1.905822 
2459120.395343 0.000000 0.000000     0.000000     1.905822 
2459122.061185 0.000000 0.000000     0.000000     1.905822 
2459123.727028 0.000000 0.000000     0.000000     1.905822 
2459125.392871 0.000000 0.000000    -0.000000     1.905822 
2459127.058713 0.000000 0.000000    -0.000000     1.905822 
2459128.724556 0.000000 0.000000    -0.000000     1.905822 
2459130.390398 0.000000 0.000000    -0.000000     1.905822 
2459132.056241 0.000000 0.000000     0.000000     1.905822 
2459133.722084 0.000000 0.000000     0.000000     1.905822 
2459135.387926 0.000000 0.000000     0.000000     1.905822 
2459137.053769 0.000000 0.000000    -0.000000     1.905822 
2459138.719612 0.000000 0.000000    -0.000000     1.905822 
2459140.385454 0.000000 0.000000    -0.000000     1.905822 
2459142.051297 0.000000 0.000000     0.000000     1.905822 
2459143.717140 0.000000 0.000000     0.000000     1.905822 
2459145.382982 0.000000 0.000000    -0.000000     1.905822 
2459147.048825 0.000000 0.000000     0.000000     1.905822 
2459148.714667 0.000000 0.000000     0.000000     1.905822 
2459150.380510 0.000000 0.000000    -0.000000     1.905822 
2459152.046353 0.000000 0.000000    -0.000000     1.905822 
2459153.712195 0.000000 0.000000    -0.000000     1.905822 
2459155.378038 0.000000 0.000000     0.000000     1.905822 
2459157.043881 0.000000 0.000000     0.000000     1.905822 
2459158.709723 0.000000 0.000000     0.000000     1.905822 
2459160.375566 0.000000 0.000000     0.000000     1.905822 
2459162.041409 0.000000 0.000000     0.000000     1.905822 
2459163.707251 0.000000 0.000000    -0.000000     1.905822 
2459165.373094 0.000000 0.000000     0.000000     1.905822 
2459167.038936 0.000000 0.000000     0.000000     1.905822 
2459168.704779 0.000000 0.000000    -0.000000     1.905822 
2459170.370622 0.000000 0.000000    -0.000000     1.905822 
2459172.036464 0.000000 0.000000    -0.000000     1.905822 
2459173.702307 0.000000 0.000000     0.000000     1.905822 
2459175.368150 0.000000 0.000000    -0.000000     1.905822 
2459177.033992 0.000000 0.000000    -0.000000     1.905822 
2459178.699835 0.000000 0.000000    -0.000000     1.905822 
2459180.365678 0.000000 0.000000     0.000000     1.905822 
2459182.031520 0.000000 0.000000     0.000000     1.905822 
2459183.697363 0.000000 0.000000     0.000000     1.905822 
2459185.363205 0.000000 0.000000     0.000000     1.905822 
2459187.029048 0.000000 0.000000     0.000000     1.905822 
2459188.694891 0.000000 0.000000     0.000000     1.905822 
2459190.360733 0.000000 0.000000     0.000000     1.905822 
2459192.026576 0.000000 0.000000    -0.000000     1.905822 
2459193.692419 0.000000 0.000000    -0.000000     1.905822 
2459195.358261 0.000000 0.000000    -0.000000     1.905822 
2459197.024104 0.000000 0.000000    -0.000000     1.905822 
2459198.689947 0.000000 0.000000     0.000000     1.905822 
2459200.355789 0.000000 0.000000     0.000000     1.905822 
2459202.021632 0.000000 0.000000    -0.000000     1.905822 
2459203.687474 0.000000 0.000000    -0.000000     1.905822 
2459205.353317 0.000000 0.000000     0.000000     1.905822 
2459207.019160 0.000000 0.000000     0.000000     1.905822 
2459208.685002 0.000000 0.000000     0.000000     1.905822 
2459210.350845 0.000000 0.000000     0.000000     1.905822 
2459212.016688 0.000000 0.000000     0.000000     1.905822 
2459213.682530 0.000000 0.000000     0.000000     1.905822 
2459215.348373 0.000000 0.000000     0.000000     1.905822 
2459217.014215 0.000000 0.000000    -0.000000     1.905822 
2459218.680058 0.000000 0.000000    -0.000000     1.905822 
2459220.345901 0.000000 0.000000    -0.000000     1.905822 
2459222.011743 0.000000 0.000000    -0.000000     1.905822 
2459223.677586 0.000000 0.000000     0.000000     1.905822 
2459225.343429 0.000000 0.000000     0.000000     1.905822 
2459227.009271 0.000000 0.000000    -0.000000     1.905822 
2459228.675114 0.000000 0.000000    -0.000000     1.905822 
2459230.340957 0.000000 0.000000     0.000000     1.905822 
2459232.006799 0.000000 0.000000     0.000000     1.905822 
2459233.672642 0.000000 0.000000     0.000000     1.905822 
2459235.338484 0.000000 0.000000     0.000000     1.905822 
2459237.004327 0.000000 0.000000     0.000000     1.905822 
2459238.670170 0.000000 0.000000    -0.000000     1.905822 
2459240.336012 0.000000 0.000000    -0.000000     1.905822 
2459242.001855 0.000000 0.000000    -0.000000     1.905822 
2459243.667698 0.000000 0.000000     0.000000     1.905822 
2459245.333540 0.000000 0.000000     0.000000     1.905822 
2459246.999383 0.000000 0.000000     0.000000     1.905822 
2459248.665226 0.000000 0.000000     0.000000     1.905822 
2459250.331068 0.000000 0.000000     0.000000     1.905822 
2459251.996911 0.000000 0.000000    -0.000000     1.905822 
2459253.662753 0.000000 0.000000    -0.000000     1.905822 
2459255.328596 0.000000 0.000000     0.000000     1.905822 
2459256.994439 0.000000 0.000000    -0.000000     1.905822 
2459258.660281 0.000000 0.000000    -0.000000     1.905822 
2459260.326124 0.000000 0.000000     0.000000     1.905822 
2459261.991967 0.000000 0.000000     0.000000     1.905822 
2459263.657809 0.000000 0.000000    -0.000000     1.905822 
2459265.323652 0.000000 0.000000    -0.000000     1.905822 
2459266.989495 0.000000 0.000000    -0.000000     1.905822 
2459268.655337 0.000000 0.000000     0.000000     1.905822 
2459270.321180 0.000000 0.000000     0.000000     1.905822 
2459271.987022 0.000000 0.000000     0.000000     1.905822 
2459273.652865 0.000000 0.000000     0.000000     1.905822 
2459275.318708 0.000000 0.000000     0.000000     1.905822 
2459276.984550 0.000000 0.000000    -0.000000     1.905822 
2459278.650393 0.000000 0.000000    -0.000000     1.905822 
2459280.316236 0.000000 0.000000     0.000000     1.905822 
2459281.982078 0.000000 0.000000    -0.000000     1.905822 
2459283.647921 0.000000 0.000000    -0.000000     1.905822 
2459285.313764 0.000000 0.000000     0.000000     1.905822 
2459286.979606 0.000000 0.000000     0.000000     1.905822 
2459288.645449 0.000000 0.000000    -0.000000     1.905822 
2459290.311291 0.000000 0.000000    -0.000001     1.905822 
2459291.977134 0.000000 0.000000    -0.000000     1.905822 
2459293.642977 0.000000 0.000000     0.000000     1.905822 
2459295.308819 0.000000 0.000000     0.000000     1.905822 
2459296.974662 0.000000 0.000000     0.000000     1.905822 
2459298.640505 0.000000 0.000000     0.000000     1.905822 
2459300.306347 0.000000 0.000000     0.000000     1.905822 
2459301.972190 0.000000 0.000000    -0.000000     1.905822 
2459303.638032 0.000000 0.000000    -0.000000     1.905822 
2459305.303875 0.000000 0.000000    -0.000000     1.905822 
2459306.969718 0.000000 0.000000    -0.000000     1.905822 
2459308.635560 0.000000 0.000000    -0.000000     1.905822 
2459310.301403 0.000000 0.000000     0.000001     1.905822 
2459311.967246 0.000000 0.000000     0.000001     1.905822 
2459313.633088 0.000000 0.000000    -0.000000     1.905822 
2459315.298931 0.000000 0.000000    -0.000001     1.905822 
2459316.964774 0.000000 0.000000    -0.000000     1.905822 
2459318.630616 0.000000 0.000000     0.000001     1.905822 
2459320.296459 0.000000 0.000000     0.000000     1.905822 
2459321.962301 0.000000 0.000000     0.000000     1.905822 
2459323.628144 0.000000 0.000000     0.000000     1.905822 
2459325.293987 0.000000 0.000000     0.000000     1.905822 
2459326.959829 0.000000 0.000000    -0.000000     1.905822 
2459328.625672 0.000000 0.000000    -0.000000     1.905822 
2459330.291515 0.000000 0.000000    -0.000000     1.905822 
2459331.957357 0.000000 0.000000    -0.000000     1.905822 
2459333.623200 0.000000 0.000000     0.000000     1.905822 
2459335.289043 0.000000 0.000000     0.000001     1.905822 
2459336.954885 0.000000 0.000000     0.000001     1.905822 
2459338.620728 0.000000 0.000000    -0.000000     1.905822 
2459340.286570 0.000000 0.000000    -0.000001     1.905822 
2459341.952413 0.000000 0.000000    -0.000000     1.905822 
2459343.618256 0.000000 0.000000     0.000001     1.905822 
2459345.284098 0.000000 0.000000     0.000001     1.905822 
2459346.949941 0.000000 0.000000     0.000000     1.905822 
2459348.615784 0.000000 0.000000     0.000001     1.905822 
2459350.281626 0.000000 0.000000     0.000001     1.905822 
2459351.947469 0.000000 0.000000    -0.000000     1.905822 
2459353.613312 0.000000 0.000000    -0.000001     1.905822 
2459355.279154 0.000000 0.000000    -0.000000     1.905822 
2459356.944997 0.000000 0.000000     0.000000     1.905822 
2459358.610839 0.000000 0.000000     0.000001     1.905822 
2459360.276682 0.000000 0.000000     0.000002     1.905822 
2459361.942525 0.000000 0.000000     0.000002     1.905822 
2459363.608367 0.000000 0.000000     0.000000     1.905822 
2459365.274210 0.000000 0.000000    -0.000001     1.905822 
2459366.940053 0.000000 0.000000    -0.000000     1.905822 
2459368.605895 0.000000 0.000000     0.000001     1.905822 
2459370.271738 0.000000 0.000000     0.000000     1.905822 
2459371.937581 0.000000 0.000000    -0.000000     1.905822 
2459373.603423 0.000000 0.000000     0.000000     1.905822 
2459375.269266 0.000000 0.000000     0.000001     1.905822 
2459376.935108 0.000000 0.000000    -0.000000     1.905822 
2459378.600951 0.000000 0.000000    -0.000001     1.905822 
2459380.266794 0.000000 0.000000    -0.000001     1.905822 
2459381.932636 0.000000 0.000000     0.000000     1.905822 
2459383.598479 0.000000 0.000000     0.000002     1.905822 
2459385.264322 0.000000 0.000000     0.000002     1.905822 
2459386.930164 0.000000 0.000000     0.000001     1.905822 
2459388.596007 0.000000 0.000000     0.000001     1.905822 
2459390.261850 0.000000 0.000000     0.000000     1.905822 
2459391.927692 0.000000 0.000000     0.000000     1.905822 
2459393.593535 0.000000 0.000000     0.000000     1.905822 
2459395.259377 0.000000 0.000000    -0.000000     1.905822 
2459396.925220 0.000000 0.000000    -0.000001     1.905822 
2459398.591063 0.000000 0.000000    -0.000000     1.905822 
2459400.256905 0.000000 0.000000     0.000000     1.905822 
2459401.922748 0.000000 0.000000     0.000000     1.905822 
2459403.588591 0.000000 0.000000    -0.000002     1.905822 
2459405.254433 0.000000 0.000000    -0.000002     1.905822 
2459406.920276 0.000000 0.000000     0.000001     1.905822 
2459408.586118 0.000000 0.000000     0.000003     1.905822 
2459410.251961 0.000000 0.000000     0.000002     1.905822 
2459411.917804 0.000000 0.000000     0.000000     1.905822 
2459413.583646 0.000000 0.000000     0.000001     1.905822 
2459415.249489 0.000000 0.000000     0.000002     1.905822 
2459416.915332 0.000000 0.000000     0.000001     1.905822 
2459418.581174 0.000000 0.000000    -0.000001     1.905822 
2459420.247017 0.000000 0.000000    -0.000001     1.905822 
2459421.912860 0.000000 0.000000    -0.000001     1.905822 
2459423.578702 0.000000 0.000000    -0.000001     1.905822 
2459425.244545 0.000000 0.000000    -0.000000     1.905822 
2459426.910387 0.000000 0.000000     0.000000     1.905822 
2459428.576230 0.000000 0.000000    -0.000002     1.905822 
2459430.242073 0.000000 0.000000    -0.000002     1.905822 
2459431.907915 0.000000 0.000000     0.000001     1.905822 
2459433.573758 0.000000 0.000000     0.000004     1.905822 
2459435.239601 0.000000 0.000000     0.000003     1.905822 
2459436.905443 0.000000 0.000000     0.000001     1.905822 
2459438.571286 0.000000 0.000000     0.000001     1.905822 
2459440.237129 0.000000 0.000000     0.000001     1.905822 
2459441.902971 0.000000 0.000000    -0.000001     1.905822 
2459443.568814 0.000000 0.000000    -0.000001     1.905822 
2459445.234656 0.000000 0.000000    -0.000000     1.905822 
2459446.900499 0.000000 0.000000    -0.000001     1.905822 
2459448.566342 0.000000 0.000000    -0.000001     1.905822 
2459450.232184 0.000000 0.000000     0.000001     1.905822 
2459451.898027 0.000000 0.000000     0.000001     1.905822 
2459453.563870 0.000000 0.000000    -0.000002     1.905822 
2459455.229712 0.000000 0.000000    -0.000002     1.905822 
2459456.895555 0.000000 0.000000     0.000001     1.905822 
2459458.561398 0.000000 0.000000     0.000001     1.905822 
2459460.227240 0.000000 0.000000     0.000001     1.905822 
2459461.893083 0.000000 0.000000     0.000006     1.905822 
2459463.558925 0.000000 0.000000     0.000007     1.905822 
2459465.224768 0.000000 0.000000    -0.000004     1.905822 
2459466.890611 0.000000 0.000000    -0.000011     1.905822 
2459468.556453 0.000000 0.000000    -0.000003     1.905822 
2459470.222296 0.000000 0.000000     0.000006     1.905822 
2459471.888139 0.000000 0.000000     0.000003     1.905822 
2459473.553981 0.000000 0.000000     0.000002     1.905822 
2459475.219824 0.000000 0.000000     0.000005     1.905822 
2459476.885667 0.000000 0.000000     0.000002     1.905822 
2459478.551509 0.000000 0.000000    -0.000005     1.905822 
2459480.217352 0.000000 0.000000    -0.000002     1.905822 
2459481.883194 0.000000 0.000000     0.000001     1.905822 
2459483.549037 0.000000 0.000000    -0.000007     1.905822 
2459485.214880 0.000000 0.000000    -0.000003     1.905822 
2459486.880722 0.000000 0.000000     0.000021     1.905822 
2459488.546565 0.000000 0.000000     0.000024     1.905822 
2459490.212408 0.000000 0.000000    -0.000014     1.905822 
2459491.878250 0.000000 0.000000    -0.000038     1.905822 
2459493.544093 0.000000 0.000000    -0.000010     1.905822 
2459495.209935 0.000000 0.000000     0.000020     1.905822 
2459496.875778 0.000000 0.000000     0.000014     1.905822 
2459498.541621 0.000000 0.000000     0.000008     1.905822 
2459500.207463 0.000000 0.000000     0.000018     1.905822 
2459501.873306 0.000000 0.000000     0.000009     1.905822 
2459503.539149 0.000000 0.000000    -0.000012     1.905822 
2459505.204991 0.000000 0.000000    -0.000007     1.905822 
2459506.870834 0.000000 0.000000     0.000002     1.905822 
2459508.536677 0.000000 0.000000    -0.000018     1.905822 
2459510.202519 0.000000 0.000000    -0.000012     1.905822 
2459511.868362 0.000000 0.000000     0.000049     1.905822 
2459513.534204 0.000000 0.000000     0.000062     1.905822 
2459515.200047 0.000000 0.000000    -0.000024     1.905822 
2459516.865890 0.000000 0.000000    -0.000084     1.905822 
2459518.531732 0.000000 0.000000    -0.000026     1.905822 
2459520.197575 0.000000 0.000000     0.000044     1.905822 
2459521.863418 0.000000 0.000000     0.000034     1.905822 
2459523.529260 0.000000 0.000000     0.000016     1.905822 
2459525.195103 0.000000 0.000000     0.000037     1.905822 
2459526.860946 0.000000 0.000000     0.000026     1.905822 
2459528.526788 0.000000 0.000000    -0.000023     1.905822 
2459530.192631 0.000000 0.000000    -0.000024     1.905822 
2459531.858473 0.000000 0.000000    -0.000002     1.905822 
2459533.524316 0.000000 0.000000    -0.000025     1.905822 
2459535.190159 0.000000 0.000000    -0.000016     1.905822 
2459536.856001 0.000000 0.000000     0.000087     1.905822 
2459538.521844 0.000000 0.000000     0.000121     1.905822 
2459540.187687 0.000000 0.000000    -0.000020     1.905822 
2459541.853529 0.000000 0.000000    -0.000134     1.905822 
2459543.519372 0.000000 0.000000    -0.000051     1.905822 
2459545.185215 0.000000 0.000000     0.000069     1.905822 
2459546.851057 0.000000 0.000000     0.000057     1.905822 
2459548.516900 0.000000 0.000000     0.000020     1.905822 
2459550.182742 0.000000 0.000000     0.000056     1.905822 
2459551.848585 0.000000 0.000000     0.000052     1.905822 
2459553.514428 0.000000 0.000000    -0.000032     1.905822 
2459555.180270 0.000000 0.000000    -0.000060     1.905822 
2459556.846113 0.000000 0.000000    -0.000020     1.905822 
2459558.511956 0.000000 0.000000    -0.000017     1.905822 
2459560.177798 0.000000 0.000000     0.000007     1.905822 
2459561.843641 0.000000 0.000000     0.000131     1.905822 
2459563.509484 0.000000 0.000000     0.000178     1.905822 
2459565.175326 0.000000 0.000000     0.000008     1.905822 
2459566.841169 0.000000 0.000000    -0.000149     1.905822 
2459568.507011 0.000000 0.000000    -0.000067     1.905822 
2459570.172854 0.000000 0.000000     0.000078     1.905822 
2459571.838697 0.000000 0.000000     0.000063     1.905822 
2459573.504539 0.000000 0.000000     0.000008     1.905822 
2459575.170382 0.000000 0.000000     0.000055     1.905822 
2459576.836225 0.000000 0.000000     0.000075     1.905822 
2459578.502067 0.000000 0.000000    -0.000028     1.905822 
2459580.167910 0.000000 0.000000    -0.000110     1.905822 
2459581.833752 0.000000 0.000000    -0.000070     1.905822 
2459583.499595 0.000000 0.000000     0.000011     1.905822 
2459585.165438 0.000000 0.000000     0.000090     1.905822 
2459586.831280 0.000000 0.000000     0.000182     1.905822 
2459588.497123 0.000000 0.000000     0.000188     1.905822 
2459590.162966 0.000000 0.000000     0.000047     1.905822 
2459591.828808 0.000000 0.000000    -0.000076     1.905822 
2459593.494651 0.000000 0.000000    -0.000032     1.905822 
2459595.160494 0.000000 0.000000     0.000054     1.905822 
2459596.826336 0.000000 0.000000     0.000025     1.905822 
2459598.492179 0.000000 0.000000    -0.000033     1.905822 
2459600.158021 0.000000 0.000000     0.000011     1.905822 
2459601.823864 0.000000 0.000000     0.000069     1.905822 
2459603.489707 0.000000 0.000000    -0.000009     1.905822 
2459605.155549 0.000000 0.000000    -0.000155     1.905822 
2459606.821392 0.000000 0.000000    -0.000155     1.905822 
2459608.487235 0.000000 0.000000     0.000045     1.905822 
2459610.153077 0.000000 0.000000     0.000244     1.905822 
2459611.818920 0.000000 0.000000     0.000247     1.905822 
2459613.484763 0.000000 0.000000     0.000121     1.905822 
2459615.150605 0.000000 0.000000     0.000061     1.905822 
2459616.816448 0.000000 0.000000     0.000088     1.905822 
2459618.482290 0.000000 0.000000     0.000075     1.905822 
2459620.148133 0.000000 0.000000    -0.000001     1.905822 
2459621.813976 0.000000 0.000000    -0.000069     1.905822 
2459623.479818 0.000000 0.000000    -0.000103     1.905822 
2459625.145661 0.000000 0.000000    -0.000075     1.905822 
2459626.811504 0.000000 0.000000     0.000017     1.905822 
2459628.477346 0.000000 0.000000     0.000017     1.905822 
2459630.143189 0.000000 0.000000    -0.000168     1.905822 
2459631.809032 0.000000 0.000000    -0.000246     1.905822 
2459633.474874 0.000000 0.000000     0.000060     1.905822 
2459635.140717 0.000000 0.000000     0.000404     1.905822 
2459636.806559 0.000000 0.000000     0.000319     1.905822 
2459638.472402 0.000000 0.000000     0.000038     1.905822 
2459640.138245 0.000000 0.000000     0.000055     1.905822 
2459641.804087 0.000000 0.000000     0.000224     1.905822 
2459643.469930 0.000000 0.000000     0.000144     1.905822 
2459645.135773 0.000000 0.000000    -0.000070     1.905822 
2459646.801615 0.000000 0.000000    -0.000139     1.905822 
2459648.467458 0.000000 0.000000    -0.000145     1.905822 
2459650.133301 0.000000 0.000000    -0.000148     1.905822 
2459651.799143 0.000000 0.000000    -0.000028     1.905822 
2459653.464986 0.000000 0.000000     0.000040     1.905822 
2459655.130828 0.000000 0.000000    -0.000167     1.905822 
2459656.796671 0.000000 0.000000    -0.000282     1.905822 
2459658.462514 0.000000 0.000000     0.000048     1.905822 
2459660.128356 0.000000 0.000000     0.000387     1.905822 
2459661.794199 0.000000 0.000000     0.000315     1.905822 
2459663.460042 0.000000 0.000000     0.000185     1.905822 
2459665.125884 0.000000 0.000000     0.000230     1.905822 
2459666.791727 0.000000 0.000000     0.000073     1.905822 
2459668.457569 0.000000 0.000000    -0.000245     1.905822 
2459670.123412 0.000000 0.000000    -0.000195     1.905822 
2459671.789255 0.000000 0.000000     0.000064     1.905822 
2459673.455097 0.000000 0.000000     0.000011     1.905822 
2459675.120940 0.000000 0.000000    -0.000073     1.905822 
2459676.786783 0.000000 0.000000     0.000141     1.905822 
2459678.452625 0.000000 0.000000     0.000119     1.905822 
2459680.118468 0.000000 0.000000    -0.000267     1.905822 
2459681.784311 0.000000 0.000000    -0.000258     1.905822 
2459683.450153 0.000000 0.000000     0.000061     1.905822 
2459685.115996 0.000000 0.000000    -0.000058     1.905822 
2459686.781838 0.000000 0.000000     0.000020     1.905822 
2459688.447681 0.000000 0.000000     0.000991     1.905822 
2459690.113524 0.000000 0.000000     0.001190     1.905822 
2459691.779366 0.000000 0.000000    -0.000587     1.905822 
2459693.445209 0.000000 0.000000    -0.001889     1.905822 
2459695.111052 0.000000 0.000000    -0.000629     1.905822 
2459696.776894 0.000000 0.000000     0.000952     1.905822 
2459698.442737 0.000000 0.000000     0.000699     1.905822 
2459700.108580 0.000000 0.000000     0.000320     1.905822 
2459701.774422 0.000000 0.000000     0.000882     1.905822 
2459703.440265 0.000000 0.000000     0.000505     1.905822 
2459705.106107 0.000000 0.000000    -0.000679     1.905822 
2459706.771950 0.000000 0.000000    -0.000396     1.905822 
2459708.437793 0.000000 0.000000     0.000166     1.905822 
2459710.103635 0.000000 0.000000    -0.001032     1.905822 
2459711.769478 0.000000 0.000000    -0.000808     1.905822 
2459713.435321 0.000000 0.000000     0.002896     1.905822 
2459715.101163 0.000000 0.000000     0.003921     1.905822 
2459716.767006 0.000000 0.000000    -0.001543     1.905821 
2459718.432849 0.000000 0.000000    -0.005611     1.905822 
2459720.098691 0.000000 0.000000    -0.001921     1.905822 
2459721.764534 0.000000 0.000000     0.002864     1.905821 
2459723.430376 0.000000 0.000000     0.002320     1.905822 
2459725.096219 0.000000 0.000000     0.001099     1.905822 
2459726.762062 0.000000 0.000000     0.002502     1.905822 
2459728.427904 0.000000 0.000000     0.001678     1.905822 
2459730.093747 0.000000 0.000000    -0.001532     1.905822 
2459731.759590 0.000000 0.000000    -0.001308     1.905822 
2459733.425432 0.000000 0.000000     0.000207     1.905822 
2459735.091275 0.000000 0.000000    -0.002176     1.905822 
2459736.757118 0.000000 0.000000    -0.001973     1.905821 
2459738.422960 0.000000 0.000000     0.006062     1.905821 
2459740.088803 0.000000 0.000000     0.009196     1.905819 
2459741.754645 0.000000 0.000000    -0.001816     1.905818 
2459743.420488 0.000000 0.000000    -0.011232     1.905818 
2459745.086331 0.000000 0.000000    -0.004562     1.905818 
2459746.752173 0.000000 0.000000     0.005577     1.905818 
2459748.418016 0.000000 0.000000     0.004934     1.905818 
2459750.083859 0.000000 0.000000     0.002003     1.905819 
2459751.749701 0.000000 0.000000     0.004764     1.905820 
2459753.415544 0.000000 0.000000     0.004063     1.905820 
2459755.081386 0.000000 0.000000    -0.002556     1.905821 
2459756.747229 0.000000 0.000000    -0.003856     1.905822 
2459758.413072 0.000000 0.000000    -0.000609     1.905822 
2459760.078914 0.000000 0.000000    -0.002576     1.905820 
2459761.744757 0.000000 0.000000    -0.002054     1.905819 
2459763.410600 0.000000 0.000000     0.010278     1.905817 
2459765.076442 0.000000 0.000000     0.016294     1.905812 
2459766.742285 0.000000 0.000000    -0.000039     1.905808 
2459768.408128 0.000000 0.000000    -0.016204     1.905809 
2459770.073970 0.000000 0.000000    -0.007867     1.905809 
2459771.739813 0.000000 0.000000     0.007875     1.905808 
2459773.405655 0.000000 0.000000     0.007495     1.905809 
2459775.071498 0.000000 0.000000     0.002174     1.905811 
2459776.737341 0.000000 0.000000     0.006341     1.905813 
2459778.403183 0.000000 0.000000     0.007243     1.905814 
2459780.069026 0.000000 0.000000    -0.002915     1.905818 
2459781.734869 0.000000 0.000000    -0.008428     1.905820 
2459783.400711 0.000000 0.000000    -0.003872     1.905819 
2459785.066554 0.000000 0.000000    -0.001308     1.905816 
2459786.732397 0.000000 0.000000     0.002041     1.905813 
2459788.398239 0.000000 0.000000     0.015435     1.905811 
2459790.064082 0.000000 0.000000     0.021839     1.905800 
2459791.729924 0.000000 0.000000     0.003959     1.905795 
2459793.395767 0.000000 0.000000    -0.015342     1.905795 
2459795.061610 0.000000 0.000000    -0.008557     1.905796 
2459796.727452 0.000000 0.000000     0.007875     1.905795 
2459798.393295 0.000000 0.000000     0.007257     1.905795 
2459800.059138 0.000000 0.000000     0.000103     1.905798 
2459801.724980 0.000000 0.000000     0.004829     1.905802 
2459803.390823 0.000000 0.000000     0.009120     1.905804 
2459805.056666 0.000000 0.000000    -0.001687     1.905809 
2459806.722508 0.000000 0.000000    -0.013881     1.905812 
2459808.388351 0.000000 0.000000    -0.011127     1.905812 
2459810.054193 0.000000 0.000000     0.001405     1.905808 
2459811.720036 0.000000 0.000000     0.013743     1.905806 
2459813.385879 0.000000 0.000000     0.022280     1.905803 
2459815.051721 0.000000 0.000000     0.020766     1.905792 
2459816.717564 0.000000 0.000000     0.007363     1.905787 
2459818.383407 0.000000 0.000000    -0.003883     1.905787 
2459820.049249 0.000000 0.000000    -0.001475     1.905787 
2459821.715092 0.000000 0.000000     0.004511     1.905787 
2459823.380935 0.000000 0.000000     0.000858     1.905787 
2459825.046777 0.000000 0.000000    -0.005646     1.905789 
2459826.712620 0.000000 0.000000    -0.001812     1.905792 
2459828.378462 0.000000 0.000000     0.006445     1.905793 
2459830.044305 0.000000 0.000000     0.000952     1.905797 
2459831.710148 0.000000 0.000000    -0.017391     1.905799 
2459833.375990 0.000000 0.000000    -0.021696     1.905799 
2459835.041833 0.000000 0.000000     0.003519     1.905797 
2459836.707676 0.000000 0.000000     0.032444     1.905796 
2459838.373518 0.000000 0.000000     0.031739     1.905795 
2459840.039361 0.000000 0.000000     0.011679     1.905791 
2459841.705203 0.000000 0.000000     0.006209     1.905787 
2459843.371046 0.000000 0.000000     0.015324     1.905787 
2459845.036889 0.000000 0.000000     0.013297     1.905788 
2459846.702731 0.000000 0.000000    -0.001225     1.905786 
2459848.368574 0.000000 0.000000    -0.010899     1.905787 
2459850.034417 0.000000 0.000000    -0.013821     1.905786 
2459851.700259 0.000000 0.000000    -0.012088     1.905787 
2459853.366102 0.000000 0.000000    -0.001147     1.905787 
2459855.031945 0.000000 0.000000     0.003365     1.905787 
2459856.697787 0.000000 0.000000    -0.017102     1.905787 
2459858.363630 0.000000 0.000000    -0.030800     1.905788 
2459860.029472 0.000000 0.000000     0.002909     1.905787 
2459861.695315 0.000000 0.000000     0.047290     1.905789 
2459863.361158 0.000000 0.000000     0.040282     1.905790 
2459865.027000 0.000000 0.000000     0.006161     1.905792 
2459866.692843 0.000000 0.000000     0.006382     1.905791 
2459868.358686 0.000000 0.000000     0.024980     1.905792 
2459870.024528 0.000000 0.000000     0.014186     1.905793 
2459871.690371 0.000000 0.000000    -0.009655     1.905790 
2459873.356214 0.000000 0.000000    -0.014393     1.905791 
2459875.022056 0.000000 0.000000    -0.014756     1.905790 
2459876.687899 0.000000 0.000000    -0.017326     1.905790 
2459878.353741 0.000000 0.000000    -0.003111     1.905790 
2459880.019584 0.000000 0.000000     0.006368     1.905791 
2459881.685427 0.000000 0.000000    -0.017934     1.905791 
2459883.351269 0.000000 0.000000    -0.032604     1.905791 
2459885.017112 0.000000 0.000000     0.001836     1.905788 
2459886.682955 0.000000 0.000000     0.035103     1.905777 
2459888.348797 0.000000 0.000000     0.031711     1.905769 
2459890.014640 0.000000 0.000000     0.035880     1.905755 
2459891.680483 0.000000 0.000000     0.044912     1.905713 
2459893.346325 0.000000 0.000000    -0.001625     1.905677 
2459895.012168 0.000000 0.000000    -0.060340     1.905686 
2459896.678010 0.000000 0.000000    -0.035144     1.905685 
2459898.343853 0.000000 0.000000     0.023782     1.905673 
2459900.009696 0.000000 0.000000     0.017581     1.905679 
2459901.675538 0.000000 0.000000    -0.000859     1.905702 
2459903.341381 0.000000 0.000000     0.029259     1.905726 
2459905.007224 0.000000 0.000000     0.023999     1.905739 
2459906.673066 0.000000 0.000000    -0.036015     1.905780 
2459908.338909 0.000000 0.000000    -0.033271     1.905788 
2459910.004752 0.000000 0.000000     0.008851     1.905738 
2459911.670594 0.000000 0.000000    -0.028415     1.905426 
2459913.336437 0.000000 0.000000    -0.025100     1.905190 
2459915.002279 0.000000 0.000000     0.146907     1.904933 
2459916.668122 0.000000 0.000000     0.207705     1.903953 
2459918.333965 0.000000 0.000000    -0.071980     1.903148 
2459919.999807 0.000000 0.000000    -0.307891     1.903491 
2459921.665650 0.000000 0.000000    -0.123776     1.903369 
2459923.331493 0.000000 0.000000     0.148968     1.903125 
2459924.997335 0.000000 0.000000     0.128254     1.903276 
2459926.663178 0.000000 0.000000     0.055417     1.903751 
2459928.329020 0.000000 0.000000     0.137045     1.904215 
2459929.994863 0.000000 0.000000     0.095861     1.904539 
2459931.660706 0.000000 0.000000    -0.091674     1.905403 
2459933.326548 0.000000 0.000000    -0.071603     1.905612 
2459934.992391 0.000000 0.000000     0.026048     1.905260 
2459936.658234 0.000000 0.000000    -0.141024     1.902732 
2459938.324076 0.000000 0.000000    -0.151857     1.900977 
2459939.989919 0.000000 0.000000     0.376733     1.898769 
2459941.655762 0.000000 0.000000     0.609661     1.891245 
2459943.321604 0.000000 0.000000    -0.129860     1.885148 
2459944.987447 0.000000 0.000000    -0.799359     1.887302 
2459946.653289 0.000000 0.000000    -0.349296     1.886829 
2459948.319132 0.000000 0.000000     0.382796     1.884943 
2459949.984975 0.000000 0.000000     0.361225     1.885969 
2459951.650817 0.000000 0.000000     0.153394     1.889535 
2459953.316660 0.000000 0.000000     0.340674     1.893270 
2459954.982503 0.000000 0.000000     0.280971     1.895546 
2459956.648345 0.000000 0.000000    -0.183608     1.902003 
2459958.314188 0.000000 0.000000    -0.227612     1.904028 
2459959.980031 0.000000 0.000000     0.012708     1.902799 
2459961.645873 0.000000 0.000000    -0.246723     1.891588 
2459963.311716 0.000000 0.000000    -0.292557     1.883940 
2459964.977558 0.000000 0.000000     0.731406     1.873994 
2459966.643401 0.000000 0.000000     1.301130     1.839613 
2459968.309244 0.000000 0.000000    -0.043165     1.813016 
2459969.975086 0.000000 0.000000    -1.444580     1.819280 
2459971.640929 0.000000 0.000000    -0.740375     1.819641 
2459973.306772 0.000000 0.000000     0.668485     1.811591 
2459974.972614 0.000000 0.000000     0.696662     1.815297 
2459976.638457 0.000000 0.000000     0.250024     1.830456 
2459978.304300 0.000000 0.000000     0.580310     1.848078 
2459979.970142 0.000000 0.000000     0.604708     1.856825 
2459981.635985 0.000000 0.000000    -0.257177     1.883218 
2459983.301827 0.000000 0.000000    -0.584870     1.893625 
2459984.967670 0.000000 0.000000    -0.157066     1.891255 
2459986.633513 0.000000 0.000000    -0.249183     1.860488 
2459988.299355 0.000000 0.000000    -0.225237     1.837697 
2459989.965198 0.000000 0.000000     1.202892     1.811239 
2459991.631041 0.000000 0.000000     2.116407     1.699754 
2459993.296883 0.000000 0.000000     0.300910     1.616734 
2459994.962726 0.000000 0.000000    -1.860996     1.625843 
2459996.628569 0.000000 0.000000    -1.120993     1.632330 
2459998.294411 0.000000 0.000000     0.849072     1.610587 
2459999.960254 0.000000 0.000000     0.956187     1.619390 
2460001.626096 0.000000 0.000000     0.227089     1.665315 
2460003.291939 0.000000 0.000000     0.667365     1.722894 
2460004.957782 0.000000 0.000000     0.957245     1.745689 
2460006.623624 0.000000 0.000000    -0.211303     1.814696 
2460008.289467 0.000000 0.000000    -1.131132     1.847023 
2460009.955310 0.000000 0.000000    -0.679202     1.844852 
2460011.621152 0.000000 0.000000    -0.097921     1.791247 
2460013.286995 0.000000 0.000000     0.440466     1.744350 
2460014.952837 0.000000 0.000000     1.844996     1.702301 
2460016.618680 0.000000 0.000000     2.596556     1.437416 
2460018.284523 0.000000 0.000000     0.784202     1.214136 
2460019.950365 0.000000 0.000000    -1.442173     1.213368 
2460021.616208 0.000000 0.000000    -0.984345     1.230881 
2460023.282051 0.000000 0.000000     0.752340     1.196619 
2460024.947893 0.000000 0.000000     0.770215     1.212941 
2460026.613736 0.000000 0.000000    -0.105338     1.331192 
2460028.279579 0.000000 0.000000     0.326895     1.472656 
2460029.945421 0.000000 0.000000     1.027649     1.515610 
2460031.611264 0.000000 0.000000     0.010879     1.636491 
2460033.277106 0.000000 0.000000    -1.660633     1.699262 
2460034.942949 0.000000 0.000000    -1.667726     1.700965 
2460036.608792 0.000000 0.000000     0.097625     1.642603 
2460038.274634 0.000000 0.000000     2.013082     1.582650 
2460039.940477 0.000000 0.000000     2.814253     1.545102 
2460041.606320 0.000000 0.000000     2.228378     1.194070 
2460043.272162 0.000000 0.000000     0.948343     0.691441 
2460044.938005 0.000000 0.000000     0.157727     0.647926 
2460046.603848 0.000000 0.000000     0.239899     0.634991 
2460048.269690 0.000000 0.000000     0.363170     0.645705 
2460049.935533 0.000000 0.000000    -0.191799     0.679008 
2460051.601375 0.000000 0.000000    -0.880933     0.886233 
2460053.267218 0.000000 0.000000    -0.587490     1.096122 
2460054.933061 0.000000 0.000000     0.471905     1.143215 
2460056.598903 0.000000 0.000000     0.299750     1.269320 
2460058.264746 0.000000 0.000000    -1.849365     1.337162 
2460059.930589 0.000000 0.000000    -2.892129     1.351888 
2460061.596431 0.000000 0.000000     0.092567     1.308213 
2460063.262274 0.000000 0.000000     4.154106     1.294696 
2460064.928117 0.000000 0.000000     4.140455     1.274195 
2460066.593959 0.000000 0.000000     1.156175     1.204491 
2460068.259802 0.000000 0.000000     0.463588     0.911557 
2460069.925644 0.000000 0.000000     2.201383     0.886754 
2460071.591487 0.000000 0.000000     2.124405     1.037130 
2460073.257330 0.000000 0.000000    -0.143062     0.795192 
2460074.923172 0.000000 0.000000    -1.581855     0.819505 
2460076.589015 0.000000 0.000000    -1.807525     0.730712 
2460078.254858 0.000000 0.000000    -1.707482     0.649474 
2460079.920700 0.000000 0.000000    -0.539648     0.646019 
2460081.586543 0.000000 0.000000     0.430853     0.719038 
2460083.252386 0.000000 0.000000    -1.600761     0.738287 
2460084.918228 0.000000 0.000000    -3.691800     0.840359 
2460086.584071 0.000000 0.000000    -0.192092     0.757379 
2460088.249913 0.000000 0.000000     5.607514     1.067546 
2460089.915756 0.000000 0.000000     5.287674     1.113536 
2460091.581599 0.000000 0.000000     0.426126     1.319362 
2460093.247441 0.000000 0.000000    -0.238433     1.300021 
2460094.913284 0.000000 0.000000     3.141085     1.285973 
2460096.579127 0.000000 0.000000     3.145875     1.416381 
2460098.244969 0.000000 0.000000    -0.532687     1.247350 
2460099.910812 0.000000 0.000000    -2.437633     1.246490 
2460101.576654 0.000000 0.000000    -2.220712     1.236363 
2460103.242497 0.000000 0.000000    -2.249392     1.233625 
2460104.908340 0.000000 0.000000    -1.318695     1.246295 
2460106.574182 0.000000 0.000000     0.257705     1.291648 
2460108.240025 0.000000 0.000000    -1.186820     1.328635 
2460109.905868 0.000000 0.000000    -3.599293     1.349903 
2460111.571710 0.000000 0.000000    -0.543733     1.328966 
2460113.237553 0.000000 0.000000     5.465548     1.433377 
2460114.903396 0.000000 0.000000     5.493306     1.481252 
2460116.569238 0.000000 0.000000     0.571206     1.561836 
2460118.235081 0.000000 0.000000    -0.299332     1.618338 
2460119.900923 0.000000 0.000000     2.988005     1.617916 
2460121.566766 0.000000 0.000000     2.875925     1.674286 
2460123.232609 0.000000 0.000000    -0.920690     1.577974 
2460124.898451 0.000000 0.000000    -2.676484     1.563284 
2460126.564294 0.000000 0.000000    -2.126662     1.567288 
2460128.230137 0.000000 0.000000    -2.144731     1.577587 
2460129.895979 0.000000 0.000000    -1.621100     1.587190 
2460131.561822 0.000000 0.000000    -0.152804     1.612330 
2460133.227665 0.000000 0.000000    -1.005333     1.639717 
2460134.893507 0.000000 0.000000    -3.051110     1.647748 
2460136.559350 0.000000 0.000000    -0.737347     1.642375 
2460138.225192 0.000000 0.000000     4.416967     1.683983 
2460139.891035 0.000000 0.000000     4.984189     1.715827 
2460141.556878 0.000000 0.000000     1.331878     1.740549 
2460143.222720 0.000000 0.000000     0.557471     1.770682 
2460144.888563 0.000000 0.000000     2.739615     1.765267 
2460146.554406 0.000000 0.000000     1.956003     1.773174 
2460148.220248 0.000000 0.000000    -1.533610     1.647171 
2460149.886091 0.000000 0.000000    -2.792444     1.605004 
2460151.551934 0.000000 0.000000    -1.942325     1.606231 
2460153.217776 0.000000 0.000000    -1.844818     1.611069 
2460154.883619 0.000000 0.000000    -1.640966     1.615333 
2460156.549461 0.000000 0.000000    -0.617508     1.625990 
2460158.215304 0.000000 0.000000    -1.207875     1.639804 
2460159.881147 0.000000 0.000000    -2.695265     1.642959 
2460161.546989 0.000000 0.000000    -0.787303     1.646989 
2460163.212832 0.000000 0.000000     3.493703     1.703141 
2460164.878675 0.000000 0.000000     4.490368     1.740752 
2460166.544517 0.000000 0.000000     2.298669     1.770840 
2460168.210360 0.000000 0.000000     1.876780     1.798999 
2460169.876203 0.000000 0.000000     2.884935     1.772935 
2460171.542045 0.000000 0.000000     1.147202     1.759232 
2460173.207888 0.000000 0.000000    -2.206358     1.482930 
2460174.873730 0.000000 0.000000    -3.009470     1.322922 
2460176.539573 0.000000 0.000000    -1.894192     1.317454 
2460178.205416 0.000000 0.000000    -1.634376     1.312923 
2460179.871258 0.000000 0.000000    -1.581039     1.312717 
2460181.537101 0.000000 0.000000    -0.980130     1.318598 
2460183.202944 0.000000 0.000000    -1.580950     1.324802 
2460184.868786 0.000000 0.000000    -2.677556     1.324878 
2460186.534629 0.000000 0.000000    -0.860484     1.343013 
2460188.200471 0.000000 0.000000     2.970906     1.510579 
2460189.866314 0.000000 0.000000     4.311127     1.607354 
2460191.532157 0.000000 0.000000     3.128392     1.671454 
2460193.197999 0.000000 0.000000     2.926644     1.774931 
2460194.863842 0.000000 0.000000     3.112987     1.746364 
2460196.529685 0.000000 0.000000     0.762307     1.735636 
2460198.195527 0.000000 0.000000    -2.472588     1.323054 
2460199.861370 0.000000 0.000000    -3.050088     0.768746 
2460201.527213 0.000000 0.000000    -1.854666     0.720704 
2460203.193055 0.000000 0.000000    -1.462030     0.646906 
2460204.858898 0.000000 0.000000    -1.433424     0.640767 
2460206.524740 0.000000 0.000000    -1.107430     0.669774 
2460208.190583 0.000000 0.000000    -1.746318     0.695575 
2460209.856426 0.000000 0.000000    -2.625623     0.685587 
2460211.522268 0.000000 0.000000    -0.959223     0.786000 
2460213.188111 0.000000 0.000000     2.505444     1.292193 
2460214.853954 0.000000 0.000000     4.065753     1.491190 
2460216.519796 0.000000 0.000000     3.432193     1.576133 
2460218.185639 0.000000 0.000000     3.154620     1.772679 
2460219.851482 0.000000 0.000000     2.887365     1.782605 
2460221.517324 0.000000 0.000000     0.663211     1.784154 
2460223.183167 0.000000 0.000000    -2.068875     1.545508 
2460224.849009 0.000000 0.000000    -2.580695     1.349052 
2460226.514852 0.000000 0.000000    -1.590729     1.341042 
2460228.180695 0.000000 0.000000    -1.170668     1.332947 
2460229.846537 0.000000 0.000000    -1.126319     1.334109 
2460231.512380 0.000000 0.000000    -0.950516     1.336462 
2460233.178223 0.000000 0.000000    -1.486288     1.341224 
2460234.844065 0.000000 0.000000    -2.179686     1.340014 
2460236.509908 0.000000 0.000000    -0.940498     1.348708 
2460238.175751 0.000000 0.000000     1.810058     1.496977 
2460239.841593 0.000000 0.000000     3.301050     1.620330 
2460241.507436 0.000000 0.000000     2.983669     1.663609 
2460243.173278 0.000000 0.000000     2.585290     1.814674 
2460244.839121 0.000000 0.000000     2.181338     1.846921 
2460246.504964 0.000000 0.000000     0.596363     1.852033 
2460248.170806 0.000000 0.000000    -1.314004     1.768972 
2460249.836649 0.000000 0.000000    -1.767358     1.708163 
2460251.502492 0.000000 0.000000    -1.133169     1.705325 
2460253.168334 0.000000 0.000000    -0.794333     1.703504 
2460254.834177 0.000000 0.000000    -0.744032     1.704100 
2460256.500020 0.000000 0.000000    -0.643509     1.704518 
2460258.165862 0.000000 0.000000    -0.984245     1.706187 
2460259.831705 0.000000 0.000000    -1.470402     1.705742 
2460261.497547 0.000000 0.000000    -0.758378     1.707167 
2460263.163390 0.000000 0.000000     1.050940     1.742569 
2460264.829233 0.000000 0.000000     2.204190     1.787497 
2460266.495075 0.000000 0.000000     2.087651     1.800171 
2460268.160918 0.000000 0.000000     1.694426     1.863450 
2460269.826761 0.000000 0.000000     1.339467     1.886795 
2460271.492603 0.000000 0.000000     0.450492     1.889903 
2460273.158446 0.000000 0.000000    -0.638196     1.868958 
2460274.824288 0.000000 0.000000    -0.977321     1.852345 
2460276.490131 0.000000 0.000000    -0.666248     1.851281 
2460278.155974 0.000000 0.000000    -0.453613     1.850892 
2460279.821816 0.000000 0.000000    -0.412998     1.851080 
2460281.487659 0.000000 0.000000    -0.355151     1.851147 
2460283.153502 0.000000 0.000000    -0.518987     1.851663 
2460284.819344 0.000000 0.000000    -0.803709     1.851487 
2460286.485187 0.000000 0.000000    -0.493199     1.851768 
2460288.151030 0.000000 0.000000     0.481693     1.859305 
2460289.816872 0.000000 0.000000     1.209609     1.871976 
2460291.482715 0.000000 0.000000     1.198203     1.874822 
2460293.148557 0.000000 0.000000     0.905623     1.892337 
2460294.814400 0.000000 0.000000     0.662451     1.901563 
2460296.480243 0.000000 0.000000     0.270129     1.902686 
2460298.146085 0.000000 0.000000    -0.223344     1.899102 
2460299.811928 0.000000 0.000000    -0.428452     1.895889 
2460301.477771 0.000000 0.000000    -0.321016     1.895606 
2460303.143613 0.000000 0.000000    -0.217286     1.895552 
2460304.809456 0.000000 0.000000    -0.192900     1.895587 
2460306.475299 0.000000 0.000000    -0.162545     1.895596 
2460308.141141 0.000000 0.000000    -0.217135     1.895705 
2460309.806984 0.000000 0.000000    -0.350825     1.895655 
2460311.472826 0.000000 0.000000    -0.257114     1.895707 
2460313.138669 0.000000 0.000000     0.167431     1.896871 
2460314.804512 0.000000 0.000000     0.544566     1.899359 
2460316.470354 0.000000 0.000000     0.566730     1.899845 
2460318.136197 0.000000 0.000000     0.391914     1.903009 
2460319.802040 0.000000 0.000000     0.254914     1.905159 
2460321.467882 0.000000 0.000000     0.127852     1.905422 
2460323.133725 0.000000 0.000000    -0.040361     1.905050 
2460324.799568 0.000000 0.000000    -0.142668     1.904674 
2460326.465410 0.000000 0.000000    -0.127007     1.904630 
2460328.131253 0.000000 0.000000    -0.088099     1.904627 
2460329.797095 0.000000 0.000000    -0.077257     1.904630 
2460331.462938 0.000000 0.000000    -0.063939     1.904632 
2460333.128781 0.000000 0.000000    -0.070211     1.904646 
2460334.794623 0.000000 0.000000    -0.118265     1.904638 
2460336.460466 0.000000 0.000000    -0.108503     1.904646 
2460338.126309 0.000000 0.000000     0.037944     1.904757 
2460339.792151 0.000000 0.000000     0.201833     1.905056 
2460341.457994 0.000000 0.000000     0.223115     1.905114 
2460343.123837 0.000000 0.000000     0.135514     1.905458 
2460344.789679 0.000000 0.000000     0.072750     1.905741 
2460346.455522 0.000000 0.000000     0.051898     1.905779 
2460348.121364 0.000000 0.000000     0.011873     1.905758 
2460349.787207 0.000000 0.000000    -0.036898     1.905726 
2460351.453050 0.000000 0.000000    -0.047284     1.905720 
2460353.118892 0.000000 0.000000    -0.034108     1.905720 
2460354.784735 0.000000 0.000000    -0.030244     1.905721 
2460356.450578 0.000000 0.000000    -0.025860     1.905721 
2460358.116420 0.000000 0.000000    -0.018657     1.905723 
2460359.782263 0.000000 0.000000    -0.031667     1.905723 
2460361.448105 0.000000 0.000000    -0.042502     1.905724 
2460363.113948 0.000000 0.000000    -0.000417     1.905730 
2460364.779791 0.000000 0.000000     0.067750     1.905754 
2460366.445633 0.000000 0.000000     0.082338     1.905761 
2460368.111476 0.000000 0.000000     0.043310     1.905784 
2460369.777319 0.000000 0.000000     0.021004     1.905808 
2460371.443161 0.000000 0.000000     0.027538     1.905811 
2460373.109004 0.000000 0.000000     0.015578     1.905811 
2460374.774847 0.000000 0.000000    -0.016237     1.905800 
2460376.440689 0.000000 0.000000    -0.027669     1.905796 
2460378.106532 0.000000 0.000000    -0.018999     1.905796 
2460379.772374 0.000000 0.000000    -0.016587     1.905796 
2460381.438217 0.000000 0.000000    -0.015785     1.905797 
2460383.104060 0.000000 0.000000    -0.008575     1.905797 
2460384.769902 0.000000 0.000000    -0.013045     1.905797 
2460386.435745 0.000000 0.000000    -0.024758     1.905798 
2460388.101588 0.000000 0.000000    -0.008234     1.905798 
2460389.767430 0.000000 0.000000     0.030592     1.905803 
2460391.433273 0.000000 0.000000     0.043450     1.905806 
2460393.099116 0.000000 0.000000     0.026299     1.905809 
2460394.764958 0.000000 0.000000     0.020153     1.905814 
2460396.430801 0.000000 0.000000     0.026350     1.905812 
2460398.096643 0.000000 0.000000     0.010868     1.905812 
2460399.762486 0.000000 0.000000    -0.018983     1.905798 
2460401.428329 0.000000 0.000000    -0.027318     1.905791 
2460403.094171 0.000000 0.000000    -0.017263     1.905791 
2460404.760014 0.000000 0.000000    -0.013861     1.905791 
2460406.425857 0.000000 0.000000    -0.013887     1.905791 
2460408.091699 0.000000 0.000000    -0.009362     1.905791 
2460409.757542 0.000000 0.000000    -0.013815     1.905791 
2460411.423385 0.000000 0.000000    -0.023514     1.905791 
2460413.089227 0.000000 0.000000    -0.009880     1.905791 
2460414.755070 0.000000 0.000000     0.023072     1.905797 
2460416.420912 0.000000 0.000000     0.037684     1.905802 
2460418.086755 0.000000 0.000000     0.029481     1.905805 
2460419.752598 0.000000 0.000000     0.026820     1.905813 
2460421.418440 0.000000 0.000000     0.027821     1.905812 
2460423.084283 0.000000 0.000000     0.008412     1.905812 
2460424.750126 0.000000 0.000000    -0.019849     1.905796 
2460426.415968 0.000000 0.000000    -0.026529     1.905788 
2460428.081811 0.000000 0.000000    -0.016499     1.905787 
2460429.747654 0.000000 0.000000    -0.012220     1.905787 
2460431.413496 0.000000 0.000000    -0.012093     1.905787 
2460433.079339 0.000000 0.000000    -0.009582     1.905787 
2460434.745181 0.000000 0.000000    -0.014337     1.905787 
2460436.411024 0.000000 0.000000    -0.022276     1.905787 
2460438.076867 0.000000 0.000000    -0.010318     1.905787 
2460439.742709 0.000000 0.000000     0.018594     1.905793 
2460441.408552 0.000000 0.000000     0.034101     1.905800 
2460443.074395 0.000000 0.000000     0.030090     1.905803 
2460444.740237 0.000000 0.000000     0.026815     1.905813 
2460446.406080 0.000000 0.000000     0.024526     1.905815 
2460448.071922 0.000000 0.000000     0.007432     1.905816 
2460449.737765 0.000000 0.000000    -0.015267     1.905806 
2460451.403608 0.000000 0.000000    -0.021101     1.905799 
2460453.069450 0.000000 0.000000    -0.013455     1.905799 
2460454.735293 0.000000 0.000000    -0.009407     1.905799 
2460456.401136 0.000000 0.000000    -0.009034     1.905799 
2460458.066978 0.000000 0.000000    -0.007623     1.905799 
2460459.732821 0.000000 0.000000    -0.011361     1.905799 
2460461.398664 0.000000 0.000000    -0.017416     1.905799 
2460463.064506 0.000000 0.000000    -0.009227     1.905799 
2460464.730349 0.000000 0.000000     0.012449     1.905803 
2460466.396191 0.000000 0.000000     0.026059     1.905807 
2460468.062034 0.000000 0.000000     0.024509     1.905809 
2460469.727877 0.000000 0.000000     0.020706     1.905816 
2460471.393719 0.000000 0.000000     0.017498     1.905819 
2460473.059562 0.000000 0.000000     0.006061     1.905820 
2460474.725405 0.000000 0.000000    -0.008885     1.905816 
2460476.391247 0.000000 0.000000    -0.013548     1.905813 
2460478.057090 0.000000 0.000000    -0.009071     1.905813 
2460479.722933 0.000000 0.000000    -0.006110     1.905812 
2460481.388775 0.000000 0.000000    -0.005676     1.905813 
2460483.054618 0.000000 0.000000    -0.004862     1.905813 
2460484.720460 0.000000 0.000000    -0.007051     1.905813 
2460486.386303 0.000000 0.000000    -0.011028     1.905813 
2460488.052146 0.000000 0.000000    -0.006776     1.905813 
2460489.717988 0.000000 0.000000     0.006602     1.905814 
2460491.383831 0.000000 0.000000     0.016357     1.905816 
2460493.049674 0.000000 0.000000     0.016194     1.905817 
2460494.715516 0.000000 0.000000     0.012895     1.905820 
2460496.381359 0.000000 0.000000     0.010129     1.905821 
2460498.047202 0.000000 0.000000     0.004083     1.905822 
2460499.713044 0.000000 0.000000    -0.003880     1.905821 
2460501.378887 0.000000 0.000000    -0.006989     1.905820 
2460503.044729 0.000000 0.000000    -0.005033     1.905820 
2460504.710572 0.000000 0.000000    -0.003335     1.905820 
2460506.376415 0.000000 0.000000    -0.002999     1.905820 
2460508.042257 0.000000 0.000000    -0.002550     1.905820 
2460509.708100 0.000000 0.000000    -0.003491     1.905820 
2460511.373943 0.000000 0.000000    -0.005638     1.905820 
2460513.039785 0.000000 0.000000    -0.004030     1.905820 
2460514.705628 0.000000 0.000000     0.002702     1.905820 
2460516.371471 0.000000 0.000000     0.008433     1.905821 
2460518.037313 0.000000 0.000000     0.008802     1.905821 
2460519.703156 0.000000 0.000000     0.006559     1.905822 
2460521.368998 0.000000 0.000000     0.004694     1.905822 
2460523.034841 0.000000 0.000000     0.002193     1.905822 
2460524.700684 0.000000 0.000000    -0.001132     1.905822 
2460526.366526 0.000000 0.000000    -0.002819     1.905822 
2460528.032369 0.000000 0.000000    -0.002277     1.905822 
2460529.698212 0.000000 0.000000    -0.001525     1.905822 
2460531.364054 0.000000 0.000000    -0.001335     1.905822 
2460533.029897 0.000000 0.000000    -0.001118     1.905822 
2460534.695739 0.000000 0.000000    -0.001367     1.905822 
2460536.361582 0.000000 0.000000    -0.002280     1.905822 
2460538.027425 0.000000 0.000000    -0.001926     1.905822 
2460539.693267 0.000000 0.000000     0.000785     1.905822 
2460541.359110 0.000000 0.000000     0.003558     1.905822 
2460543.024953 0.000000 0.000000     0.003945     1.905822 
2460544.690795 0.000000 0.000000     0.002696     1.905822 
2460546.356638 0.000000 0.000000     0.001670     1.905822 
2460548.022481 0.000000 0.000000     0.000936     1.905822 
2460549.688323 0.000000 0.000000    -0.000072     1.905822 
2460551.354166 0.000000 0.000000    -0.000843     1.905822 
2460553.020008 0.000000 0.000000    -0.000854     1.905822 
2460554.685851 0.000000 0.000000    -0.000598     1.905822 
2460556.351694 0.000000 0.000000    -0.000518     1.905822 
2460558.017536 0.000000 0.000000    -0.000434     1.905822 
2460559.683379 0.000000 0.000000    -0.000416     1.905822 
2460561.349222 0.000000 0.000000    -0.000703     1.905822 
2460563.015064 0.000000 0.000000    -0.000755     1.905822 
2460564.680907 0.000000 0.000000     0.000099     1.905822 
2460566.346750 0.000000 0.000000     0.001243     1.905822 
2460568.012592 0.000000 0.000000     0.001493     1.905822 
2460569.678435 0.000000 0.000000     0.000899     1.905822 
2460571.344277 0.000000 0.000000     0.000443     1.905822 
2460573.010120 0.000000 0.000000     0.000365     1.905822 
2460574.675963 0.000000 0.000000     0.000160     1.905822 
2460576.341805 0.000000 0.000000    -0.000206     1.905822 
2460578.007648 0.000000 0.000000    -0.000334     1.905822 
2460579.673491 0.000000 0.000000    -0.000245     1.905822 
2460581.339333 0.000000 0.000000    -0.000212     1.905822 
2460583.005176 0.000000 0.000000    -0.000192     1.905822 
2460584.671019 0.000000 0.000000    -0.000119     1.905822 
2460586.336861 0.000000 0.000000    -0.000184     1.905822 
2460588.002704 0.000000 0.000000    -0.000301     1.905822 
2460589.668546 0.000000 0.000000    -0.000069     1.905822 
2460591.334389 0.000000 0.000000     0.000421     1.905822 
2460593.000232 0.000000 0.000000     0.000577     1.905822 
2460594.666074 0.000000 0.000000     0.000318     1.905822 
2460596.331917 0.000000 0.000000     0.000159     1.905822 
2460597.997760 0.000000 0.000000     0.000225     1.905822 
2460599.663602 0.000000 0.000000     0.000142     1.905822 
2460601.329445 0.000000 0.000000    -0.000127     1.905822 
2460602.995288 0.000000 0.000000    -0.000237     1.905822 
2460604.661130 0.000000 0.000000    -0.000163     1.905822 
2460606.326973 0.000000 0.000000    -0.000134     1.905822 
2460607.992815 0.000000 0.000000    -0.000134     1.905822 
2460609.658658 0.000000 0.000000    -0.000077     1.905822 
2460611.324501 0.000000 0.000000    -0.000103     1.905822 
2460612.990343 0.000000 0.000000    -0.000206     1.905822 
2460614.656186 0.000000 0.000000    -0.000097     1.905822 
2460616.322029 0.000000 0.000000     0.000219     1.905822 
2460617.987871 0.000000 0.000000     0.000357     1.905822 
2460619.653714 0.000000 0.000000     0.000243     1.905822 
2460621.319556 0.000000 0.000000     0.000193     1.905822 
2460622.985399 0.000000 0.000000     0.000238     1.905822 
2460624.651242 0.000000 0.000000     0.000105     1.905822 
2460626.317084 0.000000 0.000000    -0.000159     1.905822 
2460627.982927 0.000000 0.000000    -0.000245     1.905822 
2460629.648770 0.000000 0.000000    -0.000157     1.905822 
2460631.314612 0.000000 0.000000    -0.000118     1.905822 
2460632.980455 0.000000 0.000000    -0.000120     1.905822 
2460634.646298 0.000000 0.000000    -0.000086     1.905822 
2460636.312140 0.000000 0.000000    -0.000119     1.905822 
2460637.977983 0.000000 0.000000    -0.000205     1.905822 
2460639.643825 0.000000 0.000000    -0.000106     1.905822 
2460641.309668 0.000000 0.000000     0.000174     1.905822 
2460642.975511 0.000000 0.000000     0.000324     1.905822 
2460644.641353 0.000000 0.000000     0.000271     1.905822 
2460646.307196 0.000000 0.000000     0.000241     1.905822 
2460647.973039 0.000000 0.000000     0.000245     1.905822 
2460649.638881 0.000000 0.000000     0.000089     1.905822 
2460651.304724 0.000000 0.000000    -0.000154     1.905822 
2460652.970567 0.000000 0.000000    -0.000226     1.905822 
2460654.636409 0.000000 0.000000    -0.000145     1.905822 
2460656.302252 0.000000 0.000000    -0.000101     1.905822 
2460657.968094 0.000000 0.000000    -0.000100     1.905822 
2460659.633937 0.000000 0.000000    -0.000081     1.905822 
2460661.299780 0.000000 0.000000    -0.000115     1.905822 
2460662.965622 0.000000 0.000000    -0.000185     1.905822 
2460664.631465 0.000000 0.000000    -0.000103     1.905822 
2460666.297308 0.000000 0.000000     0.000133     1.905822 
2460667.963150 0.000000 0.000000     0.000280     1.905822 
2460669.628993 0.000000 0.000000     0.000259     1.905822 
2460671.294836 0.000000 0.000000     0.000224     1.905822 
2460672.960678 0.000000 0.000000     0.000204     1.905822 
2460674.626521 0.000000 0.000000     0.000076     1.905822 
2460676.292363 0.000000 0.000000    -0.000108     1.905822 
2460677.958206 0.000000 0.000000    -0.000169     1.905822 
2460679.624049 0.000000 0.000000    -0.000112     1.905822 
2460681.289891 0.000000 0.000000    -0.000075     1.905822 
2460682.955734 0.000000 0.000000    -0.000071     1.905822 
2460684.621577 0.000000 0.000000     0.000000     0.000000 
