# time model 
2455007.429878 -0.000003 
2455008.361176 -0.000003 
2455009.292474 -0.000002 
2455010.223771 -0.000001 
2455011.155069 0.000000 
2455012.086367 0.000000 
2455013.017665 -0.000001 
2455013.948963 -0.000001 
2455014.880261 -0.000001 
2455015.811558 0.000001 
2455016.742856 0.000003 
2455017.674154 0.000004 
2455018.605452 0.000004 
2455019.536750 0.000004 
2455020.468048 0.000003 
2455021.399346 0.000005 
2455022.330643 0.000008 
2455023.261941 0.000012 
2455024.193239 0.000014 
2455025.124537 0.000013 
2455026.055835 0.000010 
2455026.987133 0.000006 
2455027.918431 0.000003 
2455028.849728 0.000002 
2455029.781026 0.000002 
2455030.712324 0.000001 
2455031.643622 0.000000 
2455032.574920 -0.000001 
2455033.506218 -0.000001 
2455034.437515 -0.000000 
2455035.368813 0.000002 
2455036.300111 0.000003 
2455037.231409 0.000002 
2455038.162707 0.000001 
2455039.094005 -0.000000 
2455040.025303 -0.000000 
2455040.956600 0.000001 
2455041.887898 0.000003 
2455042.819196 0.000003 
2455043.750494 0.000003 
2455044.681792 0.000002 
2455045.613090 0.000002 
2455046.544388 0.000004 
2455047.475685 0.000008 
2455048.406983 0.000010 
2455049.338281 0.000011 
2455050.269579 0.000010 
2455051.200877 0.000008 
2455052.132175 0.000006 
2455053.063472 0.000006 
2455053.994770 0.000006 
2455054.926068 0.000006 
2455055.857366 0.000006 
2455056.788664 0.000004 
2455057.719962 0.000003 
2455058.651260 0.000003 
2455059.582557 0.000004 
2455060.513855 0.000005 
2455061.445153 0.000005 
2455062.376451 0.000005 
2455063.307749 0.000004 
2455064.239047 0.000003 
2455065.170345 0.000003 
2455066.101642 0.000002 
2455067.032940 0.000001 
2455067.964238 -0.000001 
2455068.895536 -0.000001 
2455069.826834 0.000001 
2455070.758132 0.000002 
2455071.689430 0.000003 
2455072.620727 0.000002 
2455073.552025 -0.000000 
2455074.483323 -0.000001 
2455075.414621 -0.000000 
2455076.345919 0.000003 
2455077.277217 0.000007 
2455078.208514 0.000009 
2455079.139812 0.000009 
2455080.071110 0.000007 
2455081.002408 0.000006 
2455081.933706 0.000006 
2455082.865004 0.000007 
2455083.796302 0.000008 
2455084.727599 0.000007 
2455085.658897 0.000005 
2455086.590195 0.000004 
2455087.521493 0.000005 
2455088.452791 0.000007 
2455089.384089 0.000008 
2455090.315387 0.000006 
2455091.246684 0.000000 
2455092.177982 -0.000005 
2455093.109280 -0.000006 
2455094.040578 -0.000002 
2455094.971876 0.000005 
2455095.903174 0.000009 
2455096.834471 0.000004 
2455097.765769 -0.000006 
2455098.697067 -0.000015 
2455099.628365 -0.000016 
2455100.559663 -0.000008 
2455101.490961 0.000005 
2455102.422259 0.000014 
2455103.353556 0.000013 
2455104.284854 0.000004 
2455105.216152 -0.000005 
2455106.147450 -0.000008 
2455107.078748 -0.000004 
2455108.010046 0.000003 
2455108.941344 0.000005 
2455109.872641 0.000001 
2455110.803939 -0.000006 
2455111.735237 -0.000008 
2455112.666535 -0.000003 
2455113.597833 0.000006 
2455114.529131 0.000010 
2455115.460428 0.000005 
2455116.391726 -0.000006 
2455117.323024 -0.000012 
2455118.254322 -0.000006 
2455119.185620 0.000012 
2455120.116918 0.000029 
2455121.048216 0.000033 
2455121.979513 0.000020 
2455122.910811 -0.000000 
2455123.842109 -0.000012 
2455124.773407 -0.000004 
2455125.704705 0.000020 
2455126.636003 0.000041 
2455127.567301 0.000042 
2455128.498598 0.000019 
2455129.429896 -0.000017 
2455130.361194 -0.000044 
2455131.292492 -0.000051 
2455132.223790 -0.000040 
2455133.155088 -0.000026 
2455134.086386 -0.000023 
2455135.017683 -0.000032 
2455135.948981 -0.000042 
2455136.880279 -0.000039 
2455137.811577 -0.000023 
2455138.742875 -0.000005 
2455139.674173 0.000001 
2455140.605470 -0.000009 
2455141.536768 -0.000020 
2455142.468066 -0.000014 
2455143.399364 0.000017 
2455144.330662 0.000060 
2455145.261960 0.000090 
2455146.193258 0.000091 
2455147.124555 0.000068 
2455148.055853 0.000046 
2455148.987151 0.000054 
2455149.918449 0.000094 
2455150.849747 0.000142 
2455151.781045 0.000159 
2455152.712343 0.000120 
2455153.643640 0.000037 
2455154.574938 -0.000055 
2455155.506236 -0.000114 
2455156.437534 -0.000128 
2455157.368832 -0.000111 
2455158.300130 -0.000095 
2455159.231427 -0.000095 
2455160.162725 -0.000107 
2455161.094023 -0.000108 
2455162.025321 -0.000088 
2455162.956619 -0.000054 
2455163.887917 -0.000031 
2455164.819215 -0.000032 
2455165.750512 -0.000046 
2455166.681810 -0.000043 
2455167.613108 0.000003 
2455168.544406 0.000084 
2455169.475704 0.000163 
2455170.407002 0.000200 
2455171.338300 0.000188 
2455172.269597 0.000161 
2455173.200895 0.000171 
2455174.132193 0.000243 
2455175.063491 0.000352 
2455175.994789 0.000428 
2455176.926087 0.000407 
2455177.857384 0.000276 
2455178.788682 0.000083 
2455179.719980 -0.000091 
2455180.651278 -0.000191 
2455181.582576 -0.000214 
2455182.513874 -0.000202 
2455183.445172 -0.000199 
2455184.376469 -0.000212 
2455185.307767 -0.000219 
2455186.239065 -0.000191 
2455187.170363 -0.000131 
2455188.101661 -0.000075 
2455189.032959 -0.000061 
2455189.964257 -0.000087 
2455190.895554 -0.000108 
2455191.826852 -0.000067 
2455192.758150 0.000053 
2455193.689448 0.000208 
2455194.620746 0.000321 
2455195.552044 0.000344 
2455196.483342 0.000305 
2455197.414639 0.000293 
2455198.345937 0.000387 
2455199.277235 0.000588 
2455200.208533 0.000801 
2455201.139831 0.000894 
2455202.071129 0.000786 
2455203.002426 0.000509 
2455203.933724 0.000179 
2455204.865022 -0.000076 
2455205.796320 -0.000201 
2455206.727618 -0.000233 
2455207.658916 -0.000247 
2455208.590214 -0.000286 
2455209.521511 -0.000328 
2455210.452809 -0.000317 
2455211.384107 -0.000230 
2455212.315405 -0.000110 
2455213.246703 -0.000037 
2455214.178001 -0.000058 
2455215.109299 -0.000136 
2455216.040596 -0.000168 
2455216.971894 -0.000073 
2455217.903192 0.000140 
2455218.834490 0.000364 
2455219.765788 0.000479 
2455220.697086 0.000454 
2455221.628383 0.000381 
2455222.559681 0.000414 
2455223.490979 0.000643 
2455224.422277 0.001007 
2455225.353575 0.001321 
2455226.284873 0.001397 
2455227.216171 0.001172 
2455228.147468 0.000753 
2455229.078766 0.000336 
2455230.010064 0.000068 
2455230.941362 -0.000035 
2455231.872660 -0.000068 
2455232.803958 -0.000134 
2455233.735256 -0.000245 
2455234.666553 -0.000324 
2455235.597851 -0.000284 
2455236.529149 -0.000125 
2455237.460447 0.000051 
2455238.391745 0.000119 
2455239.323043 0.000038 
2455240.254340 -0.000102 
2455241.185638 -0.000151 
2455242.116936 -0.000021 
2455243.048234 0.000233 
2455243.979532 0.000454 
2455244.910830 0.000513 
2455245.842128 0.000422 
2455246.773425 0.000338 
2455247.704723 0.000441 
2455248.636021 0.000785 
2455249.567319 0.001235 
2455250.498617 0.001553 
2455251.429915 0.001564 
2455252.361213 0.001275 
2455253.292510 0.000863 
2455254.223808 0.000537 
2455255.155106 0.000395 
2455256.086404 0.000374 
2455257.017702 0.000341 
2455257.949000 0.000217 
2455258.880298 0.000046 
2455259.811595 -0.000047 
2455260.742893 0.000019 
2455261.674191 0.000203 
2455262.605489 0.000369 
2455263.536787 0.000397 
2455264.468085 0.000277 
2455265.399382 0.000119 
2455266.330680 0.000051 
2455267.261978 0.000117 
2455268.193276 0.000244 
2455269.124574 0.000312 
2455270.055872 0.000272 
2455270.987170 0.000188 
2455271.918467 0.000186 
2455272.849765 0.000344 
2455273.781063 0.000617 
2455274.712361 0.000866 
2455275.643659 0.000970 
2455276.574957 0.000913 
2455277.506255 0.000791 
2455278.437552 0.000726 
2455279.368850 0.000762 
2455280.300148 0.000841 
2455281.231446 0.000865 
2455282.162744 0.000786 
2455283.094042 0.000648 
2455284.025339 0.000542 
2455284.956637 0.000528 
2455285.887935 0.000583 
2455286.819233 0.000639 
2455287.750531 0.000648 
2455288.681829 0.000621 
2455289.613127 0.000595 
2455290.544424 0.000570 
2455291.475722 0.000491 
2455292.407020 0.000301 
2455293.338318 0.000028 
2455294.269616 -0.000198 
2455295.200914 -0.000227 
2455296.132212 -0.000027 
2455297.063509 0.000249 
2455297.994807 0.000351 
2455298.926105 0.000133 
2455299.857403 -0.000303 
2455300.788701 -0.000642 
2455301.719999 -0.000580 
2455302.651297 -0.000070 
2455303.582594 0.000621 
2455304.513892 0.001097 
2455305.445190 0.001126 
2455306.376488 0.000815 
2455307.307786 0.000506 
2455308.239084 0.000481 
2455309.170381 0.000728 
2455310.101679 0.000971 
2455311.032977 0.000930 
2455311.964275 0.000606 
2455312.895573 0.000291 
2455313.826871 0.000310 
2455314.758169 0.000685 
2455315.689466 0.001059 
2455316.620764 0.000973 
2455317.552062 0.000301 
2455318.483360 -0.000558 
2455319.414658 -0.000934 
2455320.345956 -0.000441 
2455321.277254 0.000629 
2455322.208551 0.001437 
2455323.139849 0.001228 
2455324.071147 -0.000030 
2455325.002445 -0.001519 
2455325.933743 -0.002134 
2455326.865041 -0.001332 
2455327.796338 0.000400 
2455328.727636 0.001855 
2455329.658934 0.002004 
2455330.590232 0.000770 
2455331.521530 -0.000925 
2455332.452828 -0.001900 
2455333.384126 -0.001637 
2455334.315423 -0.000644 
2455335.246721 0.000041 
2455336.178019 -0.000225 
2455337.109317 -0.001138 
2455338.040615 -0.001732 
2455338.971913 -0.001287 
2455339.903211 -0.000038 
2455340.834508 0.000973 
2455341.765806 0.000812 
2455342.697104 -0.000418 
2455343.628402 -0.001509 
2455344.559700 -0.001100 
2455345.490998 0.001103 
2455346.422295 0.003882 
2455347.353593 0.005337 
2455348.284891 0.004413 
2455349.216189 0.001883 
2455350.147487 -0.000102 
2455351.078785 0.000336 
2455352.010083 0.003211 
2455352.941380 0.006463 
2455353.872678 0.007391 
2455354.803976 0.004678 
2455355.735274 -0.000556 
2455356.666572 -0.005550 
2455357.597870 -0.007910 
2455358.529168 -0.007279 
2455359.460465 -0.005350 
2455360.391763 -0.004296 
2455361.323061 -0.004945 
2455362.254359 -0.006249 
2455363.185657 -0.006421 
2455364.116955 -0.004701 
2455365.048253 -0.002143 
2455365.979550 -0.000675 
2455366.910848 -0.001230 
2455367.842146 -0.002646 
2455368.773444 -0.002449 
2455369.704742 0.001007 
2455370.636040 0.006843 
2455371.567337 0.012018 
2455372.498635 0.013667 
2455373.429933 0.011584 
2455374.361231 0.008704 
2455375.292529 0.008913 
2455376.223827 0.013780 
2455377.155125 0.020814 
2455378.086422 0.024841 
2455379.017720 0.021650 
2455379.949018 0.011179 
2455380.880316 -0.002254 
2455381.811614 -0.012887 
2455382.742912 -0.017380 
2455383.674210 -0.016652 
2455384.605507 -0.014415 
2455385.536805 -0.013806 
2455386.468103 -0.014979 
2455387.399401 -0.015581 
2455388.330699 -0.013473 
2455389.261997 -0.009107 
2455390.193294 -0.005309 
2455391.124592 -0.004579 
2455392.055890 -0.006361 
2455392.987188 -0.006939 
2455393.918486 -0.002415 
2455394.849784 0.007642 
2455395.781082 0.019143 
2455396.712379 0.026360 
2455397.643677 0.026672 
2455398.574975 0.023239 
2455399.506273 0.022984 
2455400.437571 0.031032 
2455401.368869 0.045858 
2455402.300167 0.059226 
2455403.231464 0.061438 
2455404.162762 0.048166 
2455405.094060 0.023721 
2455406.025358 -0.001784 
2455406.956656 -0.019198 
2455407.887954 -0.025876 
2455408.819251 -0.025932 
2455409.750549 -0.025517 
2455410.681847 -0.027352 
2455411.613145 -0.029119 
2455412.544443 -0.026753 
2455413.475741 -0.019332 
2455414.407039 -0.010852 
2455415.338336 -0.006995 
2455416.269634 -0.009627 
2455417.200932 -0.014117 
2455418.132230 -0.012436 
2455419.063528 0.000085 
2455419.994826 0.019999 
2455420.926124 0.037571 
2455421.857421 0.044373 
2455422.788719 0.040727 
2455423.720017 0.036522 
2455424.651315 0.043908 
2455425.582613 0.067084 
2455426.513911 0.097264 
2455427.445209 0.117356 
2455428.376506 0.113393 
2455429.307804 0.084303 
2455430.239102 0.042624 
2455431.170400 0.005721 
2455432.101698 -0.015675 
2455433.032996 -0.022905 
2455433.964293 -0.025220 
2455434.895591 -0.030239 
2455435.826889 -0.037377 
2455436.758187 -0.039610 
2455437.689485 -0.031518 
2455438.620783 -0.015978 
2455439.552081 -0.003075 
2455440.483378 -0.001679 
2455441.414676 -0.010982 
2455442.345974 -0.019815 
2455443.277272 -0.015231 
2455444.208570 0.006371 
2455445.139868 0.035145 
2455446.071166 0.054971 
2455447.002463 0.056765 
2455447.933761 0.047068 
2455448.865059 0.044142 
2455449.796357 0.063724 
2455450.727655 0.105278 
2455451.658953 0.149928 
2455452.590250 0.172454 
2455453.521548 0.158670 
2455454.452846 0.115086 
2455455.384144 0.063641 
2455456.315442 0.025904 
2455457.246740 0.009148 
2455458.178038 0.004671 
2455459.109335 -0.001447 
2455460.040633 -0.014959 
2455460.971931 -0.028840 
2455461.903229 -0.030878 
2455462.834527 -0.016258 
2455463.765825 0.006314 
2455464.697123 0.020762 
2455465.628420 0.017049 
2455466.559718 0.000259 
2455467.491016 -0.012899 
2455468.422314 -0.007762 
2455469.353612 0.015767 
2455470.284910 0.042692 
2455471.216207 0.055359 
2455472.147505 0.048820 
2455473.078803 0.036129 
2455474.010101 0.038560 
2455474.941399 0.068135 
2455475.872697 0.116495 
2455476.803995 0.159410 
2455477.735292 0.173754 
2455478.666590 0.153796 
2455479.597888 0.114291 
2455480.529186 0.078463 
2455481.460484 0.060921 
2455482.391782 0.058978 
2455483.323080 0.058417 
2455484.254377 0.047721 
2455485.185675 0.028364 
2455486.116973 0.012819 
2455487.048271 0.012823 
2455487.979569 0.028508 
2455488.910867 0.047799 
2455489.842165 0.056284 
2455490.773462 0.048729 
2455491.704760 0.032386 
2455492.636058 0.019744 
2455493.567356 0.017623 
2455494.498654 0.022342 
2455495.429952 0.024789 
2455496.361249 0.020162 
2455497.292547 0.013078 
2455498.223845 0.013328 
2455499.155143 0.026318 
2455500.086441 0.047246 
2455501.017739 0.064637 
2455501.949037 0.070190 
2455502.880334 0.066016 
2455503.811632 0.062591 
2455504.742930 0.069222 
2455505.674228 0.085622 
2455506.605526 0.102167 
2455507.536824 0.108407 
2455508.468122 0.101972 
2455509.399419 0.089887 
2455510.330717 0.081571 
2455511.262015 0.080531 
2455512.193313 0.082604 
2455513.124611 0.081892 
2455514.055909 0.077810 
2455514.987206 0.075554 
2455515.918504 0.079047 
2455516.849802 0.083637 
2455517.781100 0.077143 
2455518.712398 0.050381 
2455519.643696 0.008405 
2455520.574994 -0.028926 
2455521.506291 -0.040301 
2455522.437589 -0.020825 
2455523.368887 0.010852 
2455524.300185 0.024238 
2455525.231483 0.000268 
2455526.162781 -0.051835 
2455527.094079 -0.098533 
2455528.025376 -0.105191 
2455528.956674 -0.061271 
2455529.887972 0.012037 
2455530.819270 0.077673 
2455531.750568 0.109402 
2455532.681866 0.108292 
2455533.613163 0.096776 
2455534.544461 0.096759 
2455535.475759 0.111046 
2455536.407057 0.123668 
2455537.338355 0.117716 
2455538.269653 0.093794 
2455539.200951 0.071601 
2455540.132248 0.072272 
2455541.063546 0.096822 
2455541.994844 0.120803 
2455542.926142 0.112161 
2455543.857440 0.058984 
2455544.788738 -0.016343 
2455545.720036 -0.070514 
2455546.651333 -0.071825 
2455547.582631 -0.026676 
2455548.513929 0.022139 
2455549.445227 0.025995 
2455550.376525 -0.032565 
2455551.307823 -0.124816 
2455552.239121 -0.194844 
2455553.170418 -0.198526 
2455554.101716 -0.133271 
2455555.033014 -0.036948 
2455555.964312 0.041475 
2455556.895610 0.075793 
2455557.826908 0.075351 
2455558.758205 0.069483 
2455559.689503 0.079190 
2455560.620801 0.100516 
2455561.552099 0.112380 
2455562.483397 0.099944 
2455563.414695 0.071489 
2455564.345993 0.053010 
2455565.277290 0.064726 
2455566.208588 0.100210 
2455567.139886 0.127519 
2455568.071184 0.113465 
2455569.002482 0.052079 
2455569.933780 -0.026579 
2455570.865078 -0.076212 
2455571.796375 -0.068652 
2455572.727673 -0.016340 
2455573.658971 0.035101 
2455574.590269 0.039366 
2455575.521567 -0.017088 
2455576.452865 -0.105410 
2455577.384162 -0.174979 
2455578.315460 -0.188072 
2455579.246758 -0.142910 
2455580.178056 -0.069794 
2455581.109354 -0.006175 
2455582.040652 0.028585 
2455582.971950 0.040293 
2455583.903247 0.046749 
2455584.834545 0.058453 
2455585.765843 0.070422 
2455586.697141 0.070823 
2455587.628439 0.056672 
2455588.559737 0.040793 
2455589.491035 0.042478 
2455590.422332 0.069368 
2455591.353630 0.106776 
2455592.284928 0.125313 
2455593.216226 0.102589 
2455594.147524 0.042319 
2455595.078822 -0.024924 
2455596.010120 -0.061321 
2455596.941417 -0.047979 
2455597.872715 0.001584 
2455598.804013 0.050496 
2455599.735311 0.063376 
2455600.666609 0.029038 
2455601.597907 -0.034356 
2455602.529204 -0.093542 
2455603.460502 -0.121922 
2455604.391800 -0.113297 
2455605.323098 -0.079988 
2455606.254396 -0.040168 
2455607.185694 -0.005934 
2455608.116992 0.019607 
2455609.048289 0.037167 
2455609.979587 0.045682 
2455610.910885 0.042742 
2455611.842183 0.030240 
2455612.773481 0.018311 
2455613.704779 0.021395 
2455614.636077 0.047524 
2455615.567374 0.089110 
2455616.498672 0.124028 
2455617.429970 0.128468 
2455618.361268 0.093481 
2455619.292566 0.033193 
2455620.223864 -0.022104 
2455621.155161 -0.044072 
2455622.086459 -0.023597 
2455623.017757 0.024275 
2455623.949055 0.070484 
2455624.880353 0.089644 
2455625.811651 0.073480 
2455626.742949 0.032364 
2455627.674246 -0.013824 
2455628.605544 -0.047660 
2455629.536842 -0.061148 
2455630.468140 -0.055314 
2455631.399438 -0.035807 
2455632.330736 -0.009441 
2455633.262034 0.016465 
2455634.193331 0.034059 
2455635.124629 0.037239 
2455636.055927 0.026185 
2455636.987225 0.010281 
2455637.918523 0.005082 
2455638.849821 0.023069 
2455639.781118 0.063627 
2455640.712416 0.109976 
2455641.643714 0.137022 
2455642.575012 0.126458 
2455643.506310 0.079485 
2455644.437608 0.018126 
2455645.368906 -0.026667 
2455646.300203 -0.032922 
2455647.231501 -0.000156 
2455648.162799 0.051375 
2455649.094097 0.093655 
2455650.025395 0.107239 
2455650.956693 0.090564 
2455651.887991 0.057439 
2455652.819288 0.026120 
2455653.750586 0.008297 
2455654.681884 0.004891 
2455655.613182 0.009629 
2455656.544480 0.015766 
2455657.475778 0.020246 
2455658.407076 0.023090 
2455659.338373 0.024417 
2455660.269671 0.023199 
2455661.200969 0.019387 
2455662.132267 0.016908 
2455663.063565 0.023325 
2455663.994863 0.044499 
2455664.926160 0.077564 
2455665.857458 0.108464 
2455666.788756 0.118054 
2455667.720054 0.094418 
2455668.651352 0.043304 
2455669.582650 -0.011704 
2455670.513948 -0.041331 
2455671.445245 -0.028291 
2455672.376543 0.021110 
2455673.307841 0.079896 
2455674.239139 0.116715 
2455675.170437 0.115043 
2455676.101735 0.082511 
2455677.033033 0.044239 
2455677.964330 0.025128 
2455678.895628 0.033577 
2455679.826926 0.057664 
2455680.758224 0.075587 
2455681.689522 0.071987 
2455682.620820 0.048123 
2455683.552117 0.019268 
2455684.483415 0.002556 
2455685.414713 0.005253 
2455686.346011 0.021996 
2455687.277309 0.041633 
2455688.208607 0.056577 
2455689.139905 0.066394 
2455690.071202 0.073339 
2455691.002500 0.075340 
2455691.933798 0.064521 
2455692.865096 0.034292 
2455693.796394 -0.010514 
2455694.727692 -0.050356 
2455695.658990 -0.060178 
2455696.590287 -0.026512 
2455697.521585 0.039961 
2455698.452883 0.107327 
2455699.384181 0.140996 
2455700.315479 0.125894 
2455701.246777 0.076434 
2455702.178074 0.026518 
2455703.109372 0.006301 
2455704.040670 0.022322 
2455704.971968 0.055119 
2455705.903266 0.075402 
2455706.834564 0.066088 
2455707.765862 0.033712 
2455708.697159 0.001525 
2455709.628457 -0.009117 
2455710.559755 0.005992 
2455711.491053 0.033279 
2455712.422351 0.054206 
2455713.353649 0.059707 
2455714.284947 0.054208 
2455715.216244 0.047122 
2455716.147542 0.040986 
2455717.078840 0.028205 
2455718.010138 0.000199 
2455718.941436 -0.039253 
2455719.872734 -0.069763 
2455720.804032 -0.065705 
2455721.735329 -0.016175 
2455722.666627 0.062305 
2455723.597925 0.132213 
2455724.529223 0.158004 
2455725.460521 0.129557 
2455726.391819 0.068569 
2455727.323116 0.012873 
2455728.254414 -0.009624 
2455729.185712 0.002056 
2455730.117010 0.025970 
2455731.048308 0.037525 
2455731.979606 0.028898 
2455732.910904 0.012339 
2455733.842201 0.006173 
2455734.773499 0.016850 
2455735.704797 0.033061 
2455736.636095 0.036838 
2455737.567393 0.021310 
2455738.498691 -0.001342 
2455739.429989 -0.009727 
2455740.361286 0.007039 
2455741.292584 0.037195 
2455742.223882 0.053752 
2455743.155180 0.036919 
2455744.086478 -0.006686 
2455745.017776 -0.045099 
2455745.949073 -0.043531 
2455746.880371 0.008313 
2455747.811669 0.085834 
2455748.742967 0.145140 
2455749.674265 0.153375 
2455750.605563 0.110776 
2455751.536861 0.048026 
2455752.468158 0.002050 
2455753.399456 -0.009940 
2455754.330754 0.001883 
2455755.262052 0.014651 
2455756.193350 0.015320 
2455757.124648 0.010840 
2455758.055946 0.017661 
2455758.987243 0.041119 
2455759.918541 0.064755 
2455760.849839 0.061212 
2455761.781137 0.017002 
2455762.712435 -0.050181 
2455763.643733 -0.098578 
2455764.575030 -0.091250 
2455765.506328 -0.025168 
2455766.437626 0.063130 
2455767.368924 0.121598 
2455768.300222 0.119346 
2455769.231520 0.068270 
2455770.162818 0.013124 
2455771.094115 -0.002285 
2455772.025413 0.033144 
2455772.956711 0.091778 
2455773.888009 0.130194 
2455774.819307 0.122056 
2455775.750605 0.075426 
2455776.681903 0.022777 
2455777.613200 -0.005916 
2455778.544498 -0.004259 
2455779.475796 0.011270 
2455780.407094 0.020503 
2455781.338392 0.018649 
2455782.269690 0.018148 
2455783.200988 0.032425 
2455784.132285 0.057392 
2455785.063583 0.069116 
2455785.994881 0.042176 
2455786.926179 -0.025482 
2455787.857477 -0.102784 
2455788.788775 -0.141750 
2455789.720072 -0.109896 
2455790.651370 -0.015087 
2455791.582668 0.096577 
2455792.513966 0.169520 
2455793.445264 0.173914 
2455794.376562 0.122507 
2455795.307860 0.058041 
2455796.239157 0.021896 
2455797.170455 0.027297 
2455798.101753 0.055372 
2455799.033051 0.074195 
2455799.964349 0.064339 
2455800.895647 0.031539 
2455801.826945 -0.001076 
2455802.758242 -0.012571 
2455803.689540 0.000813 
2455804.620838 0.025956 
2455805.552136 0.045804 
2455806.483434 0.052650 
2455807.414732 0.050886 
2455808.346029 0.048524 
2455809.277327 0.046661 
2455810.208625 0.037254 
2455811.139923 0.011631 
2455812.071221 -0.027814 
2455813.002519 -0.063744 
2455813.933817 -0.072801 
2455814.865114 -0.041755 
2455815.796412 0.021097 
2455816.727710 0.088399 
2455817.659008 0.129171 
2455818.590306 0.126897 
2455819.521604 0.088224 
2455820.452902 0.037058 
2455821.384199 -0.001019 
2455822.315497 -0.013186 
2455823.246795 -0.003826 
2455824.178093 0.012133 
2455825.109391 0.020801 
2455826.040689 0.017570 
2455826.971986 0.007581 
2455827.903284 -0.000017 
2455828.834582 0.001182 
2455829.765880 0.011669 
2455830.697178 0.027409 
2455831.628476 0.043473 
2455832.559774 0.056804 
2455833.491071 0.066556 
2455834.422369 0.072676 
2455835.353667 0.074497 
2455836.284965 0.070599 
2455837.216263 0.059956 
2455838.147561 0.043390 
2455839.078859 0.024188 
2455840.010156 0.007295 
2455840.941454 -0.002705 
2455841.872752 -0.003883 
2455842.804050 0.001739 
2455843.735348 0.008888 
2455844.666646 0.011764 
2455845.597944 0.007510 
2455846.529241 -0.001679 
2455847.460539 -0.009427 
2455848.391837 -0.008916 
2455849.323135 0.002630 
2455850.254433 0.021620 
2455851.185731 0.039639 
2455852.117028 0.048018 
2455853.048326 0.042604 
2455853.979624 0.025837 
2455854.910922 0.005213 
2455855.842220 -0.010403 
2455856.773518 -0.014148 
2455857.704816 -0.002735 
2455858.636113 0.023349 
2455859.567411 0.059718 
2455860.498709 0.097614 
2455861.430007 0.124342 
2455862.361305 0.126479 
2455863.292603 0.096001 
2455864.223901 0.036559 
2455865.155198 -0.034584 
2455866.086496 -0.091910 
2455867.017794 -0.112893 
2455867.949092 -0.089377 
2455868.880390 -0.032306 
2455869.811688 0.033534 
2455870.742985 0.082147 
2455871.674283 0.099186 
2455872.605581 0.087797 
2455873.536879 0.064570 
2455874.468177 0.048646 
2455875.399475 0.050627 
2455876.330773 0.067392 
2455877.262070 0.084942 
2455878.193368 0.086871 
2455879.124666 0.063553 
2455880.055964 0.017573 
2455880.987262 -0.036662 
2455881.918560 -0.078560 
2455882.849858 -0.089781 
2455883.781155 -0.062358 
2455884.712453 -0.003434 
2455885.643751 0.065650 
2455886.575049 0.116462 
2455887.506347 0.124862 
2455888.437645 0.082228 
2455889.368943 0.001189 
2455890.300240 -0.087770 
2455891.231538 -0.148369 
2455892.162836 -0.154232 
2455893.094134 -0.100789 
2455894.025432 -0.007378 
2455894.956730 0.091706 
2455895.888027 0.162831 
2455896.819325 0.187560 
2455897.750623 0.169088 
2455898.681921 0.127933 
2455899.613219 0.089805 
2455900.544517 0.072244 
2455901.475815 0.076748 
2455902.407112 0.089801 
2455903.338410 0.091546 
2455904.269708 0.067241 
2455905.201006 0.015738 
2455906.132304 -0.048961 
2455907.063602 -0.103557 
2455907.994900 -0.125926 
2455908.926197 -0.105519 
2455909.857495 -0.049125 
2455910.788793 0.020679 
2455911.720091 0.074142 
2455912.651389 0.086815 
2455913.582687 0.050718 
2455914.513984 -0.020893 
2455915.445282 -0.097942 
2455916.376580 -0.145910 
2455917.307878 -0.140967 
2455918.239176 -0.080797 
2455919.170474 0.014333 
2455920.101772 0.111045 
2455921.033069 0.178177 
2455921.964367 0.200196 
2455922.895665 0.181967 
2455923.826963 0.143076 
2455924.758261 0.105654 
2455925.689559 0.082915 
2455926.620857 0.074431 
2455927.552154 0.069661 
2455928.483452 0.056332 
2455929.414750 0.028170 
2455930.346048 -0.012028 
2455931.277346 -0.054414 
2455932.208644 -0.086810 
2455933.139941 -0.099304 
2455934.071239 -0.087375 
2455935.002537 -0.053671 
2455935.933835 -0.008582 
2455936.865133 0.031330 
2455937.796431 0.048334 
2455938.727729 0.031510 
2455939.659026 -0.015751 
2455940.590324 -0.073931 
2455941.521622 -0.114432 
2455942.452920 -0.113388 
2455943.384218 -0.064852 
2455944.315516 0.014994 
2455945.246814 0.096074 
2455946.178111 0.150570 
2455947.109409 0.167001 
2455948.040707 0.153429 
2455948.972005 0.128477 
2455949.903303 0.107201 
2455950.834601 0.092076 
2455951.765899 0.074928 
2455952.697196 0.047078 
2455953.628494 0.008865 
2455954.559792 -0.029194 
2455955.491090 -0.054157 
2455956.422388 -0.060456 
2455957.353686 -0.053369 
2455958.284983 -0.043398 
2455959.216281 -0.036706 
2455960.147579 -0.030329 
2455961.078877 -0.016738 
2455962.010175 0.006067 
2455962.941473 0.028298 
2455963.872771 0.032895 
2455964.804068 0.008810 
2455965.735366 -0.037165 
2455966.666664 -0.080527 
2455967.597962 -0.093075 
2455968.529260 -0.061619 
2455969.460558 0.002388 
2455970.391856 0.069978 
2455971.323153 0.113718 
2455972.254451 0.124673 
2455973.185749 0.114816 
2455974.117047 0.103810 
2455975.048345 0.101322 
2455975.979643 0.099369 
2455976.910940 0.080821 
2455977.842238 0.036781 
2455978.773536 -0.021980 
2455979.704834 -0.069741 
2455980.636132 -0.083730 
2455981.567430 -0.061162 
2455982.498728 -0.021555 
2455983.430025 0.007920 
2455984.361323 0.012651 
2455985.292621 0.000262 
2455986.223919 -0.007888 
2455987.155217 0.003686 
2455988.086515 0.030135 
2455989.017813 0.049167 
2455989.949110 0.039364 
2455990.880408 -0.000800 
2455991.811706 -0.048978 
2455992.743004 -0.073858 
2455993.674302 -0.057714 
2455994.605600 -0.009045 
2455995.536897 0.044426 
2455996.468195 0.076567 
2455997.399493 0.080862 
2455998.330791 0.071714 
2455999.262089 0.068959 
2456000.193387 0.079126 
2456001.124685 0.089331 
2456002.055982 0.078894 
2456002.987280 0.038847 
2456003.918578 -0.017260 
2456004.849876 -0.060837 
2456005.781174 -0.068616 
2456006.712472 -0.039836 
2456007.643770 0.003490 
2456008.575067 0.033392 
2456009.506365 0.036490 
2456010.437663 0.022144 
2456011.368961 0.012335 
2456012.300259 0.022135 
2456013.231557 0.046851 
2456014.162855 0.066040 
2456015.094152 0.060669 
2456016.025450 0.029149 
2456016.956748 -0.010704 
2456017.888046 -0.035053 
2456018.819344 -0.031691 
2456019.750642 -0.007972 
2456020.681939 0.016630 
2456021.613237 0.026462 
2456022.544535 0.020971 
2456023.475833 0.012767 
2456024.407131 0.015193 
2456025.338429 0.030403 
2456026.269727 0.047786 
2456027.201024 0.053349 
2456028.132322 0.041622 
2456029.063620 0.020034 
2456029.994918 0.002642 
2456030.926216 -0.000956 
2456031.857514 0.007875 
2456032.788812 0.019752 
2456033.720109 0.026255 
2456034.651407 0.026801 
2456035.582705 0.027777 
2456036.514003 0.035425 
2456037.445301 0.049321 
2456038.376599 0.062255 
2456039.307896 0.066313 
2456040.239194 0.059438 
2456041.170492 0.046582 
2456042.101790 0.034679 
2456043.033088 0.026246 
2456043.964386 0.017517 
2456044.895684 0.002765 
2456045.826981 -0.019178 
2456046.758279 -0.042175 
2456047.689577 -0.056405 
2456048.620875 -0.055331 
2456049.552173 -0.040151 
2456050.483471 -0.018225 
2456051.414769 0.002717 
2456052.346066 0.019321 
2456053.277364 0.032461 
2456054.208662 0.043143 
2456055.139960 0.049142 
2456056.071258 0.046222 
2456057.002556 0.033121 
2456057.933853 0.015423 
2456058.865151 0.003748 
2456059.796449 0.006632 
2456060.727747 0.023562 
2456061.659045 0.044345 
2456062.590343 0.056212 
2456063.521641 0.053548 
2456064.452938 0.042397 
2456065.384236 0.035600 
2456066.315534 0.041818 
2456067.246832 0.056996 
2456068.178130 0.065446 
2456069.109428 0.050609 
2456070.040726 0.007981 
2456070.972023 -0.049403 
2456071.903321 -0.097384 
2456072.834619 -0.114949 
2456073.765917 -0.096708 
2456074.697215 -0.055338 
2456075.628513 -0.012895 
2456076.559811 0.012580 
2456077.491108 0.016128 
2456078.422406 0.005500 
2456079.353704 -0.006856 
2456080.285002 -0.012707 
2456081.216300 -0.011649 
2456082.147598 -0.008079 
2456083.078895 -0.005350 
2456084.010193 -0.002514 
2456084.941491 0.003841 
2456085.872789 0.014847 
2456086.804087 0.026460 
2456087.735385 0.031597 
2456088.666683 0.026049 
2456089.597980 0.013246 
2456090.529278 0.003199 
2456091.460576 0.005293 
2456092.391874 0.019788 
2456093.323172 0.034922 
2456094.254470 0.033206 
2456095.185768 0.003877 
2456096.117065 -0.046863 
2456097.048363 -0.095970 
2456097.979661 -0.115763 
2456098.910959 -0.091435 
2456099.842257 -0.032369 
2456100.773555 0.031174 
2456101.704852 0.065075 
2456102.636150 0.051697 
2456103.567448 0.000317 
2456104.498746 -0.059320 
2456105.430044 -0.095931 
2456106.361342 -0.095282 
2456107.292640 -0.066152 
2456108.223937 -0.030712 
2456109.155235 -0.007539 
2456110.086533 -0.000232 
2456111.017831 0.000631 
2456111.949129 0.005396 
2456112.880427 0.014264 
2456113.811725 0.017016 
2456114.743022 0.003650 
2456115.674320 -0.023752 
2456116.605618 -0.049251 
2456117.536916 -0.054364 
2456118.468214 -0.033845 
2456119.399512 -0.002311 
2456120.330810 0.015436 
2456121.262107 0.004171 
2456122.193405 -0.027520 
2456123.124703 -0.051184 
2456124.056001 -0.039478 
2456124.987299 0.011115 
2456125.918597 0.073874 
2456126.849894 0.108158 
2456127.781192 0.087464 
2456128.712490 0.018609 
2456129.643788 -0.062374 
2456130.575086 -0.114613 
2456131.506384 -0.118818 
2456132.437682 -0.086561 
2456133.368979 -0.047037 
2456134.300277 -0.023385 
2456135.231575 -0.017765 
2456136.162873 -0.015866 
2456137.094171 -0.004796 
2456138.025469 0.012504 
2456138.956767 0.019313 
2456139.888064 0.001643 
2456140.819362 -0.035839 
2456141.750660 -0.069469 
2456142.681958 -0.073503 
2456143.613256 -0.040797 
2456144.544554 0.010202 
2456145.475851 0.048788 
2456146.407149 0.055391 
2456147.338447 0.036178 
2456148.269745 0.016929 
2456149.201043 0.021170 
2456150.132341 0.050444 
2456151.063639 0.082712 
2456151.994936 0.089959 
2456152.926234 0.060435 
2456153.857532 0.007628 
2456154.788830 -0.040607 
2456155.720128 -0.063053 
2456156.651426 -0.058952 
2456157.582724 -0.044341 
2456158.514021 -0.035756 
2456159.445319 -0.036284 
2456160.376617 -0.035727 
2456161.307915 -0.023437 
2456162.239213 -0.001076 
2456163.170511 0.016975 
2456164.101808 0.016228 
2456165.033106 -0.003728 
2456165.964404 -0.026789 
2456166.895702 -0.032674 
2456167.827000 -0.013833 
2456168.758298 0.017787 
2456169.689596 0.040362 
2456170.620893 0.040225 
2456171.552191 0.022904 
2456172.483489 0.007596 
2456173.414787 0.009849 
2456174.346085 0.027544 
2456175.277383 0.042540 
2456176.208681 0.036758 
2456177.139978 0.008810 
2456178.071276 -0.023484 
2456179.002574 -0.037295 
2456179.933872 -0.023851 
2456180.865170 0.003924 
2456181.796468 0.021920 
2456182.727766 0.014768 
2456183.659063 -0.011635 
2456184.590361 -0.035520 
2456185.521659 -0.037817 
2456186.452957 -0.018003 
2456187.384255 0.006208 
2456188.315553 0.014770 
2456189.246850 0.002867 
2456190.178148 -0.015177 
2456191.109446 -0.019036 
2456192.040744 -0.001171 
2456192.972042 0.025188 
2456193.903340 0.036121 
2456194.834638 0.016997 
2456195.765935 -0.024512 
2456196.697233 -0.063523 
2456197.628531 -0.077199 
2456198.559829 -0.062374 
2456199.491127 -0.037143 
2456200.422425 -0.025358 
2456201.353723 -0.037016 
2456202.285020 -0.060588 
2456203.216318 -0.073157 
2456204.147616 -0.059554 
2456205.078914 -0.024697 
2456206.010212 0.010467 
2456206.941510 0.025399 
2456207.872807 0.015097 
2456208.804105 -0.007815 
2456209.735403 -0.024500 
2456210.666701 -0.024644 
2456211.597999 -0.012772 
2456212.529297 -0.002371 
2456213.460595 -0.004119 
2456214.391892 -0.018275 
2456215.323190 -0.036444 
2456216.254488 -0.049565 
2456217.185786 -0.054512 
2456218.117084 -0.054327 
2456219.048382 -0.053463 
2456219.979680 -0.053530 
2456220.910977 -0.053392 
2456221.842275 -0.052545 
2456222.773573 -0.053400 
2456223.704871 -0.059508 
2456224.636169 -0.071280 
2456225.567467 -0.083662 
2456226.498764 -0.088718 
2456227.430062 -0.081433 
2456228.361360 -0.063788 
2456229.292658 -0.043437 
2456230.223956 -0.028047 
2456231.155254 -0.020167 
2456232.086552 -0.016872 
2456233.017849 -0.013937 
2456233.949147 -0.010232 
2456234.880445 -0.008141 
2456235.811743 -0.010026 
2456236.743041 -0.014894 
2456237.674339 -0.019335 
2456238.605637 -0.022309 
2456239.536934 -0.028713 
2456240.468232 -0.046742 
2456241.399530 -0.079543 
2456242.330828 -0.117967 
2456243.262126 -0.142186 
2456244.193424 -0.133645 
2456245.124722 -0.089739 
2456246.056019 -0.029572 
2456246.987317 0.015508 
2456247.918615 0.021531 
2456248.849913 -0.011977 
2456249.781211 -0.061480 
2456250.712509 -0.095460 
2456251.643806 -0.095512 
2456252.575104 -0.067199 
2456253.506402 -0.033297 
2456254.437700 -0.015548 
2456255.368998 -0.019383 
2456256.300296 -0.032889 
2456257.231594 -0.039280 
2456258.162891 -0.031499 
2456259.094189 -0.016748 
2456260.025487 -0.008128 
2456260.956785 -0.011832 
2456261.888083 -0.021866 
2456262.819381 -0.027103 
2456263.750679 -0.023992 
2456264.681976 -0.022566 
2456265.613274 -0.038852 
2456266.544572 -0.078930 
2456267.475870 -0.128336 
2456268.407168 -0.157566 
2456269.338466 -0.141747 
2456270.269763 -0.080356 
2456271.201061 -0.001315 
2456272.132359 0.055123 
2456273.063657 0.061990 
2456273.994955 0.022531 
2456274.926253 -0.033497 
2456275.857551 -0.070856 
2456276.788848 -0.071527 
2456277.720146 -0.043287 
2456278.651444 -0.009864 
2456279.582742 0.007813 
2456280.514040 0.004539 
2456281.445338 -0.010307 
2456282.376636 -0.024161 
2456283.307933 -0.031725 
2456284.239231 -0.036003 
2456285.170529 -0.041055 
2456286.101827 -0.045073 
2456287.033125 -0.041399 
2456287.964423 -0.026800 
2456288.895720 -0.008663 
2456289.827018 -0.002824 
2456290.758316 -0.021858 
2456291.689614 -0.062747 
2456292.620912 -0.104821 
2456293.552210 -0.121423 
2456294.483508 -0.097759 
2456295.414805 -0.041891 
2456296.346103 0.019495 
2456297.277401 0.057636 
2456298.208699 0.058758 
2456299.139997 0.030166 
2456300.071295 -0.007335 
2456301.002593 -0.033501 
2456301.933890 -0.038792 
2456302.865188 -0.025280 
2456303.796486 -0.001112 
2456304.727784 0.024710 
2456305.659082 0.043442 
2456306.590380 0.045807 
2456307.521678 0.024164 
2456308.452975 -0.021166 
2456309.384273 -0.076468 
2456310.315571 -0.117355 
2456311.246869 -0.121548 
2456312.178167 -0.084487 
2456313.109465 -0.025728 
2456314.040762 0.020929 
2456314.972060 0.028705 
2456315.903358 -0.004135 
2456316.834656 -0.052987 
2456317.765954 -0.083933 
2456318.697252 -0.076810 
2456319.628550 -0.037447 
2456320.559847 0.009251 
2456321.491145 0.038748 
2456322.422443 0.043030 
2456323.353741 0.031552 
2456324.285039 0.018618 
2456325.216337 0.010101 
2456326.147635 0.001840 
2456327.078932 -0.009865 
2456328.010230 -0.017577 
2456328.941528 -0.004955 
2456329.872826 0.036944 
2456330.804124 0.093041 
2456331.735422 0.124954 
2456332.666719 0.094328 
2456333.598017 -0.005777 
2456334.529315 -0.136461 
2456335.460613 -0.230999 
2456336.391911 -0.236666 
2456337.323209 -0.151550 
2456338.254507 -0.028316 
2456339.185804 0.060055 
2456340.117102 0.069021 
2456341.048400 0.010500 
2456341.979698 -0.059949 
2456342.910996 -0.086210 
2456343.842294 -0.051733 
2456344.773592 0.013112 
2456345.704889 0.059717 
2456346.636187 0.060899 
2456347.567485 0.029157 
2456348.498783 0.000397 
2456349.430081 -0.000533 
2456350.361379 0.018777 
2456351.292676 0.028966 
2456352.223974 0.011537 
2456353.155272 -0.017334 
2456354.086570 -0.016431 
2456355.017868 0.041977 
2456355.949166 0.136918 
2456356.880464 0.200710 
2456357.811761 0.163764 
2456358.743059 0.011352 
2456359.674357 -0.192947 
2456360.605655 -0.340587 
2456361.536953 -0.348682 
2456362.468251 -0.217604 
2456363.399549 -0.032115 
2456364.330846 0.096483 
2456365.262144 0.105543 
2456366.193442 0.018947 
2456367.124740 -0.078448 
2456368.056038 -0.107796 
2456368.987336 -0.052549 
2456369.918634 0.037269 
2456370.849931 0.091724 
2456371.781229 0.078001 
2456372.712527 0.021728 
2456373.643825 -0.021650 
2456374.575123 -0.017728 
2456375.506421 0.018701 
2456376.437718 0.041948 
2456377.369016 0.022658 
2456378.300314 -0.019506 
2456379.231612 -0.029408 
2456380.162910 0.032346 
2456381.094208 0.143898 
2456382.025506 0.224792 
2456382.956803 0.191435 
2456383.888101 0.025284 
2456384.819399 -0.200870 
2456385.750697 -0.363825 
2456386.681995 -0.371850 
2456387.613293 -0.228107 
2456388.544591 -0.028231 
2456389.475888 0.106530 
2456390.407186 0.111258 
2456391.338484 0.014960 
2456392.269782 -0.090632 
2456393.201080 -0.123388 
2456394.132378 -0.067879 
2456395.063675 0.023399 
2456395.994973 0.079609 
2456396.926271 0.068452 
2456397.857569 0.015275 
2456398.788867 -0.026471 
2456399.720165 -0.024072 
2456400.651463 0.009074 
2456401.582760 0.031357 
2456402.514058 0.015684 
2456403.445356 -0.022421 
2456404.376654 -0.037181 
2456405.307952 0.004618 
2456406.239250 0.087662 
2456407.170548 0.151870 
2456408.101845 0.136021 
2456409.033143 0.027679 
2456409.964441 -0.120989 
2456410.895739 -0.225864 
2456411.827037 -0.228503 
2456412.758335 -0.135794 
2456413.689633 -0.012802 
2456414.620930 0.064290 
2456415.552228 0.059111 
2456416.483526 -0.006455 
2456417.414824 -0.075928 
2456418.346122 -0.102033 
2456419.277420 -0.076697 
2456420.208717 -0.028000 
2456421.140015 0.007892 
2456422.071313 0.014411 
2456423.002611 0.001156 
2456423.933909 -0.011317 
2456424.865207 -0.011749 
2456425.796505 -0.005649 
2456426.727802 -0.005947 
2456427.659100 -0.017968 
2456428.590398 -0.033340 
2456429.521696 -0.037720 
2456430.452994 -0.024191 
2456431.384292 0.000282 
2456432.315590 0.020773 
2456433.246887 0.026655 
2456434.178185 0.019049 
2456435.109483 0.007558 
2456436.040781 0.000505 
2456436.972079 -0.001771 
2456437.903377 -0.004880 
2456438.834674 -0.012794 
2456439.765972 -0.023066 
2456440.697270 -0.029859 
2456441.628568 -0.031403 
2456442.559866 -0.033520 
2456443.491164 -0.044377 
2456444.422462 -0.064638 
2456445.353759 -0.082875 
2456446.285057 -0.082514 
2456447.216355 -0.056096 
2456448.147653 -0.014694 
2456449.078951 0.017155 
2456450.010249 0.018869 
2456450.941547 -0.009876 
2456451.872844 -0.047899 
2456452.804142 -0.068521 
2456453.735440 -0.060401 
2456454.666738 -0.035879 
2456455.598036 -0.019328 
2456456.529334 -0.024877 
2456457.460631 -0.042636 
2456458.391929 -0.046230 
2456459.323227 -0.016541 
2456460.254525 0.038086 
2456461.185823 0.083551 
2456462.117121 0.084554 
2456463.048419 0.033427 
2456463.979716 -0.040539 
2456464.911014 -0.090639 
2456465.842312 -0.087363 
2456466.773610 -0.041113 
2456467.704908 0.005630 
2456468.636206 0.011546 
2456469.567504 -0.030633 
2456470.498801 -0.087803 
2456471.430099 -0.112343 
2456472.361397 -0.080139 
2456473.292695 -0.010694 
2456474.223993 0.046911 
2456475.155291 0.051457 
2456476.086589 0.001057 
2456477.017886 -0.066006 
2456477.949184 -0.101453 
2456478.880482 -0.084037 
2456479.811780 -0.034210 
2456480.743078 0.004532 
2456481.674376 0.001768 
2456482.605673 -0.035784 
2456483.536971 -0.071462 
2456484.468269 -0.070589 
2456485.399567 -0.030422 
2456486.330865 0.016731 
2456487.262163 0.029969 
2456488.193461 -0.005841 
2456489.124758 -0.066146 
2456490.056056 -0.105070 
2456490.987354 -0.091662 
2456491.918652 -0.034896 
2456492.849950 0.022875 
2456493.781248 0.039057 
2456494.712546 0.004250 
2456495.643843 -0.050607 
2456496.575141 -0.078990 
2456497.506439 -0.055719 
2456498.437737 0.003141 
2456499.369035 0.052912 
2456500.300333 0.055162 
2456501.231630 0.007237 
2456502.162928 -0.056355 
2456503.094226 -0.091038 
2456504.025524 -0.075953 
2456504.956822 -0.028235 
2456505.888120 0.012253 
2456506.819418 0.014424 
2456507.750715 -0.021452 
2456508.682013 -0.066894 
2456509.613311 -0.089795 
2456510.544609 -0.079599 
2456511.475907 -0.053105 
2456512.407205 -0.037627 
2456513.338503 -0.046697 
2456514.269800 -0.068743 
2456515.201098 -0.077645 
2456516.132396 -0.055755 
2456517.063694 -0.009965 
2456517.994992 0.032460 
2456518.926290 0.044809 
2456519.857587 0.021615 
2456520.788885 -0.017378 
2456521.720183 -0.042773 
2456522.651481 -0.037901 
2456523.582779 -0.010430 
2456524.514077 0.015259 
2456525.445375 0.018003 
2456526.376672 -0.004027 
2456527.307970 -0.033241 
2456528.239268 -0.047590 
2456529.170566 -0.037931 
2456530.101864 -0.014207 
2456531.033162 0.003476 
2456531.964460 0.000754 
2456532.895757 -0.020978 
2456533.827055 -0.047523 
2456534.758353 -0.064060 
2456535.689651 -0.065912 
2456536.620949 -0.059520 
2456537.552247 -0.054098 
2456538.483545 -0.052152 
2456539.414842 -0.047320 
2456540.346140 -0.031163 
2456541.277438 -0.002644 
2456542.208736 0.028173 
2456543.140034 0.045751 
2456544.071332 0.039729 
2456545.002629 0.012290 
2456545.933927 -0.023304 
2456546.865225 -0.051463 
2456547.796523 -0.063423 
2456548.727821 -0.060361 
2456549.659119 -0.049425 
2456550.590417 -0.037162 
2456551.521714 -0.025961 
2456552.453012 -0.015504 
2456553.384310 -0.006432 
2456554.315608 -0.001807 
2456555.246906 -0.004676 
2456556.178204 -0.014272 
2456557.109502 -0.025067 
2456558.040799 -0.030348 
2456558.972097 -0.027601 
2456559.903395 -0.020821 
2456560.834693 -0.017163 
2456561.765991 -0.020324 
2456562.697289 -0.026279 
2456563.628586 -0.025536 
2456564.559884 -0.010733 
2456565.491182 0.016246 
2456566.422480 0.043560 
2456567.353778 0.056172 
2456568.285076 0.045273 
2456569.216374 0.013476 
2456570.147671 -0.027678 
2456571.078969 -0.065352 
2456572.010267 -0.091988 
2456572.941565 -0.106255 
2456573.872863 -0.109145 
2456574.804161 -0.100136 
2456575.735459 -0.077770 
2456576.666756 -0.044189 
2456577.598054 -0.008652 
2456578.529352 0.014895 
2456579.460650 0.016071 
2456580.391948 -0.003732 
2456581.323246 -0.030339 
2456582.254543 -0.045156 
2456583.185841 -0.037599 
2456584.117139 -0.012370 
2456585.048437 0.014293 
2456585.979735 0.026902 
2456586.911033 0.022275 
2456587.842331 0.011381 
2456588.773628 0.009985 
2456589.704926 0.025370 
2456590.636224 0.049572 
2456591.567522 0.064451 
2456592.498820 0.054679 
2456593.430118 0.018628 
2456594.361416 -0.030895 
2456595.292713 -0.075987 
2456596.224011 -0.105188 
2456597.155309 -0.118304 
2456598.086607 -0.121730 
2456599.017905 -0.119593 
2456599.949203 -0.109207 
2456600.880501 -0.085007 
2456601.811798 -0.047229 
2456602.743096 -0.006848 
2456603.674394 0.018930 
2456604.605692 0.018274 
2456605.536990 -0.005528 
2456606.468288 -0.034565 
2456607.399585 -0.047706 
2456608.330883 -0.034881 
2456609.262181 -0.003536 
2456610.193479 0.027626 
2456611.124777 0.042770 
2456612.056075 0.040025 
2456612.987373 0.031199 
2456613.918670 0.030761 
2456614.849968 0.043115 
2456615.781266 0.058321 
2456616.712564 0.059510 
2456617.643862 0.035993 
2456618.575160 -0.008247 
2456619.506458 -0.057029 
2456620.437755 -0.093052 
2456621.369053 -0.108673 
2456622.300351 -0.108362 
2456623.231649 -0.101922 
2456624.162947 -0.095009 
2456625.094245 -0.085142 
2456626.025542 -0.066220 
2456626.956840 -0.037044 
2456627.888138 -0.005846 
2456628.819436 0.013774 
2456629.750734 0.012730 
2456630.682032 -0.005836 
2456631.613330 -0.027577 
2456632.544627 -0.036449 
2456633.475925 -0.025620 
2456634.407223 -0.001534 
2456635.338521 0.021808 
2456636.269819 0.033617 
2456637.201117 0.033682 
2456638.132415 0.030808 
2456639.063712 0.034065 
2456639.995010 0.044194 
2456640.926308 0.052198 
2456641.857606 0.046195 
2456642.788904 0.021012 
2456643.720202 -0.017067 
2456644.651499 -0.054006 
2456645.582797 -0.077142 
2456646.514095 -0.082691 
2456647.445393 -0.076265 
2456648.376691 -0.066781 
2456649.307989 -0.059190 
2456650.239287 -0.051863 
2456651.170584 -0.040198 
2456652.101882 -0.022740 
2456653.033180 -0.004217 
2456653.964478 0.007250 
2456654.895776 0.006461 
2456655.827074 -0.004356 
2456656.758372 -0.016668 
2456657.689669 -0.021615 
2456658.620967 -0.016076 
2456659.552265 -0.004116 
2456660.483563 0.007099 
2456661.414861 0.013340 
2456662.346159 0.016278 
2456663.277457 0.021058 
2456664.208754 0.030675 
2456665.140052 0.042041 
2456666.071350 0.047215 
2456667.002648 0.039059 
2456667.933946 0.016955 
2456668.865244 -0.011908 
2456669.796541 -0.036736 
2456670.727839 -0.049691 
2456671.659137 -0.050022 
2456672.590435 -0.043057 
2456673.521733 -0.035366 
2456674.453031 -0.030096 
2456675.384329 -0.025918 
2456676.315626 -0.019808 
2456677.246924 -0.010825 
2456678.178222 -0.001539 
2456679.109520 0.003936 
2456680.040818 0.003389 
2456680.972116 -0.001650 
2456681.903414 -0.007217 
2456682.834711 -0.010100 
2456683.766009 -0.010050 
2456684.697307 -0.009086 
2456685.628605 -0.008637 
2456686.559903 -0.007270 
2456687.491201 -0.001343 
2456688.422498 0.011591 
2456689.353796 0.029393 
2456690.285094 0.045051 
2456691.216392 0.050333 
2456692.147690 0.041043 
2456693.078988 0.020110 
2456694.010286 -0.003875 
2456694.941583 -0.021721 
2456695.872881 -0.028772 
2456696.804179 -0.026655 
2456697.735477 -0.020814 
2456698.666775 -0.016089 
2456699.598073 -0.013742 
2456700.529371 -0.011840 
2456701.460668 -0.008068 
2456702.391966 -0.002303 
2456703.323264 0.003206 
2456704.254562 0.005874 
2456705.185860 0.004979 
2456706.117158 0.001978 
2456707.048456 -0.001233 
2456707.979753 -0.004285 
2456708.911051 -0.008464 
2456709.842349 -0.014620 
2456710.773647 -0.020766 
2456711.704945 -0.021899 
2456712.636243 -0.013001 
2456713.567540 0.006635 
2456714.498838 0.031151 
2456715.430136 0.050247 
2456716.361434 0.054823 
2456717.292732 0.042527 
2456718.224030 0.019303 
2456719.155328 -0.004209 
2456720.086625 -0.018986 
2456721.017923 -0.022346 
2456721.949221 -0.018088 
2456722.880519 -0.012486 
2456723.811817 -0.009473 
2456724.743115 -0.008570 
2456725.674413 -0.006632 
2456726.605710 -0.001466 
2456727.537008 0.005896 
2456728.468306 0.011995 
2456729.399604 0.013829 
2456730.330902 0.011118 
2456731.262200 0.006022 
2456732.193497 0.000771 
2456733.124795 -0.004389 
2456734.056093 -0.010836 
2456734.987391 -0.018986 
2456735.918689 -0.025973 
2456736.849987 -0.026208 
2456737.781285 -0.015177 
2456738.712582 0.006145 
2456739.643880 0.029954 
2456740.575178 0.045123 
2456741.506476 0.043680 
2456742.437774 0.025911 
2456743.369072 0.000365 
2456744.300370 -0.021367 
2456745.231667 -0.031535 
2456746.162965 -0.030034 
2456747.094263 -0.022802 
2456748.025561 -0.016455 
2456748.956859 -0.013438 
2456749.888157 -0.011181 
2456750.819454 -0.005444 
2456751.750752 0.005250 
2456752.682050 0.017759 
2456753.613348 0.026403 
2456754.544646 0.027063 
2456755.475944 0.019918 
2456756.407242 0.008781 
2456757.338539 -0.002042 
2456758.269837 -0.010501 
2456759.201135 -0.016905 
2456760.132433 -0.021689 
2456761.063731 -0.023386 
2456761.995029 -0.019143 
2456762.926327 -0.007751 
2456763.857624 0.007454 
2456764.788922 0.018853 
2456765.720220 0.018638 
2456766.651518 0.004159 
2456767.582816 -0.019533 
2456768.514114 -0.042218 
2456769.445412 -0.054668 
2456770.376709 -0.054116 
2456771.308007 -0.045125 
2456772.239305 -0.035342 
2456773.170603 -0.029487 
2456774.101901 -0.026147 
2456775.033199 -0.019710 
2456775.964496 -0.005726 
2456776.895794 0.014595 
2456777.827092 0.034256 
2456778.758390 0.044778 
2456779.689688 0.041616 
2456780.620986 0.026750 
2456781.552284 0.006895 
2456782.483581 -0.010851 
2456783.414879 -0.022472 
2456784.346177 -0.027453 
2456785.277475 -0.026809 
2456786.208773 -0.021306 
2456787.140071 -0.011775 
2456788.071369 -0.000962 
2456789.002666 0.005572 
2456789.933964 0.001502 
2456790.865262 -0.015959 
2456791.796560 -0.042746 
2456792.727858 -0.068833 
2456793.659156 -0.083652 
2456794.590453 -0.082617 
2456795.521751 -0.070001 
2456796.453049 -0.055695 
2456797.384347 -0.047908 
2456798.315645 -0.047108 
2456799.246943 -0.045811 
2456800.178241 -0.034573 
2456801.109538 -0.009817 
2456802.040836 0.022339 
2456802.972134 0.049184 
2456803.903432 0.059239 
2456804.834730 0.049191 
2456805.766028 0.025198 
2456806.697326 -0.001830 
2456807.628623 -0.022969 
2456808.559921 -0.035080 
2456809.491219 -0.039639 
2456810.422517 -0.038808 
2456811.353815 -0.032941 
2456812.285113 -0.021825 
2456813.216410 -0.008026 
2456814.147708 0.001644 
2456815.079006 -0.000820 
2456816.010304 -0.018647 
2456816.941602 -0.046247 
2456817.872900 -0.071253 
2456818.804198 -0.082191 
2456819.735495 -0.076470 
2456820.666793 -0.062369 
2456821.598091 -0.052877 
2456822.529389 -0.055566 
2456823.460687 -0.066172 
2456824.391985 -0.071177 
2456825.323283 -0.057903 
2456826.254580 -0.024718 
2456827.185878 0.016446 
2456828.117176 0.047362 
2456829.048474 0.055286 
2456829.979772 0.040585 
2456830.911070 0.014900 
2456831.842368 -0.008119 
2456832.773665 -0.021942 
2456833.704963 -0.029230 
2456834.636261 -0.036097 
2456835.567559 -0.044301 
2456836.498857 -0.048564 
2456837.430155 -0.041490 
2456838.361452 -0.021684 
2456839.292750 0.002432 
2456840.224048 0.017205 
2456841.155346 0.013639 
2456842.086644 -0.005453 
2456843.017942 -0.027289 
2456843.949240 -0.039023 
2456844.880537 -0.037932 
2456845.811835 -0.033435 
2456846.743133 -0.038881 
2456847.674431 -0.059457 
2456848.605729 -0.086085 
2456849.537027 -0.100776 
2456850.468325 -0.089768 
2456851.399622 -0.054368 
2456852.330920 -0.010904 
2456853.262218 0.020363 
2456854.193516 0.028889 
2456855.124814 0.019642 
2456856.056112 0.006965 
2456856.987409 0.002006 
2456857.918707 0.004119 
2456858.850005 0.003106 
2456859.781303 -0.009988 
2456860.712601 -0.032958 
2456861.643899 -0.052111 
2456862.575197 -0.052235 
2456863.506494 -0.028875 
2456864.437792 0.007197 
2456865.369090 0.037222 
2456866.300388 0.047762 
2456867.231686 0.039478 
2456868.162984 0.024474 
2456869.094282 0.014704 
2456870.025579 0.011302 
2456870.956877 0.003902 
2456871.888175 -0.019343 
2456872.819473 -0.059373 
2456873.750771 -0.102087 
2456874.682069 -0.126552 
2456875.613366 -0.119605 
2456876.544664 -0.085493 
2456877.475962 -0.042908 
2456878.407260 -0.011697 
2456879.338558 0.000389 
2456880.269856 0.000759 
2456881.201154 0.003067 
2456882.132451 0.014160 
2456883.063749 0.027824 
2456883.995047 0.030430 
2456884.926345 0.013620 
2456885.857643 -0.016690 
2456886.788941 -0.042757 
2456887.720239 -0.047286 
2456888.651536 -0.025920 
2456889.582834 0.009888 
2456890.514132 0.041674 
2456891.445430 0.057168 
2456892.376728 0.057380 
2456893.308026 0.052368 
2456894.239324 0.049951 
2456895.170621 0.047373 
2456896.101919 0.033279 
2456897.033217 -0.001456 
2456897.964515 -0.053142 
2456898.895813 -0.104193 
2456899.827111 -0.133264 
2456900.758408 -0.129239 
2456901.689706 -0.098407 
2456902.621004 -0.059403 
2456903.552302 -0.029971 
2456904.483600 -0.015772 
2456905.414898 -0.009474 
2456906.346196 0.000071 
2456907.277493 0.016667 
2456908.208791 0.032917 
2456909.140089 0.036601 
2456910.071387 0.021739 
2456911.002685 -0.004993 
2456911.933983 -0.027872 
2456912.865281 -0.032968 
2456913.796578 -0.017633 
2456914.727876 0.008645 
2456915.659174 0.032198 
2456916.590472 0.045159 
2456917.521770 0.049426 
2456918.453068 0.051921 
2456919.384365 0.055838 
2456920.315663 0.055832 
2456921.246961 0.041655 
2456922.178259 0.007510 
2456923.109557 -0.040656 
2456924.040855 -0.086327 
2456924.972153 -0.111865 
2456925.903450 -0.109423 
2456926.834748 -0.085287 
2456927.766046 -0.054642 
2456928.697344 -0.030993 
2456929.628642 -0.018241 
2456930.559940 -0.010892 
2456931.491238 -0.001273 
2456932.422535 0.012658 
2456933.353833 0.025268 
2456934.285131 0.028267 
2456935.216429 0.018254 
2456936.147727 0.000415 
2456937.079025 -0.014639 
2456938.010322 -0.018249 
2456938.941620 -0.009383 
2456939.872918 0.005688 
2456940.804216 0.018977 
2456941.735514 0.026771 
2456942.666812 0.031120 
2456943.598110 0.035998 
2456944.529407 0.041812 
2456945.460705 0.043350 
2456946.392003 0.033257 
2456947.323301 0.008461 
2456948.254599 -0.025726 
2456949.185897 -0.057405 
2456950.117195 -0.074852 
2456951.048492 -0.073439 
2456951.979790 -0.057782 
2456952.911088 -0.037849 
2456953.842386 -0.022165 
2456954.773684 -0.013159 
2456955.704982 -0.007620 
2456956.636280 -0.001173 
2456957.567577 0.007254 
2456958.498875 0.014501 
2456959.430173 0.016188 
2456960.361471 0.010821 
2456961.292769 0.001490 
2456962.224067 -0.006171 
2456963.155364 -0.007963 
2456964.086662 -0.003794 
2456965.017960 0.002966 
2456965.949258 0.008629 
2456966.880556 0.012048 
2456967.811854 0.014818 
2456968.743152 0.018839 
2456969.674449 0.023521 
2456970.605747 0.025229 
2456971.537045 0.019696 
2456972.468343 0.005583 
2456973.399641 -0.013640 
2456974.330939 -0.031138 
2456975.262237 -0.040581 
2456976.193534 -0.039726 
2456977.124832 -0.031260 
2456978.056130 -0.020526 
2456978.987428 -0.011975 
2456979.918726 -0.006907 
2456980.850024 -0.003825 
2456981.781321 -0.000668 
2456982.712619 0.003102 
2456983.643917 0.006169 
2456984.575215 0.006774 
2456985.506513 0.004484 
2456986.437811 0.000754 
2456987.369109 -0.002114 
2456988.300406 -0.002649 
2456989.231704 -0.001111 
2456990.163002 0.001077 
2456991.094300 0.002739 
2456992.025598 0.003923 
2456992.956896 0.005590 
2456993.888194 0.008313 
2456994.819491 0.011204 
2456995.750789 0.012090 
2456996.682087 0.008964 
2456997.613385 0.001639 
2456998.544683 -0.007720 
2456999.475981 -0.015653 
2457000.407279 -0.019369 
2457001.338576 -0.018248 
2457002.269874 -0.013902 
2457003.201172 -0.008880 
2457004.132470 -0.005063 
2457005.063768 -0.002852 
2457005.995066 -0.001539 
2457006.926363 -0.000329 
2457007.857661 0.000908 
2457008.788959 0.001700 
2457009.720257 0.001609 
2457010.651555 0.000766 
2457011.582853 -0.000195 
2457012.514151 -0.000696 
2457013.445448 -0.000676 
2457014.376746 -0.000505 
2457015.308044 -0.000414 
2457016.239342 -0.000048 
2457017.170640 0.001338 
2457018.101938 0.004082 
2457019.033236 0.007381 
2457019.964533 0.009366 
2457020.895831 0.008152 
2457021.827129 0.003200 
2457022.758427 -0.004030 
2457023.689725 -0.010731 
2457024.621023 -0.014337 
2457025.552320 -0.013977 
2457026.483618 -0.010786 
2457027.414916 -0.006916 
2457028.346214 -0.004053 
2457029.277512 -0.002539 
2457030.208810 -0.001647 
2457031.140108 -0.000603 
2457032.071405 0.000611 
2457033.002703 0.001341 
2457033.934001 0.001058 
2457034.865299 0.000036 
2457035.796597 -0.000799 
2457036.727895 -0.000757 
2457037.659193 -0.000138 
2457038.590490 -0.000012 
2457039.521788 -0.001055 
2457040.453086 -0.002435 
2457041.384384 -0.001947 
2457042.315682 0.002334 
2457043.246980 0.009979 
2457044.178277 0.017481 
2457045.109575 0.019849 
2457046.040873 0.013794 
2457046.972171 0.000322 
2457047.903469 -0.015295 
2457048.834767 -0.026414 
2457049.766065 -0.028952 
2457050.697362 -0.023622 
2457051.628660 -0.014956 
2457052.559958 -0.007912 
2457053.491256 -0.004651 
2457054.422554 -0.003803 
2457055.353852 -0.002501 
2457056.285150 0.000705 
2457057.216447 0.004571 
2457058.147745 0.006478 
2457059.079043 0.005052 
2457060.010341 0.001623 
2457060.941639 -0.000893 
2457061.872937 -0.000735 
2457062.804235 0.000919 
2457063.735532 0.001019 
2457064.666830 -0.002059 
2457065.598128 -0.005889 
2457066.529426 -0.004864 
2457067.460724 0.005367 
2457068.392022 0.023055 
2457069.323319 0.039339 
2457070.254617 0.042806 
2457071.185915 0.027090 
2457072.117213 -0.003853 
2457073.048511 -0.037040 
2457073.979809 -0.057971 
2457074.911107 -0.059362 
2457075.842404 -0.044986 
2457076.773702 -0.026026 
2457077.705000 -0.012835 
2457078.636298 -0.008326 
2457079.567596 -0.007694 
2457080.498894 -0.004076 
2457081.430192 0.004884 
2457082.361489 0.015036 
2457083.292787 0.019701 
2457084.224085 0.015899 
2457085.155383 0.007209 
2457086.086681 0.000634 
2457087.017979 0.000249 
2457087.949276 0.003444 
2457088.880574 0.003577 
2457089.811872 -0.002866 
2457090.743170 -0.011004 
2457091.674468 -0.009733 
2457092.605766 0.009117 
2457093.537064 0.041525 
2457094.468361 0.070147 
2457095.399659 0.073950 
2457096.330957 0.042748 
2457097.262255 -0.013930 
2457098.193553 -0.070963 
2457099.124851 -0.102722 
2457100.056149 -0.098797 
2457100.987446 -0.069215 
2457101.918744 -0.035682 
2457102.850042 -0.015734 
2457103.781340 -0.011729 
2457104.712638 -0.012425 
2457105.643936 -0.004818 
2457106.575233 0.013960 
2457107.506531 0.034391 
2457108.437829 0.043253 
2457109.369127 0.035358 
2457110.300425 0.018073 
2457111.231723 0.004735 
2457112.163021 0.002882 
2457113.094318 0.007884 
2457114.025616 0.008081 
2457114.956914 -0.002712 
2457115.888212 -0.016614 
2457116.819510 -0.015874 
2457117.750808 0.011902 
2457118.682106 0.059443 
2457119.613403 0.099385 
2457120.544701 0.100586 
2457121.475999 0.050559 
2457122.407297 -0.032825 
2457123.338595 -0.110316 
2457124.269893 -0.145720 
2457125.201191 -0.128613 
2457126.132488 -0.079025 
2457127.063786 -0.031125 
2457127.995084 -0.008588 
2457128.926382 -0.010108 
2457129.857680 -0.015056 
2457130.788978 -0.003316 
2457131.720275 0.027309 
2457132.651573 0.059913 
2457133.582871 0.073444 
2457134.514169 0.060564 
2457135.445467 0.033256 
2457136.376765 0.011866 
2457137.308063 0.007543 
2457138.239360 0.013620 
2457139.170658 0.013637 
2457140.101956 -0.001043 
2457141.033254 -0.020084 
2457141.964552 -0.020728 
2457142.895850 0.011796 
2457143.827148 0.066762 
2457144.758445 0.109518 
2457145.689743 0.103783 
2457146.621041 0.039137 
2457147.552339 -0.057604 
2457148.483637 -0.137383 
2457149.414935 -0.160606 
2457150.346232 -0.122762 
2457151.277530 -0.055253 
2457152.208828 -0.001313 
2457153.140126 0.014548 
2457154.071424 0.000853 
2457155.002722 -0.012259 
2457155.934020 0.000391 
2457156.865317 0.038876 
2457157.796615 0.079686 
2457158.727913 0.096122 
2457159.659211 0.079883 
2457160.590509 0.046233 
2457161.521807 0.019598 
2457162.453105 0.012854 
2457163.384402 0.018292 
2457164.315700 0.017606 
2457165.246998 0.001491 
2457166.178296 -0.019169 
2457167.109594 -0.021445 
2457168.040892 0.008115 
2457168.972189 0.056993 
2457169.903487 0.090817 
2457170.834785 0.077257 
2457171.766083 0.012051 
2457172.697381 -0.073716 
2457173.628679 -0.132342 
2457174.559977 -0.131501 
2457175.491274 -0.076016 
2457176.422572 -0.003329 
2457177.353870 0.043687 
2457178.285168 0.046074 
2457179.216466 0.018878 
2457180.147764 -0.004116 
2457181.079062 0.002237 
2457182.010359 0.036382 
2457182.941657 0.074112 
2457183.872955 0.089530 
2457184.804253 0.075070 
2457185.735551 0.044983 
2457186.666849 0.021166 
2457187.598147 0.014623 
2457188.529444 0.018368 
2457189.460742 0.016894 
2457190.392040 0.002824 
2457191.323338 -0.014649 
2457192.254636 -0.017491 
2457193.185934 0.003655 
2457194.117231 0.037609 
2457195.048529 0.057830 
2457195.979827 0.042043 
2457196.911125 -0.008766 
2457197.842423 -0.067579 
2457198.773721 -0.098288 
2457199.705019 -0.080467 
2457200.636316 -0.023737 
2457201.567614 0.038898 
2457202.498912 0.073653 
2457203.430210 0.067859 
2457204.361508 0.035728 
2457205.292806 0.005202 
2457206.224104 -0.002974 
2457207.155401 0.011821 
2457208.086699 0.033481 
2457209.017997 0.044128 
2457209.949295 0.037801 
2457210.880593 0.022584 
2457211.811891 0.011241 
2457212.743188 0.009597 
2457213.674486 0.012699 
2457214.605784 0.011251 
2457215.537082 0.001717 
2457216.468380 -0.009398 
2457217.399678 -0.011162 
2457218.330976 0.001100 
2457219.262273 0.019605 
2457220.193571 0.028472 
2457221.124869 0.015947 
2457222.056167 -0.015011 
2457222.987465 -0.046566 
2457223.918763 -0.057173 
2457224.850061 -0.036299 
2457225.781358 0.007942 
2457226.712656 0.053635 
2457227.643954 0.078770 
2457228.575252 0.074105 
2457229.506550 0.046788 
2457230.437848 0.013480 
2457231.369145 -0.010996 
2457232.300443 -0.021277 
2457233.231741 -0.021165 
2457234.163039 -0.017545 
2457235.094337 -0.014376 
2457236.025635 -0.011240 
2457236.956933 -0.006332 
2457237.888230 -0.000078 
2457238.819528 0.004329 
2457239.750826 0.003859 
2457240.682124 -0.000977 
2457241.613422 -0.005773 
2457242.544720 -0.005617 
2457243.476018 0.000487 
2457244.407315 0.008035 
2457245.338613 0.009986 
2457246.269911 0.002283 
2457247.201209 -0.012238 
2457248.132507 -0.024693 
2457249.063805 -0.025414 
2457249.995103 -0.010116 
2457250.926400 0.017104 
2457251.857698 0.045727 
2457252.788996 0.064220 
2457253.720294 0.065431 
2457254.651592 0.049107 
2457255.582890 0.020884 
2457256.514187 -0.010833 
2457257.445485 -0.038044 
2457258.376783 -0.055175 
2457259.308081 -0.059901 
2457260.239379 -0.053226 
2457261.170677 -0.039020 
2457262.101975 -0.022811 
2457263.033272 -0.009847 
2457263.964570 -0.003037 
2457264.895868 -0.001938 
2457265.827166 -0.003500 
2457266.758464 -0.004253 
2457267.689762 -0.002540 
2457268.621060 0.000654 
2457269.552357 0.002761 
2457270.483655 0.001713 
2457271.414953 -0.002443 
2457272.346251 -0.007451 
2457273.277549 -0.010124 
2457274.208847 -0.008000 
2457275.140144 -0.000339 
2457276.071442 0.011784 
2457277.002740 0.025873 
2457277.934038 0.038389 
2457278.865336 0.045146 
2457279.796634 0.042217 
2457280.727932 0.027569 
2457281.659229 0.002814 
2457282.590527 -0.026226 
2457283.521825 -0.051143 
2457284.453123 -0.064422 
2457285.384421 -0.063001 
2457286.315719 -0.049730 
2457287.247017 -0.031677 
2457288.178314 -0.016234 
2457289.109612 -0.007444 
2457290.040910 -0.004753 
2457290.972208 -0.004692 
2457291.903506 -0.003972 
2457292.834804 -0.001697 
2457293.766102 0.000703 
2457294.697399 0.001335 
2457295.628697 -0.000244 
2457296.559995 -0.002662 
2457297.491293 -0.004010 
2457298.422591 -0.003451 
2457299.353889 -0.001653 
2457300.285186 0.000325 
2457301.216484 0.002553 
2457302.147782 0.006540 
2457303.079080 0.013723 
2457304.010378 0.023218 
2457304.941676 0.030887 
2457305.872974 0.030991 
2457306.804271 0.019782 
2457307.735569 -0.001377 
2457308.666867 -0.025760 
2457309.598165 -0.044443 
2457310.529463 -0.051062 
2457311.460761 -0.045091 
2457312.392059 -0.031591 
2457313.323356 -0.017740 
2457314.254654 -0.008625 
2457315.185952 -0.005047 
2457316.117250 -0.004441 
2457317.048548 -0.003730 
2457317.979846 -0.001744 
2457318.911143 0.000470 
2457319.842441 0.001268 
2457320.773739 0.000233 
2457321.705037 -0.001418 
2457322.636335 -0.002090 
2457323.567633 -0.001431 
2457324.498931 -0.000692 
2457325.430228 -0.001381 
2457326.361526 -0.003356 
2457327.292824 -0.004197 
2457328.224122 -0.000753 
2457329.155420 0.008065 
2457330.086718 0.019438 
2457331.018016 0.027464 
2457331.949313 0.026498 
2457332.880611 0.014877 
2457333.811909 -0.003575 
2457334.743207 -0.021436 
2457335.674505 -0.031813 
2457336.605803 -0.032023 
2457337.537100 -0.024507 
2457338.468398 -0.014642 
2457339.399696 -0.007190 
2457340.330994 -0.003839 
2457341.262292 -0.003228 
2457342.193590 -0.002942 
2457343.124888 -0.001655 
2457344.056185 0.000170 
2457344.987483 0.001238 
2457345.918781 0.000900 
2457346.850079 -0.000247 
2457347.781377 -0.001069 
2457348.712675 -0.001134 
2457349.643973 -0.001205 
2457350.575270 -0.002412 
2457351.506568 -0.004804 
2457352.437866 -0.006627 
2457353.369164 -0.005221 
2457354.300462 0.000910 
2457355.231760 0.010392 
2457356.163058 0.019106 
2457357.094355 0.022344 
2457358.025653 0.017678 
2457358.956951 0.006616 
2457359.888249 -0.006143 
2457360.819547 -0.015374 
2457361.750845 -0.018169 
2457362.682142 -0.015159 
2457363.613440 -0.009520 
2457364.544738 -0.004659 
2457365.476036 -0.002254 
2457366.407334 -0.001839 
2457367.338632 -0.001873 
2457368.269930 -0.001241 
2457369.201227 0.000001 
2457370.132525 0.001002 
2457371.063823 0.001083 
2457371.995121 0.000338 
2457372.926419 -0.000572 
2457373.857717 -0.001159 
2457374.789015 -0.001585 
2457375.720312 -0.002406 
2457376.651610 -0.003777 
2457377.582908 -0.004897 
2457378.514206 -0.004296 
2457379.445504 -0.000920 
2457380.376802 0.004783 
2457381.308099 0.010685 
2457382.239397 0.013984 
2457383.170695 0.012844 
2457384.101993 0.007557 
2457385.033291 0.000438 
2457385.964589 -0.005498 
2457386.895887 -0.008198 
2457387.827184 -0.007518 
2457388.758482 -0.004937 
2457389.689780 -0.002379 
2457390.621078 -0.001012 
2457391.552376 -0.000799 
2457392.483674 -0.000939 
2457393.414972 -0.000703 
2457394.346269 0.000005 
2457395.277567 0.000714 
2457396.208865 0.000895 
2457397.140163 0.000419 
2457398.071461 -0.000394 
2457399.002759 -0.001118 
2457399.934056 -0.001575 
2457400.865354 -0.001899 
2457401.796652 -0.002243 
2457402.727950 -0.002450 
2457403.659248 -0.002029 
2457404.590546 -0.000513 
2457405.521844 0.002039 
2457406.453141 0.004843 
2457407.384439 0.006701 
2457408.315737 0.006675 
2457409.247035 0.004682 
2457410.178333 0.001584 
2457411.109631 -0.001288 
2457412.040929 -0.002881 
2457412.972226 -0.002940 
2457413.903524 -0.002001 
2457414.834822 -0.000920 
2457415.766120 -0.000307 
2457416.697418 -0.000226 
2457417.628716 -0.000331 
2457418.560014 -0.000247 
2457419.491311 0.000112 
2457420.422609 0.000508 
2457421.353907 0.000607 
2457422.285205 0.000261 
2457423.216503 -0.000386 
2457424.147801 -0.001015 
2457425.079098 -0.001365 
2457426.010396 -0.001376 
2457426.941694 -0.001154 
2457427.872992 -0.000824 
2457428.804290 -0.000398 
2457429.735588 0.000193 
2457430.666886 0.000975 
2457431.598183 0.001797 
2457432.529481 0.002354 
2457433.460779 0.002358 
2457434.392077 0.001736 
2457435.323375 0.000721 
2457436.254673 -0.000269 
2457437.185971 -0.000857 
2457438.117268 -0.000918 
2457439.048566 -0.000611 
2457439.979864 -0.000237 
2457440.911162 -0.000025 
2457441.842460 -0.000003 
2457442.773758 -0.000036 
2457443.705055 0.000028 
2457444.636353 0.000214 
2457445.567651 0.000389 
2457446.498949 0.000373 
2457447.430247 0.000075 
2457448.361545 -0.000416 
2457449.292843 -0.000882 
2457450.224140 -0.001105 
2457451.155438 -0.000995 
2457452.086736 -0.000621 
2457453.018034 -0.000152 
2457453.949332 0.000251 
2457454.880630 0.000507 
2457455.811928 0.000619 
2457456.743225 0.000619 
2457457.674523 0.000525 
2457458.605821 0.000340 
2457459.537119 0.000082 
2457460.468417 -0.000189 
2457461.399715 -0.000384 
2457462.331012 -0.000436 
2457463.262310 -0.000345 
2457464.193608 -0.000181 
2457465.124906 -0.000039 
2457466.056204 0.000025 
2457466.987502 0.000032 
2457467.918800 0.000049 
2457468.850097 0.000123 
2457469.781395 0.000235 
2457470.712693 0.000298 
2457471.643991 0.000216 
2457472.575289 -0.000037 
2457473.506587 -0.000387 
2457474.437885 -0.000692 
2457475.369182 -0.000815 
2457476.300480 -0.000701 
2457477.231778 -0.000398 
2457478.163076 -0.000026 
2457479.094374 0.000285 
2457480.025672 0.000454 
2457480.956970 0.000457 
2457481.888267 0.000320 
2457482.819565 0.000093 
2457483.750863 -0.000169 
2457484.682161 -0.000402 
2457485.613459 -0.000549 
2457486.544757 -0.000574 
2457487.476054 -0.000480 
2457488.407352 -0.000315 
2457489.338650 -0.000151 
2457490.269948 -0.000045 
2457491.201246 -0.000004 
2457492.132544 0.000009 
2457493.063842 0.000044 
2457493.995139 0.000122 
2457494.926437 0.000211 
2457495.857735 0.000242 
2457496.789033 0.000157 
2457497.720331 -0.000044 
2457498.651629 -0.000299 
2457499.582927 -0.000510 
2457500.514224 -0.000598 
2457501.445522 -0.000535 
2457502.376820 -0.000355 
2457503.308118 -0.000125 
2457504.239416 0.000088 
2457505.170714 0.000240 
2457506.102011 0.000305 
2457507.033309 0.000273 
2457507.964607 0.000143 
2457508.895905 -0.000063 
2457509.827203 -0.000294 
2457510.758501 -0.000478 
2457511.689799 -0.000554 
2457512.621096 -0.000500 
2457513.552394 -0.000353 
2457514.483692 -0.000186 
2457515.414990 -0.000064 
2457516.346288 -0.000006 
2457517.277586 0.000031 
2457518.208884 0.000106 
2457519.140181 0.000246 
2457520.071479 0.000406 
2457521.002777 0.000487 
2457521.934075 0.000388 
2457522.865373 0.000081 
2457523.796671 -0.000358 
2457524.727968 -0.000783 
2457525.659266 -0.001046 
2457526.590564 -0.001072 
2457527.521862 -0.000889 
2457528.453160 -0.000596 
2457529.384458 -0.000300 
2457530.315756 -0.000068 
2457531.247053 0.000088 
2457532.178351 0.000173 
2457533.109649 0.000185 
2457534.040947 0.000110 
2457534.972245 -0.000051 
2457535.903543 -0.000250 
2457536.834841 -0.000401 
2457537.766138 -0.000426 
2457538.697436 -0.000314 
2457539.628734 -0.000134 
2457540.560032 0.000021 
2457541.491330 0.000117 
2457542.422628 0.000225 
2457543.353926 0.000473 
2457544.285223 0.000918 
2457545.216521 0.001433 
2457546.147819 0.001714 
2457547.079117 0.001423 
2457548.010415 0.000421 
2457548.941713 -0.001092 
2457549.873010 -0.002626 
2457550.804308 -0.003637 
2457551.735606 -0.003812 
2457552.666904 -0.003220 
2457553.598202 -0.002237 
2457554.529500 -0.001301 
2457555.460798 -0.000666 
2457556.392095 -0.000330 
2457557.323393 -0.000141 
2457558.254691 0.000022 
2457559.185989 0.000144 
2457560.117287 0.000134 
2457561.048585 -0.000036 
2457561.979883 -0.000258 
2457562.911180 -0.000350 
2457563.842478 -0.000216 
2457564.773776 0.000065 
2457565.705074 0.000318 
2457566.636372 0.000485 
2457567.567670 0.000757 
2457568.498967 0.001465 
2457569.430265 0.002744 
2457570.361563 0.004217 
2457571.292861 0.004991 
2457572.224159 0.004096 
2457573.155457 0.001130 
2457574.086755 -0.003314 
2457575.018052 -0.007793 
2457575.949350 -0.010706 
2457576.880648 -0.011145 
2457577.811946 -0.009336 
2457578.743244 -0.006417 
2457579.674542 -0.003705 
2457580.605840 -0.001970 
2457581.537137 -0.001180 
2457582.468435 -0.000819 
2457583.399733 -0.000437 
2457584.331031 0.000008 
2457585.262329 0.000257 
2457586.193627 0.000130 
2457587.124925 -0.000210 
2457588.056222 -0.000374 
2457588.987520 -0.000113 
2457589.918818 0.000437 
2457590.850116 0.000917 
2457591.781414 0.001211 
2457592.712712 0.001766 
2457593.644009 0.003341 
2457594.575307 0.006236 
2457595.506605 0.009565 
2457596.437903 0.011276 
2457597.369201 0.009163 
2457598.300499 0.002345 
2457599.231797 -0.007779 
2457600.163094 -0.017899 
2457601.094392 -0.024400 
2457602.025690 -0.025268 
2457602.956988 -0.021070 
2457603.888286 -0.014410 
2457604.819584 -0.008268 
2457605.750882 -0.004378 
2457606.682179 -0.002672 
2457607.613477 -0.001974 
2457608.544775 -0.001232 
2457609.476073 -0.000278 
2457610.407371 0.000368 
2457611.338669 0.000289 
2457612.269966 -0.000259 
2457613.201264 -0.000536 
2457614.132562 -0.000047 
2457615.063860 0.000966 
2457615.995158 0.001819 
2457616.926456 0.002285 
2457617.857754 0.003196 
2457618.789051 0.005979 
2457619.720349 0.011205 
2457620.651647 0.017240 
2457621.582945 0.020310 
2457622.514243 0.016394 
2457623.445541 0.003944 
2457624.376839 -0.014426 
2457625.308136 -0.032671 
2457626.239434 -0.044276 
2457627.170732 -0.045684 
2457628.102030 -0.037999 
2457629.033328 -0.025938 
2457629.964626 -0.014843 
2457630.895923 -0.007808 
2457631.827221 -0.004721 
2457632.758519 -0.003506 
2457633.689817 -0.002277 
2457634.621115 -0.000667 
2457635.552413 0.000487 
2457636.483711 0.000470 
2457637.415008 -0.000343 
2457638.346306 -0.000778 
2457639.277604 -0.000032 
2457640.208902 0.001524 
2457641.140200 0.002804 
2457642.071498 0.003414 
2457643.002796 0.004601 
2457643.934093 0.008535 
2457644.865391 0.016103 
2457645.796689 0.024890 
2457646.727987 0.029317 
2457647.659285 0.023493 
2457648.590583 0.005238 
2457649.521881 -0.021511 
2457650.453178 -0.047883 
2457651.384476 -0.064465 
2457652.315774 -0.066238 
2457653.247072 -0.054940 
2457654.178370 -0.037434 
2457655.109668 -0.021379 
2457656.040965 -0.011172 
2457656.972263 -0.006652 
2457657.903561 -0.004892 
2457658.834859 -0.003215 
2457659.766157 -0.001034 
2457660.697455 0.000568 
2457661.628753 0.000636 
2457662.560050 -0.000372 
2457663.491348 -0.000950 
2457664.422646 -0.000055 
2457665.353944 0.001847 
2457666.285242 0.003376 
2457667.216540 0.003991 
2457668.147838 0.005171 
2457669.079135 0.009532 
2457670.010433 0.018157 
2457670.941731 0.028212 
2457671.873029 0.033179 
2457672.804327 0.026278 
2457673.735625 0.005147 
2457674.666922 -0.025490 
2457675.598220 -0.055371 
2457676.529518 -0.073830 
2457677.460816 -0.075386 
2457678.392114 -0.062243 
2457679.323412 -0.042270 
2457680.254710 -0.024066 
2457681.186007 -0.012482 
2457682.117305 -0.007302 
2457683.048603 -0.005288 
2457683.979901 -0.003480 
2457684.911199 -0.001171 
2457685.842497 0.000554 
2457686.773795 0.000703 
2457687.705092 -0.000281 
2457688.636390 -0.000896 
2457689.567688 -0.000096 
2457690.498986 0.001676 
2457691.430284 0.003066 
2457692.361582 0.003516 
2457693.292879 0.004378 
2457694.224177 0.008081 
2457695.155475 0.015638 
2457696.086773 0.024487 
2457697.018071 0.028775 
2457697.949369 0.022512 
2457698.880667 0.003743 
2457699.811964 -0.023193 
2457700.743262 -0.049190 
2457701.674560 -0.064974 
2457702.605858 -0.065951 
2457703.537156 -0.054226 
2457704.468454 -0.036713 
2457705.399752 -0.020828 
2457706.331049 -0.010701 
2457707.262347 -0.006129 
2457708.193645 -0.004356 
2457709.124943 -0.002856 
2457710.056241 -0.000969 
2457710.987539 0.000469 
2457711.918837 0.000651 
2457712.850134 -0.000114 
2457713.781432 -0.000672 
2457714.712730 -0.000190 
2457715.644028 0.001039 
2457716.575326 0.002020 
2457717.506624 0.002308 
2457718.437921 0.002846 
2457719.369219 0.005360 
2457720.300517 0.010577 
2457721.231815 0.016706 
2457722.163113 0.019654 
2457723.094411 0.015271 
2457724.025709 0.002249 
2457724.957006 -0.016356 
2457725.888304 -0.034232 
2457726.819602 -0.045017 
2457727.750900 -0.045592 
2457728.682198 -0.037429 
2457729.613496 -0.025266 
2457730.544794 -0.014181 
2457731.476091 -0.007040 
2457732.407389 -0.003775 
2457733.338687 -0.002560 
2457734.269985 -0.001648 
2457735.201283 -0.000496 
2457736.132581 0.000420 
2457737.063878 0.000556 
2457737.995176 0.000034 
2457738.926474 -0.000464 
2457739.857772 -0.000374 
2457740.789070 0.000233 
2457741.720368 0.000829 
2457742.651666 0.001127 
2457743.582963 0.001575 
2457744.514261 0.003068 
2457745.445559 0.005988 
2457746.376857 0.009370 
2457747.308155 0.010984 
2457748.239453 0.008542 
2457749.170751 0.001276 
2457750.102048 -0.009188 
2457751.033346 -0.019380 
2457751.964644 -0.025696 
2457752.895942 -0.026229 
2457753.827240 -0.021603 
2457754.758538 -0.014377 
2457755.689835 -0.007502 
2457756.621133 -0.002855 
2457757.552431 -0.000683 
2457758.483729 -0.000077 
2457759.415027 0.000063 
2457760.346325 0.000297 
2457761.277623 0.000559 
2457762.208920 0.000563 
2457763.140218 0.000239 
2457764.071516 -0.000169 
2457765.002814 -0.000342 
2457765.934112 -0.000177 
2457766.865410 0.000170 
2457767.796708 0.000507 
2457768.728005 0.000871 
2457769.659303 0.001541 
2457770.590601 0.002721 
2457771.521899 0.004148 
2457772.453197 0.004971 
2457773.384495 0.004105 
2457774.315793 0.000918 
2457775.247090 -0.004193 
2457776.178388 -0.009747 
2457777.109686 -0.013774 
2457778.040984 -0.014749 
2457778.972282 -0.012355 
2457779.903580 -0.007624 
2457780.834877 -0.002383 
2457781.766175 0.001650 
2457782.697473 0.003614 
2457783.628771 0.003698 
2457784.560069 0.002771 
2457785.491367 0.001748 
2457786.422665 0.001131 
2457787.353962 0.000926 
2457788.285260 0.000903 
2457789.216558 0.000894 
2457790.147856 0.000889 
2457791.079154 0.000921 
2457792.010452 0.000891 
2457792.941750 0.000592 
2457793.873047 -0.000076 
2457794.804345 -0.000879 
2457795.735643 -0.001289 
2457796.666941 -0.000870 
2457797.598239 0.000243 
2457798.529537 0.001164 
2457799.460834 0.000668 
2457800.392132 -0.001978 
2457801.323430 -0.006289 
2457802.254728 -0.010519 
2457803.186026 -0.012467 
2457804.117324 -0.010707 
2457805.048622 -0.005491 
2457805.979919 0.001285 
2457806.911217 0.007072 
2457807.842515 0.009988 
2457808.773813 0.009676 
2457809.705111 0.007238 
2457810.636409 0.004392 
2457811.567707 0.002505 
2457812.499004 0.002064 
2457813.430302 0.002776 
2457814.361600 0.003989 
2457815.292898 0.005018 
2457816.224196 0.005226 
2457817.155494 0.004027 
2457818.086791 0.001092 
2457819.018089 -0.003235 
2457819.949387 -0.007705 
2457820.880685 -0.010509 
2457821.811983 -0.010271 
2457822.743281 -0.007111 
2457823.674579 -0.002973 
2457824.605876 -0.000721 
2457825.537174 -0.002406 
2457826.468472 -0.007752 
2457827.399770 -0.013972 
2457828.331068 -0.017197 
2457829.262366 -0.014710 
2457830.193664 -0.006599 
2457831.124961 0.004223 
2457832.056259 0.013620 
2457832.987557 0.018423 
2457833.918855 0.017879 
2457834.850153 0.013632 
2457835.781451 0.008517 
2457836.712749 0.005056 
2457837.644046 0.004513 
2457838.575344 0.006733 
2457839.506642 0.010452 
2457840.437940 0.013695 
2457841.369238 0.014214 
2457842.300536 0.010167 
2457843.231833 0.001099 
2457844.163131 -0.011248 
2457845.094429 -0.023054 
2457846.025727 -0.029903 
2457846.957025 -0.029112 
2457847.888323 -0.021558 
2457848.819621 -0.011629 
2457849.750918 -0.004993 
2457850.682216 -0.005332 
2457851.613514 -0.012053 
2457852.544812 -0.020501 
2457853.476110 -0.024641 
2457854.407408 -0.020564 
2457855.338706 -0.008664 
2457856.270003 0.006737 
2457857.201301 0.019903 
2457858.132599 0.026655 
2457859.063897 0.026103 
2457859.995195 0.020458 
2457860.926493 0.013507 
2457861.857790 0.008849 
2457862.789088 0.008674 
2457863.720386 0.013191 
2457864.651684 0.020462 
2457865.582982 0.026654 
2457866.514280 0.027028 
2457867.445578 0.017873 
2457868.376875 -0.001194 
2457869.308173 -0.025929 
2457870.239471 -0.048470 
2457871.170769 -0.060739 
2457872.102067 -0.058650 
2457873.033365 -0.044597 
2457873.964663 -0.026429 
2457874.895960 -0.013235 
2457875.827258 -0.010352 
2457876.758556 -0.016622 
2457877.689854 -0.025524 
2457878.621152 -0.029328 
2457879.552450 -0.023587 
2457880.483748 -0.009289 
2457881.415045 0.008287 
2457882.346343 0.022849 
2457883.277641 0.030258 
2457884.208939 0.029953 
2457885.140237 0.024403 
2457886.071535 0.017561 
2457887.002832 0.013329 
2457887.934130 0.014402 
2457888.865428 0.021273 
2457889.796726 0.031409 
2457890.728024 0.039225 
2457891.659322 0.037710 
2457892.590620 0.021728 
2457893.521917 -0.008440 
2457894.453215 -0.045629 
2457895.384513 -0.078024 
2457896.315811 -0.094517 
2457897.247109 -0.090378 
2457898.178407 -0.069817 
2457899.109705 -0.043676 
2457900.041002 -0.023536 
2457900.972300 -0.015719 
2457901.903598 -0.018733 
2457902.834896 -0.025345 
2457903.766194 -0.027571 
2457904.697492 -0.021276 
2457905.628789 -0.007779 
2457906.560087 0.007893 
2457907.491385 0.020363 
2457908.422683 0.026602 
2457909.353981 0.026704 
2457910.285279 0.023061 
2457911.216577 0.018986 
2457912.147874 0.017569 
2457913.079172 0.020756 
2457914.010470 0.028364 
2457914.941768 0.037253 
2457915.873066 0.041531 
2457916.804364 0.034560 
2457917.735662 0.012436 
2457918.666959 -0.022834 
2457919.598257 -0.062694 
2457920.529555 -0.095021 
2457921.460853 -0.109566 
2457922.392151 -0.102938 
2457923.323449 -0.080191 
2457924.254746 -0.052033 
2457925.186044 -0.029287 
2457926.117342 -0.017806 
2457927.048640 -0.016597 
2457927.979938 -0.019774 
2457928.911236 -0.020717 
2457929.842534 -0.015790 
2457930.773831 -0.005669 
2457931.705129 0.005938 
2457932.636427 0.014945 
2457933.567725 0.019188 
2457934.499023 0.019249 
2457935.430321 0.017721 
2457936.361619 0.017559 
2457937.292916 0.020416 
2457938.224214 0.025678 
2457939.155512 0.030517 
2457940.086810 0.030964 
2457941.018108 0.023599 
2457941.949406 0.007218 
2457942.880704 -0.016278 
2457943.812001 -0.042225 
2457944.743299 -0.064697 
2457945.674597 -0.078523 
2457946.605895 -0.080996 
2457947.537193 -0.072623 
2457948.468491 -0.056782 
2457949.399788 -0.038494 
2457950.331086 -0.022763 
2457951.262384 -0.012938 
2457952.193682 -0.009611 
2457953.124980 -0.010539 
2457954.056278 -0.011834 
2457954.987576 -0.010069 
2457955.918873 -0.004236 
2457956.850171 0.003690 
2457957.781469 0.010157 
2457958.712767 0.012671 
2457959.644065 0.011802 
2457960.575363 0.010928 
2457961.506661 0.013550 
2457962.437958 0.019987 
2457963.369256 0.026059 
2457964.300554 0.025197 
2457965.231852 0.012944 
2457966.163150 -0.009228 
2457967.094448 -0.033731 
2457968.025745 -0.050825 
2457968.957043 -0.054275 
2457969.888341 -0.044865 
2457970.819639 -0.029392 
2457971.750937 -0.015967 
2457972.682235 -0.009076 
2457973.613533 -0.007789 
2457974.544830 -0.007993 
2457975.476128 -0.006439 
2457976.407426 -0.003211 
2457977.338724 -0.000879 
2457978.270022 -0.001443 
2457979.201320 -0.004040 
2457980.132618 -0.005518 
2457981.063915 -0.003338 
2457981.995213 0.001904 
2457982.926511 0.006799 
2457983.857809 0.008204 
2457984.789107 0.006379 
2457985.720405 0.005138 
2457986.651702 0.008385 
2457987.583000 0.015710 
2457988.514298 0.021011 
2457989.445596 0.016064 
2457990.376894 -0.002997 
2457991.308192 -0.031126 
2457992.239490 -0.055702 
2457993.170787 -0.063576 
2457994.102085 -0.049336 
2457995.033383 -0.019041 
2457995.964681 0.013279 
2457996.895979 0.034012 
2457997.827277 0.037528 
2457998.758575 0.028017 
2457999.689872 0.015001 
2458000.621170 0.006340 
2458001.552468 0.003876 
2458002.483766 0.004276 
2458003.415064 0.003439 
2458004.346362 0.000372 
2458005.277660 -0.002531 
2458006.208957 -0.002448 
2458007.140255 0.000758 
2458008.071553 0.004271 
2458009.002851 0.005092 
2458009.934149 0.003161 
2458010.865447 0.001705 
2458011.796744 0.004111 
2458012.728042 0.009911 
2458013.659340 0.013635 
2458014.590638 0.008233 
2458015.521936 -0.009039 
2458016.453234 -0.032811 
2458017.384532 -0.051322 
2458018.315829 -0.053172 
2458019.247127 -0.034703 
2458020.178425 -0.002840 
2458021.109723 0.028707 
2458022.041021 0.047384 
2458022.972319 0.048542 
2458023.903617 0.036758 
2458024.834914 0.021460 
2458025.766212 0.010453 
2458026.697510 0.005929 
2458027.628808 0.005132 
2458028.560106 0.004202 
2458029.491404 0.001679 
2458030.422701 -0.000971 
2458031.353999 -0.001584 
2458032.285297 0.000183 
2458033.216595 0.002433 
2458034.147893 0.002958 
2458035.079191 0.001543 
2458036.010489 0.000305 
2458036.941786 0.001564 
2458037.873084 0.005064 
2458038.804382 0.007197 
2458039.735680 0.003361 
2458040.666978 -0.008059 
2458041.598276 -0.023234 
2458042.529574 -0.034226 
2458043.460871 -0.033638 
2458044.392169 -0.019482 
2458045.323467 0.003131 
2458046.254765 0.024769 
2458047.186063 0.037065 
2458048.117361 0.037130 
2458049.048658 0.028272 
2458049.979956 0.016976 
2458050.911254 0.008593 
2458051.842552 0.004735 
2458052.773850 0.003695 
2458053.705148 0.002931 
2458054.636446 0.001332 
2458055.567743 -0.000368 
2458056.499041 -0.000904 
2458057.430339 -0.000013 
2458058.361637 0.001252 
2458059.292935 0.001600 
2458060.224233 0.000821 
2458061.155531 0.000018 
2458062.086828 0.000464 
2458063.018126 0.002090 
2458063.949424 0.003060 
2458064.880722 0.001035 
2458065.812020 -0.004750 
2458066.743318 -0.012245 
2458067.674616 -0.017358 
2458068.605913 -0.016398 
2458069.537211 -0.008548 
2458070.468509 0.003384 
2458071.399807 0.014498 
2458072.331105 0.020583 
2458073.262403 0.020304 
2458074.193700 0.015466 
2458075.124998 0.009410 
2458076.056296 0.004854 
2458076.987594 0.002618 
2458077.918892 0.001877 
2458078.850190 0.001386 
2458079.781488 0.000580 
2458080.712785 -0.000228 
2458081.644083 -0.000471 
2458082.575381 -0.000033 
2458083.506679 0.000598 
2458084.437977 0.000821 
2458085.369275 0.000504 
2458086.300573 0.000103 
2458087.231870 0.000167 
2458088.163168 0.000710 
2458089.094466 0.001036 
2458090.025764 0.000250 
2458090.957062 -0.001915 
2458091.888360 -0.004645 
2458092.819657 -0.006383 
2458093.750955 -0.005794 
2458094.682253 -0.002675 
2458095.613551 0.001828 
2458096.544849 0.005863 
2458097.476147 0.007931 
2458098.407445 0.007645 
2458099.338742 0.005751 
2458100.270040 0.003489 
2458101.201338 0.001806 
2458102.132636 0.000950 
2458103.063934 0.000609 
2458103.995232 0.000362 
2458104.926530 0.000043 
2458105.857827 -0.000220 
2458106.789125 -0.000240 
2458107.720423 -0.000008 
2458108.651721 0.000285 
2458109.583019 0.000419 
2458110.514317 0.000341 
2458111.445614 0.000192 
2458112.376912 0.000153 
2458113.308210 0.000254 
2458114.239508 0.000326 
2458115.170806 0.000146 
2458116.102104 -0.000347 
2458117.033402 -0.000950 
2458117.964699 -0.001306 
2458118.895997 -0.001142 
2458119.827295 -0.000466 
2458120.758593 0.000427 
2458121.689891 0.001139 
2458122.621189 0.001407 
2458123.552487 0.001234 
2458124.483784 0.000828 
2458125.415082 0.000437 
2458126.346380 0.000197 
2458127.277678 0.000089 
2458128.208976 0.000021 
2458129.140274 -0.000069 
2458130.071572 -0.000164 
2458131.002869 -0.000199 
2458131.934167 -0.000134 
2458132.865465 0.000007 
2458133.796763 0.000150 
2458134.728061 0.000230 
2458135.659359 0.000233 
2458136.590656 0.000195 
2458137.521954 0.000166 
2458138.453252 0.000170 
2458139.384550 0.000196 
2458140.315848 0.000216 
2458141.247146 0.000211 
2458142.178444 0.000177 
2458143.109741 0.000116 
2458144.041039 0.000021 
2458144.972337 -0.000118 
2458145.903635 -0.000300 
2458146.834933 -0.000491 
2458147.766231 -0.000636 
2458148.697529 -0.000680 
2458149.628826 -0.000607 
2458150.560124 -0.000451 
2458151.491422 -0.000280 
2458152.422720 -0.000160 
2458153.354018 -0.000118 
2458154.285316 -0.000133 
2458155.216613 -0.000157 
2458156.147911 -0.000145 
2458157.079209 -0.000085 
2458158.010507 0.000006 
2458158.941805 0.000092 
2458159.873103 0.000142 
2458160.804401 0.000153 
2458161.735698 0.000142 
2458162.666996 0.000139 
2458163.598294 0.000163 
2458164.529592 0.000210 
2458165.460890 0.000252 
2458166.392188 0.000252 
2458167.323486 0.000182 
2458168.254783 0.000040 
2458169.186081 -0.000148 
2458170.117379 -0.000337 
2458171.048677 -0.000486 
2458171.979975 -0.000568 
2458172.911273 -0.000578 
2458173.842571 -0.000527 
2458174.773868 -0.000433 
2458175.705166 -0.000319 
2458176.636464 -0.000206 
2458177.567762 -0.000118 
2458178.499060 -0.000069 
2458179.430358 -0.000062 
2458180.361655 -0.000077 
2458181.292953 -0.000083 
2458182.224251 -0.000057 
2458183.155549 -0.000001 
2458184.086847 0.000060 
2458185.018145 0.000095 
2458185.949443 0.000095 
2458186.880740 0.000081 
2458187.812038 0.000089 
2458188.743336 0.000138 
2458189.674634 0.000202 
2458190.605932 0.000221 
2458191.537230 0.000139 
2458192.468528 -0.000050 
2458193.399825 -0.000284 
2458194.331123 -0.000464 
2458195.262421 -0.000508 
2458196.193719 -0.000404 
2458197.125017 -0.000216 
2458198.056315 -0.000039 
2458198.987612 0.000055 
2458199.918910 0.000060 
2458200.850208 0.000019 
2458201.781506 -0.000014 
2458202.712804 -0.000014 
2458203.644102 0.000004 
2458204.575400 0.000010 
2458205.506697 -0.000009 
2458206.437995 -0.000034 
2458207.369293 -0.000037 
2458208.300591 -0.000007 
2458209.231889 0.000038 
2458210.163187 0.000063 
2458211.094485 0.000056 
2458212.025782 0.000036 
2458212.957080 0.000044 
2458213.888378 0.000094 
2458214.819676 0.000155 
2458215.750974 0.000155 
2458216.682272 0.000039 
2458217.613569 -0.000183 
2458218.544867 -0.000420 
2458219.476165 -0.000549 
2458220.407463 -0.000489 
2458221.338761 -0.000252 
2458222.270059 0.000056 
2458223.201357 0.000300 
2458224.132654 0.000394 
2458225.063952 0.000342 
2458225.995250 0.000217 
2458226.926548 0.000105 
2458227.857846 0.000050 
2458228.789144 0.000042 
2458229.720442 0.000041 
2458230.651739 0.000022 
2458231.583037 -0.000008 
2458232.514335 -0.000022 
2458233.445633 -0.000008 
2458234.376931 0.000022 
2458235.308229 0.000039 
2458236.239527 0.000031 
2458237.170824 0.000013 
2458238.102122 0.000016 
2458239.033420 0.000052 
2458239.964718 0.000095 
2458240.896016 0.000089 
2458241.827314 -0.000009 
2458242.758611 -0.000186 
2458243.689909 -0.000362 
2458244.621207 -0.000438 
2458245.552505 -0.000352 
2458246.483803 -0.000125 
2458247.415101 0.000149 
2458248.346399 0.000355 
2458249.277696 0.000424 
2458250.208994 0.000363 
2458251.140292 0.000239 
2458252.071590 0.000125 
2458253.002888 0.000063 
2458253.934186 0.000045 
2458254.865484 0.000040 
2458255.796781 0.000025 
2458256.728079 0.000002 
2458257.659377 -0.000012 
2458258.590675 -0.000006 
2458259.521973 0.000011 
2458260.453271 0.000022 
2458261.384568 0.000017 
2458262.315866 0.000004 
2458263.247164 0.000003 
2458264.178462 0.000023 
2458265.109760 0.000048 
2458266.041058 0.000042 
2458266.972356 -0.000019 
2458267.903653 -0.000126 
2458268.834951 -0.000228 
2458269.766249 -0.000264 
2458270.697547 -0.000198 
2458271.628845 -0.000047 
2458272.560143 0.000127 
2458273.491441 0.000255 
2458274.422738 0.000295 
2458275.354036 0.000251 
2458276.285334 0.000168 
2458277.216632 0.000091 
2458278.147930 0.000046 
2458279.079228 0.000030 
2458280.010525 0.000025 
2458280.941823 0.000016 
2458281.873121 0.000002 
2458282.804419 -0.000006 
2458283.735717 -0.000004 
2458284.667015 0.000005 
2458285.598313 0.000012 
2458286.529610 0.000009 
2458287.460908 0.000002 
2458288.392206 0.000000 
2458289.323504 0.000008 
2458290.254802 0.000019 
2458291.186100 0.000016 
2458292.117398 -0.000013 
2458293.048695 -0.000062 
2458293.979993 -0.000108 
2458294.911291 -0.000121 
2458295.842589 -0.000086 
2458296.773887 -0.000012 
2458297.705185 0.000072 
2458298.636483 0.000131 
2458299.567780 0.000147 
2458300.499078 0.000125 
2458301.430376 0.000084 
2458302.361674 0.000046 
2458303.292972 0.000023 
2458304.224270 0.000014 
2458305.155567 0.000011 
2458306.086865 0.000006 
2458307.018163 0.000000 
2458307.949461 -0.000003 
2458308.880759 -0.000002 
2458309.812057 0.000002 
2458310.743355 0.000006 
2458311.674652 0.000005 
2458312.605950 0.000002 
2458313.537248 0.000001 
2458314.468546 0.000003 
2458315.399844 0.000006 
2458316.331142 0.000005 
2458317.262440 -0.000005 
2458318.193737 -0.000021 
2458319.125035 -0.000036 
2458320.056333 -0.000039 
2458320.987631 -0.000026 
2458321.918929 -0.000000 
2458322.850227 0.000027 
2458323.781524 0.000045 
2458324.712822 0.000048 
2458325.644120 0.000040 
2458326.575418 0.000026 
2458327.506716 0.000014 
2458328.438014 0.000007 
2458329.369312 0.000004 
2458330.300609 0.000002 
2458331.231907 0.000001 
2458332.163205 -0.000001 
2458333.094503 -0.000002 
2458334.025801 -0.000001 
2458334.957099 0.000001 
2458335.888397 0.000003 
2458336.819694 0.000003 
2458337.750992 0.000002 
2458338.682290 0.000001 
2458339.613588 0.000002 
2458340.544886 0.000002 
2458341.476184 0.000002 
2458342.407481 0.000000 
2458343.338779 -0.000003 
2458344.270077 -0.000005 
2458345.201375 -0.000006 
2458346.132673 -0.000004 
2458347.063971 -0.000000 
2458347.995269 0.000003 
2458348.926566 0.000004 
2458349.857864 0.000004 
2458350.789162 0.000002 
2458351.720460 0.000001 
2458352.651758 -0.000000 
2458353.583056 -0.000000 
2458354.514354 -0.000000 
2458355.445651 -0.000001 
2458356.376949 -0.000001 
2458357.308247 -0.000002 
2458358.239545 -0.000001 
2458359.170843 -0.000000 
2458360.102141 0.000001 
2458361.033439 0.000002 
2458361.964736 0.000002 
2458362.896034 0.000002 
2458363.827332 0.000001 
2458364.758630 0.000001 
2458365.689928 0.000002 
2458366.621226 0.000002 
2458367.552523 0.000002 
2458368.483821 0.000002 
2458369.415119 0.000002 
2458370.346417 0.000001 
2458371.277715 -0.000001 
2458372.209013 -0.000003 
2458373.140311 -0.000005 
2458374.071608 -0.000006 
2458375.002906 -0.000007 
2458375.934204 -0.000006 
2458376.865502 -0.000005 
2458377.796800 -0.000003 
2458378.728098 -0.000002 
2458379.659396 -0.000001 
2458380.590693 -0.000001 
2458381.521991 -0.000001 
2458382.453289 -0.000001 
2458383.384587 -0.000001 
2458384.315885 -0.000000 
2458385.247183 0.000000 
2458386.178480 0.000001 
2458387.109778 0.000001 
2458388.041076 0.000001 
2458388.972374 0.000001 
2458389.903672 0.000001 
2458390.834970 0.000002 
2458391.766268 0.000002 
2458392.697565 0.000002 
2458393.628863 0.000002 
2458394.560161 0.000000 
2458395.491459 -0.000001 
2458396.422757 -0.000003 
2458397.354055 -0.000004 
2458398.285353 -0.000004 
2458399.216650 -0.000004 
2458400.147948 -0.000003 
2458401.079246 -0.000003 
2458402.010544 -0.000002 
2458402.941842 -0.000002 
2458403.873140 -0.000001 
2458404.804438 -0.000001 
2458405.735735 -0.000000 
2458406.667033 -0.000000 
2458407.598331 -0.000001 
2458408.529629 -0.000001 
2458409.460927 -0.000000 
2458410.392225 0.000000 
2458411.323522 0.000001 
2458412.254820 0.000001 
2458413.186118 0.000001 
2458414.117416 0.000001 
2458415.048714 0.000001 
2458415.980012 0.000001 
2458416.911310 0.000002 
2458417.842607 0.000001 
2458418.773905 0.000000 
2458419.705203 -0.000002 
2458420.636501 -0.000004 
2458421.567799 -0.000005 
2458422.499097 -0.000004 
2458423.430395 -0.000002 
2458424.361692 0.000000 
2458425.292990 0.000001 
2458426.224288 0.000002 
2458427.155586 0.000001 
2458428.086884 0.000000 
2458429.018182 0.000000 
2458429.949479 0.000000 
2458430.880777 0.000000 
2458431.812075 0.000000 
2458432.743373 -0.000000 
2458433.674671 -0.000000 
2458434.605969 -0.000000 
2458435.537267 0.000000 
2458436.468564 0.000000 
2458437.399862 0.000000 
2458438.331160 0.000000 
2458439.262458 0.000000 
2458440.193756 0.000000 
2458441.125054 0.000001 
2458442.056352 0.000001 
2458442.987649 0.000001 
2458443.918947 -0.000001 
2458444.850245 -0.000003 
2458445.781543 -0.000004 
2458446.712841 -0.000005 
2458447.644139 -0.000003 
2458448.575436 -0.000000 
2458449.506734 0.000002 
2458450.438032 0.000004 
2458451.369330 0.000004 
2458452.300628 0.000003 
2458453.231926 0.000001 
2458454.163224 0.000001 
2458455.094521 0.000000 
2458456.025819 0.000000 
2458456.957117 0.000000 
2458457.888415 0.000000 
2458458.819713 -0.000000 
2458459.751011 -0.000000 
2458460.682309 0.000000 
2458461.613606 0.000000 
2458462.544904 0.000000 
2458463.476202 0.000000 
2458464.407500 0.000000 
2458465.338798 0.000000 
2458466.270096 0.000001 
2458467.201394 0.000001 
2458468.132691 0.000000 
2458469.063989 -0.000001 
2458469.995287 -0.000002 
2458470.926585 -0.000003 
2458471.857883 -0.000003 
2458472.789181 -0.000002 
2458473.720478 0.000000 
2458474.651776 0.000002 
2458475.583074 0.000003 
2458476.514372 0.000003 
2458477.445670 0.000002 
2458478.376968 0.000001 
2458479.308266 0.000001 
2458480.239563 0.000000 
2458481.170861 0.000000 
2458482.102159 0.000000 
2458483.033457 0.000000 
2458483.964755 -0.000000 
2458484.896053 -0.000000 
2458485.827351 0.000000 
2458486.758648 0.000000 
2458487.689946 0.000000 
2458488.621244 0.000000 
2458489.552542 0.000000 
2458490.483840 0.000000 
2458491.415138 0.000000 
2458492.346435 0.000000 
2458493.277733 0.000000 
2458494.209031 -0.000001 
2458495.140329 -0.000001 
2458496.071627 -0.000002 
2458497.002925 -0.000002 
2458497.934223 -0.000001 
2458498.865520 0.000000 
2458499.796818 0.000002 
2458500.728116 0.000002 
2458501.659414 0.000002 
2458502.590712 0.000002 
2458503.522010 0.000001 
2458504.453308 0.000000 
2458505.384605 0.000000 
2458506.315903 0.000000 
2458507.247201 0.000000 
2458508.178499 0.000000 
2458509.109797 -0.000000 
2458510.041095 -0.000000 
2458510.972392 0.000000 
2458511.903690 0.000000 
2458512.834988 0.000000 
2458513.766286 0.000000 
2458514.697584 0.000000 
2458515.628882 0.000000 
2458516.560180 0.000000 
2458517.491477 0.000000 
2458518.422775 0.000000 
2458519.354073 -0.000000 
2458520.285371 -0.000001 
2458521.216669 -0.000001 
2458522.147967 -0.000001 
2458523.079265 -0.000000 
2458524.010562 0.000000 
2458524.941860 0.000001 
2458525.873158 0.000001 
2458526.804456 0.000001 
2458527.735754 0.000001 
2458528.667052 0.000000 
2458529.598350 0.000000 
2458530.529647 0.000000 
2458531.460945 0.000000 
2458532.392243 0.000000 
2458533.323541 0.000000 
2458534.254839 -0.000000 
2458535.186137 -0.000000 
2458536.117434 0.000000 
2458537.048732 0.000000 
2458537.980030 0.000000 
2458538.911328 0.000000 
2458539.842626 0.000000 
2458540.773924 0.000000 
2458541.705222 0.000000 
2458542.636519 0.000000 
2458543.567817 0.000000 
2458544.499115 -0.000000 
2458545.430413 -0.000000 
2458546.361711 -0.000000 
2458547.293009 -0.000000 
2458548.224307 -0.000000 
2458549.155604 0.000000 
2458550.086902 0.000000 
2458551.018200 0.000000 
2458551.949498 0.000000 
2458552.880796 0.000000 
2458553.812094 0.000000 
2458554.743391 0.000000 
2458555.674689 0.000000 
2458556.605987 0.000000 
2458557.537285 0.000000 
2458558.468583 -0.000000 
2458559.399881 -0.000000 
2458560.331179 -0.000000 
2458561.262476 0.000000 
2458562.193774 0.000000 
2458563.125072 0.000000 
2458564.056370 0.000000 
2458564.987668 0.000000 
2458565.918966 0.000000 
2458566.850264 0.000000 
2458567.781561 0.000000 
2458568.712859 0.000000 
2458569.644157 0.000000 
2458570.575455 -0.000000 
2458571.506753 -0.000000 
2458572.438051 -0.000000 
2458573.369348 -0.000000 
2458574.300646 -0.000000 
2458575.231944 -0.000000 
2458576.163242 -0.000000 
2458577.094540 -0.000000 
2458578.025838 -0.000000 
2458578.957136 -0.000000 
2458579.888433 -0.000000 
2458580.819731 -0.000000 
2458581.751029 -0.000000 
2458582.682327 -0.000000 
2458583.613625 -0.000000 
2458584.544923 -0.000000 
2458585.476221 -0.000000 
2458586.407518 0.000000 
2458587.338816 0.000000 
2458588.270114 0.000000 
2458589.201412 0.000000 
2458590.132710 0.000000 
2458591.064008 0.000000 
2458591.995306 0.000000 
2458592.926603 0.000000 
2458593.857901 0.000000 
2458594.789199 0.000000 
2458595.720497 0.000000 
2458596.651795 0.000000 
2458597.583093 -0.000000 
2458598.514390 -0.000000 
2458599.445688 -0.000000 
2458600.376986 -0.000000 
2458601.308284 -0.000000 
2458602.239582 -0.000000 
2458603.170880 -0.000000 
2458604.102178 -0.000000 
2458605.033475 -0.000000 
2458605.964773 -0.000000 
2458606.896071 -0.000000 
2458607.827369 -0.000000 
2458608.758667 -0.000000 
2458609.689965 -0.000000 
2458610.621263 -0.000000 
2458611.552560 0.000000 
2458612.483858 0.000000 
2458613.415156 0.000000 
2458614.346454 0.000000 
2458615.277752 0.000000 
2458616.209050 0.000000 
2458617.140347 0.000000 
2458618.071645 0.000000 
2458619.002943 0.000000 
2458619.934241 0.000000 
2458620.865539 0.000000 
2458621.796837 -0.000000 
2458622.728135 -0.000000 
2458623.659432 -0.000000 
2458624.590730 -0.000000 
2458625.522028 -0.000000 
2458626.453326 -0.000000 
2458627.384624 -0.000000 
2458628.315922 -0.000000 
2458629.247220 -0.000000 
2458630.178517 -0.000000 
2458631.109815 -0.000000 
2458632.041113 -0.000000 
2458632.972411 -0.000000 
2458633.903709 -0.000000 
2458634.835007 -0.000000 
2458635.766304 -0.000000 
2458636.697602 0.000000 
2458637.628900 0.000000 
2458638.560198 0.000000 
2458639.491496 0.000000 
2458640.422794 0.000000 
2458641.354092 0.000000 
2458642.285389 0.000000 
2458643.216687 0.000000 
2458644.147985 0.000000 
2458645.079283 0.000000 
2458646.010581 -0.000000 
2458646.941879 -0.000000 
2458647.873177 -0.000000 
2458648.804474 -0.000000 
2458649.735772 -0.000000 
2458650.667070 -0.000000 
2458651.598368 0.000000 
2458652.529666 0.000000 
2458653.460964 0.000000 
2458654.392262 0.000000 
2458655.323559 0.000000 
2458656.254857 0.000000 
2458657.186155 0.000000 
2458658.117453 0.000000 
2458659.048751 0.000000 
2458659.980049 -0.000000 
2458660.911346 -0.000000 
2458661.842644 -0.000000 
2458662.773942 0.000000 
2458663.705240 0.000000 
2458664.636538 0.000000 
2458665.567836 0.000000 
2458666.499134 0.000000 
2458667.430431 0.000000 
2458668.361729 0.000000 
2458669.293027 0.000000 
2458670.224325 -0.000000 
2458671.155623 -0.000000 
2458672.086921 -0.000000 
2458673.018219 -0.000000 
2458673.949516 -0.000000 
2458674.880814 -0.000000 
2458675.812112 0.000000 
2458676.743410 0.000000 
2458677.674708 0.000000 
2458678.606006 0.000000 
2458679.537303 0.000000 
2458680.468601 0.000000 
2458681.399899 0.000000 
2458682.331197 0.000000 
2458683.262495 0.000000 
2458684.193793 0.000000 
2458685.125091 -0.000000 
2458686.056388 -0.000000 
2458686.987686 -0.000000 
2458687.918984 0.000000 
2458688.850282 0.000000 
2458689.781580 0.000000 
2458690.712878 0.000000 
2458691.644176 0.000000 
2458692.575473 0.000000 
2458693.506771 0.000000 
2458694.438069 0.000000 
2458695.369367 -0.000000 
2458696.300665 -0.000000 
2458697.231963 -0.000000 
2458698.163261 -0.000000 
2458699.094558 -0.000000 
2458700.025856 -0.000000 
2458700.957154 0.000000 
2458701.888452 0.000000 
2458702.819750 0.000000 
2458703.751048 0.000000 
2458704.682345 0.000000 
2458705.613643 0.000000 
2458706.544941 0.000000 
2458707.476239 0.000000 
2458708.407537 0.000000 
2458709.338835 0.000000 
2458710.270133 0.000000 
2458711.201430 -0.000000 
2458712.132728 -0.000000 
2458713.064026 0.000000 
2458713.995324 0.000000 
2458714.926622 0.000000 
2458715.857920 0.000000 
2458716.789218 0.000000 
2458717.720515 0.000000 
2458718.651813 0.000000 
2458719.583111 0.000000 
2458720.514409 -0.000000 
2458721.445707 -0.000000 
2458722.377005 -0.000000 
2458723.308302 -0.000000 
2458724.239600 -0.000000 
2458725.170898 -0.000000 
2458726.102196 0.000000 
2458727.033494 0.000000 
2458727.964792 0.000000 
2458728.896090 0.000000 
2458729.827387 0.000000 
2458730.758685 0.000000 
2458731.689983 0.000000 
2458732.621281 0.000000 
2458733.552579 0.000000 
2458734.483877 0.000000 
2458735.415175 0.000000 
2458736.346472 -0.000000 
2458737.277770 -0.000000 
2458738.209068 0.000000 
2458739.140366 0.000000 
2458740.071664 0.000000 
2458741.002962 0.000000 
2458741.934259 0.000000 
2458742.865557 0.000000 
2458743.796855 0.000000 
2458744.728153 0.000000 
2458745.659451 -0.000000 
2458746.590749 -0.000000 
2458747.522047 -0.000000 
2458748.453344 -0.000000 
2458749.384642 -0.000000 
2458750.315940 0.000000 
2458751.247238 0.000000 
2458752.178536 0.000000 
2458753.109834 0.000000 
2458754.041132 0.000000 
2458754.972429 0.000000 
2458755.903727 0.000000 
2458756.835025 0.000000 
2458757.766323 0.000000 
2458758.697621 0.000000 
2458759.628919 0.000000 
2458760.560217 -0.000000 
2458761.491514 -0.000000 
2458762.422812 -0.000000 
2458763.354110 0.000000 
2458764.285408 0.000000 
2458765.216706 0.000000 
2458766.148004 0.000000 
2458767.079301 0.000000 
2458768.010599 0.000000 
2458768.941897 0.000000 
2458769.873195 0.000000 
2458770.804493 -0.000000 
2458771.735791 -0.000000 
2458772.667089 -0.000000 
2458773.598386 -0.000000 
2458774.529684 -0.000000 
2458775.460982 0.000000 
2458776.392280 0.000000 
2458777.323578 0.000000 
2458778.254876 0.000000 
2458779.186174 0.000000 
2458780.117471 0.000000 
2458781.048769 0.000000 
2458781.980067 0.000000 
2458782.911365 0.000000 
2458783.842663 0.000000 
2458784.773961 -0.000000 
2458785.705258 -0.000000 
2458786.636556 -0.000000 
2458787.567854 -0.000000 
2458788.499152 0.000000 
2458789.430450 0.000000 
2458790.361748 0.000000 
2458791.293046 0.000000 
2458792.224343 0.000000 
2458793.155641 0.000000 
2458794.086939 0.000000 
2458795.018237 0.000000 
2458795.949535 0.000000 
2458796.880833 0.000000 
2458797.812131 0.000000 
2458798.743428 -0.000000 
2458799.674726 -0.000000 
2458800.606024 -0.000000 
2458801.537322 -0.000000 
2458802.468620 -0.000000 
2458803.399918 -0.000000 
2458804.331215 -0.000000 
2458805.262513 -0.000000 
2458806.193811 -0.000000 
2458807.125109 -0.000000 
2458808.056407 -0.000000 
2458808.987705 -0.000000 
2458809.919003 -0.000000 
2458810.850300 -0.000000 
2458811.781598 -0.000000 
2458812.712896 -0.000000 
2458813.644194 0.000000 
2458814.575492 0.000000 
2458815.506790 0.000000 
2458816.438088 0.000000 
2458817.369385 0.000000 
2458818.300683 0.000000 
2458819.231981 0.000000 
2458820.163279 0.000000 
2458821.094577 0.000000 
2458822.025875 0.000000 
2458822.957173 0.000000 
2458823.888470 -0.000000 
2458824.819768 -0.000000 
2458825.751066 -0.000000 
2458826.682364 -0.000000 
2458827.613662 -0.000000 
2458828.544960 -0.000000 
2458829.476257 -0.000000 
2458830.407555 -0.000000 
2458831.338853 -0.000000 
2458832.270151 -0.000000 
2458833.201449 -0.000000 
2458834.132747 -0.000000 
2458835.064045 -0.000000 
2458835.995342 -0.000000 
2458836.926640 -0.000000 
2458837.857938 -0.000000 
2458838.789236 0.000000 
2458839.720534 0.000000 
2458840.651832 0.000000 
2458841.583130 0.000000 
2458842.514427 0.000000 
2458843.445725 0.000000 
2458844.377023 0.000000 
2458845.308321 0.000000 
2458846.239619 0.000000 
2458847.170917 0.000000 
2458848.102214 -0.000000 
2458849.033512 -0.000000 
2458849.964810 -0.000000 
2458850.896108 -0.000000 
2458851.827406 -0.000000 
2458852.758704 -0.000000 
2458853.690002 -0.000000 
2458854.621299 -0.000000 
2458855.552597 -0.000000 
2458856.483895 -0.000000 
2458857.415193 -0.000000 
2458858.346491 -0.000000 
2458859.277789 0.000000 
2458860.209087 -0.000000 
2458861.140384 -0.000000 
2458862.071682 -0.000000 
2458863.002980 -0.000000 
2458863.934278 0.000000 
2458864.865576 0.000000 
2458865.796874 0.000000 
2458866.728171 0.000000 
2458867.659469 0.000000 
2458868.590767 0.000000 
2458869.522065 0.000000 
2458870.453363 0.000000 
2458871.384661 0.000000 
2458872.315959 -0.000000 
2458873.247256 -0.000000 
2458874.178554 -0.000000 
2458875.109852 -0.000000 
2458876.041150 -0.000000 
2458876.972448 -0.000000 
2458877.903746 0.000000 
2458878.835044 0.000000 
2458879.766341 0.000000 
2458880.697639 0.000000 
2458881.628937 0.000000 
2458882.560235 0.000000 
2458883.491533 0.000000 
2458884.422831 0.000000 
2458885.354129 0.000000 
2458886.285426 0.000000 
2458887.216724 -0.000000 
2458888.148022 -0.000000 
2458889.079320 0.000000 
2458890.010618 0.000000 
2458890.941916 0.000000 
2458891.873213 0.000000 
2458892.804511 0.000000 
2458893.735809 0.000000 
2458894.667107 0.000000 
2458895.598405 0.000000 
2458896.529703 0.000000 
2458897.461001 -0.000000 
2458898.392298 -0.000000 
2458899.323596 -0.000000 
2458900.254894 -0.000000 
2458901.186192 -0.000000 
2458902.117490 0.000000 
2458903.048788 0.000000 
2458903.980086 0.000000 
2458904.911383 0.000000 
2458905.842681 0.000000 
2458906.773979 0.000000 
2458907.705277 0.000000 
2458908.636575 0.000000 
2458909.567873 0.000000 
2458910.499170 0.000000 
2458911.430468 0.000000 
2458912.361766 -0.000000 
2458913.293064 -0.000000 
2458914.224362 0.000000 
2458915.155660 0.000000 
2458916.086958 0.000000 
2458917.018255 0.000000 
2458917.949553 0.000000 
2458918.880851 0.000000 
2458919.812149 0.000000 
2458920.743447 0.000000 
2458921.674745 0.000000 
2458922.606043 -0.000000 
2458923.537340 -0.000000 
2458924.468638 -0.000000 
2458925.399936 -0.000000 
2458926.331234 -0.000000 
2458927.262532 0.000000 
2458928.193830 0.000000 
2458929.125127 0.000000 
2458930.056425 0.000000 
2458930.987723 0.000000 
2458931.919021 0.000000 
2458932.850319 0.000000 
2458933.781617 0.000000 
2458934.712915 0.000000 
2458935.644212 0.000000 
2458936.575510 0.000000 
2458937.506808 -0.000000 
2458938.438106 -0.000000 
2458939.369404 0.000000 
2458940.300702 0.000000 
2458941.232000 0.000000 
2458942.163297 0.000000 
2458943.094595 0.000000 
2458944.025893 0.000000 
2458944.957191 0.000000 
2458945.888489 0.000000 
2458946.819787 -0.000000 
2458947.751085 -0.000000 
2458948.682382 -0.000000 
2458949.613680 -0.000000 
2458950.544978 -0.000000 
2458951.476276 -0.000000 
2458952.407574 0.000000 
2458953.338872 0.000000 
2458954.270169 0.000000 
2458955.201467 0.000000 
2458956.132765 0.000000 
2458957.064063 0.000000 
2458957.995361 0.000000 
2458958.926659 0.000000 
2458959.857957 0.000000 
2458960.789254 0.000000 
2458961.720552 -0.000000 
2458962.651850 -0.000000 
2458963.583148 -0.000000 
2458964.514446 0.000000 
2458965.445744 0.000000 
2458966.377042 0.000000 
2458967.308339 0.000000 
2458968.239637 0.000000 
2458969.170935 0.000000 
2458970.102233 0.000000 
2458971.033531 0.000000 
2458971.964829 -0.000000 
2458972.896126 -0.000000 
2458973.827424 -0.000000 
2458974.758722 -0.000000 
2458975.690020 -0.000000 
2458976.621318 -0.000000 
2458977.552616 0.000000 
2458978.483914 0.000000 
2458979.415211 0.000000 
2458980.346509 0.000000 
2458981.277807 0.000000 
2458982.209105 0.000000 
2458983.140403 0.000000 
2458984.071701 0.000000 
2458985.002999 0.000000 
2458985.934296 -0.000000 
2458986.865594 -0.000000 
2458987.796892 -0.000000 
2458988.728190 -0.000000 
2458989.659488 0.000000 
2458990.590786 0.000000 
2458991.522084 0.000000 
2458992.453381 0.000000 
2458993.384679 0.000000 
2458994.315977 0.000000 
2458995.247275 0.000000 
2458996.178573 0.000000 
2458997.109871 0.000000 
2458998.041168 -0.000000 
2458998.972466 -0.000000 
2458999.903764 -0.000000 
2459000.835062 -0.000000 
2459001.766360 0.000000 
2459002.697658 0.000000 
2459003.628956 0.000000 
2459004.560253 -0.000000 
2459005.491551 -0.000000 
2459006.422849 -0.000000 
2459007.354147 -0.000000 
2459008.285445 -0.000000 
2459009.216743 -0.000000 
2459010.148041 -0.000000 
2459011.079338 -0.000000 
2459012.010636 0.000000 
2459012.941934 0.000000 
2459013.873232 0.000000 
2459014.804530 0.000000 
2459015.735828 0.000000 
2459016.667125 -0.000000 
2459017.598423 -0.000000 
2459018.529721 -0.000000 
2459019.461019 0.000000 
2459020.392317 0.000000 
2459021.323615 -0.000000 
2459022.254913 -0.000000 
2459023.186210 -0.000000 
2459024.117508 0.000000 
2459025.048806 0.000000 
2459025.980104 0.000000 
2459026.911402 0.000000 
2459027.842700 -0.000000 
2459028.773998 -0.000000 
2459029.705295 -0.000000 
2459030.636593 -0.000000 
2459031.567891 -0.000000 
2459032.499189 -0.000000 
2459033.430487 -0.000000 
2459034.361785 -0.000000 
2459035.293082 -0.000000 
2459036.224380 -0.000000 
2459037.155678 0.000000 
2459038.086976 0.000000 
2459039.018274 0.000000 
2459039.949572 0.000000 
2459040.880870 -0.000000 
2459041.812167 -0.000000 
2459042.743465 -0.000000 
2459043.674763 -0.000000 
2459044.606061 -0.000000 
2459045.537359 -0.000000 
2459046.468657 -0.000000 
2459047.399955 -0.000000 
2459048.331252 -0.000000 
2459049.262550 0.000000 
2459050.193848 0.000000 
2459051.125146 0.000000 
2459052.056444 -0.000000 
2459052.987742 -0.000000 
2459053.919040 -0.000000 
2459054.850337 0.000000 
2459055.781635 0.000000 
2459056.712933 0.000000 
2459057.644231 -0.000000 
2459058.575529 -0.000000 
2459059.506827 -0.000000 
2459060.438124 -0.000000 
2459061.369422 0.000000 
2459062.300720 0.000000 
2459063.232018 0.000000 
2459064.163316 0.000000 
2459065.094614 0.000000 
2459066.025912 -0.000000 
2459066.957209 -0.000000 
2459067.888507 -0.000000 
2459068.819805 -0.000000 
2459069.751103 -0.000000 
2459070.682401 -0.000000 
2459071.613699 -0.000000 
2459072.544997 -0.000000 
2459073.476294 -0.000000 
2459074.407592 0.000000 
2459075.338890 0.000000 
2459076.270188 0.000000 
2459077.201486 0.000000 
2459078.132784 -0.000000 
2459079.064081 -0.000000 
2459079.995379 0.000000 
2459080.926677 0.000000 
2459081.857975 0.000000 
2459082.789273 -0.000000 
2459083.720571 -0.000000 
2459084.651869 -0.000000 
2459085.583166 -0.000000 
2459086.514464 0.000000 
2459087.445762 0.000000 
2459088.377060 0.000000 
2459089.308358 0.000000 
2459090.239656 0.000000 
2459091.170954 -0.000000 
2459092.102251 -0.000000 
2459093.033549 -0.000000 
2459093.964847 -0.000000 
2459094.896145 -0.000000 
2459095.827443 -0.000000 
2459096.758741 -0.000000 
2459097.690038 -0.000000 
2459098.621336 -0.000000 
2459099.552634 0.000000 
2459100.483932 0.000000 
2459101.415230 0.000000 
2459102.346528 0.000000 
2459103.277826 -0.000000 
2459104.209123 -0.000000 
2459105.140421 0.000000 
2459106.071719 0.000000 
2459107.003017 -0.000000 
2459107.934315 -0.000000 
2459108.865613 -0.000000 
2459109.796911 -0.000000 
2459110.728208 -0.000000 
2459111.659506 -0.000000 
2459112.590804 0.000000 
2459113.522102 0.000000 
2459114.453400 0.000000 
2459115.384698 0.000000 
2459116.315996 -0.000000 
2459117.247293 -0.000000 
2459118.178591 -0.000000 
2459119.109889 -0.000000 
2459120.041187 -0.000000 
2459120.972485 -0.000000 
2459121.903783 -0.000000 
2459122.835080 -0.000000 
2459123.766378 -0.000000 
2459124.697676 -0.000000 
2459125.628974 0.000000 
2459126.560272 0.000000 
2459127.491570 0.000000 
2459128.422868 0.000000 
2459129.354165 -0.000000 
2459130.285463 -0.000000 
2459131.216761 -0.000000 
2459132.148059 -0.000000 
2459133.079357 -0.000000 
2459134.010655 -0.000000 
2459134.941953 -0.000000 
2459135.873250 -0.000000 
2459136.804548 -0.000000 
2459137.735846 0.000000 
2459138.667144 0.000000 
2459139.598442 0.000000 
2459140.529740 0.000000 
2459141.461037 -0.000000 
2459142.392335 -0.000000 
2459143.323633 -0.000000 
2459144.254931 -0.000000 
2459145.186229 -0.000000 
2459146.117527 -0.000000 
2459147.048825 -0.000000 
2459147.980122 -0.000000 
2459148.911420 -0.000000 
2459149.842718 -0.000000 
2459150.774016 0.000000 
2459151.705314 0.000000 
2459152.636612 0.000000 
2459153.567910 0.000000 
2459154.499207 -0.000000 
2459155.430505 -0.000000 
2459156.361803 -0.000000 
2459157.293101 -0.000000 
2459158.224399 -0.000000 
2459159.155697 -0.000000 
2459160.086994 -0.000000 
2459161.018292 -0.000000 
2459161.949590 -0.000000 
2459162.880888 -0.000000 
2459163.812186 0.000000 
2459164.743484 -0.000000 
2459165.674782 -0.000000 
2459166.606079 -0.000000 
2459167.537377 -0.000000 
2459168.468675 0.000000 
2459169.399973 0.000000 
2459170.331271 0.000000 
2459171.262569 0.000000 
2459172.193867 -0.000000 
2459173.125164 -0.000000 
2459174.056462 -0.000000 
2459174.987760 -0.000000 
2459175.919058 0.000000 
2459176.850356 0.000000 
2459177.781654 0.000000 
2459178.712952 0.000000 
2459179.644249 -0.000000 
2459180.575547 -0.000000 
2459181.506845 -0.000000 
2459182.438143 -0.000000 
2459183.369441 -0.000000 
2459184.300739 -0.000000 
2459185.232036 -0.000000 
2459186.163334 -0.000000 
2459187.094632 -0.000000 
2459188.025930 -0.000000 
2459188.957228 -0.000000 
2459189.888526 -0.000000 
2459190.819824 -0.000000 
2459191.751121 0.000000 
2459192.682419 0.000000 
2459193.613717 0.000000 
2459194.545015 0.000000 
2459195.476313 0.000000 
2459196.407611 0.000000 
2459197.338909 0.000000 
2459198.270206 0.000000 
2459199.201504 -0.000000 
2459200.132802 -0.000000 
2459201.064100 0.000000 
2459201.995398 0.000000 
2459202.926696 0.000000 
2459203.857993 0.000000 
2459204.789291 -0.000000 
2459205.720589 -0.000000 
2459206.651887 -0.000000 
2459207.583185 -0.000000 
2459208.514483 -0.000000 
2459209.445781 -0.000000 
2459210.377078 -0.000000 
2459211.308376 -0.000000 
2459212.239674 -0.000000 
2459213.170972 -0.000000 
2459214.102270 -0.000000 
2459215.033568 -0.000000 
2459215.964866 0.000000 
2459216.896163 0.000000 
2459217.827461 0.000000 
2459218.758759 0.000000 
2459219.690057 0.000000 
2459220.621355 0.000000 
2459221.552653 0.000000 
2459222.483950 0.000000 
2459223.415248 -0.000000 
2459224.346546 -0.000000 
2459225.277844 -0.000000 
2459226.209142 0.000000 
2459227.140440 0.000000 
2459228.071738 0.000000 
2459229.003035 0.000000 
2459229.934333 -0.000000 
2459230.865631 -0.000000 
2459231.796929 -0.000000 
2459232.728227 -0.000000 
2459233.659525 -0.000000 
2459234.590823 -0.000000 
2459235.522120 -0.000000 
2459236.453418 -0.000000 
2459237.384716 -0.000000 
2459238.316014 0.000000 
2459239.247312 0.000000 
2459240.178610 0.000000 
2459241.109908 0.000000 
2459242.041205 0.000000 
2459242.972503 -0.000000 
2459243.903801 -0.000000 
2459244.835099 -0.000000 
2459245.766397 -0.000000 
2459246.697695 -0.000000 
2459247.628992 -0.000000 
2459248.560290 -0.000000 
2459249.491588 -0.000000 
2459250.422886 -0.000000 
2459251.354184 0.000000 
2459252.285482 0.000000 
2459253.216780 0.000000 
2459254.148077 -0.000000 
2459255.079375 -0.000000 
2459256.010673 0.000000 
2459256.941971 0.000000 
2459257.873269 0.000000 
2459258.804567 -0.000000 
2459259.735865 -0.000000 
2459260.667162 -0.000000 
2459261.598460 -0.000000 
2459262.529758 -0.000000 
2459263.461056 0.000000 
2459264.392354 0.000000 
2459265.323652 0.000000 
2459266.254949 0.000000 
2459267.186247 -0.000000 
2459268.117545 -0.000000 
2459269.048843 -0.000000 
2459269.980141 -0.000000 
2459270.911439 -0.000000 
2459271.842737 -0.000000 
2459272.774034 -0.000000 
2459273.705332 -0.000000 
2459274.636630 -0.000000 
2459275.567928 -0.000000 
2459276.499226 0.000000 
2459277.430524 0.000000 
2459278.361822 0.000000 
2459279.293119 -0.000000 
2459280.224417 -0.000000 
2459281.155715 0.000000 
2459282.087013 0.000000 
2459283.018311 0.000000 
2459283.949609 -0.000000 
2459284.880907 -0.000000 
2459285.812204 -0.000000 
2459286.743502 -0.000000 
2459287.674800 -0.000000 
2459288.606098 0.000000 
2459289.537396 0.000000 
2459290.468694 0.000000 
2459291.399991 0.000000 
2459292.331289 -0.000000 
2459293.262587 -0.000000 
2459294.193885 -0.000000 
2459295.125183 -0.000000 
2459296.056481 -0.000000 
2459296.987779 -0.000000 
2459297.919076 -0.000000 
2459298.850374 -0.000000 
2459299.781672 -0.000000 
2459300.712970 -0.000000 
2459301.644268 0.000000 
2459302.575566 0.000000 
2459303.506864 0.000000 
2459304.438161 -0.000000 
2459305.369459 -0.000000 
2459306.300757 0.000000 
2459307.232055 0.000000 
2459308.163353 0.000000 
2459309.094651 -0.000000 
2459310.025948 -0.000000 
2459310.957246 -0.000000 
2459311.888544 -0.000000 
2459312.819842 -0.000000 
2459313.751140 0.000000 
2459314.682438 0.000000 
2459315.613736 0.000000 
2459316.545033 0.000000 
2459317.476331 -0.000000 
2459318.407629 -0.000000 
2459319.338927 -0.000000 
2459320.270225 -0.000000 
2459321.201523 -0.000000 
2459322.132821 -0.000000 
2459323.064118 -0.000000 
2459323.995416 -0.000000 
2459324.926714 -0.000000 
2459325.858012 -0.000000 
2459326.789310 0.000000 
2459327.720608 0.000000 
2459328.651905 0.000000 
2459329.583203 0.000000 
2459330.514501 -0.000000 
2459331.445799 0.000000 
2459332.377097 0.000000 
2459333.308395 -0.000000 
2459334.239693 -0.000000 
2459335.170990 -0.000000 
2459336.102288 -0.000000 
2459337.033586 -0.000000 
2459337.964884 -0.000000 
2459338.896182 0.000000 
2459339.827480 0.000000 
2459340.758778 0.000000 
2459341.690075 0.000000 
2459342.621373 -0.000000 
2459343.552671 -0.000000 
2459344.483969 -0.000000 
2459345.415267 -0.000000 
2459346.346565 -0.000000 
2459347.277863 -0.000000 
2459348.209160 -0.000000 
2459349.140458 -0.000000 
2459350.071756 -0.000000 
2459351.003054 -0.000000 
2459351.934352 0.000000 
2459352.865650 0.000000 
2459353.796947 0.000000 
2459354.728245 0.000000 
2459355.659543 0.000000 
2459356.590841 -0.000000 
2459357.522139 -0.000000 
2459358.453437 -0.000000 
2459359.384735 -0.000000 
2459360.316032 -0.000000 
2459361.247330 -0.000000 
2459362.178628 -0.000000 
2459363.109926 -0.000000 
2459364.041224 0.000000 
2459364.972522 0.000000 
2459365.903820 0.000000 
2459366.835117 0.000000 
2459367.766415 -0.000000 
2459368.697713 -0.000000 
2459369.629011 -0.000000 
2459370.560309 -0.000000 
2459371.491607 0.000000 
2459372.422904 0.000000 
2459373.354202 -0.000000 
2459374.285500 -0.000000 
2459375.216798 -0.000000 
2459376.148096 -0.000000 
2459377.079394 0.000000 
2459378.010692 0.000000 
2459378.941989 0.000000 
2459379.873287 0.000000 
2459380.804585 0.000000 
2459381.735883 -0.000000 
2459382.667181 -0.000000 
2459383.598479 -0.000000 
2459384.529777 -0.000000 
2459385.461074 -0.000000 
2459386.392372 -0.000000 
2459387.323670 -0.000000 
2459388.254968 -0.000000 
2459389.186266 -0.000000 
2459390.117564 -0.000000 
2459391.048861 -0.000000 
2459391.980159 -0.000000 
2459392.911457 -0.000000 
2459393.842755 -0.000000 
2459394.774053 0.000000 
2459395.705351 0.000000 
2459396.636649 0.000000 
2459397.567946 0.000000 
2459398.499244 0.000000 
2459399.430542 -0.000000 
2459400.361840 -0.000000 
2459401.293138 -0.000000 
2459402.224436 0.000000 
2459403.155734 0.000000 
2459404.087031 0.000000 
2459405.018329 0.000000 
2459405.949627 0.000000 
2459406.880925 -0.000000 
2459407.812223 -0.000000 
2459408.743521 -0.000000 
2459409.674819 -0.000000 
2459410.606116 -0.000000 
2459411.537414 -0.000000 
2459412.468712 -0.000000 
2459413.400010 -0.000000 
2459414.331308 -0.000000 
2459415.262606 -0.000000 
2459416.193903 -0.000000 
2459417.125201 -0.000000 
2459418.056499 0.000000 
2459418.987797 0.000000 
2459419.919095 0.000000 
2459420.850393 0.000000 
2459421.781691 0.000000 
2459422.712988 0.000000 
2459423.644286 0.000000 
2459424.575584 0.000000 
2459425.506882 -0.000000 
2459426.438180 -0.000000 
2459427.369478 -0.000000 
2459428.300776 0.000000 
2459429.232073 0.000000 
2459430.163371 0.000000 
2459431.094669 0.000000 
2459432.025967 -0.000000 
2459432.957265 -0.000000 
2459433.888563 -0.000000 
2459434.819860 -0.000000 
2459435.751158 -0.000000 
2459436.682456 -0.000000 
2459437.613754 -0.000000 
2459438.545052 -0.000000 
2459439.476350 -0.000000 
2459440.407648 -0.000000 
2459441.338945 0.000000 
2459442.270243 0.000000 
2459443.201541 0.000000 
2459444.132839 0.000000 
2459445.064137 0.000000 
2459445.995435 0.000000 
2459446.926733 0.000000 
2459447.858030 0.000000 
2459448.789328 0.000000 
2459449.720626 -0.000000 
2459450.651924 -0.000000 
2459451.583222 -0.000000 
2459452.514520 0.000000 
2459453.445817 0.000000 
2459454.377115 0.000000 
2459455.308413 0.000000 
2459456.239711 -0.000000 
2459457.171009 -0.000000 
2459458.102307 -0.000000 
2459459.033605 -0.000000 
2459459.964902 -0.000000 
2459460.896200 -0.000000 
2459461.827498 -0.000000 
2459462.758796 -0.000000 
2459463.690094 -0.000000 
2459464.621392 -0.000000 
2459465.552690 0.000000 
2459466.483987 0.000000 
2459467.415285 0.000000 
2459468.346583 0.000000 
2459469.277881 -0.000000 
2459470.209179 -0.000000 
2459471.140477 -0.000000 
2459472.071775 -0.000000 
2459473.003072 -0.000000 
2459473.934370 -0.000000 
2459474.865668 -0.000000 
2459475.796966 -0.000000 
2459476.728264 -0.000000 
2459477.659562 0.000000 
2459478.590859 0.000000 
2459479.522157 0.000000 
2459480.453455 0.000000 
2459481.384753 -0.000000 
2459482.316051 -0.000000 
2459483.247349 0.000000 
2459484.178647 0.000000 
2459485.109944 0.000000 
2459486.041242 -0.000000 
2459486.972540 -0.000001 
2459487.903838 -0.000001 
2459488.835136 -0.000000 
2459489.766434 0.000000 
2459490.697732 0.000001 
2459491.629029 0.000001 
2459492.560327 0.000001 
2459493.491625 0.000000 
2459494.422923 -0.000000 
2459495.354221 -0.000001 
2459496.285519 -0.000001 
2459497.216816 -0.000000 
2459498.148114 -0.000000 
2459499.079412 -0.000000 
2459500.010710 -0.000000 
2459500.942008 -0.000000 
2459501.873306 -0.000000 
2459502.804604 0.000000 
2459503.735901 0.000000 
2459504.667199 0.000000 
2459505.598497 0.000000 
2459506.529795 -0.000000 
2459507.461093 0.000000 
2459508.392391 0.000000 
2459509.323689 0.000001 
2459510.254986 0.000000 
2459511.186284 -0.000001 
2459512.117582 -0.000002 
2459513.048880 -0.000002 
2459513.980178 -0.000001 
2459514.911476 0.000000 
2459515.842773 0.000002 
2459516.774071 0.000002 
2459517.705369 0.000002 
2459518.636667 0.000000 
2459519.567965 -0.000001 
2459520.499263 -0.000002 
2459521.430561 -0.000001 
2459522.361858 -0.000001 
2459523.293156 -0.000001 
2459524.224454 -0.000001 
2459525.155752 -0.000001 
2459526.087050 -0.000001 
2459527.018348 -0.000001 
2459527.949646 0.000000 
2459528.880943 0.000001 
2459529.812241 0.000001 
2459530.743539 0.000000 
2459531.674837 -0.000000 
2459532.606135 0.000000 
2459533.537433 0.000000 
2459534.468731 0.000001 
2459535.400028 -0.000000 
2459536.331326 -0.000002 
2459537.262624 -0.000003 
2459538.193922 -0.000004 
2459539.125220 -0.000002 
2459540.056518 0.000000 
2459540.987815 0.000003 
2459541.919113 0.000003 
2459542.850411 0.000002 
2459543.781709 0.000000 
2459544.713007 -0.000002 
2459545.644305 -0.000002 
2459546.575603 -0.000002 
2459547.506900 -0.000001 
2459548.438198 -0.000001 
2459549.369496 -0.000001 
2459550.300794 -0.000002 
2459551.232092 -0.000002 
2459552.163390 -0.000001 
2459553.094688 0.000000 
2459554.025985 0.000001 
2459554.957283 0.000001 
2459555.888581 0.000001 
2459556.819879 0.000000 
2459557.751177 -0.000000 
2459558.682475 0.000000 
2459559.613772 -0.000000 
2459560.545070 -0.000001 
2459561.476368 -0.000003 
2459562.407666 -0.000005 
2459563.338964 -0.000005 
2459564.270262 -0.000003 
2459565.201560 -0.000000 
2459566.132857 0.000003 
2459567.064155 0.000004 
2459567.995453 0.000003 
2459568.926751 0.000000 
2459569.858049 -0.000002 
2459570.789347 -0.000003 
2459571.720645 -0.000002 
2459572.651942 -0.000001 
2459573.583240 -0.000001 
2459574.514538 -0.000001 
2459575.445836 -0.000002 
2459576.377134 -0.000002 
2459577.308432 -0.000002 
2459578.239730 0.000000 
2459579.171027 0.000002 
2459580.102325 0.000003 
2459581.033623 0.000002 
2459581.964921 0.000001 
2459582.896219 -0.000000 
2459583.827517 -0.000002 
2459584.758814 -0.000003 
2459585.690112 -0.000004 
2459586.621410 -0.000005 
2459587.552708 -0.000006 
2459588.484006 -0.000005 
2459589.415304 -0.000003 
2459590.346602 -0.000001 
2459591.277899 0.000001 
2459592.209197 0.000002 
2459593.140495 0.000001 
2459594.071793 -0.000000 
2459595.003091 -0.000002 
2459595.934389 -0.000002 
2459596.865687 -0.000001 
2459597.796984 0.000000 
2459598.728282 0.000001 
2459599.659580 -0.000000 
2459600.590878 -0.000001 
2459601.522176 -0.000002 
2459602.453474 -0.000002 
2459603.384771 -0.000000 
2459604.316069 0.000002 
2459605.247367 0.000004 
2459606.178665 0.000004 
2459607.109963 0.000002 
2459608.041261 -0.000001 
2459608.972559 -0.000004 
2459609.903856 -0.000007 
2459610.835154 -0.000008 
2459611.766452 -0.000007 
2459612.697750 -0.000005 
2459613.629048 -0.000003 
2459614.560346 -0.000002 
2459615.491644 -0.000002 
2459616.422941 -0.000002 
2459617.354239 -0.000002 
2459618.285537 -0.000002 
2459619.216835 -0.000001 
2459620.148133 0.000000 
2459621.079431 0.000001 
2459622.010728 0.000002 
2459622.942026 0.000003 
2459623.873324 0.000003 
2459624.804622 0.000002 
2459625.735920 0.000001 
2459626.667218 -0.000001 
2459627.598516 -0.000001 
2459628.529813 -0.000001 
2459629.461111 0.000002 
2459630.392409 0.000005 
2459631.323707 0.000006 
2459632.255005 0.000004 
2459633.186303 -0.000001 
2459634.117601 -0.000008 
2459635.048898 -0.000012 
2459635.980196 -0.000012 
2459636.911494 -0.000009 
2459637.842792 -0.000004 
2459638.774090 -0.000001 
2459639.705388 -0.000001 
2459640.636686 -0.000003 
2459641.567983 -0.000006 
2459642.499281 -0.000006 
2459643.430579 -0.000003 
2459644.361877 0.000000 
2459645.293175 0.000003 
2459646.224473 0.000004 
2459647.155770 0.000004 
2459648.087068 0.000004 
2459649.018366 0.000004 
2459649.949664 0.000004 
2459650.880962 0.000003 
2459651.812260 0.000000 
2459652.743558 -0.000001 
2459653.674855 -0.000001 
2459654.606153 0.000002 
2459655.537451 0.000005 
2459656.468749 0.000007 
2459657.400047 0.000004 
2459658.331345 -0.000002 
2459659.262643 -0.000009 
2459660.193940 -0.000012 
2459661.125238 -0.000011 
2459662.056536 -0.000008 
2459662.987834 -0.000006 
2459663.919132 -0.000005 
2459664.850430 -0.000006 
2459665.781727 -0.000005 
2459666.713025 -0.000002 
2459667.644323 0.000003 
2459668.575621 0.000007 
2459669.506919 0.000007 
2459670.438217 0.000003 
2459671.369515 -0.000001 
2459672.300812 -0.000003 
2459673.232110 -0.000001 
2459674.163408 0.000001 
2459675.094706 0.000001 
2459676.026004 -0.000001 
2459676.957302 -0.000005 
2459677.888600 -0.000005 
2459678.819897 -0.000001 
2459679.751195 0.000005 
2459680.682493 0.000008 
2459681.613791 0.000006 
2459682.545089 0.000001 
2459683.476387 -0.000004 
2459684.407684 -0.000003 
2459685.338982 0.000000 
2459686.270280 0.000000 
2459687.201578 -0.000008 
2459688.132876 -0.000023 
2459689.064174 -0.000035 
2459689.995472 -0.000033 
2459690.926769 -0.000011 
2459691.858067 0.000021 
2459692.789365 0.000045 
2459693.720663 0.000047 
2459694.651961 0.000027 
2459695.583259 -0.000004 
2459696.514557 -0.000027 
2459697.445854 -0.000032 
2459698.377152 -0.000023 
2459699.308450 -0.000013 
2459700.239748 -0.000012 
2459701.171046 -0.000021 
2459702.102344 -0.000027 
2459703.033642 -0.000021 
2459703.964939 -0.000003 
2459704.896237 0.000015 
2459705.827535 0.000019 
2459706.758833 0.000008 
2459707.690131 -0.000006 
2459708.621429 -0.000006 
2459709.552726 0.000011 
2459710.484024 0.000029 
2459711.415322 0.000024 
2459712.346620 -0.000016 
2459713.277918 -0.000076 
2459714.209216 -0.000116 
2459715.140514 -0.000101 
2459716.071811 -0.000027 
2459717.003109 0.000071 
2459717.934407 0.000138 
2459718.865705 0.000135 
2459719.797003 0.000065 
2459720.728301 -0.000027 
2459721.659599 -0.000089 
2459722.590896 -0.000099 
2459723.522194 -0.000070 
2459724.453492 -0.000042 
2459725.384790 -0.000042 
2459726.316088 -0.000064 
2459727.247386 -0.000078 
2459728.178683 -0.000058 
2459729.109981 -0.000009 
2459730.041279 0.000038 
2459730.972577 0.000049 
2459731.903875 0.000023 
2459732.835173 -0.000009 
2459733.766471 -0.000009 
2459734.697768 0.000027 
2459735.629066 0.000064 
2459736.560364 0.000046 
2459737.491662 -0.000050 
2459738.422960 -0.000183 
2459739.354258 -0.000266 
2459740.285556 -0.000227 
2459741.216853 -0.000063 
2459742.148151 0.000145 
2459743.079449 0.000280 
2459744.010747 0.000266 
2459744.942045 0.000119 
2459745.873343 -0.000067 
2459746.804640 -0.000188 
2459747.735938 -0.000199 
2459748.667236 -0.000137 
2459749.598534 -0.000081 
2459750.529832 -0.000083 
2459751.461130 -0.000129 
2459752.392428 -0.000159 
2459753.323725 -0.000122 
2459754.255023 -0.000024 
2459755.186321 0.000073 
2459756.117619 0.000108 
2459757.048917 0.000070 
2459757.980215 0.000010 
2459758.911513 -0.000010 
2459759.842810 0.000026 
2459760.774108 0.000062 
2459761.705406 0.000016 
2459762.636704 -0.000144 
2459763.568002 -0.000350 
2459764.499300 -0.000468 
2459765.430598 -0.000390 
2459766.361895 -0.000122 
2459767.293193 0.000205 
2459768.224491 0.000410 
2459769.155789 0.000384 
2459770.087087 0.000159 
2459771.018385 -0.000117 
2459771.949682 -0.000288 
2459772.880980 -0.000291 
2459773.812278 -0.000189 
2459774.743576 -0.000101 
2459775.674874 -0.000108 
2459776.606172 -0.000187 
2459777.537470 -0.000245 
2459778.468767 -0.000201 
2459779.400065 -0.000054 
2459780.331363 0.000111 
2459781.262661 0.000198 
2459782.193959 0.000172 
2459783.125257 0.000081 
2459784.056555 0.000003 
2459784.987852 -0.000028 
2459785.919150 -0.000054 
2459786.850448 -0.000148 
2459787.781746 -0.000337 
2459788.713044 -0.000546 
2459789.644342 -0.000638 
2459790.575639 -0.000511 
2459791.506937 -0.000189 
2459792.438235 0.000178 
2459793.369533 0.000399 
2459794.300831 0.000367 
2459795.232129 0.000129 
2459796.163427 -0.000150 
2459797.094724 -0.000305 
2459798.026022 -0.000280 
2459798.957320 -0.000149 
2459799.888618 -0.000048 
2459800.819916 -0.000063 
2459801.751214 -0.000174 
2459802.682512 -0.000271 
2459803.613809 -0.000253 
2459804.545107 -0.000095 
2459805.476405 0.000127 
2459806.407703 0.000298 
2459807.339001 0.000334 
2459808.270299 0.000230 
2459809.201596 0.000040 
2459810.132894 -0.000172 
2459811.064192 -0.000365 
2459811.995490 -0.000528 
2459812.926788 -0.000648 
2459813.858086 -0.000695 
2459814.789384 -0.000636 
2459815.720681 -0.000463 
2459816.651979 -0.000224 
2459817.583277 -0.000009 
2459818.514575 0.000102 
2459819.445873 0.000082 
2459820.377171 -0.000022 
2459821.308469 -0.000120 
2459822.239766 -0.000137 
2459823.171064 -0.000062 
2459824.102362 0.000054 
2459825.033660 0.000128 
2459825.964958 0.000101 
2459826.896256 -0.000019 
2459827.827554 -0.000160 
2459828.758851 -0.000220 
2459829.690149 -0.000131 
2459830.621447 0.000099 
2459831.552745 0.000369 
2459832.484043 0.000528 
2459833.415341 0.000447 
2459834.346638 0.000101 
2459835.277936 -0.000401 
2459836.209234 -0.000862 
2459837.140532 -0.001091 
2459838.071830 -0.001016 
2459839.003128 -0.000719 
2459839.934426 -0.000388 
2459840.865723 -0.000198 
2459841.797021 -0.000209 
2459842.728319 -0.000340 
2459843.659617 -0.000441 
2459844.590915 -0.000402 
2459845.522213 -0.000218 
2459846.453511 0.000023 
2459847.384808 0.000219 
2459848.316106 0.000328 
2459849.247404 0.000372 
2459850.178702 0.000384 
2459851.110000 0.000357 
2459852.041298 0.000256 
2459852.972595 0.000073 
2459853.903893 -0.000110 
2459854.835191 -0.000152 
2459855.766489 0.000039 
2459856.697787 0.000395 
2459857.629085 0.000683 
2459858.560383 0.000633 
2459859.491680 0.000139 
2459860.422978 -0.000628 
2459861.354276 -0.001297 
2459862.285574 -0.001528 
2459863.216872 -0.001239 
2459864.148170 -0.000662 
2459865.079468 -0.000182 
2459866.010765 -0.000064 
2459866.942063 -0.000286 
2459867.873361 -0.000583 
2459868.804659 -0.000666 
2459869.735957 -0.000435 
2459870.667255 -0.000030 
2459871.598553 0.000312 
2459872.529850 0.000452 
2459873.461148 0.000434 
2459874.392446 0.000404 
2459875.323744 0.000439 
2459876.255042 0.000474 
2459877.186340 0.000377 
2459878.117637 0.000116 
2459879.048935 -0.000160 
2459879.980233 -0.000217 
2459880.911531 0.000052 
2459881.842829 0.000494 
2459882.774127 0.000770 
2459883.705425 0.000608 
2459884.636722 0.000025 
2459885.568020 -0.000666 
2459886.499318 -0.001100 
2459887.430616 -0.001145 
2459888.361914 -0.000986 
2459889.293212 -0.000928 
2459890.224510 -0.001088 
2459891.155807 -0.001244 
2459892.087105 -0.001015 
2459893.018403 -0.000233 
2459893.949701 0.000831 
2459894.880999 0.001584 
2459895.812297 0.001546 
2459896.743594 0.000743 
2459897.674892 -0.000287 
2459898.606190 -0.000892 
2459899.537488 -0.000806 
2459900.468786 -0.000341 
2459901.400084 -0.000074 
2459902.331382 -0.000325 
2459903.262679 -0.000850 
2459904.193977 -0.001061 
2459905.125275 -0.000579 
2459906.056573 0.000365 
2459906.987871 0.001077 
2459907.919169 0.001000 
2459908.850467 0.000256 
2459909.781764 -0.000410 
2459910.713062 -0.000309 
2459911.644360 0.000457 
2459912.575658 0.000901 
2459913.506956 -0.000071 
2459914.438254 -0.002568 
2459915.369551 -0.005244 
2459916.300849 -0.006016 
2459917.232147 -0.003597 
2459918.163445 0.001302 
2459919.094743 0.006131 
2459920.026041 0.008082 
2459920.957339 0.006007 
2459921.888636 0.001237 
2459922.819934 -0.003361 
2459923.751232 -0.005425 
2459924.682530 -0.004675 
2459925.613828 -0.002829 
2459926.545126 -0.001983 
2459927.476424 -0.002815 
2459928.407721 -0.004116 
2459929.339019 -0.004012 
2459930.270317 -0.001803 
2459931.201615 0.001248 
2459932.132913 0.002937 
2459933.064211 0.002122 
2459933.995509 -0.000087 
2459934.926806 -0.001178 
2459935.858104 0.000430 
2459936.789402 0.003541 
2459937.720700 0.004669 
2459938.651998 0.000833 
2459939.583296 -0.007423 
2459940.514593 -0.015427 
2459941.445891 -0.017157 
2459942.377189 -0.009673 
2459943.308487 0.004117 
2459944.239785 0.016745 
2459945.171083 0.020921 
2459946.102381 0.014432 
2459947.033678 0.001575 
2459947.964976 -0.009987 
2459948.896274 -0.014601 
2459949.827572 -0.012197 
2459950.758870 -0.007471 
2459951.690168 -0.005537 
2459952.621466 -0.007704 
2459953.552763 -0.010767 
2459954.484061 -0.010253 
2459955.415359 -0.004705 
2459956.346657 0.002759 
2459957.277955 0.007048 
2459958.209253 0.005623 
2459959.140550 0.000926 
2459960.071848 -0.001688 
2459961.003146 0.001011 
2459961.934444 0.006469 
2459962.865742 0.007681 
2459963.797040 -0.000962 
2459964.728338 -0.017814 
2459965.659635 -0.033279 
2459966.590933 -0.035731 
2459967.522231 -0.020165 
2459968.453529 0.006977 
2459969.384827 0.030973 
2459970.316125 0.038244 
2459971.247423 0.025394 
2459972.178720 0.001233 
2459973.110018 -0.019707 
2459974.041316 -0.027292 
2459974.972614 -0.022009 
2459975.903912 -0.012930 
2459976.835210 -0.009494 
2459977.766507 -0.013901 
2459978.697805 -0.020091 
2459979.629103 -0.019723 
2459980.560401 -0.009834 
2459981.491699 0.004361 
2459982.422997 0.013830 
2459983.354295 0.013397 
2459984.285592 0.006012 
2459985.216890 -0.000223 
2459986.148188 0.000185 
2459987.079486 0.004415 
2459988.010784 0.003117 
2459988.942082 -0.011118 
2459989.873380 -0.035464 
2459990.804677 -0.056186 
2459991.735975 -0.057347 
2459992.667273 -0.032953 
2459993.598571 0.006836 
2459994.529869 0.040893 
2459995.461167 0.050655 
2459996.392465 0.032391 
2459997.323762 -0.000760 
2459998.255060 -0.028419 
2459999.186358 -0.037038 
2460000.117656 -0.028062 
2460001.048954 -0.014606 
2460001.980252 -0.009944 
2460002.911549 -0.017125 
2460003.842847 -0.027575 
2460004.774145 -0.029118 
2460005.705443 -0.016406 
2460006.636741 0.004712 
2460007.568039 0.022024 
2460008.499337 0.026509 
2460009.430634 0.018565 
2460010.361932 0.006038 
2460011.293230 -0.003682 
2460012.224528 -0.010254 
2460013.155826 -0.019742 
2460014.087124 -0.037275 
2460015.018422 -0.059595 
2460015.949719 -0.074617 
2460016.881017 -0.069413 
2460017.812315 -0.040847 
2460018.743613 -0.000234 
2460019.674911 0.032405 
2460020.606209 0.040995 
2460021.537506 0.023914 
2460022.468804 -0.005328 
2460023.400102 -0.027722 
2460024.331400 -0.031624 
2460025.262698 -0.019632 
2460026.193996 -0.004970 
2460027.125294 -0.000707 
2460028.056591 -0.010056 
2460028.987889 -0.024614 
2460029.919187 -0.031146 
2460030.850485 -0.021397 
2460031.781783 0.002161 
2460032.713081 0.028109 
2460033.644379 0.043293 
2460034.575676 0.040095 
2460035.506974 0.019369 
2460036.438272 -0.011625 
2460037.369570 -0.043656 
2460038.300868 -0.069134 
2460039.232166 -0.083484 
2460040.163463 -0.085014 
2460041.094761 -0.074621 
2460042.026059 -0.055802 
2460042.957357 -0.034232 
2460043.888655 -0.016178 
2460044.819953 -0.006039 
2460045.751251 -0.004371 
2460046.682548 -0.007751 
2460047.613846 -0.010714 
2460048.545144 -0.008696 
2460049.476442 -0.000437 
2460050.407740 0.011269 
2460051.339038 0.020743 
2460052.270336 0.022145 
2460053.201633 0.012863 
2460054.132931 -0.003855 
2460055.064229 -0.018868 
2460055.995527 -0.020959 
2460056.926825 -0.003686 
2460057.858123 0.028359 
2460058.789421 0.058696 
2460059.720718 0.066128 
2460060.652016 0.037296 
2460061.583314 -0.022892 
2460062.514612 -0.090837 
2460063.445910 -0.136039 
2460064.377208 -0.138854 
2460065.308505 -0.102749 
2460066.239803 -0.052270 
2460067.171101 -0.017344 
2460068.102399 -0.014308 
2460069.033697 -0.036616 
2460069.964995 -0.061372 
2460070.896293 -0.066360 
2460071.827590 -0.044864 
2460072.758888 -0.007923 
2460073.690186 0.026208 
2460074.621484 0.045830 
2460075.552782 0.051708 
2460076.484080 0.051600 
2460077.415378 0.050002 
2460078.346675 0.043557 
2460079.277973 0.026746 
2460080.209271 0.002172 
2460081.140569 -0.015705 
2460082.071867 -0.009599 
2460083.003165 0.024318 
2460083.934462 0.066839 
2460084.865760 0.083734 
2460085.797058 0.048764 
2460086.728356 -0.034292 
2460087.659654 -0.128498 
2460088.590952 -0.184733 
2460089.522250 -0.173720 
2460090.453547 -0.106413 
2460091.384845 -0.027269 
2460092.316143 0.015585 
2460093.247441 0.002215 
2460094.178739 -0.047809 
2460095.110037 -0.091890 
2460096.041335 -0.095432 
2460096.972632 -0.054255 
2460097.903930 0.006813 
2460098.835228 0.055504 
2460099.766526 0.075366 
2460100.697824 0.072902 
2460101.629122 0.065513 
2460102.560419 0.063111 
2460103.491717 0.060345 
2460104.423015 0.045669 
2460105.354313 0.017669 
2460106.285611 -0.007935 
2460107.216909 -0.009143 
2460108.148207 0.021486 
2460109.079504 0.064350 
2460110.010802 0.081964 
2460110.942100 0.045667 
2460111.873398 -0.039840 
2460112.804696 -0.134364 
2460113.735994 -0.186674 
2460114.667292 -0.169103 
2460115.598589 -0.097059 
2460116.529887 -0.018599 
2460117.461185 0.018705 
2460118.392483 -0.000410 
2460119.323781 -0.051089 
2460120.255079 -0.088966 
2460121.186377 -0.082616 
2460122.117674 -0.033666 
2460123.048972 0.028725 
2460123.980270 0.072115 
2460124.911568 0.083509 
2460125.842866 0.073702 
2460126.774164 0.062597 
2460127.705461 0.060211 
2460128.636759 0.060024 
2460129.568057 0.049268 
2460130.499355 0.025339 
2460131.430653 0.002180 
2460132.361951 -0.000428 
2460133.293249 0.023912 
2460134.224546 0.057689 
2460135.155844 0.068726 
2460136.087142 0.033967 
2460137.018440 -0.040365 
2460137.949738 -0.119106 
2460138.881036 -0.160515 
2460139.812334 -0.144909 
2460140.743631 -0.088262 
2460141.674929 -0.030426 
2460142.606227 -0.006682 
2460143.537525 -0.023728 
2460144.468823 -0.057407 
2460145.400121 -0.072712 
2460146.331418 -0.050033 
2460147.262716 0.002028 
2460148.194014 0.055529 
2460149.125312 0.085058 
2460150.056610 0.084853 
2460150.987908 0.068807 
2460151.919206 0.055625 
2460152.850503 0.052956 
2460153.781801 0.053742 
2460154.713099 0.046545 
2460155.644397 0.029305 
2460156.575695 0.013372 
2460157.506993 0.013583 
2460158.438291 0.032925 
2460159.369588 0.055777 
2460160.300886 0.057115 
2460161.232184 0.021626 
2460162.163482 -0.042317 
2460163.094780 -0.105745 
2460164.026078 -0.138061 
2460164.957376 -0.128009 
2460165.888673 -0.090774 
2460166.819971 -0.055810 
2460167.751269 -0.044759 
2460168.682567 -0.056244 
2460169.613865 -0.068732 
2460170.545163 -0.058524 
2460171.476460 -0.018549 
2460172.407758 0.036331 
2460173.339056 0.080728 
2460174.270354 0.097133 
2460175.201652 0.086891 
2460176.132950 0.066163 
2460177.064248 0.051618 
2460177.995545 0.048223 
2460178.926843 0.048667 
2460179.858141 0.043481 
2460180.789439 0.031876 
2460181.720737 0.023220 
2460182.652035 0.027697 
2460183.583333 0.044545 
2460184.514630 0.058880 
2460185.445928 0.051134 
2460186.377226 0.012377 
2460187.308524 -0.046809 
2460188.239822 -0.101674 
2460189.171120 -0.129556 
2460190.102417 -0.124917 
2460191.033715 -0.101712 
2460191.965013 -0.081435 
2460192.896311 -0.076257 
2460193.827609 -0.080332 
2460194.758907 -0.075713 
2460195.690205 -0.047840 
2460196.621502 0.001774 
2460197.552800 0.055442 
2460198.484098 0.091479 
2460199.415396 0.098932 
2460200.346694 0.083665 
2460201.277992 0.061974 
2460202.209290 0.047760 
2460203.140587 0.043771 
2460204.071885 0.043185 
2460205.003183 0.038837 
2460205.934481 0.031209 
2460206.865779 0.027947 
2460207.797077 0.035457 
2460208.728374 0.050312 
2460209.659672 0.058697 
2460210.590970 0.045449 
2460211.522268 0.006016 
2460212.453566 -0.048323 
2460213.384864 -0.096645 
2460214.316162 -0.121772 
2460215.247459 -0.120887 
2460216.178757 -0.105511 
2460217.110055 -0.091214 
2460218.041353 -0.085293 
2460218.972651 -0.081955 
2460219.903949 -0.068384 
2460220.835247 -0.036492 
2460221.766544 0.009100 
2460222.697842 0.053045 
2460223.629140 0.079449 
2460224.560438 0.082262 
2460225.491736 0.068140 
2460226.423034 0.050299 
2460227.354332 0.038800 
2460228.285629 0.034975 
2460229.216927 0.033637 
2460230.148225 0.030114 
2460231.079523 0.025447 
2460232.010821 0.025129 
2460232.942119 0.032701 
2460233.873416 0.044150 
2460234.804714 0.048560 
2460235.736012 0.035274 
2460236.667310 0.002236 
2460237.598608 -0.041141 
2460238.529906 -0.079178 
2460239.461204 -0.099579 
2460240.392501 -0.100467 
2460241.323799 -0.089830 
2460242.255097 -0.078230 
2460243.186395 -0.070643 
2460244.117693 -0.063643 
2460245.048991 -0.049665 
2460245.980289 -0.024543 
2460246.911586 0.007820 
2460247.842884 0.037266 
2460248.774182 0.054064 
2460249.705480 0.055198 
2460250.636778 0.045612 
2460251.568076 0.033913 
2460252.499373 0.026298 
2460253.430671 0.023405 
2460254.361969 0.022040 
2460255.293267 0.019588 
2460256.224565 0.016970 
2460257.155863 0.017536 
2460258.087161 0.023043 
2460259.018458 0.030437 
2460259.949756 0.032619 
2460260.881054 0.023045 
2460261.812352 0.000770 
2460262.743650 -0.028024 
2460263.674948 -0.053376 
2460264.606246 -0.067442 
2460265.537543 -0.068722 
2460266.468841 -0.061772 
2460267.400139 -0.052983 
2460268.331437 -0.045833 
2460269.262735 -0.039141 
2460270.194033 -0.029274 
2460271.125330 -0.014187 
2460272.056628 0.004060 
2460272.987926 0.020227 
2460273.919224 0.029378 
2460274.850522 0.030110 
2460275.781820 0.025129 
2460276.713118 0.018962 
2460277.644415 0.014830 
2460278.575713 0.013073 
2460279.507011 0.012103 
2460280.438309 0.010670 
2460281.369607 0.009321 
2460282.300905 0.009776 
2460283.232203 0.012845 
2460284.163500 0.016811 
2460285.094798 0.017884 
2460286.026096 0.012596 
2460286.957394 0.000416 
2460287.888692 -0.015428 
2460288.819990 -0.029625 
2460289.751288 -0.037802 
2460290.682585 -0.038795 
2460291.613883 -0.034704 
2460292.545181 -0.028920 
2460293.476479 -0.023724 
2460294.407777 -0.019184 
2460295.339075 -0.013934 
2460296.270372 -0.006961 
2460297.201670 0.001133 
2460298.132968 0.008331 
2460299.064266 0.012588 
2460299.995564 0.013241 
2460300.926862 0.011343 
2460301.858160 0.008779 
2460302.789457 0.006954 
2460303.720755 0.006091 
2460304.652053 0.005571 
2460305.583351 0.004877 
2460306.514649 0.004228 
2460307.445947 0.004356 
2460308.377245 0.005638 
2460309.308542 0.007379 
2460310.239840 0.007939 
2460311.171138 0.005730 
2460312.102436 0.000376 
2460313.033734 -0.006823 
2460313.965032 -0.013500 
2460314.896329 -0.017520 
2460315.827627 -0.018076 
2460316.758925 -0.015922 
2460317.690223 -0.012648 
2460318.621521 -0.009615 
2460319.552819 -0.007267 
2460320.484117 -0.005226 
2460321.415414 -0.002928 
2460322.346712 -0.000260 
2460323.278010 0.002300 
2460324.209308 0.004055 
2460325.140606 0.004627 
2460326.071904 0.004216 
2460327.003202 0.003410 
2460327.934499 0.002748 
2460328.865797 0.002400 
2460329.797095 0.002195 
2460330.728393 0.001925 
2460331.659691 0.001615 
2460332.590989 0.001526 
2460333.522286 0.001865 
2460334.453584 0.002481 
2460335.384882 0.002816 
2460336.316180 0.002210 
2460337.247478 0.000369 
2460338.178776 -0.002346 
2460339.110074 -0.005040 
2460340.041371 -0.006757 
2460340.972669 -0.006999 
2460341.903967 -0.005964 
2460342.835265 -0.004353 
2460343.766563 -0.002912 
2460344.697861 -0.002019 
2460345.629159 -0.001570 
2460346.560456 -0.001192 
2460347.491754 -0.000595 
2460348.423052 0.000219 
2460349.354350 0.000993 
2460350.285648 0.001449 
2460351.216946 0.001498 
2460352.148244 0.001283 
2460353.079541 0.001040 
2460354.010839 0.000908 
2460354.942137 0.000858 
2460355.873435 0.000777 
2460356.804733 0.000613 
2460357.736031 0.000457 
2460358.667328 0.000456 
2460359.598626 0.000655 
2460360.529924 0.000891 
2460361.461222 0.000865 
2460362.392520 0.000349 
2460363.323818 -0.000615 
2460364.255116 -0.001689 
2460365.186413 -0.002421 
2460366.117711 -0.002522 
2460367.049009 -0.002041 
2460367.980307 -0.001322 
2460368.911605 -0.000762 
2460369.842903 -0.000562 
2460370.774201 -0.000624 
2460371.705498 -0.000674 
2460372.636796 -0.000484 
2460373.568094 -0.000042 
2460374.499392 0.000464 
2460375.430690 0.000801 
2460376.361988 0.000863 
2460377.293285 0.000728 
2460378.224583 0.000566 
2460379.155881 0.000490 
2460380.087179 0.000488 
2460381.018477 0.000465 
2460381.949775 0.000361 
2460382.881073 0.000227 
2460383.812370 0.000181 
2460384.743668 0.000289 
2460385.674966 0.000474 
2460386.606264 0.000541 
2460387.537562 0.000318 
2460388.468860 -0.000196 
2460389.400158 -0.000804 
2460390.331455 -0.001231 
2460391.262753 -0.001303 
2460392.194051 -0.001065 
2460393.125349 -0.000736 
2460394.056647 -0.000540 
2460394.987945 -0.000546 
2460395.919243 -0.000630 
2460396.850540 -0.000585 
2460397.781838 -0.000297 
2460398.713136 0.000171 
2460399.644434 0.000616 
2460400.575732 0.000853 
2460401.507030 0.000832 
2460402.438327 0.000658 
2460403.369625 0.000490 
2460404.300923 0.000419 
2460405.232221 0.000417 
2460406.163519 0.000400 
2460407.094817 0.000325 
2460408.026115 0.000239 
2460408.957412 0.000234 
2460409.888710 0.000345 
2460410.820008 0.000490 
2460411.751306 0.000506 
2460412.682604 0.000273 
2460413.613902 -0.000188 
2460414.545200 -0.000702 
2460415.476497 -0.001056 
2460416.407795 -0.001138 
2460417.339093 -0.001003 
2460418.270391 -0.000817 
2460419.201689 -0.000721 
2460420.132987 -0.000725 
2460421.064284 -0.000712 
2460421.995582 -0.000537 
2460422.926880 -0.000162 
2460423.858178 0.000308 
2460424.789476 0.000691 
2460425.720774 0.000849 
2460426.652072 0.000781 
2460427.583369 0.000600 
2460428.514667 0.000443 
2460429.445965 0.000374 
2460430.377263 0.000363 
2460431.308561 0.000343 
2460432.239859 0.000289 
2460433.171157 0.000244 
2460434.102454 0.000272 
2460435.033752 0.000382 
2460435.965050 0.000488 
2460436.896348 0.000459 
2460437.827646 0.000213 
2460438.758944 -0.000209 
2460439.690241 -0.000656 
2460440.621539 -0.000962 
2460441.552837 -0.001049 
2460442.484135 -0.000964 
2460443.415433 -0.000832 
2460444.346731 -0.000748 
2460445.278029 -0.000710 
2460446.209326 -0.000632 
2460447.140624 -0.000427 
2460448.071922 -0.000089 
2460449.003220 0.000289 
2460449.934518 0.000571 
2460450.865816 0.000672 
2460451.797114 0.000605 
2460452.728411 0.000462 
2460453.659709 0.000343 
2460454.591007 0.000288 
2460455.522305 0.000273 
2460456.453603 0.000253 
2460457.384901 0.000217 
2460458.316199 0.000196 
2460459.247496 0.000232 
2460460.178794 0.000318 
2460461.110092 0.000388 
2460462.041390 0.000348 
2460462.972688 0.000148 
2460463.903986 -0.000176 
2460464.835283 -0.000513 
2460465.766581 -0.000745 
2460466.697879 -0.000819 
2460467.629177 -0.000767 
2460468.560475 -0.000668 
2460469.491773 -0.000588 
2460470.423071 -0.000529 
2460471.354368 -0.000443 
2460472.285666 -0.000284 
2460473.216964 -0.000052 
2460474.148262 0.000192 
2460475.079560 0.000367 
2460476.010858 0.000426 
2460476.942156 0.000382 
2460477.873453 0.000294 
2460478.804751 0.000220 
2460479.736049 0.000184 
2460480.667347 0.000171 
2460481.598645 0.000157 
2460482.529943 0.000135 
2460483.461240 0.000127 
2460484.392538 0.000153 
2460485.323836 0.000208 
2460486.255134 0.000248 
2460487.186432 0.000218 
2460488.117730 0.000090 
2460489.049028 -0.000114 
2460489.980325 -0.000327 
2460490.911623 -0.000477 
2460491.842921 -0.000529 
2460492.774219 -0.000498 
2460493.705517 -0.000430 
2460494.636815 -0.000366 
2460495.568113 -0.000312 
2460496.499410 -0.000250 
2460497.430708 -0.000156 
2460498.362006 -0.000031 
2460499.293304 0.000096 
2460500.224602 0.000186 
2460501.155900 0.000218 
2460502.087197 0.000198 
2460503.018495 0.000155 
2460503.949793 0.000118 
2460504.881091 0.000098 
2460505.812389 0.000090 
2460506.743687 0.000081 
2460507.674985 0.000070 
2460508.606282 0.000066 
2460509.537580 0.000080 
2460510.468878 0.000108 
2460511.400176 0.000128 
2460512.331474 0.000113 
2460513.262772 0.000047 
2460514.194070 -0.000059 
2460515.125367 -0.000171 
2460516.056665 -0.000252 
2460516.987963 -0.000282 
2460517.919261 -0.000266 
2460518.850559 -0.000225 
2460519.781857 -0.000182 
2460520.713155 -0.000146 
2460521.644452 -0.000112 
2460522.575750 -0.000070 
2460523.507048 -0.000019 
2460524.438346 0.000034 
2460525.369644 0.000073 
2460526.300942 0.000089 
2460527.232239 0.000083 
2460528.163537 0.000067 
2460529.094835 0.000052 
2460530.026133 0.000044 
2460530.957431 0.000040 
2460531.888729 0.000036 
2460532.820027 0.000030 
2460533.751324 0.000028 
2460534.682622 0.000033 
2460535.613920 0.000044 
2460536.545218 0.000053 
2460537.476516 0.000048 
2460538.407814 0.000021 
2460539.339112 -0.000023 
2460540.270409 -0.000073 
2460541.201707 -0.000110 
2460542.133005 -0.000125 
2460543.064303 -0.000116 
2460543.995601 -0.000095 
2460544.926899 -0.000071 
2460545.858196 -0.000052 
2460546.789494 -0.000039 
2460547.720792 -0.000026 
2460548.652090 -0.000011 
2460549.583388 0.000005 
2460550.514686 0.000020 
2460551.445984 0.000028 
2460552.377281 0.000029 
2460553.308579 0.000025 
2460554.239877 0.000020 
2460555.171175 0.000017 
2460556.102473 0.000015 
2460557.033771 0.000014 
2460557.965069 0.000012 
2460558.896366 0.000010 
2460559.827664 0.000010 
2460560.758962 0.000013 
2460561.690260 0.000017 
2460562.621558 0.000017 
2460563.552856 0.000009 
2460564.484153 -0.000006 
2460565.415451 -0.000025 
2460566.346749 -0.000040 
2460567.278047 -0.000046 
2460568.209345 -0.000043 
2460569.140643 -0.000032 
2460570.071941 -0.000021 
2460571.003238 -0.000014 
2460571.934536 -0.000010 
2460572.865834 -0.000009 
2460573.797132 -0.000007 
2460574.728430 -0.000002 
2460575.659728 0.000004 
2460576.591026 0.000008 
2460577.522323 0.000010 
2460578.453621 0.000010 
2460579.384919 0.000008 
2460580.316217 0.000007 
2460581.247515 0.000006 
2460582.178813 0.000006 
2460583.110111 0.000005 
2460584.041408 0.000004 
2460584.972706 0.000003 
2460585.904004 0.000003 
2460586.835302 0.000005 
2460587.766600 0.000006 
2460588.697898 0.000005 
2460589.629195 -0.000000 
2460590.560493 -0.000008 
2460591.491791 -0.000015 
2460592.423089 -0.000018 
2460593.354387 -0.000016 
2460594.285685 -0.000011 
2460595.216983 -0.000006 
2460596.148280 -0.000004 
2460597.079578 -0.000005 
2460598.010876 -0.000006 
2460598.942174 -0.000005 
2460599.873472 -0.000002 
2460600.804770 0.000003 
2460601.736068 0.000006 
2460602.667365 0.000007 
2460603.598663 0.000007 
2460604.529961 0.000005 
2460605.461259 0.000004 
2460606.392557 0.000004 
2460607.323855 0.000004 
2460608.255152 0.000003 
2460609.186450 0.000002 
2460610.117748 0.000002 
2460611.049046 0.000002 
2460611.980344 0.000003 
2460612.911642 0.000005 
2460613.842940 0.000004 
2460614.774237 0.000001 
2460615.705535 -0.000004 
2460616.636833 -0.000009 
2460617.568131 -0.000011 
2460618.499429 -0.000010 
2460619.430727 -0.000007 
2460620.362025 -0.000006 
2460621.293322 -0.000005 
2460622.224620 -0.000006 
2460623.155918 -0.000006 
2460624.087216 -0.000004 
2460625.018514 0.000000 
2460625.949812 0.000004 
2460626.881109 0.000007 
2460627.812407 0.000008 
2460628.743705 0.000006 
2460629.675003 0.000005 
2460630.606301 0.000004 
2460631.537599 0.000004 
2460632.468897 0.000004 
2460633.400194 0.000003 
2460634.331492 0.000002 
2460635.262790 0.000002 
2460636.194088 0.000003 
2460637.125386 0.000004 
2460638.056684 0.000005 
2460638.987982 0.000003 
2460639.919279 0.000000 
2460640.850577 -0.000004 
2460641.781875 -0.000008 
2460642.713173 -0.000010 
2460643.644471 -0.000009 
2460644.575769 -0.000008 
2460645.507067 -0.000007 
2460646.438364 -0.000007 
2460647.369662 -0.000006 
2460648.300960 -0.000005 
2460649.232258 -0.000003 
2460650.163556 0.000001 
2460651.094854 0.000005 
2460652.026151 0.000007 
2460652.957449 0.000007 
2460653.888747 0.000006 
2460654.820045 0.000004 
2460655.751343 0.000003 
2460656.682641 0.000003 
2460657.613939 0.000003 
2460658.545236 0.000003 
2460659.476534 0.000002 
2460660.407832 0.000002 
2460661.339130 0.000003 
2460662.270428 0.000004 
2460663.201726 0.000004 
2460664.133024 0.000003 
2460665.064321 -0.000000 
2460665.995619 -0.000004 
2460666.926917 -0.000007 
2460667.858215 -0.000009 
2460668.789513 -0.000008 
2460669.720811 -0.000007 
2460670.652108 -0.000007 
2460671.583406 -0.000006 
2460672.514704 -0.000006 
2460673.446002 -0.000004 
2460674.377300 -0.000002 
2460675.308598 0.000001 
2460676.239896 0.000004 
2460677.171193 0.000005 
2460678.102491 0.000005 
2460679.033789 0.000004 
2460679.965087 0.000003 
2460680.896385 0.000002 
2460681.827683 0.000002 
2460682.758981 0.000002 
2460683.690278 0.000002 
2460684.621576 0.001521 
