# time Tc_folded Tref_folded model model_err 
2455007.429878 0.000000 0.000000     0.000060     2.618890 
2455008.361176 0.000000 0.000000     0.000012     2.618890 
2455009.292474 0.000000 0.000000    -0.000080     2.618890 
2455010.223771 0.000000 0.000000    -0.000189     2.618890 
2455011.155069 0.000000 0.000000    -0.000272     2.618890 
2455012.086367 0.000000 0.000000    -0.000306     2.618890 
2455013.017665 0.000000 0.000000    -0.000313     2.618890 
2455013.948963 0.000000 0.000000    -0.000343     2.618890 
2455014.880261 0.000000 0.000000    -0.000436     2.618890 
2455015.811558 0.000000 0.000000    -0.000582     2.618890 
2455016.742856 0.000000 0.000000    -0.000727     2.618890 
2455017.674154 0.000000 0.000000    -0.000814     2.618890 
2455018.605452 0.000000 0.000000    -0.000833     2.618890 
2455019.536750 0.000000 0.000000    -0.000826     2.618890 
2455020.468048 0.000000 0.000000    -0.000862     2.618890 
2455021.399346 0.000000 0.000000    -0.000968     2.618890 
2455022.330643 0.000000 0.000000    -0.001107     2.618890 
2455023.261941 0.000000 0.000000    -0.001191     2.618890 
2455024.193239 0.000000 0.000000    -0.001142     2.618890 
2455025.124537 0.000000 0.000000    -0.000954     2.618890 
2455026.055835 0.000000 0.000000    -0.000693     2.618890 
2455026.987133 0.000000 0.000000    -0.000457     2.618890 
2455027.918431 0.000000 0.000000    -0.000312     2.618890 
2455028.849728 0.000000 0.000000    -0.000256     2.618890 
2455029.781026 0.000000 0.000000    -0.000237     2.618890 
2455030.712324 0.000000 0.000000    -0.000209     2.618890 
2455031.643622 0.000000 0.000000    -0.000168     2.618890 
2455032.574920 0.000000 0.000000    -0.000149     2.618890 
2455033.506218 0.000000 0.000000    -0.000189     2.618890 
2455034.437515 0.000000 0.000000    -0.000284     2.618890 
2455035.368813 0.000000 0.000000    -0.000386     2.618890 
2455036.300111 0.000000 0.000000    -0.000440     2.618890 
2455037.231409 0.000000 0.000000    -0.000432     2.618890 
2455038.162707 0.000000 0.000000    -0.000398     2.618890 
2455039.094005 0.000000 0.000000    -0.000399     2.618890 
2455040.025303 0.000000 0.000000    -0.000465     2.618890 
2455040.956600 0.000000 0.000000    -0.000578     2.618890 
2455041.887898 0.000000 0.000000    -0.000680     2.618890 
2455042.819196 0.000000 0.000000    -0.000732     2.618890 
2455043.750494 0.000000 0.000000    -0.000741     2.618890 
2455044.681792 0.000000 0.000000    -0.000759     2.618890 
2455045.613090 0.000000 0.000000    -0.000836     2.618890 
2455046.544388 0.000000 0.000000    -0.000971     2.618890 
2455047.475685 0.000000 0.000000    -0.001110     2.618890 
2455048.406983 0.000000 0.000000    -0.001178     2.618890 
2455049.338281 0.000000 0.000000    -0.001138     2.618890 
2455050.269579 0.000000 0.000000    -0.001018     2.618890 
2455051.200877 0.000000 0.000000    -0.000883     2.618890 
2455052.132175 0.000000 0.000000    -0.000793     2.618890 
2455053.063472 0.000000 0.000000    -0.000756     2.618890 
2455053.994770 0.000000 0.000000    -0.000739     2.618890 
2455054.926068 0.000000 0.000000    -0.000700     2.618890 
2455055.857366 0.000000 0.000000    -0.000629     2.618890 
2455056.788664 0.000000 0.000000    -0.000553     2.618890 
2455057.719962 0.000000 0.000000    -0.000510     2.618890 
2455058.651260 0.000000 0.000000    -0.000516     2.618890 
2455059.582557 0.000000 0.000000    -0.000546     2.618890 
2455060.513855 0.000000 0.000000    -0.000562     2.618890 
2455061.445153 0.000000 0.000000    -0.000540     2.618890 
2455062.376451 0.000000 0.000000    -0.000485     2.618890 
2455063.307749 0.000000 0.000000    -0.000422     2.618890 
2455064.239047 0.000000 0.000000    -0.000369     2.618890 
2455065.170345 0.000000 0.000000    -0.000324     2.618890 
2455066.101642 0.000000 0.000000    -0.000280     2.618890 
2455067.032940 0.000000 0.000000    -0.000243     2.618890 
2455067.964238 0.000000 0.000000    -0.000238     2.618890 
2455068.895536 0.000000 0.000000    -0.000285     2.618890 
2455069.826834 0.000000 0.000000    -0.000375     2.618890 
2455070.758132 0.000000 0.000000    -0.000464     2.618890 
2455071.689430 0.000000 0.000000    -0.000502     2.618890 
2455072.620727 0.000000 0.000000    -0.000481     2.618890 
2455073.552025 0.000000 0.000000    -0.000450     2.618890 
2455074.483323 0.000000 0.000000    -0.000483     2.618890 
2455075.414621 0.000000 0.000000    -0.000618     2.618890 
2455076.345919 0.000000 0.000000    -0.000819     2.618890 
2455077.277217 0.000000 0.000000    -0.000990     2.618890 
2455078.208514 0.000000 0.000000    -0.001047     2.618890 
2455079.139812 0.000000 0.000000    -0.000982     2.618890 
2455080.071110 0.000000 0.000000    -0.000862     2.618890 
2455081.002408 0.000000 0.000000    -0.000776     2.618890 
2455081.933706 0.000000 0.000000    -0.000763     2.618890 
2455082.865004 0.000000 0.000000    -0.000779     2.618890 
2455083.796302 0.000000 0.000000    -0.000751     2.618890 
2455084.727599 0.000000 0.000000    -0.000646     2.618890 
2455085.658897 0.000000 0.000000    -0.000511     2.618890 
2455086.590195 0.000000 0.000000    -0.000426     2.618890 
2455087.521493 0.000000 0.000000    -0.000425     2.618890 
2455088.452791 0.000000 0.000000    -0.000444     2.618890 
2455089.384089 0.000000 0.000000    -0.000373     2.618890 
2455090.315387 0.000000 0.000000    -0.000155     2.618890 
2455091.246684 0.000000 0.000000     0.000135     2.618890 
2455092.177982 0.000000 0.000000     0.000322     2.618890 
2455093.109280 0.000000 0.000000     0.000275     2.618890 
2455094.040578 0.000000 0.000000     0.000028     2.618890 
2455094.971876 0.000000 0.000000    -0.000212     2.618890 
2455095.903174 0.000000 0.000000    -0.000211     2.618890 
2455096.834471 0.000000 0.000000     0.000093     2.618890 
2455097.765769 0.000000 0.000000     0.000514     2.618890 
2455098.697067 0.000000 0.000000     0.000731     2.618890 
2455099.628365 0.000000 0.000000     0.000528     2.618890 
2455100.559663 0.000000 0.000000    -0.000019     2.618890 
2455101.490961 0.000000 0.000000    -0.000580     2.618890 
2455102.422259 0.000000 0.000000    -0.000800     2.618890 
2455103.353556 0.000000 0.000000    -0.000566     2.618890 
2455104.284854 0.000000 0.000000    -0.000087     2.618890 
2455105.216152 0.000000 0.000000     0.000271     2.618890 
2455106.147450 0.000000 0.000000     0.000270     2.618890 
2455107.078748 0.000000 0.000000    -0.000021     2.618890 
2455108.010046 0.000000 0.000000    -0.000312     2.618890 
2455108.941344 0.000000 0.000000    -0.000353     2.618890 
2455109.872641 0.000000 0.000000    -0.000150     2.618890 
2455110.803939 0.000000 0.000000     0.000042     2.618890 
2455111.735237 0.000000 0.000000    -0.000039     2.618890 
2455112.666535 0.000000 0.000000    -0.000407     2.618890 
2455113.597833 0.000000 0.000000    -0.000795     2.618890 
2455114.529131 0.000000 0.000000    -0.000881     2.618890 
2455115.460428 0.000000 0.000000    -0.000595     2.618890 
2455116.391726 0.000000 0.000000    -0.000229     2.618890 
2455117.323024 0.000000 0.000000    -0.000215     2.618890 
2455118.254322 0.000000 0.000000    -0.000741     2.618890 
2455119.185620 0.000000 0.000000    -0.001533     2.618890 
2455120.116918 0.000000 0.000000    -0.002011     2.618890 
2455121.048216 0.000000 0.000000    -0.001740     2.618890 
2455121.979513 0.000000 0.000000    -0.000813     2.618890 
2455122.910811 0.000000 0.000000     0.000158     2.618890 
2455123.842109 0.000000 0.000000     0.000498     2.618890 
2455124.773407 0.000000 0.000000     0.000015     2.618890 
2455125.704705 0.000000 0.000000    -0.000796     2.618890 
2455126.636003 0.000000 0.000000    -0.001086     2.618890 
2455127.567301 0.000000 0.000000    -0.000300     2.618890 
2455128.498598 0.000000 0.000000     0.001372     2.618890 
2455129.429896 0.000000 0.000000     0.003097     2.618890 
2455130.361194 0.000000 0.000000     0.003988     2.618890 
2455131.292492 0.000000 0.000000     0.003733     2.618890 
2455132.223790 0.000000 0.000000     0.002763     2.618890 
2455133.155088 0.000000 0.000000     0.001849     2.618890 
2455134.086386 0.000000 0.000000     0.001460     2.618890 
2455135.017683 0.000000 0.000000     0.001428     2.618890 
2455135.948981 0.000000 0.000000     0.001178     2.618890 
2455136.880279 0.000000 0.000000     0.000298     2.618890 
2455137.811577 0.000000 0.000000    -0.001051     2.618890 
2455138.742875 0.000000 0.000000    -0.002267     2.618890 
2455139.674173 0.000000 0.000000    -0.002868     2.618890 
2455140.605470 0.000000 0.000000    -0.002984     2.618890 
2455141.536768 0.000000 0.000000    -0.003299     2.618890 
2455142.468066 0.000000 0.000000    -0.004453     2.618890 
2455143.399364 0.000000 0.000000    -0.006394     2.618890 
2455144.330662 0.000000 0.000000    -0.008268     2.618890 
2455145.261960 0.000000 0.000000    -0.009024     2.618890 
2455146.193258 0.000000 0.000000    -0.008272     2.618890 
2455147.124555 0.000000 0.000000    -0.006679     2.618890 
2455148.055853 0.000000 0.000000    -0.005497     2.618890 
2455148.987151 0.000000 0.000000    -0.005533     2.618890 
2455149.918449 0.000000 0.000000    -0.006390     2.618890 
2455150.849747 0.000000 0.000000    -0.006619     2.618889 
2455151.781045 0.000000 0.000000    -0.004778     2.618889 
2455152.712343 0.000000 0.000000    -0.000598     2.618889 
2455153.643640 0.000000 0.000000     0.004657     2.618889 
2455154.574938 0.000000 0.000000     0.008944     2.618889 
2455155.506236 0.000000 0.000000     0.010773     2.618889 
2455156.437534 0.000000 0.000000     0.010102     2.618889 
2455157.368832 0.000000 0.000000     0.008148     2.618889 
2455158.300130 0.000000 0.000000     0.006313     2.618889 
2455159.231427 0.000000 0.000000     0.005129     2.618889 
2455160.162725 0.000000 0.000000     0.004063     2.618889 
2455161.094023 0.000000 0.000000     0.002248     2.618889 
2455162.025321 0.000000 0.000000    -0.000559     2.618889 
2455162.956619 0.000000 0.000000    -0.003677     2.618889 
2455163.887917 0.000000 0.000000    -0.006144     2.618889 
2455164.819215 0.000000 0.000000    -0.007692     2.618889 
2455165.750512 0.000000 0.000000    -0.009130     2.618889 
2455166.681810 0.000000 0.000000    -0.011694     2.618889 
2455167.613108 0.000000 0.000000    -0.015849     2.618889 
2455168.544406 0.000000 0.000000    -0.020618     2.618889 
2455169.475704 0.000000 0.000000    -0.024125     2.618889 
2455170.407002 0.000000 0.000000    -0.025041     2.618889 
2455171.338300 0.000000 0.000000    -0.023740     2.618889 
2455172.269597 0.000000 0.000000    -0.022127     2.618889 
2455173.200895 0.000000 0.000000    -0.022089     2.618889 
2455174.132193 0.000000 0.000000    -0.023761     2.618888 
2455175.063491 0.000000 0.000000    -0.025036     2.618887 
2455175.994789 0.000000 0.000000    -0.022898     2.618885 
2455176.926087 0.000000 0.000000    -0.015679     2.618883 
2455177.857384 0.000000 0.000000    -0.004547     2.618883 
2455178.788682 0.000000 0.000000     0.006973     2.618883 
2455179.719980 0.000000 0.000000     0.015133     2.618883 
2455180.651278 0.000000 0.000000     0.018203     2.618883 
2455181.582576 0.000000 0.000000     0.017155     2.618883 
2455182.513874 0.000000 0.000000     0.014425     2.618883 
2455183.445172 0.000000 0.000000     0.011850     2.618883 
2455184.376469 0.000000 0.000000     0.009500     2.618883 
2455185.307767 0.000000 0.000000     0.006213     2.618883 
2455186.239065 0.000000 0.000000     0.001204     2.618883 
2455187.170363 0.000000 0.000000    -0.004836     2.618884 
2455188.101661 0.000000 0.000000    -0.010200     2.618884 
2455189.032959 0.000000 0.000000    -0.013791     2.618884 
2455189.964257 0.000000 0.000000    -0.016380     2.618883 
2455190.895554 0.000000 0.000000    -0.020205     2.618883 
2455191.826852 0.000000 0.000000    -0.027039     2.618883 
2455192.758150 0.000000 0.000000    -0.036345     2.618883 
2455193.689448 0.000000 0.000000    -0.045224     2.618883 
2455194.620746 0.000000 0.000000    -0.050472     2.618883 
2455195.552044 0.000000 0.000000    -0.051182     2.618883 
2455196.483342 0.000000 0.000000    -0.049685     2.618883 
2455197.414639 0.000000 0.000000    -0.049786     2.618883 
2455198.345937 0.000000 0.000000    -0.053484     2.618883 
2455199.277235 0.000000 0.000000    -0.058763     2.618882 
2455200.208533 0.000000 0.000000    -0.060430     2.618879 
2455201.139831 0.000000 0.000000    -0.053642     2.618874 
2455202.071129 0.000000 0.000000    -0.037592     2.618870 
2455203.002426 0.000000 0.000000    -0.016543     2.618868 
2455203.933724 0.000000 0.000000     0.002654     2.618869 
2455204.865022 0.000000 0.000000     0.014740     2.618869 
2455205.796320 0.000000 0.000000     0.018833     2.618869 
2455206.727618 0.000000 0.000000     0.017910     2.618869 
2455207.658916 0.000000 0.000000     0.015681     2.618869 
2455208.590214 0.000000 0.000000     0.013582     2.618869 
2455209.521511 0.000000 0.000000     0.010287     2.618869 
2455210.452809 0.000000 0.000000     0.003867     2.618869 
2455211.384107 0.000000 0.000000    -0.005569     2.618870 
2455212.315405 0.000000 0.000000    -0.015306     2.618870 
2455213.246703 0.000000 0.000000    -0.022174     2.618870 
2455214.178001 0.000000 0.000000    -0.025527     2.618870 
2455215.109299 0.000000 0.000000    -0.028272     2.618870 
2455216.040596 0.000000 0.000000    -0.034711     2.618869 
2455216.971894 0.000000 0.000000    -0.046793     2.618869 
2455217.903192 0.000000 0.000000    -0.061955     2.618869 
2455218.834490 0.000000 0.000000    -0.074660     2.618869 
2455219.765788 0.000000 0.000000    -0.080690     2.618869 
2455220.697086 0.000000 0.000000    -0.080730     2.618869 
2455221.628383 0.000000 0.000000    -0.080110     2.618869 
2455222.559681 0.000000 0.000000    -0.084489     2.618869 
2455223.490979 0.000000 0.000000    -0.094749     2.618869 
2455224.422277 0.000000 0.000000    -0.105238     2.618868 
2455225.353575 0.000000 0.000000    -0.107131     2.618863 
2455226.284873 0.000000 0.000000    -0.094647     2.618857 
2455227.216171 0.000000 0.000000    -0.069482     2.618852 
2455228.147468 0.000000 0.000000    -0.040072     2.618850 
2455229.078766 0.000000 0.000000    -0.016199     2.618850 
2455230.010064 0.000000 0.000000    -0.003032     2.618850 
2455230.941362 0.000000 0.000000     0.001018     2.618850 
2455231.872660 0.000000 0.000000     0.001379     2.618850 
2455232.803958 0.000000 0.000000     0.002105     2.618850 
2455233.735256 0.000000 0.000000     0.002776     2.618850 
2455234.666553 0.000000 0.000000    -0.000135     2.618850 
2455235.597851 0.000000 0.000000    -0.008977     2.618850 
2455236.529149 0.000000 0.000000    -0.021765     2.618851 
2455237.460447 0.000000 0.000000    -0.033134     2.618852 
2455238.391745 0.000000 0.000000    -0.038712     2.618852 
2455239.323043 0.000000 0.000000    -0.039097     2.618852 
2455240.254340 0.000000 0.000000    -0.039767     2.618851 
2455241.185638 0.000000 0.000000    -0.046709     2.618850 
2455242.116936 0.000000 0.000000    -0.061259     2.618850 
2455243.048234 0.000000 0.000000    -0.078612     2.618850 
2455243.979532 0.000000 0.000000    -0.091496     2.618850 
2455244.910830 0.000000 0.000000    -0.096177     2.618850 
2455245.842128 0.000000 0.000000    -0.095774     2.618850 
2455246.773425 0.000000 0.000000    -0.097885     2.618850 
2455247.704723 0.000000 0.000000    -0.108138     2.618850 
2455248.636021 0.000000 0.000000    -0.124806     2.618850 
2455249.567319 0.000000 0.000000    -0.139006     2.618850 
2455250.498617 0.000000 0.000000    -0.140665     2.618847 
2455251.429915 0.000000 0.000000    -0.125796     2.618844 
2455252.361213 0.000000 0.000000    -0.099518     2.618841 
2455253.292510 0.000000 0.000000    -0.072526     2.618840 
2455254.223808 0.000000 0.000000    -0.053843     2.618840 
2455255.155106 0.000000 0.000000    -0.045439     2.618840 
2455256.086404 0.000000 0.000000    -0.042607     2.618840 
2455257.017702 0.000000 0.000000    -0.039234     2.618840 
2455257.949000 0.000000 0.000000    -0.033303     2.618840 
2455258.880298 0.000000 0.000000    -0.028113     2.618840 
2455259.811595 0.000000 0.000000    -0.028576     2.618840 
2455260.742893 0.000000 0.000000    -0.036103     2.618841 
2455261.674191 0.000000 0.000000    -0.046697     2.618841 
2455262.605489 0.000000 0.000000    -0.053897     2.618841 
2455263.536787 0.000000 0.000000    -0.054021     2.618841 
2455264.468085 0.000000 0.000000    -0.049150     2.618841 
2455265.399382 0.000000 0.000000    -0.045306     2.618840 
2455266.330680 0.000000 0.000000    -0.047424     2.618840 
2455267.261978 0.000000 0.000000    -0.055445     2.618840 
2455268.193276 0.000000 0.000000    -0.064805     2.618840 
2455269.124574 0.000000 0.000000    -0.070766     2.618840 
2455270.055872 0.000000 0.000000    -0.072733     2.618840 
2455270.987170 0.000000 0.000000    -0.074729     2.618840 
2455271.918467 0.000000 0.000000    -0.081639     2.618840 
2455272.849765 0.000000 0.000000    -0.094500     2.618840 
2455273.781063 0.000000 0.000000    -0.108984     2.618840 
2455274.712361 0.000000 0.000000    -0.118459     2.618840 
2455275.643659 0.000000 0.000000    -0.119070     2.618840 
2455276.574957 0.000000 0.000000    -0.112583     2.618840 
2455277.506255 0.000000 0.000000    -0.104668     2.618840 
2455278.437552 0.000000 0.000000    -0.100208     2.618840 
2455279.368850 0.000000 0.000000    -0.099653     2.618840 
2455280.300148 0.000000 0.000000    -0.099380     2.618840 
2455281.231446 0.000000 0.000000    -0.095438     2.618840 
2455282.162744 0.000000 0.000000    -0.087233     2.618840 
2455283.094042 0.000000 0.000000    -0.077948     2.618840 
2455284.025339 0.000000 0.000000    -0.071576     2.618840 
2455284.956637 0.000000 0.000000    -0.069449     2.618840 
2455285.887935 0.000000 0.000000    -0.069383     2.618840 
2455286.819233 0.000000 0.000000    -0.067979     2.618840 
2455287.750531 0.000000 0.000000    -0.063643     2.618840 
2455288.681829 0.000000 0.000000    -0.057394     2.618840 
2455289.613127 0.000000 0.000000    -0.050888     2.618840 
2455290.544424 0.000000 0.000000    -0.044023     2.618840 
2455291.475722 0.000000 0.000000    -0.034968     2.618840 
2455292.407020 0.000000 0.000000    -0.022977     2.618840 
2455293.338318 0.000000 0.000000    -0.011110     2.618840 
2455294.269616 0.000000 0.000000    -0.005418     2.618840 
2455295.200914 0.000000 0.000000    -0.010230     2.618840 
2455296.132212 0.000000 0.000000    -0.023282     2.618840 
2455297.063509 0.000000 0.000000    -0.035656     2.618840 
2455297.994807 0.000000 0.000000    -0.037946     2.618840 
2455298.926105 0.000000 0.000000    -0.028419     2.618840 
2455299.857403 0.000000 0.000000    -0.016189     2.618841 
2455300.788701 0.000000 0.000000    -0.015590     2.618840 
2455301.719999 0.000000 0.000000    -0.035134     2.618840 
2455302.651297 0.000000 0.000000    -0.069654     2.618840 
2455303.582594 0.000000 0.000000    -0.102582     2.618841 
2455304.513892 0.000000 0.000000    -0.117465     2.618844 
2455305.445190 0.000000 0.000000    -0.109997     2.618845 
2455306.376488 0.000000 0.000000    -0.090805     2.618845 
2455307.307786 0.000000 0.000000    -0.076447     2.618845 
2455308.239084 0.000000 0.000000    -0.075914     2.618845 
2455309.170381 0.000000 0.000000    -0.083935     2.618845 
2455310.101679 0.000000 0.000000    -0.086824     2.618845 
2455311.032977 0.000000 0.000000    -0.075755     2.618845 
2455311.964275 0.000000 0.000000    -0.055547     2.618845 
2455312.895573 0.000000 0.000000    -0.040623     2.618845 
2455313.826871 0.000000 0.000000    -0.041162     2.618846 
2455314.758169 0.000000 0.000000    -0.051932     2.618846 
2455315.689466 0.000000 0.000000    -0.054962     2.618846 
2455316.620764 0.000000 0.000000    -0.035386     2.618845 
2455317.552062 0.000000 0.000000     0.002788     2.618845 
2455318.483360 0.000000 0.000000     0.036026     2.618846 
2455319.414658 0.000000 0.000000     0.038943     2.618846 
2455320.345956 0.000000 0.000000     0.007117     2.618846 
2455321.277254 0.000000 0.000000    -0.034777     2.618845 
2455322.208551 0.000000 0.000000    -0.049140     2.618845 
2455323.139849 0.000000 0.000000    -0.015461     2.618844 
2455324.071147 0.000000 0.000000     0.049734     2.618845 
2455325.002445 0.000000 0.000000     0.101268     2.618839 
2455325.933743 0.000000 0.000000     0.098375     2.618790 
2455326.865041 0.000000 0.000000     0.037749     2.618686 
2455327.796338 0.000000 0.000000    -0.040401     2.618590 
2455328.727636 0.000000 0.000000    -0.080258     2.618573 
2455329.658934 0.000000 0.000000    -0.052027     2.618620 
2455330.590232 0.000000 0.000000     0.025180     2.618659 
2455331.521530 0.000000 0.000000     0.097891     2.618670 
2455332.452828 0.000000 0.000000     0.119246     2.618672 
2455333.384126 0.000000 0.000000     0.083788     2.618672 
2455334.315423 0.000000 0.000000     0.028181     2.618670 
2455335.246721 0.000000 0.000000    -0.002142     2.618672 
2455336.178019 0.000000 0.000000     0.008009     2.618674 
2455337.109317 0.000000 0.000000     0.032119     2.618673 
2455338.040615 0.000000 0.000000     0.027788     2.618678 
2455338.971913 0.000000 0.000000    -0.022834     2.618685 
2455339.903211 0.000000 0.000000    -0.094232     2.618685 
2455340.834508 0.000000 0.000000    -0.138616     2.618680 
2455341.765806 0.000000 0.000000    -0.130033     2.618676 
2455342.697104 0.000000 0.000000    -0.092397     2.618671 
2455343.628402 0.000000 0.000000    -0.083688     2.618669 
2455344.559700 0.000000 0.000000    -0.145799     2.618668 
2455345.490998 0.000000 0.000000    -0.261653     2.618664 
2455346.422295 0.000000 0.000000    -0.359217     2.618668 
2455347.353593 0.000000 0.000000    -0.364857     2.618667 
2455348.284891 0.000000 0.000000    -0.265298     2.618650 
2455349.216189 0.000000 0.000000    -0.125639     2.618656 
2455350.147487 0.000000 0.000000    -0.043152     2.618522 
2455351.078785 0.000000 0.000000    -0.069257     2.617733 
2455352.010083 0.000000 0.000000    -0.161817     2.616140 
2455352.941380 0.000000 0.000000    -0.209883     2.614588 
2455353.872678 0.000000 0.000000    -0.116535     2.614029 
2455354.803976 0.000000 0.000000     0.122856     2.614312 
2455355.735274 0.000000 0.000000     0.409249     2.614645 
2455356.666572 0.000000 0.000000     0.606708     2.614743 
2455357.597870 0.000000 0.000000     0.636759     2.614770 
2455358.529168 0.000000 0.000000     0.527400     2.614775 
2455359.460465 0.000000 0.000000     0.380104     2.614756 
2455360.391763 0.000000 0.000000     0.284228     2.614775 
2455361.323061 0.000000 0.000000     0.249922     2.614805 
2455362.254359 0.000000 0.000000     0.213155     2.614838 
2455363.185657 0.000000 0.000000     0.104416     2.614955 
2455364.116955 0.000000 0.000000    -0.081741     2.615081 
2455365.048253 0.000000 0.000000    -0.279042     2.615068 
2455365.979550 0.000000 0.000000    -0.411310     2.614953 
2455366.910848 0.000000 0.000000    -0.468061     2.614837 
2455367.842146 0.000000 0.000000    -0.522732     2.614765 
2455368.773444 0.000000 0.000000    -0.670586     2.614766 
2455369.704742 0.000000 0.000000    -0.935782     2.614779 
2455370.636040 0.000000 0.000000    -1.230467     2.614753 
2455371.567337 0.000000 0.000000    -1.410201     2.614775 
2455372.498635 0.000000 0.000000    -1.388123     2.614771 
2455373.429933 0.000000 0.000000    -1.213663     2.614678 
2455374.361231 0.000000 0.000000    -1.042410     2.614737 
2455375.292529 0.000000 0.000000    -1.010484     2.613871 
2455376.223827 0.000000 0.000000    -1.110322     2.608874 
2455377.155125 0.000000 0.000000    -1.173355     2.598772 
2455378.086422 0.000000 0.000000    -0.985527     2.588594 
2455379.017720 0.000000 0.000000    -0.454472     2.584193 
2455379.949018 0.000000 0.000000     0.300429     2.584960 
2455380.880316 0.000000 0.000000     1.009487     2.586440 
2455381.811614 0.000000 0.000000     1.423643     2.586901 
2455382.742912 0.000000 0.000000     1.467200     2.587062 
2455383.674210 0.000000 0.000000     1.259553     2.587106 
2455384.605507 0.000000 0.000000     0.997676     2.587024 
2455385.536805 0.000000 0.000000     0.800398     2.587128 
2455386.468103 0.000000 0.000000     0.640050     2.587331 
2455387.399401 0.000000 0.000000     0.407758     2.587697 
2455388.330699 0.000000 0.000000     0.043242     2.588591 
2455389.261997 0.000000 0.000000    -0.392962     2.589453 
2455390.193294 0.000000 0.000000    -0.771869     2.589340 
2455391.124592 0.000000 0.000000    -1.024679     2.588433 
2455392.055890 0.000000 0.000000    -1.225236     2.587516 
2455392.987188 0.000000 0.000000    -1.539322     2.587052 
2455393.918486 0.000000 0.000000    -2.072349     2.587141 
2455394.849784 0.000000 0.000000    -2.746381     2.587317 
2455395.781082 0.000000 0.000000    -3.325958     2.587217 
2455396.712379 0.000000 0.000000    -3.590659     2.587231 
2455397.643677 0.000000 0.000000    -3.519483     2.587197 
2455398.574975 0.000000 0.000000    -3.324927     2.586901 
2455399.506273 0.000000 0.000000    -3.287103     2.587234 
2455400.437571 0.000000 0.000000    -3.505732     2.584270 
2455401.368869 0.000000 0.000000    -3.771319     2.566283 
2455402.300167 0.000000 0.000000    -3.678141     2.528825 
2455403.231464 0.000000 0.000000    -2.914188     2.489089 
2455404.162762 0.000000 0.000000    -1.515050     2.469681 
2455405.094060 0.000000 0.000000     0.116062     2.470078 
2455406.025358 0.000000 0.000000     1.446091     2.474290 
2455406.956656 0.000000 0.000000     2.134014     2.475670 
2455407.887954 0.000000 0.000000     2.200313     2.476264 
2455408.819251 0.000000 0.000000     1.931061     2.476480 
2455409.750549 0.000000 0.000000     1.613787     2.476250 
2455410.681847 0.000000 0.000000     1.327573     2.476617 
2455411.613145 0.000000 0.000000     0.949098     2.477473 
2455412.544443 0.000000 0.000000     0.343736     2.479348 
2455413.475741 0.000000 0.000000    -0.448618     2.483314 
2455414.407039 0.000000 0.000000    -1.212461     2.486826 
2455415.338336 0.000000 0.000000    -1.747889     2.486203 
2455416.269634 0.000000 0.000000    -2.078732     2.482147 
2455417.200932 0.000000 0.000000    -2.472639     2.478055 
2455418.132230 0.000000 0.000000    -3.226376     2.476177 
2455419.063528 0.000000 0.000000    -4.384621     2.476688 
2455419.994826 0.000000 0.000000    -5.642256     2.477568 
2455420.926124 0.000000 0.000000    -6.543876     2.477345 
2455421.857421 0.000000 0.000000    -6.841945     2.477158 
2455422.788719 0.000000 0.000000    -6.718685     2.476944 
2455423.720017 0.000000 0.000000    -6.661962     2.476291 
2455424.651315 0.000000 0.000000    -7.060059     2.477437 
2455425.582613 0.000000 0.000000    -7.825816     2.471113 
2455426.513911 0.000000 0.000000    -8.367257     2.428928 
2455427.445209 0.000000 0.000000    -7.966020     2.335713 
2455428.376506 0.000000 0.000000    -6.301141     2.226957 
2455429.307804 0.000000 0.000000    -3.724820     2.165812 
2455430.239102 0.000000 0.000000    -1.073725     2.160674 
2455431.170400 0.000000 0.000000     0.848413     2.169145 
2455432.101698 0.000000 0.000000     1.731983     2.172069 
2455433.032996 0.000000 0.000000     1.835416     2.173707 
2455433.964293 0.000000 0.000000     1.653730     2.174432 
2455434.895591 0.000000 0.000000     1.480343     2.173960 
2455435.826889 0.000000 0.000000     1.224055     2.174960 
2455436.758187 0.000000 0.000000     0.606025     2.177735 
2455437.689485 0.000000 0.000000    -0.471727     2.184646 
2455438.620783 0.000000 0.000000    -1.739919     2.197728 
2455439.552081 0.000000 0.000000    -2.743903     2.208182 
2455440.483378 0.000000 0.000000    -3.243619     2.205426 
2455441.414676 0.000000 0.000000    -3.469299     2.191962 
2455442.345974 0.000000 0.000000    -3.975699     2.178673 
2455443.277272 0.000000 0.000000    -5.181831     2.172966 
2455444.208570 0.000000 0.000000    -6.974992     2.174646 
2455445.139868 0.000000 0.000000    -8.736121     2.177476 
2455446.071166 0.000000 0.000000    -9.805859     2.177305 
2455447.002463 0.000000 0.000000   -10.028804     2.176457 
2455447.933761 0.000000 0.000000    -9.914191     2.175544 
2455448.865059 0.000000 0.000000   -10.239213     2.174316 
2455449.796357 0.000000 0.000000   -11.378011     2.177014 
2455450.727655 0.000000 0.000000   -12.891254     2.168332 
2455451.658953 0.000000 0.000000   -13.736445     2.100600 
2455452.590250 0.000000 0.000000   -12.979628     1.937851 
2455453.521548 0.000000 0.000000   -10.483908     1.713302 
2455454.452846 0.000000 0.000000    -7.050284     1.549899 
2455455.384144 0.000000 0.000000    -3.901596     1.519327 
2455456.315442 0.000000 0.000000    -1.903963     1.531975 
2455457.246740 0.000000 0.000000    -1.110097     1.536621 
2455458.178038 0.000000 0.000000    -0.935818     1.540974 
2455459.109335 0.000000 0.000000    -0.771311     1.543084 
2455460.040633 0.000000 0.000000    -0.498609     1.542141 
2455460.971931 0.000000 0.000000    -0.500232     1.544812 
2455461.903229 0.000000 0.000000    -1.195357     1.554214 
2455462.834527 0.000000 0.000000    -2.544423     1.579568 
2455463.765825 0.000000 0.000000    -3.980179     1.620488 
2455464.697123 0.000000 0.000000    -4.842546     1.647143 
2455465.628420 0.000000 0.000000    -4.944582     1.634256 
2455466.559718 0.000000 0.000000    -4.766639     1.591563 
2455467.491016 0.000000 0.000000    -5.083479     1.551285 
2455468.422314 0.000000 0.000000    -6.317791     1.535400 
2455469.353612 0.000000 0.000000    -8.164866     1.539585 
2455470.284910 0.000000 0.000000    -9.822874     1.546669 
2455471.216207 0.000000 0.000000   -10.656913     1.547980 
2455472.147505 0.000000 0.000000   -10.746196     1.546397 
2455473.078803 0.000000 0.000000   -10.839606     1.542982 
2455474.010101 0.000000 0.000000   -11.725838     1.539462 
2455474.941399 0.000000 0.000000   -13.517834     1.543344 
2455475.872697 0.000000 0.000000   -15.444127     1.537660 
2455476.803995 0.000000 0.000000   -16.344805     1.471462 
2455477.735292 0.000000 0.000000   -15.503739     1.301935 
2455478.666590 0.000000 0.000000   -13.173565     1.024300 
2455479.597888 0.000000 0.000000   -10.391423     0.683600 
2455480.529186 0.000000 0.000000    -8.244098     0.496350 
2455481.460484 0.000000 0.000000    -7.164083     0.533545 
2455482.391782 0.000000 0.000000    -6.785165     0.550362 
2455483.323080 0.000000 0.000000    -6.414410     0.578637 
2455484.254377 0.000000 0.000000    -5.684609     0.586126 
2455485.185675 0.000000 0.000000    -4.839790     0.574080 
2455486.116973 0.000000 0.000000    -4.449629     0.586339 
2455487.048271 0.000000 0.000000    -4.841018     0.660753 
2455487.979569 0.000000 0.000000    -5.757708     0.792596 
2455488.910867 0.000000 0.000000    -6.538856     0.909954 
2455489.842165 0.000000 0.000000    -6.648961     0.952081 
2455490.773462 0.000000 0.000000    -6.094995     0.895413 
2455491.704760 0.000000 0.000000    -5.381283     0.748954 
2455492.636058 0.000000 0.000000    -5.064667     0.563516 
2455493.567356 0.000000 0.000000    -5.312833     0.468166 
2455494.498654 0.000000 0.000000    -5.842960     0.482159 
2455495.429952 0.000000 0.000000    -6.262118     0.518424 
2455496.361249 0.000000 0.000000    -6.471567     0.562232 
2455497.292547 0.000000 0.000000    -6.755534     0.571844 
2455498.223845 0.000000 0.000000    -7.480187     0.532259 
2455499.155143 0.000000 0.000000    -8.695102     0.466041 
2455500.086441 0.000000 0.000000   -10.020709     0.416028 
2455501.017739 0.000000 0.000000   -10.939266     0.444237 
2455501.949037 0.000000 0.000000   -11.230293     0.519026 
2455502.880334 0.000000 0.000000   -11.151994     0.555846 
2455503.811632 0.000000 0.000000   -11.197414     0.530012 
2455504.742930 0.000000 0.000000   -11.641817     0.469590 
2455505.674228 0.000000 0.000000   -12.289368     0.435741 
2455506.605526 0.000000 0.000000   -12.644975     0.431051 
2455507.536824 0.000000 0.000000   -12.350266     0.433019 
2455508.468122 0.000000 0.000000   -11.487546     0.456642 
2455509.399419 0.000000 0.000000   -10.486502     0.490343 
2455510.330717 0.000000 0.000000    -9.739383     0.515928 
2455511.262015 0.000000 0.000000    -9.292290     0.525570 
2455512.193313 0.000000 0.000000    -8.888228     0.517093 
2455513.124611 0.000000 0.000000    -8.286238     0.520242 
2455514.055909 0.000000 0.000000    -7.513228     0.592290 
2455514.987206 0.000000 0.000000    -6.783708     0.715788 
2455515.918504 0.000000 0.000000    -6.173620     0.817128 
2455516.849802 0.000000 0.000000    -5.413026     0.833872 
2455517.781100 0.000000 0.000000    -4.078680     0.729801 
2455518.712398 0.000000 0.000000    -2.073197     0.602592 
2455519.643696 0.000000 0.000000     0.060713     0.754436 
2455520.574994 0.000000 0.000000     1.374727     0.884306 
2455521.506291 0.000000 0.000000     1.216305     0.873542 
2455522.437589 0.000000 0.000000    -0.154747     0.767938 
2455523.368887 0.000000 0.000000    -1.614432     0.702750 
2455524.300185 0.000000 0.000000    -1.967029     0.747773 
2455525.231483 0.000000 0.000000    -0.918985     0.855069 
2455526.162781 0.000000 0.000000     0.558067     0.971985 
2455527.094079 0.000000 0.000000     0.841453     1.029961 
2455528.025376 0.000000 0.000000    -1.157720     1.058455 
2455528.956674 0.000000 0.000000    -5.136247     1.178992 
2455529.887972 0.000000 0.000000    -9.545710     1.353539 
2455530.819270 0.000000 0.000000   -12.645675     1.471461 
2455531.750568 0.000000 0.000000   -13.651268     1.514309 
2455532.681866 0.000000 0.000000   -13.101289     1.520370 
2455533.613163 0.000000 0.000000   -12.216587     1.523053 
2455534.544461 0.000000 0.000000   -11.835043     1.527588 
2455535.475759 0.000000 0.000000   -11.820672     1.532135 
2455536.407057 0.000000 0.000000   -11.397392     1.534687 
2455537.338355 0.000000 0.000000   -10.042349     1.534659 
2455538.269653 0.000000 0.000000    -8.092665     1.540538 
2455539.200951 0.000000 0.000000    -6.489639     1.558859 
2455540.132248 0.000000 0.000000    -5.873448     1.586410 
2455541.063546 0.000000 0.000000    -5.859451     1.610831 
2455541.994844 0.000000 0.000000    -5.217191     1.606064 
2455542.926142 0.000000 0.000000    -2.900035     1.563486 
2455543.857440 0.000000 0.000000     0.911342     1.537006 
2455544.788738 0.000000 0.000000     4.691244     1.574887 
2455545.720036 0.000000 0.000000     6.600754     1.616316 
2455546.651333 0.000000 0.000000     5.922321     1.604600 
2455547.582631 0.000000 0.000000     3.738688     1.569289 
2455548.513929 0.000000 0.000000     2.228452     1.555271 
2455549.445227 0.000000 0.000000     3.035426     1.558956 
2455550.376525 0.000000 0.000000     5.942115     1.582446 
2455551.307823 0.000000 0.000000     8.896309     1.623396 
2455552.239121 0.000000 0.000000     9.419307     1.644971 
2455553.170418 0.000000 0.000000     6.360274     1.672249 
2455554.101716 0.000000 0.000000     0.695241     1.789060 
2455555.033014 0.000000 0.000000    -5.189923     1.956352 
2455555.964312 0.000000 0.000000    -9.137199     2.073266 
2455556.895610 0.000000 0.000000   -10.520641     2.117635 
2455557.826908 0.000000 0.000000   -10.300201     2.126775 
2455558.758205 0.000000 0.000000    -9.935064     2.132502 
2455559.689503 0.000000 0.000000   -10.137842     2.137752 
2455560.620801 0.000000 0.000000   -10.479551     2.140020 
2455561.552099 0.000000 0.000000   -10.063826     2.140796 
2455562.483397 0.000000 0.000000    -8.568728     2.141832 
2455563.414695 0.000000 0.000000    -6.678062     2.146409 
2455564.345993 0.000000 0.000000    -5.502211     2.155052 
2455565.277290 0.000000 0.000000    -5.507645     2.164869 
2455566.208588 0.000000 0.000000    -5.938529     2.172657 
2455567.139886 0.000000 0.000000    -5.318023     2.170293 
2455568.071184 0.000000 0.000000    -2.687738     2.155408 
2455569.002482 0.000000 0.000000     1.432887     2.148584 
2455569.933780 0.000000 0.000000     5.222527     2.164375 
2455570.865078 0.000000 0.000000     6.828282     2.179223 
2455571.796375 0.000000 0.000000     5.781328     2.173113 
2455572.727673 0.000000 0.000000     3.437115     2.160870 
2455573.658971 0.000000 0.000000     2.044642     2.152694 
2455574.590269 0.000000 0.000000     3.108417     2.134856 
2455575.521567 0.000000 0.000000     6.263447     2.108096 
2455576.452865 0.000000 0.000000     9.499486     2.085647 
2455577.384162 0.000000 0.000000    10.551661     2.063399 
2455578.315460 0.000000 0.000000     8.417843     2.056424 
2455579.246758 0.000000 0.000000     3.919938     2.111281 
2455580.178056 0.000000 0.000000    -1.005685     2.211703 
2455581.109354 0.000000 0.000000    -4.653437     2.287086 
2455582.040652 0.000000 0.000000    -6.498764     2.314435 
2455582.971950 0.000000 0.000000    -7.142378     2.323868 
2455583.903247 0.000000 0.000000    -7.478141     2.338419 
2455584.834545 0.000000 0.000000    -7.879547     2.350289 
2455585.765843 0.000000 0.000000    -8.064717     2.351831 
2455586.697141 0.000000 0.000000    -7.637006     2.349760 
2455587.628439 0.000000 0.000000    -6.701043     2.351714 
2455588.559737 0.000000 0.000000    -5.924823     2.357798 
2455589.491035 0.000000 0.000000    -5.955607     2.363584 
2455590.422332 0.000000 0.000000    -6.715630     2.367782 
2455591.353630 0.000000 0.000000    -7.257512     2.373212 
2455592.284928 0.000000 0.000000    -6.406228     2.377835 
2455593.216226 0.000000 0.000000    -3.732078     2.378423 
2455594.147524 0.000000 0.000000    -0.065846     2.382640 
2455595.078822 0.000000 0.000000     2.921020     2.394609 
2455596.010120 0.000000 0.000000     3.826273     2.400276 
2455596.941417 0.000000 0.000000     2.513935     2.393456 
2455597.872715 0.000000 0.000000     0.250740     2.387256 
2455598.804013 0.000000 0.000000    -1.135234     2.375730 
2455599.735311 0.000000 0.000000    -0.473152     2.327471 
2455600.666609 0.000000 0.000000     2.012777     2.235942 
2455601.597907 0.000000 0.000000     4.923810     2.135110 
2455602.529204 0.000000 0.000000     6.639618     2.055844 
2455603.460502 0.000000 0.000000     6.292775     2.012734 
2455604.391800 0.000000 0.000000     4.125561     2.029459 
2455605.323098 0.000000 0.000000     1.108957     2.090598 
2455606.254396 0.000000 0.000000    -1.766707     2.135208 
2455607.185694 0.000000 0.000000    -3.976920     2.144660 
2455608.116992 0.000000 0.000000    -5.466775     2.155668 
2455609.048289 0.000000 0.000000    -6.350565     2.186541 
2455609.979587 0.000000 0.000000    -6.684595     2.210422 
2455610.910885 0.000000 0.000000    -6.522417     2.210945 
2455611.842183 0.000000 0.000000    -6.120737     2.204126 
2455612.773481 0.000000 0.000000    -5.982653     2.208236 
2455613.704779 0.000000 0.000000    -6.573292     2.220677 
2455614.636077 0.000000 0.000000    -7.884314     2.229111 
2455615.567374 0.000000 0.000000    -9.239300     2.232876 
2455616.498672 0.000000 0.000000    -9.603510     2.243863 
2455617.429970 0.000000 0.000000    -8.267800     2.266032 
2455618.361268 0.000000 0.000000    -5.435707     2.290437 
2455619.292566 0.000000 0.000000    -2.249700     2.310786 
2455620.223864 0.000000 0.000000    -0.170162     2.321036 
2455621.155161 0.000000 0.000000    -0.092426     2.311665 
2455622.086459 0.000000 0.000000    -1.792909     2.292031 
2455623.017757 0.000000 0.000000    -4.075385     2.284335 
2455623.949055 0.000000 0.000000    -5.506605     2.267483 
2455624.880353 0.000000 0.000000    -5.243078     2.181418 
2455625.811651 0.000000 0.000000    -3.429568     2.000802 
2455626.742949 0.000000 0.000000    -0.982373     1.773131 
2455627.674246 0.000000 0.000000     1.011665     1.587249 
2455628.605544 0.000000 0.000000     1.849443     1.491812 
2455629.536842 0.000000 0.000000     1.413777     1.489880 
2455630.468140 0.000000 0.000000     0.022846     1.544198 
2455631.399438 0.000000 0.000000    -1.847384     1.577486 
2455632.330736 0.000000 0.000000    -3.747120     1.573371 
2455633.262034 0.000000 0.000000    -5.299969     1.587915 
2455634.193331 0.000000 0.000000    -6.226120     1.637452 
2455635.124629 0.000000 0.000000    -6.442556     1.672021 
2455636.055927 0.000000 0.000000    -6.191483     1.670405 
2455636.987225 0.000000 0.000000    -6.027899     1.659279 
2455637.918523 0.000000 0.000000    -6.552698     1.668330 
2455638.849821 0.000000 0.000000    -7.990642     1.695408 
2455639.781118 0.000000 0.000000    -9.904377     1.717365 
2455640.712416 0.000000 0.000000   -11.316842     1.728444 
2455641.643714 0.000000 0.000000   -11.255398     1.759869 
2455642.575012 0.000000 0.000000    -9.406733     1.838248 
2455643.506310 0.000000 0.000000    -6.435571     1.932369 
2455644.437608 0.000000 0.000000    -3.703127     1.984614 
2455645.368906 0.000000 0.000000    -2.516333     1.961858 
2455646.300203 0.000000 0.000000    -3.369583     1.877971 
2455647.231501 0.000000 0.000000    -5.664177     1.801138 
2455648.162799 0.000000 0.000000    -8.081489     1.786005 
2455649.094097 0.000000 0.000000    -9.358654     1.773099 
2455650.025395 0.000000 0.000000    -8.968181     1.667475 
2455650.956693 0.000000 0.000000    -7.298740     1.434481 
2455651.887991 0.000000 0.000000    -5.288947     1.099134 
2455652.819288 0.000000 0.000000    -3.817917     0.727907 
2455653.750586 0.000000 0.000000    -3.265326     0.477878 
2455654.681884 0.000000 0.000000    -3.472097     0.512741 
2455655.613182 0.000000 0.000000    -4.024369     0.565310 
2455656.544480 0.000000 0.000000    -4.585136     0.560059 
2455657.475778 0.000000 0.000000    -5.036609     0.535205 
2455658.407076 0.000000 0.000000    -5.403460     0.558122 
2455659.338373 0.000000 0.000000    -5.712539     0.590658 
2455660.269671 0.000000 0.000000    -5.957867     0.622020 
2455661.200969 0.000000 0.000000    -6.190528     0.671831 
2455662.132267 0.000000 0.000000    -6.594360     0.712551 
2455663.063565 0.000000 0.000000    -7.397036     0.757601 
2455663.994863 0.000000 0.000000    -8.624778     0.856470 
2455664.926160 0.000000 0.000000    -9.899612     0.965444 
2455665.857458 0.000000 0.000000   -10.514656     1.033893 
2455666.788756 0.000000 0.000000    -9.839506     1.130810 
2455667.720054 0.000000 0.000000    -7.827255     1.339489 
2455668.651352 0.000000 0.000000    -5.243639     1.552240 
2455669.582650 0.000000 0.000000    -3.370198     1.638131 
2455670.513948 0.000000 0.000000    -3.288081     1.530321 
2455671.445245 0.000000 0.000000    -5.179777     1.206625 
2455672.376543 0.000000 0.000000    -8.133824     0.681038 
2455673.307841 0.000000 0.000000   -10.634028     0.695188 
2455674.239139 0.000000 0.000000   -11.452435     0.767197 
2455675.170437 0.000000 0.000000   -10.371129     0.606041 
2455676.101735 0.000000 0.000000    -8.255403     0.879145 
2455677.033033 0.000000 0.000000    -6.436678     1.084378 
2455677.964330 0.000000 0.000000    -5.834395     1.055735 
2455678.895628 0.000000 0.000000    -6.415676     0.840762 
2455679.826926 0.000000 0.000000    -7.337708     0.839021 
2455680.758224 0.000000 0.000000    -7.627114     1.058483 
2455681.689522 0.000000 0.000000    -6.882879     1.136201 
2455682.620820 0.000000 0.000000    -5.507934     1.107029 
2455683.552117 0.000000 0.000000    -4.350128     1.138259 
2455684.483415 0.000000 0.000000    -4.070262     1.253460 
2455685.414713 0.000000 0.000000    -4.722785     1.296915 
2455686.346011 0.000000 0.000000    -5.823484     1.216092 
2455687.277309 0.000000 0.000000    -6.776860     1.116763 
2455688.208607 0.000000 0.000000    -7.273814     1.153916 
2455689.139905 0.000000 0.000000    -7.349679     1.211873 
2455690.071202 0.000000 0.000000    -7.126493     1.206457 
2455691.002500 0.000000 0.000000    -6.553047     1.222475 
2455691.933798 0.000000 0.000000    -5.445556     1.287532 
2455692.865096 0.000000 0.000000    -3.827001     1.343138 
2455693.796394 0.000000 0.000000    -2.234418     1.426225 
2455694.727692 0.000000 0.000000    -1.617735     1.557295 
2455695.658990 0.000000 0.000000    -2.767172     1.655089 
2455696.590287 0.000000 0.000000    -5.639181     1.685743 
2455697.521585 0.000000 0.000000    -9.131716     1.695737 
2455698.452883 0.000000 0.000000   -11.594453     1.701072 
2455699.384181 0.000000 0.000000   -11.814526     1.637653 
2455700.315479 0.000000 0.000000    -9.811575     1.463914 
2455701.246777 0.000000 0.000000    -6.850909     1.248615 
2455702.178074 0.000000 0.000000    -4.621668     1.156179 
2455703.109372 0.000000 0.000000    -4.138103     1.151532 
2455704.040670 0.000000 0.000000    -5.137408     1.118087 
2455704.971968 0.000000 0.000000    -6.388371     1.143572 
2455705.903266 0.000000 0.000000    -6.655078     1.274093 
2455706.834564 0.000000 0.000000    -5.587984     1.380097 
2455707.765862 0.000000 0.000000    -3.899037     1.395717 
2455708.697159 0.000000 0.000000    -2.743411     1.350970 
2455709.628457 0.000000 0.000000    -2.829556     1.300785 
2455710.559755 0.000000 0.000000    -3.947291     1.208500 
2455711.491053 0.000000 0.000000    -5.228458     0.972087 
2455712.422351 0.000000 0.000000    -5.858902     0.656581 
2455713.353649 0.000000 0.000000    -5.631841     0.884175 
2455714.284947 0.000000 0.000000    -4.923703     0.974243 
2455715.216244 0.000000 0.000000    -4.199249     0.820934 
2455716.147542 0.000000 0.000000    -3.554089     0.885126 
2455717.078840 0.000000 0.000000    -2.736303     1.111753 
2455718.010138 0.000000 0.000000    -1.619715     1.137001 
2455718.941436 0.000000 0.000000    -0.647951     1.159309 
2455719.872734 0.000000 0.000000    -0.744497     1.465228 
2455720.804032 0.000000 0.000000    -2.636890     1.766384 
2455721.735329 0.000000 0.000000    -6.098306     1.933147 
2455722.666627 0.000000 0.000000    -9.777847     1.990763 
2455723.597925 0.000000 0.000000   -11.886800     1.974925 
2455724.529223 0.000000 0.000000   -11.328522     1.869649 
2455725.460521 0.000000 0.000000    -8.455873     1.633293 
2455726.391819 0.000000 0.000000    -4.866768     1.251053 
2455727.323116 0.000000 0.000000    -2.356049     0.822382 
2455728.254414 0.000000 0.000000    -1.780997     0.888893 
2455729.185712 0.000000 0.000000    -2.657247     1.016411 
2455730.117010 0.000000 0.000000    -3.729141     1.033291 
2455731.048308 0.000000 0.000000    -4.009685     1.138389 
2455731.979606 0.000000 0.000000    -3.457920     1.311828 
2455732.910904 0.000000 0.000000    -2.807194     1.375212 
2455733.842201 0.000000 0.000000    -2.776845     1.251455 
2455734.773499 0.000000 0.000000    -3.391588     0.967207 
2455735.704797 0.000000 0.000000    -3.996109     0.903455 
2455736.636095 0.000000 0.000000    -3.918842     1.116429 
2455737.567393 0.000000 0.000000    -3.159895     1.208292 
2455738.498691 0.000000 0.000000    -2.455420     1.209633 
2455739.429989 0.000000 0.000000    -2.627378     1.256231 
2455740.361286 0.000000 0.000000    -3.782659     1.398751 
2455741.292584 0.000000 0.000000    -5.100957     1.520621 
2455742.223882 0.000000 0.000000    -5.470650     1.509660 
2455743.155180 0.000000 0.000000    -4.487224     1.338047 
2455744.086478 0.000000 0.000000    -2.958990     1.195184 
2455745.017776 0.000000 0.000000    -2.415312     1.375545 
2455745.949073 0.000000 0.000000    -3.925164     1.586251 
2455746.880371 0.000000 0.000000    -7.142630     1.698689 
2455747.811669 0.000000 0.000000   -10.376517     1.749290 
2455748.742967 0.000000 0.000000   -11.698571     1.736113 
2455749.674265 0.000000 0.000000   -10.278608     1.613880 
2455750.605563 0.000000 0.000000    -6.938602     1.384975 
2455751.536861 0.000000 0.000000    -3.521040     1.157861 
2455752.468158 0.000000 0.000000    -1.587446     1.041162 
2455753.399456 0.000000 0.000000    -1.457819     0.930647 
2455754.330754 0.000000 0.000000    -2.278732     0.784012 
2455755.262052 0.000000 0.000000    -2.948670     0.765583 
2455756.193350 0.000000 0.000000    -3.053018     0.886775 
2455757.124648 0.000000 0.000000    -3.022479     1.013728 
2455758.055946 0.000000 0.000000    -3.454700     1.063583 
2455758.987243 0.000000 0.000000    -4.293759     1.025639 
2455759.918541 0.000000 0.000000    -4.689158     1.056596 
2455760.849839 0.000000 0.000000    -3.738971     1.220308 
2455761.781137 0.000000 0.000000    -1.491984     1.341835 
2455762.712435 0.000000 0.000000     0.728187     1.373778 
2455763.643733 0.000000 0.000000     1.103288     1.397924 
2455764.575030 0.000000 0.000000    -1.303815     1.511769 
2455765.506328 0.000000 0.000000    -5.661990     1.670660 
2455766.437626 0.000000 0.000000    -9.757783     1.750616 
2455767.368924 0.000000 0.000000   -11.463763     1.657496 
2455768.300222 0.000000 0.000000   -10.220694     1.346640 
2455769.231520 0.000000 0.000000    -7.405685     0.922239 
2455770.162818 0.000000 0.000000    -5.291548     1.052343 
2455771.094115 0.000000 0.000000    -5.380808     1.212094 
2455772.025413 0.000000 0.000000    -7.369237     1.231726 
2455772.956711 0.000000 0.000000    -9.488860     1.307565 
2455773.888009 0.000000 0.000000    -9.908045     1.360967 
2455774.819307 0.000000 0.000000    -8.079076     1.217201 
2455775.750605 0.000000 0.000000    -5.028301     0.856518 
2455776.681903 0.000000 0.000000    -2.461321     0.841585 
2455777.613200 0.000000 0.000000    -1.477056     1.050396 
2455778.544498 0.000000 0.000000    -1.916950     1.059791 
2455779.475796 0.000000 0.000000    -2.774168     1.005782 
2455780.407094 0.000000 0.000000    -3.190186     0.967056 
2455781.338392 0.000000 0.000000    -3.126811     0.858011 
2455782.269690 0.000000 0.000000    -3.161755     0.741413 
2455783.200988 0.000000 0.000000    -3.673547     0.770890 
2455784.132285 0.000000 0.000000    -4.237765     0.805513 
2455785.063583 0.000000 0.000000    -3.869284     0.926794 
2455785.994881 0.000000 0.000000    -1.975598     1.092977 
2455786.926179 0.000000 0.000000     0.800683     1.164292 
2455787.857477 0.000000 0.000000     2.670480     1.182622 
2455788.788775 0.000000 0.000000     1.815549     1.250283 
2455789.720072 0.000000 0.000000    -2.234644     1.330230 
2455790.651370 0.000000 0.000000    -8.029596     1.385683 
2455791.582668 0.000000 0.000000   -12.944785     1.438102 
2455792.513966 0.000000 0.000000   -14.785631     1.433839 
2455793.445264 0.000000 0.000000   -13.130688     1.308625 
2455794.376562 0.000000 0.000000    -9.477567     1.186306 
2455795.307860 0.000000 0.000000    -6.130873     1.308057 
2455796.239157 0.000000 0.000000    -4.669193     1.471063 
2455797.170455 0.000000 0.000000    -5.076466     1.546146 
2455798.101753 0.000000 0.000000    -6.067695     1.549172 
2455799.033051 0.000000 0.000000    -6.239339     1.449516 
2455799.964349 0.000000 0.000000    -5.122214     1.172447 
2455800.895647 0.000000 0.000000    -3.391513     0.691930 
2455801.826945 0.000000 0.000000    -2.197261     0.783484 
2455802.758242 0.000000 0.000000    -2.235083     0.906175 
2455803.689540 0.000000 0.000000    -3.290033     0.720634 
2455804.620838 0.000000 0.000000    -4.527410     0.626234 
2455805.552136 0.000000 0.000000    -5.191473     0.796734 
2455806.483434 0.000000 0.000000    -5.102675     0.735554 
2455807.414732 0.000000 0.000000    -4.593956     0.618815 
2455808.346029 0.000000 0.000000    -4.040732     0.742064 
2455809.277327 0.000000 0.000000    -3.468984     0.743285 
2455810.208625 0.000000 0.000000    -2.610333     0.716178 
2455811.139923 0.000000 0.000000    -1.338880     0.897138 
2455812.071221 0.000000 0.000000    -0.059071     1.018988 
2455813.002519 0.000000 0.000000     0.368207     1.032321 
2455813.933817 0.000000 0.000000    -0.811661     1.004904 
2455814.865114 0.000000 0.000000    -3.599320     0.923084 
2455815.796412 0.000000 0.000000    -7.029879     0.756936 
2455816.727710 0.000000 0.000000    -9.619569     0.831414 
2455817.659008 0.000000 0.000000   -10.207515     1.025086 
2455818.590306 0.000000 0.000000    -8.631902     1.056210 
2455819.521604 0.000000 0.000000    -5.791898     1.025866 
2455820.452902 0.000000 0.000000    -3.075519     1.199388 
2455821.384199 0.000000 0.000000    -1.556014     1.424321 
2455822.315497 0.000000 0.000000    -1.477042     1.528889 
2455823.246795 0.000000 0.000000    -2.303474     1.493943 
2455824.178093 0.000000 0.000000    -3.215550     1.361632 
2455825.109391 0.000000 0.000000    -3.661167     1.241776 
2455826.040689 0.000000 0.000000    -3.613400     1.270493 
2455826.971986 0.000000 0.000000    -3.438857     1.378234 
2455827.903284 0.000000 0.000000    -3.552244     1.433258 
2455828.834582 0.000000 0.000000    -4.129151     1.416909 
2455829.765880 0.000000 0.000000    -5.043488     1.388014 
2455830.697178 0.000000 0.000000    -6.005819     1.376027 
2455831.628476 0.000000 0.000000    -6.754349     1.310797 
2455832.559774 0.000000 0.000000    -7.160494     1.119276 
2455833.491071 0.000000 0.000000    -7.212706     0.791490 
2455834.422369 0.000000 0.000000    -6.938828     0.461892 
2455835.353667 0.000000 0.000000    -6.351904     0.499595 
2455836.284965 0.000000 0.000000    -5.460186     0.500211 
2455837.216263 0.000000 0.000000    -4.319849     0.597298 
2455838.147561 0.000000 0.000000    -3.076750     0.624710 
2455839.078859 0.000000 0.000000    -1.954562     0.566523 
2455840.010156 0.000000 0.000000    -1.183198     0.664929 
2455840.941454 0.000000 0.000000    -0.899101     0.730423 
2455841.872752 0.000000 0.000000    -1.070311     0.659350 
2455842.804050 0.000000 0.000000    -1.495156     0.684491 
2455843.735348 0.000000 0.000000    -1.892006     0.778212 
2455844.666646 0.000000 0.000000    -2.046980     0.742591 
2455845.597944 0.000000 0.000000    -1.941254     0.845355 
2455846.529241 0.000000 0.000000    -1.773655     1.077756 
2455847.460539 0.000000 0.000000    -1.845942     1.160520 
2455848.391837 0.000000 0.000000    -2.365487     1.100922 
2455849.323135 0.000000 0.000000    -3.285758     1.145996 
2455850.254433 0.000000 0.000000    -4.295405     1.338675 
2455851.185731 0.000000 0.000000    -4.976993     1.458071 
2455852.117028 0.000000 0.000000    -5.043648     1.480938 
2455853.048326 0.000000 0.000000    -4.507264     1.490318 
2455853.979624 0.000000 0.000000    -3.677550     1.531458 
2455854.910922 0.000000 0.000000    -3.003779     1.565791 
2455855.842220 0.000000 0.000000    -2.866296     1.551025 
2455856.773518 0.000000 0.000000    -3.434495     1.476612 
2455857.704816 0.000000 0.000000    -4.635923     1.384164 
2455858.636113 0.000000 0.000000    -6.197450     1.367407 
2455859.567411 0.000000 0.000000    -7.697498     1.431387 
2455860.498709 0.000000 0.000000    -8.618593     1.494574 
2455861.430007 0.000000 0.000000    -8.449424     1.535701 
2455862.361305 0.000000 0.000000    -6.878060     1.563836 
2455863.292603 0.000000 0.000000    -4.027761     1.569936 
2455864.223901 0.000000 0.000000    -0.586040     1.557647 
2455865.155198 0.000000 0.000000     2.329027     1.552240 
2455866.086496 0.000000 0.000000     3.590194     1.548022 
2455867.017794 0.000000 0.000000     2.596018     1.498292 
2455867.949092 0.000000 0.000000    -0.378102     1.352035 
2455868.880390 0.000000 0.000000    -4.248130     1.058522 
2455869.811688 0.000000 0.000000    -7.612648     0.614027 
2455870.742985 0.000000 0.000000    -9.413232     0.912280 
2455871.674283 0.000000 0.000000    -9.398884     1.134606 
2455872.605581 0.000000 0.000000    -8.143389     1.079242 
2455873.536879 0.000000 0.000000    -6.630923     0.779361 
2455874.468177 0.000000 0.000000    -5.671815     0.900425 
2455875.399475 0.000000 0.000000    -5.485798     1.207159 
2455876.330773 0.000000 0.000000    -5.663240     1.263418 
2455877.262070 0.000000 0.000000    -5.483233     1.068413 
2455878.193368 0.000000 0.000000    -4.378922     0.873396 
2455879.124666 0.000000 0.000000    -2.292556     1.162268 
2455880.055964 0.000000 0.000000     0.246301     1.340476 
2455880.987262 0.000000 0.000000     2.333811     1.309376 
2455881.918560 0.000000 0.000000     3.084142     1.300167 
2455882.849858 0.000000 0.000000     2.032633     1.575774 
2455883.781155 0.000000 0.000000    -0.608958     1.872059 
2455884.712453 0.000000 0.000000    -3.952153     2.049364 
2455885.643751 0.000000 0.000000    -6.713764     2.127780 
2455886.575049 0.000000 0.000000    -7.707074     2.161892 
2455887.506347 0.000000 0.000000    -6.368057     2.179632 
2455888.437645 0.000000 0.000000    -3.087252     2.181377 
2455889.368943 0.000000 0.000000     0.840558     2.174110 
2455890.300240 0.000000 0.000000     3.685912     2.171278 
2455891.231538 0.000000 0.000000     4.005697     2.162894 
2455892.162836 0.000000 0.000000     1.296125     2.105632 
2455893.094134 0.000000 0.000000    -3.742800     1.949777 
2455894.025432 0.000000 0.000000    -9.480357     1.696687 
2455894.956730 0.000000 0.000000   -14.050614     1.519680 
2455895.888027 0.000000 0.000000   -16.139652     1.616080 
2455896.819325 0.000000 0.000000   -15.487365     1.733592 
2455897.750623 0.000000 0.000000   -12.876891     1.707778 
2455898.681921 0.000000 0.000000    -9.648673     1.610663 
2455899.613219 0.000000 0.000000    -7.010054     1.631965 
2455900.544517 0.000000 0.000000    -5.493778     1.754745 
2455901.475815 0.000000 0.000000    -4.816667     1.815369 
2455902.407112 0.000000 0.000000    -4.169998     1.784625 
2455903.338410 0.000000 0.000000    -2.757213     1.758996 
2455904.269708 0.000000 0.000000    -0.289478     1.810895 
2455905.201006 0.000000 0.000000     2.806012     1.857819 
2455906.132304 0.000000 0.000000     5.554575     1.837550 
2455907.063602 0.000000 0.000000     6.887246     1.852921 
2455907.994900 0.000000 0.000000     6.161653     2.022116 
2455908.926197 0.000000 0.000000     3.511298     2.237129 
2455909.857495 0.000000 0.000000    -0.137981     2.379736 
2455910.788793 0.000000 0.000000    -3.405577     2.441894 
2455911.720091 0.000000 0.000000    -5.020778     2.464215 
2455912.651389 0.000000 0.000000    -4.384793     2.473999 
2455913.582687 0.000000 0.000000    -1.883459     2.474945 
2455914.513984 0.000000 0.000000     1.210640     2.471877 
2455915.445282 0.000000 0.000000     3.240506     2.471885 
2455916.376580 0.000000 0.000000     2.877842     2.464751 
2455917.307878 0.000000 0.000000    -0.266964     2.422273 
2455918.239176 0.000000 0.000000    -5.431701     2.324115 
2455919.170474 0.000000 0.000000   -11.007347     2.196902 
2455920.101772 0.000000 0.000000   -15.230380     2.129064 
2455921.033069 0.000000 0.000000   -16.930005     2.164028 
2455921.964367 0.000000 0.000000   -15.964766     2.215199 
2455922.895665 0.000000 0.000000   -13.147732     2.208739 
2455923.826963 0.000000 0.000000    -9.734856     2.171429 
2455924.758261 0.000000 0.000000    -6.778765     2.174775 
2455925.689559 0.000000 0.000000    -4.697372     2.221823 
2455926.620857 0.000000 0.000000    -3.252473     2.255604 
2455927.552154 0.000000 0.000000    -1.882231     2.256035 
2455928.483452 0.000000 0.000000    -0.142963     2.252839 
2455929.414750 0.000000 0.000000     2.003091     2.267287 
2455930.346048 0.000000 0.000000     4.179111     2.278784 
2455931.277346 0.000000 0.000000     5.807402     2.271823 
2455932.208644 0.000000 0.000000     6.386345     2.280408 
2455933.139941 0.000000 0.000000     5.693211     2.344647 
2455934.071239 0.000000 0.000000     3.866453     2.439178 
2455935.002537 0.000000 0.000000     1.388495     2.511635 
2455935.933835 0.000000 0.000000    -1.011991     2.548523 
2455936.865133 0.000000 0.000000    -2.552677     2.567451 
2455937.796431 0.000000 0.000000    -2.688292     2.579370 
2455938.727729 0.000000 0.000000    -1.418198     2.583026 
2455939.659026 0.000000 0.000000     0.565002     2.582894 
2455940.590324 0.000000 0.000000     2.056021     2.582933 
2455941.521622 0.000000 0.000000     1.857439     2.570077 
2455942.452920 0.000000 0.000000    -0.585668     2.527316 
2455943.384218 0.000000 0.000000    -4.804687     2.458529 
2455944.315516 0.000000 0.000000    -9.454843     2.392708 
2455945.246814 0.000000 0.000000   -12.958812     2.363886 
2455946.178111 0.000000 0.000000   -14.286974     2.376930 
2455947.109409 0.000000 0.000000   -13.404783     2.397786 
2455948.040707 0.000000 0.000000   -11.125373     2.392422 
2455948.972005 0.000000 0.000000    -8.500128     2.364955 
2455949.903303 0.000000 0.000000    -6.182571     2.346870 
2455950.834601 0.000000 0.000000    -4.189984     2.349285 
2455951.765899 0.000000 0.000000    -2.171752     2.353288 
2455952.697196 0.000000 0.000000     0.086480     2.349736 
2455953.628494 0.000000 0.000000     2.348709     2.349298 
2455954.559792 0.000000 0.000000     4.047600     2.355932 
2455955.491090 0.000000 0.000000     4.713444     2.360839 
2455956.422388 0.000000 0.000000     4.338736     2.363692 
2455957.353686 0.000000 0.000000     3.370658     2.378580 
2455958.284983 0.000000 0.000000     2.347781     2.412365 
2455959.216281 0.000000 0.000000     1.503847     2.450488 
2455960.147579 0.000000 0.000000     0.687867     2.479313 
2455961.078877 0.000000 0.000000    -0.332206     2.508841 
2455962.010175 0.000000 0.000000    -1.467856     2.550595 
2455962.941473 0.000000 0.000000    -2.210720     2.588086 
2455963.872771 0.000000 0.000000    -1.994162     2.603037 
2455964.804068 0.000000 0.000000    -0.761992     2.605900 
2455965.735366 0.000000 0.000000     0.743922     2.604078 
2455966.666664 0.000000 0.000000     1.299150     2.568874 
2455967.597962 0.000000 0.000000    -0.027320     2.476893 
2455968.529260 0.000000 0.000000    -3.178635     2.360096 
2455969.460558 0.000000 0.000000    -7.035237     2.281121 
2455970.391856 0.000000 0.000000   -10.062015     2.258185 
2455971.323153 0.000000 0.000000   -11.235823     2.264459 
2455972.254451 0.000000 0.000000   -10.588606     2.273815 
2455973.185749 0.000000 0.000000    -8.988830     2.263025 
2455974.117047 0.000000 0.000000    -7.367734     2.223835 
2455975.048345 0.000000 0.000000    -6.018956     2.177757 
2455975.979643 0.000000 0.000000    -4.521825     2.145469 
2455976.910940 0.000000 0.000000    -2.319366     2.121787 
2455977.842238 0.000000 0.000000     0.560890     2.104371 
2455978.773536 0.000000 0.000000     3.278952     2.102374 
2455979.704834 0.000000 0.000000     4.680381     2.110345 
2455980.636132 0.000000 0.000000     4.147295     2.117329 
2455981.567430 0.000000 0.000000     2.116033     2.131425 
2455982.498728 0.000000 0.000000    -0.179741     2.166614 
2455983.430025 0.000000 0.000000    -1.566455     2.212334 
2455984.361323 0.000000 0.000000    -1.725564     2.240280 
2455985.292621 0.000000 0.000000    -1.303820     2.254854 
2455986.223919 0.000000 0.000000    -1.263773     2.312515 
2455987.155217 0.000000 0.000000    -2.014278     2.429380 
2455988.086515 0.000000 0.000000    -3.041449     2.532450 
2455989.017813 0.000000 0.000000    -3.352844     2.572904 
2455989.949110 0.000000 0.000000    -2.377044     2.578917 
2455990.880408 0.000000 0.000000    -0.572931     2.572948 
2455991.811706 0.000000 0.000000     0.779538     2.500771 
2455992.743004 0.000000 0.000000     0.480486     2.304515 
2455993.674302 0.000000 0.000000    -1.688457     2.020630 
2455994.605600 0.000000 0.000000    -4.769364     1.802696 
2455995.536897 0.000000 0.000000    -7.294885     1.747230 
2455996.468195 0.000000 0.000000    -8.295477     1.755933 
2455997.399493 0.000000 0.000000    -7.869019     1.762147 
2455998.330791 0.000000 0.000000    -6.901802     1.746226 
2455999.262089 0.000000 0.000000    -6.218149     1.694459 
2456000.193387 0.000000 0.000000    -5.884486     1.631895 
2456001.124685 0.000000 0.000000    -5.241267     1.584356 
2456002.055982 0.000000 0.000000    -3.614980     1.537038 
2456002.987280 0.000000 0.000000    -1.087717     1.495078 
2456003.918578 0.000000 0.000000     1.352356     1.489220 
2456004.849876 0.000000 0.000000     2.445940     1.506867 
2456005.781174 0.000000 0.000000     1.594891     1.523118 
2456006.712472 0.000000 0.000000    -0.655560     1.556414 
2456007.643770 0.000000 0.000000    -2.982209     1.636117 
2456008.575067 0.000000 0.000000    -4.219572     1.730018 
2456009.506365 0.000000 0.000000    -4.137487     1.771337 
2456010.437663 0.000000 0.000000    -3.468227     1.788578 
2456011.368961 0.000000 0.000000    -3.197716     1.938590 
2456012.300259 0.000000 0.000000    -3.717435     2.200781 
2456013.231557 0.000000 0.000000    -4.522857     2.396665 
2456014.162855 0.000000 0.000000    -4.680574     2.467437 
2456015.094152 0.000000 0.000000    -3.657404     2.471189 
2456016.025450 0.000000 0.000000    -1.822792     2.455860 
2456016.956748 0.000000 0.000000    -0.218307     2.361078 
2456017.888046 0.000000 0.000000     0.210342     2.098644 
2456018.819344 0.000000 0.000000    -0.701713     1.644227 
2456019.750642 0.000000 0.000000    -2.268882     1.037187 
2456020.681939 0.000000 0.000000    -3.523059     0.515023 
2456021.613237 0.000000 0.000000    -3.937474     0.650126 
2456022.544535 0.000000 0.000000    -3.732628     0.587992 
2456023.475833 0.000000 0.000000    -3.562822     0.546251 
2456024.407131 0.000000 0.000000    -3.892359     0.585546 
2456025.338429 0.000000 0.000000    -4.597215     0.715385 
2456026.269727 0.000000 0.000000    -5.103713     0.809097 
2456027.201024 0.000000 0.000000    -4.911319     0.781386 
2456028.132322 0.000000 0.000000    -4.038414     0.688200 
2456029.063620 0.000000 0.000000    -3.022377     0.685351 
2456029.994918 0.000000 0.000000    -2.497108     0.742033 
2456030.926216 0.000000 0.000000    -2.718254     0.779208 
2456031.857514 0.000000 0.000000    -3.423300     0.846422 
2456032.788812 0.000000 0.000000    -4.108213     1.003302 
2456033.720109 0.000000 0.000000    -4.451849     1.154521 
2456034.651407 0.000000 0.000000    -4.521694     1.197587 
2456035.582705 0.000000 0.000000    -4.613655     1.241610 
2456036.514003 0.000000 0.000000    -4.905340     1.544233 
2456037.445301 0.000000 0.000000    -5.249124     1.905961 
2456038.376599 0.000000 0.000000    -5.283860     2.135601 
2456039.307896 0.000000 0.000000    -4.749354     2.212561 
2456040.239194 0.000000 0.000000    -3.712732     2.200425 
2456041.170492 0.000000 0.000000    -2.508171     2.163451 
2456042.101790 0.000000 0.000000    -1.456508     2.087649 
2456043.033088 0.000000 0.000000    -0.625847     1.933129 
2456043.964386 0.000000 0.000000     0.152398     1.730809 
2456044.895684 0.000000 0.000000     1.036001     1.581221 
2456045.826981 0.000000 0.000000     1.928316     1.533328 
2456046.758279 0.000000 0.000000     2.469920     1.550959 
2456047.689577 0.000000 0.000000     2.285343     1.588998 
2456048.620875 0.000000 0.000000     1.277788     1.577704 
2456049.552173 0.000000 0.000000    -0.276523     1.455987 
2456050.483471 0.000000 0.000000    -1.906629     1.212314 
2456051.414769 0.000000 0.000000    -3.237902     0.884863 
2456052.346066 0.000000 0.000000    -4.154153     0.592148 
2456053.277364 0.000000 0.000000    -4.723406     0.555000 
2456054.208662 0.000000 0.000000    -5.001037     0.586439 
2456055.139960 0.000000 0.000000    -4.927335     0.612108 
2456056.071258 0.000000 0.000000    -4.428531     0.652091 
2456057.002556 0.000000 0.000000    -3.615355     0.724386 
2456057.933853 0.000000 0.000000    -2.854337     0.829229 
2456058.865151 0.000000 0.000000    -2.584734     0.913992 
2456059.796449 0.000000 0.000000    -2.992560     0.958071 
2456060.727747 0.000000 0.000000    -3.813904     1.045982 
2456061.659045 0.000000 0.000000    -4.467940     1.248463 
2456062.590343 0.000000 0.000000    -4.456629     1.475562 
2456063.521641 0.000000 0.000000    -3.730063     1.642130 
2456064.452938 0.000000 0.000000    -2.714411     1.715012 
2456065.384236 0.000000 0.000000    -1.954451     1.689992 
2456066.315534 0.000000 0.000000    -1.638393     1.600855 
2456067.246832 0.000000 0.000000    -1.390361     1.548239 
2456068.178130 0.000000 0.000000    -0.527019     1.603285 
2456069.109428 0.000000 0.000000     1.384243     1.669073 
2456070.040726 0.000000 0.000000     4.079100     1.656561 
2456070.972023 0.000000 0.000000     6.617559     1.617145 
2456071.903321 0.000000 0.000000     7.896757     1.676153 
2456072.834619 0.000000 0.000000     7.320689     1.792799 
2456073.765917 0.000000 0.000000     5.173576     1.832885 
2456074.697215 0.000000 0.000000     2.449816     1.747206 
2456075.628513 0.000000 0.000000     0.268375     1.554870 
2456076.559811 0.000000 0.000000    -0.730836     1.287930 
2456077.491108 0.000000 0.000000    -0.631033     0.947475 
2456078.422406 0.000000 0.000000    -0.020641     0.553972 
2456079.353704 0.000000 0.000000     0.472955     0.631998 
2456080.285002 0.000000 0.000000     0.552756     0.657395 
2456081.216300 0.000000 0.000000     0.304532     0.573020 
2456082.147598 0.000000 0.000000    -0.025739     0.832726 
2456083.078895 0.000000 0.000000    -0.295707     1.001064 
2456084.010193 0.000000 0.000000    -0.550637     0.959802 
2456084.941491 0.000000 0.000000    -0.890139     0.731820 
2456085.872789 0.000000 0.000000    -1.274296     0.617048 
2456086.804087 0.000000 0.000000    -1.472877     0.719074 
2456087.735385 0.000000 0.000000    -1.228297     0.672311 
2456088.666683 0.000000 0.000000    -0.503506     0.779672 
2456089.597980 0.000000 0.000000     0.411811     1.008735 
2456090.529278 0.000000 0.000000     1.069568     1.082957 
2456091.460576 0.000000 0.000000     1.216489     0.963256 
2456092.391874 0.000000 0.000000     1.063961     0.858209 
2456093.323172 0.000000 0.000000     1.224516     1.101522 
2456094.254470 0.000000 0.000000     2.291653     1.277835 
2456095.185768 0.000000 0.000000     4.323172     1.271423 
2456096.117065 0.000000 0.000000     6.614026     1.224799 
2456097.048363 0.000000 0.000000     7.993124     1.384566 
2456097.979661 0.000000 0.000000     7.525977     1.584117 
2456098.910959 0.000000 0.000000     5.188395     1.662550 
2456099.842257 0.000000 0.000000     2.034712     1.641431 
2456100.773555 0.000000 0.000000    -0.319639     1.586435 
2456101.704852 0.000000 0.000000    -0.625006     1.490756 
2456102.636150 0.000000 0.000000     1.245959     1.326814 
2456103.567448 0.000000 0.000000     4.213357     1.209703 
2456104.498746 0.000000 0.000000     6.647010     1.245290 
2456105.430044 0.000000 0.000000     7.339631     1.269823 
2456106.361342 0.000000 0.000000     6.159649     1.269888 
2456107.292640 0.000000 0.000000     3.978882     1.363870 
2456108.223937 0.000000 0.000000     1.982910     1.473308 
2456109.155235 0.000000 0.000000     0.892861     1.490638 
2456110.086533 0.000000 0.000000     0.648127     1.447344 
2456111.017831 0.000000 0.000000     0.712661     1.454887 
2456111.949129 0.000000 0.000000     0.678328     1.513946 
2456112.880427 0.000000 0.000000     0.631700     1.500041 
2456113.811725 0.000000 0.000000     0.985253     1.321312 
2456114.743022 0.000000 0.000000     1.952788     0.944813 
2456115.674320 0.000000 0.000000     3.170993     0.656272 
2456116.605618 0.000000 0.000000     3.856043     0.871863 
2456117.536916 0.000000 0.000000     3.417993     0.826231 
2456118.468214 0.000000 0.000000     2.024725     0.705448 
2456119.399512 0.000000 0.000000     0.591781     0.892692 
2456120.330810 0.000000 0.000000     0.121684     0.953105 
2456121.262107 0.000000 0.000000     0.877866     0.876516 
2456122.193405 0.000000 0.000000     2.080120     0.988387 
2456123.124703 0.000000 0.000000     2.444560     1.148459 
2456124.056001 0.000000 0.000000     1.218078     1.195142 
2456124.987299 0.000000 0.000000    -1.088434     1.262297 
2456125.918597 0.000000 0.000000    -2.894880     1.402529 
2456126.849894 0.000000 0.000000    -2.611161     1.465511 
2456127.781192 0.000000 0.000000     0.189119     1.395772 
2456128.712490 0.000000 0.000000     4.362075     1.300444 
2456129.643788 0.000000 0.000000     7.884508     1.337243 
2456130.575086 0.000000 0.000000     9.152480     1.425183 
2456131.506384 0.000000 0.000000     7.945964     1.460808 
2456132.437682 0.000000 0.000000     5.389410     1.484386 
2456133.368979 0.000000 0.000000     3.014389     1.560592 
2456134.300277 0.000000 0.000000     1.694711     1.651210 
2456135.231575 0.000000 0.000000     1.257421     1.704377 
2456136.162873 0.000000 0.000000     0.972605     1.744054 
2456137.094171 0.000000 0.000000     0.400701     1.787649 
2456138.025469 0.000000 0.000000    -0.175421     1.761677 
2456138.956767 0.000000 0.000000    -0.094531     1.582222 
2456139.888064 0.000000 0.000000     0.908787     1.245596 
2456140.819362 0.000000 0.000000     2.237065     0.960739 
2456141.750660 0.000000 0.000000     2.746296     0.997712 
2456142.681958 0.000000 0.000000     1.632644     0.999459 
2456143.613256 0.000000 0.000000    -0.847760     0.973608 
2456144.544554 0.000000 0.000000    -3.463515     1.033463 
2456145.475851 0.000000 0.000000    -4.880188     1.053588 
2456146.407149 0.000000 0.000000    -4.639229     0.992897 
2456147.338447 0.000000 0.000000    -3.452681     0.905793 
2456148.269745 0.000000 0.000000    -2.570535     0.799281 
2456149.201043 0.000000 0.000000    -2.734659     0.821312 
2456150.132341 0.000000 0.000000    -3.571225     1.057027 
2456151.063639 0.000000 0.000000    -3.911376     1.224542 
2456151.994936 0.000000 0.000000    -2.768756     1.235174 
2456152.926234 0.000000 0.000000    -0.173212     1.085744 
2456153.857532 0.000000 0.000000     2.805628     0.852948 
2456154.788830 0.000000 0.000000     4.837918     0.889882 
2456155.720128 0.000000 0.000000     5.265389     1.075306 
2456156.651426 0.000000 0.000000     4.448575     1.151779 
2456157.582724 0.000000 0.000000     3.312748     1.174310 
2456158.514021 0.000000 0.000000     2.542676     1.248731 
2456159.445319 0.000000 0.000000     2.125271     1.333719 
2456160.376617 0.000000 0.000000     1.581954     1.369692 
2456161.307915 0.000000 0.000000     0.605134     1.410052 
2456162.239213 0.000000 0.000000    -0.528522     1.477788 
2456163.170511 0.000000 0.000000    -1.162367     1.473675 
2456164.101808 0.000000 0.000000    -0.891439     1.317163 
2456165.033106 0.000000 0.000000    -0.025237     1.005906 
2456165.964404 0.000000 0.000000     0.576703     0.638868 
2456166.895702 0.000000 0.000000     0.193665     0.568113 
2456167.827000 0.000000 0.000000    -1.129997     0.584849 
2456168.758298 0.000000 0.000000    -2.579370     0.638606 
2456169.689596 0.000000 0.000000    -3.214655     0.704371 
2456170.620893 0.000000 0.000000    -2.729381     0.693899 
2456171.552191 0.000000 0.000000    -1.673446     0.680685 
2456172.483489 0.000000 0.000000    -0.948473     0.715345 
2456173.414787 0.000000 0.000000    -1.012636     0.783721 
2456174.346085 0.000000 0.000000    -1.487785     0.913849 
2456175.277383 0.000000 0.000000    -1.515343     1.035677 
2456176.208681 0.000000 0.000000    -0.554367     1.085417 
2456177.139978 0.000000 0.000000     1.078073     1.077575 
2456178.071276 0.000000 0.000000     2.410966     1.048980 
2456179.002574 0.000000 0.000000     2.612901     0.975665 
2456179.933872 0.000000 0.000000     1.702351     0.799979 
2456180.865170 0.000000 0.000000     0.559363     0.632226 
2456181.796468 0.000000 0.000000     0.213469     0.849680 
2456182.727766 0.000000 0.000000     1.001647     1.032218 
2456183.659063 0.000000 0.000000     2.305612     1.062682 
2456184.590361 0.000000 0.000000     3.087417     0.932206 
2456185.521659 0.000000 0.000000     2.764849     0.650540 
2456186.452957 0.000000 0.000000     1.683535     0.600335 
2456187.384255 0.000000 0.000000     0.793773     0.794009 
2456188.315553 0.000000 0.000000     0.823709     0.809312 
2456189.246850 0.000000 0.000000     1.668847     0.680138 
2456190.178148 0.000000 0.000000     2.524015     0.626318 
2456191.109446 0.000000 0.000000     2.636975     0.774410 
2456192.040744 0.000000 0.000000     2.021132     0.870399 
2456192.972042 0.000000 0.000000     1.495350     0.866998 
2456193.903340 0.000000 0.000000     1.996966     0.770280 
2456194.834638 0.000000 0.000000     3.744401     0.632465 
2456195.765935 0.000000 0.000000     5.967659     0.612715 
2456196.697233 0.000000 0.000000     7.454692     0.654224 
2456197.628531 0.000000 0.000000     7.476580     0.665419 
2456198.559829 0.000000 0.000000     6.333925     0.767575 
2456199.491127 0.000000 0.000000     5.079791     0.916049 
2456200.422425 0.000000 0.000000     4.655003     0.993812 
2456201.353723 0.000000 0.000000     5.149268     0.974366 
2456202.285020 0.000000 0.000000     5.783667     0.873768 
2456203.216318 0.000000 0.000000     5.605716     0.719542 
2456204.147616 0.000000 0.000000     4.308395     0.548548 
2456205.078914 0.000000 0.000000     2.504735     0.492837 
2456206.010212 0.000000 0.000000     1.256546     0.571373 
2456206.941510 0.000000 0.000000     1.264717     0.617028 
2456207.872807 0.000000 0.000000     2.377043     0.608071 
2456208.804105 0.000000 0.000000     3.775756     0.570193 
2456209.735403 0.000000 0.000000     4.643743     0.539504 
2456210.666701 0.000000 0.000000     4.750805     0.526077 
2456211.597999 0.000000 0.000000     4.520221     0.551462 
2456212.529297 0.000000 0.000000     4.592065     0.668045 
2456213.460595 0.000000 0.000000     5.290951     0.793927 
2456214.391892 0.000000 0.000000     6.423677     0.842586 
2456215.323190 0.000000 0.000000     7.507701     0.788029 
2456216.254488 0.000000 0.000000     8.173174     0.665084 
2456217.185786 0.000000 0.000000     8.388968     0.604396 
2456218.117084 0.000000 0.000000     8.374089     0.643625 
2456219.048382 0.000000 0.000000     8.345544     0.678702 
2456219.979680 0.000000 0.000000     8.360572     0.715656 
2456220.910977 0.000000 0.000000     8.367903     0.789292 
2456221.842275 0.000000 0.000000     8.359122     0.894960 
2456222.773573 0.000000 0.000000     8.425435     0.985489 
2456223.704871 0.000000 0.000000     8.645978     1.041340 
2456224.636169 0.000000 0.000000     8.928656     1.131202 
2456225.567467 0.000000 0.000000     8.991936     1.301412 
2456226.498764 0.000000 0.000000     8.547526     1.469092 
2456227.430062 0.000000 0.000000     7.543345     1.564726 
2456228.361360 0.000000 0.000000     6.249699     1.583390 
2456229.292658 0.000000 0.000000     5.098418     1.554271 
2456230.223956 0.000000 0.000000     4.401386     1.514411 
2456231.155254 0.000000 0.000000     4.180947     1.506767 
2456232.086552 0.000000 0.000000     4.241161     1.550428 
2456233.017849 0.000000 0.000000     4.391998     1.598933 
2456233.949147 0.000000 0.000000     4.610245     1.601198 
2456234.880445 0.000000 0.000000     4.999226     1.562597 
2456235.811743 0.000000 0.000000     5.616085     1.529458 
2456236.743041 0.000000 0.000000     6.367862     1.533084 
2456237.674339 0.000000 0.000000     7.101928     1.563435 
2456238.605637 0.000000 0.000000     7.800810     1.587835 
2456239.536934 0.000000 0.000000     8.650515     1.579055 
2456240.468232 0.000000 0.000000     9.844088     1.549299 
2456241.399530 0.000000 0.000000    11.248620     1.541599 
2456242.330828 0.000000 0.000000    12.259488     1.554964 
2456243.262126 0.000000 0.000000    12.077251     1.546910 
2456244.193424 0.000000 0.000000    10.298295     1.516334 
2456245.124722 0.000000 0.000000     7.386691     1.509247 
2456246.056019 0.000000 0.000000     4.593530     1.551542 
2456246.987317 0.000000 0.000000     3.267395     1.617570 
2456247.918615 0.000000 0.000000     3.985349     1.666358 
2456248.849913 0.000000 0.000000     6.132191     1.691210 
2456249.781211 0.000000 0.000000     8.272483     1.751772 
2456250.712509 0.000000 0.000000     9.084209     1.892957 
2456251.643806 0.000000 0.000000     8.196064     2.050764 
2456252.575104 0.000000 0.000000     6.335713     2.151908 
2456253.506402 0.000000 0.000000     4.714418     2.184487 
2456254.437700 0.000000 0.000000     4.142201     2.173684 
2456255.368998 0.000000 0.000000     4.542030     2.150077 
2456256.300296 0.000000 0.000000     5.183001     2.143749 
2456257.231594 0.000000 0.000000     5.373243     2.169103 
2456258.162891 0.000000 0.000000     5.014677     2.200483 
2456259.094189 0.000000 0.000000     4.586722     2.204132 
2456260.025487 0.000000 0.000000     4.636185     2.182854 
2456260.956785 0.000000 0.000000     5.265211     2.165566 
2456261.888083 0.000000 0.000000     6.079900     2.167173 
2456262.819381 0.000000 0.000000     6.626049     2.177592 
2456263.750679 0.000000 0.000000     6.883739     2.179412 
2456264.681976 0.000000 0.000000     7.324257     2.165734 
2456265.613274 0.000000 0.000000     8.422001     2.152108 
2456266.544572 0.000000 0.000000    10.029238     2.158066 
2456267.475870 0.000000 0.000000    11.206740     2.170997 
2456268.407168 0.000000 0.000000    10.769366     2.164199 
2456269.338466 0.000000 0.000000     8.205185     2.141731 
2456270.269763 0.000000 0.000000     4.256908     2.133029 
2456271.201061 0.000000 0.000000     0.645849     2.150901 
2456272.132359 0.000000 0.000000    -0.949171     2.179730 
2456273.063657 0.000000 0.000000     0.038859     2.200082 
2456273.994955 0.000000 0.000000     2.713415     2.212129 
2456274.926253 0.000000 0.000000     5.332807     2.242739 
2456275.857551 0.000000 0.000000     6.447226     2.312391 
2456276.788848 0.000000 0.000000     5.748093     2.396283 
2456277.720146 0.000000 0.000000     4.076751     2.454442 
2456278.651444 0.000000 0.000000     2.682864     2.475293 
2456279.582742 0.000000 0.000000     2.346892     2.472078 
2456280.514040 0.000000 0.000000     2.998300     2.461533 
2456281.445338 0.000000 0.000000     4.004403     2.457451 
2456282.376636 0.000000 0.000000     4.775176     2.466499 
2456283.307933 0.000000 0.000000     5.151114     2.479196 
2456284.239231 0.000000 0.000000     5.317137     2.481221 
2456285.170529 0.000000 0.000000     5.436057     2.473302 
2456286.101827 0.000000 0.000000     5.418049     2.467247 
2456287.033125 0.000000 0.000000     5.061610     2.468481 
2456287.964423 0.000000 0.000000     4.405760     2.471968 
2456288.895720 0.000000 0.000000     3.897592     2.469892 
2456289.827018 0.000000 0.000000     4.127558     2.460738 
2456290.758316 0.000000 0.000000     5.291683     2.454082 
2456291.689614 0.000000 0.000000     6.840065     2.458714 
2456292.620912 0.000000 0.000000     7.680322     2.466444 
2456293.552210 0.000000 0.000000     6.873055     2.463616 
2456294.483508 0.000000 0.000000     4.334682     2.453141 
2456295.414805 0.000000 0.000000     1.009205     2.449508 
2456296.346103 0.000000 0.000000    -1.654015     2.457565 
2456297.277401 0.000000 0.000000    -2.565852     2.469320 
2456298.208699 0.000000 0.000000    -1.608881     2.477020 
2456299.139997 0.000000 0.000000     0.396720     2.481959 
2456300.071295 0.000000 0.000000     2.283546     2.494091 
2456301.002593 0.000000 0.000000     3.224035     2.520403 
2456301.933890 0.000000 0.000000     3.065279     2.552623 
2456302.865188 0.000000 0.000000     2.198511     2.575441 
2456303.796486 0.000000 0.000000     1.201119     2.583445 
2456304.727784 0.000000 0.000000     0.570868     2.581637 
2456305.659082 0.000000 0.000000     0.666580     2.575126 
2456306.590380 0.000000 0.000000     1.716450     2.566340 
2456307.521678 0.000000 0.000000     3.713984     2.558332 
2456308.452975 0.000000 0.000000     6.224093     2.553887 
2456309.384273 0.000000 0.000000     8.343328     2.552931 
2456310.315571 0.000000 0.000000     9.034950     2.553615 
2456311.246869 0.000000 0.000000     7.753890     2.555069 
2456312.178167 0.000000 0.000000     4.942143     2.557761 
2456313.109465 0.000000 0.000000     1.943950     2.559848 
2456314.040762 0.000000 0.000000     0.263603     2.556182 
2456314.972060 0.000000 0.000000     0.608989     2.546741 
2456315.903358 0.000000 0.000000     2.401375     2.541591 
2456316.834656 0.000000 0.000000     4.147655     2.547359 
2456317.765954 0.000000 0.000000     4.445906     2.555338 
2456318.697252 0.000000 0.000000     2.910350     2.555728 
2456319.628550 0.000000 0.000000     0.354826     2.553533 
2456320.559847 0.000000 0.000000    -1.861140     2.558715 
2456321.491145 0.000000 0.000000    -2.787518     2.569987 
2456322.422443 0.000000 0.000000    -2.411572     2.579218 
2456323.353741 0.000000 0.000000    -1.423428     2.583398 
2456324.285039 0.000000 0.000000    -0.524009     2.585193 
2456325.216337 0.000000 0.000000     0.078531     2.588331 
2456326.147635 0.000000 0.000000     0.576887     2.594812 
2456327.078932 0.000000 0.000000     1.063899     2.602383 
2456328.010230 0.000000 0.000000     1.213958     2.605760 
2456328.941528 0.000000 0.000000     0.567310     2.602630 
2456329.872826 0.000000 0.000000    -0.776444     2.594309 
2456330.804124 0.000000 0.000000    -1.751759     2.578377 
2456331.735422 0.000000 0.000000    -0.789016     2.548096 
2456332.666719 0.000000 0.000000     2.989966     2.506182 
2456333.598017 0.000000 0.000000     8.720495     2.472831 
2456334.529315 0.000000 0.000000    13.856591     2.465674 
2456335.460613 0.000000 0.000000    15.566133     2.476237 
2456336.391911 0.000000 0.000000    12.615111     2.486810 
2456337.323209 0.000000 0.000000     6.374160     2.494948 
2456338.254507 0.000000 0.000000     0.097861     2.500692 
2456339.185804 0.000000 0.000000    -3.131647     2.492253 
2456340.117102 0.000000 0.000000    -2.374428     2.469106 
2456341.048400 0.000000 0.000000     0.698032     2.457735 
2456341.979698 0.000000 0.000000     3.157486     2.473694 
2456342.910996 0.000000 0.000000     2.965065     2.493227 
2456343.842294 0.000000 0.000000     0.307377     2.496740 
2456344.773592 0.000000 0.000000    -2.812709     2.502307 
2456345.704889 0.000000 0.000000    -4.292950     2.531316 
2456346.636187 0.000000 0.000000    -3.532564     2.570765 
2456347.567485 0.000000 0.000000    -1.672818     2.596931 
2456348.498783 0.000000 0.000000    -0.406914     2.606188 
2456349.430081 0.000000 0.000000    -0.472959     2.607398 
2456350.361379 0.000000 0.000000    -1.153059     2.605560 
2456351.292676 0.000000 0.000000    -1.171014     2.601669 
2456352.223974 0.000000 0.000000    -0.113362     2.595593 
2456353.155272 0.000000 0.000000     1.002317     2.583428 
2456354.086570 0.000000 0.000000     0.655144     2.561054 
2456355.017868 0.000000 0.000000    -1.484391     2.528877 
2456355.949166 0.000000 0.000000    -3.647352     2.481944 
2456356.880464 0.000000 0.000000    -2.897129     2.403511 
2456357.811761 0.000000 0.000000     2.563368     2.291897 
2456358.743059 0.000000 0.000000    11.467149     2.195398 
2456359.674357 0.000000 0.000000    19.644467     2.173856 
2456360.605655 0.000000 0.000000    22.478126     2.205019 
2456361.536953 0.000000 0.000000    18.037393     2.233010 
2456362.468251 0.000000 0.000000     8.585871     2.253997 
2456363.399549 0.000000 0.000000    -0.763081     2.271947 
2456364.330846 0.000000 0.000000    -5.379577     2.253868 
2456365.262144 0.000000 0.000000    -4.068797     2.192807 
2456366.193442 0.000000 0.000000     0.463961     2.159725 
2456367.124740 0.000000 0.000000     3.879976     2.201981 
2456368.056038 0.000000 0.000000     3.424735     2.250388 
2456368.987336 0.000000 0.000000    -0.314354     2.256531 
2456369.918634 0.000000 0.000000    -4.293995     2.277526 
2456370.849931 0.000000 0.000000    -5.646094     2.370377 
2456371.781229 0.000000 0.000000    -3.873076     2.485623 
2456372.712527 0.000000 0.000000    -0.926417     2.558010 
2456373.643825 0.000000 0.000000     0.699887     2.582178 
2456374.575123 0.000000 0.000000     0.118966     2.583293 
2456375.506421 0.000000 0.000000    -1.394443     2.573798 
2456376.437718 0.000000 0.000000    -1.830777     2.552281 
2456377.369016 0.000000 0.000000    -0.494413     2.520527 
2456378.300314 0.000000 0.000000     1.231680     2.477914 
2456379.231612 0.000000 0.000000     1.183591     2.415109 
2456380.162910 0.000000 0.000000    -1.299900     2.328643 
2456381.094208 0.000000 0.000000    -4.173530     2.220292 
2456382.025506 0.000000 0.000000    -3.851602     2.071786 
2456382.956803 0.000000 0.000000     1.934788     1.859986 
2456383.888101 0.000000 0.000000    11.817709     1.643905 
2456384.819399 0.000000 0.000000    21.032024     1.592526 
2456385.750697 0.000000 0.000000    24.337736     1.674354 
2456386.681995 0.000000 0.000000    19.615579     1.735730 
2456387.613293 0.000000 0.000000     9.470837     1.782069 
2456388.544591 0.000000 0.000000    -0.419420     1.828195 
2456389.475888 0.000000 0.000000    -5.068207     1.798523 
2456390.407186 0.000000 0.000000    -3.336996     1.658306 
2456391.338484 0.000000 0.000000     1.732502     1.558692 
2456392.269782 0.000000 0.000000     5.488801     1.658515 
2456393.201080 0.000000 0.000000     5.089819     1.761510 
2456394.132378 0.000000 0.000000     1.229246     1.763456 
2456395.063675 0.000000 0.000000    -2.917571     1.822088 
2456395.994973 0.000000 0.000000    -4.437328     2.055497 
2456396.926271 0.000000 0.000000    -2.842067     2.300172 
2456397.857569 0.000000 0.000000    -0.055223     2.440225 
2456398.788867 0.000000 0.000000     1.506555     2.484071 
2456399.720165 0.000000 0.000000     0.985583     2.483436 
2456400.651463 0.000000 0.000000    -0.444785     2.459821 
2456401.582760 0.000000 0.000000    -0.937587     2.400053 
2456402.514058 0.000000 0.000000     0.173014     2.306928 
2456403.445356 0.000000 0.000000     1.720220     2.200724 
2456404.376654 0.000000 0.000000     1.845054     2.074013 
2456405.307952 0.000000 0.000000    -0.089630     1.901849 
2456406.239250 0.000000 0.000000    -2.549742     1.694010 
2456407.170548 0.000000 0.000000    -2.800038     1.478931 
2456408.101845 0.000000 0.000000     0.881688     1.232885 
2456409.033143 0.000000 0.000000     7.531477     0.937475 
2456409.964441 0.000000 0.000000    13.804449     0.880476 
2456410.895739 0.000000 0.000000    16.155543     1.045916 
2456411.827037 0.000000 0.000000    13.301202     1.133404 
2456412.758335 0.000000 0.000000     7.120585     1.204941 
2456413.689633 0.000000 0.000000     1.339279     1.279573 
2456414.620930 0.000000 0.000000    -0.996216     1.257324 
2456415.552228 0.000000 0.000000     0.600215     1.067684 
2456416.483526 0.000000 0.000000     4.086729     0.823164 
2456417.414824 0.000000 0.000000     6.623274     1.013055 
2456418.346122 0.000000 0.000000     6.582453     1.185211 
2456419.277420 0.000000 0.000000     4.391633     1.174147 
2456420.208717 0.000000 0.000000     1.799304     1.279875 
2456421.140015 0.000000 0.000000     0.369741     1.660979 
2456422.071313 0.000000 0.000000     0.447194     1.993306 
2456423.002611 0.000000 0.000000     1.260036     2.172069 
2456423.933909 0.000000 0.000000     1.839161     2.227250 
2456424.865207 0.000000 0.000000     1.848458     2.226801 
2456425.796505 0.000000 0.000000     1.667530     2.188626 
2456426.727802 0.000000 0.000000     1.810620     2.072740 
2456427.659100 0.000000 0.000000     2.322552     1.869414 
2456428.590398 0.000000 0.000000     2.717722     1.641621 
2456429.521696 0.000000 0.000000     2.466710     1.447409 
2456430.452994 0.000000 0.000000     1.533045     1.236121 
2456431.384292 0.000000 0.000000     0.455935     0.940834 
2456432.315590 0.000000 0.000000    -0.078247     0.602485 
2456433.246887 0.000000 0.000000     0.229347     0.499348 
2456434.178185 0.000000 0.000000     1.117903     0.531885 
2456435.109483 0.000000 0.000000     2.066789     0.580486 
2456436.040781 0.000000 0.000000     2.751245     0.612795 
2456436.972079 0.000000 0.000000     3.235631     0.590630 
2456437.903377 0.000000 0.000000     3.773930     0.600124 
2456438.834674 0.000000 0.000000     4.468484     0.674212 
2456439.765972 0.000000 0.000000     5.148971     0.735092 
2456440.697270 0.000000 0.000000     5.581952     0.745817 
2456441.628568 0.000000 0.000000     5.766877     0.785071 
2456442.559866 0.000000 0.000000     5.973678     0.945117 
2456443.491164 0.000000 0.000000     6.437607     1.082110 
2456444.422462 0.000000 0.000000     7.000375     1.107468 
2456445.353759 0.000000 0.000000     7.098201     1.120118 
2456446.285057 0.000000 0.000000     6.206180     1.290077 
2456447.216355 0.000000 0.000000     4.398645     1.496412 
2456448.147653 0.000000 0.000000     2.500375     1.625762 
2456449.078951 0.000000 0.000000     1.596407     1.692147 
2456450.010249 0.000000 0.000000     2.222435     1.724577 
2456450.941547 0.000000 0.000000     3.890686     1.695096 
2456451.872844 0.000000 0.000000     5.391017     1.553224 
2456452.804142 0.000000 0.000000     5.682170     1.277670 
2456453.735440 0.000000 0.000000     4.670719     0.898289 
2456454.666738 0.000000 0.000000     3.227427     0.748532 
2456455.598036 0.000000 0.000000     2.407345     0.926963 
2456456.529334 0.000000 0.000000     2.521534     0.998575 
2456457.460631 0.000000 0.000000     2.866830     1.004330 
2456458.391929 0.000000 0.000000     2.386259     1.022013 
2456459.323227 0.000000 0.000000     0.728153     1.054739 
2456460.254525 0.000000 0.000000    -1.221566     1.128988 
2456461.185823 0.000000 0.000000    -1.873733     1.279311 
2456462.117121 0.000000 0.000000    -0.192013     1.439460 
2456463.048419 0.000000 0.000000     3.332021     1.553640 
2456463.979716 0.000000 0.000000     6.841187     1.605578 
2456464.911014 0.000000 0.000000     8.388027     1.561504 
2456465.842312 0.000000 0.000000     7.376541     1.367630 
2456466.773610 0.000000 0.000000     5.025767     1.006743 
2456467.704908 0.000000 0.000000     3.439951     0.820648 
2456468.636206 0.000000 0.000000     3.972555     1.038895 
2456469.567504 0.000000 0.000000     6.162400     1.120845 
2456470.498801 0.000000 0.000000     8.100632     1.132314 
2456471.430099 0.000000 0.000000     7.964368     1.118457 
2456472.361397 0.000000 0.000000     5.514535     0.982304 
2456473.292695 0.000000 0.000000     2.361515     0.766893 
2456474.223993 0.000000 0.000000     0.765760     0.917819 
2456475.155291 0.000000 0.000000     1.902813     1.071311 
2456476.086589 0.000000 0.000000     4.954687     1.085742 
2456477.017886 0.000000 0.000000     7.740715     1.095927 
2456477.949184 0.000000 0.000000     8.384891     1.113694 
2456478.880482 0.000000 0.000000     6.704111     1.020494 
2456479.811780 0.000000 0.000000     4.240182     0.829046 
2456480.743078 0.000000 0.000000     2.950933     0.755581 
2456481.674376 0.000000 0.000000     3.640379     0.821869 
2456482.605673 0.000000 0.000000     5.390835     0.952551 
2456483.536971 0.000000 0.000000     6.423852     1.086585 
2456484.468269 0.000000 0.000000     5.648773     1.151396 
2456485.399567 0.000000 0.000000     3.607171     1.314112 
2456486.330865 0.000000 0.000000     2.031094     1.639061 
2456487.262163 0.000000 0.000000     2.380485     1.932334 
2456488.193461 0.000000 0.000000     4.570572     2.109324 
2456489.124758 0.000000 0.000000     6.952908     2.165414 
2456490.056056 0.000000 0.000000     7.593178     2.098345 
2456490.987354 0.000000 0.000000     5.825852     1.897574 
2456491.918652 0.000000 0.000000     2.826115     1.622433 
2456492.849950 0.000000 0.000000     0.721082     1.513106 
2456493.781248 0.000000 0.000000     0.935602     1.597920 
2456494.712546 0.000000 0.000000     3.086554     1.603538 
2456495.643843 0.000000 0.000000     5.305459     1.473411 
2456496.575141 0.000000 0.000000     5.731920     1.299255 
2456497.506439 0.000000 0.000000     3.991850     1.178056 
2456498.437737 0.000000 0.000000     1.493486     1.103680 
2456499.369035 0.000000 0.000000     0.317568     1.020017 
2456500.300333 0.000000 0.000000     1.587043     0.872017 
2456501.231630 0.000000 0.000000     4.596957     0.807062 
2456502.162928 0.000000 0.000000     7.367396     1.015342 
2456503.094226 0.000000 0.000000     8.159047     1.140564 
2456504.025524 0.000000 0.000000     6.756775     1.113499 
2456504.956822 0.000000 0.000000     4.546247     1.118218 
2456505.888120 0.000000 0.000000     3.379099     1.288735 
2456506.819418 0.000000 0.000000     4.156906     1.451363 
2456507.750715 0.000000 0.000000     6.233076     1.551154 
2456508.682013 0.000000 0.000000     8.036250     1.616687 
2456509.613311 0.000000 0.000000     8.345372     1.667770 
2456510.544609 0.000000 0.000000     7.174986     1.766177 
2456511.475907 0.000000 0.000000     5.606290     1.967867 
2456512.407205 0.000000 0.000000     4.781600     2.191204 
2456513.338503 0.000000 0.000000     4.937886     2.336931 
2456514.269800 0.000000 0.000000     5.272821     2.378721 
2456515.201098 0.000000 0.000000     4.715509     2.329322 
2456516.132396 0.000000 0.000000     2.924934     2.199929 
2456517.063694 0.000000 0.000000     0.670517     2.021763 
2456517.994992 0.000000 0.000000    -0.722829     1.895057 
2456518.926290 0.000000 0.000000    -0.409480     1.869545 
2456519.857587 0.000000 0.000000     1.302950     1.813291 
2456520.788885 0.000000 0.000000     3.178454     1.611463 
2456521.720183 0.000000 0.000000     3.987489     1.263961 
2456522.651481 0.000000 0.000000     3.406823     0.876012 
2456523.582779 0.000000 0.000000     2.190709     0.716774 
2456524.514077 0.000000 0.000000     1.515272     0.753021 
2456525.445375 0.000000 0.000000     2.044946     0.803419 
2456526.376672 0.000000 0.000000     3.456496     0.907446 
2456527.307970 0.000000 0.000000     4.758573     1.050082 
2456528.239268 0.000000 0.000000     5.106613     1.139112 
2456529.170566 0.000000 0.000000     4.447984     1.200844 
2456530.101864 0.000000 0.000000     3.509890     1.408545 
2456531.033162 0.000000 0.000000     3.188095     1.687641 
2456531.964460 0.000000 0.000000     3.854727     1.872924 
2456532.895757 0.000000 0.000000     5.123042     1.937362 
2456533.827055 0.000000 0.000000     6.204234     1.944331 
2456534.758353 0.000000 0.000000     6.517938     1.958801 
2456535.689651 0.000000 0.000000     6.055249     1.999377 
2456536.620949 0.000000 0.000000     5.244730     2.080955 
2456537.552247 0.000000 0.000000     4.500243     2.190624 
2456538.483545 0.000000 0.000000     3.871968     2.269332 
2456539.414842 0.000000 0.000000     3.094230     2.287895 
2456540.346140 0.000000 0.000000     1.958113     2.260796 
2456541.277438 0.000000 0.000000     0.653681     2.181998 
2456542.208736 0.000000 0.000000    -0.240808     2.016504 
2456543.140034 0.000000 0.000000    -0.138470     1.786055 
2456544.071332 0.000000 0.000000     1.106316     1.629012 
2456545.002629 0.000000 0.000000     3.037143     1.601814 
2456545.933927 0.000000 0.000000     4.851144     1.549079 
2456546.865225 0.000000 0.000000     5.873939     1.417848 
2456547.796523 0.000000 0.000000     5.905657     1.341349 
2456548.727821 0.000000 0.000000     5.218769     1.404952 
2456549.659119 0.000000 0.000000     4.271891     1.480891 
2456550.590417 0.000000 0.000000     3.401231     1.526201 
2456551.521714 0.000000 0.000000     2.715085     1.601457 
2456552.453012 0.000000 0.000000     2.205576     1.699622 
2456553.384310 0.000000 0.000000     1.904761     1.753755 
2456554.315608 0.000000 0.000000     1.907699     1.787947 
2456555.246906 0.000000 0.000000     2.247477     1.889537 
2456556.178204 0.000000 0.000000     2.771939     2.009590 
2456557.109502 0.000000 0.000000     3.180893     2.025559 
2456558.040799 0.000000 0.000000     3.227723     1.911060 
2456558.972097 0.000000 0.000000     2.917444     1.763015 
2456559.903395 0.000000 0.000000     2.510767     1.702264 
2456560.834693 0.000000 0.000000     2.303552     1.709114 
2456561.765991 0.000000 0.000000     2.357089     1.740040 
2456562.697289 0.000000 0.000000     2.420266     1.792247 
2456563.628586 0.000000 0.000000     2.138278     1.823034 
2456564.559884 0.000000 0.000000     1.398241     1.814431 
2456565.491182 0.000000 0.000000     0.527158     1.807946 
2456566.422480 0.000000 0.000000     0.155586     1.788020 
2456567.353778 0.000000 0.000000     0.820566     1.650771 
2456568.285076 0.000000 0.000000     2.593113     1.324602 
2456569.216374 0.000000 0.000000     5.003313     1.042203 
2456570.147671 0.000000 0.000000     7.308281     1.307745 
2456571.078969 0.000000 0.000000     8.891592     1.476753 
2456572.010267 0.000000 0.000000     9.505715     1.471041 
2456572.941565 0.000000 0.000000     9.226068     1.549221 
2456573.872863 0.000000 0.000000     8.233271     1.793662 
2456574.804161 0.000000 0.000000     6.662939     1.995840 
2456575.735459 0.000000 0.000000     4.658658     2.101817 
2456576.666756 0.000000 0.000000     2.535619     2.168856 
2456577.598054 0.000000 0.000000     0.824916     2.225233 
2456578.529352 0.000000 0.000000     0.058809     2.251962 
2456579.460650 0.000000 0.000000     0.406983     2.266995 
2456580.391948 0.000000 0.000000     1.460288     2.296046 
2456581.323246 0.000000 0.000000     2.397176     2.276822 
2456582.254543 0.000000 0.000000     2.481324     2.113477 
2456583.185841 0.000000 0.000000     1.553007     1.768811 
2456584.117139 0.000000 0.000000     0.139397     1.281865 
2456585.048437 0.000000 0.000000    -0.923727     0.789883 
2456585.979735 0.000000 0.000000    -1.091053     0.639876 
2456586.911033 0.000000 0.000000    -0.476619     0.788853 
2456587.842331 0.000000 0.000000     0.291127     0.967435 
2456588.773628 0.000000 0.000000     0.614532     0.970468 
2456589.704926 0.000000 0.000000     0.443037     0.777983 
2456590.636224 0.000000 0.000000     0.350938     0.928282 
2456591.567522 0.000000 0.000000     1.110095     1.197171 
2456592.498820 0.000000 0.000000     3.086377     1.228104 
2456593.430118 0.000000 0.000000     5.922416     1.112596 
2456594.361416 0.000000 0.000000     8.738737     1.332629 
2456595.292713 0.000000 0.000000    10.680832     1.674716 
2456596.224011 0.000000 0.000000    11.386986     1.843910 
2456597.155309 0.000000 0.000000    11.046688     1.872154 
2456598.086607 0.000000 0.000000    10.070727     1.941041 
2456599.017905 0.000000 0.000000     8.703849     2.128761 
2456599.949203 0.000000 0.000000     6.924446     2.306788 
2456600.880501 0.000000 0.000000     4.692599     2.408421 
2456601.811798 0.000000 0.000000     2.278290     2.459778 
2456602.743096 0.000000 0.000000     0.313969     2.488229 
2456603.674394 0.000000 0.000000    -0.548805     2.498220 
2456604.605692 0.000000 0.000000    -0.137200     2.504816 
2456605.536990 0.000000 0.000000     1.008245     2.508917 
2456606.468288 0.000000 0.000000     1.906441     2.459419 
2456607.399585 0.000000 0.000000     1.764017     2.306561 
2456608.330883 0.000000 0.000000     0.507390     2.075071 
2456609.262181 0.000000 0.000000    -1.184019     1.879957 
2456610.193479 0.000000 0.000000    -2.374777     1.808267 
2456611.124777 0.000000 0.000000    -2.526984     1.803968 
2456612.056075 0.000000 0.000000    -1.819543     1.817194 
2456612.987373 0.000000 0.000000    -0.907530     1.838801 
2456613.918670 0.000000 0.000000    -0.333951     1.841436 
2456614.849968 0.000000 0.000000    -0.070656     1.826399 
2456615.781266 0.000000 0.000000     0.449573     1.836166 
2456616.712564 0.000000 0.000000     1.844332     1.856019 
2456617.643862 0.000000 0.000000     4.230696     1.824639 
2456618.575160 0.000000 0.000000     7.046813     1.787719 
2456619.506458 0.000000 0.000000     9.378975     1.896854 
2456620.437755 0.000000 0.000000    10.532300     2.100242 
2456621.369053 0.000000 0.000000    10.409730     2.238753 
2456622.300351 0.000000 0.000000     9.439443     2.287610 
2456623.231649 0.000000 0.000000     8.159277     2.324529 
2456624.162947 0.000000 0.000000     6.824750     2.403973 
2456625.094245 0.000000 0.000000     5.352693     2.491522 
2456626.025542 0.000000 0.000000     3.605422     2.548109 
2456626.956840 0.000000 0.000000     1.724969     2.575968 
2456627.888138 0.000000 0.000000     0.189644     2.587550 
2456628.819436 0.000000 0.000000    -0.487935     2.589963 
2456629.750734 0.000000 0.000000    -0.182467     2.592344 
2456630.682032 0.000000 0.000000     0.663798     2.591226 
2456631.613330 0.000000 0.000000     1.282555     2.561336 
2456632.544627 0.000000 0.000000     1.085130     2.489054 
2456633.475925 0.000000 0.000000     0.055728     2.402479 
2456634.407223 0.000000 0.000000    -1.264924     2.347070 
2456635.338521 0.000000 0.000000    -2.186965     2.331065 
2456636.269819 0.000000 0.000000    -2.351707     2.330940 
2456637.201117 0.000000 0.000000    -1.920902     2.334795 
2456638.132415 0.000000 0.000000    -1.350921     2.340193 
2456639.063712 0.000000 0.000000    -0.957596     2.340019 
2456639.995010 0.000000 0.000000    -0.634161     2.335638 
2456640.926308 0.000000 0.000000     0.050903     2.335874 
2456641.857606 0.000000 0.000000     1.461296     2.329930 
2456642.788904 0.000000 0.000000     3.526537     2.300029 
2456643.720202 0.000000 0.000000     5.697642     2.272942 
2456644.651499 0.000000 0.000000     7.262841     2.307642 
2456645.582797 0.000000 0.000000     7.781665     2.396874 
2456646.514095 0.000000 0.000000     7.314859     2.473250 
2456647.445393 0.000000 0.000000     6.299931     2.507990 
2456648.376691 0.000000 0.000000     5.200111     2.525319 
2456649.307989 0.000000 0.000000     4.214260     2.550688 
2456650.239287 0.000000 0.000000     3.258201     2.579808 
2456651.170584 0.000000 0.000000     2.190364     2.600210 
2456652.101882 0.000000 0.000000     1.057134     2.610446 
2456653.033180 0.000000 0.000000     0.133626     2.613949 
2456653.964478 0.000000 0.000000    -0.276866     2.614138 
2456654.895776 0.000000 0.000000    -0.109955     2.614693 
2456655.827074 0.000000 0.000000     0.360146     2.613818 
2456656.758372 0.000000 0.000000     0.683731     2.603422 
2456657.689669 0.000000 0.000000     0.539609     2.581260 
2456658.620967 0.000000 0.000000    -0.057158     2.557614 
2456659.552265 0.000000 0.000000    -0.801455     2.543946 
2456660.483563 0.000000 0.000000    -1.350148     2.540334 
2456661.414861 0.000000 0.000000    -1.570169     2.540012 
2456662.346159 0.000000 0.000000    -1.585625     2.538372 
2456663.277457 0.000000 0.000000    -1.599566     2.532646 
2456664.208754 0.000000 0.000000    -1.653977     2.522598 
2456665.140052 0.000000 0.000000    -1.540876     2.514649 
2456666.071350 0.000000 0.000000    -0.950022     2.513779 
2456667.002648 0.000000 0.000000     0.259126     2.511682 
2456667.933946 0.000000 0.000000     1.880247     2.499691 
2456668.865244 0.000000 0.000000     3.427052     2.490515 
2456669.796541 0.000000 0.000000     4.404886     2.505931 
2456670.727839 0.000000 0.000000     4.591506     2.542396 
2456671.659137 0.000000 0.000000     4.129262     2.575173 
2456672.590435 0.000000 0.000000     3.378917     2.591513 
2456673.521733 0.000000 0.000000     2.662510     2.598098 
2456674.453031 0.000000 0.000000     2.090680     2.604049 
2456675.384329 0.000000 0.000000     1.583850     2.610508 
2456676.315626 0.000000 0.000000     1.035118     2.615206 
2456677.246924 0.000000 0.000000     0.458672     2.617513 
2456678.178222 0.000000 0.000000    -0.001230     2.617877 
2456679.109520 0.000000 0.000000    -0.195437     2.616995 
2456680.040818 0.000000 0.000000    -0.109218     2.615995 
2456680.972116 0.000000 0.000000     0.109412     2.615180 
2456681.903414 0.000000 0.000000     0.255226     2.613146 
2456682.834711 0.000000 0.000000     0.210892     2.609185 
2456683.766009 0.000000 0.000000     0.006586     2.605161 
2456684.697307 0.000000 0.000000    -0.251324     2.602947 
2456685.628605 0.000000 0.000000    -0.509344     2.602080 
2456686.559903 0.000000 0.000000    -0.827510     2.599603 
2456687.491201 0.000000 0.000000    -1.305756     2.587698 
2456688.422498 0.000000 0.000000    -1.933425     2.557015 
2456689.353796 0.000000 0.000000    -2.499413     2.513428 
2456690.285094 0.000000 0.000000    -2.664570     2.483652 
2456691.216392 0.000000 0.000000    -2.169944     2.483113 
2456692.147690 0.000000 0.000000    -1.036501     2.492730 
2456693.078988 0.000000 0.000000     0.397544     2.495287 
2456694.010286 0.000000 0.000000     1.643769     2.504642 
2456694.941583 0.000000 0.000000     2.328044     2.535896 
2456695.872881 0.000000 0.000000     2.374717     2.575080 
2456696.804179 0.000000 0.000000     1.993992     2.601339 
2456697.735477 0.000000 0.000000     1.500453     2.611903 
2456698.666775 0.000000 0.000000     1.106172     2.614929 
2456699.598073 0.000000 0.000000     0.833025     2.616146 
2456700.529371 0.000000 0.000000     0.582742     2.617156 
2456701.460668 0.000000 0.000000     0.279867     2.617777 
2456702.391966 0.000000 0.000000    -0.040465     2.617137 
2456703.323264 0.000000 0.000000    -0.264393     2.614002 
2456704.254562 0.000000 0.000000    -0.306202     2.607212 
2456705.185860 0.000000 0.000000    -0.185484     2.598962 
2456706.117158 0.000000 0.000000    -0.006224     2.594897 
2456707.048456 0.000000 0.000000     0.135329     2.596233 
2456707.979753 0.000000 0.000000     0.220549     2.598343 
2456708.911051 0.000000 0.000000     0.285110     2.599486 
2456709.842349 0.000000 0.000000     0.323561     2.601080 
2456710.773647 0.000000 0.000000     0.221210     2.600969 
2456711.704945 0.000000 0.000000    -0.197706     2.591295 
2456712.636243 0.000000 0.000000    -1.015078     2.553704 
2456713.567540 0.000000 0.000000    -2.073311     2.464402 
2456714.498838 0.000000 0.000000    -2.975051     2.333728 
2456715.430136 0.000000 0.000000    -3.268934     2.240525 
2456716.361434 0.000000 0.000000    -2.718270     2.244030 
2456717.292732 0.000000 0.000000    -1.470550     2.278208 
2456718.224030 0.000000 0.000000     0.000001     2.288544 
2456719.155328 0.000000 0.000000     1.150084     2.324030 
2456720.086625 0.000000 0.000000     1.657624     2.422228 
2456721.017923 0.000000 0.000000     1.556120     2.527850 
2456721.949221 0.000000 0.000000     1.139333     2.589336 
2456722.880519 0.000000 0.000000     0.725650     2.610559 
2456723.811817 0.000000 0.000000     0.460227     2.615319 
2456724.743115 0.000000 0.000000     0.285195     2.616237 
2456725.674413 0.000000 0.000000     0.068689     2.615851 
2456726.605710 0.000000 0.000000    -0.234904     2.613671 
2456727.537008 0.000000 0.000000    -0.528337     2.607396 
2456728.468306 0.000000 0.000000    -0.652954     2.591910 
2456729.399604 0.000000 0.000000    -0.523965     2.561660 
2456730.330902 0.000000 0.000000    -0.197357     2.525318 
2456731.262200 0.000000 0.000000     0.184319     2.507926 
2456732.193497 0.000000 0.000000     0.508588     2.515701 
2456733.124795 0.000000 0.000000     0.759275     2.526015 
2456734.056093 0.000000 0.000000     0.970318     2.530312 
2456734.987391 0.000000 0.000000     1.115665     2.539829 
2456735.918689 0.000000 0.000000     1.054042     2.546350 
2456736.849987 0.000000 0.000000     0.609432     2.519518 
2456737.781285 0.000000 0.000000    -0.252856     2.427837 
2456738.712582 0.000000 0.000000    -1.297304     2.238824 
2456739.643880 0.000000 0.000000    -2.069445     1.948352 
2456740.575178 0.000000 0.000000    -2.132821     1.705070 
2456741.506476 0.000000 0.000000    -1.346620     1.738537 
2456742.437774 0.000000 0.000000     0.012990     1.828352 
2456743.369072 0.000000 0.000000     1.387989     1.825819 
2456744.300370 0.000000 0.000000     2.250714     1.923126 
2456745.231667 0.000000 0.000000     2.386041     2.192669 
2456746.162965 0.000000 0.000000     1.958834     2.434312 
2456747.094263 0.000000 0.000000     1.338753     2.561503 
2456748.025561 0.000000 0.000000     0.826619     2.603700 
2456748.956859 0.000000 0.000000     0.484709     2.612705 
2456749.888157 0.000000 0.000000     0.178288     2.613857 
2456750.819454 0.000000 0.000000    -0.232910     2.608408 
2456751.750752 0.000000 0.000000    -0.723447     2.592212 
2456752.682050 0.000000 0.000000    -1.090021     2.563129 
2456753.613348 0.000000 0.000000    -1.099002     2.512956 
2456754.544646 0.000000 0.000000    -0.665438     2.425174 
2456755.475944 0.000000 0.000000     0.081562     2.315582 
2456756.407242 0.000000 0.000000     0.890503     2.260878 
2456757.338539 0.000000 0.000000     1.549930     2.288591 
2456758.269837 0.000000 0.000000     1.986586     2.318861 
2456759.201135 0.000000 0.000000     2.233038     2.325385 
2456760.132433 0.000000 0.000000     2.319777     2.359914 
2456761.063731 0.000000 0.000000     2.212300     2.400438 
2456761.995029 0.000000 0.000000     1.865388     2.349610 
2456762.926327 0.000000 0.000000     1.347548     2.156016 
2456763.857624 0.000000 0.000000     0.905886     1.825896 
2456764.788922 0.000000 0.000000     0.874914     1.367336 
2456765.720220 0.000000 0.000000     1.462376     0.911771 
2456766.651518 0.000000 0.000000     2.564563     1.153194 
2456767.582816 0.000000 0.000000     3.767014     1.313670 
2456768.514114 0.000000 0.000000     4.559269     1.323169 
2456769.445412 0.000000 0.000000     4.628793     1.625791 
2456770.376709 0.000000 0.000000     4.029816     2.071650 
2456771.308007 0.000000 0.000000     3.108136     2.388810 
2456772.239305 0.000000 0.000000     2.241870     2.547166 
2456773.170603 0.000000 0.000000     1.593314     2.599399 
2456774.101901 0.000000 0.000000     1.053162     2.610332 
2456775.033199 0.000000 0.000000     0.406422     2.610626 
2456775.964496 0.000000 0.000000    -0.421685     2.589875 
2456776.895794 0.000000 0.000000    -1.238982     2.528190 
2456777.827092 0.000000 0.000000    -1.679900     2.428121 
2456778.758390 0.000000 0.000000    -1.447618     2.300893 
2456779.689688 0.000000 0.000000    -0.521731     2.121871 
2456780.620986 0.000000 0.000000     0.818045     1.878769 
2456781.552284 0.000000 0.000000     2.156951     1.736776 
2456782.483581 0.000000 0.000000     3.167175     1.829740 
2456783.414879 0.000000 0.000000     3.731655     1.905499 
2456784.346177 0.000000 0.000000     3.912688     1.904256 
2456785.277475 0.000000 0.000000     3.836845     2.008485 
2456786.208773 0.000000 0.000000     3.617300     2.159866 
2456787.140071 0.000000 0.000000     3.370464     2.126830 
2456788.071369 0.000000 0.000000     3.272068     1.811475 
2456789.002666 0.000000 0.000000     3.546107     1.233929 
2456789.933964 0.000000 0.000000     4.340709     0.927484 
2456790.865262 0.000000 0.000000     5.567120     1.201627 
2456791.796560 0.000000 0.000000     6.848669     1.272979 
2456792.727858 0.000000 0.000000     7.669502     1.357814 
2456793.659156 0.000000 0.000000     7.659790     1.598266 
2456794.590453 0.000000 0.000000     6.826808     1.916069 
2456795.521751 0.000000 0.000000     5.553313     2.217049 
2456796.453049 0.000000 0.000000     4.343411     2.435910 
2456797.384347 0.000000 0.000000     3.487362     2.552158 
2456798.315645 0.000000 0.000000     2.889608     2.591307 
2456799.246943 0.000000 0.000000     2.192412     2.599603 
2456800.178241 0.000000 0.000000     1.107907     2.599294 
2456801.109538 0.000000 0.000000    -0.290029     2.556454 
2456802.040836 0.000000 0.000000    -1.538938     2.411028 
2456802.972134 0.000000 0.000000    -2.056054     2.147470 
2456803.903432 0.000000 0.000000    -1.512723     1.841349 
2456804.834730 0.000000 0.000000    -0.049537     1.579047 
2456805.766028 0.000000 0.000000     1.811073     1.275907 
2456806.697326 0.000000 0.000000     3.474933     1.039748 
2456807.628623 0.000000 0.000000     4.578608     1.324938 
2456808.559921 0.000000 0.000000     5.086979     1.473022 
2456809.491219 0.000000 0.000000     5.167284     1.444937 
2456810.422517 0.000000 0.000000     4.993096     1.657481 
2456811.353815 0.000000 0.000000     4.658131     1.980042 
2456812.285113 0.000000 0.000000     4.248691     2.088471 
2456813.216410 0.000000 0.000000     3.958087     1.938167 
2456814.147708 0.000000 0.000000     4.077666     1.665697 
2456815.079006 0.000000 0.000000     4.815173     1.556741 
2456816.010304 0.000000 0.000000     6.071969     1.598541 
2456816.941602 0.000000 0.000000     7.390447     1.617915 
2456817.872900 0.000000 0.000000     8.174432     1.684294 
2456818.804198 0.000000 0.000000     8.062569     1.863307 
2456819.735495 0.000000 0.000000     7.181363     2.091891 
2456820.666793 0.000000 0.000000     6.063120     2.298782 
2456821.598091 0.000000 0.000000     5.259531     2.443942 
2456822.529389 0.000000 0.000000     4.928009     2.517649 
2456823.460687 0.000000 0.000000     4.712439     2.538276 
2456824.391985 0.000000 0.000000     4.030065     2.543082 
2456825.323283 0.000000 0.000000     2.563483     2.551879 
2456826.254580 0.000000 0.000000     0.585166     2.511983 
2456827.185878 0.000000 0.000000    -1.145499     2.318709 
2456828.117176 0.000000 0.000000    -1.853748     1.890039 
2456829.048474 0.000000 0.000000    -1.249967     1.208128 
2456829.979772 0.000000 0.000000     0.302956     0.958798 
2456830.911070 0.000000 0.000000     2.062986     1.201195 
2456831.842368 0.000000 0.000000     3.398780     1.145233 
2456832.773665 0.000000 0.000000     4.123659     1.250662 
2456833.704963 0.000000 0.000000     4.449137     1.422851 
2456834.636261 0.000000 0.000000     4.650616     1.414923 
2456835.567559 0.000000 0.000000     4.762750     1.530626 
2456836.498857 0.000000 0.000000     4.572724     1.901300 
2456837.430155 0.000000 0.000000     3.903627     2.170536 
2456838.361452 0.000000 0.000000     2.914692     2.213721 
2456839.292750 0.000000 0.000000     2.119136     2.041397 
2456840.224048 0.000000 0.000000     2.060647     1.746465 
2456841.155346 0.000000 0.000000     2.895103     1.560163 
2456842.086644 0.000000 0.000000     4.231325     1.613710 
2456843.017942 0.000000 0.000000     5.390754     1.694631 
2456843.949240 0.000000 0.000000     5.901703     1.768489 
2456844.880537 0.000000 0.000000     5.835067     1.929059 
2456845.811835 0.000000 0.000000     5.699216     2.131874 
2456846.743133 0.000000 0.000000     5.965048     2.281077 
2456847.674431 0.000000 0.000000     6.603757     2.347756 
2456848.605729 0.000000 0.000000     7.028618     2.353467 
2456849.537027 0.000000 0.000000     6.517541     2.358042 
2456850.468325 0.000000 0.000000     4.801748     2.411039 
2456851.399622 0.000000 0.000000     2.355326     2.450545 
2456852.330920 0.000000 0.000000     0.140894     2.358055 
2456853.262218 0.000000 0.000000    -1.010826     2.098735 
2456854.193516 0.000000 0.000000    -0.921607     1.808726 
2456855.124814 0.000000 0.000000    -0.099683     1.681441 
2456856.056112 0.000000 0.000000     0.715268     1.535761 
2456856.987409 0.000000 0.000000     1.117371     1.144076 
2456857.918707 0.000000 0.000000     1.260003     0.992460 
2456858.850005 0.000000 0.000000     1.584226     1.316397 
2456859.781303 0.000000 0.000000     2.307625     1.325436 
2456860.712601 0.000000 0.000000     3.126533     1.362548 
2456861.643899 0.000000 0.000000     3.401018     1.829856 
2456862.575197 0.000000 0.000000     2.681979     2.217713 
2456863.506494 0.000000 0.000000     1.143518     2.336423 
2456864.437792 0.000000 0.000000    -0.451210     2.152287 
2456865.369090 0.000000 0.000000    -1.246398     1.676416 
2456866.300388 0.000000 0.000000    -0.869237     1.068130 
2456867.231686 0.000000 0.000000     0.366571     1.270710 
2456868.162984 0.000000 0.000000     1.779734     1.474499 
2456869.094282 0.000000 0.000000     2.888336     1.461343 
2456870.025579 0.000000 0.000000     3.751613     1.470360 
2456870.956877 0.000000 0.000000     4.805935     1.635909 
2456871.888175 0.000000 0.000000     6.341286     1.825065 
2456872.819473 0.000000 0.000000     8.073464     1.922302 
2456873.750771 0.000000 0.000000     9.199760     1.910734 
2456874.682069 0.000000 0.000000     8.932083     1.930819 
2456875.613366 0.000000 0.000000     7.101386     2.131566 
2456876.544664 0.000000 0.000000     4.350379     2.353840 
2456877.475962 0.000000 0.000000     1.746080     2.437081 
2456878.407260 0.000000 0.000000     0.098865     2.386317 
2456879.338558 0.000000 0.000000    -0.496639     2.293050 
2456880.269856 0.000000 0.000000    -0.565592     2.188188 
2456881.201154 0.000000 0.000000    -0.713043     2.008384 
2456882.132451 0.000000 0.000000    -1.097626     1.777522 
2456883.063749 0.000000 0.000000    -1.346669     1.714291 
2456883.995047 0.000000 0.000000    -0.964220     1.809179 
2456884.926345 0.000000 0.000000     0.128429     1.838629 
2456885.857643 0.000000 0.000000     1.390310     1.871522 
2456886.788941 0.000000 0.000000     1.987671     2.090479 
2456887.720239 0.000000 0.000000     1.403644     2.345959 
2456888.651536 0.000000 0.000000    -0.152878     2.435569 
2456889.582834 0.000000 0.000000    -1.866109     2.301908 
2456890.514132 0.000000 0.000000    -2.866399     2.014891 
2456891.445430 0.000000 0.000000    -2.783259     1.810990 
2456892.376728 0.000000 0.000000    -1.878531     1.855471 
2456893.308026 0.000000 0.000000    -0.691920     1.924386 
2456894.239324 0.000000 0.000000     0.471954     1.850672 
2456895.170621 0.000000 0.000000     1.769683     1.574777 
2456896.101919 0.000000 0.000000     3.569126     1.091346 
2456897.033217 0.000000 0.000000     5.946816     1.084585 
2456897.964515 0.000000 0.000000     8.381664     1.369521 
2456898.895813 0.000000 0.000000     9.943976     1.363410 
2456899.827111 0.000000 0.000000     9.874278     1.470457 
2456900.758408 0.000000 0.000000     8.117878     1.930012 
2456901.689706 0.000000 0.000000     5.398002     2.305472 
2456902.621004 0.000000 0.000000     2.761714     2.488706 
2456903.552302 0.000000 0.000000     0.937334     2.531164 
2456904.483600 0.000000 0.000000    -0.022565     2.511507 
2456905.414898 0.000000 0.000000    -0.575632     2.457068 
2456906.346196 0.000000 0.000000    -1.178440     2.363775 
2456907.277493 0.000000 0.000000    -1.863925     2.274615 
2456908.208791 0.000000 0.000000    -2.243990     2.255085 
2456909.140089 0.000000 0.000000    -1.910311     2.285139 
2456910.071387 0.000000 0.000000    -0.878288     2.303673 
2456911.002685 0.000000 0.000000     0.309760     2.322725 
2456911.933983 0.000000 0.000000     0.920660     2.396265 
2456912.865281 0.000000 0.000000     0.543823     2.496550 
2456913.796578 0.000000 0.000000    -0.621485     2.534791 
2456914.727876 0.000000 0.000000    -1.922370     2.476347 
2456915.659174 0.000000 0.000000    -2.714263     2.374759 
2456916.590472 0.000000 0.000000    -2.758083     2.319040 
2456917.521770 0.000000 0.000000    -2.255718     2.329388 
2456918.453068 0.000000 0.000000    -1.536944     2.341505 
2456919.384365 0.000000 0.000000    -0.696802     2.277160 
2456920.315663 0.000000 0.000000     0.489844     2.097026 
2456921.246961 0.000000 0.000000     2.297517     1.877243 
2456922.178259 0.000000 0.000000     4.657418     1.825971 
2456923.109557 0.000000 0.000000     6.994942     1.901727 
2456924.040855 0.000000 0.000000     8.473416     1.919226 
2456924.972153 0.000000 0.000000     8.492657     1.963991 
2456925.903450 0.000000 0.000000     7.077746     2.169464 
2456926.834748 0.000000 0.000000     4.866528     2.402237 
2456927.766046 0.000000 0.000000     2.705228     2.539895 
2456928.697344 0.000000 0.000000     1.151550     2.587217 
2456929.628642 0.000000 0.000000     0.238321     2.590260 
2456930.559940 0.000000 0.000000    -0.365679     2.572050 
2456931.491238 0.000000 0.000000    -0.968621     2.539615 
2456932.422535 0.000000 0.000000    -1.569036     2.512013 
2456933.353833 0.000000 0.000000    -1.887567     2.506588 
2456934.285131 0.000000 0.000000    -1.662078     2.516121 
2456935.216429 0.000000 0.000000    -0.939620     2.524218 
2456936.147727 0.000000 0.000000    -0.113865     2.532063 
2456937.079025 0.000000 0.000000     0.325550     2.553095 
2456938.010322 0.000000 0.000000     0.129539     2.581957 
2456938.941620 0.000000 0.000000    -0.553295     2.592906 
2456939.872918 0.000000 0.000000    -1.311333     2.575485 
2456940.804216 0.000000 0.000000    -1.773132     2.548430 
2456941.735514 0.000000 0.000000    -1.831176     2.534631 
2456942.666812 0.000000 0.000000    -1.620537     2.536778 
2456943.598110 0.000000 0.000000    -1.299726     2.535436 
2456944.529407 0.000000 0.000000    -0.844840     2.499619 
2456945.460705 0.000000 0.000000    -0.048940     2.419511 
2456946.392003 0.000000 0.000000     1.263105     2.342205 
2456947.323301 0.000000 0.000000     2.985040     2.328261 
2456948.254599 0.000000 0.000000     4.667079     2.352940 
2456949.185897 0.000000 0.000000     5.720879     2.362430 
2456950.117195 0.000000 0.000000     5.759772     2.376783 
2456951.048492 0.000000 0.000000     4.831382     2.439506 
2456951.979790 0.000000 0.000000     3.376309     2.525407 
2456952.911088 0.000000 0.000000     1.948704     2.584707 
2456953.842386 0.000000 0.000000     0.903560     2.608200 
2456954.773684 0.000000 0.000000     0.264413     2.612535 
2456955.704982 0.000000 0.000000    -0.164582     2.609017 
2456956.636280 0.000000 0.000000    -0.562808     2.601713 
2456957.567577 0.000000 0.000000    -0.930943     2.595761 
2456958.498875 0.000000 0.000000    -1.118419     2.594731 
2456959.430173 0.000000 0.000000    -0.993484     2.597089 
2456960.361471 0.000000 0.000000    -0.597869     2.599525 
2456961.292769 0.000000 0.000000    -0.152898     2.601728 
2456962.224067 0.000000 0.000000     0.085579     2.606074 
2456963.155364 0.000000 0.000000     0.002067     2.611754 
2456964.086662 0.000000 0.000000    -0.313355     2.613758 
2456965.017960 0.000000 0.000000    -0.653002     2.610276 
2456965.949258 0.000000 0.000000    -0.850973     2.605296 
2456966.880556 0.000000 0.000000    -0.881061     2.602823 
2456967.811854 0.000000 0.000000    -0.821036     2.603078 
2456968.743152 0.000000 0.000000    -0.728380     2.601033 
2456969.674449 0.000000 0.000000    -0.546864     2.587530 
2456970.605747 0.000000 0.000000    -0.134363     2.561571 
2456971.537045 0.000000 0.000000     0.603613     2.539698 
2456972.468343 0.000000 0.000000     1.584078     2.537104 
2456973.399641 0.000000 0.000000     2.534335     2.544954 
2456974.330939 0.000000 0.000000     3.122544     2.548497 
2456975.262237 0.000000 0.000000     3.145551     2.552604 
2456976.193534 0.000000 0.000000     2.642973     2.568725 
2456977.124832 0.000000 0.000000     1.860481     2.591872 
2456978.056130 0.000000 0.000000     1.094634     2.608836 
2456978.987428 0.000000 0.000000     0.531794     2.615961 
2456979.918726 0.000000 0.000000     0.186703     2.617645 
2456980.850024 0.000000 0.000000    -0.036273     2.617424 
2456981.781321 0.000000 0.000000    -0.226266     2.616535 
2456982.712619 0.000000 0.000000    -0.390153     2.615826 
2456983.643917 0.000000 0.000000    -0.467911     2.615747 
2456984.575215 0.000000 0.000000    -0.410159     2.616132 
2456985.506513 0.000000 0.000000    -0.242680     2.616583 
2456986.437811 0.000000 0.000000    -0.062054     2.616950 
2456987.369109 0.000000 0.000000     0.030629     2.617473 
2456988.300406 0.000000 0.000000    -0.000473     2.618115 
2456989.231704 0.000000 0.000000    -0.110051     2.618301 
2456990.163002 0.000000 0.000000    -0.218190     2.617876 
2456991.094300 0.000000 0.000000    -0.275360     2.617335 
2456992.025598 0.000000 0.000000    -0.289436     2.617072 
2456992.956896 0.000000 0.000000    -0.294664     2.617043 
2456993.888194 0.000000 0.000000    -0.294688     2.616268 
2456994.819491 0.000000 0.000000    -0.235112     2.612944 
2456995.750789 0.000000 0.000000    -0.036085     2.607292 
2456996.682087 0.000000 0.000000     0.336681     2.603031 
2456997.613385 0.000000 0.000000     0.819557     2.602883 
2456998.544683 0.000000 0.000000     1.263808     2.604710 
2456999.475981 0.000000 0.000000     1.511339     2.605584 
2457000.407279 0.000000 0.000000     1.483010     2.606468 
2457001.338576 0.000000 0.000000     1.219156     2.609498 
2457002.269874 0.000000 0.000000     0.847071     2.613794 
2457003.201172 0.000000 0.000000     0.502297     2.616959 
2457004.132470 0.000000 0.000000     0.259743     2.618301 
2457005.063768 0.000000 0.000000     0.117010     2.618642 
2457005.995066 0.000000 0.000000     0.029708     2.618682 
2457006.926363 0.000000 0.000000    -0.038069     2.618648 
2457007.857661 0.000000 0.000000    -0.088695     2.618621 
2457008.788959 0.000000 0.000000    -0.104124     2.618629 
2457009.720257 0.000000 0.000000    -0.076535     2.618670 
2457010.651555 0.000000 0.000000    -0.024701     2.618721 
2457011.582853 0.000000 0.000000     0.018110     2.618755 
2457012.514151 0.000000 0.000000     0.030712     2.618787 
2457013.445448 0.000000 0.000000     0.018219     2.618824 
2457014.376746 0.000000 0.000000     0.000296     2.618826 
2457015.308044 0.000000 0.000000    -0.013946     2.618789 
2457016.239342 0.000000 0.000000    -0.037509     2.618755 
2457017.170640 0.000000 0.000000    -0.088280     2.618687 
2457018.101938 0.000000 0.000000    -0.156031     2.618410 
2457019.033236 0.000000 0.000000    -0.185882     2.617740 
2457019.964533 0.000000 0.000000    -0.101652     2.616753 
2457020.895831 0.000000 0.000000     0.139893     2.615864 
2457021.827129 0.000000 0.000000     0.502579     2.615427 
2457022.758427 0.000000 0.000000     0.871684     2.615360 
2457023.689725 0.000000 0.000000     1.109640     2.615429 
2457024.621023 0.000000 0.000000     1.132632     2.615710 
2457025.552320 0.000000 0.000000     0.956120     2.616378 
2457026.483618 0.000000 0.000000     0.678209     2.617283 
2457027.414916 0.000000 0.000000     0.414564     2.618055 
2457028.346214 0.000000 0.000000     0.232611     2.618487 
2457029.277512 0.000000 0.000000     0.129815     2.618637 
2457030.208810 0.000000 0.000000     0.064023     2.618673 
2457031.140108 0.000000 0.000000     0.003562     2.618694 
2457032.071405 0.000000 0.000000    -0.046546     2.618702 
2457033.002703 0.000000 0.000000    -0.060451     2.618698 
2457033.934001 0.000000 0.000000    -0.028607     2.618708 
2457034.865299 0.000000 0.000000     0.022923     2.618740 
2457035.796597 0.000000 0.000000     0.051617     2.618785 
2457036.727895 0.000000 0.000000     0.038389     2.618825 
2457037.659193 0.000000 0.000000     0.007748     2.618841 
2457038.590490 0.000000 0.000000     0.003370     2.618851 
2457039.521788 0.000000 0.000000     0.036889     2.618855 
2457040.453086 0.000000 0.000000     0.059351     2.618839 
2457041.384384 0.000000 0.000000    -0.006823     2.618836 
2457042.315682 0.000000 0.000000    -0.188629     2.618345 
2457043.246980 0.000000 0.000000    -0.399021     2.615931 
2457044.178277 0.000000 0.000000    -0.454532     2.611133 
2457045.109575 0.000000 0.000000    -0.183598     2.606504 
2457046.040873 0.000000 0.000000     0.440076     2.604915 
2457046.972171 0.000000 0.000000     1.238564     2.605223 
2457047.903469 0.000000 0.000000     1.902851     2.604474 
2457048.834767 0.000000 0.000000     2.162749     2.603417 
2457049.766065 0.000000 0.000000     1.942926     2.605250 
2457050.697362 0.000000 0.000000     1.397423     2.609939 
2457051.628660 0.000000 0.000000     0.799265     2.614266 
2457052.559958 0.000000 0.000000     0.365849     2.616391 
2457053.491256 0.000000 0.000000     0.144960     2.616945 
2457054.422554 0.000000 0.000000     0.035599     2.616975 
2457055.353852 0.000000 0.000000    -0.088081     2.617004 
2457056.285150 0.000000 0.000000    -0.258451     2.617134 
2457057.216447 0.000000 0.000000    -0.397379     2.617186 
2457058.147745 0.000000 0.000000    -0.405280     2.617152 
2457059.079043 0.000000 0.000000    -0.269182     2.617289 
2457060.010341 0.000000 0.000000    -0.088210     2.617709 
2457060.941639 0.000000 0.000000     0.009274     2.618279 
2457061.872937 0.000000 0.000000    -0.018385     2.618701 
2457062.804235 0.000000 0.000000    -0.088386     2.618797 
2457063.735532 0.000000 0.000000    -0.079270     2.618806 
2457064.666830 0.000000 0.000000     0.030027     2.618831 
2457065.598128 0.000000 0.000000     0.101520     2.618782 
2457066.529426 0.000000 0.000000    -0.060438     2.618815 
2457067.460724 0.000000 0.000000    -0.506039     2.616165 
2457068.392022 0.000000 0.000000    -1.002695     2.603225 
2457069.323319 0.000000 0.000000    -1.109294     2.577672 
2457070.254617 0.000000 0.000000    -0.454285     2.553011 
2457071.185915 0.000000 0.000000     0.963400     2.544667 
2457072.117213 0.000000 0.000000     2.681733     2.546947 
2457073.048511 0.000000 0.000000     3.992947     2.545056 
2457073.979809 0.000000 0.000000     4.348604     2.542414 
2457074.911107 0.000000 0.000000     3.680673     2.553074 
2457075.842404 0.000000 0.000000     2.414520     2.575175 
2457076.773702 0.000000 0.000000     1.167851     2.593923 
2457077.705000 0.000000 0.000000     0.356514     2.602364 
2457078.636298 0.000000 0.000000    -0.011066     2.603874 
2457079.567596 0.000000 0.000000    -0.222134     2.603185 
2457080.498894 0.000000 0.000000    -0.548834     2.602935 
2457081.430192 0.000000 0.000000    -1.002197     2.603580 
2457082.361489 0.000000 0.000000    -1.344661     2.603851 
2457083.292787 0.000000 0.000000    -1.330206     2.603658 
2457084.224085 0.000000 0.000000    -0.949582     2.605038 
2457085.155383 0.000000 0.000000    -0.459772     2.609136 
2457086.086681 0.000000 0.000000    -0.170233     2.614302 
2457087.017979 0.000000 0.000000    -0.177940     2.617685 
2457087.949276 0.000000 0.000000    -0.296453     2.618487 
2457088.880574 0.000000 0.000000    -0.256952     2.618540 
2457089.811872 0.000000 0.000000    -0.008680     2.618620 
2457090.743170 0.000000 0.000000     0.167527     2.618462 
2457091.674468 0.000000 0.000000    -0.119472     2.618733 
2457092.605766 0.000000 0.000000    -0.959842     2.609714 
2457093.537064 0.000000 0.000000    -1.889964     2.565122 
2457094.468361 0.000000 0.000000    -2.070293     2.473882 
2457095.399659 0.000000 0.000000    -0.841079     2.379661 
2457096.330957 0.000000 0.000000     1.724163     2.345818 
2457097.262255 0.000000 0.000000     4.703641     2.357226 
2457098.193553 0.000000 0.000000     6.797689     2.358075 
2457099.124851 0.000000 0.000000     7.098799     2.356907 
2457100.056149 0.000000 0.000000     5.631872     2.397004 
2457100.987446 0.000000 0.000000     3.282849     2.466543 
2457101.918744 0.000000 0.000000     1.174610     2.520097 
2457102.850042 0.000000 0.000000    -0.049419     2.541833 
2457103.781340 0.000000 0.000000    -0.521383     2.542847 
2457104.712638 0.000000 0.000000    -0.849509     2.537448 
2457105.643936 0.000000 0.000000    -1.508421     2.535444 
2457106.575233 0.000000 0.000000    -2.425304     2.538218 
2457107.506531 0.000000 0.000000    -3.079280     2.539334 
2457108.437829 0.000000 0.000000    -2.994768     2.538434 
2457109.369127 0.000000 0.000000    -2.186733     2.546526 
2457110.300425 0.000000 0.000000    -1.171396     2.569607 
2457111.231723 0.000000 0.000000    -0.539200     2.596803 
2457112.163021 0.000000 0.000000    -0.470511     2.613206 
2457113.094318 0.000000 0.000000    -0.628362     2.617228 
2457114.025616 0.000000 0.000000    -0.532704     2.617613 
2457114.956914 0.000000 0.000000    -0.084075     2.617816 
2457115.888212 0.000000 0.000000     0.257590     2.617484 
2457116.819510 0.000000 0.000000    -0.140191     2.618587 
2457117.750808 0.000000 0.000000    -1.409283     2.598642 
2457118.682106 0.000000 0.000000    -2.805930     2.497252 
2457119.613403 0.000000 0.000000    -3.042955     2.270037 
2457120.544701 0.000000 0.000000    -1.185514     1.980312 
2457121.475999 0.000000 0.000000     2.530891     1.848885 
2457122.407297 0.000000 0.000000     6.623071     1.903807 
2457123.338595 0.000000 0.000000     9.173373     1.934070 
2457124.269893 0.000000 0.000000     9.009888     1.945785 
2457125.201191 0.000000 0.000000     6.422278     2.052403 
2457126.132488 0.000000 0.000000     2.898964     2.209781 
2457127.063786 0.000000 0.000000     0.087070     2.318591 
2457127.995084 0.000000 0.000000    -1.255888     2.357414 
2457128.926382 0.000000 0.000000    -1.569267     2.349314 
2457129.857680 0.000000 0.000000    -1.894363     2.326838 
2457130.788978 0.000000 0.000000    -2.907638     2.320214 
2457131.720275 0.000000 0.000000    -4.364798     2.331786 
2457132.651573 0.000000 0.000000    -5.365145     2.335652 
2457133.582871 0.000000 0.000000    -5.163167     2.331844 
2457134.514169 0.000000 0.000000    -3.821828     2.365803 
2457135.445467 0.000000 0.000000    -2.164821     2.455504 
2457136.376765 0.000000 0.000000    -1.094058     2.549809 
2457137.308063 0.000000 0.000000    -0.877061     2.601310 
2457138.239360 0.000000 0.000000    -1.022901     2.614039 
2457139.170658 0.000000 0.000000    -0.844232     2.615612 
2457140.101956 0.000000 0.000000    -0.191475     2.616019 
2457141.033254 0.000000 0.000000     0.327178     2.615638 
2457141.964552 0.000000 0.000000    -0.105873     2.618385 
2457142.895850 0.000000 0.000000    -1.633319     2.590489 
2457143.827148 0.000000 0.000000    -3.290570     2.447688 
2457144.758445 0.000000 0.000000    -3.505986     2.109673 
2457145.689743 0.000000 0.000000    -1.259465     1.541464 
2457146.621041 0.000000 0.000000     2.970060     1.003495 
2457147.552339 0.000000 0.000000     7.263177     1.330871 
2457148.483637 0.000000 0.000000     9.390623     1.469512 
2457149.414935 0.000000 0.000000     8.250732     1.413562 
2457150.346232 0.000000 0.000000     4.574307     1.471347 
2457151.277530 0.000000 0.000000     0.377804     1.696111 
2457152.208828 0.000000 0.000000    -2.427332     1.874579 
2457153.140126 0.000000 0.000000    -3.242690     1.936044 
2457154.071424 0.000000 0.000000    -2.949526     1.893803 
2457155.002722 0.000000 0.000000    -2.990680     1.814442 
2457155.934020 0.000000 0.000000    -4.143163     1.802703 
2457156.865317 0.000000 0.000000    -5.943381     1.857775 
2457157.796615 0.000000 0.000000    -7.158187     1.872113 
2457158.727913 0.000000 0.000000    -6.848139     1.855630 
2457159.659211 0.000000 0.000000    -5.127849     1.984386 
2457160.590509 0.000000 0.000000    -3.028129     2.253347 
2457161.521807 0.000000 0.000000    -1.632264     2.476100 
2457162.453105 0.000000 0.000000    -1.248204     2.582398 
2457163.384402 0.000000 0.000000    -1.309133     2.609002 
2457164.315700 0.000000 0.000000    -1.043575     2.613176 
2457165.246998 0.000000 0.000000    -0.285063     2.613921 
2457166.178296 0.000000 0.000000     0.326824     2.613853 
2457167.109594 0.000000 0.000000    -0.035101     2.618186 
2457168.040892 0.000000 0.000000    -1.474906     2.594876 
2457168.972189 0.000000 0.000000    -3.002359     2.481132 
2457169.903487 0.000000 0.000000    -3.124342     2.249254 
2457170.834785 0.000000 0.000000    -1.016585     1.971151 
2457171.766083 0.000000 0.000000     2.644902     1.847628 
2457172.697381 0.000000 0.000000     5.919080     1.909643 
2457173.628679 0.000000 0.000000     6.824561     1.913967 
2457174.559977 0.000000 0.000000     4.690181     1.713714 
2457175.491274 0.000000 0.000000     0.630343     1.263254 
2457176.422572 0.000000 0.000000    -3.219095     0.852971 
2457177.353870 0.000000 0.000000    -5.143978     1.265515 
2457178.285168 0.000000 0.000000    -4.917626     1.436596 
2457179.216466 0.000000 0.000000    -3.743838     1.327515 
2457180.147764 0.000000 0.000000    -3.195356     0.993606 
2457181.079062 0.000000 0.000000    -4.004127     0.970212 
2457182.010359 0.000000 0.000000    -5.611245     1.274232 
2457182.941657 0.000000 0.000000    -6.742285     1.331061 
2457183.872955 0.000000 0.000000    -6.470907     1.275628 
2457184.804253 0.000000 0.000000    -4.903571     1.634139 
2457185.735551 0.000000 0.000000    -2.990129     2.108024 
2457186.666849 0.000000 0.000000    -1.700125     2.420414 
2457187.598147 0.000000 0.000000    -1.292374     2.562319 
2457188.529444 0.000000 0.000000    -1.266898     2.602747 
2457189.460742 0.000000 0.000000    -0.972707     2.611606 
2457190.392040 0.000000 0.000000    -0.286236     2.613335 
2457191.323338 0.000000 0.000000     0.260263     2.613794 
2457192.254636 0.000000 0.000000     0.018264     2.617999 
2457193.185934 0.000000 0.000000    -1.054931     2.606211 
2457194.117231 0.000000 0.000000    -2.162664     2.551521 
2457195.048529 0.000000 0.000000    -2.198799     2.460163 
2457195.979827 0.000000 0.000000    -0.662660     2.375473 
2457196.911125 0.000000 0.000000     1.784102     2.344904 
2457197.842423 0.000000 0.000000     3.623281     2.356032 
2457198.773721 0.000000 0.000000     3.487462     2.322668 
2457199.705019 0.000000 0.000000     1.142621     2.171490 
2457200.636316 0.000000 0.000000    -2.291544     1.934070 
2457201.567614 0.000000 0.000000    -5.061810     1.798464 
2457202.498912 0.000000 0.000000    -5.923286     1.859982 
2457203.430210 0.000000 0.000000    -4.884994     1.926590 
2457204.361508 0.000000 0.000000    -3.059002     1.884853 
2457205.292806 0.000000 0.000000    -1.786475     1.745324 
2457206.224104 0.000000 0.000000    -1.720877     1.607921 
2457207.155401 0.000000 0.000000    -2.518083     1.598726 
2457208.086699 0.000000 0.000000    -3.275177     1.638285 
2457209.017997 0.000000 0.000000    -3.294233     1.642429 
2457209.949295 0.000000 0.000000    -2.558488     1.779984 
2457210.880593 0.000000 0.000000    -1.606101     2.091874 
2457211.811891 0.000000 0.000000    -0.994483     2.370089 
2457212.743188 0.000000 0.000000    -0.847257     2.527601 
2457213.674486 0.000000 0.000000    -0.847522     2.590094 
2457214.605784 0.000000 0.000000    -0.626815     2.609221 
2457215.537082 0.000000 0.000000    -0.162638     2.613651 
2457216.468380 0.000000 0.000000     0.185285     2.614772 
2457217.399678 0.000000 0.000000     0.031909     2.617632 
2457218.330976 0.000000 0.000000    -0.609783     2.614334 
2457219.262273 0.000000 0.000000    -1.236709     2.597068 
2457220.193571 0.000000 0.000000    -1.216407     2.572179 
2457221.124869 0.000000 0.000000    -0.330934     2.551449 
2457222.056167 0.000000 0.000000     0.943992     2.544046 
2457222.987465 0.000000 0.000000     1.685707     2.544335 
2457223.918763 0.000000 0.000000     1.151393     2.519512 
2457224.850061 0.000000 0.000000    -0.665364     2.444514 
2457225.781358 0.000000 0.000000    -2.960820     2.352793 
2457226.712656 0.000000 0.000000    -4.593063     2.314184 
2457227.643954 0.000000 0.000000    -4.771142     2.335863 
2457228.575252 0.000000 0.000000    -3.492419     2.350851 
2457229.506550 0.000000 0.000000    -1.461244     2.286239 
2457230.437848 0.000000 0.000000     0.402891     2.087004 
2457231.369145 0.000000 0.000000     1.496725     1.757416 
2457232.300443 0.000000 0.000000     1.760446     1.513401 
2457233.231741 0.000000 0.000000     1.521164     1.584335 
2457234.163039 0.000000 0.000000     1.151073     1.648493 
2457235.094337 0.000000 0.000000     0.824937     1.677772 
2457236.025635 0.000000 0.000000     0.521308     1.913982 
2457236.956933 0.000000 0.000000     0.188826     2.237253 
2457237.888230 0.000000 0.000000    -0.118586     2.461780 
2457238.819528 0.000000 0.000000    -0.266738     2.568265 
2457239.750826 0.000000 0.000000    -0.185093     2.604045 
2457240.682124 0.000000 0.000000     0.026889     2.612733 
2457241.613422 0.000000 0.000000     0.150509     2.614906 
2457242.544720 0.000000 0.000000     0.026756     2.617096 
2457243.476018 0.000000 0.000000    -0.290159     2.617538 
2457244.407315 0.000000 0.000000    -0.548819     2.614083 
2457245.338613 0.000000 0.000000    -0.493314     2.609500 
2457246.269911 0.000000 0.000000    -0.089666     2.605987 
2457247.201209 0.000000 0.000000     0.395920     2.604486 
2457248.132507 0.000000 0.000000     0.543442     2.603656 
2457249.063805 0.000000 0.000000     0.059291     2.593454 
2457249.995103 0.000000 0.000000    -1.001053     2.567542 
2457250.926400 0.000000 0.000000    -2.219929     2.540218 
2457251.857698 0.000000 0.000000    -3.022110     2.531031 
2457252.788996 0.000000 0.000000    -2.965454     2.537312 
2457253.720294 0.000000 0.000000    -1.945815     2.524409 
2457254.651592 0.000000 0.000000    -0.218225     2.423706 
2457255.582890 0.000000 0.000000     1.743091     2.150773 
2457256.514187 0.000000 0.000000     3.443171     1.640138 
2457257.445485 0.000000 0.000000     4.522226     0.973656 
2457258.376783 0.000000 0.000000     4.826015     1.226541 
2457259.308081 0.000000 0.000000     4.404373     1.374221 
2457260.239379 0.000000 0.000000     3.468819     1.360499 
2457261.170677 0.000000 0.000000     2.325248     1.716957 
2457262.101975 0.000000 0.000000     1.284686     2.152032 
2457263.033272 0.000000 0.000000     0.565866     2.429996 
2457263.964570 0.000000 0.000000     0.226415     2.558934 
2457264.895868 0.000000 0.000000     0.163409     2.601799 
2457265.827166 0.000000 0.000000     0.191943     2.612263 
2457266.758464 0.000000 0.000000     0.160221     2.615050 
2457267.689762 0.000000 0.000000     0.031061     2.617087 
2457268.621060 0.000000 0.000000    -0.120136     2.618344 
2457269.552357 0.000000 0.000000    -0.183672     2.618070 
2457270.483655 0.000000 0.000000    -0.110695     2.617537 
2457271.414953 0.000000 0.000000     0.041953     2.617157 
2457272.346251 0.000000 0.000000     0.143730     2.616845 
2457273.277549 0.000000 0.000000     0.070567     2.616608 
2457274.208847 0.000000 0.000000    -0.223066     2.614078 
2457275.140144 0.000000 0.000000    -0.679828     2.608202 
2457276.071442 0.000000 0.000000    -1.162201     2.602652 
2457277.002740 0.000000 0.000000    -1.494229     2.601249 
2457277.934038 0.000000 0.000000    -1.499637     2.599208 
2457278.865336 0.000000 0.000000    -1.038162     2.563375 
2457279.796634 0.000000 0.000000    -0.054190     2.423317 
2457280.727932 0.000000 0.000000     1.365896     2.105393 
2457281.659229 0.000000 0.000000     2.963458     1.596288 
2457282.590527 0.000000 0.000000     4.350940     1.229407 
2457283.521825 0.000000 0.000000     5.141690     1.406453 
2457284.453123 0.000000 0.000000     5.116925     1.441039 
2457285.384421 0.000000 0.000000     4.337091     1.486851 
2457286.315719 0.000000 0.000000     3.121460     1.864206 
2457287.247017 0.000000 0.000000     1.895259     2.242480 
2457288.178314 0.000000 0.000000     0.988851     2.471207 
2457289.109612 0.000000 0.000000     0.506472     2.572536 
2457290.040910 0.000000 0.000000     0.335869     2.605155 
2457290.972208 0.000000 0.000000     0.275996     2.613188 
2457291.903506 0.000000 0.000000     0.185280     2.615749 
2457292.834804 0.000000 0.000000     0.050929     2.617676 
2457293.766102 0.000000 0.000000    -0.052039     2.618578 
2457294.697399 0.000000 0.000000    -0.059550     2.618588 
2457295.628697 0.000000 0.000000     0.012802     2.618621 
2457296.559995 0.000000 0.000000     0.082494     2.618440 
2457297.491293 0.000000 0.000000     0.072304     2.618361 
2457298.422591 0.000000 0.000000    -0.028280     2.618539 
2457299.353889 0.000000 0.000000    -0.167039     2.618061 
2457300.285186 0.000000 0.000000    -0.289667     2.617343 
2457301.216484 0.000000 0.000000    -0.394090     2.616778 
2457302.147782 0.000000 0.000000    -0.519267     2.616724 
2457303.079080 0.000000 0.000000    -0.670015     2.610837 
2457304.010378 0.000000 0.000000    -0.745635     2.556129 
2457304.941676 0.000000 0.000000    -0.551843     2.367732 
2457305.872974 0.000000 0.000000     0.084129     1.961942 
2457306.804271 0.000000 0.000000     1.163314     1.295126 
2457307.735569 0.000000 0.000000     2.442673     1.007072 
2457308.666867 0.000000 0.000000     3.513224     1.341966 
2457309.598165 0.000000 0.000000     3.998935     1.324830 
2457310.529463 0.000000 0.000000     3.756495     1.479807 
2457311.460761 0.000000 0.000000     2.947307     1.949893 
2457312.392059 0.000000 0.000000     1.935559     2.314033 
2457313.323356 0.000000 0.000000     1.081852     2.508809 
2457314.254654 0.000000 0.000000     0.567177     2.585834 
2457315.185952 0.000000 0.000000     0.351549     2.608379 
2457316.117250 0.000000 0.000000     0.271487     2.613949 
2457317.048548 0.000000 0.000000     0.186806     2.616212 
2457317.979846 0.000000 0.000000     0.067202     2.618119 
2457318.911143 0.000000 0.000000    -0.029222     2.618739 
2457319.842441 0.000000 0.000000    -0.044289     2.618620 
2457320.773739 0.000000 0.000000     0.011764     2.618740 
2457321.705037 0.000000 0.000000     0.068708     2.618536 
2457322.636335 0.000000 0.000000     0.064807     2.618489 
2457323.567633 0.000000 0.000000     0.005191     2.618794 
2457324.498931 0.000000 0.000000    -0.048090     2.618581 
2457325.430228 0.000000 0.000000    -0.047472     2.618558 
2457326.361526 0.000000 0.000000    -0.025308     2.618674 
2457327.292824 0.000000 0.000000    -0.084217     2.618700 
2457328.224122 0.000000 0.000000    -0.305301     2.613324 
2457329.155420 0.000000 0.000000    -0.642968     2.564775 
2457330.086718 0.000000 0.000000    -0.899899     2.404436 
2457331.018016 0.000000 0.000000    -0.823535     2.099114 
2457331.949313 0.000000 0.000000    -0.272503     1.777977 
2457332.880611 0.000000 0.000000     0.660830     1.744706 
2457333.811909 0.000000 0.000000     1.665574     1.835024 
2457334.743207 0.000000 0.000000     2.367628     1.831366 
2457335.674505 0.000000 0.000000     2.529733     1.903501 
2457336.605803 0.000000 0.000000     2.168949     2.157145 
2457337.537100 0.000000 0.000000     1.521169     2.402877 
2457338.468398 0.000000 0.000000     0.886048     2.542645 
2457339.399696 0.000000 0.000000     0.460983     2.596730 
2457340.330994 0.000000 0.000000     0.268192     2.611707 
2457341.262292 0.000000 0.000000     0.203620     2.615385 
2457342.193590 0.000000 0.000000     0.150269     2.617005 
2457343.124888 0.000000 0.000000     0.064539     2.618403 
2457344.056185 0.000000 0.000000    -0.019172     2.618839 
2457344.987483 0.000000 0.000000    -0.048783     2.618712 
2457345.918781 0.000000 0.000000    -0.015502     2.618789 
2457346.850079 0.000000 0.000000     0.038005     2.618657 
2457347.781377 0.000000 0.000000     0.061919     2.618608 
2457348.712675 0.000000 0.000000     0.047838     2.618826 
2457349.643973 0.000000 0.000000     0.032024     2.618704 
2457350.575270 0.000000 0.000000     0.048078     2.618683 
2457351.506568 0.000000 0.000000     0.073770     2.618802 
2457352.437866 0.000000 0.000000     0.027624     2.618815 
2457353.369164 0.000000 0.000000    -0.168915     2.616066 
2457354.300462 0.000000 0.000000    -0.506601     2.590902 
2457355.231760 0.000000 0.000000    -0.851862     2.511940 
2457356.163058 0.000000 0.000000    -1.000932     2.384714 
2457357.094355 0.000000 0.000000    -0.800220     2.286789 
2457358.025653 0.000000 0.000000    -0.254325     2.279713 
2457358.956951 0.000000 0.000000     0.455487     2.303704 
2457359.888249 0.000000 0.000000     1.061108     2.304312 
2457360.819547 0.000000 0.000000     1.350701     2.326203 
2457361.750845 0.000000 0.000000     1.274408     2.411669 
2457362.682142 0.000000 0.000000     0.949428     2.514276 
2457363.613440 0.000000 0.000000     0.570474     2.580821 
2457364.544738 0.000000 0.000000     0.292047     2.607873 
2457365.476036 0.000000 0.000000     0.159148     2.615378 
2457366.407334 0.000000 0.000000     0.120321     2.617209 
2457367.338632 0.000000 0.000000     0.096693     2.617993 
2457368.269930 0.000000 0.000000     0.047676     2.618654 
2457369.201227 0.000000 0.000000    -0.011802     2.618877 
2457370.132525 0.000000 0.000000    -0.043044     2.618813 
2457371.063823 0.000000 0.000000    -0.027470     2.618832 
2457371.995121 0.000000 0.000000     0.016657     2.618774 
2457372.926419 0.000000 0.000000     0.054328     2.618740 
2457373.857717 0.000000 0.000000     0.066626     2.618831 
2457374.789015 0.000000 0.000000     0.063115     2.618790 
2457375.720312 0.000000 0.000000     0.062063     2.618768 
2457376.651610 0.000000 0.000000     0.058473     2.618820 
2457377.582908 0.000000 0.000000     0.013497     2.618823 
2457378.514206 0.000000 0.000000    -0.118260     2.617941 
2457379.445504 0.000000 0.000000    -0.340889     2.609732 
2457380.376802 0.000000 0.000000    -0.588226     2.584628 
2457381.308099 0.000000 0.000000    -0.743826     2.547249 
2457382.239397 0.000000 0.000000    -0.704519     2.521148 
2457383.170695 0.000000 0.000000    -0.447521     2.519235 
2457384.101993 0.000000 0.000000    -0.054362     2.525428 
2457385.033291 0.000000 0.000000     0.327621     2.525933 
2457385.964589 0.000000 0.000000     0.563281     2.531842 
2457386.895887 0.000000 0.000000     0.597845     2.555018 
2457387.827184 0.000000 0.000000     0.474036     2.585209 
2457388.758482 0.000000 0.000000     0.292401     2.606295 
2457389.689780 0.000000 0.000000     0.146043     2.615240 
2457390.621078 0.000000 0.000000     0.073577     2.617758 
2457391.552376 0.000000 0.000000     0.056002     2.618368 
2457392.483674 0.000000 0.000000     0.050129     2.618615 
2457393.414972 0.000000 0.000000     0.028088     2.618814 
2457394.346269 0.000000 0.000000    -0.005814     2.618887 
2457395.277567 0.000000 0.000000    -0.027707     2.618866 
2457396.208865 0.000000 0.000000    -0.019996     2.618861 
2457397.140163 0.000000 0.000000     0.012791     2.618836 
2457398.071461 0.000000 0.000000     0.049202     2.618820 
2457399.002759 0.000000 0.000000     0.069137     2.618843 
2457399.934056 0.000000 0.000000     0.067399     2.618835 
2457400.865354 0.000000 0.000000     0.051171     2.618823 
2457401.796652 0.000000 0.000000     0.025799     2.618830 
2457402.727950 0.000000 0.000000    -0.015834     2.618828 
2457403.659248 0.000000 0.000000    -0.088342     2.618649 
2457404.590546 0.000000 0.000000    -0.195654     2.616958 
2457405.521844 0.000000 0.000000    -0.315156     2.611822 
2457406.453141 0.000000 0.000000    -0.400097     2.604391 
2457407.384439 0.000000 0.000000    -0.402929     2.599389 
2457408.315737 0.000000 0.000000    -0.305495     2.599058 
2457409.247035 0.000000 0.000000    -0.134942     2.600246 
2457410.178333 0.000000 0.000000     0.047120     2.600375 
2457411.109631 0.000000 0.000000     0.176535     2.601574 
2457412.040929 0.000000 0.000000     0.219482     2.606100 
2457412.972226 0.000000 0.000000     0.185905     2.612072 
2457413.903524 0.000000 0.000000     0.116758     2.616323 
2457414.834822 0.000000 0.000000     0.055748     2.618152 
2457415.766120 0.000000 0.000000     0.025126     2.618668 
2457416.697418 0.000000 0.000000     0.019940     2.618792 
2457417.628716 0.000000 0.000000     0.020890     2.618839 
2457418.560014 0.000000 0.000000     0.013430     2.618876 
2457419.491311 0.000000 0.000000    -0.001450     2.618889 
2457420.422609 0.000000 0.000000    -0.010957     2.618881 
2457421.353907 0.000000 0.000000    -0.003388     2.618870 
2457422.285205 0.000000 0.000000     0.021138     2.618852 
2457423.216503 0.000000 0.000000     0.050143     2.618842 
2457424.147801 0.000000 0.000000     0.067658     2.618845 
2457425.079098 0.000000 0.000000     0.064614     2.618845 
2457426.010396 0.000000 0.000000     0.042831     2.618839 
2457426.941694 0.000000 0.000000     0.010737     2.618835 
2457427.872992 0.000000 0.000000    -0.024257     2.618836 
2457428.804290 0.000000 0.000000    -0.059798     2.618822 
2457429.735588 0.000000 0.000000    -0.096065     2.618626 
2457430.666886 0.000000 0.000000    -0.129867     2.618025 
2457431.598183 0.000000 0.000000    -0.151672     2.617184 
2457432.529481 0.000000 0.000000    -0.149390     2.616656 
2457433.460779 0.000000 0.000000    -0.116853     2.616653 
2457434.392077 0.000000 0.000000    -0.060502     2.616785 
2457435.323375 0.000000 0.000000     0.001472     2.616792 
2457436.254673 0.000000 0.000000     0.047941     2.616946 
2457437.185971 0.000000 0.000000     0.066047     2.617479 
2457438.117268 0.000000 0.000000     0.057387     2.618154 
2457439.048566 0.000000 0.000000     0.035245     2.618620 
2457439.979864 0.000000 0.000000     0.015205     2.618815 
2457440.911162 0.000000 0.000000     0.005860     2.618868 
2457441.842460 0.000000 0.000000     0.005702     2.618881 
2457442.773758 0.000000 0.000000     0.007429     2.618885 
2457443.705055 0.000000 0.000000     0.005555     2.618889 
2457444.636353 0.000000 0.000000     0.001274     2.618889 
2457445.567651 0.000000 0.000000     0.001150     2.618883 
2457446.498949 0.000000 0.000000     0.011120     2.618869 
2457447.430247 0.000000 0.000000     0.030729     2.618850 
2457448.361545 0.000000 0.000000     0.052081     2.618839 
2457449.292843 0.000000 0.000000     0.064255     2.618840 
2457450.224140 0.000000 0.000000     0.059950     2.618842 
2457451.155438 0.000000 0.000000     0.039714     2.618839 
2457452.086736 0.000000 0.000000     0.011182     2.618837 
2457453.018034 0.000000 0.000000    -0.015644     2.618846 
2457453.949332 0.000000 0.000000    -0.033534     2.618859 
2457454.880630 0.000000 0.000000    -0.040365     2.618857 
2457455.811928 0.000000 0.000000    -0.037953     2.618825 
2457456.743225 0.000000 0.000000    -0.029248     2.618779 
2457457.674523 0.000000 0.000000    -0.016438     2.618751 
2457458.605821 0.000000 0.000000    -0.001120     2.618750 
2457459.537119 0.000000 0.000000     0.014415     2.618755 
2457460.468417 0.000000 0.000000     0.026644     2.618754 
2457461.399715 0.000000 0.000000     0.032059     2.618764 
2457462.331012 0.000000 0.000000     0.029375     2.618796 
2457463.262310 0.000000 0.000000     0.020782     2.618837 
2457464.193608 0.000000 0.000000     0.010947     2.618867 
2457465.124906 0.000000 0.000000     0.004224     2.618883 
2457466.056204 0.000000 0.000000     0.002098     2.618888 
2457466.987502 0.000000 0.000000     0.002802     2.618889 
2457467.918800 0.000000 0.000000     0.003391     2.618890 
2457468.850097 0.000000 0.000000     0.002642     2.618890 
2457469.781395 0.000000 0.000000     0.002432     2.618889 
2457470.712693 0.000000 0.000000     0.006417     2.618885 
2457471.643991 0.000000 0.000000     0.016905     2.618872 
2457472.575289 0.000000 0.000000     0.032266     2.618856 
2457473.506587 0.000000 0.000000     0.046919     2.618847 
2457474.437885 0.000000 0.000000     0.054108     2.618848 
2457475.369182 0.000000 0.000000     0.049707     2.618850 
2457476.300480 0.000000 0.000000     0.034611     2.618849 
2457477.231778 0.000000 0.000000     0.014294     2.618850 
2457478.163076 0.000000 0.000000    -0.003989     2.618860 
2457479.094374 0.000000 0.000000    -0.014509     2.618873 
2457480.025672 0.000000 0.000000    -0.015025     2.618880 
2457480.956970 0.000000 0.000000    -0.006743     2.618878 
2457481.888267 0.000000 0.000000     0.007043     2.618866 
2457482.819565 0.000000 0.000000     0.022439     2.618849 
2457483.750863 0.000000 0.000000     0.035832     2.618839 
2457484.682161 0.000000 0.000000     0.044295     2.618838 
2457485.613459 0.000000 0.000000     0.045997     2.618840 
2457486.544757 0.000000 0.000000     0.040819     2.618840 
2457487.476054 0.000000 0.000000     0.030715     2.618844 
2457488.407352 0.000000 0.000000     0.019207     2.618856 
2457489.338650 0.000000 0.000000     0.009899     2.618872 
2457490.269948 0.000000 0.000000     0.004750     2.618883 
2457491.201246 0.000000 0.000000     0.003273     2.618888 
2457492.132544 0.000000 0.000000     0.003293     2.618889 
2457493.063842 0.000000 0.000000     0.002839     2.618890 
2457493.995139 0.000000 0.000000     0.001819     2.618890 
2457494.926437 0.000000 0.000000     0.002215     2.618890 
2457495.857735 0.000000 0.000000     0.006574     2.618887 
2457496.789033 0.000000 0.000000     0.015831     2.618878 
2457497.720331 0.000000 0.000000     0.028039     2.618867 
2457498.651629 0.000000 0.000000     0.038959     2.618859 
2457499.582927 0.000000 0.000000     0.044197     2.618859 
2457500.514224 0.000000 0.000000     0.041512     2.618861 
2457501.445522 0.000000 0.000000     0.031873     2.618861 
2457502.376820 0.000000 0.000000     0.018767     2.618862 
2457503.308118 0.000000 0.000000     0.006405     2.618869 
2457504.239416 0.000000 0.000000    -0.001959     2.618878 
2457505.170714 0.000000 0.000000    -0.004742     2.618884 
2457506.102011 0.000000 0.000000    -0.001806     2.618880 
2457507.033309 0.000000 0.000000     0.006047     2.618866 
2457507.964607 0.000000 0.000000     0.017266     2.618850 
2457508.895905 0.000000 0.000000     0.029426     2.618842 
2457509.827203 0.000000 0.000000     0.039354     2.618843 
2457510.758501 0.000000 0.000000     0.043966     2.618844 
2457511.689799 0.000000 0.000000     0.041651     2.618844 
2457512.621096 0.000000 0.000000     0.033325     2.618849 
2457513.552394 0.000000 0.000000     0.022247     2.618861 
2457514.483692 0.000000 0.000000     0.012411     2.618876 
2457515.414990 0.000000 0.000000     0.006406     2.618885 
2457516.346288 0.000000 0.000000     0.004161     2.618889 
2457517.277586 0.000000 0.000000     0.003523     2.618890 
2457518.208884 0.000000 0.000000     0.002374     2.618890 
2457519.140181 0.000000 0.000000     0.000806     2.618890 
2457520.071479 0.000000 0.000000     0.001686     2.618890 
2457521.002777 0.000000 0.000000     0.008976     2.618883 
2457521.934075 0.000000 0.000000     0.024745     2.618858 
2457522.865373 0.000000 0.000000     0.046872     2.618815 
2457523.796671 0.000000 0.000000     0.069148     2.618776 
2457524.727968 0.000000 0.000000     0.083985     2.618764 
2457525.659266 0.000000 0.000000     0.086179     2.618772 
2457526.590564 0.000000 0.000000     0.075459     2.618774 
2457527.521862 0.000000 0.000000     0.056303     2.618775 
2457528.453160 0.000000 0.000000     0.035317     2.618796 
2457529.384458 0.000000 0.000000     0.017982     2.618834 
2457530.315756 0.000000 0.000000     0.006798     2.618865 
2457531.247053 0.000000 0.000000     0.001630     2.618872 
2457532.178351 0.000000 0.000000     0.001379     2.618861 
2457533.109649 0.000000 0.000000     0.005273     2.618846 
2457534.040947 0.000000 0.000000     0.012716     2.618840 
2457534.972245 0.000000 0.000000     0.022122     2.618843 
2457535.903543 0.000000 0.000000     0.030296     2.618844 
2457536.834841 0.000000 0.000000     0.033507     2.618844 
2457537.766138 0.000000 0.000000     0.029844     2.618851 
2457538.697436 0.000000 0.000000     0.020958     2.618865 
2457539.628734 0.000000 0.000000     0.011367     2.618878 
2457540.560032 0.000000 0.000000     0.005365     2.618886 
2457541.491330 0.000000 0.000000     0.003793     2.618889 
2457542.422628 0.000000 0.000000     0.003639     2.618890 
2457543.353926 0.000000 0.000000     0.001507     2.618890 
2457544.285223 0.000000 0.000000    -0.001252     2.618890 
2457545.216521 0.000000 0.000000     0.003918     2.618886 
2457546.147819 0.000000 0.000000     0.029338     2.618813 
2457547.079117 0.000000 0.000000     0.082705     2.618520 
2457548.010415 0.000000 0.000000     0.158954     2.617976 
2457548.941713 0.000000 0.000000     0.238615     2.617464 
2457549.873010 0.000000 0.000000     0.295283     2.617299 
2457550.804308 0.000000 0.000000     0.308641     2.617393 
2457551.735606 0.000000 0.000000     0.275205     2.617435 
2457552.666904 0.000000 0.000000     0.209852     2.617440 
2457553.598202 0.000000 0.000000     0.137118     2.617681 
2457554.529500 0.000000 0.000000     0.078028     2.618158 
2457555.460798 0.000000 0.000000     0.040997     2.618580 
2457556.392095 0.000000 0.000000     0.021951     2.618782 
2457557.323393 0.000000 0.000000     0.011974     2.618833 
2457558.254691 0.000000 0.000000     0.005585     2.618837 
2457559.185989 0.000000 0.000000     0.003306     2.618841 
2457560.117287 0.000000 0.000000     0.007612     2.618852 
2457561.048585 0.000000 0.000000     0.017194     2.618857 
2457561.979883 0.000000 0.000000     0.025610     2.618855 
2457562.911180 0.000000 0.000000     0.025996     2.618861 
2457563.842478 0.000000 0.000000     0.017439     2.618870 
2457564.773776 0.000000 0.000000     0.006477     2.618879 
2457565.705074 0.000000 0.000000     0.001344     2.618887 
2457566.636372 0.000000 0.000000     0.003768     2.618888 
2457567.567670 0.000000 0.000000     0.006743     2.618888 
2457568.498967 0.000000 0.000000     0.002672     2.618889 
2457569.430265 0.000000 0.000000    -0.003091     2.618888 
2457570.361563 0.000000 0.000000     0.014641     2.618853 
2457571.292861 0.000000 0.000000     0.091415     2.618193 
2457572.224159 0.000000 0.000000     0.249202     2.615596 
2457573.155457 0.000000 0.000000     0.472847     2.610840 
2457574.086755 0.000000 0.000000     0.705200     2.606439 
2457575.018052 0.000000 0.000000     0.868937     2.605104 
2457575.949350 0.000000 0.000000     0.904869     2.605942 
2457576.880648 0.000000 0.000000     0.803598     2.606279 
2457577.811946 0.000000 0.000000     0.609989     2.606356 
2457578.743244 0.000000 0.000000     0.397272     2.608509 
2457579.674542 0.000000 0.000000     0.227771     2.612654 
2457580.605840 0.000000 0.000000     0.125465     2.616280 
2457581.537137 0.000000 0.000000     0.075986     2.618050 
2457582.468435 0.000000 0.000000     0.049449     2.618584 
2457583.399733 0.000000 0.000000     0.026235     2.618713 
2457584.331031 0.000000 0.000000     0.006648     2.618773 
2457585.262329 0.000000 0.000000     0.000712     2.618845 
2457586.193627 0.000000 0.000000     0.011046     2.618874 
2457587.124925 0.000000 0.000000     0.026065     2.618862 
2457588.056222 0.000000 0.000000     0.029612     2.618871 
2457588.987520 0.000000 0.000000     0.016873     2.618868 
2457589.918818 0.000000 0.000000    -0.000121     2.618862 
2457590.850116 0.000000 0.000000    -0.004436     2.618885 
2457591.781414 0.000000 0.000000     0.007007     2.618880 
2457592.712712 0.000000 0.000000     0.017912     2.618878 
2457593.644009 0.000000 0.000000     0.011069     2.618886 
2457594.575307 0.000000 0.000000    -0.000665     2.618881 
2457595.506605 0.000000 0.000000     0.041096     2.618685 
2457596.437903 0.000000 0.000000     0.217839     2.615167 
2457597.369201 0.000000 0.000000     0.578898     2.601347 
2457598.300499 0.000000 0.000000     1.088011     2.575873 
2457599.231797 0.000000 0.000000     1.613575     2.552157 
2457600.163094 0.000000 0.000000     1.979788     2.545203 
2457601.094392 0.000000 0.000000     2.054138     2.549905 
2457602.025690 0.000000 0.000000     1.818174     2.551632 
2457602.956988 0.000000 0.000000     1.375800     2.552193 
2457603.888286 0.000000 0.000000     0.893468     2.564212 
2457604.819584 0.000000 0.000000     0.511543     2.586494 
2457605.750882 0.000000 0.000000     0.283327     2.605480 
2457606.682179 0.000000 0.000000     0.175607     2.614647 
2457607.613477 0.000000 0.000000     0.119759     2.617429 
2457608.544775 0.000000 0.000000     0.069296     2.618119 
2457609.476073 0.000000 0.000000     0.022282     2.618420 
2457610.407371 0.000000 0.000000     0.000426     2.618745 
2457611.338669 0.000000 0.000000     0.012360     2.618883 
2457612.269966 0.000000 0.000000     0.037661     2.618834 
2457613.201264 0.000000 0.000000     0.044870     2.618857 
2457614.132562 0.000000 0.000000     0.023229     2.618832 
2457615.063860 0.000000 0.000000    -0.005515     2.618790 
2457615.995158 0.000000 0.000000    -0.009600     2.618874 
2457616.926456 0.000000 0.000000     0.016654     2.618853 
2457617.857754 0.000000 0.000000     0.041973     2.618836 
2457618.789051 0.000000 0.000000     0.032982     2.618878 
2457619.720349 0.000000 0.000000     0.012468     2.618863 
2457620.651647 0.000000 0.000000     0.087911     2.618191 
2457621.582945 0.000000 0.000000     0.409036     2.606386 
2457622.514243 0.000000 0.000000     1.065249     2.559084 
2457623.445541 0.000000 0.000000     1.988285     2.467275 
2457624.376839 0.000000 0.000000     2.936736     2.375573 
2457625.308136 0.000000 0.000000     3.591700     2.348162 
2457626.239434 0.000000 0.000000     3.716242     2.367801 
2457627.170732 0.000000 0.000000     3.281443     2.374474 
2457628.102030 0.000000 0.000000     2.477994     2.377185 
2457629.033328 0.000000 0.000000     1.606256     2.425487 
2457629.964626 0.000000 0.000000     0.917351     2.508464 
2457630.895923 0.000000 0.000000     0.505917     2.574428 
2457631.827221 0.000000 0.000000     0.312612     2.605095 
2457632.758519 0.000000 0.000000     0.214942     2.614303 
2457633.689817 0.000000 0.000000     0.128410     2.616570 
2457634.621115 0.000000 0.000000     0.046179     2.617506 
2457635.552413 0.000000 0.000000     0.004025     2.618454 
2457636.483711 0.000000 0.000000     0.018002     2.618882 
2457637.415008 0.000000 0.000000     0.056530     2.618758 
2457638.346306 0.000000 0.000000     0.068924     2.618808 
2457639.277604 0.000000 0.000000     0.036842     2.618750 
2457640.208902 0.000000 0.000000    -0.006208     2.618632 
2457641.140200 0.000000 0.000000    -0.010221     2.618843 
2457642.071498 0.000000 0.000000     0.034304     2.618798 
2457643.002796 0.000000 0.000000     0.078943     2.618733 
2457643.934093 0.000000 0.000000     0.070823     2.618861 
2457644.865391 0.000000 0.000000     0.041560     2.618837 
2457645.796689 0.000000 0.000000     0.149999     2.617349 
2457646.727987 0.000000 0.000000     0.617426     2.591730 
2457647.659285 0.000000 0.000000     1.574123     2.485117 
2457648.590583 0.000000 0.000000     2.916698     2.252868 
2457649.521881 0.000000 0.000000     4.289162     1.963205 
2457650.453178 0.000000 0.000000     5.227079     1.859854 
2457651.384476 0.000000 0.000000     5.391156     1.939938 
2457652.315774 0.000000 0.000000     4.746954     1.963558 
2457653.247072 0.000000 0.000000     3.575898     1.975419 
2457654.178370 0.000000 0.000000     2.312548     2.139791 
2457655.109668 0.000000 0.000000     1.316206     2.368441 
2457656.040965 0.000000 0.000000     0.720553     2.523271 
2457656.972263 0.000000 0.000000     0.440405     2.590044 
2457657.903561 0.000000 0.000000     0.301480     2.609628 
2457658.834859 0.000000 0.000000     0.182258     2.614394 
2457659.766157 0.000000 0.000000     0.069137     2.616260 
2457660.697455 0.000000 0.000000     0.008709     2.618038 
2457661.628753 0.000000 0.000000     0.023217     2.618873 
2457662.560050 0.000000 0.000000     0.072447     2.618677 
2457663.491348 0.000000 0.000000     0.090551     2.618748 
2457664.422646 0.000000 0.000000     0.052819     2.618667 
2457665.353944 0.000000 0.000000     0.000950     2.618465 
2457666.285242 0.000000 0.000000    -0.001870     2.618799 
2457667.216540 0.000000 0.000000     0.057107     2.618741 
2457668.147838 0.000000 0.000000     0.118238     2.618605 
2457669.079135 0.000000 0.000000     0.115090     2.618830 
2457670.010433 0.000000 0.000000     0.082220     2.618815 
2457670.941731 0.000000 0.000000     0.205327     2.616718 
2457671.873029 0.000000 0.000000     0.742231     2.582027 
2457672.804327 0.000000 0.000000     1.841177     2.435030 
2457673.735625 0.000000 0.000000     3.376739     2.085049 
2457674.666922 0.000000 0.000000     4.934119     1.486721 
2457675.598220 0.000000 0.000000     5.981713     1.093335 
2457676.529518 0.000000 0.000000     6.140450     1.442753 
2457677.460816 0.000000 0.000000     5.383466     1.506761 
2457678.392114 0.000000 0.000000     4.039560     1.547794 
2457679.323412 0.000000 0.000000     2.602569     1.913431 
2457680.254710 0.000000 0.000000     1.474005     2.280994 
2457681.186007 0.000000 0.000000     0.799527     2.494793 
2457682.117305 0.000000 0.000000     0.481868     2.582225 
2457683.048603 0.000000 0.000000     0.326796     2.607497 
2457683.979901 0.000000 0.000000     0.198308     2.613592 
2457684.911199 0.000000 0.000000     0.077573     2.615863 
2457685.842497 0.000000 0.000000     0.011570     2.617887 
2457686.773795 0.000000 0.000000     0.023757     2.618866 
2457687.705092 0.000000 0.000000     0.073969     2.618685 
2457688.636390 0.000000 0.000000     0.095606     2.618741 
2457689.567688 0.000000 0.000000     0.062798     2.618672 
2457690.498986 0.000000 0.000000     0.015493     2.618465 
2457691.430284 0.000000 0.000000     0.015147     2.618779 
2457692.361582 0.000000 0.000000     0.074717     2.618737 
2457693.292879 0.000000 0.000000     0.137593     2.618580 
2457694.224177 0.000000 0.000000     0.139797     2.618801 
2457695.155475 0.000000 0.000000     0.110429     2.618806 
2457696.086773 0.000000 0.000000     0.216644     2.617058 
2457697.018071 0.000000 0.000000     0.689357     2.589587 
2457697.949369 0.000000 0.000000     1.658028     2.477405 
2457698.880667 0.000000 0.000000     3.006046     2.237755 
2457699.811964 0.000000 0.000000     4.362536     1.949904 
2457700.743262 0.000000 0.000000     5.260570     1.862272 
2457701.674560 0.000000 0.000000     5.375115     1.943870 
2457702.605858 0.000000 0.000000     4.692968     1.962759 
2457703.537156 0.000000 0.000000     3.508172     1.980548 
2457704.468454 0.000000 0.000000     2.251407     2.151462 
2457705.399752 0.000000 0.000000     1.267705     2.376884 
2457706.331049 0.000000 0.000000     0.679689     2.526992 
2457707.262347 0.000000 0.000000     0.402577     2.591588 
2457708.193645 0.000000 0.000000     0.269825     2.610604 
2457709.124943 0.000000 0.000000     0.163857     2.615189 
2457710.056241 0.000000 0.000000     0.065165     2.616822 
2457710.987539 0.000000 0.000000     0.010278     2.618189 
2457711.918837 0.000000 0.000000     0.018870     2.618868 
2457712.850134 0.000000 0.000000     0.060468     2.618772 
2457713.781432 0.000000 0.000000     0.082668     2.618793 
2457714.712730 0.000000 0.000000     0.063292     2.618755 
2457715.644028 0.000000 0.000000     0.030464     2.618622 
2457716.575326 0.000000 0.000000     0.029863     2.618795 
2457717.506624 0.000000 0.000000     0.072385     2.618781 
2457718.437921 0.000000 0.000000     0.117921     2.618678 
2457719.369219 0.000000 0.000000     0.120052     2.618802 
2457720.300517 0.000000 0.000000     0.098158     2.618816 
2457721.231815 0.000000 0.000000     0.169159     2.617957 
2457722.163113 0.000000 0.000000     0.494293     2.604822 
2457723.094411 0.000000 0.000000     1.162772     2.553698 
2457724.025709 0.000000 0.000000     2.091814     2.458348 
2457724.957006 0.000000 0.000000     3.023203     2.369694 
2457725.888304 0.000000 0.000000     3.634763     2.349103 
2457726.819602 0.000000 0.000000     3.704592     2.369472 
2457727.750900 0.000000 0.000000     3.226094     2.374056 
2457728.682198 0.000000 0.000000     2.402655     2.379456 
2457729.613496 0.000000 0.000000     1.530082     2.431662 
2457730.544794 0.000000 0.000000     0.845543     2.513753 
2457731.476091 0.000000 0.000000     0.435158     2.576900 
2457732.407389 0.000000 0.000000     0.243599     2.606166 
2457733.338687 0.000000 0.000000     0.157741     2.615064 
2457734.269985 0.000000 0.000000     0.094463     2.617241 
2457735.201283 0.000000 0.000000     0.035505     2.617994 
2457736.132581 0.000000 0.000000     0.002387     2.618579 
2457737.063878 0.000000 0.000000     0.009421     2.618876 
2457737.995176 0.000000 0.000000     0.039971     2.618845 
2457738.926474 0.000000 0.000000     0.061256     2.618844 
2457739.857772 0.000000 0.000000     0.055994     2.618823 
2457740.789070 0.000000 0.000000     0.036871     2.618763 
2457741.720368 0.000000 0.000000     0.029885     2.618822 
2457742.651666 0.000000 0.000000     0.044480     2.618822 
2457743.582963 0.000000 0.000000     0.062346     2.618780 
2457744.514261 0.000000 0.000000     0.060119     2.618824 
2457745.445559 0.000000 0.000000     0.048466     2.618835 
2457746.376857 0.000000 0.000000     0.090321     2.618575 
2457747.308155 0.000000 0.000000     0.273128     2.614552 
2457748.239453 0.000000 0.000000     0.645989     2.599288 
2457749.170751 0.000000 0.000000     1.164479     2.572685 
2457750.102048 0.000000 0.000000     1.686953     2.550182 
2457751.033346 0.000000 0.000000     2.033595     2.545280 
2457751.964644 0.000000 0.000000     2.076102     2.549768 
2457752.895942 0.000000 0.000000     1.803413     2.550257 
2457753.827240 0.000000 0.000000     1.323714     2.551436 
2457754.758538 0.000000 0.000000     0.804032     2.564883 
2457755.689835 0.000000 0.000000     0.387120     2.587039 
2457756.621133 0.000000 0.000000     0.135130     2.605013 
2457757.552431 0.000000 0.000000     0.026778     2.613811 
2457758.483729 0.000000 0.000000    -0.001980     2.616903 
2457759.415027 0.000000 0.000000    -0.008206     2.618015 
2457760.346325 0.000000 0.000000    -0.015303     2.618503 
2457761.277623 0.000000 0.000000    -0.018588     2.618756 
2457762.208920 0.000000 0.000000    -0.008185     2.618862 
2457763.140218 0.000000 0.000000     0.013714     2.618862 
2457764.071516 0.000000 0.000000     0.033514     2.618864 
2457765.002814 0.000000 0.000000     0.039392     2.618856 
2457765.934112 0.000000 0.000000     0.031920     2.618830 
2457766.865410 0.000000 0.000000     0.021950     2.618841 
2457767.796708 0.000000 0.000000     0.018910     2.618844 
2457768.728005 0.000000 0.000000     0.022003     2.618831 
2457769.659303 0.000000 0.000000     0.024140     2.618843 
2457770.590601 0.000000 0.000000     0.026307     2.618851 
2457771.521899 0.000000 0.000000     0.049071     2.618806 
2457772.453197 0.000000 0.000000     0.127786     2.618023 
2457773.384495 0.000000 0.000000     0.289783     2.615057 
2457774.315793 0.000000 0.000000     0.526899     2.610031 
2457775.247090 0.000000 0.000000     0.783395     2.605626 
2457776.178388 0.000000 0.000000     0.971808     2.603006 
2457777.109686 0.000000 0.000000     1.011794     2.599699 
2457778.040984 0.000000 0.000000     0.871230     2.594968 
2457778.972282 0.000000 0.000000     0.585586     2.592853 
2457779.903580 0.000000 0.000000     0.243513     2.595855 
2457780.834877 0.000000 0.000000    -0.053717     2.600672 
2457781.766175 0.000000 0.000000    -0.236352     2.603974 
2457782.697473 0.000000 0.000000    -0.290327     2.606912 
2457783.628771 0.000000 0.000000    -0.251042     2.611117 
2457784.560069 0.000000 0.000000    -0.174632     2.615259 
2457785.491367 0.000000 0.000000    -0.106344     2.617642 
2457786.422665 0.000000 0.000000    -0.063982     2.618483 
2457787.353962 0.000000 0.000000    -0.041794     2.618702 
2457788.285260 0.000000 0.000000    -0.026203     2.618768 
2457789.216558 0.000000 0.000000    -0.009096     2.618831 
2457790.147856 0.000000 0.000000     0.010073     2.618849 
2457791.079154 0.000000 0.000000     0.030918     2.618776 
2457792.010452 0.000000 0.000000     0.057670     2.618708 
2457792.941750 0.000000 0.000000     0.096206     2.618684 
2457793.873047 0.000000 0.000000     0.144792     2.618689 
2457794.804345 0.000000 0.000000     0.188799     2.618728 
2457795.735643 0.000000 0.000000     0.208175     2.618737 
2457796.666941 0.000000 0.000000     0.195416     2.618732 
2457797.598239 0.000000 0.000000     0.170022     2.618696 
2457798.529537 0.000000 0.000000     0.173846     2.618380 
2457799.460834 0.000000 0.000000     0.244079     2.617804 
2457800.392132 0.000000 0.000000     0.379112     2.615561 
2457801.323430 0.000000 0.000000     0.522637     2.605683 
2457802.254728 0.000000 0.000000     0.583263     2.583317 
2457803.186026 0.000000 0.000000     0.483686     2.556994 
2457804.117324 0.000000 0.000000     0.210953     2.544200 
2457805.048622 0.000000 0.000000    -0.165402     2.547399 
2457805.979919 0.000000 0.000000    -0.522194     2.551616 
2457806.911217 0.000000 0.000000    -0.743186     2.551635 
2457807.842515 0.000000 0.000000    -0.775388     2.559218 
2457808.773813 0.000000 0.000000    -0.648109     2.579367 
2457809.705111 0.000000 0.000000    -0.446642     2.600575 
2457810.636409 0.000000 0.000000    -0.261160     2.612728 
2457811.567707 0.000000 0.000000    -0.143846     2.616938 
2457812.499004 0.000000 0.000000    -0.096418     2.617996 
2457813.430302 0.000000 0.000000    -0.086386     2.618328 
2457814.361600 0.000000 0.000000    -0.072819     2.618495 
2457815.292898 0.000000 0.000000    -0.023005     2.618052 
2457816.224196 0.000000 0.000000     0.083621     2.616738 
2457817.155494 0.000000 0.000000     0.254387     2.615532 
2457818.086791 0.000000 0.000000     0.475899     2.615326 
2457819.018089 0.000000 0.000000     0.704391     2.615840 
2457819.949387 0.000000 0.000000     0.869697     2.616293 
2457820.880685 0.000000 0.000000     0.903946     2.616305 
2457821.811983 0.000000 0.000000     0.785347     2.616518 
2457822.743281 0.000000 0.000000     0.567244     2.617392 
2457823.674579 0.000000 0.000000     0.363123     2.618170 
2457824.605876 0.000000 0.000000     0.284917     2.618485 
2457825.537174 0.000000 0.000000     0.368022     2.612557 
2457826.468472 0.000000 0.000000     0.534001     2.579323 
2457827.399770 0.000000 0.000000     0.623655     2.499951 
2457828.331068 0.000000 0.000000     0.487854     2.400314 
2457829.262366 0.000000 0.000000     0.082129     2.349364 
2457830.193664 0.000000 0.000000    -0.495642     2.362013 
2457831.124961 0.000000 0.000000    -1.050365     2.376993 
2457832.056259 0.000000 0.000000    -1.390555     2.375683 
2457832.987557 0.000000 0.000000    -1.423292     2.406069 
2457833.918855 0.000000 0.000000    -1.189014     2.482716 
2457834.850153 0.000000 0.000000    -0.823416     2.557749 
2457835.781451 0.000000 0.000000    -0.478554     2.598721 
2457836.712749 0.000000 0.000000    -0.252835     2.612668 
2457837.644046 0.000000 0.000000    -0.162486     2.616151 
2457838.575344 0.000000 0.000000    -0.154210     2.617176 
2457839.506642 0.000000 0.000000    -0.137161     2.616865 
2457840.437940 0.000000 0.000000    -0.014917     2.612233 
2457841.369238 0.000000 0.000000     0.285685     2.602120 
2457842.300536 0.000000 0.000000     0.783537     2.592906 
2457843.231833 0.000000 0.000000     1.414605     2.591470 
2457844.163131 0.000000 0.000000     2.027349     2.595719 
2457845.094429 0.000000 0.000000     2.425537     2.598635 
2457846.025727 0.000000 0.000000     2.456027     2.598555 
2457846.957025 0.000000 0.000000     2.100187     2.600701 
2457847.888323 0.000000 0.000000     1.507887     2.607382 
2457848.819621 0.000000 0.000000     0.936384     2.613857 
2457849.750918 0.000000 0.000000     0.615173     2.617034 
2457850.682216 0.000000 0.000000     0.613107     2.605009 
2457851.613514 0.000000 0.000000     0.793142     2.531594 
2457852.544812 0.000000 0.000000     0.890191     2.340297 
2457853.476110 0.000000 0.000000     0.669292     2.049894 
2457854.407408 0.000000 0.000000     0.067999     1.863608 
2457855.338706 0.000000 0.000000    -0.763409     1.918018 
2457856.270003 0.000000 0.000000    -1.544292     1.973362 
2457857.201301 0.000000 0.000000    -2.012696     1.968876 
2457858.132599 0.000000 0.000000    -2.050238     2.077506 
2457859.063897 0.000000 0.000000    -1.717710     2.302432 
2457859.995195 0.000000 0.000000    -1.198306     2.485706 
2457860.926493 0.000000 0.000000    -0.697064     2.576338 
2457861.857790 0.000000 0.000000    -0.354777     2.606153 
2457862.789088 0.000000 0.000000    -0.206685     2.613498 
2457863.720386 0.000000 0.000000    -0.182313     2.615475 
2457864.651684 0.000000 0.000000    -0.130702     2.612020 
2457865.582982 0.000000 0.000000     0.134203     2.590649 
2457866.514280 0.000000 0.000000     0.763715     2.545980 
2457867.445578 0.000000 0.000000     1.788520     2.503056 
2457868.376875 0.000000 0.000000     3.054738     2.494961 
2457869.308173 0.000000 0.000000     4.235668     2.513711 
2457870.239471 0.000000 0.000000     4.946384     2.525544 
2457871.170769 0.000000 0.000000     4.924311     2.524906 
2457872.102067 0.000000 0.000000     4.179750     2.536099 
2457873.033365 0.000000 0.000000     3.016540     2.566940 
2457873.964663 0.000000 0.000000     1.890749     2.596564 
2457874.895960 0.000000 0.000000     1.176771     2.611489 
2457875.827258 0.000000 0.000000     0.976082     2.598445 
2457876.758556 0.000000 0.000000     1.084101     2.498916 
2457877.689854 0.000000 0.000000     1.133391     2.222429 
2457878.621152 0.000000 0.000000     0.821465     1.703824 
2457879.552450 0.000000 0.000000     0.083174     1.102078 
2457880.483748 0.000000 0.000000    -0.888444     1.371185 
2457881.415045 0.000000 0.000000    -1.767497     1.535844 
2457882.346343 0.000000 0.000000    -2.274762     1.525365 
2457883.277641 0.000000 0.000000    -2.302883     1.791549 
2457884.208939 0.000000 0.000000    -1.932507     2.183024 
2457885.140237 0.000000 0.000000    -1.359631     2.444466 
2457886.071535 0.000000 0.000000    -0.795498     2.564358 
2457887.002832 0.000000 0.000000    -0.388847     2.603003 
2457887.934130 0.000000 0.000000    -0.182855     2.612401 
2457888.865428 0.000000 0.000000    -0.097132     2.614398 
2457889.796726 0.000000 0.000000     0.064916     2.602447 
2457890.728024 0.000000 0.000000     0.563012     2.542247 
2457891.659322 0.000000 0.000000     1.607354     2.410834 
2457892.590620 0.000000 0.000000     3.216371     2.266384 
2457893.521917 0.000000 0.000000     5.124555     2.230086 
2457894.453215 0.000000 0.000000     6.824364     2.288639 
2457895.384513 0.000000 0.000000     7.761268     2.322708 
2457896.315811 0.000000 0.000000     7.599228     2.320937 
2457897.247109 0.000000 0.000000     6.407405     2.364333 
2457898.178407 0.000000 0.000000     4.645727     2.465691 
2457899.109705 0.000000 0.000000     2.941519     2.555045 
2457900.041002 0.000000 0.000000     1.779679     2.598809 
2457900.972300 0.000000 0.000000     1.285290     2.598139 
2457901.903598 0.000000 0.000000     1.219031     2.523088 
2457902.834896 0.000000 0.000000     1.171286     2.324811 
2457903.766194 0.000000 0.000000     0.822155     2.032495 
2457904.697492 0.000000 0.000000     0.109073     1.861338 
2457905.628789 0.000000 0.000000    -0.779536     1.923230 
2457906.560087 0.000000 0.000000    -1.548880     1.973397 
2457907.491385 0.000000 0.000000    -1.969738     1.970664 
2457908.422683 0.000000 0.000000    -1.975864     2.087432 
2457909.353981 0.000000 0.000000    -1.655513     2.312127 
2457910.285279 0.000000 0.000000    -1.175795     2.490537 
2457911.216577 0.000000 0.000000    -0.700080     2.578065 
2457912.147874 0.000000 0.000000    -0.331953     2.607159 
2457913.079172 0.000000 0.000000    -0.083464     2.614202 
2457914.010470 0.000000 0.000000     0.142263     2.613988 
2457914.941768 0.000000 0.000000     0.543001     2.588202 
2457915.873066 0.000000 0.000000     1.356456     2.474979 
2457916.804364 0.000000 0.000000     2.739147     2.210933 
2457917.735662 0.000000 0.000000     4.630362     1.838512 
2457918.666959 0.000000 0.000000     6.687927     1.692414 
2457919.598257 0.000000 0.000000     8.367198     1.849045 
2457920.529555 0.000000 0.000000     9.136504     1.920819 
2457921.460853 0.000000 0.000000     8.728216     1.923791 
2457922.392151 0.000000 0.000000     7.283531     2.075193 
2457923.323449 0.000000 0.000000     5.298335     2.323317 
2457924.254746 0.000000 0.000000     3.391787     2.502339 
2457925.186044 0.000000 0.000000     2.024749     2.583415 
2457926.117342 0.000000 0.000000     1.322083     2.601172 
2457927.048640 0.000000 0.000000     1.084950     2.570362 
2457927.979938 0.000000 0.000000     0.963860     2.488290 
2457928.911236 0.000000 0.000000     0.676143     2.391040 
2457929.842534 0.000000 0.000000     0.143413     2.348385 
2457930.773831 0.000000 0.000000    -0.509849     2.364147 
2457931.705129 0.000000 0.000000    -1.067297     2.376904 
2457932.636427 0.000000 0.000000    -1.357741     2.376353 
2457933.567725 0.000000 0.000000    -1.338955     2.410833 
2457934.499023 0.000000 0.000000    -1.095683     2.488490 
2457935.430321 0.000000 0.000000    -0.771073     2.560902 
2457936.361619 0.000000 0.000000    -0.478592     2.599794 
2457937.292916 0.000000 0.000000    -0.239403     2.613378 
2457938.224214 0.000000 0.000000     0.029896     2.616692 
2457939.155512 0.000000 0.000000     0.477449     2.612059 
2457940.086810 0.000000 0.000000     1.241410     2.567497 
2457941.018108 0.000000 0.000000     2.370153     2.407004 
2457941.949406 0.000000 0.000000     3.771604     2.046899 
2457942.880704 0.000000 0.000000     5.217493     1.445649 
2457943.812001 0.000000 0.000000     6.406606     1.050494 
2457944.743299 0.000000 0.000000     7.064029     1.388694 
2457945.674597 0.000000 0.000000     7.035639     1.443776 
2457946.605895 0.000000 0.000000     6.339511     1.514610 
2457947.537193 0.000000 0.000000     5.156621     1.905239 
2457948.468491 0.000000 0.000000     3.769156     2.274648 
2457949.399788 0.000000 0.000000     2.471778     2.489717 
2457950.331086 0.000000 0.000000     1.484861     2.580066 
2457951.262384 0.000000 0.000000     0.894502     2.604998 
2457952.193682 0.000000 0.000000     0.638010     2.600296 
2457953.124980 0.000000 0.000000     0.544353     2.578538 
2457954.056278 0.000000 0.000000     0.421009     2.554564 
2457954.987576 0.000000 0.000000     0.153042     2.545046 
2457955.918873 0.000000 0.000000    -0.237294     2.549008 
2457956.850171 0.000000 0.000000    -0.611153     2.552077 
2457957.781469 0.000000 0.000000    -0.809665     2.551856 
2457958.712767 0.000000 0.000000    -0.767549     2.560690 
2457959.644065 0.000000 0.000000    -0.561983     2.581356 
2457960.575363 0.000000 0.000000    -0.351560     2.601550 
2457961.506661 0.000000 0.000000    -0.239919     2.613002 
2457962.437958 0.000000 0.000000    -0.165164     2.617108 
2457963.369256 0.000000 0.000000     0.087651     2.618139 
2457964.300554 0.000000 0.000000     0.737001     2.608580 
2457965.231852 0.000000 0.000000     1.812332     2.540429 
2457966.163150 0.000000 0.000000     3.061637     2.327900 
2457967.094448 0.000000 0.000000     4.045900     1.892748 
2457968.025745 0.000000 0.000000     4.377068     1.231147 
2457968.957043 0.000000 0.000000     3.946597     1.184985 
2457969.888341 0.000000 0.000000     2.988241     1.464565 
2457970.819639 0.000000 0.000000     1.930723     1.454234 
2457971.750937 0.000000 0.000000     1.143006     1.600931 
2457972.682235 0.000000 0.000000     0.747118     2.013805 
2457973.613533 0.000000 0.000000     0.616276     2.343813 
2457974.544830 0.000000 0.000000     0.534694     2.520469 
2457975.476128 0.000000 0.000000     0.380280     2.589619 
2457976.407426 0.000000 0.000000     0.190168     2.609118 
2457977.338724 0.000000 0.000000     0.077116     2.611752 
2457978.270022 0.000000 0.000000     0.089968     2.609268 
2457979.201320 0.000000 0.000000     0.150315     2.606240 
2457980.132618 0.000000 0.000000     0.121160     2.604897 
2457981.063915 0.000000 0.000000    -0.059247     2.605611 
2457981.995213 0.000000 0.000000    -0.306357     2.606253 
2457982.926511 0.000000 0.000000    -0.453892     2.606023 
2457983.857809 0.000000 0.000000    -0.402407     2.607750 
2457984.789107 0.000000 0.000000    -0.216246     2.611775 
2457985.720405 0.000000 0.000000    -0.068797     2.615347 
2457986.651702 0.000000 0.000000    -0.068021     2.617620 
2457987.583000 0.000000 0.000000    -0.112160     2.618469 
2457988.514298 0.000000 0.000000     0.078075     2.618641 
2457989.445596 0.000000 0.000000     0.740052     2.608611 
2457990.376894 0.000000 0.000000     1.816329     2.539576 
2457991.308192 0.000000 0.000000     2.878324     2.336235 
2457992.239490 0.000000 0.000000     3.325274     1.974363 
2457993.170787 0.000000 0.000000     2.752711     1.664979 
2457994.102085 0.000000 0.000000     1.242376     1.767733 
2457995.033383 0.000000 0.000000    -0.638538     1.915764 
2457995.964681 0.000000 0.000000    -2.144488     1.930059 
2457996.895979 0.000000 0.000000    -2.766199     2.000884 
2457997.827277 0.000000 0.000000    -2.480887     2.223712 
2457998.758575 0.000000 0.000000    -1.687857     2.437292 
2457999.689872 0.000000 0.000000    -0.902395     2.556143 
2458000.621170 0.000000 0.000000    -0.438397     2.600716 
2458001.552468 0.000000 0.000000    -0.290576     2.612764 
2458002.483766 0.000000 0.000000    -0.257830     2.615450 
2458003.415064 0.000000 0.000000    -0.169174     2.616400 
2458004.346362 0.000000 0.000000    -0.020055     2.617132 
2458005.277660 0.000000 0.000000     0.071232     2.617187 
2458006.208957 0.000000 0.000000     0.016073     2.617198 
2458007.140255 0.000000 0.000000    -0.138144     2.617369 
2458008.071553 0.000000 0.000000    -0.246090     2.617200 
2458009.002851 0.000000 0.000000    -0.204905     2.617436 
2458009.934149 0.000000 0.000000    -0.057762     2.618062 
2458010.865447 0.000000 0.000000     0.046695     2.618307 
2458011.796744 0.000000 0.000000     0.012753     2.618621 
2458012.728042 0.000000 0.000000    -0.070014     2.618802 
2458013.659340 0.000000 0.000000     0.041173     2.618792 
2458014.590638 0.000000 0.000000     0.540381     2.612981 
2458015.521936 0.000000 0.000000     1.349897     2.572668 
2458016.453234 0.000000 0.000000     2.068650     2.461654 
2458017.384532 0.000000 0.000000     2.171266     2.301905 
2458018.315829 0.000000 0.000000     1.346126     2.212762 
2458019.247127 0.000000 0.000000    -0.259698     2.255077 
2458020.178425 0.000000 0.000000    -2.072093     2.314678 
2458021.109723 0.000000 0.000000    -3.393462     2.326595 
2458022.041021 0.000000 0.000000    -3.783509     2.350219 
2458022.972319 0.000000 0.000000    -3.271133     2.433388 
2458023.903617 0.000000 0.000000    -2.274087     2.529008 
2458024.834914 0.000000 0.000000    -1.305866     2.587696 
2458025.766212 0.000000 0.000000    -0.682486     2.610047 
2458026.697510 0.000000 0.000000    -0.414835     2.615925 
2458027.628808 0.000000 0.000000    -0.318625     2.617323 
2458028.560106 0.000000 0.000000    -0.218005     2.618012 
2458029.491404 0.000000 0.000000    -0.075542     2.618613 
2458030.422701 0.000000 0.000000     0.030806     2.618729 
2458031.353999 0.000000 0.000000     0.027992     2.618679 
2458032.285297 0.000000 0.000000    -0.060352     2.618743 
2458033.216595 0.000000 0.000000    -0.132440     2.618671 
2458034.147893 0.000000 0.000000    -0.109083     2.618691 
2458035.079191 0.000000 0.000000    -0.012776     2.618819 
2458036.010489 0.000000 0.000000     0.056077     2.618769 
2458036.941786 0.000000 0.000000     0.028682     2.618804 
2458037.873084 0.000000 0.000000    -0.039274     2.618867 
2458038.804382 0.000000 0.000000     0.011246     2.618853 
2458039.735680 0.000000 0.000000     0.305224     2.616793 
2458040.666978 0.000000 0.000000     0.784549     2.602210 
2458041.598276 0.000000 0.000000     1.178688     2.563551 
2458042.529574 0.000000 0.000000     1.144422     2.513465 
2458043.460871 0.000000 0.000000     0.493338     2.489026 
2458044.392169 0.000000 0.000000    -0.651359     2.502269 
2458045.323467 0.000000 0.000000    -1.887628     2.521792 
2458046.254765 0.000000 0.000000    -2.745845     2.526857 
2458047.186063 0.000000 0.000000    -2.942930     2.533305 
2458048.117361 0.000000 0.000000    -2.516239     2.557296 
2458049.048658 0.000000 0.000000    -1.761353     2.587763 
2458049.979956 0.000000 0.000000    -1.032554     2.607893 
2458050.911254 0.000000 0.000000    -0.548276     2.615811 
2458051.842552 0.000000 0.000000    -0.321238     2.617886 
2458052.773850 0.000000 0.000000    -0.230889     2.618375 
2458053.705148 0.000000 0.000000    -0.156354     2.618606 
2458054.636446 0.000000 0.000000    -0.062722     2.618808 
2458055.567743 0.000000 0.000000     0.009381     2.618853 
2458056.499041 0.000000 0.000000     0.016420     2.618832 
2458057.430339 0.000000 0.000000    -0.030502     2.618851 
2458058.361637 0.000000 0.000000    -0.073328     2.618834 
2458059.292935 0.000000 0.000000    -0.064296     2.618833 
2458060.224233 0.000000 0.000000    -0.012399     2.618869 
2458061.155531 0.000000 0.000000     0.027937     2.618856 
2458062.086828 0.000000 0.000000     0.016677     2.618862 
2458063.018126 0.000000 0.000000    -0.020481     2.618883 
2458063.949424 0.000000 0.000000    -0.002545     2.618879 
2458064.880722 0.000000 0.000000     0.134196     2.618418 
2458065.812020 0.000000 0.000000     0.358515     2.615084 
2458066.743318 0.000000 0.000000     0.530969     2.606305 
2458067.674616 0.000000 0.000000     0.478720     2.595298 
2458068.605913 0.000000 0.000000     0.113178     2.590157 
2458069.537211 0.000000 0.000000    -0.492771     2.593176 
2458070.468509 0.000000 0.000000    -1.127024     2.597695 
2458071.399807 0.000000 0.000000    -1.550095     2.598998 
2458072.331105 0.000000 0.000000    -1.624165     2.600293 
2458073.262403 0.000000 0.000000    -1.376832     2.605254 
2458074.193700 0.000000 0.000000    -0.964647     2.611846 
2458075.124998 0.000000 0.000000    -0.569910     2.616368 
2458076.056296 0.000000 0.000000    -0.303569     2.618191 
2458076.987594 0.000000 0.000000    -0.172418     2.618671 
2458077.918892 0.000000 0.000000    -0.116656     2.618779 
2458078.850190 0.000000 0.000000    -0.075732     2.618819 
2458079.781488 0.000000 0.000000    -0.030312     2.618847 
2458080.712785 0.000000 0.000000     0.002647     2.618848 
2458081.644083 0.000000 0.000000     0.004123     2.618843 
2458082.575381 0.000000 0.000000    -0.020100     2.618849 
2458083.506679 0.000000 0.000000    -0.042842     2.618847 
2458084.437977 0.000000 0.000000    -0.041419     2.618848 
2458085.369275 0.000000 0.000000    -0.018597     2.618861 
2458086.300573 0.000000 0.000000     0.002068     2.618871 
2458087.231870 0.000000 0.000000     0.001917     2.618880 
2458088.163168 0.000000 0.000000    -0.010844     2.618887 
2458089.094466 0.000000 0.000000    -0.005132     2.618888 
2458090.025764 0.000000 0.000000     0.043739     2.618825 
2458090.957062 0.000000 0.000000     0.123529     2.618379 
2458091.888360 0.000000 0.000000     0.180945     2.617219 
2458092.819657 0.000000 0.000000     0.151890     2.615804 
2458093.750955 0.000000 0.000000     0.006609     2.615192 
2458094.682253 0.000000 0.000000    -0.222997     2.615625 
2458095.613551 0.000000 0.000000    -0.454976     2.616215 
2458096.544849 0.000000 0.000000    -0.601411     2.616374 
2458097.476147 0.000000 0.000000    -0.615865     2.616539 
2458098.407445 0.000000 0.000000    -0.513859     2.617173 
2458099.338742 0.000000 0.000000    -0.355961     2.618007 
2458100.270040 0.000000 0.000000    -0.208520     2.618576 
2458101.201338 0.000000 0.000000    -0.109543     2.618805 
2458102.132636 0.000000 0.000000    -0.059466     2.618864 
2458103.063934 0.000000 0.000000    -0.036558     2.618874 
2458103.995232 0.000000 0.000000    -0.020423     2.618868 
2458104.926530 0.000000 0.000000    -0.005408     2.618855 
2458105.857827 0.000000 0.000000     0.002549     2.618844 
2458106.789125 0.000000 0.000000    -0.001883     2.618843 
2458107.720423 0.000000 0.000000    -0.014993     2.618846 
2458108.651721 0.000000 0.000000    -0.026228     2.618846 
2458109.583019 0.000000 0.000000    -0.027357     2.618848 
2458110.514317 0.000000 0.000000    -0.019201     2.618858 
2458111.445614 0.000000 0.000000    -0.009751     2.618873 
2458112.376912 0.000000 0.000000    -0.005847     2.618883 
2458113.308210 0.000000 0.000000    -0.006396     2.618888 
2458114.239508 0.000000 0.000000    -0.003500     2.618889 
2458115.170806 0.000000 0.000000     0.009391     2.618885 
2458116.102104 0.000000 0.000000     0.029508     2.618856 
2458117.033402 0.000000 0.000000     0.044252     2.618788 
2458117.964699 0.000000 0.000000     0.039310     2.618715 
2458118.895997 0.000000 0.000000     0.009421     2.618692 
2458119.827295 0.000000 0.000000    -0.036473     2.618718 
2458120.758593 0.000000 0.000000    -0.079723     2.618741 
2458121.689891 0.000000 0.000000    -0.102920     2.618743 
2458122.621189 0.000000 0.000000    -0.099593     2.618755 
2458123.552487 0.000000 0.000000    -0.076346     2.618796 
2458124.483784 0.000000 0.000000    -0.046913     2.618844 
2458125.415082 0.000000 0.000000    -0.023185     2.618874 
2458126.346380 0.000000 0.000000    -0.009519     2.618886 
2458127.277678 0.000000 0.000000    -0.003274     2.618889 
2458128.208976 0.000000 0.000000     0.000339     2.618887 
2458129.140274 0.000000 0.000000     0.003645     2.618879 
2458130.071572 0.000000 0.000000     0.005449     2.618867 
2458131.002869 0.000000 0.000000     0.003443     2.618859 
2458131.934167 0.000000 0.000000    -0.002735     2.618859 
2458132.865465 0.000000 0.000000    -0.010544     2.618861 
2458133.796763 0.000000 0.000000    -0.016243     2.618861 
2458134.728061 0.000000 0.000000    -0.017527     2.618862 
2458135.659359 0.000000 0.000000    -0.014844     2.618869 
2458136.590656 0.000000 0.000000    -0.010532     2.618879 
2458137.521954 0.000000 0.000000    -0.006778     2.618886 
2458138.453252 0.000000 0.000000    -0.004149     2.618889 
2458139.384550 0.000000 0.000000    -0.001677     2.618890 
2458140.315848 0.000000 0.000000     0.001965     2.618890 
2458141.247146 0.000000 0.000000     0.007391     2.618888 
2458142.178444 0.000000 0.000000     0.014377     2.618882 
2458143.109741 0.000000 0.000000     0.022452     2.618869 
2458144.041039 0.000000 0.000000     0.031357     2.618855 
2458144.972337 0.000000 0.000000     0.040783     2.618847 
2458145.903635 0.000000 0.000000     0.049686     2.618847 
2458146.834933 0.000000 0.000000     0.055999     2.618849 
2458147.766231 0.000000 0.000000     0.057352     2.618850 
2458148.697529 0.000000 0.000000     0.052476     2.618854 
2458149.628826 0.000000 0.000000     0.042307     2.618865 
2458150.560124 0.000000 0.000000     0.029858     2.618877 
2458151.491422 0.000000 0.000000     0.018804     2.618886 
2458152.422720 0.000000 0.000000     0.011625     2.618889 
2458153.354018 0.000000 0.000000     0.008492     2.618888 
2458154.285316 0.000000 0.000000     0.007555     2.618885 
2458155.216613 0.000000 0.000000     0.006334     2.618880 
2458156.147911 0.000000 0.000000     0.003273     2.618877 
2458157.079209 0.000000 0.000000    -0.001478     2.618877 
2458158.010507 0.000000 0.000000    -0.006420     2.618878 
2458158.941805 0.000000 0.000000    -0.009784     2.618878 
2458159.873103 0.000000 0.000000    -0.010614     2.618879 
2458160.804401 0.000000 0.000000    -0.009204     2.618881 
2458161.735698 0.000000 0.000000    -0.006735     2.618885 
2458162.666996 0.000000 0.000000    -0.004414     2.618888 
2458163.598294 0.000000 0.000000    -0.002653     2.618890 
2458164.529592 0.000000 0.000000    -0.000767     2.618890 
2458165.460890 0.000000 0.000000     0.002655     2.618890 
2458166.392188 0.000000 0.000000     0.008889     2.618888 
2458167.323486 0.000000 0.000000     0.018211     2.618881 
2458168.254783 0.000000 0.000000     0.029498     2.618865 
2458169.186081 0.000000 0.000000     0.040541     2.618848 
2458170.117379 0.000000 0.000000     0.048905     2.618841 
2458171.048677 0.000000 0.000000     0.052868     2.618842 
2458171.979975 0.000000 0.000000     0.051953     2.618844 
2458172.911273 0.000000 0.000000     0.046854     2.618844 
2458173.842571 0.000000 0.000000     0.038954     2.618849 
2458174.773868 0.000000 0.000000     0.029795     2.618862 
2458175.705166 0.000000 0.000000     0.020797     2.618877 
2458176.636464 0.000000 0.000000     0.013156     2.618885 
2458177.567762 0.000000 0.000000     0.007731     2.618889 
2458178.499060 0.000000 0.000000     0.004782     2.618889 
2458179.430358 0.000000 0.000000     0.003738     2.618889 
2458180.361655 0.000000 0.000000     0.003327     2.618887 
2458181.292953 0.000000 0.000000     0.002209     2.618887 
2458182.224251 0.000000 0.000000    -0.000190     2.618887 
2458183.155549 0.000000 0.000000    -0.003254     2.618887 
2458184.086847 0.000000 0.000000    -0.005587     2.618887 
2458185.018145 0.000000 0.000000    -0.006062     2.618887 
2458185.949443 0.000000 0.000000    -0.004740     2.618888 
2458186.880740 0.000000 0.000000    -0.002857     2.618889 
2458187.812038 0.000000 0.000000    -0.001749     2.618890 
2458188.743336 0.000000 0.000000    -0.001510     2.618890 
2458189.674634 0.000000 0.000000    -0.000515     2.618890 
2458190.605932 0.000000 0.000000     0.003563     2.618890 
2458191.537230 0.000000 0.000000     0.011813     2.618887 
2458192.468528 0.000000 0.000000     0.022622     2.618878 
2458193.399825 0.000000 0.000000     0.031963     2.618860 
2458194.331123 0.000000 0.000000     0.035511     2.618846 
2458195.262421 0.000000 0.000000     0.031276     2.618842 
2458196.193719 0.000000 0.000000     0.020961     2.618845 
2458197.125017 0.000000 0.000000     0.009039     2.618847 
2458198.056315 0.000000 0.000000     0.000139     2.618847 
2458198.987612 0.000000 0.000000    -0.003489     2.618854 
2458199.918910 0.000000 0.000000    -0.002775     2.618867 
2458200.850208 0.000000 0.000000    -0.000537     2.618880 
2458201.781506 0.000000 0.000000     0.000766     2.618887 
2458202.712804 0.000000 0.000000     0.000517     2.618889 
2458203.644102 0.000000 0.000000    -0.000263     2.618890 
2458204.575400 0.000000 0.000000    -0.000344     2.618890 
2458205.506697 0.000000 0.000000     0.000419     2.618890 
2458206.437995 0.000000 0.000000     0.001026     2.618890 
2458207.369293 0.000000 0.000000     0.000433     2.618890 
2458208.300591 0.000000 0.000000    -0.001318     2.618890 
2458209.231889 0.000000 0.000000    -0.003004     2.618890 
2458210.163187 0.000000 0.000000    -0.003314     2.618890 
2458211.094485 0.000000 0.000000    -0.002098     2.618890 
2458212.025782 0.000000 0.000000    -0.000565     2.618890 
2458212.957080 0.000000 0.000000    -0.000107     2.618890 
2458213.888378 0.000000 0.000000    -0.000713     2.618890 
2458214.819676 0.000000 0.000000    -0.000469     2.618890 
2458215.750974 0.000000 0.000000     0.003133     2.618890 
2458216.682272 0.000000 0.000000     0.010853     2.618888 
2458217.613569 0.000000 0.000000     0.020195     2.618879 
2458218.544867 0.000000 0.000000     0.026165     2.618865 
2458219.476165 0.000000 0.000000     0.024143     2.618854 
2458220.407463 0.000000 0.000000     0.013014     2.618853 
2458221.338761 0.000000 0.000000    -0.003644     2.618857 
2458222.270059 0.000000 0.000000    -0.019319     2.618859 
2458223.201357 0.000000 0.000000    -0.028166     2.618860 
2458224.132654 0.000000 0.000000    -0.028111     2.618865 
2458225.063952 0.000000 0.000000    -0.021489     2.618875 
2458225.995250 0.000000 0.000000    -0.013004     2.618884 
2458226.926548 0.000000 0.000000    -0.006636     2.618888 
2458227.857846 0.000000 0.000000    -0.003653     2.618890 
2458228.789144 0.000000 0.000000    -0.002824     2.618890 
2458229.720442 0.000000 0.000000    -0.002230     2.618890 
2458230.651739 0.000000 0.000000    -0.001017     2.618890 
2458231.583037 0.000000 0.000000     0.000230     2.618890 
2458232.514335 0.000000 0.000000     0.000498     2.618890 
2458233.445633 0.000000 0.000000    -0.000401     2.618890 
2458234.376931 0.000000 0.000000    -0.001548     2.618890 
2458235.308229 0.000000 0.000000    -0.001787     2.618890 
2458236.239527 0.000000 0.000000    -0.000877     2.618890 
2458237.170824 0.000000 0.000000     0.000253     2.618890 
2458238.102122 0.000000 0.000000     0.000462     2.618890 
2458239.033420 0.000000 0.000000    -0.000266     2.618890 
2458239.964718 0.000000 0.000000    -0.000401     2.618890 
2458240.896016 0.000000 0.000000     0.002025     2.618890 
2458241.827314 0.000000 0.000000     0.007488     2.618889 
2458242.758611 0.000000 0.000000     0.013810     2.618885 
2458243.689909 0.000000 0.000000     0.016908     2.618877 
2458244.621207 0.000000 0.000000     0.013241     2.618871 
2458245.552505 0.000000 0.000000     0.002334     2.618871 
2458246.483803 0.000000 0.000000    -0.012428     2.618874 
2458247.415101 0.000000 0.000000    -0.025435     2.618875 
2458248.346399 0.000000 0.000000    -0.031913     2.618876 
2458249.277696 0.000000 0.000000    -0.030419     2.618878 
2458250.208994 0.000000 0.000000    -0.023227     2.618883 
2458251.140292 0.000000 0.000000    -0.014523     2.618887 
2458252.071590 0.000000 0.000000    -0.007813     2.618889 
2458253.002888 0.000000 0.000000    -0.004284     2.618890 
2458253.934186 0.000000 0.000000    -0.002972     2.618890 
2458254.865484 0.000000 0.000000    -0.002234     2.618890 
2458255.796781 0.000000 0.000000    -0.001190     2.618890 
2458256.728079 0.000000 0.000000    -0.000102     2.618890 
2458257.659377 0.000000 0.000000     0.000328     2.618890 
2458258.590675 0.000000 0.000000    -0.000097     2.618890 
2458259.521973 0.000000 0.000000    -0.000800     2.618890 
2458260.453271 0.000000 0.000000    -0.000986     2.618890 
2458261.384568 0.000000 0.000000    -0.000438     2.618890 
2458262.315866 0.000000 0.000000     0.000277     2.618890 
2458263.247164 0.000000 0.000000     0.000412     2.618890 
2458264.178462 0.000000 0.000000    -0.000084     2.618890 
2458265.109760 0.000000 0.000000    -0.000286     2.618890 
2458266.041058 0.000000 0.000000     0.001004     2.618890 
2458266.972356 0.000000 0.000000     0.004050     2.618890 
2458267.903653 0.000000 0.000000     0.007471     2.618888 
2458268.834951 0.000000 0.000000     0.008758     2.618886 
2458269.766249 0.000000 0.000000     0.005815     2.618884 
2458270.697547 0.000000 0.000000    -0.001492     2.618884 
2458271.628845 0.000000 0.000000    -0.010917     2.618885 
2458272.560143 0.000000 0.000000    -0.018923     2.618886 
2458273.491441 0.000000 0.000000    -0.022598     2.618886 
2458274.422738 0.000000 0.000000    -0.021164     2.618886 
2458275.354036 0.000000 0.000000    -0.016147     2.618888 
2458276.285334 0.000000 0.000000    -0.010217     2.618889 
2458277.216632 0.000000 0.000000    -0.005592     2.618890 
2458278.147930 0.000000 0.000000    -0.003038     2.618890 
2458279.079228 0.000000 0.000000    -0.001988     2.618890 
2458280.010525 0.000000 0.000000    -0.001431     2.618890 
2458280.941823 0.000000 0.000000    -0.000783     2.618890 
2458281.873121 0.000000 0.000000    -0.000132     2.618890 
2458282.804419 0.000000 0.000000     0.000150     2.618890 
2458283.735717 0.000000 0.000000    -0.000055     2.618890 
2458284.667015 0.000000 0.000000    -0.000441     2.618890 
2458285.598313 0.000000 0.000000    -0.000572     2.618890 
2458286.529610 0.000000 0.000000    -0.000307     2.618890 
2458287.460908 0.000000 0.000000     0.000075     2.618890 
2458288.392206 0.000000 0.000000     0.000181     2.618890 
2458289.323504 0.000000 0.000000    -0.000044     2.618890 
2458290.254802 0.000000 0.000000    -0.000170     2.618890 
2458291.186100 0.000000 0.000000     0.000373     2.618890 
2458292.117398 0.000000 0.000000     0.001706     2.618890 
2458293.048695 0.000000 0.000000     0.003164     2.618890 
2458293.979993 0.000000 0.000000     0.003564     2.618889 
2458294.911291 0.000000 0.000000     0.001955     2.618889 
2458295.842589 0.000000 0.000000    -0.001660     2.618889 
2458296.773887 0.000000 0.000000    -0.006162     2.618889 
2458297.705185 0.000000 0.000000    -0.009863     2.618889 
2458298.636483 0.000000 0.000000    -0.011428     2.618889 
2458299.567780 0.000000 0.000000    -0.010555     2.618889 
2458300.499078 0.000000 0.000000    -0.008016     2.618890 
2458301.430376 0.000000 0.000000    -0.005084     2.618890 
2458302.361674 0.000000 0.000000    -0.002795     2.618890 
2458303.292972 0.000000 0.000000    -0.001497     2.618890 
2458304.224270 0.000000 0.000000    -0.000927     2.618890 
2458305.155567 0.000000 0.000000    -0.000626     2.618890 
2458306.086865 0.000000 0.000000    -0.000326     2.618890 
2458307.018163 0.000000 0.000000    -0.000052     2.618890 
2458307.949461 0.000000 0.000000     0.000046     2.618890 
2458308.880759 0.000000 0.000000    -0.000072     2.618890 
2458309.812057 0.000000 0.000000    -0.000268     2.618890 
2458310.743355 0.000000 0.000000    -0.000348     2.618890 
2458311.674652 0.000000 0.000000    -0.000248     2.618890 
2458312.605950 0.000000 0.000000    -0.000077     2.618890 
2458313.537248 0.000000 0.000000     0.000002     2.618890 
2458314.468546 0.000000 0.000000    -0.000050     2.618890 
2458315.399844 0.000000 0.000000    -0.000087     2.618890 
2458316.331142 0.000000 0.000000     0.000092     2.618890 
2458317.262440 0.000000 0.000000     0.000528     2.618890 
2458318.193737 0.000000 0.000000     0.000992     2.618890 
2458319.125035 0.000000 0.000000     0.001082     2.618890 
2458320.056333 0.000000 0.000000     0.000496     2.618890 
2458320.987631 0.000000 0.000000    -0.000735     2.618890 
2458321.918929 0.000000 0.000000    -0.002208     2.618890 
2458322.850227 0.000000 0.000000    -0.003361     2.618890 
2458323.781524 0.000000 0.000000    -0.003781     2.618890 
2458324.712822 0.000000 0.000000    -0.003412     2.618890 
2458325.644120 0.000000 0.000000    -0.002538     2.618890 
2458326.575418 0.000000 0.000000    -0.001579     2.618890 
2458327.506716 0.000000 0.000000    -0.000850     2.618890 
2458328.438014 0.000000 0.000000    -0.000437     2.618890 
2458329.369312 0.000000 0.000000    -0.000246     2.618890 
2458330.300609 0.000000 0.000000    -0.000138     2.618890 
2458331.231907 0.000000 0.000000    -0.000043     2.618890 
2458332.163205 0.000000 0.000000     0.000020     2.618890 
2458333.094503 0.000000 0.000000     0.000008     2.618890 
2458334.025801 0.000000 0.000000    -0.000075     2.618890 
2458334.957099 0.000000 0.000000    -0.000172     2.618890 
2458335.888397 0.000000 0.000000    -0.000217     2.618890 
2458336.819694 0.000000 0.000000    -0.000189     2.618890 
2458337.750992 0.000000 0.000000    -0.000122     2.618890 
2458338.682290 0.000000 0.000000    -0.000070     2.618890 
2458339.613588 0.000000 0.000000    -0.000052     2.618890 
2458340.544886 0.000000 0.000000    -0.000041     2.618890 
2458341.476184 0.000000 0.000000     0.000009     2.618890 
2458342.407481 0.000000 0.000000     0.000111     2.618890 
2458343.338779 0.000000 0.000000     0.000221     2.618890 
2458344.270077 0.000000 0.000000     0.000268     2.618890 
2458345.201375 0.000000 0.000000     0.000203     2.618890 
2458346.132673 0.000000 0.000000     0.000042     2.618890 
2458347.063971 0.000000 0.000000    -0.000140     2.618890 
2458347.995269 0.000000 0.000000    -0.000258     2.618890 
2458348.926566 0.000000 0.000000    -0.000268     2.618890 
2458349.857864 0.000000 0.000000    -0.000189     2.618890 
2458350.789162 0.000000 0.000000    -0.000082     2.618890 
2458351.720460 0.000000 0.000000    -0.000002     2.618890 
2458352.651758 0.000000 0.000000     0.000032     2.618890 
2458353.583056 0.000000 0.000000     0.000036     2.618890 
2458354.514354 0.000000 0.000000     0.000038     2.618890 
2458355.445651 0.000000 0.000000     0.000049     2.618890 
2458356.376949 0.000000 0.000000     0.000058     2.618890 
2458357.308247 0.000000 0.000000     0.000046     2.618890 
2458358.239545 0.000000 0.000000     0.000004     2.618890 
2458359.170843 0.000000 0.000000    -0.000056     2.618890 
2458360.102141 0.000000 0.000000    -0.000109     2.618890 
2458361.033439 0.000000 0.000000    -0.000134     2.618890 
2458361.964736 0.000000 0.000000    -0.000127     2.618890 
2458362.896034 0.000000 0.000000    -0.000099     2.618890 
2458363.827332 0.000000 0.000000    -0.000067     2.618890 
2458364.758630 0.000000 0.000000    -0.000042     2.618890 
2458365.689928 0.000000 0.000000    -0.000021     2.618890 
2458366.621226 0.000000 0.000000     0.000002     2.618890 
2458367.552523 0.000000 0.000000     0.000038     2.618890 
2458368.483821 0.000000 0.000000     0.000093     2.618890 
2458369.415119 0.000000 0.000000     0.000169     2.618890 
2458370.346417 0.000000 0.000000     0.000266     2.618890 
2458371.277715 0.000000 0.000000     0.000374     2.618890 
2458372.209013 0.000000 0.000000     0.000476     2.618890 
2458373.140311 0.000000 0.000000     0.000549     2.618890 
2458374.071608 0.000000 0.000000     0.000572     2.618890 
2458375.002906 0.000000 0.000000     0.000534     2.618890 
2458375.934204 0.000000 0.000000     0.000442     2.618890 
2458376.865502 0.000000 0.000000     0.000324     2.618890 
2458377.796800 0.000000 0.000000     0.000210     2.618890 
2458378.728098 0.000000 0.000000     0.000126     2.618890 
2458379.659396 0.000000 0.000000     0.000081     2.618890 
2458380.590693 0.000000 0.000000     0.000063     2.618890 
2458381.521991 0.000000 0.000000     0.000055     2.618890 
2458382.453289 0.000000 0.000000     0.000039     2.618890 
2458383.384587 0.000000 0.000000     0.000008     2.618890 
2458384.315885 0.000000 0.000000    -0.000031     2.618890 
2458385.247183 0.000000 0.000000    -0.000064     2.618890 
2458386.178480 0.000000 0.000000    -0.000080     2.618890 
2458387.109778 0.000000 0.000000    -0.000075     2.618890 
2458388.041076 0.000000 0.000000    -0.000057     2.618890 
2458388.972374 0.000000 0.000000    -0.000038     2.618890 
2458389.903672 0.000000 0.000000    -0.000025     2.618890 
2458390.834970 0.000000 0.000000    -0.000013     2.618890 
2458391.766268 0.000000 0.000000     0.000009     2.618890 
2458392.697565 0.000000 0.000000     0.000057     2.618890 
2458393.628863 0.000000 0.000000     0.000134     2.618890 
2458394.560161 0.000000 0.000000     0.000231     2.618890 
2458395.491459 0.000000 0.000000     0.000321     2.618890 
2458396.422757 0.000000 0.000000     0.000382     2.618890 
2458397.354055 0.000000 0.000000     0.000399     2.618890 
2458398.285353 0.000000 0.000000     0.000374     2.618890 
2458399.216650 0.000000 0.000000     0.000322     2.618890 
2458400.147948 0.000000 0.000000     0.000261     2.618890 
2458401.079246 0.000000 0.000000     0.000203     2.618890 
2458402.010544 0.000000 0.000000     0.000150     2.618890 
2458402.941842 0.000000 0.000000     0.000103     2.618890 
2458403.873140 0.000000 0.000000     0.000063     2.618890 
2458404.804438 0.000000 0.000000     0.000036     2.618890 
2458405.735735 0.000000 0.000000     0.000023     2.618890 
2458406.667033 0.000000 0.000000     0.000021     2.618890 
2458407.598331 0.000000 0.000000     0.000020     2.618890 
2458408.529629 0.000000 0.000000     0.000009     2.618890 
2458409.460927 0.000000 0.000000    -0.000012     2.618890 
2458410.392225 0.000000 0.000000    -0.000034     2.618890 
2458411.323522 0.000000 0.000000    -0.000046     2.618890 
2458412.254820 0.000000 0.000000    -0.000040     2.618890 
2458413.186118 0.000000 0.000000    -0.000024     2.618890 
2458414.117416 0.000000 0.000000    -0.000012     2.618890 
2458415.048714 0.000000 0.000000    -0.000010     2.618890 
2458415.980012 0.000000 0.000000    -0.000010     2.618890 
2458416.911310 0.000000 0.000000     0.000011     2.618890 
2458417.842607 0.000000 0.000000     0.000068     2.618890 
2458418.773905 0.000000 0.000000     0.000157     2.618890 
2458419.705203 0.000000 0.000000     0.000245     2.618890 
2458420.636501 0.000000 0.000000     0.000289     2.618890 
2458421.567799 0.000000 0.000000     0.000260     2.618890 
2458422.499097 0.000000 0.000000     0.000164     2.618890 
2458423.430395 0.000000 0.000000     0.000039     2.618890 
2458424.361692 0.000000 0.000000    -0.000064     2.618890 
2458425.292990 0.000000 0.000000    -0.000112     2.618890 
2458426.224288 0.000000 0.000000    -0.000103     2.618890 
2458427.155586 0.000000 0.000000    -0.000064     2.618890 
2458428.086884 0.000000 0.000000    -0.000028     2.618890 
2458429.018182 0.000000 0.000000    -0.000011     2.618890 
2458429.949479 0.000000 0.000000    -0.000010     2.618890 
2458430.880777 0.000000 0.000000    -0.000011     2.618890 
2458431.812075 0.000000 0.000000    -0.000006     2.618890 
2458432.743373 0.000000 0.000000     0.000004     2.618890 
2458433.674671 0.000000 0.000000     0.000007     2.618890 
2458434.605969 0.000000 0.000000    -0.000002     2.618890 
2458435.537267 0.000000 0.000000    -0.000017     2.618890 
2458436.468564 0.000000 0.000000    -0.000025     2.618890 
2458437.399862 0.000000 0.000000    -0.000020     2.618890 
2458438.331160 0.000000 0.000000    -0.000007     2.618890 
2458439.262458 0.000000 0.000000     0.000001     2.618890 
2458440.193756 0.000000 0.000000    -0.000002     2.618890 
2458441.125054 0.000000 0.000000    -0.000007     2.618890 
2458442.056352 0.000000 0.000000     0.000008     2.618890 
2458442.987649 0.000000 0.000000     0.000057     2.618890 
2458443.918947 0.000000 0.000000     0.000131     2.618890 
2458444.850245 0.000000 0.000000     0.000195     2.618890 
2458445.781543 0.000000 0.000000     0.000204     2.618890 
2458446.712841 0.000000 0.000000     0.000134     2.618890 
2458447.644139 0.000000 0.000000     0.000000     2.618890 
2458448.575436 0.000000 0.000000    -0.000147     2.618890 
2458449.506734 0.000000 0.000000    -0.000252     2.618890 
2458450.438032 0.000000 0.000000    -0.000281     2.618890 
2458451.369330 0.000000 0.000000    -0.000238     2.618890 
2458452.300628 0.000000 0.000000    -0.000161     2.618890 
2458453.231926 0.000000 0.000000    -0.000089     2.618890 
2458454.163224 0.000000 0.000000    -0.000046     2.618890 
2458455.094521 0.000000 0.000000    -0.000030     2.618890 
2458456.025819 0.000000 0.000000    -0.000024     2.618890 
2458456.957117 0.000000 0.000000    -0.000015     2.618890 
2458457.888415 0.000000 0.000000    -0.000004     2.618890 
2458458.819713 0.000000 0.000000     0.000004     2.618890 
2458459.751011 0.000000 0.000000     0.000001     2.618890 
2458460.682309 0.000000 0.000000    -0.000008     2.618890 
2458461.613606 0.000000 0.000000    -0.000014     2.618890 
2458462.544904 0.000000 0.000000    -0.000010     2.618890 
2458463.476202 0.000000 0.000000    -0.000001     2.618890 
2458464.407500 0.000000 0.000000     0.000005     2.618890 
2458465.338798 0.000000 0.000000     0.000001     2.618890 
2458466.270096 0.000000 0.000000    -0.000004     2.618890 
2458467.201394 0.000000 0.000000     0.000004     2.618890 
2458468.132691 0.000000 0.000000     0.000036     2.618890 
2458469.063989 0.000000 0.000000     0.000084     2.618890 
2458469.995287 0.000000 0.000000     0.000122     2.618890 
2458470.926585 0.000000 0.000000     0.000116     2.618890 
2458471.857883 0.000000 0.000000     0.000051     2.618890 
2458472.789181 0.000000 0.000000    -0.000059     2.618890 
2458473.720478 0.000000 0.000000    -0.000173     2.618890 
2458474.651776 0.000000 0.000000    -0.000249     2.618890 
2458475.583074 0.000000 0.000000    -0.000263     2.618890 
2458476.514372 0.000000 0.000000    -0.000220     2.618890 
2458477.445670 0.000000 0.000000    -0.000150     2.618890 
2458478.376968 0.000000 0.000000    -0.000086     2.618890 
2458479.308266 0.000000 0.000000    -0.000045     2.618890 
2458480.239563 0.000000 0.000000    -0.000028     2.618890 
2458481.170861 0.000000 0.000000    -0.000021     2.618890 
2458482.102159 0.000000 0.000000    -0.000014     2.618890 
2458483.033457 0.000000 0.000000    -0.000005     2.618890 
2458483.964755 0.000000 0.000000     0.000002     2.618890 
2458484.896053 0.000000 0.000000     0.000001     2.618890 
2458485.827351 0.000000 0.000000    -0.000004     2.618890 
2458486.758648 0.000000 0.000000    -0.000007     2.618890 
2458487.689946 0.000000 0.000000    -0.000006     2.618890 
2458488.621244 0.000000 0.000000    -0.000000     2.618890 
2458489.552542 0.000000 0.000000     0.000003     2.618890 
2458490.483840 0.000000 0.000000     0.000001     2.618890 
2458491.415138 0.000000 0.000000    -0.000002     2.618890 
2458492.346435 0.000000 0.000000     0.000001     2.618890 
2458493.277733 0.000000 0.000000     0.000018     2.618890 
2458494.209031 0.000000 0.000000     0.000043     2.618890 
2458495.140329 0.000000 0.000000     0.000061     2.618890 
2458496.071627 0.000000 0.000000     0.000053     2.618890 
2458497.002925 0.000000 0.000000     0.000012     2.618890 
2458497.934223 0.000000 0.000000    -0.000054     2.618890 
2458498.865520 0.000000 0.000000    -0.000120     2.618890 
2458499.796818 0.000000 0.000000    -0.000162     2.618890 
2458500.728116 0.000000 0.000000    -0.000167     2.618890 
2458501.659414 0.000000 0.000000    -0.000139     2.618890 
2458502.590712 0.000000 0.000000    -0.000095     2.618890 
2458503.522010 0.000000 0.000000    -0.000055     2.618890 
2458504.453308 0.000000 0.000000    -0.000029     2.618890 
2458505.384605 0.000000 0.000000    -0.000017     2.618890 
2458506.315903 0.000000 0.000000    -0.000012     2.618890 
2458507.247201 0.000000 0.000000    -0.000008     2.618890 
2458508.178499 0.000000 0.000000    -0.000003     2.618890 
2458509.109797 0.000000 0.000000     0.000001     2.618890 
2458510.041095 0.000000 0.000000     0.000000     2.618890 
2458510.972392 0.000000 0.000000    -0.000002     2.618890 
2458511.903690 0.000000 0.000000    -0.000004     2.618890 
2458512.834988 0.000000 0.000000    -0.000004     2.618890 
2458513.766286 0.000000 0.000000    -0.000001     2.618890 
2458514.697584 0.000000 0.000000     0.000001     2.618890 
2458515.628882 0.000000 0.000000     0.000000     2.618890 
2458516.560180 0.000000 0.000000    -0.000001     2.618890 
2458517.491477 0.000000 0.000000     0.000000     2.618890 
2458518.422775 0.000000 0.000000     0.000007     2.618890 
2458519.354073 0.000000 0.000000     0.000017     2.618890 
2458520.285371 0.000000 0.000000     0.000023     2.618890 
2458521.216669 0.000000 0.000000     0.000019     2.618890 
2458522.147967 0.000000 0.000000    -0.000000     2.618890 
2458523.079265 0.000000 0.000000    -0.000029     2.618890 
2458524.010562 0.000000 0.000000    -0.000058     2.618890 
2458524.941860 0.000000 0.000000    -0.000075     2.618890 
2458525.873158 0.000000 0.000000    -0.000076     2.618890 
2458526.804456 0.000000 0.000000    -0.000062     2.618890 
2458527.735754 0.000000 0.000000    -0.000043     2.618890 
2458528.667052 0.000000 0.000000    -0.000025     2.618890 
2458529.598350 0.000000 0.000000    -0.000013     2.618890 
2458530.529647 0.000000 0.000000    -0.000007     2.618890 
2458531.460945 0.000000 0.000000    -0.000005     2.618890 
2458532.392243 0.000000 0.000000    -0.000003     2.618890 
2458533.323541 0.000000 0.000000    -0.000001     2.618890 
2458534.254839 0.000000 0.000000     0.000000     2.618890 
2458535.186137 0.000000 0.000000    -0.000000     2.618890 
2458536.117434 0.000000 0.000000    -0.000001     2.618890 
2458537.048732 0.000000 0.000000    -0.000003     2.618890 
2458537.980030 0.000000 0.000000    -0.000002     2.618890 
2458538.911328 0.000000 0.000000    -0.000001     2.618890 
2458539.842626 0.000000 0.000000    -0.000000     2.618890 
2458540.773924 0.000000 0.000000    -0.000000     2.618890 
2458541.705222 0.000000 0.000000    -0.000001     2.618890 
2458542.636519 0.000000 0.000000    -0.000000     2.618890 
2458543.567817 0.000000 0.000000     0.000002     2.618890 
2458544.499115 0.000000 0.000000     0.000005     2.618890 
2458545.430413 0.000000 0.000000     0.000007     2.618890 
2458546.361711 0.000000 0.000000     0.000005     2.618890 
2458547.293009 0.000000 0.000000    -0.000001     2.618890 
2458548.224307 0.000000 0.000000    -0.000009     2.618890 
2458549.155604 0.000000 0.000000    -0.000017     2.618890 
2458550.086902 0.000000 0.000000    -0.000021     2.618890 
2458551.018200 0.000000 0.000000    -0.000020     2.618890 
2458551.949498 0.000000 0.000000    -0.000016     2.618890 
2458552.880796 0.000000 0.000000    -0.000011     2.618890 
2458553.812094 0.000000 0.000000    -0.000006     2.618890 
2458554.743391 0.000000 0.000000    -0.000003     2.618890 
2458555.674689 0.000000 0.000000    -0.000002     2.618890 
2458556.605987 0.000000 0.000000    -0.000001     2.618890 
2458557.537285 0.000000 0.000000    -0.000000     2.618890 
2458558.468583 0.000000 0.000000     0.000000     2.618890 
2458559.399881 0.000000 0.000000     0.000000     2.618890 
2458560.331179 0.000000 0.000000    -0.000000     2.618890 
2458561.262476 0.000000 0.000000    -0.000001     2.618890 
2458562.193774 0.000000 0.000000    -0.000002     2.618890 
2458563.125072 0.000000 0.000000    -0.000002     2.618890 
2458564.056370 0.000000 0.000000    -0.000001     2.618890 
2458564.987668 0.000000 0.000000    -0.000001     2.618890 
2458565.918966 0.000000 0.000000    -0.000001     2.618890 
2458566.850264 0.000000 0.000000    -0.000000     2.618890 
2458567.781561 0.000000 0.000000    -0.000000     2.618890 
2458568.712859 0.000000 0.000000     0.000000     2.618890 
2458569.644157 0.000000 0.000000     0.000001     2.618890 
2458570.575455 0.000000 0.000000     0.000002     2.618890 
2458571.506753 0.000000 0.000000     0.000002     2.618890 
2458572.438051 0.000000 0.000000     0.000002     2.618890 
2458573.369348 0.000000 0.000000     0.000001     2.618890 
2458574.300646 0.000000 0.000000     0.000001     2.618890 
2458575.231944 0.000000 0.000000     0.000001     2.618890 
2458576.163242 0.000000 0.000000     0.000002     2.618890 
2458577.094540 0.000000 0.000000     0.000002     2.618890 
2458578.025838 0.000000 0.000000     0.000002     2.618890 
2458578.957136 0.000000 0.000000     0.000001     2.618890 
2458579.888433 0.000000 0.000000     0.000001     2.618890 
2458580.819731 0.000000 0.000000     0.000001     2.618890 
2458581.751029 0.000000 0.000000     0.000001     2.618890 
2458582.682327 0.000000 0.000000     0.000001     2.618890 
2458583.613625 0.000000 0.000000     0.000001     2.618890 
2458584.544923 0.000000 0.000000     0.000000     2.618890 
2458585.476221 0.000000 0.000000    -0.000000     2.618890 
2458586.407518 0.000000 0.000000    -0.000001     2.618890 
2458587.338816 0.000000 0.000000    -0.000001     2.618890 
2458588.270114 0.000000 0.000000    -0.000001     2.618890 
2458589.201412 0.000000 0.000000    -0.000001     2.618890 
2458590.132710 0.000000 0.000000    -0.000001     2.618890 
2458591.064008 0.000000 0.000000    -0.000000     2.618890 
2458591.995306 0.000000 0.000000    -0.000000     2.618890 
2458592.926603 0.000000 0.000000    -0.000000     2.618890 
2458593.857901 0.000000 0.000000     0.000000     2.618890 
2458594.789199 0.000000 0.000000     0.000001     2.618890 
2458595.720497 0.000000 0.000000     0.000001     2.618890 
2458596.651795 0.000000 0.000000     0.000002     2.618890 
2458597.583093 0.000000 0.000000     0.000003     2.618890 
2458598.514390 0.000000 0.000000     0.000004     2.618890 
2458599.445688 0.000000 0.000000     0.000005     2.618890 
2458600.376986 0.000000 0.000000     0.000005     2.618890 
2458601.308284 0.000000 0.000000     0.000005     2.618890 
2458602.239582 0.000000 0.000000     0.000004     2.618890 
2458603.170880 0.000000 0.000000     0.000003     2.618890 
2458604.102178 0.000000 0.000000     0.000002     2.618890 
2458605.033475 0.000000 0.000000     0.000001     2.618890 
2458605.964773 0.000000 0.000000     0.000001     2.618890 
2458606.896071 0.000000 0.000000     0.000001     2.618890 
2458607.827369 0.000000 0.000000     0.000000     2.618890 
2458608.758667 0.000000 0.000000     0.000000     2.618890 
2458609.689965 0.000000 0.000000     0.000000     2.618890 
2458610.621263 0.000000 0.000000    -0.000000     2.618890 
2458611.552560 0.000000 0.000000    -0.000000     2.618890 
2458612.483858 0.000000 0.000000    -0.000001     2.618890 
2458613.415156 0.000000 0.000000    -0.000001     2.618890 
2458614.346454 0.000000 0.000000    -0.000000     2.618890 
2458615.277752 0.000000 0.000000    -0.000000     2.618890 
2458616.209050 0.000000 0.000000    -0.000000     2.618890 
2458617.140347 0.000000 0.000000    -0.000000     2.618890 
2458618.071645 0.000000 0.000000    -0.000000     2.618890 
2458619.002943 0.000000 0.000000     0.000000     2.618890 
2458619.934241 0.000000 0.000000     0.000001     2.618890 
2458620.865539 0.000000 0.000000     0.000002     2.618890 
2458621.796837 0.000000 0.000000     0.000003     2.618890 
2458622.728135 0.000000 0.000000     0.000003     2.618890 
2458623.659432 0.000000 0.000000     0.000003     2.618890 
2458624.590730 0.000000 0.000000     0.000003     2.618890 
2458625.522028 0.000000 0.000000     0.000002     2.618890 
2458626.453326 0.000000 0.000000     0.000001     2.618890 
2458627.384624 0.000000 0.000000     0.000001     2.618890 
2458628.315922 0.000000 0.000000     0.000001     2.618890 
2458629.247220 0.000000 0.000000     0.000001     2.618890 
2458630.178517 0.000000 0.000000     0.000000     2.618890 
2458631.109815 0.000000 0.000000     0.000000     2.618890 
2458632.041113 0.000000 0.000000     0.000000     2.618890 
2458632.972411 0.000000 0.000000     0.000000     2.618890 
2458633.903709 0.000000 0.000000     0.000000     2.618890 
2458634.835007 0.000000 0.000000     0.000000     2.618890 
2458635.766304 0.000000 0.000000     0.000000     2.618890 
2458636.697602 0.000000 0.000000    -0.000000     2.618890 
2458637.628900 0.000000 0.000000    -0.000000     2.618890 
2458638.560198 0.000000 0.000000    -0.000000     2.618890 
2458639.491496 0.000000 0.000000    -0.000000     2.618890 
2458640.422794 0.000000 0.000000    -0.000000     2.618890 
2458641.354092 0.000000 0.000000    -0.000000     2.618890 
2458642.285389 0.000000 0.000000    -0.000000     2.618890 
2458643.216687 0.000000 0.000000    -0.000000     2.618890 
2458644.147985 0.000000 0.000000     0.000000     2.618890 
2458645.079283 0.000000 0.000000     0.000001     2.618890 
2458646.010581 0.000000 0.000000     0.000002     2.618890 
2458646.941879 0.000000 0.000000     0.000002     2.618890 
2458647.873177 0.000000 0.000000     0.000002     2.618890 
2458648.804474 0.000000 0.000000     0.000001     2.618890 
2458649.735772 0.000000 0.000000     0.000000     2.618890 
2458650.667070 0.000000 0.000000    -0.000001     2.618890 
2458651.598368 0.000000 0.000000    -0.000002     2.618890 
2458652.529666 0.000000 0.000000    -0.000002     2.618890 
2458653.460964 0.000000 0.000000    -0.000001     2.618890 
2458654.392262 0.000000 0.000000    -0.000001     2.618890 
2458655.323559 0.000000 0.000000    -0.000000     2.618890 
2458656.254857 0.000000 0.000000    -0.000000     2.618890 
2458657.186155 0.000000 0.000000    -0.000000     2.618890 
2458658.117453 0.000000 0.000000    -0.000000     2.618890 
2458659.048751 0.000000 0.000000    -0.000000     2.618890 
2458659.980049 0.000000 0.000000     0.000000     2.618890 
2458660.911346 0.000000 0.000000     0.000000     2.618890 
2458661.842644 0.000000 0.000000    -0.000000     2.618890 
2458662.773942 0.000000 0.000000    -0.000000     2.618890 
2458663.705240 0.000000 0.000000    -0.000000     2.618890 
2458664.636538 0.000000 0.000000    -0.000000     2.618890 
2458665.567836 0.000000 0.000000     0.000000     2.618890 
2458666.499134 0.000000 0.000000     0.000000     2.618890 
2458667.430431 0.000000 0.000000    -0.000000     2.618890 
2458668.361729 0.000000 0.000000    -0.000000     2.618890 
2458669.293027 0.000000 0.000000     0.000000     2.618890 
2458670.224325 0.000000 0.000000     0.000001     2.618890 
2458671.155623 0.000000 0.000000     0.000001     2.618890 
2458672.086921 0.000000 0.000000     0.000002     2.618890 
2458673.018219 0.000000 0.000000     0.000001     2.618890 
2458673.949516 0.000000 0.000000     0.000000     2.618890 
2458674.880814 0.000000 0.000000    -0.000001     2.618890 
2458675.812112 0.000000 0.000000    -0.000002     2.618890 
2458676.743410 0.000000 0.000000    -0.000003     2.618890 
2458677.674708 0.000000 0.000000    -0.000002     2.618890 
2458678.606006 0.000000 0.000000    -0.000002     2.618890 
2458679.537303 0.000000 0.000000    -0.000001     2.618890 
2458680.468601 0.000000 0.000000    -0.000001     2.618890 
2458681.399899 0.000000 0.000000    -0.000000     2.618890 
2458682.331197 0.000000 0.000000    -0.000000     2.618890 
2458683.262495 0.000000 0.000000    -0.000000     2.618890 
2458684.193793 0.000000 0.000000    -0.000000     2.618890 
2458685.125091 0.000000 0.000000     0.000000     2.618890 
2458686.056388 0.000000 0.000000     0.000000     2.618890 
2458686.987686 0.000000 0.000000    -0.000000     2.618890 
2458687.918984 0.000000 0.000000    -0.000000     2.618890 
2458688.850282 0.000000 0.000000    -0.000000     2.618890 
2458689.781580 0.000000 0.000000    -0.000000     2.618890 
2458690.712878 0.000000 0.000000     0.000000     2.618890 
2458691.644176 0.000000 0.000000     0.000000     2.618890 
2458692.575473 0.000000 0.000000    -0.000000     2.618890 
2458693.506771 0.000000 0.000000    -0.000000     2.618890 
2458694.438069 0.000000 0.000000     0.000000     2.618890 
2458695.369367 0.000000 0.000000     0.000000     2.618890 
2458696.300665 0.000000 0.000000     0.000001     2.618890 
2458697.231963 0.000000 0.000000     0.000001     2.618890 
2458698.163261 0.000000 0.000000     0.000001     2.618890 
2458699.094558 0.000000 0.000000    -0.000000     2.618890 
2458700.025856 0.000000 0.000000    -0.000001     2.618890 
2458700.957154 0.000000 0.000000    -0.000002     2.618890 
2458701.888452 0.000000 0.000000    -0.000002     2.618890 
2458702.819750 0.000000 0.000000    -0.000002     2.618890 
2458703.751048 0.000000 0.000000    -0.000001     2.618890 
2458704.682345 0.000000 0.000000    -0.000001     2.618890 
2458705.613643 0.000000 0.000000    -0.000000     2.618890 
2458706.544941 0.000000 0.000000    -0.000000     2.618890 
2458707.476239 0.000000 0.000000    -0.000000     2.618890 
2458708.407537 0.000000 0.000000    -0.000000     2.618890 
2458709.338835 0.000000 0.000000    -0.000000     2.618890 
2458710.270133 0.000000 0.000000    -0.000000     2.618890 
2458711.201430 0.000000 0.000000     0.000000     2.618890 
2458712.132728 0.000000 0.000000    -0.000000     2.618890 
2458713.064026 0.000000 0.000000    -0.000000     2.618890 
2458713.995324 0.000000 0.000000    -0.000000     2.618890 
2458714.926622 0.000000 0.000000    -0.000000     2.618890 
2458715.857920 0.000000 0.000000     0.000000     2.618890 
2458716.789218 0.000000 0.000000     0.000000     2.618890 
2458717.720515 0.000000 0.000000    -0.000000     2.618890 
2458718.651813 0.000000 0.000000    -0.000000     2.618890 
2458719.583111 0.000000 0.000000     0.000000     2.618890 
2458720.514409 0.000000 0.000000     0.000000     2.618890 
2458721.445707 0.000000 0.000000     0.000000     2.618890 
2458722.377005 0.000000 0.000000     0.000000     2.618890 
2458723.308302 0.000000 0.000000     0.000000     2.618890 
2458724.239600 0.000000 0.000000    -0.000000     2.618890 
2458725.170898 0.000000 0.000000    -0.000001     2.618890 
2458726.102196 0.000000 0.000000    -0.000001     2.618890 
2458727.033494 0.000000 0.000000    -0.000001     2.618890 
2458727.964792 0.000000 0.000000    -0.000001     2.618890 
2458728.896090 0.000000 0.000000    -0.000001     2.618890 
2458729.827387 0.000000 0.000000    -0.000001     2.618890 
2458730.758685 0.000000 0.000000    -0.000000     2.618890 
2458731.689983 0.000000 0.000000    -0.000000     2.618890 
2458732.621281 0.000000 0.000000    -0.000000     2.618890 
2458733.552579 0.000000 0.000000    -0.000000     2.618890 
2458734.483877 0.000000 0.000000    -0.000000     2.618890 
2458735.415175 0.000000 0.000000    -0.000000     2.618890 
2458736.346472 0.000000 0.000000     0.000000     2.618890 
2458737.277770 0.000000 0.000000    -0.000000     2.618890 
2458738.209068 0.000000 0.000000    -0.000000     2.618890 
2458739.140366 0.000000 0.000000    -0.000000     2.618890 
2458740.071664 0.000000 0.000000    -0.000000     2.618890 
2458741.002962 0.000000 0.000000    -0.000000     2.618890 
2458741.934259 0.000000 0.000000     0.000000     2.618890 
2458742.865557 0.000000 0.000000    -0.000000     2.618890 
2458743.796855 0.000000 0.000000    -0.000000     2.618890 
2458744.728153 0.000000 0.000000     0.000000     2.618890 
2458745.659451 0.000000 0.000000     0.000000     2.618890 
2458746.590749 0.000000 0.000000     0.000000     2.618890 
2458747.522047 0.000000 0.000000     0.000000     2.618890 
2458748.453344 0.000000 0.000000     0.000000     2.618890 
2458749.384642 0.000000 0.000000    -0.000000     2.618890 
2458750.315940 0.000000 0.000000    -0.000000     2.618890 
2458751.247238 0.000000 0.000000    -0.000000     2.618890 
2458752.178536 0.000000 0.000000    -0.000001     2.618890 
2458753.109834 0.000000 0.000000    -0.000000     2.618890 
2458754.041132 0.000000 0.000000    -0.000000     2.618890 
2458754.972429 0.000000 0.000000    -0.000000     2.618890 
2458755.903727 0.000000 0.000000    -0.000000     2.618890 
2458756.835025 0.000000 0.000000    -0.000000     2.618890 
2458757.766323 0.000000 0.000000    -0.000000     2.618890 
2458758.697621 0.000000 0.000000    -0.000000     2.618890 
2458759.628919 0.000000 0.000000    -0.000000     2.618890 
2458760.560217 0.000000 0.000000     0.000000     2.618890 
2458761.491514 0.000000 0.000000     0.000000     2.618890 
2458762.422812 0.000000 0.000000    -0.000000     2.618890 
2458763.354110 0.000000 0.000000    -0.000000     2.618890 
2458764.285408 0.000000 0.000000    -0.000000     2.618890 
2458765.216706 0.000000 0.000000    -0.000000     2.618890 
2458766.148004 0.000000 0.000000    -0.000000     2.618890 
2458767.079301 0.000000 0.000000    -0.000000     2.618890 
2458768.010599 0.000000 0.000000    -0.000000     2.618890 
2458768.941897 0.000000 0.000000    -0.000000     2.618890 
2458769.873195 0.000000 0.000000     0.000000     2.618890 
2458770.804493 0.000000 0.000000     0.000000     2.618890 
2458771.735791 0.000000 0.000000     0.000000     2.618890 
2458772.667089 0.000000 0.000000     0.000000     2.618890 
2458773.598386 0.000000 0.000000     0.000000     2.618890 
2458774.529684 0.000000 0.000000    -0.000000     2.618890 
2458775.460982 0.000000 0.000000    -0.000000     2.618890 
2458776.392280 0.000000 0.000000    -0.000000     2.618890 
2458777.323578 0.000000 0.000000    -0.000000     2.618890 
2458778.254876 0.000000 0.000000    -0.000000     2.618890 
2458779.186174 0.000000 0.000000    -0.000000     2.618890 
2458780.117471 0.000000 0.000000    -0.000000     2.618890 
2458781.048769 0.000000 0.000000    -0.000000     2.618890 
2458781.980067 0.000000 0.000000    -0.000000     2.618890 
2458782.911365 0.000000 0.000000    -0.000000     2.618890 
2458783.842663 0.000000 0.000000     0.000000     2.618890 
2458784.773961 0.000000 0.000000     0.000000     2.618890 
2458785.705258 0.000000 0.000000     0.000000     2.618890 
2458786.636556 0.000000 0.000000    -0.000000     2.618890 
2458787.567854 0.000000 0.000000    -0.000000     2.618890 
2458788.499152 0.000000 0.000000    -0.000000     2.618890 
2458789.430450 0.000000 0.000000    -0.000000     2.618890 
2458790.361748 0.000000 0.000000    -0.000000     2.618890 
2458791.293046 0.000000 0.000000    -0.000000     2.618890 
2458792.224343 0.000000 0.000000    -0.000000     2.618890 
2458793.155641 0.000000 0.000000    -0.000000     2.618890 
2458794.086939 0.000000 0.000000    -0.000000     2.618890 
2458795.018237 0.000000 0.000000     0.000000     2.618890 
2458795.949535 0.000000 0.000000     0.000000     2.618890 
2458796.880833 0.000000 0.000000     0.000000     2.618890 
2458797.812131 0.000000 0.000000     0.000000     2.618890 
2458798.743428 0.000000 0.000000     0.000000     2.618890 
2458799.674726 0.000000 0.000000     0.000000     2.618890 
2458800.606024 0.000000 0.000000     0.000000     2.618890 
2458801.537322 0.000000 0.000000     0.000000     2.618890 
2458802.468620 0.000000 0.000000     0.000000     2.618890 
2458803.399918 0.000000 0.000000     0.000000     2.618890 
2458804.331215 0.000000 0.000000     0.000000     2.618890 
2458805.262513 0.000000 0.000000     0.000000     2.618890 
2458806.193811 0.000000 0.000000     0.000000     2.618890 
2458807.125109 0.000000 0.000000     0.000000     2.618890 
2458808.056407 0.000000 0.000000     0.000000     2.618890 
2458808.987705 0.000000 0.000000     0.000000     2.618890 
2458809.919003 0.000000 0.000000     0.000000     2.618890 
2458810.850300 0.000000 0.000000     0.000000     2.618890 
2458811.781598 0.000000 0.000000     0.000000     2.618890 
2458812.712896 0.000000 0.000000    -0.000000     2.618890 
2458813.644194 0.000000 0.000000    -0.000000     2.618890 
2458814.575492 0.000000 0.000000    -0.000000     2.618890 
2458815.506790 0.000000 0.000000    -0.000000     2.618890 
2458816.438088 0.000000 0.000000    -0.000000     2.618890 
2458817.369385 0.000000 0.000000    -0.000000     2.618890 
2458818.300683 0.000000 0.000000    -0.000000     2.618890 
2458819.231981 0.000000 0.000000    -0.000000     2.618890 
2458820.163279 0.000000 0.000000     0.000000     2.618890 
2458821.094577 0.000000 0.000000     0.000000     2.618890 
2458822.025875 0.000000 0.000000     0.000000     2.618890 
2458822.957173 0.000000 0.000000     0.000000     2.618890 
2458823.888470 0.000000 0.000000     0.000000     2.618890 
2458824.819768 0.000000 0.000000     0.000000     2.618890 
2458825.751066 0.000000 0.000000     0.000000     2.618890 
2458826.682364 0.000000 0.000000     0.000000     2.618890 
2458827.613662 0.000000 0.000000     0.000000     2.618890 
2458828.544960 0.000000 0.000000     0.000000     2.618890 
2458829.476257 0.000000 0.000000     0.000000     2.618890 
2458830.407555 0.000000 0.000000     0.000000     2.618890 
2458831.338853 0.000000 0.000000     0.000000     2.618890 
2458832.270151 0.000000 0.000000     0.000000     2.618890 
2458833.201449 0.000000 0.000000     0.000000     2.618890 
2458834.132747 0.000000 0.000000     0.000000     2.618890 
2458835.064045 0.000000 0.000000     0.000000     2.618890 
2458835.995342 0.000000 0.000000     0.000000     2.618890 
2458836.926640 0.000000 0.000000     0.000000     2.618890 
2458837.857938 0.000000 0.000000    -0.000000     2.618890 
2458838.789236 0.000000 0.000000    -0.000000     2.618890 
2458839.720534 0.000000 0.000000    -0.000000     2.618890 
2458840.651832 0.000000 0.000000    -0.000000     2.618890 
2458841.583130 0.000000 0.000000    -0.000000     2.618890 
2458842.514427 0.000000 0.000000    -0.000000     2.618890 
2458843.445725 0.000000 0.000000    -0.000000     2.618890 
2458844.377023 0.000000 0.000000    -0.000000     2.618890 
2458845.308321 0.000000 0.000000     0.000000     2.618890 
2458846.239619 0.000000 0.000000     0.000000     2.618890 
2458847.170917 0.000000 0.000000     0.000000     2.618890 
2458848.102214 0.000000 0.000000     0.000000     2.618890 
2458849.033512 0.000000 0.000000     0.000000     2.618890 
2458849.964810 0.000000 0.000000     0.000000     2.618890 
2458850.896108 0.000000 0.000000     0.000000     2.618890 
2458851.827406 0.000000 0.000000     0.000000     2.618890 
2458852.758704 0.000000 0.000000     0.000000     2.618890 
2458853.690002 0.000000 0.000000     0.000000     2.618890 
2458854.621299 0.000000 0.000000     0.000000     2.618890 
2458855.552597 0.000000 0.000000     0.000000     2.618890 
2458856.483895 0.000000 0.000000     0.000000     2.618890 
2458857.415193 0.000000 0.000000     0.000000     2.618890 
2458858.346491 0.000000 0.000000     0.000000     2.618890 
2458859.277789 0.000000 0.000000     0.000000     2.618890 
2458860.209087 0.000000 0.000000     0.000000     2.618890 
2458861.140384 0.000000 0.000000     0.000000     2.618890 
2458862.071682 0.000000 0.000000     0.000000     2.618890 
2458863.002980 0.000000 0.000000    -0.000000     2.618890 
2458863.934278 0.000000 0.000000    -0.000000     2.618890 
2458864.865576 0.000000 0.000000    -0.000000     2.618890 
2458865.796874 0.000000 0.000000    -0.000000     2.618890 
2458866.728171 0.000000 0.000000    -0.000000     2.618890 
2458867.659469 0.000000 0.000000    -0.000000     2.618890 
2458868.590767 0.000000 0.000000    -0.000000     2.618890 
2458869.522065 0.000000 0.000000    -0.000000     2.618890 
2458870.453363 0.000000 0.000000     0.000000     2.618890 
2458871.384661 0.000000 0.000000     0.000000     2.618890 
2458872.315959 0.000000 0.000000     0.000000     2.618890 
2458873.247256 0.000000 0.000000     0.000000     2.618890 
2458874.178554 0.000000 0.000000     0.000000     2.618890 
2458875.109852 0.000000 0.000000     0.000000     2.618890 
2458876.041150 0.000000 0.000000     0.000000     2.618890 
2458876.972448 0.000000 0.000000    -0.000000     2.618890 
2458877.903746 0.000000 0.000000    -0.000000     2.618890 
2458878.835044 0.000000 0.000000    -0.000000     2.618890 
2458879.766341 0.000000 0.000000    -0.000000     2.618890 
2458880.697639 0.000000 0.000000    -0.000000     2.618890 
2458881.628937 0.000000 0.000000    -0.000000     2.618890 
2458882.560235 0.000000 0.000000    -0.000000     2.618890 
2458883.491533 0.000000 0.000000    -0.000000     2.618890 
2458884.422831 0.000000 0.000000    -0.000000     2.618890 
2458885.354129 0.000000 0.000000    -0.000000     2.618890 
2458886.285426 0.000000 0.000000    -0.000000     2.618890 
2458887.216724 0.000000 0.000000     0.000000     2.618890 
2458888.148022 0.000000 0.000000    -0.000000     2.618890 
2458889.079320 0.000000 0.000000    -0.000000     2.618890 
2458890.010618 0.000000 0.000000    -0.000000     2.618890 
2458890.941916 0.000000 0.000000    -0.000000     2.618890 
2458891.873213 0.000000 0.000000     0.000000     2.618890 
2458892.804511 0.000000 0.000000     0.000000     2.618890 
2458893.735809 0.000000 0.000000     0.000000     2.618890 
2458894.667107 0.000000 0.000000    -0.000000     2.618890 
2458895.598405 0.000000 0.000000     0.000000     2.618890 
2458896.529703 0.000000 0.000000     0.000000     2.618890 
2458897.461001 0.000000 0.000000     0.000000     2.618890 
2458898.392298 0.000000 0.000000     0.000000     2.618890 
2458899.323596 0.000000 0.000000     0.000000     2.618890 
2458900.254894 0.000000 0.000000     0.000000     2.618890 
2458901.186192 0.000000 0.000000    -0.000000     2.618890 
2458902.117490 0.000000 0.000000    -0.000000     2.618890 
2458903.048788 0.000000 0.000000    -0.000000     2.618890 
2458903.980086 0.000000 0.000000    -0.000000     2.618890 
2458904.911383 0.000000 0.000000    -0.000000     2.618890 
2458905.842681 0.000000 0.000000    -0.000000     2.618890 
2458906.773979 0.000000 0.000000    -0.000000     2.618890 
2458907.705277 0.000000 0.000000    -0.000000     2.618890 
2458908.636575 0.000000 0.000000    -0.000000     2.618890 
2458909.567873 0.000000 0.000000    -0.000000     2.618890 
2458910.499170 0.000000 0.000000    -0.000000     2.618890 
2458911.430468 0.000000 0.000000    -0.000000     2.618890 
2458912.361766 0.000000 0.000000     0.000000     2.618890 
2458913.293064 0.000000 0.000000     0.000000     2.618890 
2458914.224362 0.000000 0.000000    -0.000000     2.618890 
2458915.155660 0.000000 0.000000    -0.000000     2.618890 
2458916.086958 0.000000 0.000000    -0.000000     2.618890 
2458917.018255 0.000000 0.000000     0.000000     2.618890 
2458917.949553 0.000000 0.000000     0.000000     2.618890 
2458918.880851 0.000000 0.000000     0.000000     2.618890 
2458919.812149 0.000000 0.000000    -0.000000     2.618890 
2458920.743447 0.000000 0.000000     0.000000     2.618890 
2458921.674745 0.000000 0.000000     0.000000     2.618890 
2458922.606043 0.000000 0.000000     0.000000     2.618890 
2458923.537340 0.000000 0.000000     0.000000     2.618890 
2458924.468638 0.000000 0.000000     0.000000     2.618890 
2458925.399936 0.000000 0.000000     0.000000     2.618890 
2458926.331234 0.000000 0.000000    -0.000000     2.618890 
2458927.262532 0.000000 0.000000    -0.000000     2.618890 
2458928.193830 0.000000 0.000000    -0.000000     2.618890 
2458929.125127 0.000000 0.000000    -0.000000     2.618890 
2458930.056425 0.000000 0.000000    -0.000000     2.618890 
2458930.987723 0.000000 0.000000    -0.000000     2.618890 
2458931.919021 0.000000 0.000000    -0.000000     2.618890 
2458932.850319 0.000000 0.000000    -0.000000     2.618890 
2458933.781617 0.000000 0.000000    -0.000000     2.618890 
2458934.712915 0.000000 0.000000    -0.000000     2.618890 
2458935.644212 0.000000 0.000000    -0.000000     2.618890 
2458936.575510 0.000000 0.000000    -0.000000     2.618890 
2458937.506808 0.000000 0.000000     0.000000     2.618890 
2458938.438106 0.000000 0.000000     0.000000     2.618890 
2458939.369404 0.000000 0.000000    -0.000000     2.618890 
2458940.300702 0.000000 0.000000    -0.000000     2.618890 
2458941.232000 0.000000 0.000000    -0.000000     2.618890 
2458942.163297 0.000000 0.000000     0.000000     2.618890 
2458943.094595 0.000000 0.000000     0.000000     2.618890 
2458944.025893 0.000000 0.000000     0.000000     2.618890 
2458944.957191 0.000000 0.000000    -0.000000     2.618890 
2458945.888489 0.000000 0.000000     0.000000     2.618890 
2458946.819787 0.000000 0.000000     0.000000     2.618890 
2458947.751085 0.000000 0.000000     0.000000     2.618890 
2458948.682382 0.000000 0.000000     0.000000     2.618890 
2458949.613680 0.000000 0.000000     0.000000     2.618890 
2458950.544978 0.000000 0.000000    -0.000000     2.618890 
2458951.476276 0.000000 0.000000    -0.000000     2.618890 
2458952.407574 0.000000 0.000000    -0.000000     2.618890 
2458953.338872 0.000000 0.000000    -0.000000     2.618890 
2458954.270169 0.000000 0.000000    -0.000000     2.618890 
2458955.201467 0.000000 0.000000    -0.000000     2.618890 
2458956.132765 0.000000 0.000000    -0.000000     2.618890 
2458957.064063 0.000000 0.000000    -0.000000     2.618890 
2458957.995361 0.000000 0.000000    -0.000000     2.618890 
2458958.926659 0.000000 0.000000    -0.000000     2.618890 
2458959.857957 0.000000 0.000000    -0.000000     2.618890 
2458960.789254 0.000000 0.000000    -0.000000     2.618890 
2458961.720552 0.000000 0.000000    -0.000000     2.618890 
2458962.651850 0.000000 0.000000     0.000000     2.618890 
2458963.583148 0.000000 0.000000     0.000000     2.618890 
2458964.514446 0.000000 0.000000    -0.000000     2.618890 
2458965.445744 0.000000 0.000000    -0.000000     2.618890 
2458966.377042 0.000000 0.000000    -0.000000     2.618890 
2458967.308339 0.000000 0.000000    -0.000000     2.618890 
2458968.239637 0.000000 0.000000    -0.000000     2.618890 
2458969.170935 0.000000 0.000000    -0.000000     2.618890 
2458970.102233 0.000000 0.000000    -0.000000     2.618890 
2458971.033531 0.000000 0.000000     0.000000     2.618890 
2458971.964829 0.000000 0.000000     0.000000     2.618890 
2458972.896126 0.000000 0.000000     0.000000     2.618890 
2458973.827424 0.000000 0.000000     0.000000     2.618890 
2458974.758722 0.000000 0.000000     0.000000     2.618890 
2458975.690020 0.000000 0.000000    -0.000000     2.618890 
2458976.621318 0.000000 0.000000    -0.000000     2.618890 
2458977.552616 0.000000 0.000000    -0.000000     2.618890 
2458978.483914 0.000000 0.000000    -0.000000     2.618890 
2458979.415211 0.000000 0.000000    -0.000000     2.618890 
2458980.346509 0.000000 0.000000    -0.000000     2.618890 
2458981.277807 0.000000 0.000000    -0.000000     2.618890 
2458982.209105 0.000000 0.000000    -0.000000     2.618890 
2458983.140403 0.000000 0.000000    -0.000000     2.618890 
2458984.071701 0.000000 0.000000    -0.000000     2.618890 
2458985.002999 0.000000 0.000000    -0.000000     2.618890 
2458985.934296 0.000000 0.000000     0.000000     2.618890 
2458986.865594 0.000000 0.000000     0.000000     2.618890 
2458987.796892 0.000000 0.000000     0.000000     2.618890 
2458988.728190 0.000000 0.000000    -0.000000     2.618890 
2458989.659488 0.000000 0.000000    -0.000000     2.618890 
2458990.590786 0.000000 0.000000    -0.000000     2.618890 
2458991.522084 0.000000 0.000000    -0.000000     2.618890 
2458992.453381 0.000000 0.000000    -0.000000     2.618890 
2458993.384679 0.000000 0.000000    -0.000000     2.618890 
2458994.315977 0.000000 0.000000    -0.000000     2.618890 
2458995.247275 0.000000 0.000000    -0.000000     2.618890 
2458996.178573 0.000000 0.000000     0.000000     2.618890 
2458997.109871 0.000000 0.000000     0.000000     2.618890 
2458998.041168 0.000000 0.000000     0.000000     2.618890 
2458998.972466 0.000000 0.000000     0.000000     2.618890 
2458999.903764 0.000000 0.000000     0.000000     2.618890 
2459000.835062 0.000000 0.000000     0.000000     2.618890 
2459001.766360 0.000000 0.000000    -0.000000     2.618890 
2459002.697658 0.000000 0.000000    -0.000000     2.618890 
2459003.628956 0.000000 0.000000     0.000000     2.618890 
2459004.560253 0.000000 0.000000     0.000000     2.618890 
2459005.491551 0.000000 0.000000     0.000000     2.618890 
2459006.422849 0.000000 0.000000     0.000000     2.618890 
2459007.354147 0.000000 0.000000     0.000000     2.618890 
2459008.285445 0.000000 0.000000     0.000000     2.618890 
2459009.216743 0.000000 0.000000     0.000000     2.618890 
2459010.148041 0.000000 0.000000     0.000000     2.618890 
2459011.079338 0.000000 0.000000     0.000000     2.618890 
2459012.010636 0.000000 0.000000    -0.000000     2.618890 
2459012.941934 0.000000 0.000000    -0.000000     2.618890 
2459013.873232 0.000000 0.000000    -0.000000     2.618890 
2459014.804530 0.000000 0.000000    -0.000000     2.618890 
2459015.735828 0.000000 0.000000     0.000000     2.618890 
2459016.667125 0.000000 0.000000     0.000000     2.618890 
2459017.598423 0.000000 0.000000     0.000000     2.618890 
2459018.529721 0.000000 0.000000     0.000000     2.618890 
2459019.461019 0.000000 0.000000     0.000000     2.618890 
2459020.392317 0.000000 0.000000     0.000000     2.618890 
2459021.323615 0.000000 0.000000     0.000000     2.618890 
2459022.254913 0.000000 0.000000     0.000000     2.618890 
2459023.186210 0.000000 0.000000     0.000000     2.618890 
2459024.117508 0.000000 0.000000     0.000000     2.618890 
2459025.048806 0.000000 0.000000     0.000000     2.618890 
2459025.980104 0.000000 0.000000     0.000000     2.618890 
2459026.911402 0.000000 0.000000     0.000000     2.618890 
2459027.842700 0.000000 0.000000     0.000000     2.618890 
2459028.773998 0.000000 0.000000     0.000000     2.618890 
2459029.705295 0.000000 0.000000     0.000000     2.618890 
2459030.636593 0.000000 0.000000     0.000000     2.618890 
2459031.567891 0.000000 0.000000     0.000000     2.618890 
2459032.499189 0.000000 0.000000     0.000000     2.618890 
2459033.430487 0.000000 0.000000     0.000000     2.618890 
2459034.361785 0.000000 0.000000     0.000000     2.618890 
2459035.293082 0.000000 0.000000     0.000000     2.618890 
2459036.224380 0.000000 0.000000    -0.000000     2.618890 
2459037.155678 0.000000 0.000000    -0.000000     2.618890 
2459038.086976 0.000000 0.000000    -0.000000     2.618890 
2459039.018274 0.000000 0.000000    -0.000000     2.618890 
2459039.949572 0.000000 0.000000     0.000000     2.618890 
2459040.880870 0.000000 0.000000     0.000000     2.618890 
2459041.812167 0.000000 0.000000     0.000000     2.618890 
2459042.743465 0.000000 0.000000     0.000000     2.618890 
2459043.674763 0.000000 0.000000     0.000000     2.618890 
2459044.606061 0.000000 0.000000     0.000000     2.618890 
2459045.537359 0.000000 0.000000     0.000000     2.618890 
2459046.468657 0.000000 0.000000     0.000000     2.618890 
2459047.399955 0.000000 0.000000     0.000000     2.618890 
2459048.331252 0.000000 0.000000     0.000000     2.618890 
2459049.262550 0.000000 0.000000     0.000000     2.618890 
2459050.193848 0.000000 0.000000    -0.000000     2.618890 
2459051.125146 0.000000 0.000000     0.000000     2.618890 
2459052.056444 0.000000 0.000000     0.000000     2.618890 
2459052.987742 0.000000 0.000000     0.000000     2.618890 
2459053.919040 0.000000 0.000000     0.000000     2.618890 
2459054.850337 0.000000 0.000000     0.000000     2.618890 
2459055.781635 0.000000 0.000000     0.000000     2.618890 
2459056.712933 0.000000 0.000000     0.000000     2.618890 
2459057.644231 0.000000 0.000000     0.000000     2.618890 
2459058.575529 0.000000 0.000000     0.000000     2.618890 
2459059.506827 0.000000 0.000000     0.000000     2.618890 
2459060.438124 0.000000 0.000000     0.000000     2.618890 
2459061.369422 0.000000 0.000000    -0.000000     2.618890 
2459062.300720 0.000000 0.000000    -0.000000     2.618890 
2459063.232018 0.000000 0.000000    -0.000000     2.618890 
2459064.163316 0.000000 0.000000    -0.000000     2.618890 
2459065.094614 0.000000 0.000000     0.000000     2.618890 
2459066.025912 0.000000 0.000000     0.000000     2.618890 
2459066.957209 0.000000 0.000000     0.000000     2.618890 
2459067.888507 0.000000 0.000000     0.000000     2.618890 
2459068.819805 0.000000 0.000000     0.000000     2.618890 
2459069.751103 0.000000 0.000000     0.000000     2.618890 
2459070.682401 0.000000 0.000000     0.000000     2.618890 
2459071.613699 0.000000 0.000000     0.000000     2.618890 
2459072.544997 0.000000 0.000000     0.000000     2.618890 
2459073.476294 0.000000 0.000000     0.000000     2.618890 
2459074.407592 0.000000 0.000000     0.000000     2.618890 
2459075.338890 0.000000 0.000000    -0.000000     2.618890 
2459076.270188 0.000000 0.000000     0.000000     2.618890 
2459077.201486 0.000000 0.000000     0.000000     2.618890 
2459078.132784 0.000000 0.000000     0.000000     2.618890 
2459079.064081 0.000000 0.000000     0.000000     2.618890 
2459079.995379 0.000000 0.000000     0.000000     2.618890 
2459080.926677 0.000000 0.000000     0.000000     2.618890 
2459081.857975 0.000000 0.000000     0.000000     2.618890 
2459082.789273 0.000000 0.000000     0.000000     2.618890 
2459083.720571 0.000000 0.000000     0.000000     2.618890 
2459084.651869 0.000000 0.000000     0.000000     2.618890 
2459085.583166 0.000000 0.000000     0.000000     2.618890 
2459086.514464 0.000000 0.000000    -0.000000     2.618890 
2459087.445762 0.000000 0.000000    -0.000000     2.618890 
2459088.377060 0.000000 0.000000    -0.000000     2.618890 
2459089.308358 0.000000 0.000000    -0.000000     2.618890 
2459090.239656 0.000000 0.000000     0.000000     2.618890 
2459091.170954 0.000000 0.000000     0.000000     2.618890 
2459092.102251 0.000000 0.000000     0.000000     2.618890 
2459093.033549 0.000000 0.000000     0.000000     2.618890 
2459093.964847 0.000000 0.000000     0.000000     2.618890 
2459094.896145 0.000000 0.000000     0.000000     2.618890 
2459095.827443 0.000000 0.000000     0.000000     2.618890 
2459096.758741 0.000000 0.000000     0.000000     2.618890 
2459097.690038 0.000000 0.000000     0.000000     2.618890 
2459098.621336 0.000000 0.000000     0.000000     2.618890 
2459099.552634 0.000000 0.000000     0.000000     2.618890 
2459100.483932 0.000000 0.000000    -0.000000     2.618890 
2459101.415230 0.000000 0.000000     0.000000     2.618890 
2459102.346528 0.000000 0.000000     0.000000     2.618890 
2459103.277826 0.000000 0.000000     0.000000     2.618890 
2459104.209123 0.000000 0.000000     0.000000     2.618890 
2459105.140421 0.000000 0.000000     0.000000     2.618890 
2459106.071719 0.000000 0.000000     0.000000     2.618890 
2459107.003017 0.000000 0.000000     0.000000     2.618890 
2459107.934315 0.000000 0.000000     0.000000     2.618890 
2459108.865613 0.000000 0.000000     0.000000     2.618890 
2459109.796911 0.000000 0.000000     0.000000     2.618890 
2459110.728208 0.000000 0.000000     0.000000     2.618890 
2459111.659506 0.000000 0.000000    -0.000000     2.618890 
2459112.590804 0.000000 0.000000    -0.000000     2.618890 
2459113.522102 0.000000 0.000000    -0.000000     2.618890 
2459114.453400 0.000000 0.000000    -0.000000     2.618890 
2459115.384698 0.000000 0.000000     0.000000     2.618890 
2459116.315996 0.000000 0.000000     0.000000     2.618890 
2459117.247293 0.000000 0.000000     0.000000     2.618890 
2459118.178591 0.000000 0.000000     0.000000     2.618890 
2459119.109889 0.000000 0.000000     0.000000     2.618890 
2459120.041187 0.000000 0.000000     0.000000     2.618890 
2459120.972485 0.000000 0.000000     0.000000     2.618890 
2459121.903783 0.000000 0.000000     0.000000     2.618890 
2459122.835080 0.000000 0.000000     0.000000     2.618890 
2459123.766378 0.000000 0.000000     0.000000     2.618890 
2459124.697676 0.000000 0.000000     0.000000     2.618890 
2459125.628974 0.000000 0.000000    -0.000000     2.618890 
2459126.560272 0.000000 0.000000     0.000000     2.618890 
2459127.491570 0.000000 0.000000     0.000000     2.618890 
2459128.422868 0.000000 0.000000     0.000000     2.618890 
2459129.354165 0.000000 0.000000     0.000000     2.618890 
2459130.285463 0.000000 0.000000     0.000000     2.618890 
2459131.216761 0.000000 0.000000     0.000000     2.618890 
2459132.148059 0.000000 0.000000     0.000000     2.618890 
2459133.079357 0.000000 0.000000     0.000000     2.618890 
2459134.010655 0.000000 0.000000     0.000000     2.618890 
2459134.941953 0.000000 0.000000     0.000000     2.618890 
2459135.873250 0.000000 0.000000     0.000000     2.618890 
2459136.804548 0.000000 0.000000     0.000000     2.618890 
2459137.735846 0.000000 0.000000    -0.000000     2.618890 
2459138.667144 0.000000 0.000000    -0.000000     2.618890 
2459139.598442 0.000000 0.000000     0.000000     2.618890 
2459140.529740 0.000000 0.000000     0.000000     2.618890 
2459141.461037 0.000000 0.000000     0.000000     2.618890 
2459142.392335 0.000000 0.000000     0.000000     2.618890 
2459143.323633 0.000000 0.000000     0.000000     2.618890 
2459144.254931 0.000000 0.000000     0.000000     2.618890 
2459145.186229 0.000000 0.000000     0.000000     2.618890 
2459146.117527 0.000000 0.000000     0.000000     2.618890 
2459147.048825 0.000000 0.000000     0.000000     2.618890 
2459147.980122 0.000000 0.000000     0.000000     2.618890 
2459148.911420 0.000000 0.000000     0.000000     2.618890 
2459149.842718 0.000000 0.000000     0.000000     2.618890 
2459150.774016 0.000000 0.000000     0.000000     2.618890 
2459151.705314 0.000000 0.000000     0.000000     2.618890 
2459152.636612 0.000000 0.000000     0.000000     2.618890 
2459153.567910 0.000000 0.000000     0.000000     2.618890 
2459154.499207 0.000000 0.000000     0.000000     2.618890 
2459155.430505 0.000000 0.000000     0.000000     2.618890 
2459156.361803 0.000000 0.000000     0.000000     2.618890 
2459157.293101 0.000000 0.000000     0.000000     2.618890 
2459158.224399 0.000000 0.000000     0.000000     2.618890 
2459159.155697 0.000000 0.000000     0.000000     2.618890 
2459160.086994 0.000000 0.000000     0.000000     2.618890 
2459161.018292 0.000000 0.000000     0.000000     2.618890 
2459161.949590 0.000000 0.000000     0.000000     2.618890 
2459162.880888 0.000000 0.000000     0.000000     2.618890 
2459163.812186 0.000000 0.000000     0.000000     2.618890 
2459164.743484 0.000000 0.000000     0.000000     2.618890 
2459165.674782 0.000000 0.000000     0.000000     2.618890 
2459166.606079 0.000000 0.000000     0.000000     2.618890 
2459167.537377 0.000000 0.000000     0.000000     2.618890 
2459168.468675 0.000000 0.000000     0.000000     2.618890 
2459169.399973 0.000000 0.000000    -0.000000     2.618890 
2459170.331271 0.000000 0.000000     0.000000     2.618890 
2459171.262569 0.000000 0.000000     0.000000     2.618890 
2459172.193867 0.000000 0.000000     0.000000     2.618890 
2459173.125164 0.000000 0.000000     0.000000     2.618890 
2459174.056462 0.000000 0.000000     0.000000     2.618890 
2459174.987760 0.000000 0.000000     0.000000     2.618890 
2459175.919058 0.000000 0.000000     0.000000     2.618890 
2459176.850356 0.000000 0.000000     0.000000     2.618890 
2459177.781654 0.000000 0.000000     0.000000     2.618890 
2459178.712952 0.000000 0.000000     0.000000     2.618890 
2459179.644249 0.000000 0.000000     0.000000     2.618890 
2459180.575547 0.000000 0.000000     0.000000     2.618890 
2459181.506845 0.000000 0.000000     0.000000     2.618890 
2459182.438143 0.000000 0.000000     0.000000     2.618890 
2459183.369441 0.000000 0.000000     0.000000     2.618890 
2459184.300739 0.000000 0.000000     0.000000     2.618890 
2459185.232036 0.000000 0.000000     0.000000     2.618890 
2459186.163334 0.000000 0.000000     0.000000     2.618890 
2459187.094632 0.000000 0.000000     0.000000     2.618890 
2459188.025930 0.000000 0.000000     0.000000     2.618890 
2459188.957228 0.000000 0.000000     0.000000     2.618890 
2459189.888526 0.000000 0.000000     0.000000     2.618890 
2459190.819824 0.000000 0.000000    -0.000000     2.618890 
2459191.751121 0.000000 0.000000    -0.000000     2.618890 
2459192.682419 0.000000 0.000000    -0.000000     2.618890 
2459193.613717 0.000000 0.000000    -0.000000     2.618890 
2459194.545015 0.000000 0.000000    -0.000000     2.618890 
2459195.476313 0.000000 0.000000    -0.000000     2.618890 
2459196.407611 0.000000 0.000000    -0.000000     2.618890 
2459197.338909 0.000000 0.000000    -0.000000     2.618890 
2459198.270206 0.000000 0.000000     0.000000     2.618890 
2459199.201504 0.000000 0.000000     0.000000     2.618890 
2459200.132802 0.000000 0.000000     0.000000     2.618890 
2459201.064100 0.000000 0.000000     0.000000     2.618890 
2459201.995398 0.000000 0.000000     0.000000     2.618890 
2459202.926696 0.000000 0.000000     0.000000     2.618890 
2459203.857993 0.000000 0.000000     0.000000     2.618890 
2459204.789291 0.000000 0.000000     0.000000     2.618890 
2459205.720589 0.000000 0.000000     0.000000     2.618890 
2459206.651887 0.000000 0.000000     0.000000     2.618890 
2459207.583185 0.000000 0.000000     0.000000     2.618890 
2459208.514483 0.000000 0.000000     0.000000     2.618890 
2459209.445781 0.000000 0.000000     0.000000     2.618890 
2459210.377078 0.000000 0.000000     0.000000     2.618890 
2459211.308376 0.000000 0.000000     0.000000     2.618890 
2459212.239674 0.000000 0.000000     0.000000     2.618890 
2459213.170972 0.000000 0.000000     0.000000     2.618890 
2459214.102270 0.000000 0.000000     0.000000     2.618890 
2459215.033568 0.000000 0.000000    -0.000000     2.618890 
2459215.964866 0.000000 0.000000    -0.000000     2.618890 
2459216.896163 0.000000 0.000000    -0.000000     2.618890 
2459217.827461 0.000000 0.000000    -0.000000     2.618890 
2459218.758759 0.000000 0.000000    -0.000000     2.618890 
2459219.690057 0.000000 0.000000    -0.000000     2.618890 
2459220.621355 0.000000 0.000000    -0.000000     2.618890 
2459221.552653 0.000000 0.000000    -0.000000     2.618890 
2459222.483950 0.000000 0.000000     0.000000     2.618890 
2459223.415248 0.000000 0.000000     0.000000     2.618890 
2459224.346546 0.000000 0.000000     0.000000     2.618890 
2459225.277844 0.000000 0.000000     0.000000     2.618890 
2459226.209142 0.000000 0.000000     0.000000     2.618890 
2459227.140440 0.000000 0.000000    -0.000000     2.618890 
2459228.071738 0.000000 0.000000     0.000000     2.618890 
2459229.003035 0.000000 0.000000     0.000000     2.618890 
2459229.934333 0.000000 0.000000     0.000000     2.618890 
2459230.865631 0.000000 0.000000     0.000000     2.618890 
2459231.796929 0.000000 0.000000     0.000000     2.618890 
2459232.728227 0.000000 0.000000     0.000000     2.618890 
2459233.659525 0.000000 0.000000     0.000000     2.618890 
2459234.590823 0.000000 0.000000     0.000000     2.618890 
2459235.522120 0.000000 0.000000     0.000000     2.618890 
2459236.453418 0.000000 0.000000     0.000000     2.618890 
2459237.384716 0.000000 0.000000     0.000000     2.618890 
2459238.316014 0.000000 0.000000    -0.000000     2.618890 
2459239.247312 0.000000 0.000000    -0.000000     2.618890 
2459240.178610 0.000000 0.000000    -0.000000     2.618890 
2459241.109908 0.000000 0.000000    -0.000000     2.618890 
2459242.041205 0.000000 0.000000     0.000000     2.618890 
2459242.972503 0.000000 0.000000     0.000000     2.618890 
2459243.903801 0.000000 0.000000     0.000000     2.618890 
2459244.835099 0.000000 0.000000     0.000000     2.618890 
2459245.766397 0.000000 0.000000     0.000000     2.618890 
2459246.697695 0.000000 0.000000     0.000000     2.618890 
2459247.628992 0.000000 0.000000     0.000000     2.618890 
2459248.560290 0.000000 0.000000     0.000000     2.618890 
2459249.491588 0.000000 0.000000     0.000000     2.618890 
2459250.422886 0.000000 0.000000     0.000000     2.618890 
2459251.354184 0.000000 0.000000    -0.000000     2.618890 
2459252.285482 0.000000 0.000000    -0.000000     2.618890 
2459253.216780 0.000000 0.000000     0.000000     2.618890 
2459254.148077 0.000000 0.000000     0.000000     2.618890 
2459255.079375 0.000000 0.000000     0.000000     2.618890 
2459256.010673 0.000000 0.000000     0.000000     2.618890 
2459256.941971 0.000000 0.000000     0.000000     2.618890 
2459257.873269 0.000000 0.000000     0.000000     2.618890 
2459258.804567 0.000000 0.000000     0.000000     2.618890 
2459259.735865 0.000000 0.000000     0.000000     2.618890 
2459260.667162 0.000000 0.000000     0.000000     2.618890 
2459261.598460 0.000000 0.000000     0.000000     2.618890 
2459262.529758 0.000000 0.000000    -0.000000     2.618890 
2459263.461056 0.000000 0.000000    -0.000000     2.618890 
2459264.392354 0.000000 0.000000    -0.000000     2.618890 
2459265.323652 0.000000 0.000000    -0.000000     2.618890 
2459266.254949 0.000000 0.000000     0.000000     2.618890 
2459267.186247 0.000000 0.000000     0.000000     2.618890 
2459268.117545 0.000000 0.000000     0.000000     2.618890 
2459269.048843 0.000000 0.000000     0.000000     2.618890 
2459269.980141 0.000000 0.000000     0.000000     2.618890 
2459270.911439 0.000000 0.000000     0.000000     2.618890 
2459271.842737 0.000000 0.000000     0.000000     2.618890 
2459272.774034 0.000000 0.000000     0.000000     2.618890 
2459273.705332 0.000000 0.000000     0.000000     2.618890 
2459274.636630 0.000000 0.000000     0.000000     2.618890 
2459275.567928 0.000000 0.000000     0.000000     2.618890 
2459276.499226 0.000000 0.000000    -0.000000     2.618890 
2459277.430524 0.000000 0.000000    -0.000000     2.618890 
2459278.361822 0.000000 0.000000     0.000000     2.618890 
2459279.293119 0.000000 0.000000     0.000000     2.618890 
2459280.224417 0.000000 0.000000     0.000000     2.618890 
2459281.155715 0.000000 0.000000     0.000000     2.618890 
2459282.087013 0.000000 0.000000     0.000000     2.618890 
2459283.018311 0.000000 0.000000     0.000000     2.618890 
2459283.949609 0.000000 0.000000     0.000000     2.618890 
2459284.880907 0.000000 0.000000     0.000001     2.618890 
2459285.812204 0.000000 0.000000     0.000001     2.618890 
2459286.743502 0.000000 0.000000     0.000000     2.618890 
2459287.674800 0.000000 0.000000    -0.000000     2.618890 
2459288.606098 0.000000 0.000000    -0.000000     2.618890 
2459289.537396 0.000000 0.000000    -0.000001     2.618890 
2459290.468694 0.000000 0.000000    -0.000000     2.618890 
2459291.399991 0.000000 0.000000     0.000000     2.618890 
2459292.331289 0.000000 0.000000     0.000001     2.618890 
2459293.262587 0.000000 0.000000     0.000001     2.618890 
2459294.193885 0.000000 0.000000     0.000001     2.618890 
2459295.125183 0.000000 0.000000     0.000001     2.618890 
2459296.056481 0.000000 0.000000     0.000001     2.618890 
2459296.987779 0.000000 0.000000     0.000001     2.618890 
2459297.919076 0.000000 0.000000     0.000001     2.618890 
2459298.850374 0.000000 0.000000     0.000001     2.618890 
2459299.781672 0.000000 0.000000     0.000000     2.618890 
2459300.712970 0.000000 0.000000     0.000000     2.618890 
2459301.644268 0.000000 0.000000    -0.000000     2.618890 
2459302.575566 0.000000 0.000000    -0.000000     2.618890 
2459303.506864 0.000000 0.000000     0.000000     2.618890 
2459304.438161 0.000000 0.000000     0.000000     2.618890 
2459305.369459 0.000000 0.000000     0.000000     2.618890 
2459306.300757 0.000000 0.000000     0.000000     2.618890 
2459307.232055 0.000000 0.000000     0.000000     2.618890 
2459308.163353 0.000000 0.000000     0.000001     2.618890 
2459309.094651 0.000000 0.000000     0.000001     2.618890 
2459310.025948 0.000000 0.000000     0.000001     2.618890 
2459310.957246 0.000000 0.000000     0.000001     2.618890 
2459311.888544 0.000000 0.000000     0.000001     2.618890 
2459312.819842 0.000000 0.000000     0.000000     2.618890 
2459313.751140 0.000000 0.000000    -0.000001     2.618890 
2459314.682438 0.000000 0.000000    -0.000001     2.618890 
2459315.613736 0.000000 0.000000    -0.000001     2.618890 
2459316.545033 0.000000 0.000000     0.000000     2.618890 
2459317.476331 0.000000 0.000000     0.000001     2.618890 
2459318.407629 0.000000 0.000000     0.000002     2.618890 
2459319.338927 0.000000 0.000000     0.000002     2.618890 
2459320.270225 0.000000 0.000000     0.000001     2.618890 
2459321.201523 0.000000 0.000000     0.000001     2.618890 
2459322.132821 0.000000 0.000000     0.000001     2.618890 
2459323.064118 0.000000 0.000000     0.000001     2.618890 
2459323.995416 0.000000 0.000000     0.000001     2.618890 
2459324.926714 0.000000 0.000000     0.000001     2.618890 
2459325.858012 0.000000 0.000000     0.000000     2.618890 
2459326.789310 0.000000 0.000000    -0.000000     2.618890 
2459327.720608 0.000000 0.000000    -0.000000     2.618890 
2459328.651905 0.000000 0.000000     0.000000     2.618890 
2459329.583203 0.000000 0.000000     0.000001     2.618890 
2459330.514501 0.000000 0.000000     0.000001     2.618890 
2459331.445799 0.000000 0.000000     0.000001     2.618890 
2459332.377097 0.000000 0.000000     0.000001     2.618890 
2459333.308395 0.000000 0.000000     0.000001     2.618890 
2459334.239693 0.000000 0.000000     0.000002     2.618890 
2459335.170990 0.000000 0.000000     0.000002     2.618890 
2459336.102288 0.000000 0.000000     0.000002     2.618890 
2459337.033586 0.000000 0.000000     0.000002     2.618890 
2459337.964884 0.000000 0.000000     0.000000     2.618890 
2459338.896182 0.000000 0.000000    -0.000001     2.618890 
2459339.827480 0.000000 0.000000    -0.000001     2.618890 
2459340.758778 0.000000 0.000000    -0.000001     2.618890 
2459341.690075 0.000000 0.000000     0.000001     2.618890 
2459342.621373 0.000000 0.000000     0.000002     2.618890 
2459343.552671 0.000000 0.000000     0.000002     2.618890 
2459344.483969 0.000000 0.000000     0.000002     2.618890 
2459345.415267 0.000000 0.000000     0.000002     2.618890 
2459346.346565 0.000000 0.000000     0.000001     2.618890 
2459347.277863 0.000000 0.000000     0.000001     2.618890 
2459348.209160 0.000000 0.000000     0.000001     2.618890 
2459349.140458 0.000000 0.000000     0.000001     2.618890 
2459350.071756 0.000000 0.000000     0.000001     2.618890 
2459351.003054 0.000000 0.000000     0.000001     2.618890 
2459351.934352 0.000000 0.000000     0.000000     2.618890 
2459352.865650 0.000000 0.000000    -0.000000     2.618890 
2459353.796947 0.000000 0.000000     0.000000     2.618890 
2459354.728245 0.000000 0.000000     0.000001     2.618890 
2459355.659543 0.000000 0.000000     0.000002     2.618890 
2459356.590841 0.000000 0.000000     0.000002     2.618890 
2459357.522139 0.000000 0.000000     0.000003     2.618890 
2459358.453437 0.000000 0.000000     0.000003     2.618890 
2459359.384735 0.000000 0.000000     0.000003     2.618890 
2459360.316032 0.000000 0.000000     0.000004     2.618890 
2459361.247330 0.000000 0.000000     0.000003     2.618890 
2459362.178628 0.000000 0.000000     0.000002     2.618890 
2459363.109926 0.000000 0.000000     0.000001     2.618890 
2459364.041224 0.000000 0.000000    -0.000000     2.618890 
2459364.972522 0.000000 0.000000    -0.000001     2.618890 
2459365.903820 0.000000 0.000000    -0.000000     2.618890 
2459366.835117 0.000000 0.000000     0.000001     2.618890 
2459367.766415 0.000000 0.000000     0.000002     2.618890 
2459368.697713 0.000000 0.000000     0.000002     2.618890 
2459369.629011 0.000000 0.000000     0.000002     2.618890 
2459370.560309 0.000000 0.000000     0.000001     2.618890 
2459371.491607 0.000000 0.000000     0.000001     2.618890 
2459372.422904 0.000000 0.000000     0.000001     2.618890 
2459373.354202 0.000000 0.000000     0.000001     2.618890 
2459374.285500 0.000000 0.000000     0.000002     2.618890 
2459375.216798 0.000000 0.000000     0.000002     2.618890 
2459376.148096 0.000000 0.000000     0.000001     2.618890 
2459377.079394 0.000000 0.000000     0.000000     2.618890 
2459378.010692 0.000000 0.000000     0.000000     2.618890 
2459378.941989 0.000000 0.000000     0.000000     2.618890 
2459379.873287 0.000000 0.000000     0.000001     2.618890 
2459380.804585 0.000000 0.000000     0.000003     2.618890 
2459381.735883 0.000000 0.000000     0.000004     2.618890 
2459382.667181 0.000000 0.000000     0.000005     2.618890 
2459383.598479 0.000000 0.000000     0.000005     2.618890 
2459384.529777 0.000000 0.000000     0.000005     2.618890 
2459385.461074 0.000000 0.000000     0.000004     2.618890 
2459386.392372 0.000000 0.000000     0.000003     2.618890 
2459387.323670 0.000000 0.000000     0.000002     2.618890 
2459388.254968 0.000000 0.000000     0.000001     2.618890 
2459389.186266 0.000000 0.000000     0.000001     2.618890 
2459390.117564 0.000000 0.000000     0.000001     2.618890 
2459391.048861 0.000000 0.000000     0.000000     2.618890 
2459391.980159 0.000000 0.000000     0.000000     2.618890 
2459392.911457 0.000000 0.000000     0.000000     2.618890 
2459393.842755 0.000000 0.000000    -0.000000     2.618890 
2459394.774053 0.000000 0.000000    -0.000000     2.618890 
2459395.705351 0.000000 0.000000    -0.000001     2.618890 
2459396.636649 0.000000 0.000000    -0.000001     2.618890 
2459397.567946 0.000000 0.000000    -0.000000     2.618890 
2459398.499244 0.000000 0.000000     0.000000     2.618890 
2459399.430542 0.000000 0.000000     0.000001     2.618890 
2459400.361840 0.000000 0.000000     0.000001     2.618890 
2459401.293138 0.000000 0.000000     0.000001     2.618890 
2459402.224436 0.000000 0.000000     0.000001     2.618890 
2459403.155734 0.000000 0.000000     0.000000     2.618890 
2459404.087031 0.000000 0.000000     0.000000     2.618890 
2459405.018329 0.000000 0.000000     0.000002     2.618890 
2459405.949627 0.000000 0.000000     0.000004     2.618890 
2459406.880925 0.000000 0.000000     0.000006     2.618890 
2459407.812223 0.000000 0.000000     0.000008     2.618890 
2459408.743521 0.000000 0.000000     0.000008     2.618890 
2459409.674819 0.000000 0.000000     0.000006     2.618890 
2459410.606116 0.000000 0.000000     0.000004     2.618890 
2459411.537414 0.000000 0.000000     0.000002     2.618890 
2459412.468712 0.000000 0.000000     0.000001     2.618890 
2459413.400010 0.000000 0.000000     0.000001     2.618890 
2459414.331308 0.000000 0.000000     0.000002     2.618890 
2459415.262606 0.000000 0.000000     0.000002     2.618890 
2459416.193903 0.000000 0.000000     0.000001     2.618890 
2459417.125201 0.000000 0.000000    -0.000001     2.618890 
2459418.056499 0.000000 0.000000    -0.000002     2.618890 
2459418.987797 0.000000 0.000000    -0.000003     2.618890 
2459419.919095 0.000000 0.000000    -0.000003     2.618890 
2459420.850393 0.000000 0.000000    -0.000002     2.618890 
2459421.781691 0.000000 0.000000    -0.000002     2.618890 
2459422.712988 0.000000 0.000000    -0.000001     2.618890 
2459423.644286 0.000000 0.000000    -0.000001     2.618890 
2459424.575584 0.000000 0.000000     0.000000     2.618890 
2459425.506882 0.000000 0.000000     0.000001     2.618890 
2459426.438180 0.000000 0.000000     0.000002     2.618890 
2459427.369478 0.000000 0.000000     0.000001     2.618890 
2459428.300776 0.000000 0.000000     0.000000     2.618890 
2459429.232073 0.000000 0.000000     0.000000     2.618890 
2459430.163371 0.000000 0.000000     0.000002     2.618890 
2459431.094669 0.000000 0.000000     0.000004     2.618890 
2459432.025967 0.000000 0.000000     0.000007     2.618890 
2459432.957265 0.000000 0.000000     0.000009     2.618890 
2459433.888563 0.000000 0.000000     0.000008     2.618890 
2459434.819860 0.000000 0.000000     0.000006     2.618890 
2459435.751158 0.000000 0.000000     0.000004     2.618890 
2459436.682456 0.000000 0.000000     0.000002     2.618890 
2459437.613754 0.000000 0.000000     0.000002     2.618890 
2459438.545052 0.000000 0.000000     0.000002     2.618890 
2459439.476350 0.000000 0.000000     0.000001     2.618890 
2459440.407648 0.000000 0.000000     0.000000     2.618890 
2459441.338945 0.000000 0.000000    -0.000001     2.618890 
2459442.270243 0.000000 0.000000    -0.000002     2.618890 
2459443.201541 0.000000 0.000000    -0.000002     2.618890 
2459444.132839 0.000000 0.000000    -0.000001     2.618890 
2459445.064137 0.000000 0.000000    -0.000001     2.618890 
2459445.995435 0.000000 0.000000    -0.000000     2.618890 
2459446.926733 0.000000 0.000000    -0.000001     2.618890 
2459447.858030 0.000000 0.000000    -0.000000     2.618890 
2459448.789328 0.000000 0.000000     0.000000     2.618890 
2459449.720626 0.000000 0.000000     0.000002     2.618890 
2459450.651924 0.000000 0.000000     0.000002     2.618890 
2459451.583222 0.000000 0.000000     0.000002     2.618890 
2459452.514520 0.000000 0.000000     0.000001     2.618890 
2459453.445817 0.000000 0.000000    -0.000000     2.618890 
2459454.377115 0.000000 0.000000     0.000000     2.618890 
2459455.308413 0.000000 0.000000     0.000002     2.618890 
2459456.239711 0.000000 0.000000     0.000005     2.618890 
2459457.171009 0.000000 0.000000     0.000007     2.618890 
2459458.102307 0.000000 0.000000     0.000007     2.618890 
2459459.033605 0.000000 0.000000     0.000007     2.618890 
2459459.964902 0.000000 0.000000     0.000007     2.618890 
2459460.896200 0.000000 0.000000     0.000009     2.618890 
2459461.827498 0.000000 0.000000     0.000010     2.618890 
2459462.758796 0.000000 0.000000     0.000009     2.618890 
2459463.690094 0.000000 0.000000     0.000003     2.618890 
2459464.621392 0.000000 0.000000    -0.000004     2.618890 
2459465.552690 0.000000 0.000000    -0.000010     2.618890 
2459466.483987 0.000000 0.000000    -0.000011     2.618890 
2459467.415285 0.000000 0.000000    -0.000005     2.618890 
2459468.346583 0.000000 0.000000     0.000005     2.618890 
2459469.277881 0.000000 0.000000     0.000013     2.618890 
2459470.209179 0.000000 0.000000     0.000016     2.618890 
2459471.140477 0.000000 0.000000     0.000014     2.618890 
2459472.071775 0.000000 0.000000     0.000010     2.618890 
2459473.003072 0.000000 0.000000     0.000008     2.618890 
2459473.934370 0.000000 0.000000     0.000009     2.618890 
2459474.865668 0.000000 0.000000     0.000010     2.618890 
2459475.796966 0.000000 0.000000     0.000009     2.618890 
2459476.728264 0.000000 0.000000     0.000004     2.618890 
2459477.659562 0.000000 0.000000    -0.000001     2.618890 
2459478.590859 0.000000 0.000000    -0.000003     2.618890 
2459479.522157 0.000000 0.000000     0.000000     2.618890 
2459480.453455 0.000000 0.000000     0.000006     2.618890 
2459481.384753 0.000000 0.000000     0.000009     2.618890 
2459482.316051 0.000000 0.000000     0.000008     2.618890 
2459483.247349 0.000000 0.000000     0.000005     2.618890 
2459484.178647 0.000000 0.000000     0.000006     2.618890 
2459485.109944 0.000000 0.000000     0.000015     2.618890 
2459486.041242 0.000000 0.000000     0.000029     2.618890 
2459486.972540 0.000000 0.000000     0.000038     2.618890 
2459487.903838 0.000000 0.000000     0.000033     2.618890 
2459488.835136 0.000000 0.000000     0.000011     2.618890 
2459489.766434 0.000000 0.000000    -0.000018     2.618890 
2459490.697732 0.000000 0.000000    -0.000036     2.618890 
2459491.629029 0.000000 0.000000    -0.000033     2.618890 
2459492.560327 0.000000 0.000000    -0.000007     2.618890 
2459493.491625 0.000000 0.000000     0.000027     2.618890 
2459494.422923 0.000000 0.000000     0.000053     2.618890 
2459495.354221 0.000000 0.000000     0.000059     2.618890 
2459496.285519 0.000000 0.000000     0.000050     2.618890 
2459497.216816 0.000000 0.000000     0.000037     2.618890 
2459498.148114 0.000000 0.000000     0.000031     2.618890 
2459499.079412 0.000000 0.000000     0.000032     2.618890 
2459500.010710 0.000000 0.000000     0.000034     2.618890 
2459500.942008 0.000000 0.000000     0.000027     2.618890 
2459501.873306 0.000000 0.000000     0.000012     2.618890 
2459502.804604 0.000000 0.000000    -0.000003     2.618890 
2459503.735901 0.000000 0.000000    -0.000008     2.618890 
2459504.667199 0.000000 0.000000     0.000001     2.618890 
2459505.598497 0.000000 0.000000     0.000015     2.618890 
2459506.529795 0.000000 0.000000     0.000022     2.618890 
2459507.461093 0.000000 0.000000     0.000018     2.618890 
2459508.392391 0.000000 0.000000     0.000011     2.618890 
2459509.323689 0.000000 0.000000     0.000017     2.618890 
2459510.254986 0.000000 0.000000     0.000043     2.618890 
2459511.186284 0.000000 0.000000     0.000079     2.618890 
2459512.117582 0.000000 0.000000     0.000101     2.618890 
2459513.048880 0.000000 0.000000     0.000085     2.618890 
2459513.980178 0.000000 0.000000     0.000031     2.618890 
2459514.911476 0.000000 0.000000    -0.000036     2.618890 
2459515.842773 0.000000 0.000000    -0.000078     2.618890 
2459516.774071 0.000000 0.000000    -0.000067     2.618890 
2459517.705369 0.000000 0.000000    -0.000008     2.618890 
2459518.636667 0.000000 0.000000     0.000068     2.618890 
2459519.567965 0.000000 0.000000     0.000122     2.618890 
2459520.499263 0.000000 0.000000     0.000134     2.618890 
2459521.430561 0.000000 0.000000     0.000112     2.618890 
2459522.361858 0.000000 0.000000     0.000083     2.618890 
2459523.293156 0.000000 0.000000     0.000070     2.618890 
2459524.224454 0.000000 0.000000     0.000074     2.618890 
2459525.155752 0.000000 0.000000     0.000078     2.618890 
2459526.087050 0.000000 0.000000     0.000064     2.618890 
2459527.018348 0.000000 0.000000     0.000031     2.618890 
2459527.949646 0.000000 0.000000    -0.000002     2.618890 
2459528.880943 0.000000 0.000000    -0.000014     2.618890 
2459529.812241 0.000000 0.000000     0.000003     2.618890 
2459530.743539 0.000000 0.000000     0.000032     2.618890 
2459531.674837 0.000000 0.000000     0.000053     2.618890 
2459532.606135 0.000000 0.000000     0.000054     2.618890 
2459533.537433 0.000000 0.000000     0.000049     2.618890 
2459534.468731 0.000000 0.000000     0.000064     2.618890 
2459535.400028 0.000000 0.000000     0.000111     2.618890 
2459536.331326 0.000000 0.000000     0.000171     2.618890 
2459537.262624 0.000000 0.000000     0.000202     2.618890 
2459538.193922 0.000000 0.000000     0.000168     2.618890 
2459539.125220 0.000000 0.000000     0.000069     2.618890 
2459540.056518 0.000000 0.000000    -0.000048     2.618890 
2459540.987815 0.000000 0.000000    -0.000119     2.618890 
2459541.919113 0.000000 0.000000    -0.000101     2.618890 
2459542.850411 0.000000 0.000000    -0.000003     2.618890 
2459543.781709 0.000000 0.000000     0.000120     2.618890 
2459544.713007 0.000000 0.000000     0.000205     2.618890 
2459545.644305 0.000000 0.000000     0.000219     2.618890 
2459546.575603 0.000000 0.000000     0.000180     2.618890 
2459547.506900 0.000000 0.000000     0.000133     2.618890 
2459548.438198 0.000000 0.000000     0.000114     2.618890 
2459549.369496 0.000000 0.000000     0.000125     2.618890 
2459550.300794 0.000000 0.000000     0.000136     2.618890 
2459551.232092 0.000000 0.000000     0.000117     2.618890 
2459552.163390 0.000000 0.000000     0.000065     2.618890 
2459553.094688 0.000000 0.000000     0.000009     2.618890 
2459554.025985 0.000000 0.000000    -0.000016     2.618890 
2459554.957283 0.000000 0.000000     0.000006     2.618890 
2459555.888581 0.000000 0.000000     0.000058     2.618890 
2459556.819879 0.000000 0.000000     0.000108     2.618890 
2459557.751177 0.000000 0.000000     0.000136     2.618890 
2459558.682475 0.000000 0.000000     0.000152     2.618890 
2459559.613772 0.000000 0.000000     0.000182     2.618890 
2459560.545070 0.000000 0.000000     0.000240     2.618890 
2459561.476368 0.000000 0.000000     0.000303     2.618890 
2459562.407666 0.000000 0.000000     0.000323     2.618890 
2459563.338964 0.000000 0.000000     0.000260     2.618890 
2459564.270262 0.000000 0.000000     0.000122     2.618890 
2459565.201560 0.000000 0.000000    -0.000032     2.618890 
2459566.132857 0.000000 0.000000    -0.000123     2.618890 
2459567.064155 0.000000 0.000000    -0.000104     2.618890 
2459567.995453 0.000000 0.000000     0.000011     2.618890 
2459568.926751 0.000000 0.000000     0.000152     2.618890 
2459569.858049 0.000000 0.000000     0.000244     2.618890 
2459570.789347 0.000000 0.000000     0.000252     2.618890 
2459571.720645 0.000000 0.000000     0.000200     2.618890 
2459572.651942 0.000000 0.000000     0.000145     2.618890 
2459573.583240 0.000000 0.000000     0.000129     2.618890 
2459574.514538 0.000000 0.000000     0.000153     2.618890 
2459575.445836 0.000000 0.000000     0.000180     2.618890 
2459576.377134 0.000000 0.000000     0.000169     2.618890 
2459577.308432 0.000000 0.000000     0.000111     2.618890 
2459578.239730 0.000000 0.000000     0.000037     2.618890 
2459579.171027 0.000000 0.000000    -0.000006     2.618890 
2459580.102325 0.000000 0.000000     0.000012     2.618890 
2459581.033623 0.000000 0.000000     0.000086     2.618890 
2459581.964921 0.000000 0.000000     0.000185     2.618890 
2459582.896219 0.000000 0.000000     0.000277     2.618890 
2459583.827517 0.000000 0.000000     0.000346     2.618890 
2459584.758814 0.000000 0.000000     0.000398     2.618890 
2459585.690112 0.000000 0.000000     0.000433     2.618890 
2459586.621410 0.000000 0.000000     0.000442     2.618890 
2459587.552708 0.000000 0.000000     0.000403     2.618890 
2459588.484006 0.000000 0.000000     0.000305     2.618890 
2459589.415304 0.000000 0.000000     0.000166     2.618890 
2459590.346602 0.000000 0.000000     0.000034     2.618890 
2459591.277899 0.000000 0.000000    -0.000041     2.618890 
2459592.209197 0.000000 0.000000    -0.000034     2.618890 
2459593.140495 0.000000 0.000000     0.000034     2.618890 
2459594.071793 0.000000 0.000000     0.000115     2.618890 
2459595.003091 0.000000 0.000000     0.000157     2.618890 
2459595.934389 0.000000 0.000000     0.000144     2.618890 
2459596.865687 0.000000 0.000000     0.000098     2.618890 
2459597.796984 0.000000 0.000000     0.000061     2.618890 
2459598.728282 0.000000 0.000000     0.000066     2.618890 
2459599.659580 0.000000 0.000000     0.000111     2.618890 
2459600.590878 0.000000 0.000000     0.000164     2.618890 
2459601.522176 0.000000 0.000000     0.000184     2.618890 
2459602.453474 0.000000 0.000000     0.000153     2.618890 
2459603.384771 0.000000 0.000000     0.000085     2.618890 
2459604.316069 0.000000 0.000000     0.000024     2.618890 
2459605.247367 0.000000 0.000000     0.000020     2.618890 
2459606.178665 0.000000 0.000000     0.000103     2.618890 
2459607.109963 0.000000 0.000000     0.000264     2.618890 
2459608.041261 0.000000 0.000000     0.000457     2.618890 
2459608.972559 0.000000 0.000000     0.000617     2.618890 
2459609.903856 0.000000 0.000000     0.000689     2.618890 
2459610.835154 0.000000 0.000000     0.000652     2.618890 
2459611.766452 0.000000 0.000000     0.000530     2.618890 
2459612.697750 0.000000 0.000000     0.000375     2.618890 
2459613.629048 0.000000 0.000000     0.000245     2.618890 
2459614.560346 0.000000 0.000000     0.000169     2.618890 
2459615.491644 0.000000 0.000000     0.000141     2.618890 
2459616.422941 0.000000 0.000000     0.000130     2.618890 
2459617.354239 0.000000 0.000000     0.000103     2.618890 
2459618.285537 0.000000 0.000000     0.000046     2.618890 
2459619.216835 0.000000 0.000000    -0.000027     2.618890 
2459620.148133 0.000000 0.000000    -0.000093     2.618890 
2459621.079431 0.000000 0.000000    -0.000133     2.618890 
2459622.010728 0.000000 0.000000    -0.000145     2.618890 
2459622.942026 0.000000 0.000000    -0.000129     2.618890 
2459623.873324 0.000000 0.000000    -0.000088     2.618890 
2459624.804622 0.000000 0.000000    -0.000022     2.618890 
2459625.735920 0.000000 0.000000     0.000063     2.618890 
2459626.667218 0.000000 0.000000     0.000140     2.618890 
2459627.598516 0.000000 0.000000     0.000171     2.618890 
2459628.529813 0.000000 0.000000     0.000137     2.618890 
2459629.461111 0.000000 0.000000     0.000064     2.618890 
2459630.392409 0.000000 0.000000     0.000025     2.618890 
2459631.323707 0.000000 0.000000     0.000101     2.618890 
2459632.255005 0.000000 0.000000     0.000318     2.618890 
2459633.186303 0.000000 0.000000     0.000617     2.618890 
2459634.117601 0.000000 0.000000     0.000868     2.618890 
2459635.048898 0.000000 0.000000     0.000944     2.618890 
2459635.980196 0.000000 0.000000     0.000808     2.618890 
2459636.911494 0.000000 0.000000     0.000533     2.618890 
2459637.842792 0.000000 0.000000     0.000266     2.618890 
2459638.774090 0.000000 0.000000     0.000128     2.618890 
2459639.705388 0.000000 0.000000     0.000140     2.618890 
2459640.636686 0.000000 0.000000     0.000220     2.618890 
2459641.567983 0.000000 0.000000     0.000248     2.618890 
2459642.499281 0.000000 0.000000     0.000156     2.618890 
2459643.430579 0.000000 0.000000    -0.000031     2.618890 
2459644.361877 0.000000 0.000000    -0.000224     2.618890 
2459645.293175 0.000000 0.000000    -0.000339     2.618890 
2459646.224473 0.000000 0.000000    -0.000355     2.618890 
2459647.155770 0.000000 0.000000    -0.000313     2.618890 
2459648.087068 0.000000 0.000000    -0.000261     2.618890 
2459649.018366 0.000000 0.000000    -0.000210     2.618890 
2459649.949664 0.000000 0.000000    -0.000137     2.618890 
2459650.880962 0.000000 0.000000    -0.000022     2.618890 
2459651.812260 0.000000 0.000000     0.000107     2.618890 
2459652.743558 0.000000 0.000000     0.000184     2.618890 
2459653.674855 0.000000 0.000000     0.000161     2.618890 
2459654.606153 0.000000 0.000000     0.000069     2.618890 
2459655.537451 0.000000 0.000000     0.000011     2.618890 
2459656.468749 0.000000 0.000000     0.000100     2.618890 
2459657.400047 0.000000 0.000000     0.000359     2.618890 
2459658.331345 0.000000 0.000000     0.000692     2.618890 
2459659.262643 0.000000 0.000000     0.000937     2.618890 
2459660.193940 0.000000 0.000000     0.000975     2.618890 
2459661.125238 0.000000 0.000000     0.000818     2.618890 
2459662.056536 0.000000 0.000000     0.000584     2.618890 
2459662.987834 0.000000 0.000000     0.000403     2.618890 
2459663.919132 0.000000 0.000000     0.000318     2.618890 
2459664.850430 0.000000 0.000000     0.000260     2.618890 
2459665.781727 0.000000 0.000000     0.000134     2.618890 
2459666.713025 0.000000 0.000000    -0.000081     2.618890 
2459667.644323 0.000000 0.000000    -0.000295     2.618890 
2459668.575621 0.000000 0.000000    -0.000374     2.618890 
2459669.506919 0.000000 0.000000    -0.000256     2.618890 
2459670.438217 0.000000 0.000000    -0.000014     2.618890 
2459671.369515 0.000000 0.000000     0.000193     2.618890 
2459672.300812 0.000000 0.000000     0.000249     2.618890 
2459673.232110 0.000000 0.000000     0.000175     2.618890 
2459674.163408 0.000000 0.000000     0.000098     2.618890 
2459675.094706 0.000000 0.000000     0.000134     2.618890 
2459676.026004 0.000000 0.000000     0.000275     2.618890 
2459676.957302 0.000000 0.000000     0.000388     2.618890 
2459677.888600 0.000000 0.000000     0.000341     2.618890 
2459678.819897 0.000000 0.000000     0.000139     2.618890 
2459679.751195 0.000000 0.000000    -0.000058     2.618890 
2459680.682493 0.000000 0.000000    -0.000060     2.618890 
2459681.613791 0.000000 0.000000     0.000183     2.618890 
2459682.545089 0.000000 0.000000     0.000527     2.618890 
2459683.476387 0.000000 0.000000     0.000748     2.618890 
2459684.407684 0.000000 0.000000     0.000757     2.618890 
2459685.338982 0.000000 0.000000     0.000692     2.618890 
2459686.270280 0.000000 0.000000     0.000806     2.618890 
2459687.201578 0.000000 0.000000     0.001203     2.618890 
2459688.132876 0.000000 0.000000     0.001658     2.618890 
2459689.064174 0.000000 0.000000     0.001718     2.618890 
2459689.995472 0.000000 0.000000     0.001048     2.618890 
2459690.926769 0.000000 0.000000    -0.000225     2.618890 
2459691.858067 0.000000 0.000000    -0.001477     2.618890 
2459692.789365 0.000000 0.000000    -0.001944     2.618890 
2459693.720663 0.000000 0.000000    -0.001247     2.618890 
2459694.651961 0.000000 0.000000     0.000311     2.618890 
2459695.583259 0.000000 0.000000     0.001915     2.618890 
2459696.514557 0.000000 0.000000     0.002789     2.618890 
2459697.445854 0.000000 0.000000     0.002704     2.618890 
2459698.377152 0.000000 0.000000     0.002068     2.618890 
2459699.308450 0.000000 0.000000     0.001538     2.618890 
2459700.239748 0.000000 0.000000     0.001469     2.618890 
2459701.171046 0.000000 0.000000     0.001664     2.618890 
2459702.102344 0.000000 0.000000     0.001617     2.618890 
2459703.033642 0.000000 0.000000     0.001031     2.618890 
2459703.964939 0.000000 0.000000     0.000150     2.618890 
2459704.896237 0.000000 0.000000    -0.000421     2.618890 
2459705.827535 0.000000 0.000000    -0.000245     2.618890 
2459706.758833 0.000000 0.000000     0.000512     2.618890 
2459707.690131 0.000000 0.000000     0.001187     2.618890 
2459708.621429 0.000000 0.000000     0.001217     2.618890 
2459709.552726 0.000000 0.000000     0.000726     2.618890 
2459710.484024 0.000000 0.000000     0.000534     2.618890 
2459711.415322 0.000000 0.000000     0.001475     2.618890 
2459712.346620 0.000000 0.000000     0.003525     2.618890 
2459713.277918 0.000000 0.000000     0.005508     2.618890 
2459714.209216 0.000000 0.000000     0.005766     2.618889 
2459715.140514 0.000000 0.000000     0.003421     2.618889 
2459716.071811 0.000000 0.000000    -0.000727     2.618889 
2459717.003109 0.000000 0.000000    -0.004446     2.618889 
2459717.934407 0.000000 0.000000    -0.005430     2.618889 
2459718.865705 0.000000 0.000000    -0.002858     2.618889 
2459719.797003 0.000000 0.000000     0.001992     2.618889 
2459720.728301 0.000000 0.000000     0.006579     2.618889 
2459721.659599 0.000000 0.000000     0.008788     2.618889 
2459722.590896 0.000000 0.000000     0.008248     2.618889 
2459723.522194 0.000000 0.000000     0.006318     2.618889 
2459724.453492 0.000000 0.000000     0.004828     2.618889 
2459725.384790 0.000000 0.000000     0.004610     2.618889 
2459726.316088 0.000000 0.000000     0.005001     2.618889 
2459727.247386 0.000000 0.000000     0.004651     2.618889 
2459728.178683 0.000000 0.000000     0.002900     2.618890 
2459729.109981 0.000000 0.000000     0.000492     2.618890 
2459730.041279 0.000000 0.000000    -0.001002     2.618890 
2459730.972577 0.000000 0.000000    -0.000570     2.618890 
2459731.903875 0.000000 0.000000     0.001289     2.618890 
2459732.835173 0.000000 0.000000     0.002949     2.618890 
2459733.766471 0.000000 0.000000     0.003138     2.618890 
2459734.697768 0.000000 0.000000     0.002231     2.618890 
2459735.629066 0.000000 0.000000     0.002119     2.618890 
2459736.560364 0.000000 0.000000     0.004561     2.618890 
2459737.491662 0.000000 0.000000     0.009290     2.618889 
2459738.422960 0.000000 0.000000     0.013558     2.618887 
2459739.354258 0.000000 0.000000     0.013794     2.618885 
2459740.285556 0.000000 0.000000     0.008354     2.618884 
2459741.216853 0.000000 0.000000    -0.000738     2.618884 
2459742.148151 0.000000 0.000000    -0.008592     2.618884 
2459743.079449 0.000000 0.000000    -0.010468     2.618884 
2459744.010747 0.000000 0.000000    -0.004961     2.618884 
2459744.942045 0.000000 0.000000     0.004997     2.618884 
2459745.873343 0.000000 0.000000     0.014097     2.618884 
2459746.804640 0.000000 0.000000     0.018182     2.618884 
2459747.735938 0.000000 0.000000     0.016763     2.618884 
2459748.667236 0.000000 0.000000     0.012764     2.618884 
2459749.598534 0.000000 0.000000     0.009864     2.618884 
2459750.529832 0.000000 0.000000     0.009608     2.618884 
2459751.461130 0.000000 0.000000     0.010558     2.618885 
2459752.392428 0.000000 0.000000     0.009991     2.618885 
2459753.323725 0.000000 0.000000     0.006583     2.618887 
2459754.255023 0.000000 0.000000     0.001754     2.618888 
2459755.186321 0.000000 0.000000    -0.001445     2.618889 
2459756.117619 0.000000 0.000000    -0.000933     2.618889 
2459757.048917 0.000000 0.000000     0.002623     2.618889 
2459757.980215 0.000000 0.000000     0.006430     2.618890 
2459758.911513 0.000000 0.000000     0.008110     2.618889 
2459759.842810 0.000000 0.000000     0.007938     2.618890 
2459760.774108 0.000000 0.000000     0.008686     2.618889 
2459761.705406 0.000000 0.000000     0.012966     2.618888 
2459762.636704 0.000000 0.000000     0.020243     2.618885 
2459763.568002 0.000000 0.000000     0.026205     2.618880 
2459764.499300 0.000000 0.000000     0.025471     2.618875 
2459765.430598 0.000000 0.000000     0.015861     2.618872 
2459766.361895 0.000000 0.000000     0.000904     2.618871 
2459767.293193 0.000000 0.000000    -0.011655     2.618871 
2459768.224491 0.000000 0.000000    -0.014656     2.618872 
2459769.155789 0.000000 0.000000    -0.006300     2.618872 
2459770.087087 0.000000 0.000000     0.008606     2.618871 
2459771.018385 0.000000 0.000000     0.021889     2.618870 
2459771.949682 0.000000 0.000000     0.027423     2.618871 
2459772.880980 0.000000 0.000000     0.024776     2.618871 
2459773.812278 0.000000 0.000000     0.018594     2.618871 
2459774.743576 0.000000 0.000000     0.014469     2.618871 
2459775.674874 0.000000 0.000000     0.014643     2.618872 
2459776.606172 0.000000 0.000000     0.016809     2.618873 
2459777.537470 0.000000 0.000000     0.016683     2.618875 
2459778.468767 0.000000 0.000000     0.012004     2.618879 
2459779.400065 0.000000 0.000000     0.004632     2.618883 
2459780.331363 0.000000 0.000000    -0.000893     2.618885 
2459781.262661 0.000000 0.000000    -0.000971     2.618886 
2459782.193959 0.000000 0.000000     0.004337     2.618886 
2459783.125257 0.000000 0.000000     0.011708     2.618886 
2459784.056555 0.000000 0.000000     0.017591     2.618886 
2459784.987852 0.000000 0.000000     0.021141     2.618886 
2459785.919150 0.000000 0.000000     0.024451     2.618886 
2459786.850448 0.000000 0.000000     0.029856     2.618884 
2459787.781746 0.000000 0.000000     0.036718     2.618877 
2459788.713044 0.000000 0.000000     0.040743     2.618867 
2459789.644342 0.000000 0.000000     0.036840     2.618858 
2459790.575639 0.000000 0.000000     0.023527     2.618854 
2459791.506937 0.000000 0.000000     0.005291     2.618852 
2459792.438235 0.000000 0.000000    -0.009343     2.618853 
2459793.369533 0.000000 0.000000    -0.013038     2.618853 
2459794.300831 0.000000 0.000000    -0.004492     2.618853 
2459795.232129 0.000000 0.000000     0.010654     2.618852 
2459796.163427 0.000000 0.000000     0.023602     2.618852 
2459797.094724 0.000000 0.000000     0.028157     2.618852 
2459798.026022 0.000000 0.000000     0.024352     2.618852 
2459798.957320 0.000000 0.000000     0.017507     2.618853 
2459799.888618 0.000000 0.000000     0.013716     2.618854 
2459800.819916 0.000000 0.000000     0.015300     2.618855 
2459801.751214 0.000000 0.000000     0.019540     2.618856 
2459802.682512 0.000000 0.000000     0.021338     2.618859 
2459803.613809 0.000000 0.000000     0.017507     2.618865 
2459804.545107 0.000000 0.000000     0.009352     2.618871 
2459805.476405 0.000000 0.000000     0.001786     2.618875 
2459806.407703 0.000000 0.000000    -0.000077     2.618876 
2459807.339001 0.000000 0.000000     0.005828     2.618876 
2459808.270299 0.000000 0.000000     0.017672     2.618876 
2459809.201596 0.000000 0.000000     0.031429     2.618876 
2459810.132894 0.000000 0.000000     0.043433     2.618877 
2459811.064192 0.000000 0.000000     0.051790     2.618877 
2459811.995490 0.000000 0.000000     0.056008     2.618874 
2459812.926788 0.000000 0.000000     0.055794     2.618866 
2459813.858086 0.000000 0.000000     0.050546     2.618855 
2459814.789384 0.000000 0.000000     0.040130     2.618846 
2459815.720681 0.000000 0.000000     0.026122     2.618842 
2459816.651979 0.000000 0.000000     0.012110     2.618841 
2459817.583277 0.000000 0.000000     0.002316     2.618841 
2459818.514575 0.000000 0.000000    -0.000713     2.618841 
2459819.445873 0.000000 0.000000     0.002296     2.618841 
2459820.377171 0.000000 0.000000     0.007718     2.618841 
2459821.308469 0.000000 0.000000     0.011258     2.618841 
2459822.239766 0.000000 0.000000     0.010573     2.618841 
2459823.171064 0.000000 0.000000     0.006574     2.618841 
2459824.102362 0.000000 0.000000     0.002605     2.618842 
2459825.033660 0.000000 0.000000     0.002113     2.618842 
2459825.964958 0.000000 0.000000     0.006322     2.618843 
2459826.896256 0.000000 0.000000     0.013320     2.618844 
2459827.827554 0.000000 0.000000     0.019097     2.618846 
2459828.758851 0.000000 0.000000     0.019940     2.618850 
2459829.690149 0.000000 0.000000     0.014903     2.618854 
2459830.621447 0.000000 0.000000     0.006962     2.618857 
2459831.552745 0.000000 0.000000     0.002070     2.618858 
2459832.484043 0.000000 0.000000     0.006258     2.618858 
2459833.415341 0.000000 0.000000     0.022100     2.618858 
2459834.346638 0.000000 0.000000     0.046442     2.618858 
2459835.277936 0.000000 0.000000     0.071025     2.618858 
2459836.209234 0.000000 0.000000     0.086171     2.618859 
2459837.140532 0.000000 0.000000     0.085792     2.618858 
2459838.071830 0.000000 0.000000     0.070834     2.618854 
2459839.003128 0.000000 0.000000     0.048837     2.618849 
2459839.934426 0.000000 0.000000     0.029613     2.618845 
2459840.865723 0.000000 0.000000     0.019613     2.618842 
2459841.797021 0.000000 0.000000     0.018578     2.618841 
2459842.728319 0.000000 0.000000     0.020624     2.618842 
2459843.659617 0.000000 0.000000     0.018846     2.618842 
2459844.590915 0.000000 0.000000     0.010102     2.618842 
2459845.522213 0.000000 0.000000    -0.003346     2.618841 
2459846.453511 0.000000 0.000000    -0.016134     2.618841 
2459847.384808 0.000000 0.000000    -0.023863     2.618841 
2459848.316106 0.000000 0.000000    -0.025601     2.618841 
2459849.247404 0.000000 0.000000    -0.023162     2.618841 
2459850.178702 0.000000 0.000000    -0.018406     2.618840 
2459851.110000 0.000000 0.000000    -0.011482     2.618840 
2459852.041298 0.000000 0.000000    -0.001791     2.618840 
2459852.972595 0.000000 0.000000     0.009429     2.618841 
2459853.903893 0.000000 0.000000     0.017977     2.618841 
2459854.835191 0.000000 0.000000     0.019131     2.618841 
2459855.766489 0.000000 0.000000     0.012346     2.618842 
2459856.697787 0.000000 0.000000     0.004092     2.618842 
2459857.629085 0.000000 0.000000     0.005282     2.618842 
2459858.560383 0.000000 0.000000     0.023834     2.618842 
2459859.491680 0.000000 0.000000     0.057450     2.618842 
2459860.422978 0.000000 0.000000     0.092627     2.618843 
2459861.354276 0.000000 0.000000     0.111904     2.618844 
2459862.285574 0.000000 0.000000     0.105040     2.618844 
2459863.216872 0.000000 0.000000     0.076181     2.618844 
2459864.148170 0.000000 0.000000     0.041437     2.618845 
2459865.079468 0.000000 0.000000     0.018188     2.618846 
2459866.010765 0.000000 0.000000     0.013714     2.618846 
2459866.942063 0.000000 0.000000     0.021388     2.618848 
2459867.873361 0.000000 0.000000     0.026938     2.618849 
2459868.804659 0.000000 0.000000     0.019664     2.618850 
2459869.735957 0.000000 0.000000    -0.000081     2.618848 
2459870.667255 0.000000 0.000000    -0.022447     2.618847 
2459871.598553 0.000000 0.000000    -0.036616     2.618847 
2459872.529850 0.000000 0.000000    -0.038841     2.618847 
2459873.461148 0.000000 0.000000    -0.033605     2.618847 
2459874.392446 0.000000 0.000000    -0.027786     2.618846 
2459875.323744 0.000000 0.000000    -0.023813     2.618846 
2459876.255042 0.000000 0.000000    -0.018250     2.618846 
2459877.186340 0.000000 0.000000    -0.006903     2.618846 
2459878.117637 0.000000 0.000000     0.008817     2.618846 
2459879.048935 0.000000 0.000000     0.021029     2.618846 
2459879.980233 0.000000 0.000000     0.021783     2.618846 
2459880.911531 0.000000 0.000000     0.011403     2.618847 
2459881.842829 0.000000 0.000000     0.000782     2.618847 
2459882.774127 0.000000 0.000000     0.004278     2.618847 
2459883.705425 0.000000 0.000000     0.028187     2.618847 
2459884.636722 0.000000 0.000000     0.064421     2.618847 
2459885.568020 0.000000 0.000000     0.095423     2.618847 
2459886.499318 0.000000 0.000000     0.106984     2.618848 
2459887.430616 0.000000 0.000000     0.098534     2.618847 
2459888.361914 0.000000 0.000000     0.082030     2.618838 
2459889.293212 0.000000 0.000000     0.070205     2.618813 
2459890.224510 0.000000 0.000000     0.064452     2.618774 
2459891.155807 0.000000 0.000000     0.053562     2.618733 
2459892.087105 0.000000 0.000000     0.025337     2.618704 
2459893.018403 0.000000 0.000000    -0.018696     2.618695 
2459893.949701 0.000000 0.000000    -0.059180     2.618700 
2459894.880999 0.000000 0.000000    -0.070973     2.618706 
2459895.812297 0.000000 0.000000    -0.042853     2.618702 
2459896.743594 0.000000 0.000000     0.011449     2.618691 
2459897.674892 0.000000 0.000000     0.061317     2.618686 
2459898.606190 0.000000 0.000000     0.081264     2.618688 
2459899.537488 0.000000 0.000000     0.069408     2.618690 
2459900.468786 0.000000 0.000000     0.046924     2.618693 
2459901.400084 0.000000 0.000000     0.038604     2.618697 
2459902.331382 0.000000 0.000000     0.050960     2.618704 
2459903.262679 0.000000 0.000000     0.067059     2.618717 
2459904.193977 0.000000 0.000000     0.063127     2.618743 
2459905.125275 0.000000 0.000000     0.032531     2.618785 
2459906.056573 0.000000 0.000000    -0.004881     2.618825 
2459906.987871 0.000000 0.000000    -0.018065     2.618846 
2459907.919169 0.000000 0.000000     0.007472     2.618850 
2459908.850467 0.000000 0.000000     0.054611     2.618850 
2459909.781764 0.000000 0.000000     0.088123     2.618849 
2459910.713062 0.000000 0.000000     0.087419     2.618847 
2459911.644360 0.000000 0.000000     0.069527     2.618849 
2459912.575658 0.000000 0.000000     0.078076     2.618799 
2459913.506956 0.000000 0.000000     0.142324     2.618522 
2459914.438254 0.000000 0.000000     0.239386     2.617865 
2459915.369551 0.000000 0.000000     0.296327     2.616903 
2459916.300849 0.000000 0.000000     0.239694     2.615960 
2459917.232147 0.000000 0.000000     0.059295     2.615401 
2459918.163445 0.000000 0.000000    -0.165397     2.615353 
2459919.094743 0.000000 0.000000    -0.304845     2.615575 
2459920.026041 0.000000 0.000000    -0.263608     2.615658 
2459920.957339 0.000000 0.000000    -0.049177     2.615456 
2459921.888636 0.000000 0.000000     0.228111     2.615213 
2459922.819934 0.000000 0.000000     0.427835     2.615154 
2459923.751232 0.000000 0.000000     0.472677     2.615209 
2459924.682530 0.000000 0.000000     0.392538     2.615244 
2459925.613828 0.000000 0.000000     0.287594     2.615290 
2459926.545126 0.000000 0.000000     0.242137     2.615395 
2459927.476424 0.000000 0.000000     0.259912     2.615555 
2459928.407721 0.000000 0.000000     0.272849     2.615877 
2459929.339019 0.000000 0.000000     0.212935     2.616534 
2459930.270317 0.000000 0.000000     0.082846     2.617446 
2459931.201615 0.000000 0.000000    -0.038667     2.618231 
2459932.132913 0.000000 0.000000    -0.063987     2.618603 
2459933.064211 0.000000 0.000000     0.021905     2.618671 
2459933.995509 0.000000 0.000000     0.141267     2.618679 
2459934.926806 0.000000 0.000000     0.190082     2.618670 
2459935.858104 0.000000 0.000000     0.138486     2.618653 
2459936.789402 0.000000 0.000000     0.074084     2.618679 
2459937.720700 0.000000 0.000000     0.137216     2.618134 
2459938.651998 0.000000 0.000000     0.388959     2.615490 
2459939.583296 0.000000 0.000000     0.720825     2.609770 
2459940.514593 0.000000 0.000000     0.896603     2.602100 
2459941.445891 0.000000 0.000000     0.716780     2.595202 
2459942.377189 0.000000 0.000000     0.189946     2.591467 
2459943.308487 0.000000 0.000000    -0.427465     2.591359 
2459944.239785 0.000000 0.000000    -0.773446     2.592938 
2459945.171083 0.000000 0.000000    -0.616709     2.593388 
2459946.102381 0.000000 0.000000    -0.018283     2.591898 
2459947.033678 0.000000 0.000000     0.704372     2.590256 
2459947.964976 0.000000 0.000000     1.189610     2.589937 
2459948.896274 0.000000 0.000000     1.266144     2.590330 
2459949.827572 0.000000 0.000000     1.038932     2.590602 
2459950.758870 0.000000 0.000000     0.770665     2.591055 
2459951.690168 0.000000 0.000000     0.661214     2.591938 
2459952.621466 0.000000 0.000000     0.702916     2.593193 
2459953.552763 0.000000 0.000000     0.721844     2.595780 
2459954.484061 0.000000 0.000000     0.559400     2.600970 
2459955.415359 0.000000 0.000000     0.232734     2.607882 
2459956.346657 0.000000 0.000000    -0.066761     2.613592 
2459957.277955 0.000000 0.000000    -0.136578     2.616241 
2459958.209253 0.000000 0.000000     0.055466     2.616745 
2459959.140550 0.000000 0.000000     0.336285     2.616808 
2459960.071848 0.000000 0.000000     0.480284     2.616784 
2459961.003146 0.000000 0.000000     0.423168     2.616728 
2459961.934444 0.000000 0.000000     0.343147     2.616879 
2459962.865742 0.000000 0.000000     0.516284     2.614049 
2459963.797040 0.000000 0.000000     1.046758     2.600859 
2459964.728338 0.000000 0.000000     1.699269     2.573452 
2459965.659635 0.000000 0.000000     2.003351     2.538438 
2459966.590933 0.000000 0.000000     1.588537     2.508856 
2459967.522231 0.000000 0.000000     0.508329     2.493941 
2459968.453529 0.000000 0.000000    -0.711237     2.493639 
2459969.384827 0.000000 0.000000    -1.371730     2.499532 
2459970.316125 0.000000 0.000000    -1.058120     2.501079 
2459971.247423 0.000000 0.000000     0.076328     2.495407 
2459972.178720 0.000000 0.000000     1.409999     2.489250 
2459973.110018 0.000000 0.000000     2.270270     2.488135 
2459974.041316 0.000000 0.000000     2.364739     2.489677 
2459974.972614 0.000000 0.000000     1.916389     2.491041 
2459975.903912 0.000000 0.000000     1.422606     2.493632 
2459976.835210 0.000000 0.000000     1.244845     2.497916 
2459977.766507 0.000000 0.000000     1.354650     2.503521 
2459978.697805 0.000000 0.000000     1.421798     2.515096 
2459979.629103 0.000000 0.000000     1.147876     2.537901 
2459980.560401 0.000000 0.000000     0.553751     2.567100 
2459981.491699 0.000000 0.000000    -0.021164     2.590329 
2459982.422997 0.000000 0.000000    -0.200543     2.600945 
2459983.354295 0.000000 0.000000     0.113402     2.603034 
2459984.285592 0.000000 0.000000     0.665997     2.603277 
2459985.216890 0.000000 0.000000     1.084587     2.603289 
2459986.148188 0.000000 0.000000     1.217618     2.603247 
2459987.079486 0.000000 0.000000     1.273538     2.603855 
2459988.010784 0.000000 0.000000     1.617394     2.595234 
2459988.942082 0.000000 0.000000     2.381201     2.554833 
2459989.873380 0.000000 0.000000     3.227415     2.470051 
2459990.804677 0.000000 0.000000     3.507351     2.360169 
2459991.735975 0.000000 0.000000     2.740637     2.268274 
2459992.667273 0.000000 0.000000     1.058490     2.224353 
2459993.598571 0.000000 0.000000    -0.758334     2.222846 
2459994.529869 0.000000 0.000000    -1.727233     2.237003 
2459995.461167 0.000000 0.000000    -1.302737     2.240553 
2459996.392465 0.000000 0.000000     0.253347     2.226508 
2459997.323762 0.000000 0.000000     2.047736     2.211098 
2459998.255060 0.000000 0.000000     3.154632     2.208398 
2459999.186358 0.000000 0.000000     3.203667     2.212548 
2460000.117656 0.000000 0.000000     2.539796     2.217754 
2460001.048954 0.000000 0.000000     1.868764     2.228547 
2460001.980252 0.000000 0.000000     1.687470     2.243833 
2460002.911549 0.000000 0.000000     1.941584     2.261738 
2460003.842847 0.000000 0.000000     2.150930     2.297968 
2460004.774145 0.000000 0.000000     1.866193     2.366243 
2460005.705443 0.000000 0.000000     1.070408     2.447330 
2460006.636741 0.000000 0.000000     0.206771     2.507685 
2460007.568039 0.000000 0.000000    -0.168145     2.534521 
2460008.499337 0.000000 0.000000     0.194717     2.539994 
2460009.430634 0.000000 0.000000     1.084808     2.540492 
2460010.361932 0.000000 0.000000     2.051308     2.540670 
2460011.293230 0.000000 0.000000     2.782383     2.541196 
2460012.224528 0.000000 0.000000     3.308782     2.543142 
2460013.155826 0.000000 0.000000     3.861971     2.526795 
2460014.087124 0.000000 0.000000     4.527675     2.447329 
2460015.018422 0.000000 0.000000     5.024698     2.271854 
2460015.949719 0.000000 0.000000     4.841842     2.020192 
2460016.881017 0.000000 0.000000     3.658668     1.782897 
2460017.812315 0.000000 0.000000     1.713946     1.665530 
2460018.743613 0.000000 0.000000    -0.206953     1.656220 
2460019.674911 0.000000 0.000000    -1.211227     1.676103 
2460020.606209 0.000000 0.000000    -0.870995     1.680094 
2460021.537506 0.000000 0.000000     0.487873     1.657523 
2460022.468804 0.000000 0.000000     2.000825     1.632232 
2460023.400102 0.000000 0.000000     2.835479     1.628306 
2460024.331400 0.000000 0.000000     2.711524     1.636802 
2460025.262698 0.000000 0.000000     2.009535     1.655807 
2460026.193996 0.000000 0.000000     1.418538     1.697345 
2460027.125294 0.000000 0.000000     1.405396     1.745512 
2460028.056591 0.000000 0.000000     1.897784     1.792479 
2460028.987889 0.000000 0.000000     2.389848     1.880914 
2460029.919187 0.000000 0.000000     2.359725     2.029647 
2460030.850485 0.000000 0.000000     1.675313     2.182626 
2460031.781783 0.000000 0.000000     0.703402     2.285095 
2460032.713081 0.000000 0.000000     0.073344     2.329105 
2460033.644379 0.000000 0.000000     0.287504     2.338694 
2460034.575676 0.000000 0.000000     1.445173     2.338898 
2460035.506974 0.000000 0.000000     3.227929     2.338970 
2460036.438272 0.000000 0.000000     5.100170     2.342162 
2460037.369570 0.000000 0.000000     6.559577     2.348170 
2460038.300868 0.000000 0.000000     7.294137     2.330339 
2460039.232166 0.000000 0.000000     7.211585     2.235184 
2460040.163463 0.000000 0.000000     6.397693     2.018317 
2460041.094761 0.000000 0.000000     5.068526     1.674824 
2460042.026059 0.000000 0.000000     3.530542     1.258176 
2460042.957357 0.000000 0.000000     2.120689     0.937305 
2460043.888655 0.000000 0.000000     1.110868     0.870222 
2460044.819953 0.000000 0.000000     0.609364     0.855279 
2460045.751251 0.000000 0.000000     0.521151     0.843701 
2460046.682548 0.000000 0.000000     0.604725     0.844851 
2460047.613846 0.000000 0.000000     0.602720     0.842828 
2460048.545144 0.000000 0.000000     0.376362     0.847270 
2460049.476442 0.000000 0.000000    -0.026244     0.859479 
2460050.407740 0.000000 0.000000    -0.397889     0.919764 
2460051.339038 0.000000 0.000000    -0.479825     1.039932 
2460052.270336 0.000000 0.000000    -0.104530     1.142632 
2460053.201633 0.000000 0.000000     0.683698     1.216785 
2460054.132931 0.000000 0.000000     1.593449     1.340888 
2460055.064229 0.000000 0.000000     2.187516     1.524622 
2460055.995527 0.000000 0.000000     2.118141     1.687758 
2460056.926825 0.000000 0.000000     1.398486     1.787299 
2460057.858123 0.000000 0.000000     0.533355     1.832063 
2460058.789421 0.000000 0.000000     0.354766     1.845306 
2460059.720718 0.000000 0.000000     1.569093     1.841982 
2460060.652016 0.000000 0.000000     4.245081     1.838417 
2460061.583314 0.000000 0.000000     7.590614     1.852849 
2460062.514612 0.000000 0.000000    10.247974     1.876816 
2460063.445910 0.000000 0.000000    11.011890     1.877657 
2460064.377208 0.000000 0.000000     9.551252     1.831891 
2460065.308505 0.000000 0.000000     6.647631     1.730320 
2460066.239803 0.000000 0.000000     3.746426     1.561897 
2460067.171101 0.000000 0.000000     2.081323     1.325495 
2460068.102399 0.000000 0.000000     1.947026     1.132949 
2460069.033697 0.000000 0.000000     2.609380     1.209870 
2460069.964995 0.000000 0.000000     2.897040     1.353991 
2460070.896293 0.000000 0.000000     2.035974     1.371917 
2460071.827590 0.000000 0.000000     0.131470     1.251430 
2460072.758888 0.000000 0.000000    -2.008855     1.092728 
2460073.690186 0.000000 0.000000    -3.511056     1.074061 
2460074.621484 0.000000 0.000000    -4.005438     1.114948 
2460075.552782 0.000000 0.000000    -3.714471     1.064047 
2460076.484080 0.000000 0.000000    -3.074943     0.941248 
2460077.415378 0.000000 0.000000    -2.298574     0.871182 
2460078.346675 0.000000 0.000000    -1.287330     0.866591 
2460079.277973 0.000000 0.000000     0.046316     0.854748 
2460080.209271 0.000000 0.000000     1.416455     0.871910 
2460081.140569 0.000000 0.000000     2.196861     0.914332 
2460082.071867 0.000000 0.000000     1.934353     0.951160 
2460083.003165 0.000000 0.000000     0.936182     1.012461 
2460083.934462 0.000000 0.000000     0.346598     1.061596 
2460084.865760 0.000000 0.000000     1.472611     1.026567 
2460085.797058 0.000000 0.000000     4.750990     0.974481 
2460086.728356 0.000000 0.000000     9.147473     1.083218 
2460087.659654 0.000000 0.000000    12.565262     1.226088 
2460088.590952 0.000000 0.000000    13.114138     1.298775 
2460089.522250 0.000000 0.000000    10.395227     1.390099 
2460090.453547 0.000000 0.000000     5.856730     1.549843 
2460091.384845 0.000000 0.000000     1.900974     1.672794 
2460092.316143 0.000000 0.000000     0.330100     1.702021 
2460093.247441 0.000000 0.000000     1.218300     1.710390 
2460094.178739 0.000000 0.000000     2.996618     1.795671 
2460095.110037 0.000000 0.000000     3.649868     1.894972 
2460096.041335 0.000000 0.000000     2.126395     1.898768 
2460096.972632 0.000000 0.000000    -1.046733     1.798469 
2460097.903930 0.000000 0.000000    -4.305605     1.696090 
2460098.835228 0.000000 0.000000    -6.233882     1.688264 
2460099.766526 0.000000 0.000000    -6.449936     1.710492 
2460100.697824 0.000000 0.000000    -5.585933     1.687087 
2460101.629122 0.000000 0.000000    -4.524198     1.643077 
2460102.560419 0.000000 0.000000    -3.629238     1.628200 
2460103.491717 0.000000 0.000000    -2.629492     1.638868 
2460104.423015 0.000000 0.000000    -1.169230     1.662330 
2460105.354313 0.000000 0.000000     0.566577     1.707218 
2460106.285611 0.000000 0.000000     1.814055     1.762081 
2460107.216909 0.000000 0.000000     1.891240     1.803037 
2460108.148207 0.000000 0.000000     0.990651     1.826841 
2460109.079504 0.000000 0.000000     0.330777     1.837618 
2460110.010802 0.000000 0.000000     1.377508     1.832643 
2460110.942100 0.000000 0.000000     4.644982     1.824889 
2460111.873398 0.000000 0.000000     9.029111     1.840370 
2460112.804696 0.000000 0.000000    12.306884     1.869445 
2460113.735994 0.000000 0.000000    12.557895     1.884255 
2460114.667292 0.000000 0.000000     9.511647     1.908892 
2460115.598589 0.000000 0.000000     4.809684     1.990030 
2460116.529887 0.000000 0.000000     0.942435     2.098352 
2460117.461185 0.000000 0.000000    -0.398622     2.174512 
2460118.392483 0.000000 0.000000     0.624115     2.218332 
2460119.323781 0.000000 0.000000     2.264601     2.262534 
2460120.255079 0.000000 0.000000     2.536869     2.296296 
2460121.186377 0.000000 0.000000     0.613146     2.277517 
2460122.117674 0.000000 0.000000    -2.720485     2.208255 
2460123.048972 0.000000 0.000000    -5.785969     2.149406 
2460123.980270 0.000000 0.000000    -7.263102     2.140800 
2460124.911568 0.000000 0.000000    -6.992504     2.148702 
2460125.842866 0.000000 0.000000    -5.803019     2.140780 
2460126.774164 0.000000 0.000000    -4.647768     2.128188 
2460127.705461 0.000000 0.000000    -3.842849     2.126551 
2460128.636759 0.000000 0.000000    -3.022261     2.133513 
2460129.568057 0.000000 0.000000    -1.747966     2.149366 
2460130.499355 0.000000 0.000000    -0.138628     2.179278 
2460131.430653 0.000000 0.000000     1.109360     2.215176 
2460132.361951 0.000000 0.000000     1.363087     2.241942 
2460133.293249 0.000000 0.000000     0.781632     2.255165 
2460134.224546 0.000000 0.000000     0.423815     2.259471 
2460135.155844 0.000000 0.000000     1.524244     2.258543 
2460136.087142 0.000000 0.000000     4.449619     2.257086 
2460137.018440 0.000000 0.000000     8.185137     2.262346 
2460137.949738 0.000000 0.000000    10.845071     2.271700 
2460138.881036 0.000000 0.000000    10.910745     2.275465 
2460139.812334 0.000000 0.000000     8.300054     2.284161 
2460140.743631 0.000000 0.000000     4.456268     2.324087 
2460141.674929 0.000000 0.000000     1.364667     2.389776 
2460142.606227 0.000000 0.000000     0.210377     2.446740 
2460143.537525 0.000000 0.000000     0.655156     2.481505 
2460144.468823 0.000000 0.000000     1.233085     2.499687 
2460145.400121 0.000000 0.000000     0.521818     2.487186 
2460146.331418 0.000000 0.000000    -1.809726     2.419647 
2460147.262716 0.000000 0.000000    -4.831343     2.312554 
2460148.194014 0.000000 0.000000    -7.109204     2.228794 
2460149.125312 0.000000 0.000000    -7.745883     2.204082 
2460150.056610 0.000000 0.000000    -6.904299     2.205033 
2460150.987908 0.000000 0.000000    -5.488677     2.200890 
2460151.919206 0.000000 0.000000    -4.339652     2.195672 
2460152.850503 0.000000 0.000000    -3.641466     2.195712 
2460153.781801 0.000000 0.000000    -2.989136     2.198466 
2460154.713099 0.000000 0.000000    -1.966638     2.205361 
2460155.644397 0.000000 0.000000    -0.659151     2.219372 
2460156.575695 0.000000 0.000000     0.385043     2.236198 
2460157.506993 0.000000 0.000000     0.711415     2.248448 
2460158.438291 0.000000 0.000000     0.517592     2.253900 
2460159.369588 0.000000 0.000000     0.663844     2.255466 
2460160.300886 0.000000 0.000000     2.043413     2.255808 
2460161.232184 0.000000 0.000000     4.785870     2.257517 
2460162.163482 0.000000 0.000000     7.959006     2.264275 
2460163.094780 0.000000 0.000000    10.075052     2.272728 
2460164.026078 0.000000 0.000000    10.072107     2.278674 
2460164.957376 0.000000 0.000000     8.043152     2.302960 
2460165.888673 0.000000 0.000000     5.153271     2.372972 
2460166.819971 0.000000 0.000000     2.798737     2.466616 
2460167.751269 0.000000 0.000000     1.639909     2.538126 
2460168.682567 0.000000 0.000000     1.229033     2.576087 
2460169.613865 0.000000 0.000000     0.487286     2.583200 
2460170.545163 0.000000 0.000000    -1.366586     2.529376 
2460171.476460 0.000000 0.000000    -4.161237     2.373704 
2460172.407758 0.000000 0.000000    -6.875663     2.130401 
2460173.339056 0.000000 0.000000    -8.382344     1.908001 
2460174.270354 0.000000 0.000000    -8.231782     1.819695 
2460175.201652 0.000000 0.000000    -6.887782     1.812081 
2460176.132950 0.000000 0.000000    -5.287488     1.804173 
2460177.064248 0.000000 0.000000    -4.130104     1.795914 
2460177.995545 0.000000 0.000000    -3.470358     1.795045 
2460178.926843 0.000000 0.000000    -2.892193     1.794875 
2460179.858141 0.000000 0.000000    -2.037552     1.796620 
2460180.789439 0.000000 0.000000    -0.986933     1.803688 
2460181.720737 0.000000 0.000000    -0.153411     1.811791 
2460182.652035 0.000000 0.000000     0.196356     1.815306 
2460183.583333 0.000000 0.000000     0.335549     1.815020 
2460184.514630 0.000000 0.000000     0.985586     1.815520 
2460185.445928 0.000000 0.000000     2.756113     1.817757 
2460186.377226 0.000000 0.000000     5.555289     1.826986 
2460187.308524 0.000000 0.000000     8.475867     1.851690 
2460188.239822 0.000000 0.000000    10.304826     1.877080 
2460189.171120 0.000000 0.000000    10.305297     1.899719 
2460190.102417 0.000000 0.000000     8.685418     1.992687 
2460191.033715 0.000000 0.000000     6.396407     2.192734 
2460191.965013 0.000000 0.000000     4.416577     2.399689 
2460192.896311 0.000000 0.000000     3.072274     2.532143 
2460193.827609 0.000000 0.000000     1.908881     2.592733 
2460194.758907 0.000000 0.000000     0.187906     2.600050 
2460195.690205 0.000000 0.000000    -2.401468     2.521292 
2460196.621502 0.000000 0.000000    -5.383056     2.298746 
2460197.552800 0.000000 0.000000    -7.762358     1.914279 
2460198.484098 0.000000 0.000000    -8.703064     1.429114 
2460199.415396 0.000000 0.000000    -8.084915     1.067421 
2460200.346694 0.000000 0.000000    -6.531912     1.004658 
2460201.277992 0.000000 0.000000    -4.927561     0.945542 
2460202.209290 0.000000 0.000000    -3.822519     0.872616 
2460203.140587 0.000000 0.000000    -3.185682     0.856553 
2460204.071885 0.000000 0.000000    -2.636714     0.846282 
2460205.003183 0.000000 0.000000    -1.899381     0.844152 
2460205.934481 0.000000 0.000000    -1.059699     0.881017 
2460206.865779 0.000000 0.000000    -0.415954     0.916617 
2460207.797077 0.000000 0.000000    -0.083275     0.908348 
2460208.728374 0.000000 0.000000     0.260222     0.883534 
2460209.659672 0.000000 0.000000     1.215229     0.891706 
2460210.590970 0.000000 0.000000     3.178780     0.913535 
2460211.522268 0.000000 0.000000     5.922387     0.998498 
2460212.453566 0.000000 0.000000     8.598060     1.165055 
2460213.384864 0.000000 0.000000    10.212902     1.281126 
2460214.316162 0.000000 0.000000    10.239445     1.371287 
2460215.247459 0.000000 0.000000     8.911057     1.649265 
2460216.178757 0.000000 0.000000     6.987961     2.037506 
2460217.110055 0.000000 0.000000     5.183801     2.344749 
2460218.041353 0.000000 0.000000     3.695627     2.519326 
2460218.972651 0.000000 0.000000     2.185280     2.593121 
2460219.903949 0.000000 0.000000     0.198202     2.603942 
2460220.835247 0.000000 0.000000    -2.333829     2.540608 
2460221.766544 0.000000 0.000000    -4.912248     2.374782 
2460222.697842 0.000000 0.000000    -6.753933     2.134105 
2460223.629140 0.000000 0.000000    -7.311358     1.929955 
2460224.560438 0.000000 0.000000    -6.630029     1.852039 
2460225.491736 0.000000 0.000000    -5.284628     1.843123 
2460226.423034 0.000000 0.000000    -3.968803     1.836726 
2460227.354332 0.000000 0.000000    -3.068037     1.830145 
2460228.285629 0.000000 0.000000    -2.526382     1.828668 
2460229.216927 0.000000 0.000000    -2.058734     1.828351 
2460230.148225 0.000000 0.000000    -1.482773     1.828844 
2460231.079523 0.000000 0.000000    -0.873195     1.832782 
2460232.010821 0.000000 0.000000    -0.420972     1.837063 
2460232.942119 0.000000 0.000000    -0.149920     1.836433 
2460233.873416 0.000000 0.000000     0.228140     1.834512 
2460234.804714 0.000000 0.000000     1.156081     1.835955 
2460235.736012 0.000000 0.000000     2.871861     1.837655 
2460236.667310 0.000000 0.000000     5.133560     1.846969 
2460237.598608 0.000000 0.000000     7.269047     1.873626 
2460238.529906 0.000000 0.000000     8.543451     1.898028 
2460239.461204 0.000000 0.000000     8.588419     1.922594 
2460240.392501 0.000000 0.000000     7.584926     2.025145 
2460241.323799 0.000000 0.000000     6.077378     2.226046 
2460242.255097 0.000000 0.000000     4.573477     2.423975 
2460243.186395 0.000000 0.000000     3.235459     2.547656 
2460244.117693 0.000000 0.000000     1.881157     2.600869 
2460245.048991 0.000000 0.000000     0.263772     2.610245 
2460245.980289 0.000000 0.000000    -1.613204     2.580102 
2460246.911586 0.000000 0.000000    -3.402570     2.508036 
2460247.842884 0.000000 0.000000    -4.611591     2.421476 
2460248.774182 0.000000 0.000000    -4.930741     2.363990 
2460249.705480 0.000000 0.000000    -4.437885     2.345540 
2460250.636778 0.000000 0.000000    -3.530998     2.343373 
2460251.568076 0.000000 0.000000    -2.656842     2.342007 
2460252.499373 0.000000 0.000000    -2.050284     2.340567 
2460253.430671 0.000000 0.000000    -1.669110     2.340209 
2460254.361969 0.000000 0.000000    -1.338854     2.340241 
2460255.293267 0.000000 0.000000    -0.956395     2.340490 
2460256.224565 0.000000 0.000000    -0.572184     2.341594 
2460257.155863 0.000000 0.000000    -0.292815     2.342792 
2460258.087161 0.000000 0.000000    -0.109116     2.342692 
2460259.018458 0.000000 0.000000     0.178267     2.342326 
2460259.949756 0.000000 0.000000     0.847205     2.342788 
2460260.881054 0.000000 0.000000     2.029369     2.343113 
2460261.812352 0.000000 0.000000     3.550232     2.345274 
2460262.743650 0.000000 0.000000     4.972303     2.351773 
2460263.674948 0.000000 0.000000     5.827289     2.357709 
2460264.606246 0.000000 0.000000     5.878090     2.364133 
2460265.537543 0.000000 0.000000     5.228308     2.393086 
2460266.468841 0.000000 0.000000     4.211743     2.458239 
2460267.400139 0.000000 0.000000     3.155714     2.533995 
2460268.331437 0.000000 0.000000     2.195915     2.587003 
2460269.262735 0.000000 0.000000     1.267160     2.610824 
2460270.194033 0.000000 0.000000     0.252252     2.615588 
2460271.125330 0.000000 0.000000    -0.846385     2.606407 
2460272.056628 0.000000 0.000000    -1.852886     2.585486 
2460272.987926 0.000000 0.000000    -2.519399     2.562672 
2460273.919224 0.000000 0.000000    -2.696051     2.548832 
2460274.850522 0.000000 0.000000    -2.434446     2.544561 
2460275.781820 0.000000 0.000000    -1.949397     2.544021 
2460276.713118 0.000000 0.000000    -1.476699     2.543726 
2460277.644415 0.000000 0.000000    -1.139605     2.543402 
2460278.575713 0.000000 0.000000    -0.918093     2.543313 
2460279.507011 0.000000 0.000000    -0.725302     2.543340 
2460280.438309 0.000000 0.000000    -0.511419     2.543419 
2460281.369607 0.000000 0.000000    -0.303291     2.543708 
2460282.300905 0.000000 0.000000    -0.152576     2.544013 
2460283.232203 0.000000 0.000000    -0.048268     2.543975 
2460284.163500 0.000000 0.000000     0.118649     2.543894 
2460285.094798 0.000000 0.000000     0.495027     2.544030 
2460286.026096 0.000000 0.000000     1.148719     2.544092 
2460286.957394 0.000000 0.000000     1.986003     2.544609 
2460287.888692 0.000000 0.000000     2.773427     2.546208 
2460288.819990 0.000000 0.000000     3.257169     2.547633 
2460289.751288 0.000000 0.000000     3.300185     2.549246 
2460290.682585 0.000000 0.000000     2.944795     2.556632 
2460291.613883 0.000000 0.000000     2.363919     2.573627 
2460292.545181 0.000000 0.000000     1.743684     2.594373 
2460293.476479 0.000000 0.000000     1.183556     2.609568 
2460294.407777 0.000000 0.000000     0.678037     2.616521 
2460295.339075 0.000000 0.000000     0.177785     2.618028 
2460296.270372 0.000000 0.000000    -0.329404     2.616244 
2460297.201670 0.000000 0.000000    -0.784196     2.612240 
2460298.132968 0.000000 0.000000    -1.090515     2.608111 
2460299.064266 0.000000 0.000000    -1.185832     2.605727 
2460299.995564 0.000000 0.000000    -1.088524     2.605001 
2460300.926862 0.000000 0.000000    -0.886651     2.604901 
2460301.858160 0.000000 0.000000    -0.680686     2.604855 
2460302.789457 0.000000 0.000000    -0.526587     2.604801 
2460303.720755 0.000000 0.000000    -0.420202     2.604784 
2460304.652053 0.000000 0.000000    -0.327245     2.604792 
2460305.583351 0.000000 0.000000    -0.226821     2.604807 
2460306.514649 0.000000 0.000000    -0.129622     2.604859 
2460307.445947 0.000000 0.000000    -0.057612     2.604910 
2460308.377245 0.000000 0.000000    -0.007053     2.604895 
2460309.308542 0.000000 0.000000     0.068182     2.604879 
2460310.239840 0.000000 0.000000     0.232940     2.604908 
2460311.171138 0.000000 0.000000     0.520868     2.604916 
2460312.102436 0.000000 0.000000     0.895971     2.605010 
2460313.033734 0.000000 0.000000     1.257392     2.605307 
2460313.965032 0.000000 0.000000     1.488237     2.605562 
2460314.896329 0.000000 0.000000     1.517282     2.605868 
2460315.827627 0.000000 0.000000     1.353326     2.607265 
2460316.758925 0.000000 0.000000     1.071781     2.610434 
2460317.690223 0.000000 0.000000     0.766129     2.614298 
2460318.621521 0.000000 0.000000     0.498793     2.617137 
2460319.552819 0.000000 0.000000     0.282096     2.618429 
2460320.484117 0.000000 0.000000     0.095471     2.618724 
2460321.415414 0.000000 0.000000    -0.080479     2.618520 
2460322.346712 0.000000 0.000000    -0.240910     2.618057 
2460323.278010 0.000000 0.000000    -0.359776     2.617603 
2460324.209308 0.000000 0.000000    -0.412293     2.617351 
2460325.140606 0.000000 0.000000    -0.396297     2.617274 
2460326.071904 0.000000 0.000000    -0.335571     2.617263 
2460327.003202 0.000000 0.000000    -0.264157     2.617259 
2460327.934499 0.000000 0.000000    -0.205543     2.617253 
2460328.865797 0.000000 0.000000    -0.162898     2.617251 
2460329.797095 0.000000 0.000000    -0.125922     2.617252 
2460330.728393 0.000000 0.000000    -0.085975     2.617254 
2460331.659691 0.000000 0.000000    -0.045353     2.617259 
2460332.590989 0.000000 0.000000    -0.012916     2.617264 
2460333.522286 0.000000 0.000000     0.009111     2.617261 
2460334.453584 0.000000 0.000000     0.034252     2.617260 
2460335.384882 0.000000 0.000000     0.086773     2.617264 
2460336.316180 0.000000 0.000000     0.184179     2.617265 
2460337.247478 0.000000 0.000000     0.319704     2.617276 
2460338.178776 0.000000 0.000000     0.458807     2.617310 
2460339.110074 0.000000 0.000000     0.554298     2.617339 
2460340.041371 0.000000 0.000000     0.571394     2.617377 
2460340.972669 0.000000 0.000000     0.506655     2.617545 
2460341.903967 0.000000 0.000000     0.388638     2.617914 
2460342.835265 0.000000 0.000000     0.260464     2.618357 
2460343.766563 0.000000 0.000000     0.156241     2.618679 
2460344.697861 0.000000 0.000000     0.086393     2.618824 
2460345.629159 0.000000 0.000000     0.039695     2.618859 
2460346.560456 0.000000 0.000000    -0.001989     2.618847 
2460347.491754 0.000000 0.000000    -0.048135     2.618813 
2460348.423052 0.000000 0.000000    -0.093813     2.618778 
2460349.354350 0.000000 0.000000    -0.125990     2.618757 
2460350.285648 0.000000 0.000000    -0.135207     2.618750 
2460351.216946 0.000000 0.000000    -0.123036     2.618749 
2460352.148244 0.000000 0.000000    -0.100255     2.618749 
2460353.079541 0.000000 0.000000    -0.078443     2.618748 
2460354.010839 0.000000 0.000000    -0.062435     2.618748 
2460354.942137 0.000000 0.000000    -0.049439     2.618748 
2460355.873435 0.000000 0.000000    -0.034518     2.618749 
2460356.804733 0.000000 0.000000    -0.016805     2.618750 
2460357.736031 0.000000 0.000000    -0.000626     2.618751 
2460358.667328 0.000000 0.000000     0.009463     2.618751 
2460359.598626 0.000000 0.000000     0.015028     2.618752 
2460360.529924 0.000000 0.000000     0.025182     2.618753 
2460361.461222 0.000000 0.000000     0.050656     2.618753 
2460362.392520 0.000000 0.000000     0.094401     2.618753 
2460363.323818 0.000000 0.000000     0.146185     2.618756 
2460364.255116 0.000000 0.000000     0.186289     2.618759 
2460365.186413 0.000000 0.000000     0.196737     2.618762 
2460366.117711 0.000000 0.000000     0.172569     2.618774 
2460367.049009 0.000000 0.000000     0.125160     2.618802 
2460367.980307 0.000000 0.000000     0.075066     2.618837 
2460368.911605 0.000000 0.000000     0.039351     2.618865 
2460369.842903 0.000000 0.000000     0.022149     2.618879 
2460370.774201 0.000000 0.000000     0.014678     2.618883 
2460371.705498 0.000000 0.000000     0.003880     2.618882 
2460372.636796 0.000000 0.000000    -0.017141     2.618875 
2460373.568094 0.000000 0.000000    -0.044490     2.618866 
2460374.499392 0.000000 0.000000    -0.067354     2.618858 
2460375.430690 0.000000 0.000000    -0.076588     2.618854 
2460376.361988 0.000000 0.000000    -0.071122     2.618854 
2460377.293285 0.000000 0.000000    -0.057635     2.618854 
2460378.224583 0.000000 0.000000    -0.044621     2.618853 
2460379.155881 0.000000 0.000000    -0.036141     2.618853 
2460380.087179 0.000000 0.000000    -0.030264     2.618853 
2460381.018477 0.000000 0.000000    -0.022767     2.618854 
2460381.949775 0.000000 0.000000    -0.012239     2.618854 
2460382.881073 0.000000 0.000000    -0.001755     2.618854 
2460383.812370 0.000000 0.000000     0.004359     2.618855 
2460384.743668 0.000000 0.000000     0.005630     2.618855 
2460385.674966 0.000000 0.000000     0.007473     2.618855 
2460386.606264 0.000000 0.000000     0.017711     2.618855 
2460387.537562 0.000000 0.000000     0.039935     2.618855 
2460388.468860 0.000000 0.000000     0.069083     2.618856 
2460389.400158 0.000000 0.000000     0.093300     2.618857 
2460390.331455 0.000000 0.000000     0.101269     2.618857 
2460391.262753 0.000000 0.000000     0.089758     2.618859 
2460392.194051 0.000000 0.000000     0.065689     2.618864 
2460393.125349 0.000000 0.000000     0.041089     2.618873 
2460394.056647 0.000000 0.000000     0.024683     2.618881 
2460394.987945 0.000000 0.000000     0.016416     2.618886 
2460395.919243 0.000000 0.000000     0.008859     2.618888 
2460396.850540 0.000000 0.000000    -0.005885     2.618886 
2460397.781838 0.000000 0.000000    -0.029281     2.618878 
2460398.713136 0.000000 0.000000    -0.054750     2.618864 
2460399.644434 0.000000 0.000000    -0.072332     2.618853 
2460400.575732 0.000000 0.000000    -0.075769     2.618848 
2460401.507030 0.000000 0.000000    -0.066521     2.618847 
2460402.438327 0.000000 0.000000    -0.051953     2.618847 
2460403.369625 0.000000 0.000000    -0.039582     2.618846 
2460404.300923 0.000000 0.000000    -0.032182     2.618846 
2460405.232221 0.000000 0.000000    -0.027357     2.618846 
2460406.163519 0.000000 0.000000    -0.021290     2.618846 
2460407.094817 0.000000 0.000000    -0.012930     2.618846 
2460408.026115 0.000000 0.000000    -0.004839     2.618846 
2460408.957412 0.000000 0.000000    -0.000101     2.618847 
2460409.888710 0.000000 0.000000     0.001705     2.618847 
2460410.820008 0.000000 0.000000     0.005505     2.618846 
2460411.751306 0.000000 0.000000     0.017326     2.618847 
2460412.682604 0.000000 0.000000     0.038976     2.618847 
2460413.613902 0.000000 0.000000     0.065221     2.618847 
2460414.545200 0.000000 0.000000     0.086145     2.618848 
2460415.476497 0.000000 0.000000     0.093288     2.618849 
2460416.407795 0.000000 0.000000     0.085051     2.618850 
2460417.339093 0.000000 0.000000     0.067297     2.618857 
2460418.270391 0.000000 0.000000     0.048704     2.618868 
2460419.201689 0.000000 0.000000     0.034499     2.618880 
2460420.132987 0.000000 0.000000     0.023349     2.618887 
2460421.064284 0.000000 0.000000     0.009650     2.618889 
2460421.995582 0.000000 0.000000    -0.010799     2.618887 
2460422.926880 0.000000 0.000000    -0.036347     2.618877 
2460423.858178 0.000000 0.000000    -0.059761     2.618861 
2460424.789476 0.000000 0.000000    -0.072950     2.618849 
2460425.720774 0.000000 0.000000    -0.072427     2.618843 
2460426.652072 0.000000 0.000000    -0.061385     2.618842 
2460427.583369 0.000000 0.000000    -0.047042     2.618842 
2460428.514667 0.000000 0.000000    -0.035597     2.618842 
2460429.445965 0.000000 0.000000    -0.028751     2.618841 
2460430.377263 0.000000 0.000000    -0.024142     2.618841 
2460431.308561 0.000000 0.000000    -0.018746     2.618841 
2460432.239859 0.000000 0.000000    -0.011978     2.618841 
2460433.171157 0.000000 0.000000    -0.005820     2.618842 
2460434.102454 0.000000 0.000000    -0.002098     2.618842 
2460435.033752 0.000000 0.000000     0.000400     2.618842 
2460435.965050 0.000000 0.000000     0.006052     2.618842 
2460436.896348 0.000000 0.000000     0.019257     2.618842 
2460437.827646 0.000000 0.000000     0.040389     2.618842 
2460438.758944 0.000000 0.000000     0.064236     2.618842 
2460439.690241 0.000000 0.000000     0.082498     2.618843 
2460440.621539 0.000000 0.000000     0.088737     2.618844 
2460441.552837 0.000000 0.000000     0.082182     2.618846 
2460442.484135 0.000000 0.000000     0.067621     2.618854 
2460443.415433 0.000000 0.000000     0.051564     2.618867 
2460444.346731 0.000000 0.000000     0.037694     2.618879 
2460445.278029 0.000000 0.000000     0.025033     2.618887 
2460446.209326 0.000000 0.000000     0.010014     2.618889 
2460447.140624 0.000000 0.000000    -0.009412     2.618888 
2460448.071922 0.000000 0.000000    -0.031022     2.618881 
2460449.003220 0.000000 0.000000    -0.049105     2.618870 
2460449.934518 0.000000 0.000000    -0.058134     2.618862 
2460450.865816 0.000000 0.000000    -0.056455     2.618859 
2460451.797114 0.000000 0.000000    -0.047214     2.618858 
2460452.728411 0.000000 0.000000    -0.036004     2.618858 
2460453.659709 0.000000 0.000000    -0.027209     2.618858 
2460454.591007 0.000000 0.000000    -0.021808     2.618858 
2460455.522305 0.000000 0.000000    -0.018026     2.618858 
2460456.453603 0.000000 0.000000    -0.013838     2.618858 
2460457.384901 0.000000 0.000000    -0.008980     2.618858 
2460458.316199 0.000000 0.000000    -0.004777     2.618858 
2460459.247496 0.000000 0.000000    -0.002161     2.618858 
2460460.178794 0.000000 0.000000     0.000147     2.618858 
2460461.110092 0.000000 0.000000     0.005409     2.618858 
2460462.041390 0.000000 0.000000     0.016507     2.618858 
2460462.972688 0.000000 0.000000     0.033235     2.618858 
2460463.903986 0.000000 0.000000     0.051497     2.618858 
2460464.835283 0.000000 0.000000     0.065277     2.618859 
2460465.766581 0.000000 0.000000     0.070087     2.618860 
2460466.697879 0.000000 0.000000     0.065445     2.618861 
2460467.629177 0.000000 0.000000     0.054659     2.618866 
2460468.560475 0.000000 0.000000     0.042207     2.618875 
2460469.491773 0.000000 0.000000     0.030771     2.618883 
2460470.423071 0.000000 0.000000     0.020088     2.618888 
2460471.354368 0.000000 0.000000     0.008285     2.618890 
2460472.285666 0.000000 0.000000    -0.005609     2.618889 
2460473.216964 0.000000 0.000000    -0.020055     2.618886 
2460474.148262 0.000000 0.000000    -0.031584     2.618882 
2460475.079560 0.000000 0.000000    -0.037051     2.618878 
2460476.010858 0.000000 0.000000    -0.035758     2.618877 
2460476.942156 0.000000 0.000000    -0.029860     2.618877 
2460477.873453 0.000000 0.000000    -0.022832     2.618877 
2460478.804751 0.000000 0.000000    -0.017286     2.618877 
2460479.736049 0.000000 0.000000    -0.013761     2.618877 
2460480.667347 0.000000 0.000000    -0.011207     2.618877 
2460481.598645 0.000000 0.000000    -0.008487     2.618877 
2460482.529943 0.000000 0.000000    -0.005500     2.618877 
2460483.461240 0.000000 0.000000    -0.002998     2.618877 
2460484.392538 0.000000 0.000000    -0.001402     2.618877 
2460485.323836 0.000000 0.000000     0.000195     2.618877 
2460486.255134 0.000000 0.000000     0.003800     2.618877 
2460487.186432 0.000000 0.000000     0.011074     2.618877 
2460488.117730 0.000000 0.000000     0.021767     2.618877 
2460489.049028 0.000000 0.000000     0.033318     2.618877 
2460489.980325 0.000000 0.000000     0.042059     2.618877 
2460490.911623 0.000000 0.000000     0.045236     2.618877 
2460491.842921 0.000000 0.000000     0.042467     2.618878 
2460492.774219 0.000000 0.000000     0.035641     2.618880 
2460493.705517 0.000000 0.000000     0.027456     2.618884 
2460494.636815 0.000000 0.000000     0.019726     2.618887 
2460495.568113 0.000000 0.000000     0.012655     2.618889 
2460496.499410 0.000000 0.000000     0.005456     2.618890 
2460497.430708 0.000000 0.000000    -0.002357     2.618890 
2460498.362006 0.000000 0.000000    -0.010101     2.618889 
2460499.293304 0.000000 0.000000    -0.016154     2.618888 
2460500.224602 0.000000 0.000000    -0.019041     2.618887 
2460501.155900 0.000000 0.000000    -0.018473     2.618887 
2460502.087197 0.000000 0.000000    -0.015548     2.618887 
2460503.018495 0.000000 0.000000    -0.011999     2.618887 
2460503.949793 0.000000 0.000000    -0.009129     2.618887 
2460504.881091 0.000000 0.000000    -0.007226     2.618887 
2460505.812389 0.000000 0.000000    -0.005804     2.618887 
2460506.743687 0.000000 0.000000    -0.004330     2.618887 
2460507.674985 0.000000 0.000000    -0.002767     2.618887 
2460508.606282 0.000000 0.000000    -0.001473     2.618887 
2460509.537580 0.000000 0.000000    -0.000627     2.618887 
2460510.468878 0.000000 0.000000     0.000247     2.618887 
2460511.400176 0.000000 0.000000     0.002162     2.618887 
2460512.331474 0.000000 0.000000     0.005952     2.618887 
2460513.262772 0.000000 0.000000     0.011504     2.618887 
2460514.194070 0.000000 0.000000     0.017537     2.618887 
2460515.125367 0.000000 0.000000     0.022179     2.618887 
2460516.056665 0.000000 0.000000     0.023965     2.618887 
2460516.987963 0.000000 0.000000     0.022588     2.618887 
2460517.919261 0.000000 0.000000     0.018928     2.618888 
2460518.850559 0.000000 0.000000     0.014393     2.618889 
2460519.781857 0.000000 0.000000     0.010075     2.618889 
2460520.713155 0.000000 0.000000     0.006313     2.618890 
2460521.644452 0.000000 0.000000     0.002860     2.618890 
2460522.575750 0.000000 0.000000    -0.000568     2.618890 
2460523.507048 0.000000 0.000000    -0.003844     2.618890 
2460524.438346 0.000000 0.000000    -0.006431     2.618890 
2460525.369644 0.000000 0.000000    -0.007768     2.618890 
2460526.300942 0.000000 0.000000    -0.007705     2.618890 
2460527.232239 0.000000 0.000000    -0.006631     2.618890 
2460528.163537 0.000000 0.000000    -0.005217     2.618890 
2460529.094835 0.000000 0.000000    -0.004008     2.618890 
2460530.026133 0.000000 0.000000    -0.003159     2.618890 
2460530.957431 0.000000 0.000000    -0.002505     2.618890 
2460531.888729 0.000000 0.000000    -0.001842     2.618890 
2460532.820027 0.000000 0.000000    -0.001144     2.618890 
2460533.751324 0.000000 0.000000    -0.000552     2.618890 
2460534.682622 0.000000 0.000000    -0.000152     2.618890 
2460535.613920 0.000000 0.000000     0.000231     2.618890 
2460536.545218 0.000000 0.000000     0.001007     2.618890 
2460537.476516 0.000000 0.000000     0.002550     2.618890 
2460538.407814 0.000000 0.000000     0.004862     2.618890 
2460539.339112 0.000000 0.000000     0.007448     2.618890 
2460540.270409 0.000000 0.000000     0.009515     2.618890 
2460541.201707 0.000000 0.000000     0.010375     2.618890 
2460542.133005 0.000000 0.000000     0.009808     2.618890 
2460543.064303 0.000000 0.000000     0.008140     2.618890 
2460543.995601 0.000000 0.000000     0.006013     2.618890 
2460544.926899 0.000000 0.000000     0.004014     2.618890 
2460545.858196 0.000000 0.000000     0.002416     2.618890 
2460546.789494 0.000000 0.000000     0.001164     2.618890 
2460547.720792 0.000000 0.000000     0.000067     2.618890 
2460548.652090 0.000000 0.000000    -0.000975     2.618890 
2460549.583388 0.000000 0.000000    -0.001879     2.618890 
2460550.514686 0.000000 0.000000    -0.002462     2.618890 
2460551.445984 0.000000 0.000000    -0.002608     2.618890 
2460552.377281 0.000000 0.000000    -0.002370     2.618890 
2460553.308579 0.000000 0.000000    -0.001938     2.618890 
2460554.239877 0.000000 0.000000    -0.001513     2.618890 
2460555.171175 0.000000 0.000000    -0.001190     2.618890 
2460556.102473 0.000000 0.000000    -0.000940     2.618890 
2460557.033771 0.000000 0.000000    -0.000689     2.618890 
2460557.965069 0.000000 0.000000    -0.000412     2.618890 
2460558.896366 0.000000 0.000000    -0.000154     2.618890 
2460559.827664 0.000000 0.000000     0.000030     2.618890 
2460560.758962 0.000000 0.000000     0.000166     2.618890 
2460561.690260 0.000000 0.000000     0.000383     2.618890 
2460562.621558 0.000000 0.000000     0.000843     2.618890 
2460563.552856 0.000000 0.000000     0.001603     2.618890 
2460564.484153 0.000000 0.000000     0.002530     2.618890 
2460565.415451 0.000000 0.000000     0.003333     2.618890 
2460566.346749 0.000000 0.000000     0.003710     2.618890 
2460567.278047 0.000000 0.000000     0.003517     2.618890 
2460568.209345 0.000000 0.000000     0.002849     2.618890 
2460569.140643 0.000000 0.000000     0.001980     2.618890 
2460570.071941 0.000000 0.000000     0.001200     2.618890 
2460571.003238 0.000000 0.000000     0.000669     2.618890 
2460571.934536 0.000000 0.000000     0.000361     2.618890 
2460572.865834 0.000000 0.000000     0.000140     2.618890 
2460573.797132 0.000000 0.000000    -0.000122     2.618890 
2460574.728430 0.000000 0.000000    -0.000443     2.618890 
2460575.659728 0.000000 0.000000    -0.000742     2.618890 
2460576.591026 0.000000 0.000000    -0.000912     2.618890 
2460577.522323 0.000000 0.000000    -0.000909     2.618890 
2460578.453621 0.000000 0.000000    -0.000780     2.618890 
2460579.384919 0.000000 0.000000    -0.000616     2.618890 
2460580.316217 0.000000 0.000000    -0.000486     2.618890 
2460581.247515 0.000000 0.000000    -0.000393     2.618890 
2460582.178813 0.000000 0.000000    -0.000302     2.618890 
2460583.110111 0.000000 0.000000    -0.000183     2.618890 
2460584.041408 0.000000 0.000000    -0.000052     2.618890 
2460584.972706 0.000000 0.000000     0.000046     2.618890 
2460585.904004 0.000000 0.000000     0.000091     2.618890 
2460586.835302 0.000000 0.000000     0.000121     2.618890 
2460587.766600 0.000000 0.000000     0.000220     2.618890 
2460588.697898 0.000000 0.000000     0.000453     2.618890 
2460589.629195 0.000000 0.000000     0.000799     2.618890 
2460590.560493 0.000000 0.000000     0.001141     2.618890 
2460591.491791 0.000000 0.000000     0.001327     2.618890 
2460592.423089 0.000000 0.000000     0.001269     2.618890 
2460593.354387 0.000000 0.000000     0.000995     2.618890 
2460594.285685 0.000000 0.000000     0.000638     2.618890 
2460595.216983 0.000000 0.000000     0.000343     2.618890 
2460596.148280 0.000000 0.000000     0.000184     2.618890 
2460597.079578 0.000000 0.000000     0.000124     2.618890 
2460598.010876 0.000000 0.000000     0.000062     2.618890 
2460598.942174 0.000000 0.000000    -0.000080     2.618890 
2460599.873472 0.000000 0.000000    -0.000298     2.618890 
2460600.804770 0.000000 0.000000    -0.000515     2.618890 
2460601.736068 0.000000 0.000000    -0.000640     2.618890 
2460602.667365 0.000000 0.000000    -0.000634     2.618890 
2460603.598663 0.000000 0.000000    -0.000534     2.618890 
2460604.529961 0.000000 0.000000    -0.000413     2.618890 
2460605.461259 0.000000 0.000000    -0.000326     2.618890 
2460606.392557 0.000000 0.000000    -0.000274     2.618890 
2460607.323855 0.000000 0.000000    -0.000223     2.618890 
2460608.255152 0.000000 0.000000    -0.000148     2.618890 
2460609.186450 0.000000 0.000000    -0.000059     2.618890 
2460610.117748 0.000000 0.000000     0.000009     2.618890 
2460611.049046 0.000000 0.000000     0.000034     2.618890 
2460611.980344 0.000000 0.000000     0.000041     2.618890 
2460612.911642 0.000000 0.000000     0.000091     2.618890 
2460613.842940 0.000000 0.000000     0.000235     2.618890 
2460614.774237 0.000000 0.000000     0.000463     2.618890 
2460615.705535 0.000000 0.000000     0.000694     2.618890 
2460616.636833 0.000000 0.000000     0.000828     2.618890 
2460617.568131 0.000000 0.000000     0.000805     2.618890 
2460618.499429 0.000000 0.000000     0.000650     2.618890 
2460619.430727 0.000000 0.000000     0.000449     2.618890 
2460620.362025 0.000000 0.000000     0.000287     2.618890 
2460621.293322 0.000000 0.000000     0.000191     2.618890 
2460622.224620 0.000000 0.000000     0.000120     2.618890 
2460623.155918 0.000000 0.000000     0.000005     2.618890 
2460624.087216 0.000000 0.000000    -0.000185     2.618890 
2460625.018514 0.000000 0.000000    -0.000414     2.618890 
2460625.949812 0.000000 0.000000    -0.000601     2.618890 
2460626.881109 0.000000 0.000000    -0.000676     2.618890 
2460627.812407 0.000000 0.000000    -0.000628     2.618890 
2460628.743705 0.000000 0.000000    -0.000507     2.618890 
2460629.675003 0.000000 0.000000    -0.000383     2.618890 
2460630.606301 0.000000 0.000000    -0.000300     2.618890 
2460631.537599 0.000000 0.000000    -0.000253     2.618890 
2460632.468897 0.000000 0.000000    -0.000208     2.618890 
2460633.400194 0.000000 0.000000    -0.000145     2.618890 
2460634.331492 0.000000 0.000000    -0.000074     2.618890 
2460635.262790 0.000000 0.000000    -0.000021     2.618890 
2460636.194088 0.000000 0.000000     0.000003     2.618890 
2460637.125386 0.000000 0.000000     0.000026     2.618890 
2460638.056684 0.000000 0.000000     0.000101     2.618890 
2460638.987982 0.000000 0.000000     0.000259     2.618890 
2460639.919279 0.000000 0.000000     0.000479     2.618890 
2460640.850577 0.000000 0.000000     0.000690     2.618890 
2460641.781875 0.000000 0.000000     0.000808     2.618890 
2460642.713173 0.000000 0.000000     0.000794     2.618890 
2460643.644471 0.000000 0.000000     0.000673     2.618890 
2460644.575769 0.000000 0.000000     0.000512     2.618890 
2460645.507067 0.000000 0.000000     0.000372     2.618890 
2460646.438364 0.000000 0.000000     0.000262     2.618890 
2460647.369662 0.000000 0.000000     0.000150     2.618890 
2460648.300960 0.000000 0.000000    -0.000008     2.618890 
2460649.232258 0.000000 0.000000    -0.000217     2.618890 
2460650.163556 0.000000 0.000000    -0.000431     2.618890 
2460651.094854 0.000000 0.000000    -0.000582     2.618890 
2460652.026151 0.000000 0.000000    -0.000623     2.618890 
2460652.957449 0.000000 0.000000    -0.000559     2.618890 
2460653.888747 0.000000 0.000000    -0.000442     2.618890 
2460654.820045 0.000000 0.000000    -0.000332     2.618890 
2460655.751343 0.000000 0.000000    -0.000259     2.618890 
2460656.682641 0.000000 0.000000    -0.000215     2.618890 
2460657.613939 0.000000 0.000000    -0.000175     2.618890 
2460658.545236 0.000000 0.000000    -0.000124     2.618890 
2460659.476534 0.000000 0.000000    -0.000070     2.618890 
2460660.407832 0.000000 0.000000    -0.000031     2.618890 
2460661.339130 0.000000 0.000000    -0.000008     2.618890 
2460662.270428 0.000000 0.000000     0.000024     2.618890 
2460663.201726 0.000000 0.000000     0.000107     2.618890 
2460664.133024 0.000000 0.000000     0.000259     2.618890 
2460665.064321 0.000000 0.000000     0.000456     2.618890 
2460665.995619 0.000000 0.000000     0.000635     2.618890 
2460666.926917 0.000000 0.000000     0.000734     2.618890 
2460667.858215 0.000000 0.000000     0.000725     2.618890 
2460668.789513 0.000000 0.000000     0.000629     2.618890 
2460669.720811 0.000000 0.000000     0.000496     2.618890 
2460670.652108 0.000000 0.000000     0.000370     2.618890 
2460671.583406 0.000000 0.000000     0.000261     2.618890 
2460672.514704 0.000000 0.000000     0.000145     2.618890 
2460673.446002 0.000000 0.000000     0.000000     2.618890 
2460674.377300 0.000000 0.000000    -0.000171     2.618890 
2460675.308598 0.000000 0.000000    -0.000333     2.618890 
2460676.239896 0.000000 0.000000    -0.000439     2.618890 
2460677.171193 0.000000 0.000000    -0.000460     2.618890 
2460678.102491 0.000000 0.000000    -0.000408     2.618890 
2460679.033789 0.000000 0.000000    -0.000321     2.618890 
2460679.965087 0.000000 0.000000    -0.000241     2.618890 
2460680.896385 0.000000 0.000000    -0.000187     2.618890 
2460681.827683 0.000000 0.000000    -0.000154     2.618890 
2460682.758981 0.000000 0.000000    -0.000123     2.618890 
2460683.690278 0.000000 0.000000    -0.000087     2.618890 
2460684.621576 0.000000 0.000000    -0.000009          nan 
