# time model 
2455007.429878 0.000060 
2455008.361176 0.000012 
2455009.292474 -0.000080 
2455010.223771 -0.000189 
2455011.155069 -0.000272 
2455012.086367 -0.000306 
2455013.017665 -0.000313 
2455013.948963 -0.000343 
2455014.880261 -0.000436 
2455015.811558 -0.000582 
2455016.742856 -0.000727 
2455017.674154 -0.000814 
2455018.605452 -0.000833 
2455019.536750 -0.000826 
2455020.468048 -0.000862 
2455021.399346 -0.000968 
2455022.330643 -0.001107 
2455023.261941 -0.001191 
2455024.193239 -0.001142 
2455025.124537 -0.000954 
2455026.055835 -0.000693 
2455026.987133 -0.000457 
2455027.918431 -0.000312 
2455028.849728 -0.000256 
2455029.781026 -0.000237 
2455030.712324 -0.000209 
2455031.643622 -0.000168 
2455032.574920 -0.000149 
2455033.506218 -0.000189 
2455034.437515 -0.000284 
2455035.368813 -0.000386 
2455036.300111 -0.000440 
2455037.231409 -0.000432 
2455038.162707 -0.000398 
2455039.094005 -0.000399 
2455040.025303 -0.000465 
2455040.956600 -0.000578 
2455041.887898 -0.000680 
2455042.819196 -0.000732 
2455043.750494 -0.000741 
2455044.681792 -0.000759 
2455045.613090 -0.000836 
2455046.544388 -0.000971 
2455047.475685 -0.001110 
2455048.406983 -0.001178 
2455049.338281 -0.001138 
2455050.269579 -0.001018 
2455051.200877 -0.000883 
2455052.132175 -0.000793 
2455053.063472 -0.000756 
2455053.994770 -0.000739 
2455054.926068 -0.000700 
2455055.857366 -0.000629 
2455056.788664 -0.000553 
2455057.719962 -0.000510 
2455058.651260 -0.000516 
2455059.582557 -0.000546 
2455060.513855 -0.000562 
2455061.445153 -0.000540 
2455062.376451 -0.000485 
2455063.307749 -0.000422 
2455064.239047 -0.000369 
2455065.170345 -0.000324 
2455066.101642 -0.000280 
2455067.032940 -0.000243 
2455067.964238 -0.000238 
2455068.895536 -0.000285 
2455069.826834 -0.000375 
2455070.758132 -0.000464 
2455071.689430 -0.000502 
2455072.620727 -0.000481 
2455073.552025 -0.000450 
2455074.483323 -0.000483 
2455075.414621 -0.000618 
2455076.345919 -0.000819 
2455077.277217 -0.000990 
2455078.208514 -0.001047 
2455079.139812 -0.000982 
2455080.071110 -0.000862 
2455081.002408 -0.000776 
2455081.933706 -0.000763 
2455082.865004 -0.000779 
2455083.796302 -0.000751 
2455084.727599 -0.000646 
2455085.658897 -0.000511 
2455086.590195 -0.000426 
2455087.521493 -0.000425 
2455088.452791 -0.000444 
2455089.384089 -0.000373 
2455090.315387 -0.000155 
2455091.246684 0.000135 
2455092.177982 0.000322 
2455093.109280 0.000275 
2455094.040578 0.000028 
2455094.971876 -0.000212 
2455095.903174 -0.000211 
2455096.834471 0.000093 
2455097.765769 0.000514 
2455098.697067 0.000731 
2455099.628365 0.000528 
2455100.559663 -0.000019 
2455101.490961 -0.000580 
2455102.422259 -0.000800 
2455103.353556 -0.000566 
2455104.284854 -0.000087 
2455105.216152 0.000271 
2455106.147450 0.000270 
2455107.078748 -0.000021 
2455108.010046 -0.000312 
2455108.941344 -0.000353 
2455109.872641 -0.000150 
2455110.803939 0.000042 
2455111.735237 -0.000039 
2455112.666535 -0.000407 
2455113.597833 -0.000795 
2455114.529131 -0.000881 
2455115.460428 -0.000595 
2455116.391726 -0.000229 
2455117.323024 -0.000215 
2455118.254322 -0.000741 
2455119.185620 -0.001533 
2455120.116918 -0.002011 
2455121.048216 -0.001740 
2455121.979513 -0.000813 
2455122.910811 0.000158 
2455123.842109 0.000498 
2455124.773407 0.000015 
2455125.704705 -0.000796 
2455126.636003 -0.001086 
2455127.567301 -0.000300 
2455128.498598 0.001372 
2455129.429896 0.003097 
2455130.361194 0.003988 
2455131.292492 0.003733 
2455132.223790 0.002763 
2455133.155088 0.001849 
2455134.086386 0.001460 
2455135.017683 0.001428 
2455135.948981 0.001178 
2455136.880279 0.000298 
2455137.811577 -0.001051 
2455138.742875 -0.002267 
2455139.674173 -0.002868 
2455140.605470 -0.002984 
2455141.536768 -0.003299 
2455142.468066 -0.004453 
2455143.399364 -0.006394 
2455144.330662 -0.008268 
2455145.261960 -0.009024 
2455146.193258 -0.008272 
2455147.124555 -0.006679 
2455148.055853 -0.005497 
2455148.987151 -0.005533 
2455149.918449 -0.006390 
2455150.849747 -0.006619 
2455151.781045 -0.004778 
2455152.712343 -0.000598 
2455153.643640 0.004657 
2455154.574938 0.008944 
2455155.506236 0.010773 
2455156.437534 0.010102 
2455157.368832 0.008148 
2455158.300130 0.006313 
2455159.231427 0.005129 
2455160.162725 0.004063 
2455161.094023 0.002248 
2455162.025321 -0.000559 
2455162.956619 -0.003677 
2455163.887917 -0.006144 
2455164.819215 -0.007692 
2455165.750512 -0.009130 
2455166.681810 -0.011694 
2455167.613108 -0.015849 
2455168.544406 -0.020618 
2455169.475704 -0.024125 
2455170.407002 -0.025041 
2455171.338300 -0.023740 
2455172.269597 -0.022127 
2455173.200895 -0.022089 
2455174.132193 -0.023761 
2455175.063491 -0.025036 
2455175.994789 -0.022898 
2455176.926087 -0.015679 
2455177.857384 -0.004547 
2455178.788682 0.006973 
2455179.719980 0.015133 
2455180.651278 0.018203 
2455181.582576 0.017155 
2455182.513874 0.014425 
2455183.445172 0.011850 
2455184.376469 0.009500 
2455185.307767 0.006213 
2455186.239065 0.001204 
2455187.170363 -0.004836 
2455188.101661 -0.010200 
2455189.032959 -0.013791 
2455189.964257 -0.016380 
2455190.895554 -0.020205 
2455191.826852 -0.027039 
2455192.758150 -0.036345 
2455193.689448 -0.045224 
2455194.620746 -0.050472 
2455195.552044 -0.051182 
2455196.483342 -0.049685 
2455197.414639 -0.049786 
2455198.345937 -0.053484 
2455199.277235 -0.058763 
2455200.208533 -0.060430 
2455201.139831 -0.053642 
2455202.071129 -0.037592 
2455203.002426 -0.016543 
2455203.933724 0.002654 
2455204.865022 0.014740 
2455205.796320 0.018833 
2455206.727618 0.017910 
2455207.658916 0.015681 
2455208.590214 0.013582 
2455209.521511 0.010287 
2455210.452809 0.003867 
2455211.384107 -0.005569 
2455212.315405 -0.015306 
2455213.246703 -0.022174 
2455214.178001 -0.025527 
2455215.109299 -0.028272 
2455216.040596 -0.034711 
2455216.971894 -0.046793 
2455217.903192 -0.061955 
2455218.834490 -0.074660 
2455219.765788 -0.080690 
2455220.697086 -0.080730 
2455221.628383 -0.080110 
2455222.559681 -0.084489 
2455223.490979 -0.094749 
2455224.422277 -0.105238 
2455225.353575 -0.107131 
2455226.284873 -0.094647 
2455227.216171 -0.069482 
2455228.147468 -0.040072 
2455229.078766 -0.016199 
2455230.010064 -0.003032 
2455230.941362 0.001018 
2455231.872660 0.001379 
2455232.803958 0.002105 
2455233.735256 0.002776 
2455234.666553 -0.000135 
2455235.597851 -0.008977 
2455236.529149 -0.021765 
2455237.460447 -0.033134 
2455238.391745 -0.038712 
2455239.323043 -0.039097 
2455240.254340 -0.039767 
2455241.185638 -0.046709 
2455242.116936 -0.061259 
2455243.048234 -0.078612 
2455243.979532 -0.091496 
2455244.910830 -0.096177 
2455245.842128 -0.095774 
2455246.773425 -0.097885 
2455247.704723 -0.108138 
2455248.636021 -0.124806 
2455249.567319 -0.139006 
2455250.498617 -0.140665 
2455251.429915 -0.125796 
2455252.361213 -0.099518 
2455253.292510 -0.072526 
2455254.223808 -0.053843 
2455255.155106 -0.045439 
2455256.086404 -0.042607 
2455257.017702 -0.039234 
2455257.949000 -0.033303 
2455258.880298 -0.028113 
2455259.811595 -0.028576 
2455260.742893 -0.036103 
2455261.674191 -0.046697 
2455262.605489 -0.053897 
2455263.536787 -0.054021 
2455264.468085 -0.049150 
2455265.399382 -0.045306 
2455266.330680 -0.047424 
2455267.261978 -0.055445 
2455268.193276 -0.064805 
2455269.124574 -0.070766 
2455270.055872 -0.072733 
2455270.987170 -0.074729 
2455271.918467 -0.081639 
2455272.849765 -0.094500 
2455273.781063 -0.108984 
2455274.712361 -0.118459 
2455275.643659 -0.119070 
2455276.574957 -0.112583 
2455277.506255 -0.104668 
2455278.437552 -0.100208 
2455279.368850 -0.099653 
2455280.300148 -0.099380 
2455281.231446 -0.095438 
2455282.162744 -0.087233 
2455283.094042 -0.077948 
2455284.025339 -0.071576 
2455284.956637 -0.069449 
2455285.887935 -0.069383 
2455286.819233 -0.067979 
2455287.750531 -0.063643 
2455288.681829 -0.057394 
2455289.613127 -0.050888 
2455290.544424 -0.044023 
2455291.475722 -0.034968 
2455292.407020 -0.022977 
2455293.338318 -0.011110 
2455294.269616 -0.005418 
2455295.200914 -0.010230 
2455296.132212 -0.023282 
2455297.063509 -0.035656 
2455297.994807 -0.037946 
2455298.926105 -0.028419 
2455299.857403 -0.016189 
2455300.788701 -0.015590 
2455301.719999 -0.035134 
2455302.651297 -0.069654 
2455303.582594 -0.102582 
2455304.513892 -0.117465 
2455305.445190 -0.109997 
2455306.376488 -0.090805 
2455307.307786 -0.076447 
2455308.239084 -0.075914 
2455309.170381 -0.083935 
2455310.101679 -0.086824 
2455311.032977 -0.075755 
2455311.964275 -0.055547 
2455312.895573 -0.040623 
2455313.826871 -0.041162 
2455314.758169 -0.051932 
2455315.689466 -0.054962 
2455316.620764 -0.035386 
2455317.552062 0.002788 
2455318.483360 0.036026 
2455319.414658 0.038943 
2455320.345956 0.007117 
2455321.277254 -0.034777 
2455322.208551 -0.049140 
2455323.139849 -0.015461 
2455324.071147 0.049734 
2455325.002445 0.101268 
2455325.933743 0.098375 
2455326.865041 0.037749 
2455327.796338 -0.040401 
2455328.727636 -0.080258 
2455329.658934 -0.052027 
2455330.590232 0.025180 
2455331.521530 0.097891 
2455332.452828 0.119246 
2455333.384126 0.083788 
2455334.315423 0.028181 
2455335.246721 -0.002142 
2455336.178019 0.008009 
2455337.109317 0.032119 
2455338.040615 0.027788 
2455338.971913 -0.022834 
2455339.903211 -0.094232 
2455340.834508 -0.138616 
2455341.765806 -0.130033 
2455342.697104 -0.092397 
2455343.628402 -0.083688 
2455344.559700 -0.145799 
2455345.490998 -0.261653 
2455346.422295 -0.359217 
2455347.353593 -0.364857 
2455348.284891 -0.265298 
2455349.216189 -0.125639 
2455350.147487 -0.043152 
2455351.078785 -0.069257 
2455352.010083 -0.161817 
2455352.941380 -0.209883 
2455353.872678 -0.116535 
2455354.803976 0.122856 
2455355.735274 0.409249 
2455356.666572 0.606708 
2455357.597870 0.636759 
2455358.529168 0.527400 
2455359.460465 0.380104 
2455360.391763 0.284228 
2455361.323061 0.249922 
2455362.254359 0.213155 
2455363.185657 0.104416 
2455364.116955 -0.081741 
2455365.048253 -0.279042 
2455365.979550 -0.411310 
2455366.910848 -0.468061 
2455367.842146 -0.522732 
2455368.773444 -0.670586 
2455369.704742 -0.935782 
2455370.636040 -1.230467 
2455371.567337 -1.410201 
2455372.498635 -1.388123 
2455373.429933 -1.213663 
2455374.361231 -1.042410 
2455375.292529 -1.010484 
2455376.223827 -1.110322 
2455377.155125 -1.173355 
2455378.086422 -0.985527 
2455379.017720 -0.454472 
2455379.949018 0.300429 
2455380.880316 1.009487 
2455381.811614 1.423643 
2455382.742912 1.467200 
2455383.674210 1.259553 
2455384.605507 0.997676 
2455385.536805 0.800398 
2455386.468103 0.640050 
2455387.399401 0.407758 
2455388.330699 0.043242 
2455389.261997 -0.392962 
2455390.193294 -0.771869 
2455391.124592 -1.024679 
2455392.055890 -1.225236 
2455392.987188 -1.539322 
2455393.918486 -2.072349 
2455394.849784 -2.746381 
2455395.781082 -3.325958 
2455396.712379 -3.590659 
2455397.643677 -3.519483 
2455398.574975 -3.324927 
2455399.506273 -3.287103 
2455400.437571 -3.505732 
2455401.368869 -3.771319 
2455402.300167 -3.678141 
2455403.231464 -2.914188 
2455404.162762 -1.515050 
2455405.094060 0.116062 
2455406.025358 1.446091 
2455406.956656 2.134014 
2455407.887954 2.200313 
2455408.819251 1.931061 
2455409.750549 1.613787 
2455410.681847 1.327573 
2455411.613145 0.949098 
2455412.544443 0.343736 
2455413.475741 -0.448618 
2455414.407039 -1.212461 
2455415.338336 -1.747889 
2455416.269634 -2.078732 
2455417.200932 -2.472639 
2455418.132230 -3.226376 
2455419.063528 -4.384621 
2455419.994826 -5.642256 
2455420.926124 -6.543876 
2455421.857421 -6.841945 
2455422.788719 -6.718685 
2455423.720017 -6.661962 
2455424.651315 -7.060059 
2455425.582613 -7.825816 
2455426.513911 -8.367257 
2455427.445209 -7.966020 
2455428.376506 -6.301141 
2455429.307804 -3.724820 
2455430.239102 -1.073725 
2455431.170400 0.848413 
2455432.101698 1.731983 
2455433.032996 1.835416 
2455433.964293 1.653730 
2455434.895591 1.480343 
2455435.826889 1.224055 
2455436.758187 0.606025 
2455437.689485 -0.471727 
2455438.620783 -1.739919 
2455439.552081 -2.743903 
2455440.483378 -3.243619 
2455441.414676 -3.469299 
2455442.345974 -3.975699 
2455443.277272 -5.181831 
2455444.208570 -6.974992 
2455445.139868 -8.736121 
2455446.071166 -9.805859 
2455447.002463 -10.028804 
2455447.933761 -9.914191 
2455448.865059 -10.239213 
2455449.796357 -11.378011 
2455450.727655 -12.891254 
2455451.658953 -13.736445 
2455452.590250 -12.979628 
2455453.521548 -10.483908 
2455454.452846 -7.050284 
2455455.384144 -3.901596 
2455456.315442 -1.903963 
2455457.246740 -1.110097 
2455458.178038 -0.935818 
2455459.109335 -0.771311 
2455460.040633 -0.498609 
2455460.971931 -0.500232 
2455461.903229 -1.195357 
2455462.834527 -2.544423 
2455463.765825 -3.980179 
2455464.697123 -4.842546 
2455465.628420 -4.944582 
2455466.559718 -4.766639 
2455467.491016 -5.083479 
2455468.422314 -6.317791 
2455469.353612 -8.164866 
2455470.284910 -9.822874 
2455471.216207 -10.656913 
2455472.147505 -10.746196 
2455473.078803 -10.839606 
2455474.010101 -11.725838 
2455474.941399 -13.517834 
2455475.872697 -15.444127 
2455476.803995 -16.344805 
2455477.735292 -15.503739 
2455478.666590 -13.173565 
2455479.597888 -10.391423 
2455480.529186 -8.244098 
2455481.460484 -7.164083 
2455482.391782 -6.785165 
2455483.323080 -6.414410 
2455484.254377 -5.684609 
2455485.185675 -4.839790 
2455486.116973 -4.449629 
2455487.048271 -4.841018 
2455487.979569 -5.757708 
2455488.910867 -6.538856 
2455489.842165 -6.648961 
2455490.773462 -6.094995 
2455491.704760 -5.381283 
2455492.636058 -5.064667 
2455493.567356 -5.312833 
2455494.498654 -5.842960 
2455495.429952 -6.262118 
2455496.361249 -6.471567 
2455497.292547 -6.755534 
2455498.223845 -7.480187 
2455499.155143 -8.695102 
2455500.086441 -10.020709 
2455501.017739 -10.939266 
2455501.949037 -11.230293 
2455502.880334 -11.151994 
2455503.811632 -11.197414 
2455504.742930 -11.641817 
2455505.674228 -12.289368 
2455506.605526 -12.644975 
2455507.536824 -12.350266 
2455508.468122 -11.487546 
2455509.399419 -10.486502 
2455510.330717 -9.739383 
2455511.262015 -9.292290 
2455512.193313 -8.888228 
2455513.124611 -8.286238 
2455514.055909 -7.513228 
2455514.987206 -6.783708 
2455515.918504 -6.173620 
2455516.849802 -5.413026 
2455517.781100 -4.078680 
2455518.712398 -2.073197 
2455519.643696 0.060713 
2455520.574994 1.374727 
2455521.506291 1.216305 
2455522.437589 -0.154747 
2455523.368887 -1.614432 
2455524.300185 -1.967029 
2455525.231483 -0.918985 
2455526.162781 0.558067 
2455527.094079 0.841453 
2455528.025376 -1.157720 
2455528.956674 -5.136247 
2455529.887972 -9.545710 
2455530.819270 -12.645675 
2455531.750568 -13.651268 
2455532.681866 -13.101289 
2455533.613163 -12.216587 
2455534.544461 -11.835043 
2455535.475759 -11.820672 
2455536.407057 -11.397392 
2455537.338355 -10.042349 
2455538.269653 -8.092665 
2455539.200951 -6.489639 
2455540.132248 -5.873448 
2455541.063546 -5.859451 
2455541.994844 -5.217191 
2455542.926142 -2.900035 
2455543.857440 0.911342 
2455544.788738 4.691244 
2455545.720036 6.600754 
2455546.651333 5.922321 
2455547.582631 3.738688 
2455548.513929 2.228452 
2455549.445227 3.035426 
2455550.376525 5.942115 
2455551.307823 8.896309 
2455552.239121 9.419307 
2455553.170418 6.360274 
2455554.101716 0.695241 
2455555.033014 -5.189923 
2455555.964312 -9.137199 
2455556.895610 -10.520641 
2455557.826908 -10.300201 
2455558.758205 -9.935064 
2455559.689503 -10.137842 
2455560.620801 -10.479551 
2455561.552099 -10.063826 
2455562.483397 -8.568728 
2455563.414695 -6.678062 
2455564.345993 -5.502211 
2455565.277290 -5.507645 
2455566.208588 -5.938529 
2455567.139886 -5.318023 
2455568.071184 -2.687738 
2455569.002482 1.432887 
2455569.933780 5.222527 
2455570.865078 6.828282 
2455571.796375 5.781328 
2455572.727673 3.437115 
2455573.658971 2.044642 
2455574.590269 3.108417 
2455575.521567 6.263447 
2455576.452865 9.499486 
2455577.384162 10.551661 
2455578.315460 8.417843 
2455579.246758 3.919938 
2455580.178056 -1.005685 
2455581.109354 -4.653437 
2455582.040652 -6.498764 
2455582.971950 -7.142378 
2455583.903247 -7.478141 
2455584.834545 -7.879547 
2455585.765843 -8.064717 
2455586.697141 -7.637006 
2455587.628439 -6.701043 
2455588.559737 -5.924823 
2455589.491035 -5.955607 
2455590.422332 -6.715630 
2455591.353630 -7.257512 
2455592.284928 -6.406228 
2455593.216226 -3.732078 
2455594.147524 -0.065846 
2455595.078822 2.921020 
2455596.010120 3.826273 
2455596.941417 2.513935 
2455597.872715 0.250740 
2455598.804013 -1.135234 
2455599.735311 -0.473152 
2455600.666609 2.012777 
2455601.597907 4.923810 
2455602.529204 6.639618 
2455603.460502 6.292775 
2455604.391800 4.125561 
2455605.323098 1.108957 
2455606.254396 -1.766707 
2455607.185694 -3.976920 
2455608.116992 -5.466775 
2455609.048289 -6.350565 
2455609.979587 -6.684595 
2455610.910885 -6.522417 
2455611.842183 -6.120737 
2455612.773481 -5.982653 
2455613.704779 -6.573292 
2455614.636077 -7.884314 
2455615.567374 -9.239300 
2455616.498672 -9.603510 
2455617.429970 -8.267800 
2455618.361268 -5.435707 
2455619.292566 -2.249700 
2455620.223864 -0.170162 
2455621.155161 -0.092426 
2455622.086459 -1.792909 
2455623.017757 -4.075385 
2455623.949055 -5.506605 
2455624.880353 -5.243078 
2455625.811651 -3.429568 
2455626.742949 -0.982373 
2455627.674246 1.011665 
2455628.605544 1.849443 
2455629.536842 1.413777 
2455630.468140 0.022846 
2455631.399438 -1.847384 
2455632.330736 -3.747120 
2455633.262034 -5.299969 
2455634.193331 -6.226120 
2455635.124629 -6.442556 
2455636.055927 -6.191483 
2455636.987225 -6.027899 
2455637.918523 -6.552698 
2455638.849821 -7.990642 
2455639.781118 -9.904377 
2455640.712416 -11.316842 
2455641.643714 -11.255398 
2455642.575012 -9.406733 
2455643.506310 -6.435571 
2455644.437608 -3.703127 
2455645.368906 -2.516333 
2455646.300203 -3.369583 
2455647.231501 -5.664177 
2455648.162799 -8.081489 
2455649.094097 -9.358654 
2455650.025395 -8.968181 
2455650.956693 -7.298740 
2455651.887991 -5.288947 
2455652.819288 -3.817917 
2455653.750586 -3.265326 
2455654.681884 -3.472097 
2455655.613182 -4.024369 
2455656.544480 -4.585136 
2455657.475778 -5.036609 
2455658.407076 -5.403460 
2455659.338373 -5.712539 
2455660.269671 -5.957867 
2455661.200969 -6.190528 
2455662.132267 -6.594360 
2455663.063565 -7.397036 
2455663.994863 -8.624778 
2455664.926160 -9.899612 
2455665.857458 -10.514656 
2455666.788756 -9.839506 
2455667.720054 -7.827255 
2455668.651352 -5.243639 
2455669.582650 -3.370198 
2455670.513948 -3.288081 
2455671.445245 -5.179777 
2455672.376543 -8.133824 
2455673.307841 -10.634028 
2455674.239139 -11.452435 
2455675.170437 -10.371129 
2455676.101735 -8.255403 
2455677.033033 -6.436678 
2455677.964330 -5.834395 
2455678.895628 -6.415676 
2455679.826926 -7.337708 
2455680.758224 -7.627114 
2455681.689522 -6.882879 
2455682.620820 -5.507934 
2455683.552117 -4.350128 
2455684.483415 -4.070262 
2455685.414713 -4.722785 
2455686.346011 -5.823484 
2455687.277309 -6.776860 
2455688.208607 -7.273814 
2455689.139905 -7.349679 
2455690.071202 -7.126493 
2455691.002500 -6.553047 
2455691.933798 -5.445556 
2455692.865096 -3.827001 
2455693.796394 -2.234418 
2455694.727692 -1.617735 
2455695.658990 -2.767172 
2455696.590287 -5.639181 
2455697.521585 -9.131716 
2455698.452883 -11.594453 
2455699.384181 -11.814526 
2455700.315479 -9.811575 
2455701.246777 -6.850909 
2455702.178074 -4.621668 
2455703.109372 -4.138103 
2455704.040670 -5.137408 
2455704.971968 -6.388371 
2455705.903266 -6.655078 
2455706.834564 -5.587984 
2455707.765862 -3.899037 
2455708.697159 -2.743411 
2455709.628457 -2.829556 
2455710.559755 -3.947291 
2455711.491053 -5.228458 
2455712.422351 -5.858902 
2455713.353649 -5.631841 
2455714.284947 -4.923703 
2455715.216244 -4.199249 
2455716.147542 -3.554089 
2455717.078840 -2.736303 
2455718.010138 -1.619715 
2455718.941436 -0.647951 
2455719.872734 -0.744497 
2455720.804032 -2.636890 
2455721.735329 -6.098306 
2455722.666627 -9.777847 
2455723.597925 -11.886800 
2455724.529223 -11.328522 
2455725.460521 -8.455873 
2455726.391819 -4.866768 
2455727.323116 -2.356049 
2455728.254414 -1.780997 
2455729.185712 -2.657247 
2455730.117010 -3.729141 
2455731.048308 -4.009685 
2455731.979606 -3.457920 
2455732.910904 -2.807194 
2455733.842201 -2.776845 
2455734.773499 -3.391588 
2455735.704797 -3.996109 
2455736.636095 -3.918842 
2455737.567393 -3.159895 
2455738.498691 -2.455420 
2455739.429989 -2.627378 
2455740.361286 -3.782659 
2455741.292584 -5.100957 
2455742.223882 -5.470650 
2455743.155180 -4.487224 
2455744.086478 -2.958990 
2455745.017776 -2.415312 
2455745.949073 -3.925164 
2455746.880371 -7.142630 
2455747.811669 -10.376517 
2455748.742967 -11.698571 
2455749.674265 -10.278608 
2455750.605563 -6.938602 
2455751.536861 -3.521040 
2455752.468158 -1.587446 
2455753.399456 -1.457819 
2455754.330754 -2.278732 
2455755.262052 -2.948670 
2455756.193350 -3.053018 
2455757.124648 -3.022479 
2455758.055946 -3.454700 
2455758.987243 -4.293759 
2455759.918541 -4.689158 
2455760.849839 -3.738971 
2455761.781137 -1.491984 
2455762.712435 0.728187 
2455763.643733 1.103288 
2455764.575030 -1.303815 
2455765.506328 -5.661990 
2455766.437626 -9.757783 
2455767.368924 -11.463763 
2455768.300222 -10.220694 
2455769.231520 -7.405685 
2455770.162818 -5.291548 
2455771.094115 -5.380808 
2455772.025413 -7.369237 
2455772.956711 -9.488860 
2455773.888009 -9.908045 
2455774.819307 -8.079076 
2455775.750605 -5.028301 
2455776.681903 -2.461321 
2455777.613200 -1.477056 
2455778.544498 -1.916950 
2455779.475796 -2.774168 
2455780.407094 -3.190186 
2455781.338392 -3.126811 
2455782.269690 -3.161755 
2455783.200988 -3.673547 
2455784.132285 -4.237765 
2455785.063583 -3.869284 
2455785.994881 -1.975598 
2455786.926179 0.800683 
2455787.857477 2.670480 
2455788.788775 1.815549 
2455789.720072 -2.234644 
2455790.651370 -8.029596 
2455791.582668 -12.944785 
2455792.513966 -14.785631 
2455793.445264 -13.130688 
2455794.376562 -9.477567 
2455795.307860 -6.130873 
2455796.239157 -4.669193 
2455797.170455 -5.076466 
2455798.101753 -6.067695 
2455799.033051 -6.239339 
2455799.964349 -5.122214 
2455800.895647 -3.391513 
2455801.826945 -2.197261 
2455802.758242 -2.235083 
2455803.689540 -3.290033 
2455804.620838 -4.527410 
2455805.552136 -5.191473 
2455806.483434 -5.102675 
2455807.414732 -4.593956 
2455808.346029 -4.040732 
2455809.277327 -3.468984 
2455810.208625 -2.610333 
2455811.139923 -1.338880 
2455812.071221 -0.059071 
2455813.002519 0.368207 
2455813.933817 -0.811661 
2455814.865114 -3.599320 
2455815.796412 -7.029879 
2455816.727710 -9.619569 
2455817.659008 -10.207515 
2455818.590306 -8.631902 
2455819.521604 -5.791898 
2455820.452902 -3.075519 
2455821.384199 -1.556014 
2455822.315497 -1.477042 
2455823.246795 -2.303474 
2455824.178093 -3.215550 
2455825.109391 -3.661167 
2455826.040689 -3.613400 
2455826.971986 -3.438857 
2455827.903284 -3.552244 
2455828.834582 -4.129151 
2455829.765880 -5.043488 
2455830.697178 -6.005819 
2455831.628476 -6.754349 
2455832.559774 -7.160494 
2455833.491071 -7.212706 
2455834.422369 -6.938828 
2455835.353667 -6.351904 
2455836.284965 -5.460186 
2455837.216263 -4.319849 
2455838.147561 -3.076750 
2455839.078859 -1.954562 
2455840.010156 -1.183198 
2455840.941454 -0.899101 
2455841.872752 -1.070311 
2455842.804050 -1.495156 
2455843.735348 -1.892006 
2455844.666646 -2.046980 
2455845.597944 -1.941254 
2455846.529241 -1.773655 
2455847.460539 -1.845942 
2455848.391837 -2.365487 
2455849.323135 -3.285758 
2455850.254433 -4.295405 
2455851.185731 -4.976993 
2455852.117028 -5.043648 
2455853.048326 -4.507264 
2455853.979624 -3.677550 
2455854.910922 -3.003779 
2455855.842220 -2.866296 
2455856.773518 -3.434495 
2455857.704816 -4.635923 
2455858.636113 -6.197450 
2455859.567411 -7.697498 
2455860.498709 -8.618593 
2455861.430007 -8.449424 
2455862.361305 -6.878060 
2455863.292603 -4.027761 
2455864.223901 -0.586040 
2455865.155198 2.329027 
2455866.086496 3.590194 
2455867.017794 2.596018 
2455867.949092 -0.378102 
2455868.880390 -4.248130 
2455869.811688 -7.612648 
2455870.742985 -9.413232 
2455871.674283 -9.398884 
2455872.605581 -8.143389 
2455873.536879 -6.630923 
2455874.468177 -5.671815 
2455875.399475 -5.485798 
2455876.330773 -5.663240 
2455877.262070 -5.483233 
2455878.193368 -4.378922 
2455879.124666 -2.292556 
2455880.055964 0.246301 
2455880.987262 2.333811 
2455881.918560 3.084142 
2455882.849858 2.032633 
2455883.781155 -0.608958 
2455884.712453 -3.952153 
2455885.643751 -6.713764 
2455886.575049 -7.707074 
2455887.506347 -6.368057 
2455888.437645 -3.087252 
2455889.368943 0.840558 
2455890.300240 3.685912 
2455891.231538 4.005697 
2455892.162836 1.296125 
2455893.094134 -3.742800 
2455894.025432 -9.480357 
2455894.956730 -14.050614 
2455895.888027 -16.139652 
2455896.819325 -15.487365 
2455897.750623 -12.876891 
2455898.681921 -9.648673 
2455899.613219 -7.010054 
2455900.544517 -5.493778 
2455901.475815 -4.816667 
2455902.407112 -4.169998 
2455903.338410 -2.757213 
2455904.269708 -0.289478 
2455905.201006 2.806012 
2455906.132304 5.554575 
2455907.063602 6.887246 
2455907.994900 6.161653 
2455908.926197 3.511298 
2455909.857495 -0.137981 
2455910.788793 -3.405577 
2455911.720091 -5.020778 
2455912.651389 -4.384793 
2455913.582687 -1.883459 
2455914.513984 1.210640 
2455915.445282 3.240506 
2455916.376580 2.877842 
2455917.307878 -0.266964 
2455918.239176 -5.431701 
2455919.170474 -11.007347 
2455920.101772 -15.230380 
2455921.033069 -16.930005 
2455921.964367 -15.964766 
2455922.895665 -13.147732 
2455923.826963 -9.734856 
2455924.758261 -6.778765 
2455925.689559 -4.697372 
2455926.620857 -3.252473 
2455927.552154 -1.882231 
2455928.483452 -0.142963 
2455929.414750 2.003091 
2455930.346048 4.179111 
2455931.277346 5.807402 
2455932.208644 6.386345 
2455933.139941 5.693211 
2455934.071239 3.866453 
2455935.002537 1.388495 
2455935.933835 -1.011991 
2455936.865133 -2.552677 
2455937.796431 -2.688292 
2455938.727729 -1.418198 
2455939.659026 0.565002 
2455940.590324 2.056021 
2455941.521622 1.857439 
2455942.452920 -0.585668 
2455943.384218 -4.804687 
2455944.315516 -9.454843 
2455945.246814 -12.958812 
2455946.178111 -14.286974 
2455947.109409 -13.404783 
2455948.040707 -11.125373 
2455948.972005 -8.500128 
2455949.903303 -6.182571 
2455950.834601 -4.189984 
2455951.765899 -2.171752 
2455952.697196 0.086480 
2455953.628494 2.348709 
2455954.559792 4.047600 
2455955.491090 4.713444 
2455956.422388 4.338736 
2455957.353686 3.370658 
2455958.284983 2.347781 
2455959.216281 1.503847 
2455960.147579 0.687867 
2455961.078877 -0.332206 
2455962.010175 -1.467856 
2455962.941473 -2.210720 
2455963.872771 -1.994162 
2455964.804068 -0.761992 
2455965.735366 0.743922 
2455966.666664 1.299150 
2455967.597962 -0.027320 
2455968.529260 -3.178635 
2455969.460558 -7.035237 
2455970.391856 -10.062015 
2455971.323153 -11.235823 
2455972.254451 -10.588606 
2455973.185749 -8.988830 
2455974.117047 -7.367734 
2455975.048345 -6.018956 
2455975.979643 -4.521825 
2455976.910940 -2.319366 
2455977.842238 0.560890 
2455978.773536 3.278952 
2455979.704834 4.680381 
2455980.636132 4.147295 
2455981.567430 2.116033 
2455982.498728 -0.179741 
2455983.430025 -1.566455 
2455984.361323 -1.725564 
2455985.292621 -1.303820 
2455986.223919 -1.263773 
2455987.155217 -2.014278 
2455988.086515 -3.041449 
2455989.017813 -3.352844 
2455989.949110 -2.377044 
2455990.880408 -0.572931 
2455991.811706 0.779538 
2455992.743004 0.480486 
2455993.674302 -1.688457 
2455994.605600 -4.769364 
2455995.536897 -7.294885 
2455996.468195 -8.295477 
2455997.399493 -7.869019 
2455998.330791 -6.901802 
2455999.262089 -6.218149 
2456000.193387 -5.884486 
2456001.124685 -5.241267 
2456002.055982 -3.614980 
2456002.987280 -1.087717 
2456003.918578 1.352356 
2456004.849876 2.445940 
2456005.781174 1.594891 
2456006.712472 -0.655560 
2456007.643770 -2.982209 
2456008.575067 -4.219572 
2456009.506365 -4.137487 
2456010.437663 -3.468227 
2456011.368961 -3.197716 
2456012.300259 -3.717435 
2456013.231557 -4.522857 
2456014.162855 -4.680574 
2456015.094152 -3.657404 
2456016.025450 -1.822792 
2456016.956748 -0.218307 
2456017.888046 0.210342 
2456018.819344 -0.701713 
2456019.750642 -2.268882 
2456020.681939 -3.523059 
2456021.613237 -3.937474 
2456022.544535 -3.732628 
2456023.475833 -3.562822 
2456024.407131 -3.892359 
2456025.338429 -4.597215 
2456026.269727 -5.103713 
2456027.201024 -4.911319 
2456028.132322 -4.038414 
2456029.063620 -3.022377 
2456029.994918 -2.497108 
2456030.926216 -2.718254 
2456031.857514 -3.423300 
2456032.788812 -4.108213 
2456033.720109 -4.451849 
2456034.651407 -4.521694 
2456035.582705 -4.613655 
2456036.514003 -4.905340 
2456037.445301 -5.249124 
2456038.376599 -5.283860 
2456039.307896 -4.749354 
2456040.239194 -3.712732 
2456041.170492 -2.508171 
2456042.101790 -1.456508 
2456043.033088 -0.625847 
2456043.964386 0.152398 
2456044.895684 1.036001 
2456045.826981 1.928316 
2456046.758279 2.469920 
2456047.689577 2.285343 
2456048.620875 1.277788 
2456049.552173 -0.276523 
2456050.483471 -1.906629 
2456051.414769 -3.237902 
2456052.346066 -4.154153 
2456053.277364 -4.723406 
2456054.208662 -5.001037 
2456055.139960 -4.927335 
2456056.071258 -4.428531 
2456057.002556 -3.615355 
2456057.933853 -2.854337 
2456058.865151 -2.584734 
2456059.796449 -2.992560 
2456060.727747 -3.813904 
2456061.659045 -4.467940 
2456062.590343 -4.456629 
2456063.521641 -3.730063 
2456064.452938 -2.714411 
2456065.384236 -1.954451 
2456066.315534 -1.638393 
2456067.246832 -1.390361 
2456068.178130 -0.527019 
2456069.109428 1.384243 
2456070.040726 4.079100 
2456070.972023 6.617559 
2456071.903321 7.896757 
2456072.834619 7.320689 
2456073.765917 5.173576 
2456074.697215 2.449816 
2456075.628513 0.268375 
2456076.559811 -0.730836 
2456077.491108 -0.631033 
2456078.422406 -0.020641 
2456079.353704 0.472955 
2456080.285002 0.552756 
2456081.216300 0.304532 
2456082.147598 -0.025739 
2456083.078895 -0.295707 
2456084.010193 -0.550637 
2456084.941491 -0.890139 
2456085.872789 -1.274296 
2456086.804087 -1.472877 
2456087.735385 -1.228297 
2456088.666683 -0.503506 
2456089.597980 0.411811 
2456090.529278 1.069568 
2456091.460576 1.216489 
2456092.391874 1.063961 
2456093.323172 1.224516 
2456094.254470 2.291653 
2456095.185768 4.323172 
2456096.117065 6.614026 
2456097.048363 7.993124 
2456097.979661 7.525977 
2456098.910959 5.188395 
2456099.842257 2.034712 
2456100.773555 -0.319639 
2456101.704852 -0.625006 
2456102.636150 1.245959 
2456103.567448 4.213357 
2456104.498746 6.647010 
2456105.430044 7.339631 
2456106.361342 6.159649 
2456107.292640 3.978882 
2456108.223937 1.982910 
2456109.155235 0.892861 
2456110.086533 0.648127 
2456111.017831 0.712661 
2456111.949129 0.678328 
2456112.880427 0.631700 
2456113.811725 0.985253 
2456114.743022 1.952788 
2456115.674320 3.170993 
2456116.605618 3.856043 
2456117.536916 3.417993 
2456118.468214 2.024725 
2456119.399512 0.591781 
2456120.330810 0.121684 
2456121.262107 0.877866 
2456122.193405 2.080120 
2456123.124703 2.444560 
2456124.056001 1.218078 
2456124.987299 -1.088434 
2456125.918597 -2.894880 
2456126.849894 -2.611161 
2456127.781192 0.189119 
2456128.712490 4.362075 
2456129.643788 7.884508 
2456130.575086 9.152480 
2456131.506384 7.945964 
2456132.437682 5.389410 
2456133.368979 3.014389 
2456134.300277 1.694711 
2456135.231575 1.257421 
2456136.162873 0.972605 
2456137.094171 0.400701 
2456138.025469 -0.175421 
2456138.956767 -0.094531 
2456139.888064 0.908787 
2456140.819362 2.237065 
2456141.750660 2.746296 
2456142.681958 1.632644 
2456143.613256 -0.847760 
2456144.544554 -3.463515 
2456145.475851 -4.880188 
2456146.407149 -4.639229 
2456147.338447 -3.452681 
2456148.269745 -2.570535 
2456149.201043 -2.734659 
2456150.132341 -3.571225 
2456151.063639 -3.911376 
2456151.994936 -2.768756 
2456152.926234 -0.173212 
2456153.857532 2.805628 
2456154.788830 4.837918 
2456155.720128 5.265389 
2456156.651426 4.448575 
2456157.582724 3.312748 
2456158.514021 2.542676 
2456159.445319 2.125271 
2456160.376617 1.581954 
2456161.307915 0.605134 
2456162.239213 -0.528522 
2456163.170511 -1.162367 
2456164.101808 -0.891439 
2456165.033106 -0.025237 
2456165.964404 0.576703 
2456166.895702 0.193665 
2456167.827000 -1.129997 
2456168.758298 -2.579370 
2456169.689596 -3.214655 
2456170.620893 -2.729381 
2456171.552191 -1.673446 
2456172.483489 -0.948473 
2456173.414787 -1.012636 
2456174.346085 -1.487785 
2456175.277383 -1.515343 
2456176.208681 -0.554367 
2456177.139978 1.078073 
2456178.071276 2.410966 
2456179.002574 2.612901 
2456179.933872 1.702351 
2456180.865170 0.559363 
2456181.796468 0.213469 
2456182.727766 1.001647 
2456183.659063 2.305612 
2456184.590361 3.087417 
2456185.521659 2.764849 
2456186.452957 1.683535 
2456187.384255 0.793773 
2456188.315553 0.823709 
2456189.246850 1.668847 
2456190.178148 2.524015 
2456191.109446 2.636975 
2456192.040744 2.021132 
2456192.972042 1.495350 
2456193.903340 1.996966 
2456194.834638 3.744401 
2456195.765935 5.967659 
2456196.697233 7.454692 
2456197.628531 7.476580 
2456198.559829 6.333925 
2456199.491127 5.079791 
2456200.422425 4.655003 
2456201.353723 5.149268 
2456202.285020 5.783667 
2456203.216318 5.605716 
2456204.147616 4.308395 
2456205.078914 2.504735 
2456206.010212 1.256546 
2456206.941510 1.264717 
2456207.872807 2.377043 
2456208.804105 3.775756 
2456209.735403 4.643743 
2456210.666701 4.750805 
2456211.597999 4.520221 
2456212.529297 4.592065 
2456213.460595 5.290951 
2456214.391892 6.423677 
2456215.323190 7.507701 
2456216.254488 8.173174 
2456217.185786 8.388968 
2456218.117084 8.374089 
2456219.048382 8.345544 
2456219.979680 8.360572 
2456220.910977 8.367903 
2456221.842275 8.359122 
2456222.773573 8.425435 
2456223.704871 8.645978 
2456224.636169 8.928656 
2456225.567467 8.991936 
2456226.498764 8.547526 
2456227.430062 7.543345 
2456228.361360 6.249699 
2456229.292658 5.098418 
2456230.223956 4.401386 
2456231.155254 4.180947 
2456232.086552 4.241161 
2456233.017849 4.391998 
2456233.949147 4.610245 
2456234.880445 4.999226 
2456235.811743 5.616085 
2456236.743041 6.367862 
2456237.674339 7.101928 
2456238.605637 7.800810 
2456239.536934 8.650515 
2456240.468232 9.844088 
2456241.399530 11.248620 
2456242.330828 12.259488 
2456243.262126 12.077251 
2456244.193424 10.298295 
2456245.124722 7.386691 
2456246.056019 4.593530 
2456246.987317 3.267395 
2456247.918615 3.985349 
2456248.849913 6.132191 
2456249.781211 8.272483 
2456250.712509 9.084209 
2456251.643806 8.196064 
2456252.575104 6.335713 
2456253.506402 4.714418 
2456254.437700 4.142201 
2456255.368998 4.542030 
2456256.300296 5.183001 
2456257.231594 5.373243 
2456258.162891 5.014677 
2456259.094189 4.586722 
2456260.025487 4.636185 
2456260.956785 5.265211 
2456261.888083 6.079900 
2456262.819381 6.626049 
2456263.750679 6.883739 
2456264.681976 7.324257 
2456265.613274 8.422001 
2456266.544572 10.029238 
2456267.475870 11.206740 
2456268.407168 10.769366 
2456269.338466 8.205185 
2456270.269763 4.256908 
2456271.201061 0.645849 
2456272.132359 -0.949171 
2456273.063657 0.038859 
2456273.994955 2.713415 
2456274.926253 5.332807 
2456275.857551 6.447226 
2456276.788848 5.748093 
2456277.720146 4.076751 
2456278.651444 2.682864 
2456279.582742 2.346892 
2456280.514040 2.998300 
2456281.445338 4.004403 
2456282.376636 4.775176 
2456283.307933 5.151114 
2456284.239231 5.317137 
2456285.170529 5.436057 
2456286.101827 5.418049 
2456287.033125 5.061610 
2456287.964423 4.405760 
2456288.895720 3.897592 
2456289.827018 4.127558 
2456290.758316 5.291683 
2456291.689614 6.840065 
2456292.620912 7.680322 
2456293.552210 6.873055 
2456294.483508 4.334682 
2456295.414805 1.009205 
2456296.346103 -1.654015 
2456297.277401 -2.565852 
2456298.208699 -1.608881 
2456299.139997 0.396720 
2456300.071295 2.283546 
2456301.002593 3.224035 
2456301.933890 3.065279 
2456302.865188 2.198511 
2456303.796486 1.201119 
2456304.727784 0.570868 
2456305.659082 0.666580 
2456306.590380 1.716450 
2456307.521678 3.713984 
2456308.452975 6.224093 
2456309.384273 8.343328 
2456310.315571 9.034950 
2456311.246869 7.753890 
2456312.178167 4.942143 
2456313.109465 1.943950 
2456314.040762 0.263603 
2456314.972060 0.608989 
2456315.903358 2.401375 
2456316.834656 4.147655 
2456317.765954 4.445906 
2456318.697252 2.910350 
2456319.628550 0.354826 
2456320.559847 -1.861140 
2456321.491145 -2.787518 
2456322.422443 -2.411572 
2456323.353741 -1.423428 
2456324.285039 -0.524009 
2456325.216337 0.078531 
2456326.147635 0.576887 
2456327.078932 1.063899 
2456328.010230 1.213958 
2456328.941528 0.567310 
2456329.872826 -0.776444 
2456330.804124 -1.751759 
2456331.735422 -0.789016 
2456332.666719 2.989966 
2456333.598017 8.720495 
2456334.529315 13.856591 
2456335.460613 15.566133 
2456336.391911 12.615111 
2456337.323209 6.374160 
2456338.254507 0.097861 
2456339.185804 -3.131647 
2456340.117102 -2.374428 
2456341.048400 0.698032 
2456341.979698 3.157486 
2456342.910996 2.965065 
2456343.842294 0.307377 
2456344.773592 -2.812709 
2456345.704889 -4.292950 
2456346.636187 -3.532564 
2456347.567485 -1.672818 
2456348.498783 -0.406914 
2456349.430081 -0.472959 
2456350.361379 -1.153059 
2456351.292676 -1.171014 
2456352.223974 -0.113362 
2456353.155272 1.002317 
2456354.086570 0.655144 
2456355.017868 -1.484391 
2456355.949166 -3.647352 
2456356.880464 -2.897129 
2456357.811761 2.563368 
2456358.743059 11.467149 
2456359.674357 19.644467 
2456360.605655 22.478126 
2456361.536953 18.037393 
2456362.468251 8.585871 
2456363.399549 -0.763081 
2456364.330846 -5.379577 
2456365.262144 -4.068797 
2456366.193442 0.463961 
2456367.124740 3.879976 
2456368.056038 3.424735 
2456368.987336 -0.314354 
2456369.918634 -4.293995 
2456370.849931 -5.646094 
2456371.781229 -3.873076 
2456372.712527 -0.926417 
2456373.643825 0.699887 
2456374.575123 0.118966 
2456375.506421 -1.394443 
2456376.437718 -1.830777 
2456377.369016 -0.494413 
2456378.300314 1.231680 
2456379.231612 1.183591 
2456380.162910 -1.299900 
2456381.094208 -4.173530 
2456382.025506 -3.851602 
2456382.956803 1.934788 
2456383.888101 11.817709 
2456384.819399 21.032024 
2456385.750697 24.337736 
2456386.681995 19.615579 
2456387.613293 9.470837 
2456388.544591 -0.419420 
2456389.475888 -5.068207 
2456390.407186 -3.336996 
2456391.338484 1.732502 
2456392.269782 5.488801 
2456393.201080 5.089819 
2456394.132378 1.229246 
2456395.063675 -2.917571 
2456395.994973 -4.437328 
2456396.926271 -2.842067 
2456397.857569 -0.055223 
2456398.788867 1.506555 
2456399.720165 0.985583 
2456400.651463 -0.444785 
2456401.582760 -0.937587 
2456402.514058 0.173014 
2456403.445356 1.720220 
2456404.376654 1.845054 
2456405.307952 -0.089630 
2456406.239250 -2.549742 
2456407.170548 -2.800038 
2456408.101845 0.881688 
2456409.033143 7.531477 
2456409.964441 13.804449 
2456410.895739 16.155543 
2456411.827037 13.301202 
2456412.758335 7.120585 
2456413.689633 1.339279 
2456414.620930 -0.996216 
2456415.552228 0.600215 
2456416.483526 4.086729 
2456417.414824 6.623274 
2456418.346122 6.582453 
2456419.277420 4.391633 
2456420.208717 1.799304 
2456421.140015 0.369741 
2456422.071313 0.447194 
2456423.002611 1.260036 
2456423.933909 1.839161 
2456424.865207 1.848458 
2456425.796505 1.667530 
2456426.727802 1.810620 
2456427.659100 2.322552 
2456428.590398 2.717722 
2456429.521696 2.466710 
2456430.452994 1.533045 
2456431.384292 0.455935 
2456432.315590 -0.078247 
2456433.246887 0.229347 
2456434.178185 1.117903 
2456435.109483 2.066789 
2456436.040781 2.751245 
2456436.972079 3.235631 
2456437.903377 3.773930 
2456438.834674 4.468484 
2456439.765972 5.148971 
2456440.697270 5.581952 
2456441.628568 5.766877 
2456442.559866 5.973678 
2456443.491164 6.437607 
2456444.422462 7.000375 
2456445.353759 7.098201 
2456446.285057 6.206180 
2456447.216355 4.398645 
2456448.147653 2.500375 
2456449.078951 1.596407 
2456450.010249 2.222435 
2456450.941547 3.890686 
2456451.872844 5.391017 
2456452.804142 5.682170 
2456453.735440 4.670719 
2456454.666738 3.227427 
2456455.598036 2.407345 
2456456.529334 2.521534 
2456457.460631 2.866830 
2456458.391929 2.386259 
2456459.323227 0.728153 
2456460.254525 -1.221566 
2456461.185823 -1.873733 
2456462.117121 -0.192013 
2456463.048419 3.332021 
2456463.979716 6.841187 
2456464.911014 8.388027 
2456465.842312 7.376541 
2456466.773610 5.025767 
2456467.704908 3.439951 
2456468.636206 3.972555 
2456469.567504 6.162400 
2456470.498801 8.100632 
2456471.430099 7.964368 
2456472.361397 5.514535 
2456473.292695 2.361515 
2456474.223993 0.765760 
2456475.155291 1.902813 
2456476.086589 4.954687 
2456477.017886 7.740715 
2456477.949184 8.384891 
2456478.880482 6.704111 
2456479.811780 4.240182 
2456480.743078 2.950933 
2456481.674376 3.640379 
2456482.605673 5.390835 
2456483.536971 6.423852 
2456484.468269 5.648773 
2456485.399567 3.607171 
2456486.330865 2.031094 
2456487.262163 2.380485 
2456488.193461 4.570572 
2456489.124758 6.952908 
2456490.056056 7.593178 
2456490.987354 5.825852 
2456491.918652 2.826115 
2456492.849950 0.721082 
2456493.781248 0.935602 
2456494.712546 3.086554 
2456495.643843 5.305459 
2456496.575141 5.731920 
2456497.506439 3.991850 
2456498.437737 1.493486 
2456499.369035 0.317568 
2456500.300333 1.587043 
2456501.231630 4.596957 
2456502.162928 7.367396 
2456503.094226 8.159047 
2456504.025524 6.756775 
2456504.956822 4.546247 
2456505.888120 3.379099 
2456506.819418 4.156906 
2456507.750715 6.233076 
2456508.682013 8.036250 
2456509.613311 8.345372 
2456510.544609 7.174986 
2456511.475907 5.606290 
2456512.407205 4.781600 
2456513.338503 4.937886 
2456514.269800 5.272821 
2456515.201098 4.715509 
2456516.132396 2.924934 
2456517.063694 0.670517 
2456517.994992 -0.722829 
2456518.926290 -0.409480 
2456519.857587 1.302950 
2456520.788885 3.178454 
2456521.720183 3.987489 
2456522.651481 3.406823 
2456523.582779 2.190709 
2456524.514077 1.515272 
2456525.445375 2.044946 
2456526.376672 3.456496 
2456527.307970 4.758573 
2456528.239268 5.106613 
2456529.170566 4.447984 
2456530.101864 3.509890 
2456531.033162 3.188095 
2456531.964460 3.854727 
2456532.895757 5.123042 
2456533.827055 6.204234 
2456534.758353 6.517938 
2456535.689651 6.055249 
2456536.620949 5.244730 
2456537.552247 4.500243 
2456538.483545 3.871968 
2456539.414842 3.094230 
2456540.346140 1.958113 
2456541.277438 0.653681 
2456542.208736 -0.240808 
2456543.140034 -0.138470 
2456544.071332 1.106316 
2456545.002629 3.037143 
2456545.933927 4.851144 
2456546.865225 5.873939 
2456547.796523 5.905657 
2456548.727821 5.218769 
2456549.659119 4.271891 
2456550.590417 3.401231 
2456551.521714 2.715085 
2456552.453012 2.205576 
2456553.384310 1.904761 
2456554.315608 1.907699 
2456555.246906 2.247477 
2456556.178204 2.771939 
2456557.109502 3.180893 
2456558.040799 3.227723 
2456558.972097 2.917444 
2456559.903395 2.510767 
2456560.834693 2.303552 
2456561.765991 2.357089 
2456562.697289 2.420266 
2456563.628586 2.138278 
2456564.559884 1.398241 
2456565.491182 0.527158 
2456566.422480 0.155586 
2456567.353778 0.820566 
2456568.285076 2.593113 
2456569.216374 5.003313 
2456570.147671 7.308281 
2456571.078969 8.891592 
2456572.010267 9.505715 
2456572.941565 9.226068 
2456573.872863 8.233271 
2456574.804161 6.662939 
2456575.735459 4.658658 
2456576.666756 2.535619 
2456577.598054 0.824916 
2456578.529352 0.058809 
2456579.460650 0.406983 
2456580.391948 1.460288 
2456581.323246 2.397176 
2456582.254543 2.481324 
2456583.185841 1.553007 
2456584.117139 0.139397 
2456585.048437 -0.923727 
2456585.979735 -1.091053 
2456586.911033 -0.476619 
2456587.842331 0.291127 
2456588.773628 0.614532 
2456589.704926 0.443037 
2456590.636224 0.350938 
2456591.567522 1.110095 
2456592.498820 3.086377 
2456593.430118 5.922416 
2456594.361416 8.738737 
2456595.292713 10.680832 
2456596.224011 11.386986 
2456597.155309 11.046688 
2456598.086607 10.070727 
2456599.017905 8.703849 
2456599.949203 6.924446 
2456600.880501 4.692599 
2456601.811798 2.278290 
2456602.743096 0.313969 
2456603.674394 -0.548805 
2456604.605692 -0.137200 
2456605.536990 1.008245 
2456606.468288 1.906441 
2456607.399585 1.764017 
2456608.330883 0.507390 
2456609.262181 -1.184019 
2456610.193479 -2.374777 
2456611.124777 -2.526984 
2456612.056075 -1.819543 
2456612.987373 -0.907530 
2456613.918670 -0.333951 
2456614.849968 -0.070656 
2456615.781266 0.449573 
2456616.712564 1.844332 
2456617.643862 4.230696 
2456618.575160 7.046813 
2456619.506458 9.378975 
2456620.437755 10.532300 
2456621.369053 10.409730 
2456622.300351 9.439443 
2456623.231649 8.159277 
2456624.162947 6.824750 
2456625.094245 5.352693 
2456626.025542 3.605422 
2456626.956840 1.724969 
2456627.888138 0.189644 
2456628.819436 -0.487935 
2456629.750734 -0.182467 
2456630.682032 0.663798 
2456631.613330 1.282555 
2456632.544627 1.085130 
2456633.475925 0.055728 
2456634.407223 -1.264924 
2456635.338521 -2.186965 
2456636.269819 -2.351707 
2456637.201117 -1.920902 
2456638.132415 -1.350921 
2456639.063712 -0.957596 
2456639.995010 -0.634161 
2456640.926308 0.050903 
2456641.857606 1.461296 
2456642.788904 3.526537 
2456643.720202 5.697642 
2456644.651499 7.262841 
2456645.582797 7.781665 
2456646.514095 7.314859 
2456647.445393 6.299931 
2456648.376691 5.200111 
2456649.307989 4.214260 
2456650.239287 3.258201 
2456651.170584 2.190364 
2456652.101882 1.057134 
2456653.033180 0.133626 
2456653.964478 -0.276866 
2456654.895776 -0.109955 
2456655.827074 0.360146 
2456656.758372 0.683731 
2456657.689669 0.539609 
2456658.620967 -0.057158 
2456659.552265 -0.801455 
2456660.483563 -1.350148 
2456661.414861 -1.570169 
2456662.346159 -1.585625 
2456663.277457 -1.599566 
2456664.208754 -1.653977 
2456665.140052 -1.540876 
2456666.071350 -0.950022 
2456667.002648 0.259126 
2456667.933946 1.880247 
2456668.865244 3.427052 
2456669.796541 4.404886 
2456670.727839 4.591506 
2456671.659137 4.129262 
2456672.590435 3.378917 
2456673.521733 2.662510 
2456674.453031 2.090680 
2456675.384329 1.583850 
2456676.315626 1.035118 
2456677.246924 0.458672 
2456678.178222 -0.001230 
2456679.109520 -0.195437 
2456680.040818 -0.109218 
2456680.972116 0.109412 
2456681.903414 0.255226 
2456682.834711 0.210892 
2456683.766009 0.006586 
2456684.697307 -0.251324 
2456685.628605 -0.509344 
2456686.559903 -0.827510 
2456687.491201 -1.305756 
2456688.422498 -1.933425 
2456689.353796 -2.499413 
2456690.285094 -2.664570 
2456691.216392 -2.169944 
2456692.147690 -1.036501 
2456693.078988 0.397544 
2456694.010286 1.643769 
2456694.941583 2.328044 
2456695.872881 2.374717 
2456696.804179 1.993992 
2456697.735477 1.500453 
2456698.666775 1.106172 
2456699.598073 0.833025 
2456700.529371 0.582742 
2456701.460668 0.279867 
2456702.391966 -0.040465 
2456703.323264 -0.264393 
2456704.254562 -0.306202 
2456705.185860 -0.185484 
2456706.117158 -0.006224 
2456707.048456 0.135329 
2456707.979753 0.220549 
2456708.911051 0.285110 
2456709.842349 0.323561 
2456710.773647 0.221210 
2456711.704945 -0.197706 
2456712.636243 -1.015078 
2456713.567540 -2.073311 
2456714.498838 -2.975051 
2456715.430136 -3.268934 
2456716.361434 -2.718270 
2456717.292732 -1.470550 
2456718.224030 0.000001 
2456719.155328 1.150084 
2456720.086625 1.657624 
2456721.017923 1.556120 
2456721.949221 1.139333 
2456722.880519 0.725650 
2456723.811817 0.460227 
2456724.743115 0.285195 
2456725.674413 0.068689 
2456726.605710 -0.234904 
2456727.537008 -0.528337 
2456728.468306 -0.652954 
2456729.399604 -0.523965 
2456730.330902 -0.197357 
2456731.262200 0.184319 
2456732.193497 0.508588 
2456733.124795 0.759275 
2456734.056093 0.970318 
2456734.987391 1.115665 
2456735.918689 1.054042 
2456736.849987 0.609432 
2456737.781285 -0.252856 
2456738.712582 -1.297304 
2456739.643880 -2.069445 
2456740.575178 -2.132821 
2456741.506476 -1.346620 
2456742.437774 0.012990 
2456743.369072 1.387989 
2456744.300370 2.250714 
2456745.231667 2.386041 
2456746.162965 1.958834 
2456747.094263 1.338753 
2456748.025561 0.826619 
2456748.956859 0.484709 
2456749.888157 0.178288 
2456750.819454 -0.232910 
2456751.750752 -0.723447 
2456752.682050 -1.090021 
2456753.613348 -1.099002 
2456754.544646 -0.665438 
2456755.475944 0.081562 
2456756.407242 0.890503 
2456757.338539 1.549930 
2456758.269837 1.986586 
2456759.201135 2.233038 
2456760.132433 2.319777 
2456761.063731 2.212300 
2456761.995029 1.865388 
2456762.926327 1.347548 
2456763.857624 0.905886 
2456764.788922 0.874914 
2456765.720220 1.462376 
2456766.651518 2.564563 
2456767.582816 3.767014 
2456768.514114 4.559269 
2456769.445412 4.628793 
2456770.376709 4.029816 
2456771.308007 3.108136 
2456772.239305 2.241870 
2456773.170603 1.593314 
2456774.101901 1.053162 
2456775.033199 0.406422 
2456775.964496 -0.421685 
2456776.895794 -1.238982 
2456777.827092 -1.679900 
2456778.758390 -1.447618 
2456779.689688 -0.521731 
2456780.620986 0.818045 
2456781.552284 2.156951 
2456782.483581 3.167175 
2456783.414879 3.731655 
2456784.346177 3.912688 
2456785.277475 3.836845 
2456786.208773 3.617300 
2456787.140071 3.370464 
2456788.071369 3.272068 
2456789.002666 3.546107 
2456789.933964 4.340709 
2456790.865262 5.567120 
2456791.796560 6.848669 
2456792.727858 7.669502 
2456793.659156 7.659790 
2456794.590453 6.826808 
2456795.521751 5.553313 
2456796.453049 4.343411 
2456797.384347 3.487362 
2456798.315645 2.889608 
2456799.246943 2.192412 
2456800.178241 1.107907 
2456801.109538 -0.290029 
2456802.040836 -1.538938 
2456802.972134 -2.056054 
2456803.903432 -1.512723 
2456804.834730 -0.049537 
2456805.766028 1.811073 
2456806.697326 3.474933 
2456807.628623 4.578608 
2456808.559921 5.086979 
2456809.491219 5.167284 
2456810.422517 4.993096 
2456811.353815 4.658131 
2456812.285113 4.248691 
2456813.216410 3.958087 
2456814.147708 4.077666 
2456815.079006 4.815173 
2456816.010304 6.071969 
2456816.941602 7.390447 
2456817.872900 8.174432 
2456818.804198 8.062569 
2456819.735495 7.181363 
2456820.666793 6.063120 
2456821.598091 5.259531 
2456822.529389 4.928009 
2456823.460687 4.712439 
2456824.391985 4.030065 
2456825.323283 2.563483 
2456826.254580 0.585166 
2456827.185878 -1.145499 
2456828.117176 -1.853748 
2456829.048474 -1.249967 
2456829.979772 0.302956 
2456830.911070 2.062986 
2456831.842368 3.398780 
2456832.773665 4.123659 
2456833.704963 4.449137 
2456834.636261 4.650616 
2456835.567559 4.762750 
2456836.498857 4.572724 
2456837.430155 3.903627 
2456838.361452 2.914692 
2456839.292750 2.119136 
2456840.224048 2.060647 
2456841.155346 2.895103 
2456842.086644 4.231325 
2456843.017942 5.390754 
2456843.949240 5.901703 
2456844.880537 5.835067 
2456845.811835 5.699216 
2456846.743133 5.965048 
2456847.674431 6.603757 
2456848.605729 7.028618 
2456849.537027 6.517541 
2456850.468325 4.801748 
2456851.399622 2.355326 
2456852.330920 0.140894 
2456853.262218 -1.010826 
2456854.193516 -0.921607 
2456855.124814 -0.099683 
2456856.056112 0.715268 
2456856.987409 1.117371 
2456857.918707 1.260003 
2456858.850005 1.584226 
2456859.781303 2.307625 
2456860.712601 3.126533 
2456861.643899 3.401018 
2456862.575197 2.681979 
2456863.506494 1.143518 
2456864.437792 -0.451210 
2456865.369090 -1.246398 
2456866.300388 -0.869237 
2456867.231686 0.366571 
2456868.162984 1.779734 
2456869.094282 2.888336 
2456870.025579 3.751613 
2456870.956877 4.805935 
2456871.888175 6.341286 
2456872.819473 8.073464 
2456873.750771 9.199760 
2456874.682069 8.932083 
2456875.613366 7.101386 
2456876.544664 4.350379 
2456877.475962 1.746080 
2456878.407260 0.098865 
2456879.338558 -0.496639 
2456880.269856 -0.565592 
2456881.201154 -0.713043 
2456882.132451 -1.097626 
2456883.063749 -1.346669 
2456883.995047 -0.964220 
2456884.926345 0.128429 
2456885.857643 1.390310 
2456886.788941 1.987671 
2456887.720239 1.403644 
2456888.651536 -0.152878 
2456889.582834 -1.866109 
2456890.514132 -2.866399 
2456891.445430 -2.783259 
2456892.376728 -1.878531 
2456893.308026 -0.691920 
2456894.239324 0.471954 
2456895.170621 1.769683 
2456896.101919 3.569126 
2456897.033217 5.946816 
2456897.964515 8.381664 
2456898.895813 9.943976 
2456899.827111 9.874278 
2456900.758408 8.117878 
2456901.689706 5.398002 
2456902.621004 2.761714 
2456903.552302 0.937334 
2456904.483600 -0.022565 
2456905.414898 -0.575632 
2456906.346196 -1.178440 
2456907.277493 -1.863925 
2456908.208791 -2.243990 
2456909.140089 -1.910311 
2456910.071387 -0.878288 
2456911.002685 0.309760 
2456911.933983 0.920660 
2456912.865281 0.543823 
2456913.796578 -0.621485 
2456914.727876 -1.922370 
2456915.659174 -2.714263 
2456916.590472 -2.758083 
2456917.521770 -2.255718 
2456918.453068 -1.536944 
2456919.384365 -0.696802 
2456920.315663 0.489844 
2456921.246961 2.297517 
2456922.178259 4.657418 
2456923.109557 6.994942 
2456924.040855 8.473416 
2456924.972153 8.492657 
2456925.903450 7.077746 
2456926.834748 4.866528 
2456927.766046 2.705228 
2456928.697344 1.151550 
2456929.628642 0.238321 
2456930.559940 -0.365679 
2456931.491238 -0.968621 
2456932.422535 -1.569036 
2456933.353833 -1.887567 
2456934.285131 -1.662078 
2456935.216429 -0.939620 
2456936.147727 -0.113865 
2456937.079025 0.325550 
2456938.010322 0.129539 
2456938.941620 -0.553295 
2456939.872918 -1.311333 
2456940.804216 -1.773132 
2456941.735514 -1.831176 
2456942.666812 -1.620537 
2456943.598110 -1.299726 
2456944.529407 -0.844840 
2456945.460705 -0.048940 
2456946.392003 1.263105 
2456947.323301 2.985040 
2456948.254599 4.667079 
2456949.185897 5.720879 
2456950.117195 5.759772 
2456951.048492 4.831382 
2456951.979790 3.376309 
2456952.911088 1.948704 
2456953.842386 0.903560 
2456954.773684 0.264413 
2456955.704982 -0.164582 
2456956.636280 -0.562808 
2456957.567577 -0.930943 
2456958.498875 -1.118419 
2456959.430173 -0.993484 
2456960.361471 -0.597869 
2456961.292769 -0.152898 
2456962.224067 0.085579 
2456963.155364 0.002067 
2456964.086662 -0.313355 
2456965.017960 -0.653002 
2456965.949258 -0.850973 
2456966.880556 -0.881061 
2456967.811854 -0.821036 
2456968.743152 -0.728380 
2456969.674449 -0.546864 
2456970.605747 -0.134363 
2456971.537045 0.603613 
2456972.468343 1.584078 
2456973.399641 2.534335 
2456974.330939 3.122544 
2456975.262237 3.145551 
2456976.193534 2.642973 
2456977.124832 1.860481 
2456978.056130 1.094634 
2456978.987428 0.531794 
2456979.918726 0.186703 
2456980.850024 -0.036273 
2456981.781321 -0.226266 
2456982.712619 -0.390153 
2456983.643917 -0.467911 
2456984.575215 -0.410159 
2456985.506513 -0.242680 
2456986.437811 -0.062054 
2456987.369109 0.030629 
2456988.300406 -0.000473 
2456989.231704 -0.110051 
2456990.163002 -0.218190 
2456991.094300 -0.275360 
2456992.025598 -0.289436 
2456992.956896 -0.294664 
2456993.888194 -0.294688 
2456994.819491 -0.235112 
2456995.750789 -0.036085 
2456996.682087 0.336681 
2456997.613385 0.819557 
2456998.544683 1.263808 
2456999.475981 1.511339 
2457000.407279 1.483010 
2457001.338576 1.219156 
2457002.269874 0.847071 
2457003.201172 0.502297 
2457004.132470 0.259743 
2457005.063768 0.117010 
2457005.995066 0.029708 
2457006.926363 -0.038069 
2457007.857661 -0.088695 
2457008.788959 -0.104124 
2457009.720257 -0.076535 
2457010.651555 -0.024701 
2457011.582853 0.018110 
2457012.514151 0.030712 
2457013.445448 0.018219 
2457014.376746 0.000296 
2457015.308044 -0.013946 
2457016.239342 -0.037509 
2457017.170640 -0.088280 
2457018.101938 -0.156031 
2457019.033236 -0.185882 
2457019.964533 -0.101652 
2457020.895831 0.139893 
2457021.827129 0.502579 
2457022.758427 0.871684 
2457023.689725 1.109640 
2457024.621023 1.132632 
2457025.552320 0.956120 
2457026.483618 0.678209 
2457027.414916 0.414564 
2457028.346214 0.232611 
2457029.277512 0.129815 
2457030.208810 0.064023 
2457031.140108 0.003562 
2457032.071405 -0.046546 
2457033.002703 -0.060451 
2457033.934001 -0.028607 
2457034.865299 0.022923 
2457035.796597 0.051617 
2457036.727895 0.038389 
2457037.659193 0.007748 
2457038.590490 0.003370 
2457039.521788 0.036889 
2457040.453086 0.059351 
2457041.384384 -0.006823 
2457042.315682 -0.188629 
2457043.246980 -0.399021 
2457044.178277 -0.454532 
2457045.109575 -0.183598 
2457046.040873 0.440076 
2457046.972171 1.238564 
2457047.903469 1.902851 
2457048.834767 2.162749 
2457049.766065 1.942926 
2457050.697362 1.397423 
2457051.628660 0.799265 
2457052.559958 0.365849 
2457053.491256 0.144960 
2457054.422554 0.035599 
2457055.353852 -0.088081 
2457056.285150 -0.258451 
2457057.216447 -0.397379 
2457058.147745 -0.405280 
2457059.079043 -0.269182 
2457060.010341 -0.088210 
2457060.941639 0.009274 
2457061.872937 -0.018385 
2457062.804235 -0.088386 
2457063.735532 -0.079270 
2457064.666830 0.030027 
2457065.598128 0.101520 
2457066.529426 -0.060438 
2457067.460724 -0.506039 
2457068.392022 -1.002695 
2457069.323319 -1.109294 
2457070.254617 -0.454285 
2457071.185915 0.963400 
2457072.117213 2.681733 
2457073.048511 3.992947 
2457073.979809 4.348604 
2457074.911107 3.680673 
2457075.842404 2.414520 
2457076.773702 1.167851 
2457077.705000 0.356514 
2457078.636298 -0.011066 
2457079.567596 -0.222134 
2457080.498894 -0.548834 
2457081.430192 -1.002197 
2457082.361489 -1.344661 
2457083.292787 -1.330206 
2457084.224085 -0.949582 
2457085.155383 -0.459772 
2457086.086681 -0.170233 
2457087.017979 -0.177940 
2457087.949276 -0.296453 
2457088.880574 -0.256952 
2457089.811872 -0.008680 
2457090.743170 0.167527 
2457091.674468 -0.119472 
2457092.605766 -0.959842 
2457093.537064 -1.889964 
2457094.468361 -2.070293 
2457095.399659 -0.841079 
2457096.330957 1.724163 
2457097.262255 4.703641 
2457098.193553 6.797689 
2457099.124851 7.098799 
2457100.056149 5.631872 
2457100.987446 3.282849 
2457101.918744 1.174610 
2457102.850042 -0.049419 
2457103.781340 -0.521383 
2457104.712638 -0.849509 
2457105.643936 -1.508421 
2457106.575233 -2.425304 
2457107.506531 -3.079280 
2457108.437829 -2.994768 
2457109.369127 -2.186733 
2457110.300425 -1.171396 
2457111.231723 -0.539200 
2457112.163021 -0.470511 
2457113.094318 -0.628362 
2457114.025616 -0.532704 
2457114.956914 -0.084075 
2457115.888212 0.257590 
2457116.819510 -0.140191 
2457117.750808 -1.409283 
2457118.682106 -2.805930 
2457119.613403 -3.042955 
2457120.544701 -1.185514 
2457121.475999 2.530891 
2457122.407297 6.623071 
2457123.338595 9.173373 
2457124.269893 9.009888 
2457125.201191 6.422278 
2457126.132488 2.898964 
2457127.063786 0.087070 
2457127.995084 -1.255888 
2457128.926382 -1.569267 
2457129.857680 -1.894363 
2457130.788978 -2.907638 
2457131.720275 -4.364798 
2457132.651573 -5.365145 
2457133.582871 -5.163167 
2457134.514169 -3.821828 
2457135.445467 -2.164821 
2457136.376765 -1.094058 
2457137.308063 -0.877061 
2457138.239360 -1.022901 
2457139.170658 -0.844232 
2457140.101956 -0.191475 
2457141.033254 0.327178 
2457141.964552 -0.105873 
2457142.895850 -1.633319 
2457143.827148 -3.290570 
2457144.758445 -3.505986 
2457145.689743 -1.259465 
2457146.621041 2.970060 
2457147.552339 7.263177 
2457148.483637 9.390623 
2457149.414935 8.250732 
2457150.346232 4.574307 
2457151.277530 0.377804 
2457152.208828 -2.427332 
2457153.140126 -3.242690 
2457154.071424 -2.949526 
2457155.002722 -2.990680 
2457155.934020 -4.143163 
2457156.865317 -5.943381 
2457157.796615 -7.158187 
2457158.727913 -6.848139 
2457159.659211 -5.127849 
2457160.590509 -3.028129 
2457161.521807 -1.632264 
2457162.453105 -1.248204 
2457163.384402 -1.309133 
2457164.315700 -1.043575 
2457165.246998 -0.285063 
2457166.178296 0.326824 
2457167.109594 -0.035101 
2457168.040892 -1.474906 
2457168.972189 -3.002359 
2457169.903487 -3.124342 
2457170.834785 -1.016585 
2457171.766083 2.644902 
2457172.697381 5.919080 
2457173.628679 6.824561 
2457174.559977 4.690181 
2457175.491274 0.630343 
2457176.422572 -3.219095 
2457177.353870 -5.143978 
2457178.285168 -4.917626 
2457179.216466 -3.743838 
2457180.147764 -3.195356 
2457181.079062 -4.004127 
2457182.010359 -5.611245 
2457182.941657 -6.742285 
2457183.872955 -6.470907 
2457184.804253 -4.903571 
2457185.735551 -2.990129 
2457186.666849 -1.700125 
2457187.598147 -1.292374 
2457188.529444 -1.266898 
2457189.460742 -0.972707 
2457190.392040 -0.286236 
2457191.323338 0.260263 
2457192.254636 0.018264 
2457193.185934 -1.054931 
2457194.117231 -2.162664 
2457195.048529 -2.198799 
2457195.979827 -0.662660 
2457196.911125 1.784102 
2457197.842423 3.623281 
2457198.773721 3.487462 
2457199.705019 1.142621 
2457200.636316 -2.291544 
2457201.567614 -5.061810 
2457202.498912 -5.923286 
2457203.430210 -4.884994 
2457204.361508 -3.059002 
2457205.292806 -1.786475 
2457206.224104 -1.720877 
2457207.155401 -2.518083 
2457208.086699 -3.275177 
2457209.017997 -3.294233 
2457209.949295 -2.558488 
2457210.880593 -1.606101 
2457211.811891 -0.994483 
2457212.743188 -0.847257 
2457213.674486 -0.847522 
2457214.605784 -0.626815 
2457215.537082 -0.162638 
2457216.468380 0.185285 
2457217.399678 0.031909 
2457218.330976 -0.609783 
2457219.262273 -1.236709 
2457220.193571 -1.216407 
2457221.124869 -0.330934 
2457222.056167 0.943992 
2457222.987465 1.685707 
2457223.918763 1.151393 
2457224.850061 -0.665364 
2457225.781358 -2.960820 
2457226.712656 -4.593063 
2457227.643954 -4.771142 
2457228.575252 -3.492419 
2457229.506550 -1.461244 
2457230.437848 0.402891 
2457231.369145 1.496725 
2457232.300443 1.760446 
2457233.231741 1.521164 
2457234.163039 1.151073 
2457235.094337 0.824937 
2457236.025635 0.521308 
2457236.956933 0.188826 
2457237.888230 -0.118586 
2457238.819528 -0.266738 
2457239.750826 -0.185093 
2457240.682124 0.026889 
2457241.613422 0.150509 
2457242.544720 0.026756 
2457243.476018 -0.290159 
2457244.407315 -0.548819 
2457245.338613 -0.493314 
2457246.269911 -0.089666 
2457247.201209 0.395920 
2457248.132507 0.543442 
2457249.063805 0.059291 
2457249.995103 -1.001053 
2457250.926400 -2.219929 
2457251.857698 -3.022110 
2457252.788996 -2.965454 
2457253.720294 -1.945815 
2457254.651592 -0.218225 
2457255.582890 1.743091 
2457256.514187 3.443171 
2457257.445485 4.522226 
2457258.376783 4.826015 
2457259.308081 4.404373 
2457260.239379 3.468819 
2457261.170677 2.325248 
2457262.101975 1.284686 
2457263.033272 0.565866 
2457263.964570 0.226415 
2457264.895868 0.163409 
2457265.827166 0.191943 
2457266.758464 0.160221 
2457267.689762 0.031061 
2457268.621060 -0.120136 
2457269.552357 -0.183672 
2457270.483655 -0.110695 
2457271.414953 0.041953 
2457272.346251 0.143730 
2457273.277549 0.070567 
2457274.208847 -0.223066 
2457275.140144 -0.679828 
2457276.071442 -1.162201 
2457277.002740 -1.494229 
2457277.934038 -1.499637 
2457278.865336 -1.038162 
2457279.796634 -0.054190 
2457280.727932 1.365896 
2457281.659229 2.963458 
2457282.590527 4.350940 
2457283.521825 5.141690 
2457284.453123 5.116925 
2457285.384421 4.337091 
2457286.315719 3.121460 
2457287.247017 1.895259 
2457288.178314 0.988851 
2457289.109612 0.506472 
2457290.040910 0.335869 
2457290.972208 0.275996 
2457291.903506 0.185280 
2457292.834804 0.050929 
2457293.766102 -0.052039 
2457294.697399 -0.059550 
2457295.628697 0.012802 
2457296.559995 0.082494 
2457297.491293 0.072304 
2457298.422591 -0.028280 
2457299.353889 -0.167039 
2457300.285186 -0.289667 
2457301.216484 -0.394090 
2457302.147782 -0.519267 
2457303.079080 -0.670015 
2457304.010378 -0.745635 
2457304.941676 -0.551843 
2457305.872974 0.084129 
2457306.804271 1.163314 
2457307.735569 2.442673 
2457308.666867 3.513224 
2457309.598165 3.998935 
2457310.529463 3.756495 
2457311.460761 2.947307 
2457312.392059 1.935559 
2457313.323356 1.081852 
2457314.254654 0.567177 
2457315.185952 0.351549 
2457316.117250 0.271487 
2457317.048548 0.186806 
2457317.979846 0.067202 
2457318.911143 -0.029222 
2457319.842441 -0.044289 
2457320.773739 0.011764 
2457321.705037 0.068708 
2457322.636335 0.064807 
2457323.567633 0.005191 
2457324.498931 -0.048090 
2457325.430228 -0.047472 
2457326.361526 -0.025308 
2457327.292824 -0.084217 
2457328.224122 -0.305301 
2457329.155420 -0.642968 
2457330.086718 -0.899899 
2457331.018016 -0.823535 
2457331.949313 -0.272503 
2457332.880611 0.660830 
2457333.811909 1.665574 
2457334.743207 2.367628 
2457335.674505 2.529733 
2457336.605803 2.168949 
2457337.537100 1.521169 
2457338.468398 0.886048 
2457339.399696 0.460983 
2457340.330994 0.268192 
2457341.262292 0.203620 
2457342.193590 0.150269 
2457343.124888 0.064539 
2457344.056185 -0.019172 
2457344.987483 -0.048783 
2457345.918781 -0.015502 
2457346.850079 0.038005 
2457347.781377 0.061919 
2457348.712675 0.047838 
2457349.643973 0.032024 
2457350.575270 0.048078 
2457351.506568 0.073770 
2457352.437866 0.027624 
2457353.369164 -0.168915 
2457354.300462 -0.506601 
2457355.231760 -0.851862 
2457356.163058 -1.000932 
2457357.094355 -0.800220 
2457358.025653 -0.254325 
2457358.956951 0.455487 
2457359.888249 1.061108 
2457360.819547 1.350701 
2457361.750845 1.274408 
2457362.682142 0.949428 
2457363.613440 0.570474 
2457364.544738 0.292047 
2457365.476036 0.159148 
2457366.407334 0.120321 
2457367.338632 0.096693 
2457368.269930 0.047676 
2457369.201227 -0.011802 
2457370.132525 -0.043044 
2457371.063823 -0.027470 
2457371.995121 0.016657 
2457372.926419 0.054328 
2457373.857717 0.066626 
2457374.789015 0.063115 
2457375.720312 0.062063 
2457376.651610 0.058473 
2457377.582908 0.013497 
2457378.514206 -0.118260 
2457379.445504 -0.340889 
2457380.376802 -0.588226 
2457381.308099 -0.743826 
2457382.239397 -0.704519 
2457383.170695 -0.447521 
2457384.101993 -0.054362 
2457385.033291 0.327621 
2457385.964589 0.563281 
2457386.895887 0.597845 
2457387.827184 0.474036 
2457388.758482 0.292401 
2457389.689780 0.146043 
2457390.621078 0.073577 
2457391.552376 0.056002 
2457392.483674 0.050129 
2457393.414972 0.028088 
2457394.346269 -0.005814 
2457395.277567 -0.027707 
2457396.208865 -0.019996 
2457397.140163 0.012791 
2457398.071461 0.049202 
2457399.002759 0.069137 
2457399.934056 0.067399 
2457400.865354 0.051171 
2457401.796652 0.025799 
2457402.727950 -0.015834 
2457403.659248 -0.088342 
2457404.590546 -0.195654 
2457405.521844 -0.315156 
2457406.453141 -0.400097 
2457407.384439 -0.402929 
2457408.315737 -0.305495 
2457409.247035 -0.134942 
2457410.178333 0.047120 
2457411.109631 0.176535 
2457412.040929 0.219482 
2457412.972226 0.185905 
2457413.903524 0.116758 
2457414.834822 0.055748 
2457415.766120 0.025126 
2457416.697418 0.019940 
2457417.628716 0.020890 
2457418.560014 0.013430 
2457419.491311 -0.001450 
2457420.422609 -0.010957 
2457421.353907 -0.003388 
2457422.285205 0.021138 
2457423.216503 0.050143 
2457424.147801 0.067658 
2457425.079098 0.064614 
2457426.010396 0.042831 
2457426.941694 0.010737 
2457427.872992 -0.024257 
2457428.804290 -0.059798 
2457429.735588 -0.096065 
2457430.666886 -0.129867 
2457431.598183 -0.151672 
2457432.529481 -0.149390 
2457433.460779 -0.116853 
2457434.392077 -0.060502 
2457435.323375 0.001472 
2457436.254673 0.047941 
2457437.185971 0.066047 
2457438.117268 0.057387 
2457439.048566 0.035245 
2457439.979864 0.015205 
2457440.911162 0.005860 
2457441.842460 0.005702 
2457442.773758 0.007429 
2457443.705055 0.005555 
2457444.636353 0.001274 
2457445.567651 0.001150 
2457446.498949 0.011120 
2457447.430247 0.030729 
2457448.361545 0.052081 
2457449.292843 0.064255 
2457450.224140 0.059950 
2457451.155438 0.039714 
2457452.086736 0.011182 
2457453.018034 -0.015644 
2457453.949332 -0.033534 
2457454.880630 -0.040365 
2457455.811928 -0.037953 
2457456.743225 -0.029248 
2457457.674523 -0.016438 
2457458.605821 -0.001120 
2457459.537119 0.014415 
2457460.468417 0.026644 
2457461.399715 0.032059 
2457462.331012 0.029375 
2457463.262310 0.020782 
2457464.193608 0.010947 
2457465.124906 0.004224 
2457466.056204 0.002098 
2457466.987502 0.002802 
2457467.918800 0.003391 
2457468.850097 0.002642 
2457469.781395 0.002432 
2457470.712693 0.006417 
2457471.643991 0.016905 
2457472.575289 0.032266 
2457473.506587 0.046919 
2457474.437885 0.054108 
2457475.369182 0.049707 
2457476.300480 0.034611 
2457477.231778 0.014294 
2457478.163076 -0.003989 
2457479.094374 -0.014509 
2457480.025672 -0.015025 
2457480.956970 -0.006743 
2457481.888267 0.007043 
2457482.819565 0.022439 
2457483.750863 0.035832 
2457484.682161 0.044295 
2457485.613459 0.045997 
2457486.544757 0.040819 
2457487.476054 0.030715 
2457488.407352 0.019207 
2457489.338650 0.009899 
2457490.269948 0.004750 
2457491.201246 0.003273 
2457492.132544 0.003293 
2457493.063842 0.002839 
2457493.995139 0.001819 
2457494.926437 0.002215 
2457495.857735 0.006574 
2457496.789033 0.015831 
2457497.720331 0.028039 
2457498.651629 0.038959 
2457499.582927 0.044197 
2457500.514224 0.041512 
2457501.445522 0.031873 
2457502.376820 0.018767 
2457503.308118 0.006405 
2457504.239416 -0.001959 
2457505.170714 -0.004742 
2457506.102011 -0.001806 
2457507.033309 0.006047 
2457507.964607 0.017266 
2457508.895905 0.029426 
2457509.827203 0.039354 
2457510.758501 0.043966 
2457511.689799 0.041651 
2457512.621096 0.033325 
2457513.552394 0.022247 
2457514.483692 0.012411 
2457515.414990 0.006406 
2457516.346288 0.004161 
2457517.277586 0.003523 
2457518.208884 0.002374 
2457519.140181 0.000806 
2457520.071479 0.001686 
2457521.002777 0.008976 
2457521.934075 0.024745 
2457522.865373 0.046872 
2457523.796671 0.069148 
2457524.727968 0.083985 
2457525.659266 0.086179 
2457526.590564 0.075459 
2457527.521862 0.056303 
2457528.453160 0.035317 
2457529.384458 0.017982 
2457530.315756 0.006798 
2457531.247053 0.001630 
2457532.178351 0.001379 
2457533.109649 0.005273 
2457534.040947 0.012716 
2457534.972245 0.022122 
2457535.903543 0.030296 
2457536.834841 0.033507 
2457537.766138 0.029844 
2457538.697436 0.020958 
2457539.628734 0.011367 
2457540.560032 0.005365 
2457541.491330 0.003793 
2457542.422628 0.003639 
2457543.353926 0.001507 
2457544.285223 -0.001252 
2457545.216521 0.003918 
2457546.147819 0.029338 
2457547.079117 0.082705 
2457548.010415 0.158954 
2457548.941713 0.238615 
2457549.873010 0.295283 
2457550.804308 0.308641 
2457551.735606 0.275205 
2457552.666904 0.209852 
2457553.598202 0.137118 
2457554.529500 0.078028 
2457555.460798 0.040997 
2457556.392095 0.021951 
2457557.323393 0.011974 
2457558.254691 0.005585 
2457559.185989 0.003306 
2457560.117287 0.007612 
2457561.048585 0.017194 
2457561.979883 0.025610 
2457562.911180 0.025996 
2457563.842478 0.017439 
2457564.773776 0.006477 
2457565.705074 0.001344 
2457566.636372 0.003768 
2457567.567670 0.006743 
2457568.498967 0.002672 
2457569.430265 -0.003091 
2457570.361563 0.014641 
2457571.292861 0.091415 
2457572.224159 0.249202 
2457573.155457 0.472847 
2457574.086755 0.705200 
2457575.018052 0.868937 
2457575.949350 0.904869 
2457576.880648 0.803598 
2457577.811946 0.609989 
2457578.743244 0.397272 
2457579.674542 0.227771 
2457580.605840 0.125465 
2457581.537137 0.075986 
2457582.468435 0.049449 
2457583.399733 0.026235 
2457584.331031 0.006648 
2457585.262329 0.000712 
2457586.193627 0.011046 
2457587.124925 0.026065 
2457588.056222 0.029612 
2457588.987520 0.016873 
2457589.918818 -0.000121 
2457590.850116 -0.004436 
2457591.781414 0.007007 
2457592.712712 0.017912 
2457593.644009 0.011069 
2457594.575307 -0.000665 
2457595.506605 0.041096 
2457596.437903 0.217839 
2457597.369201 0.578898 
2457598.300499 1.088011 
2457599.231797 1.613575 
2457600.163094 1.979788 
2457601.094392 2.054138 
2457602.025690 1.818174 
2457602.956988 1.375800 
2457603.888286 0.893468 
2457604.819584 0.511543 
2457605.750882 0.283327 
2457606.682179 0.175607 
2457607.613477 0.119759 
2457608.544775 0.069296 
2457609.476073 0.022282 
2457610.407371 0.000426 
2457611.338669 0.012360 
2457612.269966 0.037661 
2457613.201264 0.044870 
2457614.132562 0.023229 
2457615.063860 -0.005515 
2457615.995158 -0.009600 
2457616.926456 0.016654 
2457617.857754 0.041973 
2457618.789051 0.032982 
2457619.720349 0.012468 
2457620.651647 0.087911 
2457621.582945 0.409036 
2457622.514243 1.065249 
2457623.445541 1.988285 
2457624.376839 2.936736 
2457625.308136 3.591700 
2457626.239434 3.716242 
2457627.170732 3.281443 
2457628.102030 2.477994 
2457629.033328 1.606256 
2457629.964626 0.917351 
2457630.895923 0.505917 
2457631.827221 0.312612 
2457632.758519 0.214942 
2457633.689817 0.128410 
2457634.621115 0.046179 
2457635.552413 0.004025 
2457636.483711 0.018002 
2457637.415008 0.056530 
2457638.346306 0.068924 
2457639.277604 0.036842 
2457640.208902 -0.006208 
2457641.140200 -0.010221 
2457642.071498 0.034304 
2457643.002796 0.078943 
2457643.934093 0.070823 
2457644.865391 0.041560 
2457645.796689 0.149999 
2457646.727987 0.617426 
2457647.659285 1.574123 
2457648.590583 2.916698 
2457649.521881 4.289162 
2457650.453178 5.227079 
2457651.384476 5.391156 
2457652.315774 4.746954 
2457653.247072 3.575898 
2457654.178370 2.312548 
2457655.109668 1.316206 
2457656.040965 0.720553 
2457656.972263 0.440405 
2457657.903561 0.301480 
2457658.834859 0.182258 
2457659.766157 0.069137 
2457660.697455 0.008709 
2457661.628753 0.023217 
2457662.560050 0.072447 
2457663.491348 0.090551 
2457664.422646 0.052819 
2457665.353944 0.000950 
2457666.285242 -0.001870 
2457667.216540 0.057107 
2457668.147838 0.118238 
2457669.079135 0.115090 
2457670.010433 0.082220 
2457670.941731 0.205327 
2457671.873029 0.742231 
2457672.804327 1.841177 
2457673.735625 3.376739 
2457674.666922 4.934119 
2457675.598220 5.981713 
2457676.529518 6.140450 
2457677.460816 5.383466 
2457678.392114 4.039560 
2457679.323412 2.602569 
2457680.254710 1.474005 
2457681.186007 0.799527 
2457682.117305 0.481868 
2457683.048603 0.326796 
2457683.979901 0.198308 
2457684.911199 0.077573 
2457685.842497 0.011570 
2457686.773795 0.023757 
2457687.705092 0.073969 
2457688.636390 0.095606 
2457689.567688 0.062798 
2457690.498986 0.015493 
2457691.430284 0.015147 
2457692.361582 0.074717 
2457693.292879 0.137593 
2457694.224177 0.139797 
2457695.155475 0.110429 
2457696.086773 0.216644 
2457697.018071 0.689357 
2457697.949369 1.658028 
2457698.880667 3.006046 
2457699.811964 4.362536 
2457700.743262 5.260570 
2457701.674560 5.375115 
2457702.605858 4.692968 
2457703.537156 3.508172 
2457704.468454 2.251407 
2457705.399752 1.267705 
2457706.331049 0.679689 
2457707.262347 0.402577 
2457708.193645 0.269825 
2457709.124943 0.163857 
2457710.056241 0.065165 
2457710.987539 0.010278 
2457711.918837 0.018870 
2457712.850134 0.060468 
2457713.781432 0.082668 
2457714.712730 0.063292 
2457715.644028 0.030464 
2457716.575326 0.029863 
2457717.506624 0.072385 
2457718.437921 0.117921 
2457719.369219 0.120052 
2457720.300517 0.098158 
2457721.231815 0.169159 
2457722.163113 0.494293 
2457723.094411 1.162772 
2457724.025709 2.091814 
2457724.957006 3.023203 
2457725.888304 3.634763 
2457726.819602 3.704592 
2457727.750900 3.226094 
2457728.682198 2.402655 
2457729.613496 1.530082 
2457730.544794 0.845543 
2457731.476091 0.435158 
2457732.407389 0.243599 
2457733.338687 0.157741 
2457734.269985 0.094463 
2457735.201283 0.035505 
2457736.132581 0.002387 
2457737.063878 0.009421 
2457737.995176 0.039971 
2457738.926474 0.061256 
2457739.857772 0.055994 
2457740.789070 0.036871 
2457741.720368 0.029885 
2457742.651666 0.044480 
2457743.582963 0.062346 
2457744.514261 0.060119 
2457745.445559 0.048466 
2457746.376857 0.090321 
2457747.308155 0.273128 
2457748.239453 0.645989 
2457749.170751 1.164479 
2457750.102048 1.686953 
2457751.033346 2.033595 
2457751.964644 2.076102 
2457752.895942 1.803413 
2457753.827240 1.323714 
2457754.758538 0.804032 
2457755.689835 0.387120 
2457756.621133 0.135130 
2457757.552431 0.026778 
2457758.483729 -0.001980 
2457759.415027 -0.008206 
2457760.346325 -0.015303 
2457761.277623 -0.018588 
2457762.208920 -0.008185 
2457763.140218 0.013714 
2457764.071516 0.033514 
2457765.002814 0.039392 
2457765.934112 0.031920 
2457766.865410 0.021950 
2457767.796708 0.018910 
2457768.728005 0.022003 
2457769.659303 0.024140 
2457770.590601 0.026307 
2457771.521899 0.049071 
2457772.453197 0.127786 
2457773.384495 0.289783 
2457774.315793 0.526899 
2457775.247090 0.783395 
2457776.178388 0.971808 
2457777.109686 1.011794 
2457778.040984 0.871230 
2457778.972282 0.585586 
2457779.903580 0.243513 
2457780.834877 -0.053717 
2457781.766175 -0.236352 
2457782.697473 -0.290327 
2457783.628771 -0.251042 
2457784.560069 -0.174632 
2457785.491367 -0.106344 
2457786.422665 -0.063982 
2457787.353962 -0.041794 
2457788.285260 -0.026203 
2457789.216558 -0.009096 
2457790.147856 0.010073 
2457791.079154 0.030918 
2457792.010452 0.057670 
2457792.941750 0.096206 
2457793.873047 0.144792 
2457794.804345 0.188799 
2457795.735643 0.208175 
2457796.666941 0.195416 
2457797.598239 0.170022 
2457798.529537 0.173846 
2457799.460834 0.244079 
2457800.392132 0.379112 
2457801.323430 0.522637 
2457802.254728 0.583263 
2457803.186026 0.483686 
2457804.117324 0.210953 
2457805.048622 -0.165402 
2457805.979919 -0.522194 
2457806.911217 -0.743186 
2457807.842515 -0.775388 
2457808.773813 -0.648109 
2457809.705111 -0.446642 
2457810.636409 -0.261160 
2457811.567707 -0.143846 
2457812.499004 -0.096418 
2457813.430302 -0.086386 
2457814.361600 -0.072819 
2457815.292898 -0.023005 
2457816.224196 0.083621 
2457817.155494 0.254387 
2457818.086791 0.475899 
2457819.018089 0.704391 
2457819.949387 0.869697 
2457820.880685 0.903946 
2457821.811983 0.785347 
2457822.743281 0.567244 
2457823.674579 0.363123 
2457824.605876 0.284917 
2457825.537174 0.368022 
2457826.468472 0.534001 
2457827.399770 0.623655 
2457828.331068 0.487854 
2457829.262366 0.082129 
2457830.193664 -0.495642 
2457831.124961 -1.050365 
2457832.056259 -1.390555 
2457832.987557 -1.423292 
2457833.918855 -1.189014 
2457834.850153 -0.823416 
2457835.781451 -0.478554 
2457836.712749 -0.252835 
2457837.644046 -0.162486 
2457838.575344 -0.154210 
2457839.506642 -0.137161 
2457840.437940 -0.014917 
2457841.369238 0.285685 
2457842.300536 0.783537 
2457843.231833 1.414605 
2457844.163131 2.027349 
2457845.094429 2.425537 
2457846.025727 2.456027 
2457846.957025 2.100187 
2457847.888323 1.507887 
2457848.819621 0.936384 
2457849.750918 0.615173 
2457850.682216 0.613107 
2457851.613514 0.793142 
2457852.544812 0.890191 
2457853.476110 0.669292 
2457854.407408 0.067999 
2457855.338706 -0.763409 
2457856.270003 -1.544292 
2457857.201301 -2.012696 
2457858.132599 -2.050238 
2457859.063897 -1.717710 
2457859.995195 -1.198306 
2457860.926493 -0.697064 
2457861.857790 -0.354777 
2457862.789088 -0.206685 
2457863.720386 -0.182313 
2457864.651684 -0.130702 
2457865.582982 0.134203 
2457866.514280 0.763715 
2457867.445578 1.788520 
2457868.376875 3.054738 
2457869.308173 4.235668 
2457870.239471 4.946384 
2457871.170769 4.924311 
2457872.102067 4.179750 
2457873.033365 3.016540 
2457873.964663 1.890749 
2457874.895960 1.176771 
2457875.827258 0.976082 
2457876.758556 1.084101 
2457877.689854 1.133391 
2457878.621152 0.821465 
2457879.552450 0.083174 
2457880.483748 -0.888444 
2457881.415045 -1.767497 
2457882.346343 -2.274762 
2457883.277641 -2.302883 
2457884.208939 -1.932507 
2457885.140237 -1.359631 
2457886.071535 -0.795498 
2457887.002832 -0.388847 
2457887.934130 -0.182855 
2457888.865428 -0.097132 
2457889.796726 0.064916 
2457890.728024 0.563012 
2457891.659322 1.607354 
2457892.590620 3.216371 
2457893.521917 5.124555 
2457894.453215 6.824364 
2457895.384513 7.761268 
2457896.315811 7.599228 
2457897.247109 6.407405 
2457898.178407 4.645727 
2457899.109705 2.941519 
2457900.041002 1.779679 
2457900.972300 1.285290 
2457901.903598 1.219031 
2457902.834896 1.171286 
2457903.766194 0.822155 
2457904.697492 0.109073 
2457905.628789 -0.779536 
2457906.560087 -1.548880 
2457907.491385 -1.969738 
2457908.422683 -1.975864 
2457909.353981 -1.655513 
2457910.285279 -1.175795 
2457911.216577 -0.700080 
2457912.147874 -0.331953 
2457913.079172 -0.083464 
2457914.010470 0.142263 
2457914.941768 0.543001 
2457915.873066 1.356456 
2457916.804364 2.739147 
2457917.735662 4.630362 
2457918.666959 6.687927 
2457919.598257 8.367198 
2457920.529555 9.136504 
2457921.460853 8.728216 
2457922.392151 7.283531 
2457923.323449 5.298335 
2457924.254746 3.391787 
2457925.186044 2.024749 
2457926.117342 1.322083 
2457927.048640 1.084950 
2457927.979938 0.963860 
2457928.911236 0.676143 
2457929.842534 0.143413 
2457930.773831 -0.509849 
2457931.705129 -1.067297 
2457932.636427 -1.357741 
2457933.567725 -1.338955 
2457934.499023 -1.095683 
2457935.430321 -0.771073 
2457936.361619 -0.478592 
2457937.292916 -0.239403 
2457938.224214 0.029896 
2457939.155512 0.477449 
2457940.086810 1.241410 
2457941.018108 2.370153 
2457941.949406 3.771604 
2457942.880704 5.217493 
2457943.812001 6.406606 
2457944.743299 7.064029 
2457945.674597 7.035639 
2457946.605895 6.339511 
2457947.537193 5.156621 
2457948.468491 3.769156 
2457949.399788 2.471778 
2457950.331086 1.484861 
2457951.262384 0.894502 
2457952.193682 0.638010 
2457953.124980 0.544353 
2457954.056278 0.421009 
2457954.987576 0.153042 
2457955.918873 -0.237294 
2457956.850171 -0.611153 
2457957.781469 -0.809665 
2457958.712767 -0.767549 
2457959.644065 -0.561983 
2457960.575363 -0.351560 
2457961.506661 -0.239919 
2457962.437958 -0.165164 
2457963.369256 0.087651 
2457964.300554 0.737001 
2457965.231852 1.812332 
2457966.163150 3.061637 
2457967.094448 4.045900 
2457968.025745 4.377068 
2457968.957043 3.946597 
2457969.888341 2.988241 
2457970.819639 1.930723 
2457971.750937 1.143006 
2457972.682235 0.747118 
2457973.613533 0.616276 
2457974.544830 0.534694 
2457975.476128 0.380280 
2457976.407426 0.190168 
2457977.338724 0.077116 
2457978.270022 0.089968 
2457979.201320 0.150315 
2457980.132618 0.121160 
2457981.063915 -0.059247 
2457981.995213 -0.306357 
2457982.926511 -0.453892 
2457983.857809 -0.402407 
2457984.789107 -0.216246 
2457985.720405 -0.068797 
2457986.651702 -0.068021 
2457987.583000 -0.112160 
2457988.514298 0.078075 
2457989.445596 0.740052 
2457990.376894 1.816329 
2457991.308192 2.878324 
2457992.239490 3.325274 
2457993.170787 2.752711 
2457994.102085 1.242376 
2457995.033383 -0.638538 
2457995.964681 -2.144488 
2457996.895979 -2.766199 
2457997.827277 -2.480887 
2457998.758575 -1.687857 
2457999.689872 -0.902395 
2458000.621170 -0.438397 
2458001.552468 -0.290576 
2458002.483766 -0.257830 
2458003.415064 -0.169174 
2458004.346362 -0.020055 
2458005.277660 0.071232 
2458006.208957 0.016073 
2458007.140255 -0.138144 
2458008.071553 -0.246090 
2458009.002851 -0.204905 
2458009.934149 -0.057762 
2458010.865447 0.046695 
2458011.796744 0.012753 
2458012.728042 -0.070014 
2458013.659340 0.041173 
2458014.590638 0.540381 
2458015.521936 1.349897 
2458016.453234 2.068650 
2458017.384532 2.171266 
2458018.315829 1.346126 
2458019.247127 -0.259698 
2458020.178425 -2.072093 
2458021.109723 -3.393462 
2458022.041021 -3.783509 
2458022.972319 -3.271133 
2458023.903617 -2.274087 
2458024.834914 -1.305866 
2458025.766212 -0.682486 
2458026.697510 -0.414835 
2458027.628808 -0.318625 
2458028.560106 -0.218005 
2458029.491404 -0.075542 
2458030.422701 0.030806 
2458031.353999 0.027992 
2458032.285297 -0.060352 
2458033.216595 -0.132440 
2458034.147893 -0.109083 
2458035.079191 -0.012776 
2458036.010489 0.056077 
2458036.941786 0.028682 
2458037.873084 -0.039274 
2458038.804382 0.011246 
2458039.735680 0.305224 
2458040.666978 0.784549 
2458041.598276 1.178688 
2458042.529574 1.144422 
2458043.460871 0.493338 
2458044.392169 -0.651359 
2458045.323467 -1.887628 
2458046.254765 -2.745845 
2458047.186063 -2.942930 
2458048.117361 -2.516239 
2458049.048658 -1.761353 
2458049.979956 -1.032554 
2458050.911254 -0.548276 
2458051.842552 -0.321238 
2458052.773850 -0.230889 
2458053.705148 -0.156354 
2458054.636446 -0.062722 
2458055.567743 0.009381 
2458056.499041 0.016420 
2458057.430339 -0.030502 
2458058.361637 -0.073328 
2458059.292935 -0.064296 
2458060.224233 -0.012399 
2458061.155531 0.027937 
2458062.086828 0.016677 
2458063.018126 -0.020481 
2458063.949424 -0.002545 
2458064.880722 0.134196 
2458065.812020 0.358515 
2458066.743318 0.530969 
2458067.674616 0.478720 
2458068.605913 0.113178 
2458069.537211 -0.492771 
2458070.468509 -1.127024 
2458071.399807 -1.550095 
2458072.331105 -1.624165 
2458073.262403 -1.376832 
2458074.193700 -0.964647 
2458075.124998 -0.569910 
2458076.056296 -0.303569 
2458076.987594 -0.172418 
2458077.918892 -0.116656 
2458078.850190 -0.075732 
2458079.781488 -0.030312 
2458080.712785 0.002647 
2458081.644083 0.004123 
2458082.575381 -0.020100 
2458083.506679 -0.042842 
2458084.437977 -0.041419 
2458085.369275 -0.018597 
2458086.300573 0.002068 
2458087.231870 0.001917 
2458088.163168 -0.010844 
2458089.094466 -0.005132 
2458090.025764 0.043739 
2458090.957062 0.123529 
2458091.888360 0.180945 
2458092.819657 0.151890 
2458093.750955 0.006609 
2458094.682253 -0.222997 
2458095.613551 -0.454976 
2458096.544849 -0.601411 
2458097.476147 -0.615865 
2458098.407445 -0.513859 
2458099.338742 -0.355961 
2458100.270040 -0.208520 
2458101.201338 -0.109543 
2458102.132636 -0.059466 
2458103.063934 -0.036558 
2458103.995232 -0.020423 
2458104.926530 -0.005408 
2458105.857827 0.002549 
2458106.789125 -0.001883 
2458107.720423 -0.014993 
2458108.651721 -0.026228 
2458109.583019 -0.027357 
2458110.514317 -0.019201 
2458111.445614 -0.009751 
2458112.376912 -0.005847 
2458113.308210 -0.006396 
2458114.239508 -0.003500 
2458115.170806 0.009391 
2458116.102104 0.029508 
2458117.033402 0.044252 
2458117.964699 0.039310 
2458118.895997 0.009421 
2458119.827295 -0.036473 
2458120.758593 -0.079723 
2458121.689891 -0.102920 
2458122.621189 -0.099593 
2458123.552487 -0.076346 
2458124.483784 -0.046913 
2458125.415082 -0.023185 
2458126.346380 -0.009519 
2458127.277678 -0.003274 
2458128.208976 0.000339 
2458129.140274 0.003645 
2458130.071572 0.005449 
2458131.002869 0.003443 
2458131.934167 -0.002735 
2458132.865465 -0.010544 
2458133.796763 -0.016243 
2458134.728061 -0.017527 
2458135.659359 -0.014844 
2458136.590656 -0.010532 
2458137.521954 -0.006778 
2458138.453252 -0.004149 
2458139.384550 -0.001677 
2458140.315848 0.001965 
2458141.247146 0.007391 
2458142.178444 0.014377 
2458143.109741 0.022452 
2458144.041039 0.031357 
2458144.972337 0.040783 
2458145.903635 0.049686 
2458146.834933 0.055999 
2458147.766231 0.057352 
2458148.697529 0.052476 
2458149.628826 0.042307 
2458150.560124 0.029858 
2458151.491422 0.018804 
2458152.422720 0.011625 
2458153.354018 0.008492 
2458154.285316 0.007555 
2458155.216613 0.006334 
2458156.147911 0.003273 
2458157.079209 -0.001478 
2458158.010507 -0.006420 
2458158.941805 -0.009784 
2458159.873103 -0.010614 
2458160.804401 -0.009204 
2458161.735698 -0.006735 
2458162.666996 -0.004414 
2458163.598294 -0.002653 
2458164.529592 -0.000767 
2458165.460890 0.002655 
2458166.392188 0.008889 
2458167.323486 0.018211 
2458168.254783 0.029498 
2458169.186081 0.040541 
2458170.117379 0.048905 
2458171.048677 0.052868 
2458171.979975 0.051953 
2458172.911273 0.046854 
2458173.842571 0.038954 
2458174.773868 0.029795 
2458175.705166 0.020797 
2458176.636464 0.013156 
2458177.567762 0.007731 
2458178.499060 0.004782 
2458179.430358 0.003738 
2458180.361655 0.003327 
2458181.292953 0.002209 
2458182.224251 -0.000190 
2458183.155549 -0.003254 
2458184.086847 -0.005587 
2458185.018145 -0.006062 
2458185.949443 -0.004740 
2458186.880740 -0.002857 
2458187.812038 -0.001749 
2458188.743336 -0.001510 
2458189.674634 -0.000515 
2458190.605932 0.003563 
2458191.537230 0.011813 
2458192.468528 0.022622 
2458193.399825 0.031963 
2458194.331123 0.035511 
2458195.262421 0.031276 
2458196.193719 0.020961 
2458197.125017 0.009039 
2458198.056315 0.000139 
2458198.987612 -0.003489 
2458199.918910 -0.002775 
2458200.850208 -0.000537 
2458201.781506 0.000766 
2458202.712804 0.000517 
2458203.644102 -0.000263 
2458204.575400 -0.000344 
2458205.506697 0.000419 
2458206.437995 0.001026 
2458207.369293 0.000433 
2458208.300591 -0.001318 
2458209.231889 -0.003004 
2458210.163187 -0.003314 
2458211.094485 -0.002098 
2458212.025782 -0.000565 
2458212.957080 -0.000107 
2458213.888378 -0.000713 
2458214.819676 -0.000469 
2458215.750974 0.003133 
2458216.682272 0.010853 
2458217.613569 0.020195 
2458218.544867 0.026165 
2458219.476165 0.024143 
2458220.407463 0.013014 
2458221.338761 -0.003644 
2458222.270059 -0.019319 
2458223.201357 -0.028166 
2458224.132654 -0.028111 
2458225.063952 -0.021489 
2458225.995250 -0.013004 
2458226.926548 -0.006636 
2458227.857846 -0.003653 
2458228.789144 -0.002824 
2458229.720442 -0.002230 
2458230.651739 -0.001017 
2458231.583037 0.000230 
2458232.514335 0.000498 
2458233.445633 -0.000401 
2458234.376931 -0.001548 
2458235.308229 -0.001787 
2458236.239527 -0.000877 
2458237.170824 0.000253 
2458238.102122 0.000462 
2458239.033420 -0.000266 
2458239.964718 -0.000401 
2458240.896016 0.002025 
2458241.827314 0.007488 
2458242.758611 0.013810 
2458243.689909 0.016908 
2458244.621207 0.013241 
2458245.552505 0.002334 
2458246.483803 -0.012428 
2458247.415101 -0.025435 
2458248.346399 -0.031913 
2458249.277696 -0.030419 
2458250.208994 -0.023227 
2458251.140292 -0.014523 
2458252.071590 -0.007813 
2458253.002888 -0.004284 
2458253.934186 -0.002972 
2458254.865484 -0.002234 
2458255.796781 -0.001190 
2458256.728079 -0.000102 
2458257.659377 0.000328 
2458258.590675 -0.000097 
2458259.521973 -0.000800 
2458260.453271 -0.000986 
2458261.384568 -0.000438 
2458262.315866 0.000277 
2458263.247164 0.000412 
2458264.178462 -0.000084 
2458265.109760 -0.000286 
2458266.041058 0.001004 
2458266.972356 0.004050 
2458267.903653 0.007471 
2458268.834951 0.008758 
2458269.766249 0.005815 
2458270.697547 -0.001492 
2458271.628845 -0.010917 
2458272.560143 -0.018923 
2458273.491441 -0.022598 
2458274.422738 -0.021164 
2458275.354036 -0.016147 
2458276.285334 -0.010217 
2458277.216632 -0.005592 
2458278.147930 -0.003038 
2458279.079228 -0.001988 
2458280.010525 -0.001431 
2458280.941823 -0.000783 
2458281.873121 -0.000132 
2458282.804419 0.000150 
2458283.735717 -0.000055 
2458284.667015 -0.000441 
2458285.598313 -0.000572 
2458286.529610 -0.000307 
2458287.460908 0.000075 
2458288.392206 0.000181 
2458289.323504 -0.000044 
2458290.254802 -0.000170 
2458291.186100 0.000373 
2458292.117398 0.001706 
2458293.048695 0.003164 
2458293.979993 0.003564 
2458294.911291 0.001955 
2458295.842589 -0.001660 
2458296.773887 -0.006162 
2458297.705185 -0.009863 
2458298.636483 -0.011428 
2458299.567780 -0.010555 
2458300.499078 -0.008016 
2458301.430376 -0.005084 
2458302.361674 -0.002795 
2458303.292972 -0.001497 
2458304.224270 -0.000927 
2458305.155567 -0.000626 
2458306.086865 -0.000326 
2458307.018163 -0.000052 
2458307.949461 0.000046 
2458308.880759 -0.000072 
2458309.812057 -0.000268 
2458310.743355 -0.000348 
2458311.674652 -0.000248 
2458312.605950 -0.000077 
2458313.537248 0.000002 
2458314.468546 -0.000050 
2458315.399844 -0.000087 
2458316.331142 0.000092 
2458317.262440 0.000528 
2458318.193737 0.000992 
2458319.125035 0.001082 
2458320.056333 0.000496 
2458320.987631 -0.000735 
2458321.918929 -0.002208 
2458322.850227 -0.003361 
2458323.781524 -0.003781 
2458324.712822 -0.003412 
2458325.644120 -0.002538 
2458326.575418 -0.001579 
2458327.506716 -0.000850 
2458328.438014 -0.000437 
2458329.369312 -0.000246 
2458330.300609 -0.000138 
2458331.231907 -0.000043 
2458332.163205 0.000020 
2458333.094503 0.000008 
2458334.025801 -0.000075 
2458334.957099 -0.000172 
2458335.888397 -0.000217 
2458336.819694 -0.000189 
2458337.750992 -0.000122 
2458338.682290 -0.000070 
2458339.613588 -0.000052 
2458340.544886 -0.000041 
2458341.476184 0.000009 
2458342.407481 0.000111 
2458343.338779 0.000221 
2458344.270077 0.000268 
2458345.201375 0.000203 
2458346.132673 0.000042 
2458347.063971 -0.000140 
2458347.995269 -0.000258 
2458348.926566 -0.000268 
2458349.857864 -0.000189 
2458350.789162 -0.000082 
2458351.720460 -0.000002 
2458352.651758 0.000032 
2458353.583056 0.000036 
2458354.514354 0.000038 
2458355.445651 0.000049 
2458356.376949 0.000058 
2458357.308247 0.000046 
2458358.239545 0.000004 
2458359.170843 -0.000056 
2458360.102141 -0.000109 
2458361.033439 -0.000134 
2458361.964736 -0.000127 
2458362.896034 -0.000099 
2458363.827332 -0.000067 
2458364.758630 -0.000042 
2458365.689928 -0.000021 
2458366.621226 0.000002 
2458367.552523 0.000038 
2458368.483821 0.000093 
2458369.415119 0.000169 
2458370.346417 0.000266 
2458371.277715 0.000374 
2458372.209013 0.000476 
2458373.140311 0.000549 
2458374.071608 0.000572 
2458375.002906 0.000534 
2458375.934204 0.000442 
2458376.865502 0.000324 
2458377.796800 0.000210 
2458378.728098 0.000126 
2458379.659396 0.000081 
2458380.590693 0.000063 
2458381.521991 0.000055 
2458382.453289 0.000039 
2458383.384587 0.000008 
2458384.315885 -0.000031 
2458385.247183 -0.000064 
2458386.178480 -0.000080 
2458387.109778 -0.000075 
2458388.041076 -0.000057 
2458388.972374 -0.000038 
2458389.903672 -0.000025 
2458390.834970 -0.000013 
2458391.766268 0.000009 
2458392.697565 0.000057 
2458393.628863 0.000134 
2458394.560161 0.000231 
2458395.491459 0.000321 
2458396.422757 0.000382 
2458397.354055 0.000399 
2458398.285353 0.000374 
2458399.216650 0.000322 
2458400.147948 0.000261 
2458401.079246 0.000203 
2458402.010544 0.000150 
2458402.941842 0.000103 
2458403.873140 0.000063 
2458404.804438 0.000036 
2458405.735735 0.000023 
2458406.667033 0.000021 
2458407.598331 0.000020 
2458408.529629 0.000009 
2458409.460927 -0.000012 
2458410.392225 -0.000034 
2458411.323522 -0.000046 
2458412.254820 -0.000040 
2458413.186118 -0.000024 
2458414.117416 -0.000012 
2458415.048714 -0.000010 
2458415.980012 -0.000010 
2458416.911310 0.000011 
2458417.842607 0.000068 
2458418.773905 0.000157 
2458419.705203 0.000245 
2458420.636501 0.000289 
2458421.567799 0.000260 
2458422.499097 0.000164 
2458423.430395 0.000039 
2458424.361692 -0.000064 
2458425.292990 -0.000112 
2458426.224288 -0.000103 
2458427.155586 -0.000064 
2458428.086884 -0.000028 
2458429.018182 -0.000011 
2458429.949479 -0.000010 
2458430.880777 -0.000011 
2458431.812075 -0.000006 
2458432.743373 0.000004 
2458433.674671 0.000007 
2458434.605969 -0.000002 
2458435.537267 -0.000017 
2458436.468564 -0.000025 
2458437.399862 -0.000020 
2458438.331160 -0.000007 
2458439.262458 0.000001 
2458440.193756 -0.000002 
2458441.125054 -0.000007 
2458442.056352 0.000008 
2458442.987649 0.000057 
2458443.918947 0.000131 
2458444.850245 0.000195 
2458445.781543 0.000204 
2458446.712841 0.000134 
2458447.644139 0.000000 
2458448.575436 -0.000147 
2458449.506734 -0.000252 
2458450.438032 -0.000281 
2458451.369330 -0.000238 
2458452.300628 -0.000161 
2458453.231926 -0.000089 
2458454.163224 -0.000046 
2458455.094521 -0.000030 
2458456.025819 -0.000024 
2458456.957117 -0.000015 
2458457.888415 -0.000004 
2458458.819713 0.000004 
2458459.751011 0.000001 
2458460.682309 -0.000008 
2458461.613606 -0.000014 
2458462.544904 -0.000010 
2458463.476202 -0.000001 
2458464.407500 0.000005 
2458465.338798 0.000001 
2458466.270096 -0.000004 
2458467.201394 0.000004 
2458468.132691 0.000036 
2458469.063989 0.000084 
2458469.995287 0.000122 
2458470.926585 0.000116 
2458471.857883 0.000051 
2458472.789181 -0.000059 
2458473.720478 -0.000173 
2458474.651776 -0.000249 
2458475.583074 -0.000263 
2458476.514372 -0.000220 
2458477.445670 -0.000150 
2458478.376968 -0.000086 
2458479.308266 -0.000045 
2458480.239563 -0.000028 
2458481.170861 -0.000021 
2458482.102159 -0.000014 
2458483.033457 -0.000005 
2458483.964755 0.000002 
2458484.896053 0.000001 
2458485.827351 -0.000004 
2458486.758648 -0.000007 
2458487.689946 -0.000006 
2458488.621244 -0.000000 
2458489.552542 0.000003 
2458490.483840 0.000001 
2458491.415138 -0.000002 
2458492.346435 0.000001 
2458493.277733 0.000018 
2458494.209031 0.000043 
2458495.140329 0.000061 
2458496.071627 0.000053 
2458497.002925 0.000012 
2458497.934223 -0.000054 
2458498.865520 -0.000120 
2458499.796818 -0.000162 
2458500.728116 -0.000167 
2458501.659414 -0.000139 
2458502.590712 -0.000095 
2458503.522010 -0.000055 
2458504.453308 -0.000029 
2458505.384605 -0.000017 
2458506.315903 -0.000012 
2458507.247201 -0.000008 
2458508.178499 -0.000003 
2458509.109797 0.000001 
2458510.041095 0.000000 
2458510.972392 -0.000002 
2458511.903690 -0.000004 
2458512.834988 -0.000004 
2458513.766286 -0.000001 
2458514.697584 0.000001 
2458515.628882 0.000000 
2458516.560180 -0.000001 
2458517.491477 0.000000 
2458518.422775 0.000007 
2458519.354073 0.000017 
2458520.285371 0.000023 
2458521.216669 0.000019 
2458522.147967 -0.000000 
2458523.079265 -0.000029 
2458524.010562 -0.000058 
2458524.941860 -0.000075 
2458525.873158 -0.000076 
2458526.804456 -0.000062 
2458527.735754 -0.000043 
2458528.667052 -0.000025 
2458529.598350 -0.000013 
2458530.529647 -0.000007 
2458531.460945 -0.000005 
2458532.392243 -0.000003 
2458533.323541 -0.000001 
2458534.254839 0.000000 
2458535.186137 -0.000000 
2458536.117434 -0.000001 
2458537.048732 -0.000003 
2458537.980030 -0.000002 
2458538.911328 -0.000001 
2458539.842626 -0.000000 
2458540.773924 -0.000000 
2458541.705222 -0.000001 
2458542.636519 -0.000000 
2458543.567817 0.000002 
2458544.499115 0.000005 
2458545.430413 0.000007 
2458546.361711 0.000005 
2458547.293009 -0.000001 
2458548.224307 -0.000009 
2458549.155604 -0.000017 
2458550.086902 -0.000021 
2458551.018200 -0.000020 
2458551.949498 -0.000016 
2458552.880796 -0.000011 
2458553.812094 -0.000006 
2458554.743391 -0.000003 
2458555.674689 -0.000002 
2458556.605987 -0.000001 
2458557.537285 -0.000000 
2458558.468583 0.000000 
2458559.399881 0.000000 
2458560.331179 -0.000000 
2458561.262476 -0.000001 
2458562.193774 -0.000002 
2458563.125072 -0.000002 
2458564.056370 -0.000001 
2458564.987668 -0.000001 
2458565.918966 -0.000001 
2458566.850264 -0.000000 
2458567.781561 -0.000000 
2458568.712859 0.000000 
2458569.644157 0.000001 
2458570.575455 0.000002 
2458571.506753 0.000002 
2458572.438051 0.000002 
2458573.369348 0.000001 
2458574.300646 0.000001 
2458575.231944 0.000001 
2458576.163242 0.000002 
2458577.094540 0.000002 
2458578.025838 0.000002 
2458578.957136 0.000001 
2458579.888433 0.000001 
2458580.819731 0.000001 
2458581.751029 0.000001 
2458582.682327 0.000001 
2458583.613625 0.000001 
2458584.544923 0.000000 
2458585.476221 -0.000000 
2458586.407518 -0.000001 
2458587.338816 -0.000001 
2458588.270114 -0.000001 
2458589.201412 -0.000001 
2458590.132710 -0.000001 
2458591.064008 -0.000000 
2458591.995306 -0.000000 
2458592.926603 -0.000000 
2458593.857901 0.000000 
2458594.789199 0.000001 
2458595.720497 0.000001 
2458596.651795 0.000002 
2458597.583093 0.000003 
2458598.514390 0.000004 
2458599.445688 0.000005 
2458600.376986 0.000005 
2458601.308284 0.000005 
2458602.239582 0.000004 
2458603.170880 0.000003 
2458604.102178 0.000002 
2458605.033475 0.000001 
2458605.964773 0.000001 
2458606.896071 0.000001 
2458607.827369 0.000000 
2458608.758667 0.000000 
2458609.689965 0.000000 
2458610.621263 -0.000000 
2458611.552560 -0.000000 
2458612.483858 -0.000001 
2458613.415156 -0.000001 
2458614.346454 -0.000000 
2458615.277752 -0.000000 
2458616.209050 -0.000000 
2458617.140347 -0.000000 
2458618.071645 -0.000000 
2458619.002943 0.000000 
2458619.934241 0.000001 
2458620.865539 0.000002 
2458621.796837 0.000003 
2458622.728135 0.000003 
2458623.659432 0.000003 
2458624.590730 0.000003 
2458625.522028 0.000002 
2458626.453326 0.000001 
2458627.384624 0.000001 
2458628.315922 0.000001 
2458629.247220 0.000001 
2458630.178517 0.000000 
2458631.109815 0.000000 
2458632.041113 0.000000 
2458632.972411 0.000000 
2458633.903709 0.000000 
2458634.835007 0.000000 
2458635.766304 0.000000 
2458636.697602 -0.000000 
2458637.628900 -0.000000 
2458638.560198 -0.000000 
2458639.491496 -0.000000 
2458640.422794 -0.000000 
2458641.354092 -0.000000 
2458642.285389 -0.000000 
2458643.216687 -0.000000 
2458644.147985 0.000000 
2458645.079283 0.000001 
2458646.010581 0.000002 
2458646.941879 0.000002 
2458647.873177 0.000002 
2458648.804474 0.000001 
2458649.735772 0.000000 
2458650.667070 -0.000001 
2458651.598368 -0.000002 
2458652.529666 -0.000002 
2458653.460964 -0.000001 
2458654.392262 -0.000001 
2458655.323559 -0.000000 
2458656.254857 -0.000000 
2458657.186155 -0.000000 
2458658.117453 -0.000000 
2458659.048751 -0.000000 
2458659.980049 0.000000 
2458660.911346 0.000000 
2458661.842644 -0.000000 
2458662.773942 -0.000000 
2458663.705240 -0.000000 
2458664.636538 -0.000000 
2458665.567836 0.000000 
2458666.499134 0.000000 
2458667.430431 -0.000000 
2458668.361729 -0.000000 
2458669.293027 0.000000 
2458670.224325 0.000001 
2458671.155623 0.000001 
2458672.086921 0.000002 
2458673.018219 0.000001 
2458673.949516 0.000000 
2458674.880814 -0.000001 
2458675.812112 -0.000002 
2458676.743410 -0.000003 
2458677.674708 -0.000002 
2458678.606006 -0.000002 
2458679.537303 -0.000001 
2458680.468601 -0.000001 
2458681.399899 -0.000000 
2458682.331197 -0.000000 
2458683.262495 -0.000000 
2458684.193793 -0.000000 
2458685.125091 0.000000 
2458686.056388 0.000000 
2458686.987686 -0.000000 
2458687.918984 -0.000000 
2458688.850282 -0.000000 
2458689.781580 -0.000000 
2458690.712878 0.000000 
2458691.644176 0.000000 
2458692.575473 -0.000000 
2458693.506771 -0.000000 
2458694.438069 0.000000 
2458695.369367 0.000000 
2458696.300665 0.000001 
2458697.231963 0.000001 
2458698.163261 0.000001 
2458699.094558 -0.000000 
2458700.025856 -0.000001 
2458700.957154 -0.000002 
2458701.888452 -0.000002 
2458702.819750 -0.000002 
2458703.751048 -0.000001 
2458704.682345 -0.000001 
2458705.613643 -0.000000 
2458706.544941 -0.000000 
2458707.476239 -0.000000 
2458708.407537 -0.000000 
2458709.338835 -0.000000 
2458710.270133 -0.000000 
2458711.201430 0.000000 
2458712.132728 -0.000000 
2458713.064026 -0.000000 
2458713.995324 -0.000000 
2458714.926622 -0.000000 
2458715.857920 0.000000 
2458716.789218 0.000000 
2458717.720515 -0.000000 
2458718.651813 -0.000000 
2458719.583111 0.000000 
2458720.514409 0.000000 
2458721.445707 0.000000 
2458722.377005 0.000000 
2458723.308302 0.000000 
2458724.239600 -0.000000 
2458725.170898 -0.000001 
2458726.102196 -0.000001 
2458727.033494 -0.000001 
2458727.964792 -0.000001 
2458728.896090 -0.000001 
2458729.827387 -0.000001 
2458730.758685 -0.000000 
2458731.689983 -0.000000 
2458732.621281 -0.000000 
2458733.552579 -0.000000 
2458734.483877 -0.000000 
2458735.415175 -0.000000 
2458736.346472 0.000000 
2458737.277770 -0.000000 
2458738.209068 -0.000000 
2458739.140366 -0.000000 
2458740.071664 -0.000000 
2458741.002962 -0.000000 
2458741.934259 0.000000 
2458742.865557 -0.000000 
2458743.796855 -0.000000 
2458744.728153 0.000000 
2458745.659451 0.000000 
2458746.590749 0.000000 
2458747.522047 0.000000 
2458748.453344 0.000000 
2458749.384642 -0.000000 
2458750.315940 -0.000000 
2458751.247238 -0.000000 
2458752.178536 -0.000001 
2458753.109834 -0.000000 
2458754.041132 -0.000000 
2458754.972429 -0.000000 
2458755.903727 -0.000000 
2458756.835025 -0.000000 
2458757.766323 -0.000000 
2458758.697621 -0.000000 
2458759.628919 -0.000000 
2458760.560217 0.000000 
2458761.491514 0.000000 
2458762.422812 -0.000000 
2458763.354110 -0.000000 
2458764.285408 -0.000000 
2458765.216706 -0.000000 
2458766.148004 -0.000000 
2458767.079301 -0.000000 
2458768.010599 -0.000000 
2458768.941897 -0.000000 
2458769.873195 0.000000 
2458770.804493 0.000000 
2458771.735791 0.000000 
2458772.667089 0.000000 
2458773.598386 0.000000 
2458774.529684 -0.000000 
2458775.460982 -0.000000 
2458776.392280 -0.000000 
2458777.323578 -0.000000 
2458778.254876 -0.000000 
2458779.186174 -0.000000 
2458780.117471 -0.000000 
2458781.048769 -0.000000 
2458781.980067 -0.000000 
2458782.911365 -0.000000 
2458783.842663 0.000000 
2458784.773961 0.000000 
2458785.705258 0.000000 
2458786.636556 -0.000000 
2458787.567854 -0.000000 
2458788.499152 -0.000000 
2458789.430450 -0.000000 
2458790.361748 -0.000000 
2458791.293046 -0.000000 
2458792.224343 -0.000000 
2458793.155641 -0.000000 
2458794.086939 -0.000000 
2458795.018237 0.000000 
2458795.949535 0.000000 
2458796.880833 0.000000 
2458797.812131 0.000000 
2458798.743428 0.000000 
2458799.674726 0.000000 
2458800.606024 0.000000 
2458801.537322 0.000000 
2458802.468620 0.000000 
2458803.399918 0.000000 
2458804.331215 0.000000 
2458805.262513 0.000000 
2458806.193811 0.000000 
2458807.125109 0.000000 
2458808.056407 0.000000 
2458808.987705 0.000000 
2458809.919003 0.000000 
2458810.850300 0.000000 
2458811.781598 0.000000 
2458812.712896 -0.000000 
2458813.644194 -0.000000 
2458814.575492 -0.000000 
2458815.506790 -0.000000 
2458816.438088 -0.000000 
2458817.369385 -0.000000 
2458818.300683 -0.000000 
2458819.231981 -0.000000 
2458820.163279 0.000000 
2458821.094577 0.000000 
2458822.025875 0.000000 
2458822.957173 0.000000 
2458823.888470 0.000000 
2458824.819768 0.000000 
2458825.751066 0.000000 
2458826.682364 0.000000 
2458827.613662 0.000000 
2458828.544960 0.000000 
2458829.476257 0.000000 
2458830.407555 0.000000 
2458831.338853 0.000000 
2458832.270151 0.000000 
2458833.201449 0.000000 
2458834.132747 0.000000 
2458835.064045 0.000000 
2458835.995342 0.000000 
2458836.926640 0.000000 
2458837.857938 -0.000000 
2458838.789236 -0.000000 
2458839.720534 -0.000000 
2458840.651832 -0.000000 
2458841.583130 -0.000000 
2458842.514427 -0.000000 
2458843.445725 -0.000000 
2458844.377023 -0.000000 
2458845.308321 0.000000 
2458846.239619 0.000000 
2458847.170917 0.000000 
2458848.102214 0.000000 
2458849.033512 0.000000 
2458849.964810 0.000000 
2458850.896108 0.000000 
2458851.827406 0.000000 
2458852.758704 0.000000 
2458853.690002 0.000000 
2458854.621299 0.000000 
2458855.552597 0.000000 
2458856.483895 0.000000 
2458857.415193 0.000000 
2458858.346491 0.000000 
2458859.277789 0.000000 
2458860.209087 0.000000 
2458861.140384 0.000000 
2458862.071682 0.000000 
2458863.002980 -0.000000 
2458863.934278 -0.000000 
2458864.865576 -0.000000 
2458865.796874 -0.000000 
2458866.728171 -0.000000 
2458867.659469 -0.000000 
2458868.590767 -0.000000 
2458869.522065 -0.000000 
2458870.453363 0.000000 
2458871.384661 0.000000 
2458872.315959 0.000000 
2458873.247256 0.000000 
2458874.178554 0.000000 
2458875.109852 0.000000 
2458876.041150 0.000000 
2458876.972448 -0.000000 
2458877.903746 -0.000000 
2458878.835044 -0.000000 
2458879.766341 -0.000000 
2458880.697639 -0.000000 
2458881.628937 -0.000000 
2458882.560235 -0.000000 
2458883.491533 -0.000000 
2458884.422831 -0.000000 
2458885.354129 -0.000000 
2458886.285426 -0.000000 
2458887.216724 0.000000 
2458888.148022 -0.000000 
2458889.079320 -0.000000 
2458890.010618 -0.000000 
2458890.941916 -0.000000 
2458891.873213 0.000000 
2458892.804511 0.000000 
2458893.735809 0.000000 
2458894.667107 -0.000000 
2458895.598405 0.000000 
2458896.529703 0.000000 
2458897.461001 0.000000 
2458898.392298 0.000000 
2458899.323596 0.000000 
2458900.254894 0.000000 
2458901.186192 -0.000000 
2458902.117490 -0.000000 
2458903.048788 -0.000000 
2458903.980086 -0.000000 
2458904.911383 -0.000000 
2458905.842681 -0.000000 
2458906.773979 -0.000000 
2458907.705277 -0.000000 
2458908.636575 -0.000000 
2458909.567873 -0.000000 
2458910.499170 -0.000000 
2458911.430468 -0.000000 
2458912.361766 0.000000 
2458913.293064 0.000000 
2458914.224362 -0.000000 
2458915.155660 -0.000000 
2458916.086958 -0.000000 
2458917.018255 0.000000 
2458917.949553 0.000000 
2458918.880851 0.000000 
2458919.812149 -0.000000 
2458920.743447 0.000000 
2458921.674745 0.000000 
2458922.606043 0.000000 
2458923.537340 0.000000 
2458924.468638 0.000000 
2458925.399936 0.000000 
2458926.331234 -0.000000 
2458927.262532 -0.000000 
2458928.193830 -0.000000 
2458929.125127 -0.000000 
2458930.056425 -0.000000 
2458930.987723 -0.000000 
2458931.919021 -0.000000 
2458932.850319 -0.000000 
2458933.781617 -0.000000 
2458934.712915 -0.000000 
2458935.644212 -0.000000 
2458936.575510 -0.000000 
2458937.506808 0.000000 
2458938.438106 0.000000 
2458939.369404 -0.000000 
2458940.300702 -0.000000 
2458941.232000 -0.000000 
2458942.163297 0.000000 
2458943.094595 0.000000 
2458944.025893 0.000000 
2458944.957191 -0.000000 
2458945.888489 0.000000 
2458946.819787 0.000000 
2458947.751085 0.000000 
2458948.682382 0.000000 
2458949.613680 0.000000 
2458950.544978 -0.000000 
2458951.476276 -0.000000 
2458952.407574 -0.000000 
2458953.338872 -0.000000 
2458954.270169 -0.000000 
2458955.201467 -0.000000 
2458956.132765 -0.000000 
2458957.064063 -0.000000 
2458957.995361 -0.000000 
2458958.926659 -0.000000 
2458959.857957 -0.000000 
2458960.789254 -0.000000 
2458961.720552 -0.000000 
2458962.651850 0.000000 
2458963.583148 0.000000 
2458964.514446 -0.000000 
2458965.445744 -0.000000 
2458966.377042 -0.000000 
2458967.308339 -0.000000 
2458968.239637 -0.000000 
2458969.170935 -0.000000 
2458970.102233 -0.000000 
2458971.033531 0.000000 
2458971.964829 0.000000 
2458972.896126 0.000000 
2458973.827424 0.000000 
2458974.758722 0.000000 
2458975.690020 -0.000000 
2458976.621318 -0.000000 
2458977.552616 -0.000000 
2458978.483914 -0.000000 
2458979.415211 -0.000000 
2458980.346509 -0.000000 
2458981.277807 -0.000000 
2458982.209105 -0.000000 
2458983.140403 -0.000000 
2458984.071701 -0.000000 
2458985.002999 -0.000000 
2458985.934296 0.000000 
2458986.865594 0.000000 
2458987.796892 0.000000 
2458988.728190 -0.000000 
2458989.659488 -0.000000 
2458990.590786 -0.000000 
2458991.522084 -0.000000 
2458992.453381 -0.000000 
2458993.384679 -0.000000 
2458994.315977 -0.000000 
2458995.247275 -0.000000 
2458996.178573 0.000000 
2458997.109871 0.000000 
2458998.041168 0.000000 
2458998.972466 0.000000 
2458999.903764 0.000000 
2459000.835062 0.000000 
2459001.766360 -0.000000 
2459002.697658 -0.000000 
2459003.628956 0.000000 
2459004.560253 0.000000 
2459005.491551 0.000000 
2459006.422849 0.000000 
2459007.354147 0.000000 
2459008.285445 0.000000 
2459009.216743 0.000000 
2459010.148041 0.000000 
2459011.079338 0.000000 
2459012.010636 -0.000000 
2459012.941934 -0.000000 
2459013.873232 -0.000000 
2459014.804530 -0.000000 
2459015.735828 0.000000 
2459016.667125 0.000000 
2459017.598423 0.000000 
2459018.529721 0.000000 
2459019.461019 0.000000 
2459020.392317 0.000000 
2459021.323615 0.000000 
2459022.254913 0.000000 
2459023.186210 0.000000 
2459024.117508 0.000000 
2459025.048806 0.000000 
2459025.980104 0.000000 
2459026.911402 0.000000 
2459027.842700 0.000000 
2459028.773998 0.000000 
2459029.705295 0.000000 
2459030.636593 0.000000 
2459031.567891 0.000000 
2459032.499189 0.000000 
2459033.430487 0.000000 
2459034.361785 0.000000 
2459035.293082 0.000000 
2459036.224380 -0.000000 
2459037.155678 -0.000000 
2459038.086976 -0.000000 
2459039.018274 -0.000000 
2459039.949572 0.000000 
2459040.880870 0.000000 
2459041.812167 0.000000 
2459042.743465 0.000000 
2459043.674763 0.000000 
2459044.606061 0.000000 
2459045.537359 0.000000 
2459046.468657 0.000000 
2459047.399955 0.000000 
2459048.331252 0.000000 
2459049.262550 0.000000 
2459050.193848 -0.000000 
2459051.125146 0.000000 
2459052.056444 0.000000 
2459052.987742 0.000000 
2459053.919040 0.000000 
2459054.850337 0.000000 
2459055.781635 0.000000 
2459056.712933 0.000000 
2459057.644231 0.000000 
2459058.575529 0.000000 
2459059.506827 0.000000 
2459060.438124 0.000000 
2459061.369422 -0.000000 
2459062.300720 -0.000000 
2459063.232018 -0.000000 
2459064.163316 -0.000000 
2459065.094614 0.000000 
2459066.025912 0.000000 
2459066.957209 0.000000 
2459067.888507 0.000000 
2459068.819805 0.000000 
2459069.751103 0.000000 
2459070.682401 0.000000 
2459071.613699 0.000000 
2459072.544997 0.000000 
2459073.476294 0.000000 
2459074.407592 0.000000 
2459075.338890 -0.000000 
2459076.270188 0.000000 
2459077.201486 0.000000 
2459078.132784 0.000000 
2459079.064081 0.000000 
2459079.995379 0.000000 
2459080.926677 0.000000 
2459081.857975 0.000000 
2459082.789273 0.000000 
2459083.720571 0.000000 
2459084.651869 0.000000 
2459085.583166 0.000000 
2459086.514464 -0.000000 
2459087.445762 -0.000000 
2459088.377060 -0.000000 
2459089.308358 -0.000000 
2459090.239656 0.000000 
2459091.170954 0.000000 
2459092.102251 0.000000 
2459093.033549 0.000000 
2459093.964847 0.000000 
2459094.896145 0.000000 
2459095.827443 0.000000 
2459096.758741 0.000000 
2459097.690038 0.000000 
2459098.621336 0.000000 
2459099.552634 0.000000 
2459100.483932 -0.000000 
2459101.415230 0.000000 
2459102.346528 0.000000 
2459103.277826 0.000000 
2459104.209123 0.000000 
2459105.140421 0.000000 
2459106.071719 0.000000 
2459107.003017 0.000000 
2459107.934315 0.000000 
2459108.865613 0.000000 
2459109.796911 0.000000 
2459110.728208 0.000000 
2459111.659506 -0.000000 
2459112.590804 -0.000000 
2459113.522102 -0.000000 
2459114.453400 -0.000000 
2459115.384698 0.000000 
2459116.315996 0.000000 
2459117.247293 0.000000 
2459118.178591 0.000000 
2459119.109889 0.000000 
2459120.041187 0.000000 
2459120.972485 0.000000 
2459121.903783 0.000000 
2459122.835080 0.000000 
2459123.766378 0.000000 
2459124.697676 0.000000 
2459125.628974 -0.000000 
2459126.560272 0.000000 
2459127.491570 0.000000 
2459128.422868 0.000000 
2459129.354165 0.000000 
2459130.285463 0.000000 
2459131.216761 0.000000 
2459132.148059 0.000000 
2459133.079357 0.000000 
2459134.010655 0.000000 
2459134.941953 0.000000 
2459135.873250 0.000000 
2459136.804548 0.000000 
2459137.735846 -0.000000 
2459138.667144 -0.000000 
2459139.598442 0.000000 
2459140.529740 0.000000 
2459141.461037 0.000000 
2459142.392335 0.000000 
2459143.323633 0.000000 
2459144.254931 0.000000 
2459145.186229 0.000000 
2459146.117527 0.000000 
2459147.048825 0.000000 
2459147.980122 0.000000 
2459148.911420 0.000000 
2459149.842718 0.000000 
2459150.774016 0.000000 
2459151.705314 0.000000 
2459152.636612 0.000000 
2459153.567910 0.000000 
2459154.499207 0.000000 
2459155.430505 0.000000 
2459156.361803 0.000000 
2459157.293101 0.000000 
2459158.224399 0.000000 
2459159.155697 0.000000 
2459160.086994 0.000000 
2459161.018292 0.000000 
2459161.949590 0.000000 
2459162.880888 0.000000 
2459163.812186 0.000000 
2459164.743484 0.000000 
2459165.674782 0.000000 
2459166.606079 0.000000 
2459167.537377 0.000000 
2459168.468675 0.000000 
2459169.399973 -0.000000 
2459170.331271 0.000000 
2459171.262569 0.000000 
2459172.193867 0.000000 
2459173.125164 0.000000 
2459174.056462 0.000000 
2459174.987760 0.000000 
2459175.919058 0.000000 
2459176.850356 0.000000 
2459177.781654 0.000000 
2459178.712952 0.000000 
2459179.644249 0.000000 
2459180.575547 0.000000 
2459181.506845 0.000000 
2459182.438143 0.000000 
2459183.369441 0.000000 
2459184.300739 0.000000 
2459185.232036 0.000000 
2459186.163334 0.000000 
2459187.094632 0.000000 
2459188.025930 0.000000 
2459188.957228 0.000000 
2459189.888526 0.000000 
2459190.819824 -0.000000 
2459191.751121 -0.000000 
2459192.682419 -0.000000 
2459193.613717 -0.000000 
2459194.545015 -0.000000 
2459195.476313 -0.000000 
2459196.407611 -0.000000 
2459197.338909 -0.000000 
2459198.270206 0.000000 
2459199.201504 0.000000 
2459200.132802 0.000000 
2459201.064100 0.000000 
2459201.995398 0.000000 
2459202.926696 0.000000 
2459203.857993 0.000000 
2459204.789291 0.000000 
2459205.720589 0.000000 
2459206.651887 0.000000 
2459207.583185 0.000000 
2459208.514483 0.000000 
2459209.445781 0.000000 
2459210.377078 0.000000 
2459211.308376 0.000000 
2459212.239674 0.000000 
2459213.170972 0.000000 
2459214.102270 0.000000 
2459215.033568 -0.000000 
2459215.964866 -0.000000 
2459216.896163 -0.000000 
2459217.827461 -0.000000 
2459218.758759 -0.000000 
2459219.690057 -0.000000 
2459220.621355 -0.000000 
2459221.552653 -0.000000 
2459222.483950 0.000000 
2459223.415248 0.000000 
2459224.346546 0.000000 
2459225.277844 0.000000 
2459226.209142 0.000000 
2459227.140440 -0.000000 
2459228.071738 0.000000 
2459229.003035 0.000000 
2459229.934333 0.000000 
2459230.865631 0.000000 
2459231.796929 0.000000 
2459232.728227 0.000000 
2459233.659525 0.000000 
2459234.590823 0.000000 
2459235.522120 0.000000 
2459236.453418 0.000000 
2459237.384716 0.000000 
2459238.316014 -0.000000 
2459239.247312 -0.000000 
2459240.178610 -0.000000 
2459241.109908 -0.000000 
2459242.041205 0.000000 
2459242.972503 0.000000 
2459243.903801 0.000000 
2459244.835099 0.000000 
2459245.766397 0.000000 
2459246.697695 0.000000 
2459247.628992 0.000000 
2459248.560290 0.000000 
2459249.491588 0.000000 
2459250.422886 0.000000 
2459251.354184 -0.000000 
2459252.285482 -0.000000 
2459253.216780 0.000000 
2459254.148077 0.000000 
2459255.079375 0.000000 
2459256.010673 0.000000 
2459256.941971 0.000000 
2459257.873269 0.000000 
2459258.804567 0.000000 
2459259.735865 0.000000 
2459260.667162 0.000000 
2459261.598460 0.000000 
2459262.529758 -0.000000 
2459263.461056 -0.000000 
2459264.392354 -0.000000 
2459265.323652 -0.000000 
2459266.254949 0.000000 
2459267.186247 0.000000 
2459268.117545 0.000000 
2459269.048843 0.000000 
2459269.980141 0.000000 
2459270.911439 0.000000 
2459271.842737 0.000000 
2459272.774034 0.000000 
2459273.705332 0.000000 
2459274.636630 0.000000 
2459275.567928 0.000000 
2459276.499226 -0.000000 
2459277.430524 -0.000000 
2459278.361822 0.000000 
2459279.293119 0.000000 
2459280.224417 0.000000 
2459281.155715 0.000000 
2459282.087013 0.000000 
2459283.018311 0.000000 
2459283.949609 0.000000 
2459284.880907 0.000001 
2459285.812204 0.000001 
2459286.743502 0.000000 
2459287.674800 -0.000000 
2459288.606098 -0.000000 
2459289.537396 -0.000001 
2459290.468694 -0.000000 
2459291.399991 0.000000 
2459292.331289 0.000001 
2459293.262587 0.000001 
2459294.193885 0.000001 
2459295.125183 0.000001 
2459296.056481 0.000001 
2459296.987779 0.000001 
2459297.919076 0.000001 
2459298.850374 0.000001 
2459299.781672 0.000000 
2459300.712970 0.000000 
2459301.644268 -0.000000 
2459302.575566 -0.000000 
2459303.506864 0.000000 
2459304.438161 0.000000 
2459305.369459 0.000000 
2459306.300757 0.000000 
2459307.232055 0.000000 
2459308.163353 0.000001 
2459309.094651 0.000001 
2459310.025948 0.000001 
2459310.957246 0.000001 
2459311.888544 0.000001 
2459312.819842 0.000000 
2459313.751140 -0.000001 
2459314.682438 -0.000001 
2459315.613736 -0.000001 
2459316.545033 0.000000 
2459317.476331 0.000001 
2459318.407629 0.000002 
2459319.338927 0.000002 
2459320.270225 0.000001 
2459321.201523 0.000001 
2459322.132821 0.000001 
2459323.064118 0.000001 
2459323.995416 0.000001 
2459324.926714 0.000001 
2459325.858012 0.000000 
2459326.789310 -0.000000 
2459327.720608 -0.000000 
2459328.651905 0.000000 
2459329.583203 0.000001 
2459330.514501 0.000001 
2459331.445799 0.000001 
2459332.377097 0.000001 
2459333.308395 0.000001 
2459334.239693 0.000002 
2459335.170990 0.000002 
2459336.102288 0.000002 
2459337.033586 0.000002 
2459337.964884 0.000000 
2459338.896182 -0.000001 
2459339.827480 -0.000001 
2459340.758778 -0.000001 
2459341.690075 0.000001 
2459342.621373 0.000002 
2459343.552671 0.000002 
2459344.483969 0.000002 
2459345.415267 0.000002 
2459346.346565 0.000001 
2459347.277863 0.000001 
2459348.209160 0.000001 
2459349.140458 0.000001 
2459350.071756 0.000001 
2459351.003054 0.000001 
2459351.934352 0.000000 
2459352.865650 -0.000000 
2459353.796947 0.000000 
2459354.728245 0.000001 
2459355.659543 0.000002 
2459356.590841 0.000002 
2459357.522139 0.000003 
2459358.453437 0.000003 
2459359.384735 0.000003 
2459360.316032 0.000004 
2459361.247330 0.000003 
2459362.178628 0.000002 
2459363.109926 0.000001 
2459364.041224 -0.000000 
2459364.972522 -0.000001 
2459365.903820 -0.000000 
2459366.835117 0.000001 
2459367.766415 0.000002 
2459368.697713 0.000002 
2459369.629011 0.000002 
2459370.560309 0.000001 
2459371.491607 0.000001 
2459372.422904 0.000001 
2459373.354202 0.000001 
2459374.285500 0.000002 
2459375.216798 0.000002 
2459376.148096 0.000001 
2459377.079394 0.000000 
2459378.010692 0.000000 
2459378.941989 0.000000 
2459379.873287 0.000001 
2459380.804585 0.000003 
2459381.735883 0.000004 
2459382.667181 0.000005 
2459383.598479 0.000005 
2459384.529777 0.000005 
2459385.461074 0.000004 
2459386.392372 0.000003 
2459387.323670 0.000002 
2459388.254968 0.000001 
2459389.186266 0.000001 
2459390.117564 0.000001 
2459391.048861 0.000000 
2459391.980159 0.000000 
2459392.911457 0.000000 
2459393.842755 -0.000000 
2459394.774053 -0.000000 
2459395.705351 -0.000001 
2459396.636649 -0.000001 
2459397.567946 -0.000000 
2459398.499244 0.000000 
2459399.430542 0.000001 
2459400.361840 0.000001 
2459401.293138 0.000001 
2459402.224436 0.000001 
2459403.155734 0.000000 
2459404.087031 0.000000 
2459405.018329 0.000002 
2459405.949627 0.000004 
2459406.880925 0.000006 
2459407.812223 0.000008 
2459408.743521 0.000008 
2459409.674819 0.000006 
2459410.606116 0.000004 
2459411.537414 0.000002 
2459412.468712 0.000001 
2459413.400010 0.000001 
2459414.331308 0.000002 
2459415.262606 0.000002 
2459416.193903 0.000001 
2459417.125201 -0.000001 
2459418.056499 -0.000002 
2459418.987797 -0.000003 
2459419.919095 -0.000003 
2459420.850393 -0.000002 
2459421.781691 -0.000002 
2459422.712988 -0.000001 
2459423.644286 -0.000001 
2459424.575584 0.000000 
2459425.506882 0.000001 
2459426.438180 0.000002 
2459427.369478 0.000001 
2459428.300776 0.000000 
2459429.232073 0.000000 
2459430.163371 0.000002 
2459431.094669 0.000004 
2459432.025967 0.000007 
2459432.957265 0.000009 
2459433.888563 0.000008 
2459434.819860 0.000006 
2459435.751158 0.000004 
2459436.682456 0.000002 
2459437.613754 0.000002 
2459438.545052 0.000002 
2459439.476350 0.000001 
2459440.407648 0.000000 
2459441.338945 -0.000001 
2459442.270243 -0.000002 
2459443.201541 -0.000002 
2459444.132839 -0.000001 
2459445.064137 -0.000001 
2459445.995435 -0.000000 
2459446.926733 -0.000001 
2459447.858030 -0.000000 
2459448.789328 0.000000 
2459449.720626 0.000002 
2459450.651924 0.000002 
2459451.583222 0.000002 
2459452.514520 0.000001 
2459453.445817 -0.000000 
2459454.377115 0.000000 
2459455.308413 0.000002 
2459456.239711 0.000005 
2459457.171009 0.000007 
2459458.102307 0.000007 
2459459.033605 0.000007 
2459459.964902 0.000007 
2459460.896200 0.000009 
2459461.827498 0.000010 
2459462.758796 0.000009 
2459463.690094 0.000003 
2459464.621392 -0.000004 
2459465.552690 -0.000010 
2459466.483987 -0.000011 
2459467.415285 -0.000005 
2459468.346583 0.000005 
2459469.277881 0.000013 
2459470.209179 0.000016 
2459471.140477 0.000014 
2459472.071775 0.000010 
2459473.003072 0.000008 
2459473.934370 0.000009 
2459474.865668 0.000010 
2459475.796966 0.000009 
2459476.728264 0.000004 
2459477.659562 -0.000001 
2459478.590859 -0.000003 
2459479.522157 0.000000 
2459480.453455 0.000006 
2459481.384753 0.000009 
2459482.316051 0.000008 
2459483.247349 0.000005 
2459484.178647 0.000006 
2459485.109944 0.000015 
2459486.041242 0.000029 
2459486.972540 0.000038 
2459487.903838 0.000033 
2459488.835136 0.000011 
2459489.766434 -0.000018 
2459490.697732 -0.000036 
2459491.629029 -0.000033 
2459492.560327 -0.000007 
2459493.491625 0.000027 
2459494.422923 0.000053 
2459495.354221 0.000059 
2459496.285519 0.000050 
2459497.216816 0.000037 
2459498.148114 0.000031 
2459499.079412 0.000032 
2459500.010710 0.000034 
2459500.942008 0.000027 
2459501.873306 0.000012 
2459502.804604 -0.000003 
2459503.735901 -0.000008 
2459504.667199 0.000001 
2459505.598497 0.000015 
2459506.529795 0.000022 
2459507.461093 0.000018 
2459508.392391 0.000011 
2459509.323689 0.000017 
2459510.254986 0.000043 
2459511.186284 0.000079 
2459512.117582 0.000101 
2459513.048880 0.000085 
2459513.980178 0.000031 
2459514.911476 -0.000036 
2459515.842773 -0.000078 
2459516.774071 -0.000067 
2459517.705369 -0.000008 
2459518.636667 0.000068 
2459519.567965 0.000122 
2459520.499263 0.000134 
2459521.430561 0.000112 
2459522.361858 0.000083 
2459523.293156 0.000070 
2459524.224454 0.000074 
2459525.155752 0.000078 
2459526.087050 0.000064 
2459527.018348 0.000031 
2459527.949646 -0.000002 
2459528.880943 -0.000014 
2459529.812241 0.000003 
2459530.743539 0.000032 
2459531.674837 0.000053 
2459532.606135 0.000054 
2459533.537433 0.000049 
2459534.468731 0.000064 
2459535.400028 0.000111 
2459536.331326 0.000171 
2459537.262624 0.000202 
2459538.193922 0.000168 
2459539.125220 0.000069 
2459540.056518 -0.000048 
2459540.987815 -0.000119 
2459541.919113 -0.000101 
2459542.850411 -0.000003 
2459543.781709 0.000120 
2459544.713007 0.000205 
2459545.644305 0.000219 
2459546.575603 0.000180 
2459547.506900 0.000133 
2459548.438198 0.000114 
2459549.369496 0.000125 
2459550.300794 0.000136 
2459551.232092 0.000117 
2459552.163390 0.000065 
2459553.094688 0.000009 
2459554.025985 -0.000016 
2459554.957283 0.000006 
2459555.888581 0.000058 
2459556.819879 0.000108 
2459557.751177 0.000136 
2459558.682475 0.000152 
2459559.613772 0.000182 
2459560.545070 0.000240 
2459561.476368 0.000303 
2459562.407666 0.000323 
2459563.338964 0.000260 
2459564.270262 0.000122 
2459565.201560 -0.000032 
2459566.132857 -0.000123 
2459567.064155 -0.000104 
2459567.995453 0.000011 
2459568.926751 0.000152 
2459569.858049 0.000244 
2459570.789347 0.000252 
2459571.720645 0.000200 
2459572.651942 0.000145 
2459573.583240 0.000129 
2459574.514538 0.000153 
2459575.445836 0.000180 
2459576.377134 0.000169 
2459577.308432 0.000111 
2459578.239730 0.000037 
2459579.171027 -0.000006 
2459580.102325 0.000012 
2459581.033623 0.000086 
2459581.964921 0.000185 
2459582.896219 0.000277 
2459583.827517 0.000346 
2459584.758814 0.000398 
2459585.690112 0.000433 
2459586.621410 0.000442 
2459587.552708 0.000403 
2459588.484006 0.000305 
2459589.415304 0.000166 
2459590.346602 0.000034 
2459591.277899 -0.000041 
2459592.209197 -0.000034 
2459593.140495 0.000034 
2459594.071793 0.000115 
2459595.003091 0.000157 
2459595.934389 0.000144 
2459596.865687 0.000098 
2459597.796984 0.000061 
2459598.728282 0.000066 
2459599.659580 0.000111 
2459600.590878 0.000164 
2459601.522176 0.000184 
2459602.453474 0.000153 
2459603.384771 0.000085 
2459604.316069 0.000024 
2459605.247367 0.000020 
2459606.178665 0.000103 
2459607.109963 0.000264 
2459608.041261 0.000457 
2459608.972559 0.000617 
2459609.903856 0.000689 
2459610.835154 0.000652 
2459611.766452 0.000530 
2459612.697750 0.000375 
2459613.629048 0.000245 
2459614.560346 0.000169 
2459615.491644 0.000141 
2459616.422941 0.000130 
2459617.354239 0.000103 
2459618.285537 0.000046 
2459619.216835 -0.000027 
2459620.148133 -0.000093 
2459621.079431 -0.000133 
2459622.010728 -0.000145 
2459622.942026 -0.000129 
2459623.873324 -0.000088 
2459624.804622 -0.000022 
2459625.735920 0.000063 
2459626.667218 0.000140 
2459627.598516 0.000171 
2459628.529813 0.000137 
2459629.461111 0.000064 
2459630.392409 0.000025 
2459631.323707 0.000101 
2459632.255005 0.000318 
2459633.186303 0.000617 
2459634.117601 0.000868 
2459635.048898 0.000944 
2459635.980196 0.000808 
2459636.911494 0.000533 
2459637.842792 0.000266 
2459638.774090 0.000128 
2459639.705388 0.000140 
2459640.636686 0.000220 
2459641.567983 0.000248 
2459642.499281 0.000156 
2459643.430579 -0.000031 
2459644.361877 -0.000224 
2459645.293175 -0.000339 
2459646.224473 -0.000355 
2459647.155770 -0.000313 
2459648.087068 -0.000261 
2459649.018366 -0.000210 
2459649.949664 -0.000137 
2459650.880962 -0.000022 
2459651.812260 0.000107 
2459652.743558 0.000184 
2459653.674855 0.000161 
2459654.606153 0.000069 
2459655.537451 0.000011 
2459656.468749 0.000100 
2459657.400047 0.000359 
2459658.331345 0.000692 
2459659.262643 0.000937 
2459660.193940 0.000975 
2459661.125238 0.000818 
2459662.056536 0.000584 
2459662.987834 0.000403 
2459663.919132 0.000318 
2459664.850430 0.000260 
2459665.781727 0.000134 
2459666.713025 -0.000081 
2459667.644323 -0.000295 
2459668.575621 -0.000374 
2459669.506919 -0.000256 
2459670.438217 -0.000014 
2459671.369515 0.000193 
2459672.300812 0.000249 
2459673.232110 0.000175 
2459674.163408 0.000098 
2459675.094706 0.000134 
2459676.026004 0.000275 
2459676.957302 0.000388 
2459677.888600 0.000341 
2459678.819897 0.000139 
2459679.751195 -0.000058 
2459680.682493 -0.000060 
2459681.613791 0.000183 
2459682.545089 0.000527 
2459683.476387 0.000748 
2459684.407684 0.000757 
2459685.338982 0.000692 
2459686.270280 0.000806 
2459687.201578 0.001203 
2459688.132876 0.001658 
2459689.064174 0.001718 
2459689.995472 0.001048 
2459690.926769 -0.000225 
2459691.858067 -0.001477 
2459692.789365 -0.001944 
2459693.720663 -0.001247 
2459694.651961 0.000311 
2459695.583259 0.001915 
2459696.514557 0.002789 
2459697.445854 0.002704 
2459698.377152 0.002068 
2459699.308450 0.001538 
2459700.239748 0.001469 
2459701.171046 0.001664 
2459702.102344 0.001617 
2459703.033642 0.001031 
2459703.964939 0.000150 
2459704.896237 -0.000421 
2459705.827535 -0.000245 
2459706.758833 0.000512 
2459707.690131 0.001187 
2459708.621429 0.001217 
2459709.552726 0.000726 
2459710.484024 0.000534 
2459711.415322 0.001475 
2459712.346620 0.003525 
2459713.277918 0.005508 
2459714.209216 0.005766 
2459715.140514 0.003421 
2459716.071811 -0.000727 
2459717.003109 -0.004446 
2459717.934407 -0.005430 
2459718.865705 -0.002858 
2459719.797003 0.001992 
2459720.728301 0.006579 
2459721.659599 0.008788 
2459722.590896 0.008248 
2459723.522194 0.006318 
2459724.453492 0.004828 
2459725.384790 0.004610 
2459726.316088 0.005001 
2459727.247386 0.004651 
2459728.178683 0.002900 
2459729.109981 0.000492 
2459730.041279 -0.001002 
2459730.972577 -0.000570 
2459731.903875 0.001289 
2459732.835173 0.002949 
2459733.766471 0.003138 
2459734.697768 0.002231 
2459735.629066 0.002119 
2459736.560364 0.004561 
2459737.491662 0.009290 
2459738.422960 0.013558 
2459739.354258 0.013794 
2459740.285556 0.008354 
2459741.216853 -0.000738 
2459742.148151 -0.008592 
2459743.079449 -0.010468 
2459744.010747 -0.004961 
2459744.942045 0.004997 
2459745.873343 0.014097 
2459746.804640 0.018182 
2459747.735938 0.016763 
2459748.667236 0.012764 
2459749.598534 0.009864 
2459750.529832 0.009608 
2459751.461130 0.010558 
2459752.392428 0.009991 
2459753.323725 0.006583 
2459754.255023 0.001754 
2459755.186321 -0.001445 
2459756.117619 -0.000933 
2459757.048917 0.002623 
2459757.980215 0.006430 
2459758.911513 0.008110 
2459759.842810 0.007938 
2459760.774108 0.008686 
2459761.705406 0.012966 
2459762.636704 0.020243 
2459763.568002 0.026205 
2459764.499300 0.025471 
2459765.430598 0.015861 
2459766.361895 0.000904 
2459767.293193 -0.011655 
2459768.224491 -0.014656 
2459769.155789 -0.006300 
2459770.087087 0.008606 
2459771.018385 0.021889 
2459771.949682 0.027423 
2459772.880980 0.024776 
2459773.812278 0.018594 
2459774.743576 0.014469 
2459775.674874 0.014643 
2459776.606172 0.016809 
2459777.537470 0.016683 
2459778.468767 0.012004 
2459779.400065 0.004632 
2459780.331363 -0.000893 
2459781.262661 -0.000971 
2459782.193959 0.004337 
2459783.125257 0.011708 
2459784.056555 0.017591 
2459784.987852 0.021141 
2459785.919150 0.024451 
2459786.850448 0.029856 
2459787.781746 0.036718 
2459788.713044 0.040743 
2459789.644342 0.036840 
2459790.575639 0.023527 
2459791.506937 0.005291 
2459792.438235 -0.009343 
2459793.369533 -0.013038 
2459794.300831 -0.004492 
2459795.232129 0.010654 
2459796.163427 0.023602 
2459797.094724 0.028157 
2459798.026022 0.024352 
2459798.957320 0.017507 
2459799.888618 0.013716 
2459800.819916 0.015300 
2459801.751214 0.019540 
2459802.682512 0.021338 
2459803.613809 0.017507 
2459804.545107 0.009352 
2459805.476405 0.001786 
2459806.407703 -0.000077 
2459807.339001 0.005828 
2459808.270299 0.017672 
2459809.201596 0.031429 
2459810.132894 0.043433 
2459811.064192 0.051790 
2459811.995490 0.056008 
2459812.926788 0.055794 
2459813.858086 0.050546 
2459814.789384 0.040130 
2459815.720681 0.026122 
2459816.651979 0.012110 
2459817.583277 0.002316 
2459818.514575 -0.000713 
2459819.445873 0.002296 
2459820.377171 0.007718 
2459821.308469 0.011258 
2459822.239766 0.010573 
2459823.171064 0.006574 
2459824.102362 0.002605 
2459825.033660 0.002113 
2459825.964958 0.006322 
2459826.896256 0.013320 
2459827.827554 0.019097 
2459828.758851 0.019940 
2459829.690149 0.014903 
2459830.621447 0.006962 
2459831.552745 0.002070 
2459832.484043 0.006258 
2459833.415341 0.022100 
2459834.346638 0.046442 
2459835.277936 0.071025 
2459836.209234 0.086171 
2459837.140532 0.085792 
2459838.071830 0.070834 
2459839.003128 0.048837 
2459839.934426 0.029613 
2459840.865723 0.019613 
2459841.797021 0.018578 
2459842.728319 0.020624 
2459843.659617 0.018846 
2459844.590915 0.010102 
2459845.522213 -0.003346 
2459846.453511 -0.016134 
2459847.384808 -0.023863 
2459848.316106 -0.025601 
2459849.247404 -0.023162 
2459850.178702 -0.018406 
2459851.110000 -0.011482 
2459852.041298 -0.001791 
2459852.972595 0.009429 
2459853.903893 0.017977 
2459854.835191 0.019131 
2459855.766489 0.012346 
2459856.697787 0.004092 
2459857.629085 0.005282 
2459858.560383 0.023834 
2459859.491680 0.057450 
2459860.422978 0.092627 
2459861.354276 0.111904 
2459862.285574 0.105040 
2459863.216872 0.076181 
2459864.148170 0.041437 
2459865.079468 0.018188 
2459866.010765 0.013714 
2459866.942063 0.021388 
2459867.873361 0.026938 
2459868.804659 0.019664 
2459869.735957 -0.000081 
2459870.667255 -0.022447 
2459871.598553 -0.036616 
2459872.529850 -0.038841 
2459873.461148 -0.033605 
2459874.392446 -0.027786 
2459875.323744 -0.023813 
2459876.255042 -0.018250 
2459877.186340 -0.006903 
2459878.117637 0.008817 
2459879.048935 0.021029 
2459879.980233 0.021783 
2459880.911531 0.011403 
2459881.842829 0.000782 
2459882.774127 0.004278 
2459883.705425 0.028187 
2459884.636722 0.064421 
2459885.568020 0.095423 
2459886.499318 0.106984 
2459887.430616 0.098534 
2459888.361914 0.082030 
2459889.293212 0.070205 
2459890.224510 0.064452 
2459891.155807 0.053562 
2459892.087105 0.025337 
2459893.018403 -0.018696 
2459893.949701 -0.059180 
2459894.880999 -0.070973 
2459895.812297 -0.042853 
2459896.743594 0.011449 
2459897.674892 0.061317 
2459898.606190 0.081264 
2459899.537488 0.069408 
2459900.468786 0.046924 
2459901.400084 0.038604 
2459902.331382 0.050960 
2459903.262679 0.067059 
2459904.193977 0.063127 
2459905.125275 0.032531 
2459906.056573 -0.004881 
2459906.987871 -0.018065 
2459907.919169 0.007472 
2459908.850467 0.054611 
2459909.781764 0.088123 
2459910.713062 0.087419 
2459911.644360 0.069527 
2459912.575658 0.078076 
2459913.506956 0.142324 
2459914.438254 0.239386 
2459915.369551 0.296327 
2459916.300849 0.239694 
2459917.232147 0.059295 
2459918.163445 -0.165397 
2459919.094743 -0.304845 
2459920.026041 -0.263608 
2459920.957339 -0.049177 
2459921.888636 0.228111 
2459922.819934 0.427835 
2459923.751232 0.472677 
2459924.682530 0.392538 
2459925.613828 0.287594 
2459926.545126 0.242137 
2459927.476424 0.259912 
2459928.407721 0.272849 
2459929.339019 0.212935 
2459930.270317 0.082846 
2459931.201615 -0.038667 
2459932.132913 -0.063987 
2459933.064211 0.021905 
2459933.995509 0.141267 
2459934.926806 0.190082 
2459935.858104 0.138486 
2459936.789402 0.074084 
2459937.720700 0.137216 
2459938.651998 0.388959 
2459939.583296 0.720825 
2459940.514593 0.896603 
2459941.445891 0.716780 
2459942.377189 0.189946 
2459943.308487 -0.427465 
2459944.239785 -0.773446 
2459945.171083 -0.616709 
2459946.102381 -0.018283 
2459947.033678 0.704372 
2459947.964976 1.189610 
2459948.896274 1.266144 
2459949.827572 1.038932 
2459950.758870 0.770665 
2459951.690168 0.661214 
2459952.621466 0.702916 
2459953.552763 0.721844 
2459954.484061 0.559400 
2459955.415359 0.232734 
2459956.346657 -0.066761 
2459957.277955 -0.136578 
2459958.209253 0.055466 
2459959.140550 0.336285 
2459960.071848 0.480284 
2459961.003146 0.423168 
2459961.934444 0.343147 
2459962.865742 0.516284 
2459963.797040 1.046758 
2459964.728338 1.699269 
2459965.659635 2.003351 
2459966.590933 1.588537 
2459967.522231 0.508329 
2459968.453529 -0.711237 
2459969.384827 -1.371730 
2459970.316125 -1.058120 
2459971.247423 0.076328 
2459972.178720 1.409999 
2459973.110018 2.270270 
2459974.041316 2.364739 
2459974.972614 1.916389 
2459975.903912 1.422606 
2459976.835210 1.244845 
2459977.766507 1.354650 
2459978.697805 1.421798 
2459979.629103 1.147876 
2459980.560401 0.553751 
2459981.491699 -0.021164 
2459982.422997 -0.200543 
2459983.354295 0.113402 
2459984.285592 0.665997 
2459985.216890 1.084587 
2459986.148188 1.217618 
2459987.079486 1.273538 
2459988.010784 1.617394 
2459988.942082 2.381201 
2459989.873380 3.227415 
2459990.804677 3.507351 
2459991.735975 2.740637 
2459992.667273 1.058490 
2459993.598571 -0.758334 
2459994.529869 -1.727233 
2459995.461167 -1.302737 
2459996.392465 0.253347 
2459997.323762 2.047736 
2459998.255060 3.154632 
2459999.186358 3.203667 
2460000.117656 2.539796 
2460001.048954 1.868764 
2460001.980252 1.687470 
2460002.911549 1.941584 
2460003.842847 2.150930 
2460004.774145 1.866193 
2460005.705443 1.070408 
2460006.636741 0.206771 
2460007.568039 -0.168145 
2460008.499337 0.194717 
2460009.430634 1.084808 
2460010.361932 2.051308 
2460011.293230 2.782383 
2460012.224528 3.308782 
2460013.155826 3.861971 
2460014.087124 4.527675 
2460015.018422 5.024698 
2460015.949719 4.841842 
2460016.881017 3.658668 
2460017.812315 1.713946 
2460018.743613 -0.206953 
2460019.674911 -1.211227 
2460020.606209 -0.870995 
2460021.537506 0.487873 
2460022.468804 2.000825 
2460023.400102 2.835479 
2460024.331400 2.711524 
2460025.262698 2.009535 
2460026.193996 1.418538 
2460027.125294 1.405396 
2460028.056591 1.897784 
2460028.987889 2.389848 
2460029.919187 2.359725 
2460030.850485 1.675313 
2460031.781783 0.703402 
2460032.713081 0.073344 
2460033.644379 0.287504 
2460034.575676 1.445173 
2460035.506974 3.227929 
2460036.438272 5.100170 
2460037.369570 6.559577 
2460038.300868 7.294137 
2460039.232166 7.211585 
2460040.163463 6.397693 
2460041.094761 5.068526 
2460042.026059 3.530542 
2460042.957357 2.120689 
2460043.888655 1.110868 
2460044.819953 0.609364 
2460045.751251 0.521151 
2460046.682548 0.604725 
2460047.613846 0.602720 
2460048.545144 0.376362 
2460049.476442 -0.026244 
2460050.407740 -0.397889 
2460051.339038 -0.479825 
2460052.270336 -0.104530 
2460053.201633 0.683698 
2460054.132931 1.593449 
2460055.064229 2.187516 
2460055.995527 2.118141 
2460056.926825 1.398486 
2460057.858123 0.533355 
2460058.789421 0.354766 
2460059.720718 1.569093 
2460060.652016 4.245081 
2460061.583314 7.590614 
2460062.514612 10.247974 
2460063.445910 11.011890 
2460064.377208 9.551252 
2460065.308505 6.647631 
2460066.239803 3.746426 
2460067.171101 2.081323 
2460068.102399 1.947026 
2460069.033697 2.609380 
2460069.964995 2.897040 
2460070.896293 2.035974 
2460071.827590 0.131470 
2460072.758888 -2.008855 
2460073.690186 -3.511056 
2460074.621484 -4.005438 
2460075.552782 -3.714471 
2460076.484080 -3.074943 
2460077.415378 -2.298574 
2460078.346675 -1.287330 
2460079.277973 0.046316 
2460080.209271 1.416455 
2460081.140569 2.196861 
2460082.071867 1.934353 
2460083.003165 0.936182 
2460083.934462 0.346598 
2460084.865760 1.472611 
2460085.797058 4.750990 
2460086.728356 9.147473 
2460087.659654 12.565262 
2460088.590952 13.114138 
2460089.522250 10.395227 
2460090.453547 5.856730 
2460091.384845 1.900974 
2460092.316143 0.330100 
2460093.247441 1.218300 
2460094.178739 2.996618 
2460095.110037 3.649868 
2460096.041335 2.126395 
2460096.972632 -1.046733 
2460097.903930 -4.305605 
2460098.835228 -6.233882 
2460099.766526 -6.449936 
2460100.697824 -5.585933 
2460101.629122 -4.524198 
2460102.560419 -3.629238 
2460103.491717 -2.629492 
2460104.423015 -1.169230 
2460105.354313 0.566577 
2460106.285611 1.814055 
2460107.216909 1.891240 
2460108.148207 0.990651 
2460109.079504 0.330777 
2460110.010802 1.377508 
2460110.942100 4.644982 
2460111.873398 9.029111 
2460112.804696 12.306884 
2460113.735994 12.557895 
2460114.667292 9.511647 
2460115.598589 4.809684 
2460116.529887 0.942435 
2460117.461185 -0.398622 
2460118.392483 0.624115 
2460119.323781 2.264601 
2460120.255079 2.536869 
2460121.186377 0.613146 
2460122.117674 -2.720485 
2460123.048972 -5.785969 
2460123.980270 -7.263102 
2460124.911568 -6.992504 
2460125.842866 -5.803019 
2460126.774164 -4.647768 
2460127.705461 -3.842849 
2460128.636759 -3.022261 
2460129.568057 -1.747966 
2460130.499355 -0.138628 
2460131.430653 1.109360 
2460132.361951 1.363087 
2460133.293249 0.781632 
2460134.224546 0.423815 
2460135.155844 1.524244 
2460136.087142 4.449619 
2460137.018440 8.185137 
2460137.949738 10.845071 
2460138.881036 10.910745 
2460139.812334 8.300054 
2460140.743631 4.456268 
2460141.674929 1.364667 
2460142.606227 0.210377 
2460143.537525 0.655156 
2460144.468823 1.233085 
2460145.400121 0.521818 
2460146.331418 -1.809726 
2460147.262716 -4.831343 
2460148.194014 -7.109204 
2460149.125312 -7.745883 
2460150.056610 -6.904299 
2460150.987908 -5.488677 
2460151.919206 -4.339652 
2460152.850503 -3.641466 
2460153.781801 -2.989136 
2460154.713099 -1.966638 
2460155.644397 -0.659151 
2460156.575695 0.385043 
2460157.506993 0.711415 
2460158.438291 0.517592 
2460159.369588 0.663844 
2460160.300886 2.043413 
2460161.232184 4.785870 
2460162.163482 7.959006 
2460163.094780 10.075052 
2460164.026078 10.072107 
2460164.957376 8.043152 
2460165.888673 5.153271 
2460166.819971 2.798737 
2460167.751269 1.639909 
2460168.682567 1.229033 
2460169.613865 0.487286 
2460170.545163 -1.366586 
2460171.476460 -4.161237 
2460172.407758 -6.875663 
2460173.339056 -8.382344 
2460174.270354 -8.231782 
2460175.201652 -6.887782 
2460176.132950 -5.287488 
2460177.064248 -4.130104 
2460177.995545 -3.470358 
2460178.926843 -2.892193 
2460179.858141 -2.037552 
2460180.789439 -0.986933 
2460181.720737 -0.153411 
2460182.652035 0.196356 
2460183.583333 0.335549 
2460184.514630 0.985586 
2460185.445928 2.756113 
2460186.377226 5.555289 
2460187.308524 8.475867 
2460188.239822 10.304826 
2460189.171120 10.305297 
2460190.102417 8.685418 
2460191.033715 6.396407 
2460191.965013 4.416577 
2460192.896311 3.072274 
2460193.827609 1.908881 
2460194.758907 0.187906 
2460195.690205 -2.401468 
2460196.621502 -5.383056 
2460197.552800 -7.762358 
2460198.484098 -8.703064 
2460199.415396 -8.084915 
2460200.346694 -6.531912 
2460201.277992 -4.927561 
2460202.209290 -3.822519 
2460203.140587 -3.185682 
2460204.071885 -2.636714 
2460205.003183 -1.899381 
2460205.934481 -1.059699 
2460206.865779 -0.415954 
2460207.797077 -0.083275 
2460208.728374 0.260222 
2460209.659672 1.215229 
2460210.590970 3.178780 
2460211.522268 5.922387 
2460212.453566 8.598060 
2460213.384864 10.212902 
2460214.316162 10.239445 
2460215.247459 8.911057 
2460216.178757 6.987961 
2460217.110055 5.183801 
2460218.041353 3.695627 
2460218.972651 2.185280 
2460219.903949 0.198202 
2460220.835247 -2.333829 
2460221.766544 -4.912248 
2460222.697842 -6.753933 
2460223.629140 -7.311358 
2460224.560438 -6.630029 
2460225.491736 -5.284628 
2460226.423034 -3.968803 
2460227.354332 -3.068037 
2460228.285629 -2.526382 
2460229.216927 -2.058734 
2460230.148225 -1.482773 
2460231.079523 -0.873195 
2460232.010821 -0.420972 
2460232.942119 -0.149920 
2460233.873416 0.228140 
2460234.804714 1.156081 
2460235.736012 2.871861 
2460236.667310 5.133560 
2460237.598608 7.269047 
2460238.529906 8.543451 
2460239.461204 8.588419 
2460240.392501 7.584926 
2460241.323799 6.077378 
2460242.255097 4.573477 
2460243.186395 3.235459 
2460244.117693 1.881157 
2460245.048991 0.263772 
2460245.980289 -1.613204 
2460246.911586 -3.402570 
2460247.842884 -4.611591 
2460248.774182 -4.930741 
2460249.705480 -4.437885 
2460250.636778 -3.530998 
2460251.568076 -2.656842 
2460252.499373 -2.050284 
2460253.430671 -1.669110 
2460254.361969 -1.338854 
2460255.293267 -0.956395 
2460256.224565 -0.572184 
2460257.155863 -0.292815 
2460258.087161 -0.109116 
2460259.018458 0.178267 
2460259.949756 0.847205 
2460260.881054 2.029369 
2460261.812352 3.550232 
2460262.743650 4.972303 
2460263.674948 5.827289 
2460264.606246 5.878090 
2460265.537543 5.228308 
2460266.468841 4.211743 
2460267.400139 3.155714 
2460268.331437 2.195915 
2460269.262735 1.267160 
2460270.194033 0.252252 
2460271.125330 -0.846385 
2460272.056628 -1.852886 
2460272.987926 -2.519399 
2460273.919224 -2.696051 
2460274.850522 -2.434446 
2460275.781820 -1.949397 
2460276.713118 -1.476699 
2460277.644415 -1.139605 
2460278.575713 -0.918093 
2460279.507011 -0.725302 
2460280.438309 -0.511419 
2460281.369607 -0.303291 
2460282.300905 -0.152576 
2460283.232203 -0.048268 
2460284.163500 0.118649 
2460285.094798 0.495027 
2460286.026096 1.148719 
2460286.957394 1.986003 
2460287.888692 2.773427 
2460288.819990 3.257169 
2460289.751288 3.300185 
2460290.682585 2.944795 
2460291.613883 2.363919 
2460292.545181 1.743684 
2460293.476479 1.183556 
2460294.407777 0.678037 
2460295.339075 0.177785 
2460296.270372 -0.329404 
2460297.201670 -0.784196 
2460298.132968 -1.090515 
2460299.064266 -1.185832 
2460299.995564 -1.088524 
2460300.926862 -0.886651 
2460301.858160 -0.680686 
2460302.789457 -0.526587 
2460303.720755 -0.420202 
2460304.652053 -0.327245 
2460305.583351 -0.226821 
2460306.514649 -0.129622 
2460307.445947 -0.057612 
2460308.377245 -0.007053 
2460309.308542 0.068182 
2460310.239840 0.232940 
2460311.171138 0.520868 
2460312.102436 0.895971 
2460313.033734 1.257392 
2460313.965032 1.488237 
2460314.896329 1.517282 
2460315.827627 1.353326 
2460316.758925 1.071781 
2460317.690223 0.766129 
2460318.621521 0.498793 
2460319.552819 0.282096 
2460320.484117 0.095471 
2460321.415414 -0.080479 
2460322.346712 -0.240910 
2460323.278010 -0.359776 
2460324.209308 -0.412293 
2460325.140606 -0.396297 
2460326.071904 -0.335571 
2460327.003202 -0.264157 
2460327.934499 -0.205543 
2460328.865797 -0.162898 
2460329.797095 -0.125922 
2460330.728393 -0.085975 
2460331.659691 -0.045353 
2460332.590989 -0.012916 
2460333.522286 0.009111 
2460334.453584 0.034252 
2460335.384882 0.086773 
2460336.316180 0.184179 
2460337.247478 0.319704 
2460338.178776 0.458807 
2460339.110074 0.554298 
2460340.041371 0.571394 
2460340.972669 0.506655 
2460341.903967 0.388638 
2460342.835265 0.260464 
2460343.766563 0.156241 
2460344.697861 0.086393 
2460345.629159 0.039695 
2460346.560456 -0.001989 
2460347.491754 -0.048135 
2460348.423052 -0.093813 
2460349.354350 -0.125990 
2460350.285648 -0.135207 
2460351.216946 -0.123036 
2460352.148244 -0.100255 
2460353.079541 -0.078443 
2460354.010839 -0.062435 
2460354.942137 -0.049439 
2460355.873435 -0.034518 
2460356.804733 -0.016805 
2460357.736031 -0.000626 
2460358.667328 0.009463 
2460359.598626 0.015028 
2460360.529924 0.025182 
2460361.461222 0.050656 
2460362.392520 0.094401 
2460363.323818 0.146185 
2460364.255116 0.186289 
2460365.186413 0.196737 
2460366.117711 0.172569 
2460367.049009 0.125160 
2460367.980307 0.075066 
2460368.911605 0.039351 
2460369.842903 0.022149 
2460370.774201 0.014678 
2460371.705498 0.003880 
2460372.636796 -0.017141 
2460373.568094 -0.044490 
2460374.499392 -0.067354 
2460375.430690 -0.076588 
2460376.361988 -0.071122 
2460377.293285 -0.057635 
2460378.224583 -0.044621 
2460379.155881 -0.036141 
2460380.087179 -0.030264 
2460381.018477 -0.022767 
2460381.949775 -0.012239 
2460382.881073 -0.001755 
2460383.812370 0.004359 
2460384.743668 0.005630 
2460385.674966 0.007473 
2460386.606264 0.017711 
2460387.537562 0.039935 
2460388.468860 0.069083 
2460389.400158 0.093300 
2460390.331455 0.101269 
2460391.262753 0.089758 
2460392.194051 0.065689 
2460393.125349 0.041089 
2460394.056647 0.024683 
2460394.987945 0.016416 
2460395.919243 0.008859 
2460396.850540 -0.005885 
2460397.781838 -0.029281 
2460398.713136 -0.054750 
2460399.644434 -0.072332 
2460400.575732 -0.075769 
2460401.507030 -0.066521 
2460402.438327 -0.051953 
2460403.369625 -0.039582 
2460404.300923 -0.032182 
2460405.232221 -0.027357 
2460406.163519 -0.021290 
2460407.094817 -0.012930 
2460408.026115 -0.004839 
2460408.957412 -0.000101 
2460409.888710 0.001705 
2460410.820008 0.005505 
2460411.751306 0.017326 
2460412.682604 0.038976 
2460413.613902 0.065221 
2460414.545200 0.086145 
2460415.476497 0.093288 
2460416.407795 0.085051 
2460417.339093 0.067297 
2460418.270391 0.048704 
2460419.201689 0.034499 
2460420.132987 0.023349 
2460421.064284 0.009650 
2460421.995582 -0.010799 
2460422.926880 -0.036347 
2460423.858178 -0.059761 
2460424.789476 -0.072950 
2460425.720774 -0.072427 
2460426.652072 -0.061385 
2460427.583369 -0.047042 
2460428.514667 -0.035597 
2460429.445965 -0.028751 
2460430.377263 -0.024142 
2460431.308561 -0.018746 
2460432.239859 -0.011978 
2460433.171157 -0.005820 
2460434.102454 -0.002098 
2460435.033752 0.000400 
2460435.965050 0.006052 
2460436.896348 0.019257 
2460437.827646 0.040389 
2460438.758944 0.064236 
2460439.690241 0.082498 
2460440.621539 0.088737 
2460441.552837 0.082182 
2460442.484135 0.067621 
2460443.415433 0.051564 
2460444.346731 0.037694 
2460445.278029 0.025033 
2460446.209326 0.010014 
2460447.140624 -0.009412 
2460448.071922 -0.031022 
2460449.003220 -0.049105 
2460449.934518 -0.058134 
2460450.865816 -0.056455 
2460451.797114 -0.047214 
2460452.728411 -0.036004 
2460453.659709 -0.027209 
2460454.591007 -0.021808 
2460455.522305 -0.018026 
2460456.453603 -0.013838 
2460457.384901 -0.008980 
2460458.316199 -0.004777 
2460459.247496 -0.002161 
2460460.178794 0.000147 
2460461.110092 0.005409 
2460462.041390 0.016507 
2460462.972688 0.033235 
2460463.903986 0.051497 
2460464.835283 0.065277 
2460465.766581 0.070087 
2460466.697879 0.065445 
2460467.629177 0.054659 
2460468.560475 0.042207 
2460469.491773 0.030771 
2460470.423071 0.020088 
2460471.354368 0.008285 
2460472.285666 -0.005609 
2460473.216964 -0.020055 
2460474.148262 -0.031584 
2460475.079560 -0.037051 
2460476.010858 -0.035758 
2460476.942156 -0.029860 
2460477.873453 -0.022832 
2460478.804751 -0.017286 
2460479.736049 -0.013761 
2460480.667347 -0.011207 
2460481.598645 -0.008487 
2460482.529943 -0.005500 
2460483.461240 -0.002998 
2460484.392538 -0.001402 
2460485.323836 0.000195 
2460486.255134 0.003800 
2460487.186432 0.011074 
2460488.117730 0.021767 
2460489.049028 0.033318 
2460489.980325 0.042059 
2460490.911623 0.045236 
2460491.842921 0.042467 
2460492.774219 0.035641 
2460493.705517 0.027456 
2460494.636815 0.019726 
2460495.568113 0.012655 
2460496.499410 0.005456 
2460497.430708 -0.002357 
2460498.362006 -0.010101 
2460499.293304 -0.016154 
2460500.224602 -0.019041 
2460501.155900 -0.018473 
2460502.087197 -0.015548 
2460503.018495 -0.011999 
2460503.949793 -0.009129 
2460504.881091 -0.007226 
2460505.812389 -0.005804 
2460506.743687 -0.004330 
2460507.674985 -0.002767 
2460508.606282 -0.001473 
2460509.537580 -0.000627 
2460510.468878 0.000247 
2460511.400176 0.002162 
2460512.331474 0.005952 
2460513.262772 0.011504 
2460514.194070 0.017537 
2460515.125367 0.022179 
2460516.056665 0.023965 
2460516.987963 0.022588 
2460517.919261 0.018928 
2460518.850559 0.014393 
2460519.781857 0.010075 
2460520.713155 0.006313 
2460521.644452 0.002860 
2460522.575750 -0.000568 
2460523.507048 -0.003844 
2460524.438346 -0.006431 
2460525.369644 -0.007768 
2460526.300942 -0.007705 
2460527.232239 -0.006631 
2460528.163537 -0.005217 
2460529.094835 -0.004008 
2460530.026133 -0.003159 
2460530.957431 -0.002505 
2460531.888729 -0.001842 
2460532.820027 -0.001144 
2460533.751324 -0.000552 
2460534.682622 -0.000152 
2460535.613920 0.000231 
2460536.545218 0.001007 
2460537.476516 0.002550 
2460538.407814 0.004862 
2460539.339112 0.007448 
2460540.270409 0.009515 
2460541.201707 0.010375 
2460542.133005 0.009808 
2460543.064303 0.008140 
2460543.995601 0.006013 
2460544.926899 0.004014 
2460545.858196 0.002416 
2460546.789494 0.001164 
2460547.720792 0.000067 
2460548.652090 -0.000975 
2460549.583388 -0.001879 
2460550.514686 -0.002462 
2460551.445984 -0.002608 
2460552.377281 -0.002370 
2460553.308579 -0.001938 
2460554.239877 -0.001513 
2460555.171175 -0.001190 
2460556.102473 -0.000940 
2460557.033771 -0.000689 
2460557.965069 -0.000412 
2460558.896366 -0.000154 
2460559.827664 0.000030 
2460560.758962 0.000166 
2460561.690260 0.000383 
2460562.621558 0.000843 
2460563.552856 0.001603 
2460564.484153 0.002530 
2460565.415451 0.003333 
2460566.346749 0.003710 
2460567.278047 0.003517 
2460568.209345 0.002849 
2460569.140643 0.001980 
2460570.071941 0.001200 
2460571.003238 0.000669 
2460571.934536 0.000361 
2460572.865834 0.000140 
2460573.797132 -0.000122 
2460574.728430 -0.000443 
2460575.659728 -0.000742 
2460576.591026 -0.000912 
2460577.522323 -0.000909 
2460578.453621 -0.000780 
2460579.384919 -0.000616 
2460580.316217 -0.000486 
2460581.247515 -0.000393 
2460582.178813 -0.000302 
2460583.110111 -0.000183 
2460584.041408 -0.000052 
2460584.972706 0.000046 
2460585.904004 0.000091 
2460586.835302 0.000121 
2460587.766600 0.000220 
2460588.697898 0.000453 
2460589.629195 0.000799 
2460590.560493 0.001141 
2460591.491791 0.001327 
2460592.423089 0.001269 
2460593.354387 0.000995 
2460594.285685 0.000638 
2460595.216983 0.000343 
2460596.148280 0.000184 
2460597.079578 0.000124 
2460598.010876 0.000062 
2460598.942174 -0.000080 
2460599.873472 -0.000298 
2460600.804770 -0.000515 
2460601.736068 -0.000640 
2460602.667365 -0.000634 
2460603.598663 -0.000534 
2460604.529961 -0.000413 
2460605.461259 -0.000326 
2460606.392557 -0.000274 
2460607.323855 -0.000223 
2460608.255152 -0.000148 
2460609.186450 -0.000059 
2460610.117748 0.000009 
2460611.049046 0.000034 
2460611.980344 0.000041 
2460612.911642 0.000091 
2460613.842940 0.000235 
2460614.774237 0.000463 
2460615.705535 0.000694 
2460616.636833 0.000828 
2460617.568131 0.000805 
2460618.499429 0.000650 
2460619.430727 0.000449 
2460620.362025 0.000287 
2460621.293322 0.000191 
2460622.224620 0.000120 
2460623.155918 0.000005 
2460624.087216 -0.000185 
2460625.018514 -0.000414 
2460625.949812 -0.000601 
2460626.881109 -0.000676 
2460627.812407 -0.000628 
2460628.743705 -0.000507 
2460629.675003 -0.000383 
2460630.606301 -0.000300 
2460631.537599 -0.000253 
2460632.468897 -0.000208 
2460633.400194 -0.000145 
2460634.331492 -0.000074 
2460635.262790 -0.000021 
2460636.194088 0.000003 
2460637.125386 0.000026 
2460638.056684 0.000101 
2460638.987982 0.000259 
2460639.919279 0.000479 
2460640.850577 0.000690 
2460641.781875 0.000808 
2460642.713173 0.000794 
2460643.644471 0.000673 
2460644.575769 0.000512 
2460645.507067 0.000372 
2460646.438364 0.000262 
2460647.369662 0.000150 
2460648.300960 -0.000008 
2460649.232258 -0.000217 
2460650.163556 -0.000431 
2460651.094854 -0.000582 
2460652.026151 -0.000623 
2460652.957449 -0.000559 
2460653.888747 -0.000442 
2460654.820045 -0.000332 
2460655.751343 -0.000259 
2460656.682641 -0.000215 
2460657.613939 -0.000175 
2460658.545236 -0.000124 
2460659.476534 -0.000070 
2460660.407832 -0.000031 
2460661.339130 -0.000008 
2460662.270428 0.000024 
2460663.201726 0.000107 
2460664.133024 0.000259 
2460665.064321 0.000456 
2460665.995619 0.000635 
2460666.926917 0.000734 
2460667.858215 0.000725 
2460668.789513 0.000629 
2460669.720811 0.000496 
2460670.652108 0.000370 
2460671.583406 0.000261 
2460672.514704 0.000145 
2460673.446002 0.000000 
2460674.377300 -0.000171 
2460675.308598 -0.000333 
2460676.239896 -0.000439 
2460677.171193 -0.000460 
2460678.102491 -0.000408 
2460679.033789 -0.000321 
2460679.965087 -0.000241 
2460680.896385 -0.000187 
2460681.827683 -0.000154 
2460682.758981 -0.000123 
2460683.690278 -0.000087 
2460684.621576 -0.000009 
