# time model 
2453115.032645 0.620165 
2453115.963943 0.339059 
2453116.895241 0.071111 
2453117.826539 -0.175920 
2453118.757836 -0.397606 
2453119.689134 -0.591868 
2453120.620432 -0.758137 
2453121.551730 -0.896732 
2453122.483028 -1.008426 
2453123.414326 -1.094153 
2453124.345624 -1.154835 
2453125.276921 -1.191269 
2453126.208219 -1.204067 
2453127.139517 -1.193626 
2453128.070815 -1.160117 
2453129.002113 -1.103494 
2453129.933411 -1.023514 
2453130.864708 -0.919784 
2453131.796006 -0.791830 
2453132.727304 -0.639214 
2453133.658602 -0.461720 
2453134.589900 -0.259620 
2453135.521198 -0.034091 
2453136.452496 0.212223 
2453137.383793 0.474466 
2453138.315091 0.744701 
2453139.246389 1.011118 
2453140.177687 1.257705 
2453141.108985 1.464986 
2453142.040283 1.612409 
2453142.971581 1.682400 
2453143.902878 1.665002 
2453144.834176 1.561051 
2453145.765474 1.382152 
2453146.696772 1.147390 
2453147.628070 0.878522 
2453148.559368 0.595770 
2453149.490665 0.315388 
2453150.421963 0.048987 
2453151.353261 -0.196001 
2453152.284559 -0.415387 
2453153.215857 -0.607249 
2453154.147155 -0.771120 
2453155.078453 -0.907370 
2453156.009750 -1.016796 
2453156.941048 -1.100337 
2453157.872346 -1.158907 
2453158.803644 -1.193289 
2453159.734942 -1.204079 
2453160.666240 -1.191652 
2453161.597538 -1.156163 
2453162.528835 -1.097545 
2453163.460133 -1.015543 
2453164.391431 -0.909750 
2453165.322729 -0.779693 
2453166.254027 -0.624945 
2453167.185325 -0.445316 
2453168.116622 -0.241141 
2453169.047920 -0.013697 
2453169.979218 0.234214 
2453170.910516 0.497505 
2453171.841814 0.767936 
2453172.773112 1.033337 
2453173.704410 1.277348 
2453174.635707 1.480284 
2453175.567005 1.621667 
2453176.498303 1.684403 
2453177.429601 1.659373 
2453178.360899 1.548393 
2453179.292197 1.363875 
2453180.223495 1.125326 
2453181.154792 0.854517 
2453182.086090 0.571396 
2453183.017388 0.291823 
2453183.948686 0.027023 
2453184.879984 -0.215892 
2453185.811282 -0.432963 
2453186.742580 -0.622424 
2453187.673877 -0.783899 
2453188.605175 -0.917810 
2453189.536473 -1.024975 
2453190.467771 -1.106336 
2453191.399069 -1.162800 
2453192.330367 -1.195136 
2453193.261664 -1.203919 
2453194.192962 -1.189509 
2453195.124260 -1.152038 
2453196.055558 -1.091424 
2453196.986856 -1.007396 
2453197.918154 -0.899538 
2453198.849452 -0.767375 
2453199.780749 -0.610491 
2453200.712047 -0.428730 
2453201.643345 -0.222490 
2453202.574643 0.006849 
2453203.505941 0.256320 
2453204.437239 0.520599 
2453205.368537 0.791136 
2453206.299834 1.055399 
2453207.231132 1.296689 
2453208.162430 1.495125 
2453209.093728 1.630340 
2453210.025026 1.685752 
2453210.956324 1.653104 
2453211.887621 1.535188 
2453212.818919 1.345197 
2453213.750217 1.103025 
2453214.681515 0.830423 
2453215.612813 0.547051 
2453216.544111 0.268370 
2453217.475409 0.005222 
2453218.406706 -0.235590 
2453219.338004 -0.450335 
2453220.269302 -0.637392 
2453221.200600 -0.796474 
2453222.131898 -0.928053 
2453223.063196 -1.032963 
2453223.994494 -1.112152 
2453224.925791 -1.166516 
2453225.857089 -1.196808 
2453226.788387 -1.203588 
2453227.719685 -1.187195 
2453228.650983 -1.147743 
2453229.582281 -1.085131 
2453230.513578 -0.999073 
2453231.444876 -0.889146 
2453232.376174 -0.754873 
2453233.307472 -0.595853 
2453234.238770 -0.411964 
2453235.170068 -0.203667 
2453236.101366 0.027546 
2453237.032663 0.278538 
2453237.963961 0.543742 
2453238.895259 0.814292 
2453239.826557 1.077294 
2453240.757855 1.315714 
2453241.689153 1.509497 
2453242.620451 1.638419 
2453243.551748 1.686443 
2453244.483046 1.646199 
2453245.414344 1.521446 
2453246.345642 1.326133 
2453247.276940 1.080500 
2453248.208238 0.806252 
2453249.139536 0.522743 
2453250.070833 0.245034 
2453251.002131 -0.016412 
2453251.933429 -0.255095 
2453252.864727 -0.467501 
2453253.796025 -0.652152 
2453254.727323 -0.808846 
2453255.658620 -0.938098 
2453256.589918 -1.040762 
2453257.521216 -1.117785 
2453258.452514 -1.170053 
2453259.383812 -1.198307 
2453260.315110 -1.203087 
2453261.246408 -1.184711 
2453262.177705 -1.143276 
2453263.109003 -1.078664 
2453264.040301 -0.990574 
2453264.971599 -0.878574 
2453265.902897 -0.742189 
2453266.834195 -0.581032 
2453267.765493 -0.395017 
2453268.696790 -0.184674 
2453269.628088 0.048390 
2453270.559386 0.300862 
2453271.490684 0.566927 
2453272.421982 0.837395 
2453273.353280 1.099009 
2453274.284577 1.334409 
2453275.215875 1.523388 
2453276.147173 1.645895 
2453277.078471 1.686476 
2453278.009769 1.638663 
2453278.941067 1.507180 
2453279.872365 1.306697 
2453280.803662 1.057767 
2453281.734960 0.782016 
2453282.666258 0.498481 
2453283.597556 0.221821 
2453284.528854 -0.037876 
2453285.460152 -0.274405 
2453286.391450 -0.484462 
2453287.322747 -0.666706 
2453288.254045 -0.821016 
2453289.185343 -0.947948 
2453290.116641 -1.048372 
2453291.047939 -1.123235 
2453291.979237 -1.173414 
2453292.910535 -1.199633 
2453293.841832 -1.202415 
2453294.773130 -1.182058 
2453295.704428 -1.138639 
2453296.635726 -1.072024 
2453297.567024 -0.981898 
2453298.498322 -0.867823 
2453299.429619 -0.729322 
2453300.360917 -0.566027 
2453301.292215 -0.377889 
2453302.223513 -0.165512 
2453303.154811 0.069379 
2453304.086109 0.323289 
2453305.017407 0.590147 
2453305.948704 0.860436 
2453306.880002 1.120533 
2453307.811300 1.352762 
2453308.742598 1.536786 
2453309.673896 1.652761 
2453310.605194 1.685850 
2453311.536492 1.630504 
2453312.467789 1.492401 
2453313.399087 1.286902 
2453314.330385 1.034837 
2453315.261683 0.757726 
2453316.192981 0.474272 
2453317.124279 0.198735 
2453318.055576 -0.059167 
2453318.986874 -0.293519 
2453319.918172 -0.501217 
2453320.849470 -0.681054 
2453321.780768 -0.832983 
2453322.712066 -0.957602 
2453323.643364 -1.055793 
2453324.574661 -1.128503 
2453325.505959 -1.176598 
2453326.437257 -1.200787 
2453327.368555 -1.201572 
2453328.299853 -1.179234 
2453329.231151 -1.133831 
2453330.162449 -1.065211 
2453331.093746 -0.973046 
2453332.025044 -0.856891 
2453332.956342 -0.716272 
2453333.887640 -0.550838 
2453334.818938 -0.360582 
2453335.750236 -0.146183 
2453336.681533 0.090509 
2453337.612831 0.345813 
2453338.544129 0.613395 
2453339.475427 0.883404 
2453340.406725 1.141854 
2453341.338023 1.370760 
2453342.269321 1.549678 
2453343.200618 1.659009 
2453344.131916 1.684564 
2453345.063214 1.621728 
2453345.994512 1.477122 
2453346.925810 1.266764 
2453347.857108 1.011724 
2453348.788406 0.733391 
2453349.719703 0.450125 
2453350.651001 0.175781 
2453351.582299 -0.080283 
2453352.513597 -0.312434 
2453353.444895 -0.517766 
2453354.376193 -0.695195 
2453355.307491 -0.844749 
2453356.238788 -0.967060 
2453357.170086 -1.063026 
2453358.101384 -1.133589 
2453359.032682 -1.179606 
2453359.963980 -1.201767 
2453360.895278 -1.200558 
2453361.826575 -1.176240 
2453362.757873 -1.128851 
2453363.689171 -1.058224 
2453364.620469 -0.964017 
2453365.551767 -0.845778 
2453366.483065 -0.703039 
2453367.414363 -0.535465 
2453368.345660 -0.343096 
2453369.276958 -0.126689 
2453370.208256 0.111779 
2453371.139554 0.368430 
2453372.070852 0.636663 
2453373.002150 0.906289 
2453373.933448 1.162957 
2453374.864745 1.388388 
2453375.796043 1.562054 
2453376.727341 1.664634 
2453377.658639 1.682619 
2453378.589937 1.612343 
2453379.521235 1.461354 
2453380.452532 1.246297 
2453381.383830 0.988441 
2453382.315128 0.709023 
2453383.246426 0.426046 
2453384.177724 0.152965 
2453385.109022 -0.101221 
2453386.040320 -0.331151 
2453386.971617 -0.534108 
2453387.902915 -0.709130 
2453388.834213 -0.856313 
2453389.765511 -0.976325 
2453390.696809 -1.070072 
2453391.628107 -1.138495 
2453392.559405 -1.182438 
2453393.490702 -1.202576 
2453394.422000 -1.199375 
2453395.353298 -1.173076 
2453396.284596 -1.123701 
2453397.215894 -1.051063 
2453398.147192 -0.954811 
2453399.078489 -0.834485 
2453400.009787 -0.689622 
2453400.941085 -0.519910 
2453401.872383 -0.325432 
2453402.803681 -0.107030 
2453403.734979 0.133184 
2453404.666277 0.391135 
2453405.597574 0.659945 
2453406.528872 0.929082 
2453407.460170 1.183832 
2453408.391468 1.405633 
2453409.322766 1.573902 
2453410.254064 1.669627 
2453411.185362 1.680015 
2453412.116659 1.602357 
2453413.047957 1.445111 
2453413.979255 1.225513 
2453414.910553 0.965001 
2453415.841851 0.684631 
2453416.773149 0.402043 
2453417.704447 0.130290 
2453418.635744 -0.121979 
2453419.567042 -0.349667 
2453420.498340 -0.550244 
2453421.429638 -0.722860 
2453422.360936 -0.867677 
2453423.292234 -0.985395 
2453424.223531 -1.076931 
2453425.154829 -1.143220 
2453426.086127 -1.185094 
2453427.017425 -1.203212 
2453427.948723 -1.198021 
2453428.880021 -1.169742 
2453429.811319 -1.118378 
2453430.742616 -1.043728 
2453431.673914 -0.945427 
2453432.605212 -0.823011 
2453433.536510 -0.676021 
2453434.467808 -0.504171 
2453435.399106 -0.307591 
2453436.330404 -0.087210 
2453437.261701 0.154722 
2453438.192999 0.413923 
2453439.124297 0.683231 
2453440.055595 0.951770 
2453440.986893 1.204465 
2453441.918191 1.422483 
2453442.849488 1.585210 
2453443.780786 1.673985 
2453444.712084 1.676754 
2453445.643382 1.591777 
2453446.574680 1.428405 
2453447.505978 1.204428 
2453448.437276 0.941417 
2453449.368573 0.660226 
2453450.299871 0.378123 
2453451.231169 0.107761 
2453452.162467 -0.142553 
2453453.093765 -0.367983 
2453454.025063 -0.566172 
2453454.956361 -0.736384 
2453455.887658 -0.878841 
2453456.818956 -0.994272 
2453457.750254 -1.083603 
2453458.681552 -1.147765 
2453459.612850 -1.187575 
2453460.544148 -1.203677 
2453461.475445 -1.196496 
2453462.406743 -1.166238 
2453463.338041 -1.112884 
2453464.269339 -1.036219 
2453465.200637 -0.935865 
2453466.131935 -0.811355 
2453467.063233 -0.662237 
2453467.994530 -0.488249 
2453468.925828 -0.289573 
2453469.857126 -0.067229 
2453470.788424 0.176389 
2453471.719722 0.436787 
2453472.651020 0.706514 
2453473.582318 0.974344 
2453474.513615 1.224844 
2453475.444913 1.438923 
2453476.376211 1.595969 
2453477.307509 1.677702 
2453478.238807 1.672839 
2453479.170105 1.580614 
2453480.101403 1.411249 
2453481.032700 1.183056 
2453481.963998 0.917701 
2453482.895296 0.635817 
2453483.826594 0.354292 
2453484.757892 0.085382 
2453485.689190 -0.162942 
2453486.620487 -0.386096 
2453487.551785 -0.581894 
2453488.483083 -0.749703 
2453489.414381 -0.889805 
2453490.345679 -1.002957 
2453491.276977 -1.090090 
2453492.208275 -1.152130 
2453493.139572 -1.189882 
2453494.070870 -1.203970 
2453495.002168 -1.194802 
2453495.933466 -1.162563 
2453496.864764 -1.107218 
2453497.796062 -1.028534 
2453498.727360 -0.926125 
2453499.658657 -0.799517 
2453500.589955 -0.648269 
2453501.521253 -0.472144 
2453502.452551 -0.271380 
2453503.383849 -0.047090 
2453504.315147 0.198182 
2453505.246444 0.459722 
2453506.177742 0.729786 
2453507.109040 0.996793 
2453508.040338 1.244955 
2453508.971636 1.454941 
2453509.902934 1.606168 
2453510.834232 1.680773 
2453511.765529 1.668272 
2453512.696827 1.568877 
2453513.628125 1.393658 
2453514.559423 1.161410 
2453515.490721 0.893866 
2453516.422019 0.611414 
2453517.353317 0.330557 
2453518.284614 0.063158 
2453519.215912 -0.183144 
2453520.147210 -0.404007 
2453521.078508 -0.597408 
2453522.009806 -0.762817 
2453522.941104 -0.900571 
2453523.872401 -1.011450 
2453524.803699 -1.096392 
2453525.734997 -1.156316 
2453526.666295 -1.192014 
2453527.597593 -1.204091 
2453528.528891 -1.192938 
2453529.460189 -1.158718 
2453530.391486 -1.101380 
2453531.322784 -1.020675 
2453532.254082 -0.916206 
2453533.185380 -0.787498 
2453534.116678 -0.634117 
2453535.047976 -0.455857 
2453535.979274 -0.253012 
2453536.910571 -0.026794 
2453537.841869 0.220097 
2453538.773167 0.482722 
2453539.704465 0.753038 
2453540.635763 1.019104 
2453541.567061 1.264785 
2453542.498359 1.470525 
2453543.429656 1.615796 
2453544.360954 1.683194 
2453545.292252 1.663057 
2453546.223550 1.556575 
2453547.154848 1.375644 
2453548.086146 1.139505 
2453549.017443 0.869923 
2453549.948741 0.587025 
2453550.880039 0.306924 
2453551.811337 0.041090 
2453552.742635 -0.203157 
2453553.673933 -0.421714 
2453554.605231 -0.612716 
2453555.536528 -0.775727 
2453556.467826 -0.911137 
2453557.399124 -1.019751 
2453558.330422 -1.102510 
2453559.261720 -1.160324 
2453560.193018 -1.193971 
2453561.124316 -1.204041 
2453562.055613 -1.190903 
2453562.986911 -1.154703 
2453563.918209 -1.095370 
2453564.849507 -1.012641 
2453565.780805 -0.906108 
2453566.712103 -0.775296 
2453567.643400 -0.619782 
2453568.574698 -0.439388 
2453569.505996 -0.234472 
2453570.437294 -0.006345 
2453571.368592 0.242130 
2453572.299890 0.505782 
2453573.231188 0.776261 
2453574.162485 1.041268 
2453575.093783 1.284321 
2453576.025081 1.485660 
2453576.956379 1.624846 
2453577.887677 1.684962 
2453578.818975 1.657198 
2453579.750273 1.543719 
2453580.681570 1.357221 
2453581.612868 1.117354 
2453582.544166 0.845885 
2453583.475464 0.562660 
2453584.406762 0.283398 
2453585.338060 0.019185 
2453586.269358 -0.222979 
2453587.200655 -0.439217 
2453588.131953 -0.627816 
2453589.063251 -0.788432 
2453589.994549 -0.921507 
2453590.925847 -1.027862 
2453591.857145 -1.108443 
2453592.788442 -1.164153 
2453593.719740 -1.195755 
2453594.651038 -1.203820 
2453595.582336 -1.188698 
2453596.513634 -1.150517 
2453597.444932 -1.089187 
2453598.376230 -1.004431 
2453599.307527 -0.895831 
2453600.238825 -0.762912 
2453601.170123 -0.605262 
2453602.101421 -0.422738 
2453603.032719 -0.215758 
2453603.964017 0.014255 
2453604.895315 0.264276 
2453605.826612 0.528895 
2453606.757910 0.799447 
2453607.689208 1.063272 
2453608.620506 1.303550 
2453609.551804 1.500334 
2453610.483102 1.633306 
2453611.414399 1.686075 
2453612.345697 1.650700 
2453613.276995 1.530320 
2453614.208293 1.338403 
2453615.139591 1.094971 
2453616.070889 0.821762 
2453617.002187 0.538328 
2453617.933484 0.259987 
2453618.864782 -0.002557 
2453619.796080 -0.242608 
2453620.727378 -0.456515 
2453621.658676 -0.642710 
2453622.589974 -0.800935 
2453623.521272 -0.931678 
2453624.452569 -1.035782 
2453625.383867 -1.114193 
2453626.315165 -1.167805 
2453627.246463 -1.197366 
2453628.177761 -1.203428 
2453629.109059 -1.186324 
2453630.040356 -1.146160 
2453630.971654 -1.082831 
2453631.902952 -0.996045 
2453632.834250 -0.885375 
2453633.765548 -0.750345 
2453634.696846 -0.590559 
2453635.628144 -0.405906 
2453636.559441 -0.196874 
2453637.490739 0.035005 
2453638.422037 0.286533 
2453639.353335 0.552054 
2453640.284633 0.822585 
2453641.215931 1.085104 
2453642.147229 1.322458 
2453643.078526 1.514535 
2453644.009824 1.641170 
2453644.941122 1.686531 
2453645.872420 1.643568 
2453646.803718 1.516389 
2453647.735016 1.319204 
2453648.666314 1.072370 
2453649.597611 0.797567 
2453650.528909 0.514035 
2453651.460207 0.236694 
2453652.391505 -0.024130 
2453653.322803 -0.262044 
2453654.254101 -0.473608 
2453655.185398 -0.657396 
2453656.116696 -0.813234 
2453657.047994 -0.941654 
2453657.979292 -1.043513 
2453658.910590 -1.119760 
2453659.841888 -1.171279 
2453660.773186 -1.198803 
2453661.704483 -1.202865 
2453662.635781 -1.183779 
2453663.567079 -1.141633 
2453664.498377 -1.076302 
2453665.429675 -0.987482 
2453666.360973 -0.874739 
2453667.292271 -0.737595 
2453668.223568 -0.575671 
2453669.154866 -0.388894 
2453670.086164 -0.177820 
2453671.017462 0.055901 
2453671.948760 0.308894 
2453672.880058 0.575252 
2453673.811355 0.845667 
2453674.742653 1.106752 
2453675.673951 1.341032 
2453676.605249 1.528251 
2453677.536547 1.648428 
2453678.467845 1.686328 
2453679.399143 1.635808 
2453680.330440 1.501938 
2453681.261738 1.299638 
2453682.193036 1.049564 
2453683.124334 0.773310 
2453684.055632 0.489791 
2453684.986930 0.213526 
2453685.918228 -0.045533 
2453686.849525 -0.281283 
2453687.780823 -0.490495 
2453688.712121 -0.671876 
2453689.643419 -0.825331 
2453690.574717 -0.951433 
2453691.506015 -1.051055 
2453692.437312 -1.125145 
2453693.368610 -1.174576 
2453694.299908 -1.200067 
2453695.231206 -1.202132 
2453696.162504 -1.181065 
2453697.093802 -1.136934 
2453698.025100 -1.069600 
2453698.956397 -0.978744 
2453699.887695 -0.863923 
2453700.818993 -0.724663 
2453701.750291 -0.560600 
2453702.681589 -0.371702 
2453703.612887 -0.158599 
2453704.544185 0.076941 
2453705.475482 0.331357 
2453706.406780 0.598483 
2453707.338078 0.868683 
2453708.269376 1.128204 
2453709.200674 1.359259 
2453710.131972 1.541469 
2453711.063270 1.655073 
2453711.994567 1.685465 
2453712.925865 1.627427 
2453713.857163 1.486978 
2453714.788461 1.279718 
2453715.719759 1.026567 
2453716.651057 0.749002 
2453717.582354 0.465604 
2453718.513652 0.190486 
2453719.444950 -0.066761 
2453720.376248 -0.300326 
2453721.307546 -0.507177 
2453722.238844 -0.686150 
2453723.170142 -0.837226 
2453724.101439 -0.961017 
2453725.032737 -1.058409 
2453725.964035 -1.130348 
2453726.895333 -1.177697 
2453727.826631 -1.201158 
2453728.757929 -1.201228 
2453729.689227 -1.178180 
2453730.620524 -1.132065 
2453731.551822 -1.062725 
2453732.483120 -0.969828 
2453733.414418 -0.852926 
2453734.345716 -0.711547 
2453735.277014 -0.545345 
2453736.208311 -0.354331 
2453737.139609 -0.139210 
2453738.070907 0.098122 
2453739.002205 0.353915 
2453739.933503 0.621739 
2453740.864801 0.891622 
2453741.796099 1.149448 
2453742.727396 1.377125 
2453743.658694 1.554177 
2453744.589992 1.661099 
2453745.521290 1.683942 
2453746.452588 1.618432 
2453747.383886 1.471522 
2453748.315184 1.259461 
2453749.246481 1.003392 
2453750.177779 0.724654 
2453751.109077 0.441480 
2453752.040375 0.167582 
2453752.971673 -0.087814 
2453753.902971 -0.319170 
2453754.834268 -0.523651 
2453755.765566 -0.700217 
2453756.696864 -0.848920 
2453757.628162 -0.970405 
2453758.559460 -1.065575 
2453759.490758 -1.135369 
2453760.422056 -1.180642 
2453761.353353 -1.202077 
2453762.284651 -1.200153 
2453763.215949 -1.175125 
2453764.147247 -1.127024 
2453765.078545 -1.055676 
2453766.009843 -0.960736 
2453766.941141 -0.841749 
2453767.872438 -0.698248 
2453768.803736 -0.529907 
2453769.735034 -0.336781 
2453770.666332 -0.119657 
2453771.597630 0.119441 
2453772.528928 0.376564 
2453773.460226 0.645012 
2453774.391523 0.914475 
2453775.322821 1.170472 
2453776.254119 1.394618 
2453777.185417 1.566365 
2453778.116715 1.666498 
2453779.048013 1.681760 
2453779.979310 1.608830 
2453780.910608 1.455582 
2453781.841906 1.238878 
2453782.773204 0.980051 
2453783.704502 0.700276 
2453784.635800 0.417428 
2453785.567098 0.144815 
2453786.498395 -0.108687 
2453787.429693 -0.337815 
2453788.360991 -0.539919 
2453789.292289 -0.714078 
2453790.223587 -0.860412 
2453791.154885 -0.979600 
2453792.086183 -1.072553 
2453793.017480 -1.140210 
2453793.948778 -1.183411 
2453794.880076 -1.202824 
2453795.811374 -1.198909 
2453796.742672 -1.171900 
2453797.673970 -1.121811 
2453798.605267 -1.048452 
2453799.536565 -0.951466 
2453800.467863 -0.830390 
2453801.399161 -0.684765 
2453802.330459 -0.514286 
2453803.261757 -0.319054 
2453804.193055 -0.099940 
2453805.124352 0.140894 
2453806.055650 0.399299 
2453806.986948 0.668296 
2453807.918246 0.937232 
2453808.849544 1.191261 
2453809.780842 1.411723 
2453810.712140 1.578020 
2453811.643437 1.671264 
2453812.574735 1.678921 
2453813.506033 1.598630 
2453814.437331 1.439171 
2453815.368629 1.217985 
2453816.299927 0.956558 
2453817.231224 0.675879 
2453818.162522 0.393454 
2453819.093820 0.122193 
2453820.025118 -0.129379 
2453820.956416 -0.356260 
2453821.887714 -0.555981 
2453822.819012 -0.727734 
2453823.750309 -0.871704 
2453824.681607 -0.988601 
2453825.612905 -1.079345 
2453826.544203 -1.144870 
2453827.475501 -1.186004 
2453828.406799 -1.203399 
2453829.338097 -1.197494 
2453830.269394 -1.168505 
2453831.200692 -1.116428 
2453832.131990 -1.041055 
2453833.063288 -0.942018 
2453833.994586 -0.818851 
2453834.925884 -0.671099 
2453835.857182 -0.498481 
2453836.788479 -0.301149 
2453837.719777 -0.080061 
2453838.651075 0.162479 
2453839.582373 0.422115 
2453840.513671 0.691582 
2453841.444969 0.959880 
2453842.376266 1.211804 
2453843.307564 1.428427 
2453844.238862 1.589133 
2453845.170160 1.675392 
2453846.101458 1.675425 
2453847.032756 1.587840 
2453847.964054 1.422303 
2453848.895351 1.196795 
2453849.826649 0.932926 
2453850.757947 0.651471 
2453851.689245 0.369565 
2453852.620543 0.099717 
2453853.551841 -0.149887 
2453854.483139 -0.374503 
2453855.414436 -0.571835 
2453856.345734 -0.741184 
2453857.277032 -0.882797 
2453858.208330 -0.997409 
2453859.139628 -1.085951 
2453860.070926 -1.149351 
2453861.002223 -1.188423 
2453861.933521 -1.203801 
2453862.864819 -1.195908 
2453863.796117 -1.164940 
2453864.727415 -1.110872 
2453865.658713 -1.033483 
2453866.590011 -0.932392 
2453867.521308 -0.807130 
2453868.452606 -0.657249 
2453869.383904 -0.482493 
2453870.315202 -0.283068 
2453871.246500 -0.060024 
2453872.177798 0.184191 
2453873.109096 0.445005 
2453874.040393 0.714863 
2453874.971691 0.982411 
2453875.902989 1.232088 
2453876.834287 1.444718 
2453877.765585 1.599692 
2453878.696883 1.678878 
2453879.628181 1.671276 
2453880.559478 1.576470 
2453881.490776 1.404989 
2453882.422074 1.175323 
2453883.353372 0.909165 
2453884.284670 0.627064 
2453885.215968 0.345768 
2453886.147265 0.077393 
2453887.078563 -0.170210 
2453888.009861 -0.392544 
2453888.941159 -0.587482 
2453889.872457 -0.754430 
2453890.803755 -0.893689 
2453891.735053 -1.006025 
2453892.666350 -1.092372 
2453893.597648 -1.153652 
2453894.528946 -1.190667 
2453895.460244 -1.204033 
2453896.391542 -1.194153 
2453897.322840 -1.161204 
2453898.254138 -1.105144 
2453899.185435 -1.025736 
2453900.116733 -0.922588 
2453901.048031 -0.795227 
2453901.979329 -0.643215 
2453902.910627 -0.466323 
2453903.841925 -0.264812 
2453904.773222 -0.039828 
2453905.704520 0.206028 
2453906.635818 0.467964 
2453907.567116 0.738128 
2453908.498414 1.004811 
2453909.429712 1.252100 
2453910.361010 1.460581 
2453911.292307 1.609687 
2453912.223605 1.681716 
2453913.154903 1.666476 
2453914.086201 1.564529 
2453915.017499 1.387245 
2453915.948797 1.153582 
2453916.880095 0.885290 
2453917.811392 0.602664 
2453918.742690 0.322069 
2453919.673988 0.055225 
2453920.605286 -0.190344 
2453921.536584 -0.410381 
2453922.467882 -0.602922 
2453923.399179 -0.767470 
2453924.330477 -0.904383 
2453925.261775 -1.014449 
2453926.193073 -1.098608 
2453927.124371 -1.157774 
2453928.055669 -1.192736 
2453928.986967 -1.204093 
2453929.918264 -1.192227 
2453930.849562 -1.157298 
2453931.780860 -1.099244 
2453932.712158 -1.017814 
2453933.643456 -0.912605 
2453934.574754 -0.783142 
2453935.506052 -0.628997 
2453936.437349 -0.449971 
2453937.368647 -0.246382 
2453938.299945 -0.019478 
2453939.231243 0.227986 
2453940.162541 0.490987 
2453941.093839 0.761371 
2453942.025137 1.027071 
2453942.956434 1.271826 
2453943.887732 1.476005 
2453944.819030 1.619109 
2453945.750328 1.683903 
2453946.681626 1.661030 
2453947.612924 1.552027 
2453948.544221 1.369082 
2453949.475519 1.131587 
2453950.406817 0.861312 
2453951.338115 0.578283 
2453952.269413 0.298473 
2453953.200711 0.033215 
2453954.132009 -0.210289 
2453955.063306 -0.428015 
2453955.994604 -0.618156 
2453956.925902 -0.780307 
2453957.857200 -0.914879 
2453958.788498 -1.022682 
2453959.719796 -1.104659 
2453960.651094 -1.161718 
2453961.582391 -1.194631 
2453962.513689 -1.203981 
2453963.444987 -1.190132 
2453964.376285 -1.153221 
2453965.307583 -1.093172 
2453966.238881 -1.009716 
2453967.170178 -0.902443 
2453968.101476 -0.770875 
2453969.032774 -0.614595 
2453969.964072 -0.433437 
2453970.895370 -0.227779 
2453971.826668 0.001026 
2453972.757966 0.250060 
2453973.689263 0.514066 
2453974.620561 0.784582 
2453975.551859 1.049179 
2453976.483157 1.291253 
2453977.414455 1.490976 
2453978.345753 1.627948 
2453979.277051 1.685437 
2453980.208348 1.654941 
2453981.139646 1.538975 
2453982.070944 1.350516 
2453983.002242 1.109352 
2453983.933540 0.837242 
2453984.864838 0.553929 
2453985.796135 0.274988 
2453986.727433 0.011368 
2453987.658731 -0.230042 
2453988.590029 -0.445445 
2453989.521327 -0.633182 
2453990.452625 -0.792940 
2453991.383923 -0.925177 
2453992.315220 -1.030724 
2453993.246518 -1.110527 
2453994.177816 -1.165483 
2453995.109114 -1.196353 
2453996.040412 -1.203699 
2453996.971710 -1.187866 
2453997.903008 -1.148974 
2453998.834305 -1.086927 
2453999.765603 -1.001443 
2454000.696901 -0.892102 
2454001.628199 -0.758426 
2454002.559497 -0.600010 
2454003.490795 -0.416722 
2454004.422093 -0.209005 
2454005.353390 0.021680 
2454006.284688 0.272246 
2454007.215986 0.537196 
2454008.147284 0.807751 
2454009.078582 1.071122 
2454010.009880 1.310369 
2454010.941177 1.505482 
2454011.872475 1.636196 
2454012.803773 1.686315 
2454013.735071 1.648215 
2454014.666369 1.525384 
2454015.597667 1.331560 
2454016.528965 1.086889 
2454017.460262 0.813092 
2454018.391560 0.529610 
2454019.322858 0.251618 
2454020.254156 -0.010314 
2454021.185454 -0.249602 
2454022.116752 -0.462670 
2454023.048050 -0.648001 
2454023.979347 -0.805370 
2454024.910645 -0.935279 
2454025.841943 -1.038577 
2454026.773241 -1.116211 
2454027.704539 -1.169071 
2454028.635837 -1.197901 
2454029.567134 -1.203246 
2454030.498432 -1.185431 
2454031.429730 -1.144556 
2454032.361028 -1.080509 
2454033.292326 -0.992994 
2454034.223624 -0.881581 
2454035.154922 -0.745793 
2454036.086219 -0.585240 
2454037.017517 -0.399825 
2454037.948815 -0.190060 
2454038.880113 0.042483 
2454039.811411 0.294541 
2454040.742709 0.560370 
2454041.674007 0.830871 
2454042.605304 1.092890 
2454043.536602 1.329159 
2454044.467900 1.519511 
2454045.399198 1.643843 
2454046.330496 1.686534 
2454047.261794 1.640857 
2454048.193091 1.511265 
2454049.124389 1.312227 
2454050.055687 1.064213 
2454050.986985 0.788873 
2454051.918283 0.505334 
2454052.849581 0.228370 
2454053.780879 -0.031826 
2454054.712176 -0.268967 
2454055.643474 -0.479689 
2454056.574772 -0.662613 
2454057.506070 -0.817596 
2454058.437368 -0.945184 
2454059.368666 -1.046240 
2454060.299964 -1.121713 
2454061.231261 -1.172482 
2454062.162559 -1.199276 
2454063.093857 -1.202622 
2454064.025155 -1.182825 
2454064.956453 -1.139967 
2454065.887751 -1.073918 
2454066.819049 -0.984368 
2454067.750346 -0.870880 
2454068.681644 -0.732978 
2454069.612942 -0.570287 
2454070.544240 -0.382749 
2454071.475538 -0.170946 
2454072.406836 0.063431 
2454073.338133 0.316939 
2454074.269431 0.583581 
2454075.200729 0.853930 
2454076.132027 1.114469 
2454077.063325 1.347610 
2454077.994623 1.533049 
2454078.925921 1.650882 
2454079.857218 1.686094 
2454080.788516 1.632873 
2454081.719814 1.496630 
2454082.651112 1.292533 
2454083.582410 1.041337 
2454084.513708 0.764597 
2454085.445006 0.481109 
2454086.376303 0.205247 
2454087.307601 -0.053167 
2454088.238899 -0.288136 
2454089.170197 -0.496502 
2454090.101495 -0.677019 
2454091.032793 -0.829621 
2454091.964090 -0.954893 
2454092.895388 -1.053714 
2454093.826686 -1.127032 
2454094.757984 -1.175716 
2454095.689282 -1.200478 
2454096.620580 -1.201827 
2454097.551878 -1.180049 
2454098.483175 -1.135207 
2454099.414473 -1.067154 
2454100.345771 -0.975566 
2454101.277069 -0.859999 
2454102.208367 -0.719980 
2454103.139665 -0.555150 
2454104.070963 -0.365492 
2454105.002260 -0.151664 
2454105.933558 0.084522 
2454106.864856 0.339437 
2454107.796154 0.606821 
2454108.727452 0.876920 
2454109.658750 1.135848 
2454110.590048 1.365709 
2454111.521345 1.546086 
2454112.452643 1.657306 
2454113.383941 1.684995 
2454114.315239 1.624271 
2454115.246537 1.481491 
2454116.177835 1.272491 
2454117.109132 1.018275 
2454118.040430 0.740273 
2454118.971728 0.456944 
2454119.903026 0.182256 
2454120.834324 -0.074333 
2454121.765622 -0.307108 
2454122.696920 -0.513109 
2454123.628217 -0.691219 
2454124.559515 -0.841444 
2454125.490813 -0.964406 
2454126.422111 -1.061000 
2454127.353409 -1.132170 
2454128.284707 -1.178774 
2454129.216005 -1.201508 
2454130.147302 -1.200862 
2454131.078600 -1.177104 
2454132.009898 -1.130276 
2454132.941196 -1.060216 
2454133.872494 -0.966587 
2454134.803792 -0.848938 
2454135.735089 -0.706798 
2454136.666387 -0.539829 
2454137.597685 -0.348057 
2454138.528983 -0.132216 
2454139.460281 0.105753 
2454140.391579 0.362028 
2454141.322877 0.630085 
2454142.254174 0.899829 
2454143.185472 1.157015 
2454144.116770 1.383443 
2454145.048068 1.558609 
2454145.979366 1.663107 
2454146.910664 1.683235 
2454147.841962 1.615057 
2454148.773259 1.465860 
2454149.704557 1.252115 
2454150.635855 0.995039 
2454151.567153 0.715914 
2454152.498451 0.432845 
2454153.429749 0.159400 
2454154.361046 -0.095321 
2454155.292344 -0.325880 
2454156.223642 -0.529510 
2454157.154940 -0.705212 
2454158.086238 -0.853065 
2454159.017536 -0.973726 
2454159.948834 -1.068099 
2454160.880131 -1.137126 
2454161.811429 -1.181655 
2454162.742727 -1.202365 
2454163.674025 -1.199727 
2454164.605323 -1.173988 
2454165.536621 -1.125174 
2454166.467919 -1.053105 
2454167.399216 -0.957431 
2454168.330514 -0.837696 
2454169.261812 -0.693433 
2454170.193110 -0.524325 
2454171.124408 -0.330443 
2454172.055706 -0.112604 
2454172.987004 0.127120 
2454173.918301 0.384709 
2454174.849599 0.653363 
2454175.780897 0.922649 
2454176.712195 1.177956 
2454177.643493 1.400798 
2454178.574791 1.570607 
2454179.506088 1.668280 
2454180.437386 1.680818 
2454181.368684 1.605240 
2454182.299982 1.449750 
2454183.231280 1.231419 
2454184.162578 0.971642 
2454185.093876 0.691528 
2454186.025173 0.408820 
2454186.956471 0.136685 
2454187.887769 -0.116130 
2454188.819067 -0.344454 
2454189.750365 -0.545704 
2454190.681663 -0.719000 
2454191.612961 -0.864485 
2454192.544258 -0.982851 
2454193.475556 -1.075011 
2454194.406854 -1.141902 
2454195.338152 -1.184361 
2454196.269450 -1.203050 
2454197.200748 -1.198421 
2454198.132045 -1.170702 
2454199.063343 -1.119900 
2454199.994641 -1.045819 
2454200.925939 -0.948097 
2454201.857237 -0.826273 
2454202.788535 -0.679884 
2454203.719833 -0.508638 
2454204.651130 -0.312652 
2454205.582428 -0.092829 
2454206.513726 0.148621 
2454207.445024 0.407473 
2454208.376322 0.676648 
2454209.307620 0.945368 
2454210.238918 1.198658 
2454211.170215 1.417761 
2454212.101513 1.582069 
2454213.032811 1.672818 
2454213.964109 1.677742 
2454214.895407 1.594827 
2454215.826705 1.433173 
2454216.758002 1.210418 
2454217.689300 0.948097 
2454218.620598 0.667125 
2454219.551896 0.384876 
2454220.483194 0.114114 
2454221.414492 -0.136756 
2454222.345790 -0.362826 
2454223.277087 -0.561691 
2454224.208385 -0.732582 
2454225.139683 -0.875706 
2454226.070981 -0.991783 
2454227.002279 -1.081736 
2454227.933577 -1.146498 
2454228.864875 -1.186892 
2454229.796172 -1.203563 
2454230.727470 -1.196945 
2454231.658768 -1.167246 
2454232.590066 -1.114455 
2454233.521364 -1.038359 
2454234.452662 -0.938586 
2454235.383960 -0.814668 
2454236.315257 -0.666152 
2454237.246555 -0.492768 
2454238.177853 -0.294684 
2454239.109151 -0.072893 
2454240.040449 0.170252 
2454240.971747 0.430316 
2454241.903044 0.699933 
2454242.834342 0.967975 
2454243.765640 1.219110 
2454244.696938 1.434318 
2454245.628236 1.592984 
2454246.559534 1.676716 
2454247.490832 1.674012 
2454248.422129 1.583828 
2454249.353427 1.416143 
2454250.284725 1.189125 
2454251.216023 0.924418 
2454252.147321 0.642717 
2454253.078619 0.361019 
2454254.009917 0.091693 
2454254.941214 -0.157198 
2454255.872512 -0.380997 
2454256.803810 -0.577471 
2454257.735108 -0.745958 
2454258.666406 -0.886726 
2454259.597704 -1.000522 
2454260.529001 -1.088275 
2454261.460299 -1.150914 
2454262.391597 -1.189248 
2454263.322895 -1.203904 
2454264.254193 -1.195298 
2454265.185491 -1.163619 
2454266.116789 -1.108837 
2454267.048086 -1.030724 
2454267.979384 -0.928896 
2454268.910682 -0.802882 
2454269.841980 -0.652236 
2454270.773278 -0.476715 
2454271.704576 -0.276541 
2454272.635874 -0.052798 
2454273.567171 0.192010 
2454274.498469 0.453232 
2454275.429767 0.723209 
2454276.361065 0.990461 
2454277.292363 1.239298 
2454278.223661 1.450457 
2454279.154958 1.603342 
2454280.086256 1.679970 
2454281.017554 1.669629 
2454281.948852 1.572252 
2454282.880150 1.398674 
2454283.811448 1.167555 
2454284.742746 0.900615 
2454285.674043 0.618311 
2454286.605341 0.337256 
2454287.536639 0.069424 
2454288.467937 -0.177453 
2454289.399235 -0.398965 
2454290.330533 -0.593044 
2454291.261831 -0.759130 
2454292.193128 -0.897548 
2454293.124426 -1.009069 
2454294.055724 -1.094630 
2454294.987022 -1.155151 
2454295.918320 -1.191429 
2454296.849618 -1.204074 
2454297.780916 -1.193482 
2454298.712213 -1.159823 
2454299.643511 -1.103048 
2454300.574809 -1.022915 
2454301.506107 -0.919028 
2454302.437405 -0.790914 
2454303.368703 -0.638136 
2454304.300000 -0.460479 
2454305.231298 -0.258222 
2454306.162596 -0.032547 
2454307.093894 0.213890 
2454308.025192 0.476215 
2454308.956490 0.746468 
2454309.887788 1.012812 
2454310.819085 1.259209 
2454311.750383 1.466165 
2454312.681681 1.613133 
2454313.612979 1.682576 
2454314.544277 1.664597 
2454315.475575 1.560109 
2454316.406873 1.380778 
2454317.338170 1.145722 
2454318.269468 0.876701 
2454319.200766 0.593917 
2454320.132064 0.313594 
2454321.063362 0.047312 
2454321.994660 -0.197519 
2454322.925957 -0.416730 
2454323.857255 -0.608410 
2454324.788553 -0.772098 
2454325.719851 -0.908171 
2454326.651149 -1.017424 
2454327.582447 -1.100799 
2454328.513745 -1.159209 
2454329.445042 -1.193436 
2454330.376340 -1.204073 
2454331.307638 -1.191495 
2454332.238936 -1.155855 
2454333.170234 -1.097086 
2454334.101532 -1.014930 
2454335.032830 -0.908981 
2454335.964127 -0.778763 
2454336.895425 -0.623853 
2454337.826723 -0.444062 
2454338.758021 -0.239730 
2454339.689319 -0.012141 
2454340.620617 0.235890 
2454341.551914 0.499258 
2454342.483212 0.769700 
2454343.414510 1.035019 
2454344.345808 1.278829 
2454345.277106 1.481428 
2454346.208404 1.622347 
2454347.139702 1.684529 
2454348.070999 1.658919 
2454349.002297 1.547408 
2454349.933595 1.362469 
2454350.864893 1.123639 
2454351.796191 0.852689 
2454352.727489 0.569545 
2454353.658787 0.290037 
2454354.590084 0.025360 
2454355.521382 -0.217395 
2454356.452680 -0.434290 
2454357.383978 -0.623569 
2454358.315276 -0.784862 
2454359.246574 -0.918596 
2454360.177872 -1.025589 
2454361.109169 -1.106785 
2454362.040467 -1.163089 
2454362.971765 -1.195269 
2454363.903063 -1.203900 
2454364.834361 -1.189339 
2454365.765659 -1.151718 
2454366.696956 -1.090952 
2454367.628254 -1.006769 
2454368.559552 -0.898754 
2454369.490850 -0.766431 
2454370.422148 -0.609385 
2454371.353446 -0.427463 
2454372.284744 -0.221065 
2454373.216041 0.008417 
2454374.147339 0.258005 
2454375.078637 0.522357 
2454376.009935 0.792897 
2454376.941233 1.057069 
2454377.872531 1.298146 
2454378.803829 1.496233 
2454379.735126 1.630975 
2454380.666424 1.685827 
2454381.597722 1.652601 
2454382.529020 1.534162 
2454383.460318 1.343761 
2454384.391616 1.101321 
2454385.322913 0.828589 
2454386.254211 0.545202 
2454387.185509 0.266593 
2454388.116807 0.003572 
2454389.048105 -0.237079 
2454389.979403 -0.451646 
2454390.910701 -0.638521 
2454391.841998 -0.797421 
2454392.773296 -0.928823 
2454393.704594 -1.033563 
2454394.635892 -1.112586 
2454395.567190 -1.166791 
2454396.498488 -1.196928 
2454397.429786 -1.203556 
2454398.361083 -1.187012 
2454399.292381 -1.147409 
2454400.223679 -1.084645 
2454401.154977 -0.998433 
2454402.086275 -0.888349 
2454403.017573 -0.753916 
2454403.948871 -0.594733 
2454404.880168 -0.410682 
2454405.811466 -0.202229 
2454406.742764 0.029125 
2454407.674062 0.280230 
2454408.605360 0.545503 
2454409.536658 0.816050 
2454410.467955 1.078951 
2454411.399253 1.317146 
2454412.330551 1.510570 
2454413.261849 1.639008 
2454414.193147 1.686469 
2454415.124445 1.645648 
2454416.055743 1.520380 
2454416.987040 1.324668 
2454417.918338 1.078780 
2454418.849636 0.804413 
2454419.780934 0.520897 
2454420.712232 0.243266 
2454421.643530 -0.018049 
2454422.574828 -0.256570 
2454423.506125 -0.468797 
2454424.437423 -0.653266 
2454425.368721 -0.809778 
2454426.300019 -0.938854 
2454427.231317 -1.041347 
2454428.162615 -1.118205 
2454429.093912 -1.170315 
2454430.025210 -1.198414 
2454430.956508 -1.203042 
2454431.887806 -1.184516 
2454432.819104 -1.142930 
2454433.750402 -1.078165 
2454434.681700 -0.989921 
2454435.612997 -0.877764 
2454436.544295 -0.741218 
2454437.475593 -0.579898 
2454438.406891 -0.393721 
2454439.338189 -0.183224 
2454440.269487 0.049980 
2454441.200785 0.302563 
2454442.132082 0.568691 
2454443.063380 0.839149 
2454443.994678 1.100652 
2454444.925976 1.335816 
2454445.857274 1.524424 
2454446.788572 1.646438 
2454447.719869 1.686452 
2454448.651167 1.638065 
2454449.582465 1.506075 
2454450.513763 1.305205 
2454451.445061 1.056031 
2454452.376359 0.780172 
2454453.307657 0.496639 
2454454.238954 0.220062 
2454455.170252 -0.039500 
2454456.101550 -0.275865 
2454457.032848 -0.485743 
2454457.964146 -0.667804 
2454458.895444 -0.821933 
2454459.826742 -0.948688 
2454460.758039 -1.048942 
2454461.689337 -1.123641 
2454462.620635 -1.173662 
2454463.551933 -1.199727 
2454464.483231 -1.202357 
2454465.414529 -1.181849 
2454466.345827 -1.138280 
2454467.277124 -1.071512 
2454468.208422 -0.981232 
2454469.139720 -0.866998 
2454470.071018 -0.728337 
2454471.002316 -0.564879 
2454471.933614 -0.376580 
2454472.864911 -0.164049 
2454473.796209 0.070979 
2454474.727507 0.324997 
2454475.658805 0.591913 
2454476.590103 0.862184 
2454477.521401 1.122161 
2454478.452699 1.354143 
2454479.383996 1.537783 
2454480.315294 1.653257 
2454481.246592 1.685776 
2454482.177890 1.629859 
2454483.109188 1.491258 
2454484.040486 1.285384 
2454484.971784 1.033086 
2454485.903081 0.755878 
2454486.834379 0.472435 
2454487.765677 0.196985 
2454488.696975 -0.060778 
2454489.628273 -0.294963 
2454490.559571 -0.502482 
2454491.490868 -0.682136 
2454492.422166 -0.833885 
2454493.353464 -0.958327 
2454494.284762 -1.056349 
2454495.216060 -1.128896 
2454496.147358 -1.176833 
2454497.078656 -1.200867 
2454498.009953 -1.201501 
2454498.941251 -1.179013 
2454499.872549 -1.133459 
2454500.803847 -1.064686 
2454501.735145 -0.972366 
2454502.666443 -0.856053 
2454503.597741 -0.715273 
2454504.529038 -0.549676 
2454505.460336 -0.359259 
2454506.391634 -0.144707 
2454507.322932 0.092121 
2454508.254230 0.347529 
2454509.185528 0.615163 
2454510.116825 0.885146 
2454511.048123 1.143465 
2454511.979421 1.372113 
2454512.910719 1.550637 
2454513.842017 1.659459 
2454514.773315 1.684439 
2454515.704613 1.621036 
2454516.635910 1.475941 
2454517.567208 1.265220 
2454518.498506 1.009960 
2454519.429804 0.731540 
2454520.361102 0.448292 
2454521.292400 0.174042 
2454522.223698 -0.081881 
2454523.154995 -0.313864 
2454524.086293 -0.519015 
2454525.017591 -0.696261 
2454525.948889 -0.845635 
2454526.880187 -0.967771 
2454527.811485 -1.063568 
2454528.742783 -1.133968 
2454529.674080 -1.179827 
2454530.605378 -1.201835 
2454531.536676 -1.200474 
2454532.467974 -1.176006 
2454533.399272 -1.128466 
2454534.330570 -1.057686 
2454535.261867 -0.963324 
2454536.193165 -0.844927 
2454537.124463 -0.702026 
2454538.055761 -0.534290 
2454538.987059 -0.341760 
2454539.918357 -0.125200 
2454540.849655 0.113401 
2454541.780952 0.370153 
2454542.712250 0.638432 
2454543.643548 0.908025 
2454544.574846 1.164552 
2454545.506144 1.389712 
2454546.437442 1.562973 
2454547.368740 1.665035 
2454548.300037 1.682444 
2454549.231335 1.611605 
2454550.162633 1.460136 
2454551.093931 1.244728 
2454552.025229 0.986665 
2454552.956527 0.707170 
2454553.887824 0.424219 
2454554.819122 0.151236 
2454555.750420 -0.102805 
2454556.681718 -0.332565 
2454557.613016 -0.535342 
2454558.544314 -0.710181 
2454559.475612 -0.857184 
2454560.406909 -0.977021 
2454561.338207 -1.070600 
2454562.269505 -1.138860 
2454563.200803 -1.182646 
2454564.132101 -1.202630 
2454565.063399 -1.199278 
2454565.994697 -1.172829 
2454566.925994 -1.123302 
2454567.857292 -1.050512 
2454568.788590 -0.954104 
2454569.719888 -0.833619 
2454570.651186 -0.688595 
2454571.582484 -0.518720 
2454572.513781 -0.324083 
2454573.445079 -0.105530 
2454574.376377 0.134816 
2454575.307675 0.392864 
2454576.238973 0.661714 
2454577.170271 0.930810 
2454578.101569 1.185409 
2454579.032866 1.406928 
2454579.964164 1.574780 
2454580.895462 1.669981 
2454581.826760 1.679790 
2454582.758058 1.601573 
2454583.689356 1.443857 
2454584.620654 1.223921 
2454585.551951 0.963214 
2454586.483249 0.682777 
2454587.414547 0.400222 
2454588.345845 0.128573 
2454589.277143 -0.123549 
2454590.208441 -0.351066 
2454591.139739 -0.551462 
2454592.071036 -0.723895 
2454593.002334 -0.868533 
2454593.933632 -0.986077 
2454594.864930 -1.077444 
2454595.796228 -1.143571 
2454596.727526 -1.185289 
2454597.658823 -1.203254 
2454598.590121 -1.197911 
2454599.521419 -1.169482 
2454600.452717 -1.117967 
2454601.384015 -1.043164 
2454602.315313 -0.944706 
2454603.246611 -0.822131 
2454604.177908 -0.674980 
2454605.109206 -0.502967 
2454606.040504 -0.306228 
2454606.971802 -0.085697 
2454607.903100 0.156364 
2454608.834398 0.415657 
2454609.765696 0.685000 
2454610.696993 0.953490 
2454611.628291 1.206023 
2454612.559589 1.423747 
2454613.490887 1.586048 
2454614.422185 1.674290 
2454615.353483 1.676480 
2454616.284780 1.590949 
2454617.216078 1.427117 
2454618.147376 1.202814 
2454619.078674 0.939619 
2454620.009972 0.658371 
2454620.941270 0.376309 
2454621.872568 0.106055 
2454622.803865 -0.144109 
2454623.735163 -0.369366 
2454624.666461 -0.567374 
2454625.597759 -0.737403 
2454626.529057 -0.879681 
2454627.460355 -0.994939 
2454628.391653 -1.084103 
2454629.322950 -1.148103 
2454630.254248 -1.187757 
2454631.185546 -1.203705 
2454632.116844 -1.196374 
2454633.048142 -1.165965 
2454633.979440 -1.112460 
2454634.910737 -1.035641 
2454635.842035 -0.935131 
2454636.773333 -0.810462 
2454637.704631 -0.661182 
2454638.635929 -0.487031 
2454639.567227 -0.288197 
2454640.498525 -0.065704 
2454641.429822 0.178041 
2454642.361120 0.438527 
2454643.292418 0.708283 
2454644.223716 0.976055 
2454645.155014 1.226382 
2454646.086312 1.440155 
2454647.017610 1.596764 
2454647.948907 1.677958 
2454648.880205 1.672515 
2454649.811503 1.579742 
2454650.742801 1.409928 
2454651.674099 1.181420 
2454652.605397 0.915894 
2454653.536695 0.633962 
2454654.467992 0.352485 
2454655.399290 0.083688 
2454656.330588 -0.164484 
2454657.261886 -0.387465 
2454658.193184 -0.583080 
2454659.124482 -0.750706 
2454660.055779 -0.890630 
2454660.987077 -1.003609 
2454661.918375 -1.090576 
2454662.849673 -1.152454 
2454663.780971 -1.190050 
2454664.712269 -1.203985 
2454665.643567 -1.194666 
2454666.574864 -1.162277 
2454667.506162 -1.106781 
2454668.437460 -1.027943 
2454669.368758 -0.925377 
2454670.300056 -0.798610 
2454671.231354 -0.647200 
2454672.162652 -0.470913 
2454673.093949 -0.269990 
2454674.025247 -0.045553 
2454674.956545 0.199843 
2454675.887843 0.461468 
2454676.819141 0.731554 
2454677.750439 0.998493 
2454678.681736 1.246472 
2454679.613034 1.456141 
2454680.544332 1.606920 
2454681.475630 1.680979 
2454682.406928 1.667899 
2454683.338226 1.567961 
2454684.269524 1.392303 
2454685.200821 1.159754 
2454686.132119 0.892050 
2454687.063417 0.609560 
2454687.994715 0.328757 
2454688.926013 0.061475 
2454689.857311 -0.184672 
2454690.788609 -0.405360 
2454691.719906 -0.598579 
2454692.651204 -0.763805 
2454693.582502 -0.901381 
2454694.513800 -1.012087 
2454695.445098 -1.096864 
2454696.376396 -1.156627 
2454697.307694 -1.192169 
2454698.238991 -1.204093 
2454699.170289 -1.192789 
2454700.101587 -1.158419 
2454701.032885 -1.100929 
2454701.964183 -1.020071 
2454702.895481 -0.915445 
2454703.826778 -0.786577 
2454704.758076 -0.633034 
2454705.689374 -0.454612 
2454706.620672 -0.251610 
2454707.551970 -0.025246 
2454708.483268 0.221767 
2454709.414566 0.484473 
2454710.345863 0.754804 
2454711.277161 1.020794 
2454712.208459 1.266280 
2454713.139757 1.471691 
2454714.071055 1.616505 
2454715.002353 1.683351 
2454715.933651 1.662634 
2454716.864948 1.555617 
2454717.796246 1.374258 
2454718.727544 1.137830 
2454719.658842 0.868099 
2454720.590140 0.585173 
2454721.521438 0.305132 
2454722.452735 0.039420 
2454723.384033 -0.204670 
2454724.315331 -0.423051 
2454725.246629 -0.613871 
2454726.177927 -0.776699 
2454727.109225 -0.911932 
2454728.040523 -1.020374 
2454728.971820 -1.102967 
2454729.903118 -1.160621 
2454730.834416 -1.194113 
2454731.765714 -1.204030 
2454732.697012 -1.190742 
2454733.628310 -1.154391 
2454734.559608 -1.094906 
2454735.490905 -1.012023 
2454736.422203 -0.905333 
2454737.353501 -0.774361 
2454738.284799 -0.618685 
2454739.216097 -0.438129 
2454740.147395 -0.233055 
2454741.078692 -0.004785 
2454742.009990 0.243809 
2454742.941288 0.507537 
2454743.872586 0.778024 
2454744.803884 1.042946 
2454745.735182 1.285793 
2454746.666480 1.486791 
2454747.597777 1.625509 
2454748.529075 1.685070 
2454749.460373 1.656727 
2454750.391671 1.542720 
2454751.322969 1.355804 
2454752.254267 1.115661 
2454753.185565 0.844054 
2454754.116862 0.560810 
2454755.048160 0.281615 
2454755.979458 0.017527 
2454756.910756 -0.224478 
2454757.842054 -0.440539 
2454758.773352 -0.628955 
2454759.704650 -0.789390 
2454760.635947 -0.922286 
2454761.567245 -1.028470 
2454762.498543 -1.108887 
2454763.429841 -1.164437 
2454764.361139 -1.195884 
2454765.292437 -1.203796 
2454766.223734 -1.188524 
2454767.155032 -1.150192 
2454768.086330 -1.088710 
2454769.017628 -1.003800 
2454769.948926 -0.895043 
2454770.880224 -0.761963 
2454771.811522 -0.604151 
2454772.742819 -0.421465 
2454773.674117 -0.214329 
2454774.605415 0.015827 
2454775.536713 0.265964 
2454776.468011 0.530653 
2454777.399309 0.801207 
2454778.330607 1.064937 
2454779.261904 1.304998 
2454780.193202 1.501430 
2454781.124500 1.633925 
2454782.055798 1.686133 
2454782.987096 1.650180 
2454783.918394 1.529280 
2454784.849691 1.336957 
2454785.780989 1.093261 
2454786.712287 0.819926 
2454787.643585 0.536480 
2454788.574883 0.258212 
2454789.506181 -0.004202 
2454790.437479 -0.244092 
2454791.368776 -0.457821 
2454792.300074 -0.643833 
2454793.231372 -0.801877 
2454794.162670 -0.932443 
2454795.093968 -1.036376 
2454796.025266 -1.114623 
2454796.956564 -1.168075 
2454797.887861 -1.197481 
2454798.819159 -1.203391 
2454799.750457 -1.186136 
2454800.681755 -1.145822 
2454801.613053 -1.082341 
2454802.544351 -0.995400 
2454803.475648 -0.884573 
2454804.406946 -0.749383 
2454805.338244 -0.589434 
2454806.269542 -0.404620 
2454807.200840 -0.195432 
2454808.132138 0.036588 
2454809.063436 0.288228 
2454809.994733 0.553815 
2454810.926031 0.824341 
2454811.857329 1.086756 
2454812.788627 1.323881 
2454813.719925 1.515595 
2454814.651223 1.641743 
2454815.582521 1.686539 
2454816.513818 1.643000 
2454817.445116 1.515309 
2454818.376414 1.317729 
2454819.307712 1.070644 
2454820.239010 0.795725 
2454821.170308 0.512191 
2454822.101606 0.234929 
2454823.032903 -0.025763 
2454823.964201 -0.263513 
2454824.895499 -0.474899 
2454825.826797 -0.658504 
2454826.758095 -0.814161 
2454827.689393 -0.942404 
2454828.620690 -1.044093 
2454829.551988 -1.120176 
2454830.483286 -1.171536 
2454831.414584 -1.198905 
2454832.345882 -1.202816 
2454833.277180 -1.183579 
2454834.208478 -1.141282 
2454835.139775 -1.075799 
2454836.071073 -0.986825 
2454837.002371 -0.873923 
2454837.933669 -0.736619 
2454838.864967 -0.574532 
2454839.796265 -0.387594 
2454840.727563 -0.176366 
2454841.658860 0.057495 
2454842.590158 0.310598 
2454843.521456 0.577016 
2454844.452754 0.847419 
2454845.384052 1.108389 
2454846.315350 1.342430 
2454847.246647 1.529273 
2454848.177945 1.648955 
2454849.109243 1.686285 
2454850.040541 1.635193 
2454850.971839 1.500819 
2454851.903137 1.298136 
2454852.834435 1.047823 
2454853.765732 0.771464 
2454854.697030 0.487951 
2454855.628328 0.211770 
2454856.559626 -0.047152 
2454857.490924 -0.282737 
2454858.422222 -0.491770 
2454859.353520 -0.672968 
2454860.284817 -0.826243 
2454861.216115 -0.952168 
2454862.147413 -1.051621 
2454863.078711 -1.125547 
2454864.010009 -1.174820 
2454864.941307 -1.200156 
2454865.872604 -1.202069 
2454866.803902 -1.180851 
2454867.735200 -1.136570 
2454868.666498 -1.069084 
2454869.597796 -0.978072 
2454870.529094 -0.863093 
2454871.460392 -0.723672 
2454872.391689 -0.559447 
2454873.322987 -0.370388 
2454874.254285 -0.157131 
2454875.185583 0.078546 
2454876.116881 0.333068 
2454877.048179 0.600249 
2454877.979477 0.870429 
2454878.910774 1.129826 
2454879.842072 1.360630 
2454880.773370 1.542452 
2454881.704668 1.655553 
2454882.635966 1.685372 
2454883.567264 1.626765 
2454884.498562 1.485821 
2454885.429859 1.278191 
2454886.361157 1.024812 
2454887.292455 0.747153 
2454888.223753 0.463768 
2454889.155051 0.188741 
2454890.086349 -0.068367 
2454891.017646 -0.301765 
2454891.948944 -0.508436 
2454892.880242 -0.687226 
2454893.811540 -0.838122 
2454894.742838 -0.961737 
2454895.674136 -1.058960 
2454896.605434 -1.130736 
2454897.536731 -1.177927 
2454898.468029 -1.201234 
2454899.399327 -1.201152 
2454900.330625 -1.177954 
2454901.261923 -1.131688 
2454902.193221 -1.062195 
2454903.124519 -0.969143 
2454904.055816 -0.852083 
2454904.987114 -0.710543 
2454905.918412 -0.544179 
2454906.849710 -0.353004 
2454907.781008 -0.137730 
2454908.712306 0.099737 
2454909.643603 0.355633 
2454910.574901 0.623507 
2454911.506199 0.893362 
2454912.437497 1.151054 
2454913.368795 1.378468 
2454914.300093 1.555122 
2454915.231391 1.661531 
2454916.162688 1.683800 
2454917.093986 1.617723 
2454918.025284 1.470328 
2454918.956582 1.257908 
2454919.887880 1.001624 
2454920.819178 0.722803 
2454921.750476 0.439650 
2454922.681773 0.165846 
2454923.613071 -0.089406 
2454924.544369 -0.320594 
2454925.475667 -0.524895 
2454926.406965 -0.701277 
2454927.338263 -0.849800 
2454928.269560 -0.971111 
2454929.200858 -1.066111 
2454930.132156 -1.135744 
2454931.063454 -1.180858 
2454931.994752 -1.202140 
2454932.926050 -1.200065 
2454933.857348 -1.174886 
2454934.788645 -1.126634 
2454935.719943 -1.055133 
2454936.651241 -0.960037 
2454937.582539 -0.840892 
2454938.513837 -0.697230 
2454939.445135 -0.528726 
2454940.376433 -0.335440 
2454941.307730 -0.118164 
2454942.239028 0.121066 
2454943.170326 0.378289 
2454944.101624 0.646782 
2454945.032922 0.916208 
2454945.964220 1.172060 
2454946.895518 1.395931 
2454947.826815 1.567269 
2454948.758113 1.666882 
2454949.689411 1.681568 
2454950.620709 1.608076 
2454951.552007 1.454351 
2454952.483305 1.237301 
2454953.414602 0.978271 
2454954.345900 0.698423 
2454955.277198 0.415603 
2454956.208496 0.143091 
2454957.139794 -0.110266 
2454958.071092 -0.339224 
2454959.002390 -0.541147 
2454959.933687 -0.715123 
2454960.864985 -0.861278 
2454961.796283 -0.980291 
2454962.727581 -1.073076 
2454963.658879 -1.140571 
2454964.590177 -1.183614 
2454965.521475 -1.202874 
2454966.452772 -1.198807 
2454967.384070 -1.171648 
2454968.315368 -1.121408 
2454969.246666 -1.047896 
2454970.177964 -0.950754 
2454971.109262 -0.829520 
2454972.040559 -0.683733 
2454972.971857 -0.513091 
2454973.903155 -0.317699 
2454974.834453 -0.098435 
2454975.765751 0.142530 
2454976.697049 0.401030 
2454977.628347 0.670066 
2454978.559644 0.938957 
2454979.490942 1.192831 
2454980.422240 1.413006 
2454981.353538 1.578884 
2454982.284836 1.671600 
2454983.216134 1.678678 
2454984.147432 1.597830 
2454985.078729 1.437905 
2454986.010027 1.216385 
2454986.941325 0.954767 
2454987.872623 0.674024 
2454988.803921 0.391635 
2454989.735219 0.120479 
2454990.666517 -0.130944 
2454991.597814 -0.357653 
2454992.529112 -0.557193 
2454993.460410 -0.728763 
2454994.391708 -0.872554 
2454995.323006 -0.989277 
2454996.254304 -1.079854 
2454997.185601 -1.145217 
2454998.116899 -1.186194 
2454999.048197 -1.203435 
2454999.979495 -1.197379 
2455000.910793 -1.168240 
2455001.842091 -1.116011 
2455002.773389 -1.040485 
2455003.704686 -0.941292 
2455004.635984 -0.817967 
2455005.567282 -0.670053 
2455006.498580 -0.497272 
2455007.429878 -0.299781 
2455008.361176 -0.078544 
2455009.292474 0.164124 
2455010.223771 0.423852 
2455011.155069 0.693352 
2455012.086367 0.961597 
2455013.017665 1.213355 
2455013.948963 1.429680 
2455014.880261 1.589955 
2455015.811558 1.675680 
2455016.742856 1.675133 
2455017.674154 1.586996 
2455018.605452 1.421002 
2455019.536750 1.195173 
2455020.468048 0.931124 
2455021.399346 0.649616 
2455022.330643 0.367753 
2455023.261941 0.098015 
2455024.193239 -0.151438 
2455025.124537 -0.375881 
2455026.055835 -0.573031 
2455026.987133 -0.742198 
2455027.918431 -0.883631 
2455028.849728 -0.998071 
2455029.781026 -1.086446 
2455030.712324 -1.149684 
2455031.643622 -1.188599 
2455032.574920 -1.203825 
2455033.506218 -1.195781 
2455034.437515 -1.164662 
2455035.368813 -1.110443 
2455036.300111 -1.032900 
2455037.231409 -0.931653 
2455038.162707 -0.806232 
2455039.094005 -0.656188 
2455040.025303 -0.481271 
2455040.956600 -0.281687 
2455041.887898 -0.058494 
2455042.819196 0.185847 
2455043.750494 0.446747 
2455044.681792 0.716631 
2455045.613090 0.984118 
2455046.544388 1.233619 
2455047.475685 1.445938 
2455048.406983 1.600472 
2455049.338281 1.679116 
2455050.269579 1.670934 
2455051.200877 1.575582 
2455052.132175 1.403656 
2455053.063473 1.173680 
2455053.994770 0.907355 
2455054.926068 0.625209 
2455055.857366 0.343963 
2455056.788664 0.075703 
2455057.719962 -0.171746 
2455058.651260 -0.393906 
2455059.582557 -0.588663 
2455060.513855 -0.755428 
2455061.445153 -0.894509 
2455062.376451 -1.006672 
2455063.307749 -1.092852 
2455064.239047 -1.153972 
2455065.170345 -1.190830 
2455066.101642 -1.204043 
2455067.032940 -1.194013 
2455067.964238 -1.160913 
2455068.895536 -1.104702 
2455069.826834 -1.025140 
2455070.758132 -0.921835 
2455071.689430 -0.794315 
2455072.620727 -0.642141 
2455073.552025 -0.465087 
2455074.483323 -0.263418 
2455075.414621 -0.038287 
2455076.345919 0.207693 
2455077.277217 0.469712 
2455078.208514 0.739896 
2455079.139812 1.006508 
2455080.071110 1.253609 
2455081.002408 1.461769 
2455081.933706 1.610424 
2455082.865004 1.681905 
2455083.796302 1.666085 
2455084.727599 1.563598 
2455085.658897 1.385879 
2455086.590195 1.151920 
2455087.521493 0.883471 
2455088.452791 0.600811 
2455089.384089 0.320272 
2455090.315387 0.053546 
2455091.246684 -0.191866 
2455092.177982 -0.411729 
2455093.109280 -0.604087 
2455094.040578 -0.768453 
2455094.971876 -0.905188 
2455095.903174 -1.015082 
2455096.834471 -1.099074 
2455097.765769 -1.158080 
2455098.697067 -1.192886 
2455099.628365 -1.204090 
2455100.559663 -1.192074 
2455101.490961 -1.156994 
2455102.422259 -1.098789 
2455103.353556 -1.017205 
2455104.284854 -0.911839 
2455105.216152 -0.782216 
2455106.147450 -0.627909 
2455107.078748 -0.448721 
2455108.010046 -0.244975 
2455108.941344 -0.017925 
2455109.872641 0.229659 
2455110.803939 0.492739 
2455111.735237 0.763136 
2455112.666535 1.028757 
2455113.597833 1.273313 
2455114.529131 1.477159 
2455115.460429 1.619802 
2455116.391726 1.684043 
2455117.323024 1.660589 
2455118.254322 1.551054 
2455119.185620 1.367685 
2455120.116918 1.129906 
2455121.048216 0.859486 
2455121.979513 0.576431 
2455122.910811 0.296685 
2455123.842109 0.031549 
2455124.773407 -0.211796 
2455125.704705 -0.429347 
2455126.636003 -0.619305 
2455127.567301 -0.781274 
2455128.498598 -0.915669 
2455129.429896 -1.023300 
2455130.361194 -1.105111 
2455131.292492 -1.162010 
2455132.223790 -1.194768 
2455133.155088 -1.203966 
2455134.086386 -1.189966 
2455135.017683 -1.152905 
2455135.948981 -1.092703 
2455136.880279 -1.009094 
2455137.811577 -0.901663 
2455138.742875 -0.769935 
2455139.674173 -0.613493 
2455140.605470 -0.432173 
2455141.536768 -0.226359 
2455142.468066 0.002590 
2455143.399364 0.251742 
2455144.330662 0.515822 
2455145.261960 0.786344 
2455146.193258 1.050853 
2455147.124555 1.292717 
2455148.055853 1.492095 
2455148.987151 1.628596 
2455149.918449 1.685527 
2455150.849747 1.654452 
2455151.781045 1.537961 
2455152.712343 1.349089 
2455153.643640 1.107652 
2455154.574938 0.835409 
2455155.506236 0.552079 
2455156.437534 0.273208 
2455157.368832 0.009714 
2455158.300130 -0.231535 
2455159.231427 -0.446761 
2455160.162725 -0.634315 
2455161.094023 -0.793892 
2455162.025321 -0.925952 
2455162.956619 -1.031328 
2455163.887917 -1.110965 
2455164.819215 -1.165762 
2455165.750512 -1.196477 
2455166.681810 -1.203671 
2455167.613108 -1.187687 
2455168.544406 -1.148644 
2455169.475704 -1.086445 
2455170.407002 -1.000807 
2455171.338300 -0.891308 
2455172.269597 -0.757472 
2455173.200895 -0.598894 
2455174.132193 -0.415444 
2455175.063491 -0.207571 
2455175.994789 0.023256 
2455176.926087 0.273937 
2455177.857385 0.538956 
2455178.788682 0.809510 
2455179.719980 1.072783 
2455180.651278 1.311808 
2455181.582576 1.506565 
2455182.513874 1.636798 
2455183.445172 1.686354 
2455184.376469 1.647678 
2455185.307767 1.524330 
2455186.239065 1.330104 
2455187.170363 1.085173 
2455188.101661 0.811254 
2455189.032959 0.527763 
2455189.964257 0.249847 
2455190.895554 -0.011954 
2455191.826852 -0.251080 
2455192.758150 -0.463970 
2455193.689448 -0.649119 
2455194.620746 -0.806306 
2455195.552044 -0.936038 
2455196.483342 -1.039166 
2455197.414639 -1.116635 
2455198.345937 -1.169337 
2455199.277235 -1.198012 
2455200.208533 -1.203204 
2455201.139831 -1.185239 
2455202.071129 -1.144213 
2455203.002426 -1.080015 
2455203.933724 -0.992345 
2455204.865022 -0.880774 
2455205.796320 -0.744826 
2455206.727618 -0.584110 
2455207.658916 -0.398534 
2455208.590214 -0.188613 
2455209.521511 0.044070 
2455210.452809 0.296240 
2455211.384107 0.562132 
2455212.315405 0.832625 
2455213.246703 1.094537 
2455214.178001 1.330573 
2455215.109299 1.520557 
2455216.040596 1.644399 
2455216.971894 1.686524 
2455217.903192 1.640272 
2455218.834490 1.510171 
2455219.765788 1.310743 
2455220.697086 1.062482 
2455221.628383 0.787030 
2455222.559681 0.503491 
2455223.490979 0.226608 
2455224.422277 -0.033454 
2455225.353575 -0.270431 
2455226.284873 -0.480974 
2455227.216171 -0.663715 
2455228.147468 -0.818517 
2455229.078766 -0.945928 
2455230.010064 -1.046815 
2455230.941362 -1.122123 
2455231.872660 -1.172734 
2455232.803958 -1.199373 
2455233.735256 -1.202567 
2455234.666553 -1.182620 
2455235.597851 -1.139612 
2455236.529149 -1.073411 
2455237.460447 -0.983706 
2455238.391745 -0.870060 
2455239.323043 -0.731997 
2455240.254341 -0.569143 
2455241.185638 -0.381444 
2455242.116936 -0.169486 
2455243.048234 0.065029 
2455243.979532 0.318646 
2455244.910830 0.585346 
2455245.842128 0.855680 
2455246.773425 1.116101 
2455247.704723 1.348998 
2455248.636021 1.534058 
2455249.567319 1.651392 
2455250.498617 1.686034 
2455251.429915 1.632241 
2455252.361213 1.495497 
2455253.292510 1.291022 
2455254.223808 1.039591 
2455255.155106 0.762750 
2455256.086404 0.479271 
2455257.017702 0.203495 
2455257.949000 -0.054781 
2455258.880298 -0.289585 
2455259.811595 -0.497771 
2455260.742893 -0.678106 
2455261.674191 -0.830527 
2455262.605489 -0.955622 
2455263.536787 -1.054275 
2455264.468085 -1.127429 
2455265.399382 -1.175955 
2455266.330680 -1.200562 
2455267.261978 -1.201760 
2455268.193276 -1.179832 
2455269.124574 -1.134839 
2455270.055872 -1.066633 
2455270.987170 -0.974890 
2455271.918467 -0.859165 
2455272.849765 -0.718984 
2455273.781063 -0.553992 
2455274.712361 -0.364174 
2455275.643659 -0.150192 
2455276.574957 0.086131 
2455277.506255 0.341150 
2455278.437552 0.608588 
2455279.368850 0.878664 
2455280.300148 1.137465 
2455281.231446 1.367070 
2455282.162744 1.547056 
2455283.094042 1.657769 
2455284.025340 1.684884 
2455284.956637 1.623592 
2455285.887935 1.480320 
2455286.819233 1.270954 
2455287.750531 1.016515 
2455288.681829 0.738423 
2455289.613127 0.455110 
2455290.544424 0.180514 
2455291.475722 -0.075934 
2455292.407020 -0.308541 
2455293.338318 -0.514363 
2455294.269616 -0.692289 
2455295.200914 -0.842334 
2455296.132212 -0.965121 
2455297.063509 -1.061546 
2455297.994807 -1.132553 
2455298.926105 -1.178999 
2455299.857403 -1.201579 
2455300.788701 -1.200782 
2455301.719999 -1.176873 
2455302.651297 -1.129895 
2455303.582594 -1.059682 
2455304.513892 -0.965898 
2455305.445190 -0.848090 
2455306.376488 -0.705789 
2455307.307786 -0.538658 
2455308.239084 -0.346725 
2455309.170381 -0.130731 
2455310.101679 0.107372 
2455311.032977 0.363749 
2455311.964275 0.631853 
2455312.895573 0.901567 
2455313.826871 1.158614 
2455314.758169 1.384775 
2455315.689466 1.559539 
2455316.620764 1.663523 
2455317.552062 1.683075 
2455318.483360 1.614332 
2455319.414658 1.464652 
2455320.345956 1.250553 
2455321.277254 0.993266 
2455322.208551 0.714061 
2455323.139849 0.431017 
2455324.071147 0.157669 
2455325.002445 -0.096909 
2455325.933743 -0.327299 
2455326.865041 -0.530748 
2455327.796338 -0.706267 
2455328.727636 -0.853940 
2455329.658934 -0.974426 
2455330.590232 -1.068631 
2455331.521530 -1.137496 
2455332.452828 -1.181867 
2455333.384126 -1.202423 
2455334.315423 -1.199633 
2455335.246721 -1.173744 
2455336.178019 -1.124779 
2455337.109317 -1.052557 
2455338.040615 -0.956728 
2455338.971913 -0.836834 
2455339.903211 -0.692410 
2455340.834508 -0.523140 
2455341.765806 -0.329097 
2455342.697104 -0.111106 
2455343.628402 0.128749 
2455344.559700 0.386436 
2455345.490998 0.655132 
2455346.422296 0.924379 
2455347.353593 1.179537 
2455348.284891 1.402101 
2455349.216189 1.571497 
2455350.147487 1.668647 
2455351.078785 1.680607 
2455352.010083 1.604469 
2455352.941380 1.448506 
2455353.872678 1.229834 
2455354.803976 0.969858 
2455355.735274 0.689674 
2455356.666572 0.406997 
2455357.597870 0.134964 
2455358.529168 -0.117703 
2455359.460465 -0.345857 
2455360.391763 -0.546926 
2455361.323061 -0.720039 
2455362.254359 -0.865345 
2455363.185657 -0.983536 
2455364.116955 -1.075528 
2455365.048253 -1.142258 
2455365.979550 -1.184560 
2455366.910848 -1.203095 
2455367.842146 -1.198315 
2455368.773444 -1.170445 
2455369.704742 -1.119492 
2455370.636040 -1.045258 
2455371.567337 -0.947381 
2455372.498635 -0.825397 
2455373.429933 -0.678847 
2455374.361231 -0.507438 
2455375.292529 -0.311293 
2455376.223827 -0.091319 
2455377.155125 0.150260 
2455378.086422 0.409206 
2455379.017720 0.678418 
2455379.949018 0.947090 
2455380.880316 1.200222 
2455381.811614 1.419033 
2455382.742912 1.582918 
2455383.674210 1.673137 
2455384.605507 1.677482 
2455385.536805 1.594012 
2455386.468103 1.431895 
2455387.399401 1.208810 
2455388.330699 0.946303 
2455389.261997 0.665271 
2455390.193294 0.383060 
2455391.124592 0.112405 
2455392.055890 -0.138316 
2455392.987188 -0.364214 
2455393.918486 -0.562897 
2455394.849784 -0.733605 
2455395.781082 -0.876550 
2455396.712379 -0.992454 
2455397.643677 -1.082239 
2455398.574975 -1.146840 
2455399.506273 -1.187077 
2455400.437571 -1.203595 
2455401.368869 -1.196825 
2455402.300167 -1.166976 
2455403.231464 -1.114034 
2455404.162762 -1.037785 
2455405.094060 -0.937856 
2455406.025358 -0.813779 
2455406.956656 -0.665101 
2455407.887954 -0.491554 
2455408.819252 -0.293311 
2455409.750549 -0.071371 
2455410.681847 0.171901 
2455411.613145 0.432055 
2455412.544443 0.701703 
2455413.475741 0.969689 
2455414.407039 1.220654 
2455415.338336 1.435560 
2455416.269634 1.593791 
2455417.200932 1.676986 
2455418.132230 1.673702 
2455419.063528 1.582969 
2455419.994826 1.414831 
2455420.926124 1.187496 
2455421.857421 0.922613 
2455422.788719 0.640862 
2455423.720017 0.359210 
2455424.651315 0.089995 
2455425.582613 -0.158743 
2455426.513911 -0.382369 
2455427.445209 -0.578662 
2455428.376506 -0.746967 
2455429.307804 -0.887556 
2455430.239102 -1.001178 
2455431.170400 -1.088765 
2455432.101698 -1.151242 
2455433.032996 -1.189419 
2455433.964293 -1.203923 
2455434.895591 -1.195166 
2455435.826889 -1.163337 
2455436.758187 -1.108403 
2455437.689485 -1.030137 
2455438.620783 -0.928152 
2455439.552081 -0.801979 
2455440.483378 -0.651171 
2455441.414676 -0.475487 
2455442.345974 -0.275155 
2455443.277272 -0.051265 
2455444.208570 0.193668 
2455445.139868 0.454976 
2455446.071166 0.724978 
2455447.002463 0.992164 
2455447.933761 1.240821 
2455448.865059 1.451666 
2455449.796357 1.604106 
2455450.727655 1.680191 
2455451.658953 1.669269 
2455452.590250 1.571349 
2455453.521548 1.397329 
2455454.452846 1.165905 
2455455.384144 0.898801 
2455456.315442 0.616457 
2455457.246740 0.335454 
2455458.178038 0.067738 
2455459.109335 -0.178984 
2455460.040633 -0.400322 
2455460.971931 -0.594219 
2455461.903229 -0.760123 
2455462.834527 -0.898362 
2455463.765825 -1.009710 
2455464.697123 -1.095105 
2455465.628420 -1.155466 
2455466.559718 -1.191587 
2455467.491016 -1.204080 
2455468.422314 -1.193337 
2455469.353612 -1.159527 
2455470.284910 -1.102601 
2455471.216208 -1.022314 
2455472.147505 -0.918270 
2455473.078803 -0.789997 
2455474.010101 -0.637057 
2455474.941399 -0.459238 
2455475.872697 -0.256823 
2455476.803995 -0.031002 
2455477.735292 0.215558 
2455478.666590 0.477964 
2455479.597888 0.748234 
2455480.529186 1.014505 
2455481.460484 1.260710 
2455482.391782 1.467340 
2455483.323080 1.613854 
2455484.254377 1.682747 
2455485.185675 1.664188 
2455486.116973 1.559163 
2455487.048271 1.379401 
2455487.979569 1.144052 
2455488.910867 0.874880 
2455489.842165 0.592064 
2455490.773462 0.311800 
2455491.704760 0.045638 
2455492.636058 -0.199037 
2455493.567356 -0.418071 
2455494.498654 -0.609569 
2455495.429952 -0.773075 
2455496.361249 -0.908970 
2455497.292547 -1.018051 
2455498.223845 -1.101261 
2455499.155143 -1.159510 
2455500.086441 -1.193581 
2455501.017739 -1.204065 
2455501.949037 -1.191338 
2455502.880334 -1.155547 
2455503.811632 -1.096626 
2455504.742930 -1.014316 
2455505.674228 -0.908210 
2455506.605526 -0.777833 
2455507.536824 -0.622760 
2455508.468122 -0.442807 
2455509.399419 -0.238318 
2455510.330717 -0.010584 
2455511.262015 0.237567 
2455512.193313 0.501012 
2455513.124611 0.771464 
2455514.055909 1.036700 
2455514.987206 1.280308 
2455515.918504 1.482569 
2455516.849802 1.623023 
2455517.781100 1.684651 
2455518.712398 1.658462 
2455519.643696 1.546421 
2455520.574994 1.361061 
2455521.506291 1.121951 
2455522.437589 0.850860 
2455523.368887 0.567694 
2455524.300185 0.288251 
2455525.231483 0.023699 
2455526.162781 -0.218898 
2455527.094079 -0.435616 
2455528.025376 -0.624712 
2455528.956674 -0.785823 
2455529.887972 -0.919380 
2455530.819270 -1.026201 
2455531.750568 -1.107232 
2455532.681866 -1.163376 
2455533.613164 -1.195401 
2455534.544461 -1.203880 
2455535.475759 -1.189168 
2455536.407057 -1.151396 
2455537.338355 -1.090479 
2455538.269653 -1.006142 
2455539.200951 -0.897970 
2455540.132248 -0.765486 
2455541.063546 -0.608278 
2455541.994844 -0.426194 
2455542.926142 -0.219640 
2455543.857440 0.009985 
2455544.788738 0.259690 
2455545.720036 0.524114 
2455546.651333 0.794658 
2455547.582631 1.058738 
2455548.513929 1.299601 
2455549.445227 1.497340 
2455550.376525 1.631606 
2455551.307823 1.685899 
2455552.239121 1.652095 
2455553.170418 1.533133 
2455554.101716 1.342324 
2455555.033014 1.099615 
2455555.964312 0.826754 
2455556.895610 0.543353 
2455557.826908 0.264816 
2455558.758205 0.001923 
2455559.689503 -0.238567 
2455560.620801 -0.452957 
2455561.552099 -0.639648 
2455562.483397 -0.798368 
2455563.414695 -0.929592 
2455564.345993 -1.034161 
2455565.277290 -1.113020 
2455566.208588 -1.167065 
2455567.139886 -1.197047 
2455568.071184 -1.203523 
2455569.002482 -1.186829 
2455569.933780 -1.147075 
2455570.865078 -1.084159 
2455571.796375 -0.997792 
2455572.727673 -0.887551 
2455573.658971 -0.752957 
2455574.590269 -0.593613 
2455575.521567 -0.409400 
2455576.452865 -0.200791 
2455577.384163 0.030705 
2455578.315460 0.281924 
2455579.246758 0.547264 
2455580.178056 0.817807 
2455581.109354 1.080606 
2455582.040652 1.318577 
2455582.971950 1.511639 
2455583.903247 1.639594 
2455584.834545 1.686491 
2455585.765843 1.645094 
2455586.697141 1.519311 
2455587.628439 1.323202 
2455588.559737 1.077058 
2455589.491035 0.802573 
2455590.422332 0.519052 
2455591.353630 0.241498 
2455592.284928 -0.019685 
2455593.216226 -0.258043 
2455594.147524 -0.470092 
2455595.078822 -0.654378 
2455596.010120 -0.810709 
2455596.941417 -0.939608 
2455597.872715 -1.041931 
2455598.804013 -1.118625 
2455599.735311 -1.170576 
2455600.666609 -1.198520 
2455601.597907 -1.202996 
2455602.529204 -1.184319 
2455603.460502 -1.142583 
2455604.391800 -1.077666 
2455605.323098 -0.989266 
2455606.254396 -0.876952 
2455607.185694 -0.740245 
2455608.116992 -0.578763 
2455609.048289 -0.392425 
2455609.979587 -0.181772 
2455610.910885 0.051571 
2455611.842183 0.304264 
2455612.773481 0.570454 
2455613.704779 0.840902 
2455614.636077 1.102294 
2455615.567374 1.337221 
2455616.498672 1.525456 
2455617.429970 1.646978 
2455618.361268 1.686424 
2455619.292566 1.637463 
2455620.223864 1.504967 
2455621.155161 1.303711 
2455622.086459 1.054294 
2455623.017757 0.778328 
2455623.949055 0.494797 
2455624.880353 0.218303 
2455625.811651 -0.041123 
2455626.742949 -0.277323 
2455627.674246 -0.487022 
2455628.605544 -0.668900 
2455629.536842 -0.822848 
2455630.468140 -0.949428 
2455631.399438 -1.049512 
2455632.330736 -1.124047 
2455633.262034 -1.173909 
2455634.193331 -1.199820 
2455635.124629 -1.202297 
2455636.055927 -1.181640 
2455636.987225 -1.137919 
2455637.918523 -1.071000 
2455638.849821 -0.980564 
2455639.781119 -0.866173 
2455640.712416 -0.727351 
2455641.643714 -0.563730 
2455642.575012 -0.375270 
2455643.506310 -0.162585 
2455644.437608 0.072581 
2455645.368906 0.326706 
2455646.300203 0.593679 
2455647.231501 0.863932 
2455648.162799 1.123787 
2455649.094097 1.355521 
2455650.025395 1.538778 
2455650.956693 1.653750 
2455651.887991 1.685697 
2455652.819288 1.629210 
2455653.750586 1.490111 
2455654.681884 1.283863 
2455655.613182 1.031335 
2455656.544480 0.754030 
2455657.475778 0.470598 
2455658.407076 0.195237 
2455659.338373 -0.062388 
2455660.269671 -0.296406 
2455661.200969 -0.503746 
2455662.132267 -0.683217 
2455663.063565 -0.834785 
2455663.994863 -0.959052 
2455664.926160 -1.056904 
2455665.857458 -1.129287 
2455666.788756 -1.177067 
2455667.720054 -1.200947 
2455668.651352 -1.201429 
2455669.582650 -1.178790 
2455670.513948 -1.133085 
2455671.445245 -1.064160 
2455672.376543 -0.971685 
2455673.307841 -0.855214 
2455674.239139 -0.714273 
2455675.170437 -0.548513 
2455676.101735 -0.357936 
2455677.033033 -0.143231 
2455677.964330 0.093733 
2455678.895628 0.349245 
2455679.826926 0.616931 
2455680.758224 0.886888 
2455681.689522 1.145075 
2455682.620820 1.373463 
2455683.552117 1.551593 
2455684.483415 1.659905 
2455685.414713 1.684311 
2455686.346011 1.620341 
2455687.277309 1.474756 
2455688.208607 1.263674 
2455689.139905 1.008195 
2455690.071202 0.729689 
2455691.002500 0.446460 
2455691.933798 0.172304 
2455692.865096 -0.083477 
2455693.796394 -0.315292 
2455694.727692 -0.520263 
2455695.658990 -0.697326 
2455696.590287 -0.846520 
2455697.521585 -0.968481 
2455698.452883 -1.064109 
2455699.384181 -1.134346 
2455700.315479 -1.180048 
2455701.246777 -1.201901 
2455702.178075 -1.200389 
2455703.109372 -1.175770 
2455704.040670 -1.128080 
2455704.971968 -1.057147 
2455705.903266 -0.962629 
2455706.834564 -0.844074 
2455707.765862 -0.701011 
2455708.697159 -0.533113 
2455709.628457 -0.340423 
2455710.559755 -0.123711 
2455711.491053 0.115024 
2455712.422351 0.371876 
2455713.353649 0.640201 
2455714.284947 0.909760 
2455715.216244 1.166145 
2455716.147542 1.391034 
2455717.078840 1.563889 
2455718.010138 1.665433 
2455718.941436 1.682265 
2455719.872734 1.610864 
2455720.804032 1.458916 
2455721.735329 1.243158 
2455722.666627 0.984888 
2455723.597925 0.705317 
2455724.529223 0.422393 
2455725.460521 0.149509 
2455726.391819 -0.104388 
2455727.323116 -0.333978 
2455728.254414 -0.536574 
2455729.185712 -0.711230 
2455730.117010 -0.858054 
2455731.048308 -0.977716 
2455731.979606 -1.071126 
2455732.910904 -1.139224 
2455733.842201 -1.182853 
2455734.773499 -1.202684 
2455735.704797 -1.199180 
2455736.636095 -1.172581 
2455737.567393 -1.122903 
2455738.498691 -1.049959 
2455739.429989 -0.953396 
2455740.361286 -0.832753 
2455741.292584 -0.687567 
2455742.223882 -0.517529 
2455743.155180 -0.322732 
2455744.086478 -0.104028 
2455745.017776 0.136449 
2455745.949073 0.394594 
2455746.880371 0.663484 
2455747.811669 0.932537 
2455748.742967 1.186984 
2455749.674265 1.408220 
2455750.605563 1.575656 
2455751.536861 1.670331 
2455752.468158 1.679562 
2455753.399456 1.600787 
2455754.330754 1.442601 
2455755.262052 1.222328 
2455756.193350 0.961426 
2455757.124648 0.680922 
2455758.055946 0.398402 
2455758.987243 0.126856 
2455759.918541 -0.125118 
2455760.849839 -0.352464 
2455761.781137 -0.552678 
2455762.712435 -0.724928 
2455763.643733 -0.869387 
2455764.575031 -0.986757 
2455765.506328 -1.077957 
2455766.437626 -1.143922 
2455767.368924 -1.185483 
2455768.300222 -1.203294 
2455769.231520 -1.197800 
2455770.162818 -1.169221 
2455771.094115 -1.117554 
2455772.025413 -1.042598 
2455772.956711 -0.943985 
2455773.888009 -0.821251 
2455774.819307 -0.673938 
2455775.750605 -0.501762 
2455776.681903 -0.304864 
2455777.613200 -0.084183 
2455778.544498 0.158007 
2455779.475796 0.417393 
2455780.407094 0.686770 
2455781.338392 0.955209 
2455782.269690 1.207579 
2455783.200988 1.425008 
2455784.132285 1.586881 
2455785.063583 1.674592 
2455785.994881 1.676201 
2455786.926179 1.590118 
2455787.857477 1.425826 
2455788.788775 1.201198 
2455789.720072 0.937821 
2455790.651370 0.656516 
2455791.582668 0.374495 
2455792.513966 0.104350 
2455793.445264 -0.145664 
2455794.376562 -0.370749 
2455795.307860 -0.568575 
2455796.239157 -0.738421 
2455797.170455 -0.880520 
2455798.101753 -0.995605 
2455799.033051 -1.084601 
2455799.964349 -1.148440 
2455800.895647 -1.187937 
2455801.826945 -1.203732 
2455802.758242 -1.196250 
2455803.689540 -1.165690 
2455804.620838 -1.112034 
2455805.552136 -1.035062 
2455806.483434 -0.934396 
2455807.414732 -0.809567 
2455808.346029 -0.660126 
2455809.277327 -0.485813 
2455810.208625 -0.286819 
2455811.139923 -0.064178 
2455812.071221 0.179694 
2455813.002519 0.440268 
2455813.933817 0.710052 
2455814.865114 0.977765 
2455815.796412 1.227918 
2455816.727710 1.441385 
2455817.659008 1.597556 
2455818.590306 1.678210 
2455819.521604 1.672187 
2455820.452902 1.578867 
2455821.384199 1.408603 
2455822.315497 1.179783 
2455823.246795 0.914086 
2455824.178093 0.632108 
2455825.109391 0.350678 
2455826.040689 0.081994 
2455826.971987 -0.166025 
2455827.903284 -0.388832 
2455828.834582 -0.584265 
2455829.765880 -0.751709 
2455830.697178 -0.891454 
2455831.628476 -1.004260 
2455832.559774 -1.091060 
2455833.491071 -1.152778 
2455834.422369 -1.190217 
2455835.353667 -1.203999 
2455836.284965 -1.194530 
2455837.216263 -1.161990 
2455838.147561 -1.106342 
2455839.078859 -1.027351 
2455840.010156 -0.924629 
2455840.941454 -0.797702 
2455841.872752 -0.646130 
2455842.804050 -0.469680 
2455843.735348 -0.268600 
2455844.666646 -0.044015 
2455845.597944 0.201505 
2455846.529241 0.463214 
2455847.460539 0.733321 
2455848.391837 1.000193 
2455849.323135 1.247987 
2455850.254433 1.457338 
2455851.185731 1.607668 
2455852.117028 1.681183 
2455853.048326 1.667521 
2455853.979624 1.567043 
2455854.910922 1.390947 
2455855.842220 1.158097 
2455856.773518 0.890233 
2455857.704816 0.607706 
2455858.636113 0.326958 
2455859.567411 0.059793 
2455860.498709 -0.186198 
2455861.430007 -0.406711 
2455862.361305 -0.599748 
2455863.292603 -0.764792 
2455864.223901 -0.902189 
2455865.155198 -1.012724 
2455866.086496 -1.097334 
2455867.017794 -1.156937 
2455867.949092 -1.192323 
2455868.880390 -1.204094 
2455869.811688 -1.192639 
2455870.742986 -1.158119 
2455871.674283 -1.100478 
2455872.605581 -1.019465 
2455873.536879 -0.914683 
2455874.468177 -0.785655 
2455875.399475 -0.631950 
2455876.330773 -0.453366 
2455877.262070 -0.250206 
2455878.193368 -0.023696 
2455879.124666 0.223438 
2455880.055964 0.486224 
2455880.987262 0.756570 
2455881.918560 1.022483 
2455882.849858 1.267773 
2455883.781155 1.472854 
2455884.712453 1.617209 
2455885.643751 1.683505 
2455886.575049 1.662208 
2455887.506347 1.554656 
2455888.437645 1.372870 
2455889.368943 1.136153 
2455890.300240 0.866275 
2455891.231538 0.583320 
2455892.162836 0.303341 
2455893.094134 0.037751 
2455894.025432 -0.206182 
2455894.956730 -0.424388 
2455895.888027 -0.615024 
2455896.819325 -0.777671 
2455897.750623 -0.912726 
2455898.681921 -1.020996 
2455899.613219 -1.103423 
2455900.544517 -1.160917 
2455901.475815 -1.194254 
2455902.407112 -1.204018 
2455903.338410 -1.190579 
2455904.269708 -1.154078 
2455905.201006 -1.094441 
2455906.132304 -1.011404 
2455907.063602 -0.904558 
2455907.994900 -0.773425 
2455908.926197 -0.617587 
2455909.857495 -0.436869 
2455910.788793 -0.231638 
2455911.720091 -0.003224 
2455912.651389 0.245488 
2455913.582687 0.509292 
2455914.513984 0.779788 
2455915.445282 1.044623 
2455916.376580 1.287263 
2455917.307878 1.487920 
2455918.239176 1.626170 
2455919.170474 1.685174 
2455920.101772 1.656252 
2455921.033069 1.541717 
2455921.964367 1.354386 
2455922.895665 1.113966 
2455923.826963 0.842223 
2455924.758261 0.558960 
2455925.689559 0.279833 
2455926.620857 0.015869 
2455927.552154 -0.225975 
2455928.483452 -0.441859 
2455929.414750 -0.630093 
2455930.346048 -0.790346 
2455931.277346 -0.923065 
2455932.208644 -1.029078 
2455933.139942 -1.109329 
2455934.071239 -1.164720 
2455935.002537 -1.196011 
2455935.933835 -1.203771 
2455936.865133 -1.188349 
2455937.796431 -1.149866 
2455938.727729 -1.088232 
2455939.659026 -1.003167 
2455940.590324 -0.894254 
2455941.521622 -0.761014 
2455942.452920 -0.603039 
2455943.384218 -0.420191 
2455944.315516 -0.212899 
2455945.246814 0.017400 
2455946.178111 0.267652 
2455947.109409 0.532412 
2455948.040707 0.802967 
2455948.972005 1.066601 
2455949.903303 1.306444 
2455950.834601 1.502523 
2455951.765899 1.634540 
2455952.697196 1.686187 
2455953.628494 1.649657 
2455954.559792 1.528237 
2455955.491090 1.335509 
2455956.422388 1.091550 
2455957.353686 0.818089 
2455958.284983 0.534632 
2455959.216281 0.256439 
2455960.147579 -0.005846 
2455961.078877 -0.245575 
2455962.010175 -0.459126 
2455962.941473 -0.644955 
2455963.872771 -0.802817 
2455964.804068 -0.933207 
2455965.735366 -1.036970 
2455966.666664 -1.115051 
2455967.597962 -1.168344 
2455968.529260 -1.197595 
2455969.460558 -1.203354 
2455970.391856 -1.185948 
2455971.323153 -1.145483 
2455972.254451 -1.081850 
2455973.185749 -0.994755 
2455974.117047 -0.883770 
2455975.048345 -0.748419 
2455975.979643 -0.588308 
2455976.910940 -0.403332 
2455977.842238 -0.193989 
2455978.773536 0.038172 
2455979.704834 0.289925 
2455980.636132 0.555577 
2455981.567430 0.826097 
2455982.498728 1.088406 
2455983.430025 1.325303 
2455984.361323 1.516651 
2455985.292621 1.642312 
2455986.223919 1.686543 
2455987.155217 1.642429 
2455988.086515 1.514226 
2455989.017813 1.316253 
2455989.949110 1.068917 
2455990.880408 0.793884 
2455991.811706 0.510347 
2455992.743004 0.233164 
2455993.674302 -0.027394 
2455994.605600 -0.264981 
2455995.536898 -0.476188 
2455996.468195 -0.659610 
2455997.399493 -0.815086 
2455998.330791 -0.943153 
2455999.262089 -1.044672 
2456000.193387 -1.120590 
2456001.124685 -1.171792 
2456002.055982 -1.199006 
2456002.987280 -1.202765 
2456003.918578 -1.183378 
2456004.849876 -1.140930 
2456005.781174 -1.075295 
2456006.712472 -0.986166 
2456007.643770 -0.873107 
2456008.575067 -0.735642 
2456009.506365 -0.573392 
2456010.437663 -0.386293 
2456011.368961 -0.174910 
2456012.300259 0.059090 
2456013.231557 0.312302 
2456014.162855 0.578781 
2456015.094152 0.849170 
2456016.025450 1.110026 
2456016.956748 1.343825 
2456017.888046 1.530292 
2456018.819344 1.649478 
2456019.750642 1.686239 
2456020.681939 1.634574 
2456021.613237 1.499697 
2456022.544535 1.296632 
2456023.475833 1.046081 
2456024.407131 0.769618 
2456025.338429 0.486111 
2456026.269727 0.210015 
2456027.201024 -0.048770 
2456028.132322 -0.284190 
2456029.063620 -0.493044 
2456029.994918 -0.674059 
2456030.926216 -0.827152 
2456031.857514 -0.952902 
2456032.788812 -1.052185 
2456033.720109 -1.125948 
2456034.651407 -1.175062 
2456035.582705 -1.200244 
2456036.514003 -1.202005 
2456037.445301 -1.180637 
2456038.376599 -1.136205 
2456039.307896 -1.068566 
2456040.239194 -0.977400 
2456041.170492 -0.862263 
2456042.101790 -0.722681 
2456043.033088 -0.558293 
2456043.964386 -0.369074 
2456044.895684 -0.155662 
2456045.826981 0.080152 
2456046.758279 0.334779 
2456047.689577 0.602016 
2456048.620875 0.872175 
2456049.552173 1.131447 
2456050.483471 1.361998 
2456051.414769 1.543433 
2456052.346066 1.656029 
2456053.277364 1.685276 
2456054.208662 1.626099 
2456055.139960 1.484661 
2456056.071258 1.276661 
2456057.002556 1.023056 
2456057.933854 0.745304 
2456058.865151 0.461933 
2456059.796449 0.186996 
2456060.727747 -0.069973 
2456061.659045 -0.303203 
2456062.590343 -0.509694 
2456063.521641 -0.688301 
2456064.452938 -0.839017 
2456065.384236 -0.962456 
2456066.315534 -1.059510 
2456067.246832 -1.131123 
2456068.178130 -1.178156 
2456069.109428 -1.201309 
2456070.040726 -1.201076 
2456070.972023 -1.177727 
2456071.903321 -1.131310 
2456072.834619 -1.061665 
2456073.765917 -0.968458 
2456074.697215 -0.851239 
2456075.628513 -0.709537 
2456076.559811 -0.543011 
2456077.491108 -0.351675 
2456078.422406 -0.136249 
2456079.353704 0.101353 
2456080.285002 0.357352 
2456081.216300 0.625275 
2456082.147598 0.895102 
2456083.078895 1.152658 
2456084.010193 1.379809 
2456084.941491 1.556063 
2456085.872789 1.661960 
2456086.804087 1.683653 
2456087.735385 1.617011 
2456088.666683 1.469130 
2456089.597980 1.256353 
2456090.529278 0.999855 
2456091.460576 0.720951 
2456092.391874 0.437820 
2456093.323172 0.164112 
2456094.254470 -0.090998 
2456095.185768 -0.322017 
2456096.117065 -0.526137 
2456097.048363 -0.702337 
2456097.979661 -0.850680 
2456098.910959 -0.971815 
2456099.842257 -1.066647 
2456100.773555 -1.136117 
2456101.704852 -1.181074 
2456102.636150 -1.202202 
2456103.567448 -1.199975 
2456104.498746 -1.174646 
2456105.430044 -1.126243 
2456106.361342 -1.054589 
2456107.292640 -0.959338 
2456108.223937 -0.840034 
2456109.155235 -0.696210 
2456110.086533 -0.527545 
2456111.017831 -0.334098 
2456111.949129 -0.116670 
2456112.880427 0.122693 
2456113.811725 0.380014 
2456114.743022 0.648551 
2456115.674320 0.917941 
2456116.605618 1.173647 
2456117.536916 1.397243 
2456118.468214 1.568171 
2456119.399512 1.667263 
2456120.330810 1.681371 
2456121.262107 1.607318 
2456122.193405 1.453118 
2456123.124703 1.235722 
2456124.056001 0.976490 
2456124.987299 0.696569 
2456125.918597 0.413779 
2456126.849894 0.141368 
2456127.781192 -0.111844 
2456128.712490 -0.340632 
2456129.643788 -0.542374 
2456130.575086 -0.716167 
2456131.506384 -0.862142 
2456132.437682 -0.980981 
2456133.368979 -1.073598 
2456134.300277 -1.140930 
2456135.231575 -1.183816 
2456136.162873 -1.202922 
2456137.094171 -1.198705 
2456138.025469 -1.171395 
2456138.956767 -1.121004 
2456139.888064 -1.047339 
2456140.819362 -0.950041 
2456141.750660 -0.828648 
2456142.681958 -0.682700 
2456143.613256 -0.511895 
2456144.544554 -0.316344 
2456145.475851 -0.096929 
2456146.407149 0.144166 
2456147.338447 0.402762 
2456148.269745 0.671836 
2456149.201043 0.940681 
2456150.132341 1.194400 
2456151.063639 1.414288 
2456151.994936 1.579745 
2456152.926234 1.671933 
2456153.857532 1.678432 
2456154.788830 1.597028 
2456155.720128 1.436637 
2456156.651426 1.214783 
2456157.582724 0.952975 
2456158.514021 0.672170 
2456159.445319 0.389817 
2456160.376617 0.118767 
2456161.307915 -0.132508 
2456162.239213 -0.359045 
2456163.170511 -0.558404 
2456164.101809 -0.729791 
2456165.033106 -0.873403 
2456165.964404 -0.989953 
2456166.895702 -1.080361 
2456167.827000 -1.145563 
2456168.758298 -1.186383 
2456169.689596 -1.203471 
2456170.620893 -1.197264 
2456171.552191 -1.167974 
2456172.483489 -1.115594 
2456173.414787 -1.039915 
2456174.346085 -0.940566 
2456175.277383 -0.817081 
2456176.208681 -0.669005 
2456177.139978 -0.496063 
2456178.071276 -0.298412 
2456179.002574 -0.077026 
2456179.933872 0.165771 
2456180.865170 0.425589 
2456181.796468 0.695121 
2456182.727766 0.963313 
2456183.659063 1.214904 
2456184.590361 1.430930 
2456185.521659 1.590774 
2456186.452957 1.675963 
2456187.384255 1.674836 
2456188.315553 1.586149 
2456189.246850 1.419700 
2456190.178148 1.193549 
2456191.109446 0.929322 
2456192.040744 0.647761 
2456192.972042 0.365942 
2456193.903340 0.096314 
2456194.834638 -0.152988 
2456195.765935 -0.377258 
2456196.697233 -0.574227 
2456197.628531 -0.743211 
2456198.559829 -0.884465 
2456199.491127 -0.998731 
2456200.422425 -1.086939 
2456201.353723 -1.150016 
2456202.285020 -1.188775 
2456203.216318 -1.203848 
2456204.147616 -1.195653 
2456205.078914 -1.164383 
2456206.010212 -1.110012 
2456206.941510 -1.032317 
2456207.872807 -0.930913 
2456208.804105 -0.805333 
2456209.735403 -0.655127 
2456210.666701 -0.480047 
2456211.597999 -0.280305 
2456212.529297 -0.056964 
2456213.460595 0.187503 
2456214.391892 0.448490 
2456215.323190 0.718400 
2456216.254488 0.985824 
2456217.185786 1.235148 
2456218.117084 1.447157 
2456219.048382 1.601248 
2456219.979680 1.679351 
2456220.910977 1.670588 
2456221.842275 1.574691 
2456222.773573 1.402320 
2456223.704871 1.172035 
2456224.636169 0.905544 
2456225.567467 0.623354 
2456226.498765 0.342159 
2456227.430062 0.074014 
2456228.361360 -0.173282 
2456229.292658 -0.395268 
2456230.223956 -0.589842 
2456231.155254 -0.756425 
2456232.086552 -0.895328 
2456233.017849 -1.007318 
2456233.949147 -1.093332 
2456234.880445 -1.154290 
2456235.811743 -1.190992 
2456236.743041 -1.204053 
2456237.674339 -1.193871 
2456238.605637 -1.160621 
2456239.536934 -1.104259 
2456240.468232 -1.024543 
2456241.399530 -0.921082 
2456242.330828 -0.793402 
2456243.262126 -0.641065 
2456244.193424 -0.463850 
2456245.124722 -0.262022 
2456246.056019 -0.036745 
2456246.987317 0.209358 
2456247.918615 0.471460 
2456248.849913 0.741663 
2456249.781211 1.008204 
2456250.712509 1.255117 
2456251.643806 1.462954 
2456252.575104 1.611157 
2456253.506402 1.682090 
2456254.437700 1.665690 
2456255.368998 1.562664 
2456256.300296 1.384511 
2456257.231594 1.150255 
2456258.162891 0.881652 
2456259.094189 0.598957 
2456260.025487 0.318475 
2456260.956785 0.051869 
2456261.888083 -0.193388 
2456262.819381 -0.413075 
2456263.750679 -0.605251 
2456264.681976 -0.769435 
2456265.613274 -0.905991 
2456266.544572 -1.015713 
2456267.475870 -1.099539 
2456268.407168 -1.158385 
2456269.338466 -1.193035 
2456270.269763 -1.204087 
2456271.201061 -1.191920 
2456272.132359 -1.156689 
2456273.063657 -1.098332 
2456273.994955 -1.016594 
2456274.926253 -0.911072 
2456275.857551 -0.781290 
2456276.788848 -0.626820 
2456277.720146 -0.447470 
2456278.651444 -0.243566 
2456279.582742 -0.016371 
2456280.514040 0.231334 
2456281.445338 0.494491 
2456282.376636 0.764901 
2456283.307933 1.030442 
2456284.239231 1.274798 
2456285.170529 1.478310 
2456286.101827 1.620490 
2456287.033125 1.684179 
2456287.964423 1.660145 
2456288.895721 1.550078 
2456289.827018 1.366286 
2456290.758316 1.128223 
2456291.689614 0.857659 
2456292.620912 0.574580 
2456293.552210 0.294897 
2456294.483508 0.029884 
2456295.414805 -0.213303 
2456296.346103 -0.430678 
2456297.277401 -0.620453 
2456298.208699 -0.782240 
2456299.139997 -0.916457 
2456300.071295 -1.023917 
2456301.002593 -1.105563 
2456301.933890 -1.162302 
2456302.865188 -1.194904 
2456303.796486 -1.203950 
2456304.727784 -1.189799 
2456305.659082 -1.152587 
2456306.590380 -1.092234 
2456307.521678 -1.008470 
2456308.452975 -0.900883 
2456309.384273 -0.768995 
2456310.315571 -0.612390 
2456311.246869 -0.430908 
2456312.178167 -0.224937 
2456313.109465 0.004156 
2456314.040762 0.253425 
2456314.972060 0.517579 
2456315.903358 0.788106 
2456316.834656 1.052525 
2456317.765954 1.294179 
2456318.697252 1.493211 
2456319.628550 1.629240 
2456320.559847 1.685613 
2456321.491145 1.653959 
2456322.422443 1.536944 
2456323.353741 1.347660 
2456324.285039 1.105952 
2456325.216337 0.833576 
2456326.147635 0.550230 
2456327.078932 0.271429 
2456328.010230 0.008062 
2456328.941528 -0.233027 
2456329.872826 -0.448076 
2456330.804124 -0.635447 
2456331.735422 -0.794842 
2456332.666719 -0.926725 
2456333.598017 -1.031930 
2456334.529315 -1.111402 
2456335.460613 -1.166040 
2456336.391911 -1.196599 
2456337.323209 -1.203641 
2456338.254507 -1.187507 
2456339.185804 -1.148314 
2456340.117102 -1.085963 
2456341.048400 -1.000170 
2456341.979698 -0.890514 
2456342.910996 -0.756517 
2456343.842294 -0.597777 
2456344.773592 -0.414165 
2456345.704889 -0.206136 
2456346.636187 0.024833 
2456347.567485 0.275628 
2456348.498783 0.540716 
2456349.430081 0.811269 
2456350.361379 1.074443 
2456351.292677 1.313246 
2456352.223974 1.507646 
2456353.155272 1.637397 
2456354.086570 1.686390 
2456355.017868 1.647137 
2456355.949166 1.523272 
2456356.880464 1.328645 
2456357.811761 1.083456 
2456358.743059 0.809415 
2456359.674357 0.525917 
2456360.605655 0.248077 
2456361.536953 -0.013594 
2456362.468251 -0.252558 
2456363.399549 -0.465270 
2456364.330846 -0.650235 
2456365.262144 -0.807241 
2456366.193442 -0.936797 
2456367.124740 -1.039754 
2456368.056038 -1.117059 
2456368.987336 -1.169601 
2456369.918634 -1.198121 
2456370.849931 -1.203162 
2456371.781229 -1.185046 
2456372.712527 -1.143870 
2456373.643825 -1.079519 
2456374.575123 -0.991694 
2456375.506421 -0.879966 
2456376.437718 -0.743857 
2456377.369016 -0.582979 
2456378.300314 -0.397241 
2456379.231612 -0.187165 
2456380.162910 0.045658 
2456381.094208 0.297939 
2456382.025506 0.563895 
2456382.956803 0.834380 
2456383.888101 1.096182 
2456384.819399 1.331985 
2456385.750697 1.521600 
2456386.681995 1.644952 
2456387.613293 1.686510 
2456388.544591 1.639684 
2456389.475888 1.509074 
2456390.407186 1.309257 
2456391.338484 1.060749 
2456392.269782 0.785187 
2456393.201080 0.501648 
2456394.132378 0.224847 
2456395.063676 -0.035081 
2456395.994973 -0.271893 
2456396.926271 -0.482257 
2456397.857569 -0.664816 
2456398.788867 -0.819437 
2456399.720165 -0.946672 
2456400.651463 -1.047388 
2456401.582760 -1.122533 
2456402.514058 -1.172985 
2456403.445356 -1.199470 
2456404.376654 -1.202512 
2456405.307952 -1.182414 
2456406.239250 -1.139255 
2456407.170548 -1.072902 
2456408.101845 -0.983042 
2456409.033143 -0.869238 
2456409.964441 -0.731014 
2456410.895739 -0.567998 
2456411.827037 -0.380137 
2456412.758335 -0.168026 
2456413.689633 0.066628 
2456414.620930 0.320352 
2456415.552228 0.587111 
2456416.483526 0.857429 
2456417.414824 1.117732 
2456418.346122 1.350384 
2456419.277420 1.535063 
2456420.208717 1.651898 
2456421.140015 1.685969 
2456422.071313 1.631606 
2456423.002611 1.494361 
2456423.933909 1.289509 
2456424.865207 1.037844 
2456425.796505 0.760903 
2456426.727802 0.477432 
2456427.659100 0.201744 
2456428.590398 -0.056395 
2456429.521696 -0.291032 
2456430.452994 -0.499040 
2456431.384292 -0.679191 
2456432.315590 -0.831431 
2456433.246887 -0.956351 
2456434.178185 -1.054834 
2456435.109483 -1.127825 
2456436.040781 -1.176192 
2456436.972079 -1.200646 
2456437.903377 -1.201692 
2456438.834674 -1.179613 
2456439.765972 -1.134469 
2456440.697270 -1.066111 
2456441.628568 -0.974213 
2456442.559866 -0.858330 
2456443.491164 -0.717988 
2456444.422462 -0.552833 
2456445.353759 -0.362854 
2456446.285057 -0.148718 
2456447.216355 0.087740 
2456448.147653 0.342864 
2456449.078951 0.610356 
2456450.010249 0.880407 
2456450.941547 1.139080 
2456451.872844 1.368429 
2456452.804142 1.548023 
2456453.735440 1.658228 
2456454.666738 1.684770 
2456455.598036 1.622910 
2456456.529334 1.479147 
2456457.460632 1.269415 
2456458.391929 1.014754 
2456459.323227 0.736573 
2456460.254525 0.453277 
2456461.185823 0.178773 
2456462.117121 -0.077534 
2456463.048419 -0.309974 
2456463.979716 -0.515615 
2456464.911014 -0.693359 
2456465.842312 -0.843223 
2456466.773610 -0.965835 
2456467.704908 -1.062091 
2456468.636206 -1.132935 
2456469.567504 -1.179223 
2456470.498801 -1.201649 
2456471.430099 -1.200701 
2456472.361397 -1.176641 
2456473.292695 -1.129512 
2456474.223993 -1.059147 
2456475.155291 -0.965207 
2456476.086589 -0.847241 
2456477.017886 -0.704779 
2456477.949184 -0.537485 
2456478.880482 -0.345391 
2456479.811780 -0.129245 
2456480.743078 0.108992 
2456481.674376 0.365470 
2456482.605673 0.633622 
2456483.536971 0.903304 
2456484.468269 1.160212 
2456485.399567 1.386106 
2456486.330865 1.560467 
2456487.262163 1.663934 
2456488.193461 1.682910 
2456489.124758 1.613604 
2456490.056056 1.463442 
2456490.987354 1.248990 
2456491.918652 0.991493 
2456492.849950 0.712209 
2456493.781248 0.429188 
2456494.712546 0.155938 
2456495.643843 -0.098495 
2456496.575141 -0.328716 
2456497.506439 -0.531985 
2456498.437737 -0.707321 
2456499.369035 -0.854814 
2456500.300333 -0.975125 
2456501.231630 -1.069162 
2456502.162928 -1.137864 
2456503.094226 -1.182078 
2456504.025524 -1.202480 
2456504.956822 -1.199539 
2456505.888120 -1.173499 
2456506.819418 -1.124384 
2456507.750715 -1.052009 
2456508.682013 -0.956024 
2456509.613311 -0.835971 
2456510.544609 -0.691386 
2456511.475907 -0.521953 
2456512.407205 -0.327751 
2456513.338503 -0.109608 
2456514.269800 0.130379 
2456515.201098 0.388163 
2456516.132396 0.656902 
2456517.063694 0.926109 
2456517.994992 1.181118 
2456518.926290 1.403402 
2456519.857588 1.572384 
2456520.788885 1.669011 
2456521.720183 1.680392 
2456522.651481 1.603695 
2456523.582779 1.447260 
2456524.514077 1.228247 
2456525.445375 0.968073 
2456526.376672 0.687820 
2456527.307970 0.405175 
2456528.239268 0.133245 
2456529.170566 -0.119276 
2456530.101864 -0.347259 
2456531.033162 -0.548147 
2456531.964460 -0.721077 
2456532.895757 -0.866204 
2456533.827055 -0.984221 
2456534.758353 -1.076045 
2456535.689651 -1.142612 
2456536.620949 -1.184757 
2456537.552247 -1.203139 
2456538.483545 -1.198207 
2456539.414842 -1.170188 
2456540.346140 -1.119084 
2456541.277438 -1.044697 
2456542.208736 -0.946663 
2456543.140034 -0.824520 
2456544.071332 -0.677809 
2456545.002629 -0.506238 
2456545.933927 -0.309932 
2456546.865225 -0.089809 
2456547.796523 0.151900 
2456548.727821 0.410940 
2456549.659119 0.680188 
2456550.590417 0.948812 
2456551.521714 1.201783 
2456552.453012 1.420304 
2456553.384310 1.583764 
2456554.315608 1.673452 
2456555.246906 1.677218 
2456556.178204 1.593193 
2456557.109502 1.430614 
2456558.040799 1.207200 
2456558.972097 0.944507 
2456559.903395 0.663416 
2456560.834693 0.381244 
2456561.765991 0.110697 
2456562.697289 -0.139875 
2456563.628586 -0.365601 
2456564.559884 -0.564103 
2456565.491182 -0.734628 
2456566.422480 -0.877394 
2456567.353778 -0.993123 
2456568.285076 -1.082742 
2456569.216374 -1.147181 
2456570.147671 -1.187261 
2456571.078969 -1.203626 
2456572.010267 -1.196705 
2456572.941565 -1.166706 
2456573.872863 -1.113612 
2456574.804161 -1.037210 
2456575.735459 -0.937124 
2456576.666756 -0.812888 
2456577.598054 -0.664049 
2456578.529352 -0.490340 
2456579.460650 -0.291938 
2456580.391948 -0.069849 
2456581.323246 0.173551 
2456582.254544 0.433795 
2456583.185841 0.703472 
2456584.117139 0.971401 
2456585.048437 1.222196 
2456585.979735 1.436798 
2456586.911033 1.594595 
2456587.842331 1.677253 
2456588.773628 1.673388 
2456589.704926 1.582106 
2456590.636224 1.413516 
2456591.567522 1.185865 
2456592.498820 0.920807 
2456593.430118 0.639007 
2456594.361416 0.357401 
2456595.292713 0.088298 
2456596.224011 -0.160288 
2456597.155309 -0.383741 
2456598.086607 -0.579851 
2456599.017905 -0.747974 
2456599.949203 -0.888384 
2456600.880501 -1.001833 
2456601.811798 -1.089253 
2456602.743096 -1.151570 
2456603.674394 -1.189590 
2456604.605692 -1.203941 
2456605.536990 -1.195033 
2456606.468288 -1.163053 
2456607.399585 -1.107968 
2456608.330883 -1.029549 
2456609.262181 -0.927408 
2456610.193479 -0.801074 
2456611.124777 -0.650105 
2456612.056075 -0.474259 
2456612.987373 -0.273768 
2456613.918670 -0.049730 
2456614.849968 0.195327 
2456615.781266 0.456721 
2456616.712564 0.726746 
2456617.643862 0.993867 
2456618.575160 1.242342 
2456619.506458 1.452873 
2456620.437755 1.604867 
2456621.369053 1.680408 
2456622.300351 1.668906 
2456623.231649 1.570443 
2456624.162947 1.395981 
2456625.094245 1.164254 
2456626.025542 0.896987 
2456626.956840 0.614602 
2456627.888138 0.333653 
2456628.819436 0.066053 
2456629.750734 -0.180515 
2456630.682032 -0.401678 
2456631.613330 -0.595393 
2456632.544627 -0.761115 
2456633.475925 -0.899175 
2456634.407223 -1.010351 
2456635.338521 -1.095579 
2456636.269819 -1.155779 
2456637.201117 -1.191745 
2456638.132415 -1.204085 
2456639.063712 -1.193191 
2456639.995010 -1.159231 
2456640.926308 -1.102153 
2456641.857606 -1.021712 
2456642.788904 -0.917512 
2456643.720202 -0.789079 
2456644.651500 -0.635977 
2456645.582797 -0.457996 
2456646.514095 -0.255423 
2456647.445393 -0.029455 
2456648.376691 0.217226 
2456649.307989 0.479713 
2456650.239287 0.750001 
2456651.170584 1.016197 
2456652.101882 1.262210 
2456653.033180 1.468513 
2456653.964478 1.614571 
2456654.895776 1.682915 
2456655.827074 1.663775 
2456656.758372 1.558214 
2456657.689669 1.378021 
2456658.620967 1.142381 
2456659.552265 0.873058 
2456660.483563 0.590211 
2456661.414861 0.310006 
2456662.346159 0.043965 
2456663.277457 -0.200553 
2456664.208754 -0.419412 
2456665.140052 -0.610727 
2456666.071350 -0.774051 
2456667.002648 -0.909768 
2456667.933946 -1.018677 
2456668.865244 -1.101721 
2456669.796541 -1.159810 
2456670.727839 -1.193726 
2456671.659137 -1.204057 
2456672.590435 -1.191179 
2456673.521733 -1.155237 
2456674.453031 -1.096165 
2456675.384329 -1.013701 
2456676.315626 -0.907438 
2456677.246924 -0.776901 
2456678.178222 -0.621666 
2456679.109520 -0.441551 
2456680.040818 -0.236904 
2456680.972116 -0.009026 
2456681.903414 0.239244 
2456682.834711 0.502766 
2456683.766009 0.773228 
2456684.697307 1.038381 
2456685.628605 1.281785 
2456686.559903 1.483708 
2456687.491201 1.623696 
2456688.422499 1.684769 
2456689.353796 1.658000 
2456690.285094 1.545430 
2456691.216392 1.359651 
2456692.147690 1.120262 
2456693.078988 0.849031 
2456694.010286 0.565843 
2456694.941583 0.286466 
2456695.872881 0.022038 
2456696.804179 -0.220400 
2456697.735477 -0.436941 
2456698.666775 -0.625855 
2456699.598073 -0.786784 
2456700.529371 -0.920163 
2456701.460668 -1.026813 
2456702.391966 -1.107678 
2456703.323264 -1.163663 
2456704.254562 -1.195532 
2456705.185860 -1.203859 
2456706.117158 -1.188996 
2456707.048456 -1.151074 
2456707.979753 -1.090005 
2456708.911051 -1.005513 
2456709.842349 -0.897184 
2456710.773647 -0.764540 
2456711.704945 -0.607170 
2456712.636243 -0.424924 
2456713.567540 -0.218213 
2456714.498838 0.011555 
2456715.430136 0.261376 
2456716.361434 0.525872 
2456717.292732 0.796419 
2456718.224030 1.060406 
2456719.155328 1.301055 
2456720.086625 1.498443 
2456721.017923 1.632234 
2456721.949221 1.685967 
2456722.880519 1.651585 
2456723.811817 1.532101 
2456724.743115 1.340884 
2456725.674413 1.097909 
2456726.605710 0.824919 
2456727.537008 0.541505 
2456728.468306 0.263039 
2456729.399604 0.000275 
2456730.330902 -0.240054 
2456731.262200 -0.454266 
2456732.193497 -0.640775 
2456733.124795 -0.799313 
2456734.056093 -0.930360 
2456734.987391 -1.034758 
2456735.918689 -1.113452 
2456736.849987 -1.167338 
2456737.781285 -1.197165 
2456738.712582 -1.203489 
2456739.643880 -1.186644 
2456740.575178 -1.146739 
2456741.506476 -1.083671 
2456742.437774 -0.997150 
2456743.369072 -0.886752 
2456744.300370 -0.751998 
2456745.231667 -0.592490 
2456746.162965 -0.408116 
2456747.094263 -0.199352 
2456748.025561 0.032285 
2456748.956859 0.283618 
2456749.888157 0.549025 
2456750.819455 0.819564 
2456751.750752 1.082261 
2456752.682050 1.320006 
2456753.613348 1.512707 
2456754.544646 1.640176 
2456755.475944 1.686509 
2456756.407242 1.644536 
2456757.338539 1.518239 
2456758.269837 1.321734 
2456759.201135 1.075335 
2456760.132433 0.800732 
2456761.063731 0.517207 
2456761.995029 0.239731 
2456762.926327 -0.021320 
2456763.857624 -0.259515 
2456764.788922 -0.471386 
2456765.720220 -0.655489 
2456766.651518 -0.811639 
2456767.582816 -0.940361 
2456768.514114 -1.042514 
2456769.445412 -1.119043 
2456770.376709 -1.170835 
2456771.308007 -1.198625 
2456772.239305 -1.202949 
2456773.170603 -1.184121 
2456774.101901 -1.142234 
2456775.033199 -1.077165 
2456775.964496 -0.988611 
2456776.895794 -0.876139 
2456777.827092 -0.739272 
2456778.758390 -0.577627 
2456779.689688 -0.391128 
2456780.620986 -0.180320 
2456781.552284 0.053162 
2456782.483581 0.305966 
2456783.414879 0.572218 
2456784.346177 0.842654 
2456785.277475 1.103934 
2456786.208773 1.338624 
2456787.140071 1.526486 
2456788.071369 1.647514 
2456789.002666 1.686392 
2456789.933964 1.636858 
2456790.865262 1.503855 
2456791.796560 1.302215 
2456792.727858 1.052556 
2456793.659156 0.776483 
2456794.590453 0.492956 
2456795.521751 0.216546 
2456796.453049 -0.042745 
2456797.384347 -0.278780 
2456798.315645 -0.488300 
2456799.246943 -0.669996 
2456800.178241 -0.823762 
2456801.109538 -0.950166 
2456802.040836 -1.050080 
2456802.972134 -1.124452 
2456803.903432 -1.174156 
2456804.834730 -1.199912 
2456805.766028 -1.202237 
2456806.697326 -1.181429 
2456807.628623 -1.137558 
2456808.559921 -1.070486 
2456809.491219 -0.979896 
2456810.422517 -0.865346 
2456811.353815 -0.726363 
2456812.285113 -0.562580 
2456813.216411 -0.373959 
2456814.147708 -0.161120 
2456815.079006 0.074184 
2456816.010304 0.328416 
2456816.941602 0.595445 
2456817.872900 0.865679 
2456818.804198 1.125413 
2456819.735495 1.356897 
2456820.666793 1.539770 
2456821.598091 1.654240 
2456822.529389 1.685615 
2456823.460687 1.628557 
2456824.391985 1.488961 
2456825.323283 1.282341 
2456826.254580 1.029583 
2456827.185878 0.752181 
2456828.117176 0.468761 
2456829.048474 0.193490 
2456829.979772 -0.063997 
2456830.911070 -0.297849 
2456831.842368 -0.505008 
2456832.773665 -0.684296 
2456833.704963 -0.835683 
2456834.636261 -0.959775 
2456835.567559 -1.057458 
2456836.498857 -1.129678 
2456837.430155 -1.177299 
2456838.361452 -1.201025 
2456839.292750 -1.201356 
2456840.224048 -1.178566 
2456841.155346 -1.132711 
2456842.086644 -1.063633 
2456843.017942 -0.971003 
2456843.949240 -0.854373 
2456844.880537 -0.713271 
2456845.811835 -0.547349 
2456846.743133 -0.356611 
2456847.674431 -0.141753 
2456848.605729 0.095346 
2456849.537027 0.350962 
2456850.468325 0.618698 
2456851.399622 0.888629 
2456852.330920 1.146685 
2456853.262218 1.374812 
2456854.193516 1.552546 
2456855.124814 1.660347 
2456856.056112 1.684179 
2456856.987409 1.619642 
2456857.918707 1.473570 
2456858.850005 1.262127 
2456859.781303 1.006430 
2456860.712601 0.727838 
2456861.643899 0.444629 
2456862.575197 0.170567 
2456863.506494 -0.085073 
2456864.437792 -0.316719 
2456865.369090 -0.521510 
2456866.300388 -0.698390 
2456867.231686 -0.847403 
2456868.162984 -0.969190 
2456869.094282 -1.064649 
2456870.025579 -1.134724 
2456870.956877 -1.180267 
2456871.888175 -1.201967 
2456872.819473 -1.200304 
2456873.750771 -1.175534 
2456874.682069 -1.127692 
2456875.613367 -1.056607 
2456876.544664 -0.961934 
2456877.475962 -0.843220 
2456878.407260 -0.699996 
2456879.338558 -0.531935 
2456880.269856 -0.339085 
2456881.201154 -0.122221 
2456882.132451 0.116647 
2456883.063749 0.373599 
2456883.995047 0.641970 
2456884.926345 0.911494 
2456885.857643 1.167737 
2456886.788941 1.392354 
2456887.720239 1.564802 
2456888.651536 1.665828 
2456889.582834 1.682083 
2456890.514132 1.610119 
2456891.445430 1.457692 
2456892.376728 1.241586 
2456893.308026 0.983110 
2456894.239324 0.703463 
2456895.170621 0.420567 
2456896.101919 0.147782 
2456897.033217 -0.105970 
2456897.964515 -0.335390 
2456898.895813 -0.537805 
2456899.827111 -0.712278 
2456900.758408 -0.858922 
2456901.689706 -0.978410 
2456902.621004 -1.071652 
2456903.552302 -1.139588 
2456904.483600 -1.183059 
2456905.414898 -1.202736 
2456906.346196 -1.199081 
2456907.277493 -1.172331 
2456908.208791 -1.122502 
2456909.140089 -1.049406 
2456910.071387 -0.952687 
2456911.002685 -0.831885 
2456911.933983 -0.686537 
2456912.865281 -0.516337 
2456913.796578 -0.321380 
2456914.727876 -0.102526 
2456915.659174 0.138083 
2456916.590472 0.396323 
2456917.521770 0.665253 
2456918.453068 0.934264 
2456919.384365 1.188558 
2456920.315663 1.409510 
2456921.246961 1.576528 
2456922.178259 1.670677 
2456923.109557 1.679329 
2456924.040855 1.599996 
2456924.972153 1.441342 
2456925.903450 1.220732 
2456926.834748 0.959637 
2456927.766046 0.679068 
2456928.697344 0.396582 
2456929.628642 0.125141 
2456930.559940 -0.126685 
2456931.491238 -0.353861 
2456932.422535 -0.553894 
2456933.353833 -0.725961 
2456934.285131 -0.870240 
2456935.216429 -0.987436 
2456936.147727 -1.078468 
2456937.079025 -1.144272 
2456938.010323 -1.185675 
2456938.941620 -1.203333 
2456939.872918 -1.197688 
2456940.804216 -1.168958 
2456941.735514 -1.117141 
2456942.666812 -1.042031 
2456943.598110 -0.943262 
2456944.529407 -0.820369 
2456945.460705 -0.672895 
2456946.392003 -0.500557 
2456947.323301 -0.303499 
2456948.254599 -0.082668 
2456949.185897 0.159651 
2456950.117195 0.419129 
2456951.048492 0.688540 
2456951.979790 0.956927 
2456952.911088 1.209134 
2456953.842386 1.426267 
2456954.773684 1.587712 
2456955.704982 1.674889 
2456956.636280 1.675919 
2456957.567577 1.589283 
2456958.498875 1.424533 
2456959.430173 1.199580 
2456960.361471 0.936021 
2456961.292769 0.654661 
2456962.224067 0.372682 
2456963.155364 0.102646 
2456964.086662 -0.147218 
2456965.017960 -0.372130 
2456965.949258 -0.569775 
2456966.880556 -0.739438 
2456967.811854 -0.881358 
2456968.743152 -0.996269 
2456969.674449 -1.085099 
2456970.605747 -1.148776 
2456971.537045 -1.188117 
2456972.468343 -1.203759 
2456973.399641 -1.196125 
2456974.330939 -1.165415 
2456975.262237 -1.111608 
2456976.193534 -1.034482 
2456977.124832 -0.933660 
2456978.056130 -0.808672 
2456978.987428 -0.659069 
2456979.918726 -0.484593 
2456980.850024 -0.285441 
2456981.781322 -0.062651 
2456982.712619 0.181347 
2456983.643917 0.442010 
2456984.575215 0.711821 
2456985.506513 0.979474 
2456986.437811 1.229453 
2456987.369109 1.442613 
2456988.300406 1.598344 
2456989.231704 1.678459 
2456990.163002 1.671855 
2456991.094300 1.577988 
2456992.025598 1.407277 
2456992.956896 1.178144 
2456993.888194 0.912277 
2456994.819491 0.630253 
2456995.750789 0.348872 
2456996.682087 0.080302 
2456997.613385 -0.167564 
2456998.544683 -0.390198 
2456999.475981 -0.585449 
2457000.407279 -0.752710 
2457001.338576 -0.892277 
2457002.269874 -1.004910 
2457003.201172 -1.091543 
2457004.132470 -1.153100 
2457005.063768 -1.190383 
2457005.995066 -1.204012 
2457006.926363 -1.194392 
2457007.857661 -1.161702 
2457008.788959 -1.105902 
2457009.720257 -1.026758 
2457010.651555 -0.923879 
2457011.582853 -0.796793 
2457012.514151 -0.645059 
2457013.445448 -0.468447 
2457014.376746 -0.267208 
2457015.308044 -0.042476 
2457016.239342 0.203168 
2457017.170640 0.464960 
2457018.101938 0.735089 
2457019.033236 1.001892 
2457019.964533 1.249501 
2457020.895831 1.458533 
2457021.827129 1.608414 
2457022.758427 1.681382 
2457023.689725 1.667140 
2457024.621023 1.566121 
2457025.552320 1.389587 
2457026.483618 1.156438 
2457027.414916 0.888416 
2457028.346214 0.605852 
2457029.277512 0.325160 
2457030.208810 0.058113 
2457031.140108 -0.187724 
2457032.071405 -0.408062 
2457033.002703 -0.600917 
2457033.934001 -0.765778 
2457034.865299 -0.902997 
2457035.796597 -1.013359 
2457036.727895 -1.097803 
2457037.659193 -1.157246 
2457038.590490 -1.192475 
2457039.521788 -1.204095 
2457040.453086 -1.192489 
2457041.384384 -1.157818 
2457042.315682 -1.100025 
2457043.246980 -1.018859 
2457044.178278 -0.913919 
2457045.109575 -0.784732 
2457046.040873 -0.630865 
2457046.972171 -0.452118 
2457047.903469 -0.248801 
2457048.834767 -0.022146 
2457049.766065 0.225110 
2457050.697362 0.487975 
2457051.628660 0.758335 
2457052.559958 1.024171 
2457053.491256 1.269265 
2457054.422554 1.474015 
2457055.353852 1.617911 
2457056.285150 1.683655 
2457057.216447 1.661778 
2457058.147745 1.553692 
2457059.079043 1.371479 
2457060.010341 1.134476 
2457060.941639 0.864451 
2457061.872937 0.581468 
2457062.804235 0.301551 
2457063.735532 0.036082 
2457064.666830 -0.207693 
2457065.598128 -0.425723 
2457066.529426 -0.616177 
2457067.460724 -0.778641 
2457068.392022 -0.913519 
2457069.323319 -1.021617 
2457070.254617 -1.103879 
2457071.185915 -1.161213 
2457072.117213 -1.194393 
2457073.048511 -1.204006 
2457073.979809 -1.190415 
2457074.911107 -1.153764 
2457075.842404 -1.093975 
2457076.773702 -1.010784 
2457077.705000 -0.903781 
2457078.636298 -0.772489 
2457079.567596 -0.616488 
2457080.498894 -0.435608 
2457081.430192 -0.230220 
2457082.361489 -0.001662 
2457083.292787 0.247169 
2457084.224085 0.511047 
2457085.155383 0.781551 
2457086.086681 1.046299 
2457087.017979 1.288732 
2457087.949276 1.489046 
2457088.880574 1.626827 
2457089.811872 1.685274 
2457090.743170 1.655773 
2457091.674468 1.540712 
2457092.605766 1.352965 
2457093.537064 1.112271 
2457094.468361 0.840392 
2457095.399659 0.557110 
2457096.330957 0.278051 
2457097.262255 0.014213 
2457098.193553 -0.227471 
2457099.124851 -0.443179 
2457100.056149 -0.631230 
2457100.987446 -0.791301 
2457101.918744 -0.923843 
2457102.850042 -1.029684 
2457103.781340 -1.109770 
2457104.712638 -1.165001 
2457105.643936 -1.196138 
2457106.575234 -1.203746 
2457107.506531 -1.188172 
2457108.437829 -1.149539 
2457109.369127 -1.087753 
2457110.300425 -1.002534 
2457111.231723 -0.893463 
2457112.163021 -0.760063 
2457113.094318 -0.601926 
2457114.025616 -0.418916 
2457114.956914 -0.211468 
2457115.888212 0.018973 
2457116.819510 0.269341 
2457117.750808 0.534171 
2457118.682106 0.804726 
2457119.613403 1.068265 
2457120.544701 1.307889 
2457121.475999 1.503614 
2457122.407297 1.635152 
2457123.338595 1.686237 
2457124.269893 1.649130 
2457125.201191 1.527190 
2457126.132488 1.334059 
2457127.063786 1.089837 
2457127.995084 0.816252 
2457128.926382 0.532785 
2457129.857680 0.254666 
2457130.788978 -0.007490 
2457131.720275 -0.247057 
2457132.651573 -0.460430 
2457133.582871 -0.646076 
2457134.514169 -0.803757 
2457135.445467 -0.933970 
2457136.376765 -1.037562 
2457137.308063 -1.115478 
2457138.239360 -1.168612 
2457139.170658 -1.197709 
2457140.101956 -1.203315 
2457141.033254 -1.185759 
2457141.964552 -1.145143 
2457142.895850 -1.081358 
2457143.827148 -0.994108 
2457144.758445 -0.882966 
2457145.689743 -0.747454 
2457146.621041 -0.587181 
2457147.552339 -0.402044 
2457148.483637 -0.192545 
2457149.414935 0.039756 
2457150.346232 0.291622 
2457151.277530 0.557339 
2457152.208828 0.827853 
2457153.140126 1.090056 
2457154.071424 1.326722 
2457155.002722 1.517705 
2457155.934020 1.642878 
2457156.865317 1.686543 
2457157.796615 1.641854 
2457158.727913 1.513140 
2457159.659211 1.314775 
2457160.590509 1.067188 
2457161.521807 0.792042 
2457162.453105 0.508503 
2457163.384402 0.231401 
2457164.315700 -0.029025 
2457165.246998 -0.266447 
2457166.178296 -0.477476 
2457167.109594 -0.660716 
2457168.040892 -0.816010 
2457168.972190 -0.943900 
2457169.903487 -1.045249 
2457170.834785 -1.121004 
2457171.766083 -1.172046 
2457172.697381 -1.199106 
2457173.628679 -1.202713 
2457174.559977 -1.183175 
2457175.491274 -1.140577 
2457176.422572 -1.074790 
2457177.353870 -0.985506 
2457178.285168 -0.872289 
2457179.216466 -0.734663 
2457180.147764 -0.572251 
2457181.079062 -0.384990 
2457182.010359 -0.173453 
2457182.941657 0.060686 
2457183.872955 0.314007 
2457184.804253 0.580546 
2457185.735551 0.850921 
2457186.666849 1.111661 
2457187.598147 1.345219 
2457188.529444 1.531308 
2457189.460742 1.649997 
2457190.392040 1.686189 
2457191.323338 1.633952 
2457192.254636 1.498572 
2457193.185934 1.295127 
2457194.117231 1.044338 
2457195.048529 0.767772 
2457195.979827 0.484272 
2457196.911125 0.208261 
2457197.842423 -0.050388 
2457198.773721 -0.285642 
2457199.705019 -0.494317 
2457200.636316 -0.675148 
2457201.567614 -0.828061 
2457202.498912 -0.953635 
2457203.430210 -1.052748 
2457204.361508 -1.126347 
2457205.292806 -1.175303 
2457206.224104 -1.200331 
2457207.155401 -1.201941 
2457208.086699 -1.180422 
2457209.017997 -1.135839 
2457209.949295 -1.068048 
2457210.880593 -0.976727 
2457211.811891 -0.861431 
2457212.743188 -0.721689 
2457213.674486 -0.557138 
2457214.605784 -0.367758 
2457215.537082 -0.154193 
2457216.468380 0.081758 
2457217.399678 0.336491 
2457218.330976 0.603783 
2457219.262273 0.873920 
2457220.193571 1.133066 
2457221.124869 1.363365 
2457222.056167 1.544411 
2457222.987465 1.656502 
2457223.918763 1.685176 
2457224.850061 1.625430 
2457225.781358 1.483498 
2457226.712656 1.275129 
2457227.643954 1.021299 
2457228.575252 0.743454 
2457229.506550 0.460098 
2457230.437848 0.185252 
2457231.369146 -0.071577 
2457232.300443 -0.304640 
2457233.231741 -0.510951 
2457234.163039 -0.689375 
2457235.094337 -0.839910 
2457236.025635 -0.963174 
2457236.956933 -1.060059 
2457237.888230 -1.131509 
2457238.819528 -1.178384 
2457239.750826 -1.201383 
2457240.682124 -1.200998 
2457241.613422 -1.177498 
2457242.544720 -1.130930 
2457243.476018 -1.061133 
2457244.407315 -0.967771 
2457245.338613 -0.850394 
2457246.269911 -0.708531 
2457247.201209 -0.541842 
2457248.132507 -0.350346 
2457249.063805 -0.134767 
2457249.995103 0.102970 
2457250.926400 0.359071 
2457251.857698 0.627043 
2457252.788996 0.896841 
2457253.720294 1.154261 
2457254.651592 1.381147 
2457255.582890 1.557002 
2457256.514187 1.662385 
2457257.445485 1.683503 
2457258.376783 1.616296 
2457259.308081 1.467930 
2457260.239379 1.254796 
2457261.170677 0.998084 
2457262.101975 0.719099 
2457263.033272 0.435990 
2457263.964570 0.162379 
2457264.895868 -0.092588 
2457265.827166 -0.323439 
2457266.758464 -0.527378 
2457267.689762 -0.703395 
2457268.621060 -0.851558 
2457269.552357 -0.972519 
2457270.483655 -1.067182 
2457271.414953 -1.136489 
2457272.346251 -1.181289 
2457273.277549 -1.202263 
2457274.208847 -1.199885 
2457275.140145 -1.174405 
2457276.071442 -1.125851 
2457277.002740 -1.054044 
2457277.934038 -0.958638 
2457278.865336 -0.839175 
2457279.796634 -0.695190 
2457280.727932 -0.526362 
2457281.659229 -0.332755 
2457282.590527 -0.115176 
2457283.521825 0.124320 
2457284.453123 0.381740 
2457285.384421 0.650320 
2457286.315719 0.919673 
2457287.247017 1.175232 
2457288.178314 1.398552 
2457289.109612 1.569069 
2457290.040910 1.667640 
2457290.972208 1.681171 
2457291.903506 1.606557 
2457292.834804 1.451882 
2457293.766102 1.234141 
2457294.697399 0.974708 
2457295.628697 0.694716 
2457296.559995 0.411955 
2457297.491293 0.139645 
2457298.422591 -0.113421 
2457299.353889 -0.342038 
2457300.285186 -0.543599 
2457301.216484 -0.717210 
2457302.147782 -0.863004 
2457303.079080 -0.981669 
2457304.010378 -1.074118 
2457304.941676 -1.141288 
2457305.872974 -1.184018 
2457306.804271 -1.202970 
2457307.735569 -1.198601 
2457308.666867 -1.171141 
2457309.598165 -1.120599 
2457310.529463 -1.046781 
2457311.460761 -0.949327 
2457312.392059 -0.827776 
2457313.323356 -0.681665 
2457314.254654 -0.510698 
2457315.185952 -0.314987 
2457316.117250 -0.095422 
2457317.048548 0.145804 
2457317.979846 0.404494 
2457318.911143 0.673605 
2457319.842441 0.942405 
2457320.773739 1.195967 
2457321.705037 1.415567 
2457322.636335 1.580602 
2457323.567633 1.672261 
2457324.498931 1.678181 
2457325.430228 1.596221 
2457326.361526 1.435365 
2457327.292824 1.213179 
2457328.224122 0.951182 
2457329.155420 0.670315 
2457330.086718 0.388000 
2457331.018016 0.117055 
2457331.949313 -0.134071 
2457332.880611 -0.360437 
2457333.811909 -0.559613 
2457334.743207 -0.730818 
2457335.674505 -0.874251 
2457336.605803 -0.990626 
2457337.537101 -1.080868 
2457338.468398 -1.145908 
2457339.399696 -1.186571 
2457340.330994 -1.203506 
2457341.262292 -1.197147 
2457342.193590 -1.167707 
2457343.124888 -1.115176 
2457344.056185 -1.039344 
2457344.987483 -0.939839 
2457345.918781 -0.816195 
2457346.850079 -0.667957 
2457347.781377 -0.494852 
2457348.712675 -0.297042 
2457349.643973 -0.075507 
2457350.575270 0.167418 
2457351.506568 0.427327 
2457352.437866 0.696891 
2457353.369164 0.965028 
2457354.300462 1.216452 
2457355.231760 1.432178 
2457356.163058 1.591589 
2457357.094355 1.676244 
2457358.025653 1.674537 
2457358.956951 1.585299 
2457359.888249 1.418394 
2457360.819547 1.191924 
2457361.750845 0.927519 
2457362.682142 0.645906 
2457363.613440 0.364131 
2457364.544738 0.094614 
2457365.476036 -0.154537 
2457366.407334 -0.378634 
2457367.338632 -0.575421 
2457368.269930 -0.744222 
2457369.201227 -0.885297 
2457370.132525 -0.999391 
2457371.063823 -1.087431 
2457371.995121 -1.150347 
2457372.926419 -1.188950 
2457373.857717 -1.203869 
2457374.789015 -1.195523 
2457375.720312 -1.164103 
2457376.651610 -1.109581 
2457377.582908 -1.031732 
2457378.514206 -0.930172 
2457379.445504 -0.804432 
2457380.376802 -0.654065 
2457381.308099 -0.478823 
2457382.239397 -0.278921 
2457383.170695 -0.055433 
2457384.101993 0.189159 
2457385.033291 0.450233 
2457385.964589 0.720168 
2457386.895887 0.987530 
2457387.827184 1.236675 
2457388.758482 1.448372 
2457389.689780 1.602021 
2457390.621078 1.679582 
2457391.552376 1.670239 
2457392.483674 1.573797 
2457393.414972 1.400981 
2457394.346269 1.170389 
2457395.277567 0.903732 
2457396.208865 0.621500 
2457397.140163 0.340356 
2457398.071461 0.072325 
2457399.002759 -0.174817 
2457399.934057 -0.396628 
2457400.865354 -0.591021 
2457401.796652 -0.757421 
2457402.727950 -0.896145 
2457403.659248 -1.007963 
2457404.590546 -1.093810 
2457405.521844 -1.154607 
2457406.453141 -1.191154 
2457407.384439 -1.204062 
2457408.315737 -1.193729 
2457409.247035 -1.160328 
2457410.178333 -1.103814 
2457411.109631 -1.023945 
2457412.040929 -0.920327 
2457412.972226 -0.792488 
2457413.903524 -0.639989 
2457414.834822 -0.462611 
2457415.766120 -0.260626 
2457416.697418 -0.035202 
2457417.628716 0.211024 
2457418.560014 0.473208 
2457419.491311 0.743430 
2457420.422609 1.009899 
2457421.353907 1.256623 
2457422.285205 1.464137 
2457423.216503 1.611886 
2457424.147801 1.682272 
2457425.079098 1.665291 
2457426.010396 1.561727 
2457426.941694 1.383140 
2457427.872992 1.148590 
2457428.804290 0.879832 
2457429.735588 0.597104 
2457430.666886 0.316680 
2457431.598183 0.050192 
2457432.529481 -0.194908 
2457433.460779 -0.414420 
2457434.392077 -0.606414 
2457435.323375 -0.770415 
2457436.254673 -0.906794 
2457437.185971 -1.016343 
2457438.117268 -1.100003 
2457439.048566 -1.158689 
2457439.979864 -1.193183 
2457440.911162 -1.204082 
2457441.842460 -1.191765 
2457442.773758 -1.156383 
2457443.705055 -1.097875 
2457444.636353 -1.015983 
2457445.567651 -0.910304 
2457446.498949 -0.780362 
2457447.430247 -0.625730 
2457448.361545 -0.446218 
2457449.292843 -0.242156 
2457450.224140 -0.014816 
2457451.155438 0.233008 
2457452.086736 0.496244 
2457453.018034 0.766666 
2457453.949332 1.032125 
2457454.880630 1.276282 
2457455.811928 1.479459 
2457456.743225 1.621176 
2457457.674523 1.684311 
2457458.605821 1.659698 
2457459.537119 1.549099 
2457460.468417 1.364884 
2457461.399715 1.126539 
2457462.331013 0.855832 
2457463.262310 0.572728 
2457464.193608 0.293109 
2457465.124906 0.028220 
2457466.056204 -0.214809 
2457466.987502 -0.432007 
2457467.918800 -0.621600 
2457468.850097 -0.783205 
2457469.781395 -0.917244 
2457470.712693 -1.024532 
2457471.643991 -1.106013 
2457472.575289 -1.162592 
2457473.506587 -1.195039 
2457474.437885 -1.203932 
2457475.369182 -1.189630 
2457476.300480 -1.152268 
2457477.231778 -1.091763 
2457478.163076 -1.007846 
2457479.094374 -0.900101 
2457480.025672 -0.768053 
2457480.956970 -0.611286 
2457481.888267 -0.429642 
2457482.819565 -0.223514 
2457483.750863 0.005722 
2457484.682161 0.255108 
2457485.613459 0.519335 
2457486.544757 0.789868 
2457487.476054 1.054197 
2457488.407352 1.295639 
2457489.338650 1.494325 
2457490.269948 1.629881 
2457491.201246 1.685695 
2457492.132544 1.653463 
2457493.063842 1.535924 
2457493.995139 1.346228 
2457494.926437 1.104250 
2457495.857735 0.831743 
2457496.789033 0.548381 
2457497.720331 0.269650 
2457498.651629 0.006410 
2457499.582927 -0.234518 
2457500.514224 -0.449390 
2457501.445522 -0.636579 
2457502.376820 -0.795792 
2457503.308118 -0.927498 
2457504.239416 -1.032531 
2457505.170714 -1.111839 
2457506.102011 -1.166317 
2457507.033309 -1.196721 
2457507.964607 -1.203611 
2457508.895905 -1.187326 
2457509.827203 -1.147982 
2457510.758501 -1.085479 
2457511.689799 -0.999532 
2457512.621096 -0.889719 
2457513.552394 -0.755562 
2457514.483692 -0.596659 
2457515.414990 -0.412885 
2457516.346288 -0.204701 
2457517.277586 0.026410 
2457518.208884 0.277320 
2457519.140181 0.542476 
2457520.071479 0.813027 
2457521.002777 1.076101 
2457521.934075 1.314682 
2457522.865373 1.508723 
2457523.796671 1.637992 
2457524.727969 1.686423 
2457525.659266 1.646593 
2457526.590564 1.522211 
2457527.521862 1.327185 
2457528.453160 1.081738 
2457529.384458 0.807576 
2457530.315756 0.524071 
2457531.247053 0.246307 
2457532.178351 -0.015233 
2457533.109649 -0.254034 
2457534.040947 -0.466568 
2457534.972245 -0.651351 
2457535.903543 -0.808175 
2457536.834841 -0.937554 
2457537.766138 -1.040341 
2457538.697436 -1.117481 
2457539.628734 -1.169864 
2457540.560032 -1.198230 
2457541.491330 -1.203119 
2457542.422628 -1.184852 
2457543.353926 -1.143525 
2457544.285223 -1.079022 
2457545.216521 -0.991043 
2457546.147819 -0.879157 
2457547.079117 -0.742888 
2457548.010415 -0.581847 
2457548.941713 -0.395948 
2457549.873010 -0.185717 
2457550.804308 0.047246 
2457551.735606 0.299639 
2457552.666904 0.565659 
2457553.598202 0.836134 
2457554.529500 1.097827 
2457555.460798 1.333396 
2457556.392095 1.522641 
2457557.323393 1.645502 
2457558.254691 1.686492 
2457559.185989 1.639091 
2457560.117287 1.507974 
2457561.048585 1.307769 
2457561.979883 1.059015 
2457562.911180 0.783343 
2457563.842478 0.499806 
2457564.773776 0.223087 
2457565.705074 -0.036707 
2457566.636372 -0.273354 
2457567.567670 -0.483540 
2457568.498968 -0.665916 
2457569.430265 -0.820356 
2457570.361563 -0.947414 
2457571.292861 -1.047961 
2457572.224159 -1.122941 
2457573.155457 -1.173235 
2457574.086755 -1.199565 
2457575.018052 -1.202456 
2457575.949350 -1.182207 
2457576.880648 -1.138897 
2457577.811946 -1.072392 
2457578.743244 -0.982377 
2457579.674542 -0.868415 
2457580.605840 -0.730031 
2457581.537137 -0.566852 
2457582.468435 -0.378830 
2457583.399733 -0.166564 
2457584.331031 0.068227 
2457585.262329 0.322060 
2457586.193627 0.588877 
2457587.124925 0.859178 
2457588.056222 1.119362 
2457588.987520 1.351768 
2457589.918818 1.536066 
2457590.850116 1.652401 
2457591.781414 1.685901 
2457592.712712 1.630966 
2457593.644009 1.493223 
2457594.575307 1.287994 
2457595.506605 1.036095 
2457596.437903 0.759055 
2457597.369201 0.475594 
2457598.300499 0.199994 
2457599.231797 -0.058008 
2457600.163094 -0.292479 
2457601.094392 -0.500306 
2457602.025690 -0.680275 
2457602.956988 -0.832334 
2457603.888286 -0.957079 
2457604.819584 -1.055392 
2457605.750882 -1.128219 
2457606.682179 -1.176429 
2457607.613477 -1.200728 
2457608.544775 -1.201622 
2457609.476073 -1.179393 
2457610.407371 -1.134098 
2457611.338669 -1.065588 
2457612.269966 -0.973535 
2457613.201264 -0.857493 
2457614.132562 -0.716991 
2457615.063860 -0.551673 
2457615.995158 -0.361533 
2457616.926456 -0.147244 
2457617.857754 0.089350 
2457618.789051 0.344579 
2457619.720349 0.612123 
2457620.651647 0.882150 
2457621.582945 1.140693 
2457622.514243 1.369785 
2457623.445541 1.548987 
2457624.376839 1.658684 
2457625.308136 1.684652 
2457626.239434 1.622224 
2457627.170732 1.477970 
2457628.102030 1.267874 
2457629.033328 1.012992 
2457629.964626 0.734723 
2457630.895924 0.451443 
2457631.827221 0.177033 
2457632.758519 -0.079133 
2457633.689817 -0.311405 
2457634.621115 -0.516867 
2457635.552413 -0.694427 
2457636.483711 -0.844111 
2457637.415008 -0.966548 
2457638.346306 -1.062635 
2457639.277604 -1.133316 
2457640.208902 -1.179446 
2457641.140200 -1.201718 
2457642.071498 -1.200618 
2457643.002796 -1.176408 
2457643.934093 -1.129128 
2457644.865391 -1.058610 
2457645.796689 -0.964515 
2457646.727987 -0.846391 
2457647.659285 -0.703767 
2457648.590583 -0.536311 
2457649.521881 -0.344057 
2457650.453178 -0.127759 
2457651.384476 0.110612 
2457652.315774 0.367191 
2457653.247072 0.635391 
2457654.178370 0.905040 
2457655.109668 1.161809 
2457656.040965 1.387434 
2457656.972263 1.561391 
2457657.903561 1.664342 
2457658.834859 1.682742 
2457659.766157 1.612872 
2457660.697455 1.462229 
2457661.628753 1.247424 
2457662.560050 0.989718 
2457663.491348 0.710356 
2457664.422646 0.427361 
2457665.353944 0.154209 
2457666.285242 -0.100081 
2457667.216540 -0.330133 
2457668.147838 -0.533220 
2457669.079135 -0.708374 
2457670.010433 -0.855686 
2457670.941731 -0.975823 
2457671.873029 -1.069691 
2457672.804327 -1.138231 
2457673.735625 -1.182288 
2457674.666922 -1.202536 
2457675.598220 -1.199444 
2457676.529518 -1.173254 
2457677.460816 -1.123987 
2457678.392114 -1.051459 
2457679.323412 -0.955319 
2457680.254710 -0.835107 
2457681.186007 -0.690360 
2457682.117305 -0.520765 
2457683.048603 -0.326403 
2457683.979901 -0.108109 
2457684.911199 0.132010 
2457685.842497 0.389892 
2457686.773795 0.658671 
2457687.705092 0.927838 
2457688.636390 1.182697 
2457689.567688 1.404700 
2457690.498986 1.573268 
2457691.430284 1.669371 
2457692.361582 1.680174 
2457693.292880 1.602918 
2457694.224177 1.446011 
2457695.155475 1.226658 
2457696.086773 0.966287 
2457697.018071 0.685965 
2457697.949369 0.403354 
2457698.880667 0.131526 
2457699.811964 -0.120848 
2457700.743262 -0.348660 
2457701.674560 -0.549367 
2457702.605858 -0.722114 
2457703.537156 -0.867061 
2457704.468454 -0.984904 
2457705.399752 -1.076560 
2457706.331049 -1.142966 
2457707.262347 -1.184954 
2457708.193645 -1.203182 
2457709.124943 -1.198099 
2457710.056241 -1.169929 
2457710.987539 -1.118674 
2457711.918837 -1.044134 
2457712.850134 -0.945945 
2457713.781432 -0.823643 
2457714.712730 -0.676770 
2457715.644028 -0.505036 
2457716.575326 -0.308571 
2457717.506624 -0.088298 
2457718.437921 0.153541 
2457719.369219 0.412674 
2457720.300517 0.681957 
2457721.231815 0.950532 
2457722.163113 1.203344 
2457723.094411 1.421572 
2457724.025709 1.584606 
2457724.957006 1.673763 
2457725.888304 1.676949 
2457726.819602 1.592371 
2457727.750900 1.429330 
2457728.682198 1.205589 
2457729.613496 0.942710 
2457730.544794 0.661561 
2457731.476091 0.379429 
2457732.407389 0.108989 
2457733.338687 -0.141433 
2457734.269985 -0.366987 
2457735.201283 -0.565307 
2457736.132581 -0.735649 
2457737.063878 -0.878236 
2457737.995176 -0.993792 
2457738.926474 -1.083243 
2457739.857772 -1.147521 
2457740.789070 -1.187444 
2457741.720368 -1.203656 
2457742.651666 -1.196584 
2457743.582963 -1.166434 
2457744.514261 -1.113189 
2457745.445559 -1.036634 
2457746.376857 -0.936392 
2457747.308155 -0.811997 
2457748.239453 -0.662996 
2457749.170751 -0.489124 
2457750.102048 -0.290563 
2457751.033346 -0.068325 
2457751.964644 0.175201 
2457752.895942 0.435534 
2457753.827240 0.705241 
2457754.758538 0.973113 
2457755.689836 1.223736 
2457756.621133 1.438035 
2457757.552431 1.595395 
2457758.483729 1.677515 
2457759.415027 1.673070 
2457760.346325 1.581239 
2457761.277623 1.412199 
2457762.208920 1.184232 
2457763.140218 0.919001 
2457764.071516 0.637152 
2457765.002814 0.355593 
2457765.934112 0.086602 
2457766.865410 -0.161832 
2457767.796708 -0.385111 
2457768.728005 -0.581040 
2457769.659303 -0.748979 
2457770.590601 -0.889211 
2457771.521899 -1.002487 
2457772.453197 -1.089740 
2457773.384495 -1.151896 
2457774.315793 -1.189760 
2457775.247090 -1.203958 
2457776.178388 -1.194899 
2457777.109686 -1.162769 
2457778.040984 -1.107533 
2457778.972282 -1.028959 
2457779.903580 -0.926662 
2457780.834877 -0.800169 
2457781.766175 -0.649038 
2457782.697473 -0.473029 
2457783.628771 -0.272379 
2457784.560069 -0.048195 
2457785.491367 0.196987 
2457786.422665 0.458466 
2457787.353962 0.728514 
2457788.285260 0.995569 
2457789.216558 1.243862 
2457790.147856 1.454077 
2457791.079154 1.605625 
2457792.010452 1.680621 
2457792.941750 1.668539 
2457793.873047 1.569533 
2457794.804345 1.394631 
2457795.735643 1.162600 
2457796.666941 0.895172 
2457797.598239 0.612748 
2457798.529537 0.331852 
2457799.460834 0.064369 
2457800.392132 -0.182044 
2457801.323430 -0.403033 
2457802.254728 -0.596565 
2457803.186026 -0.762105 
2457804.117324 -0.899987 
2457805.048622 -1.010990 
2457805.979919 -1.096052 
2457806.911217 -1.156092 
2457807.842515 -1.191902 
2457808.773813 -1.204089 
2457809.705111 -1.193044 
2457810.636409 -1.158933 
2457811.567707 -1.101704 
2457812.499004 -1.021110 
2457813.430302 -0.916753 
2457814.361600 -0.788160 
2457815.292898 -0.634896 
2457816.224196 -0.456752 
2457817.155494 -0.254021 
2457818.086792 -0.027908 
2457819.018089 0.218895 
2457819.949387 0.481463 
2457820.880685 0.751767 
2457821.811983 1.017888 
2457822.743281 1.263708 
2457823.674579 1.469684 
2457824.605876 1.615285 
2457825.537174 1.683078 
2457826.468472 1.663359 
2457827.399770 1.557262 
2457828.331068 1.376639 
2457829.262366 1.140709 
2457830.193664 0.871235 
2457831.124961 0.588358 
2457832.056259 0.308213 
2457832.987557 0.042293 
2457833.918855 -0.202068 
2457834.850153 -0.420751 
2457835.781451 -0.611884 
2457836.712749 -0.775026 
2457837.644046 -0.910565 
2457838.575344 -1.019302 
2457839.506642 -1.102180 
2457840.437940 -1.160109 
2457841.369238 -1.193869 
2457842.300536 -1.204048 
2457843.231833 -1.191019 
2457844.163131 -1.154927 
2457845.094429 -1.095703 
2457846.025727 -1.013085 
2457846.957025 -0.906665 
2457847.888323 -0.775968 
2457848.819621 -0.620570 
2457849.750918 -0.440293 
2457850.682216 -0.235490 
2457851.613514 -0.007468 
2457852.544812 0.240922 
2457853.476110 0.504520 
2457854.407408 0.774992 
2457855.338706 1.040060 
2457856.270003 1.283260 
2457857.201301 1.484844 
2457858.132599 1.624366 
2457859.063897 1.684883 
2457859.995195 1.657535 
2457860.926493 1.544436 
2457861.857791 1.358238 
2457862.789088 1.118571 
2457863.720386 0.847201 
2457864.651684 0.563992 
2457865.582982 0.284682 
2457866.514280 0.020378 
2457867.445578 -0.221900 
2457868.376875 -0.438265 
2457869.308173 -0.626996 
2457870.239471 -0.787743 
2457871.170769 -0.920945 
2457872.102067 -1.027423 
2457873.033365 -1.108123 
2457873.964663 -1.163948 
2457874.895960 -1.195662 
2457875.827258 -1.203837 
2457876.758556 -1.188823 
2457877.689854 -1.150750 
2457878.621152 -1.089529 
2457879.552450 -1.004884 
2457880.483748 -0.896398 
2457881.415045 -0.763594 
2457882.346343 -0.606061 
2457883.277641 -0.423653 
2457884.208939 -0.216786 
2457885.140237 0.013125 
2457886.071535 0.263062 
2457887.002832 0.527630 
2457887.934130 0.798180 
2457888.865428 1.062073 
2457889.796726 1.302506 
2457890.728024 1.499544 
2457891.659322 1.632859 
2457892.590620 1.686032 
2457893.521917 1.651072 
2457894.453215 1.531067 
2457895.384513 1.339442 
2457896.315811 1.096201 
2457897.247109 0.823083 
2457898.178407 0.539657 
2457899.109705 0.261264 
2457900.041002 -0.001372 
2457900.972300 -0.241540 
2457901.903598 -0.455575 
2457902.834896 -0.641901 
2457903.766194 -0.800257 
2457904.697492 -0.931127 
2457905.628789 -1.035354 
2457906.560087 -1.113883 
2457907.491385 -1.167610 
2457908.422683 -1.197282 
2457909.353981 -1.203454 
2457910.285279 -1.186458 
2457911.216577 -1.146403 
2457912.147874 -1.083183 
2457913.079172 -0.996508 
2457914.010470 -0.885951 
2457914.941768 -0.751037 
2457915.873066 -0.591367 
2457916.804364 -0.406831 
2457917.735662 -0.197911 
2457918.666959 0.033867 
2457919.598257 0.285313 
2457920.529555 0.550786 
2457921.460853 0.821321 
2457922.392151 1.083915 
2457923.323449 1.321432 
2457924.254747 1.513771 
2457925.186044 1.640755 
2457926.117342 1.686523 
2457927.048640 1.643974 
2457927.979938 1.517164 
2457928.911236 1.320263 
2457929.842534 1.073611 
2457930.773831 0.798892 
2457931.705129 0.515362 
2457932.636427 0.237964 
2457933.567725 -0.022955 
2457934.499023 -0.260986 
2457935.430321 -0.472679 
2457936.361619 -0.656598 
2457937.292916 -0.812567 
2457938.224214 -0.941113 
2457939.155512 -1.043095 
2457940.086810 -1.119461 
2457941.018108 -1.171094 
2457941.949406 -1.198729 
2457942.880704 -1.202901 
2457943.812001 -1.183923 
2457944.743299 -1.141885 
2457945.674597 -1.076664 
2457946.605895 -0.987955 
2457947.537193 -0.875325 
2457948.468491 -0.738297 
2457949.399788 -0.576490 
2457950.331086 -0.389829 
2457951.262384 -0.178867 
2457952.193682 0.054755 
2457953.124980 0.307669 
2457954.056278 0.573982 
2457954.987576 0.844407 
2457955.918873 1.105573 
2457956.850171 1.340025 
2457957.781469 1.527513 
2457958.712767 1.648047 
2457959.644065 1.686356 
2457960.575363 1.636249 
2457961.506661 1.502741 
2457962.437958 1.300717 
2457963.369256 1.050816 
2457964.300554 0.774638 
2457965.231852 0.491116 
2457966.163150 0.214789 
2457967.094448 -0.044367 
2457968.025745 -0.280236 
2457968.957043 -0.489577 
2457969.888341 -0.671090 
2457970.819639 -0.824675 
2457971.750937 -0.950903 
2457972.682235 -1.050648 
2457973.613533 -1.124855 
2457974.544830 -1.174401 
2457975.476128 -1.200002 
2457976.407426 -1.202176 
2457977.338724 -1.181217 
2457978.270022 -1.137196 
2457979.201320 -1.069971 
2457980.132618 -0.979226 
2457981.063915 -0.864519 
2457981.995213 -0.725375 
2457982.926511 -0.561429 
2457983.857809 -0.372647 
2457984.789107 -0.159654 
2457985.720405 0.075787 
2457986.651703 0.330126 
2457987.583000 0.597212 
2457988.514298 0.867426 
2457989.445596 1.127037 
2457990.376894 1.358272 
2457991.308192 1.540759 
2457992.239490 1.654726 
2457993.170787 1.685529 
2457994.102085 1.627901 
2457995.033383 1.487809 
2457995.964681 1.280817 
2457996.895979 1.027829 
2457997.827277 0.750332 
2457998.758575 0.466925 
2457999.689872 0.191743 
2458000.621170 -0.065605 
2458001.552468 -0.299290 
2458002.483766 -0.506270 
2458003.415064 -0.685374 
2458004.346362 -0.836581 
2458005.277660 -0.960497 
2458006.208957 -1.058011 
2458007.140255 -1.130068 
2458008.071553 -1.177531 
2458009.002851 -1.201103 
2458009.934149 -1.201282 
2458010.865447 -1.178342 
2458011.796744 -1.132335 
2458012.728042 -1.063105 
2458013.659340 -0.970320 
2458014.590638 -0.853532 
2458015.521936 -0.712269 
2458016.453234 -0.546184 
2458017.384532 -0.355286 
2458018.315829 -0.140275 
2458019.247127 0.096960 
2458020.178425 0.352679 
2458021.109723 0.620466 
2458022.041021 0.890370 
2458022.972319 1.148292 
2458023.903617 1.376158 
2458024.834914 1.553496 
2458025.766212 1.660785 
2458026.697510 1.684042 
2458027.628808 1.618939 
2458028.560106 1.472380 
2458029.491404 1.260577 
2458030.422701 1.004663 
2458031.353999 0.725986 
2458032.285297 0.442798 
2458033.216595 0.168830 
2458034.147893 -0.086667 
2458035.079191 -0.318145 
2458036.010489 -0.522756 
2458036.941786 -0.699453 
2458037.873084 -0.848286 
2458038.804382 -0.969897 
2458039.735680 -1.065188 
2458040.666978 -1.135100 
2458041.598276 -1.180485 
2458042.529574 -1.202031 
2458043.460871 -1.200217 
2458044.392169 -1.175296 
2458045.323467 -1.127304 
2458046.254765 -1.056066 
2458047.186063 -0.961237 
2458048.117361 -0.842365 
2458049.048659 -0.698980 
2458049.979956 -0.530756 
2458050.911254 -0.337745 
2458051.842552 -0.120730 
2458052.773850 0.118271 
2458053.705148 0.375323 
2458054.636446 0.643739 
2458055.567743 0.913228 
2458056.499041 1.169328 
2458057.430339 1.393671 
2458058.361637 1.565712 
2458059.292935 1.666219 
2458060.224233 1.681897 
2458061.155531 1.609371 
2458062.086828 1.456466 
2458063.018126 1.240012 
2458063.949424 0.981332 
2458064.880722 0.701610 
2458065.812020 0.418741 
2458066.743318 0.146057 
2458067.674616 -0.107550 
2458068.605913 -0.336801 
2458069.537211 -0.539035 
2458070.468509 -0.713326 
2458071.399807 -0.859789 
2458072.331105 -0.979102 
2458073.262403 -1.072176 
2458074.193700 -1.139950 
2458075.124998 -1.183264 
2458076.056296 -1.202788 
2458076.987594 -1.198981 
2458077.918892 -1.172081 
2458078.850190 -1.122101 
2458079.781488 -1.048852 
2458080.712785 -0.951977 
2458081.644083 -0.831016 
2458082.575381 -0.685507 
2458083.506679 -0.515145 
2458084.437977 -0.320028 
2458085.369275 -0.101022 
2458086.300573 0.139718 
2458087.231870 0.398054 
2458088.163168 0.667023 
2458089.094466 0.935990 
2458090.025764 1.190131 
2458090.957062 1.410798 
2458091.888360 1.577397 
2458092.819657 1.671020 
2458093.750955 1.679093 
2458094.682253 1.599203 
2458095.613551 1.440081 
2458096.544849 1.219135 
2458097.476147 0.957847 
2458098.407445 0.677213 
2458099.338742 0.394763 
2458100.270040 0.123426 
2458101.201338 -0.128252 
2458102.132636 -0.355256 
2458103.063934 -0.555108 
2458103.995232 -0.726992 
2458104.926530 -0.871092 
2458105.857827 -0.988114 
2458106.789125 -1.078979 
2458107.720423 -1.144620 
2458108.651721 -1.185867 
2458109.583019 -1.203372 
2458110.514317 -1.197575 
2458111.445615 -1.168695 
2458112.376912 -1.116726 
2458113.308210 -1.041464 
2458114.239508 -0.942539 
2458115.170806 -0.819487 
2458116.102104 -0.671851 
2458117.033402 -0.499350 
2458117.964699 -0.302133 
2458118.895997 -0.081153 
2458119.827295 0.161295 
2458120.758593 0.420865 
2458121.689891 0.690309 
2458122.621189 0.958645 
2458123.552487 1.210688 
2458124.483784 1.427524 
2458125.415082 1.588540 
2458126.346380 1.675183 
2458127.277678 1.675633 
2458128.208976 1.588445 
2458129.140274 1.423237 
2458130.071572 1.197961 
2458131.002869 0.934221 
2458131.934167 0.652806 
2458132.865465 0.370869 
2458133.796763 0.100942 
2458134.728061 -0.148771 
2458135.659359 -0.373510 
2458136.590656 -0.570973 
2458137.521954 -0.740454 
2458138.453252 -0.882195 
2458139.384550 -0.996933 
2458140.315848 -1.085595 
2458141.247146 -1.149111 
2458142.178444 -1.188295 
2458143.109741 -1.203784 
2458144.041039 -1.195999 
2458144.972337 -1.165139 
2458145.903635 -1.111180 
2458146.834933 -1.033901 
2458147.766231 -0.932923 
2458148.697529 -0.807776 
2458149.628826 -0.658011 
2458150.560124 -0.483372 
2458151.491422 -0.284061 
2458152.422720 -0.061123 
2458153.354018 0.183001 
2458154.285316 0.443751 
2458155.216614 0.713590 
2458156.147911 0.981182 
2458157.079209 1.230986 
2458158.010507 1.443838 
2458158.941805 1.599129 
2458159.873103 1.678704 
2458160.804401 1.671520 
2458161.735698 1.577106 
2458162.666996 1.405947 
2458163.598294 1.176504 
2458164.529592 0.910468 
2458165.460890 0.628398 
2458166.392188 0.347067 
2458167.323486 0.078610 
2458168.254783 -0.169103 
2458169.186081 -0.391562 
2458170.117379 -0.586632 
2458171.048677 -0.753711 
2458171.979975 -0.893099 
2458172.911273 -1.005559 
2458173.842571 -1.092026 
2458174.773868 -1.153421 
2458175.705166 -1.190548 
2458176.636464 -1.204025 
2458177.567762 -1.194253 
2458178.499060 -1.161413 
2458179.430358 -1.105462 
2458180.361655 -1.026164 
2458181.292953 -0.923128 
2458182.224251 -0.795883 
2458183.155549 -0.643987 
2458184.086847 -0.467212 
2458185.018145 -0.265815 
2458185.949443 -0.040937 
2458186.880740 0.204831 
2458187.812038 0.466707 
2458188.743336 0.736857 
2458189.674634 1.003590 
2458190.605932 1.251013 
2458191.537230 1.459725 
2458192.468528 1.609156 
2458193.399825 1.681578 
2458194.331123 1.666755 
2458195.262421 1.565196 
2458196.193719 1.388226 
2458197.125017 1.154778 
2458198.056315 0.886599 
2458198.987612 0.603998 
2458199.918910 0.323362 
2458200.850208 0.056433 
2458201.781506 -0.189248 
2458202.712804 -0.409411 
2458203.644102 -0.602084 
2458204.575400 -0.766763 
2458205.506697 -0.903804 
2458206.437995 -1.013994 
2458207.369293 -1.098271 
2458208.300591 -1.157553 
2458209.231889 -1.192627 
2458210.163187 -1.204094 
2458211.094485 -1.192337 
2458212.025782 -1.157516 
2458212.957080 -1.099571 
2458213.888378 -1.018251 
2458214.819676 -0.913155 
2458215.750974 -0.783808 
2458216.682272 -0.629779 
2458217.613570 -0.450870 
2458218.544867 -0.247395 
2458219.476165 -0.020594 
2458220.407463 0.226782 
2458221.338761 0.489726 
2458222.270059 0.760101 
2458223.201357 1.025858 
2458224.132654 1.270755 
2458225.063952 1.475173 
2458225.995250 1.618609 
2458226.926548 1.683801 
2458227.857846 1.661344 
2458228.789144 1.552725 
2458229.720442 1.370086 
2458230.651739 1.132796 
2458231.583037 0.862625 
2458232.514335 0.579616 
2458233.445633 0.299761 
2458234.376931 0.034414 
2458235.308229 -0.209203 
2458236.239527 -0.427056 
2458237.170824 -0.617328 
2458238.102122 -0.779610 
2458239.033420 -0.914310 
2458239.964718 -1.022237 
2458240.896016 -1.104333 
2458241.827314 -1.161507 
2458242.758611 -1.194532 
2458243.689909 -1.203992 
2458244.621207 -1.190251 
2458245.552505 -1.153449 
2458246.483803 -1.093509 
2458247.415101 -1.010164 
2458248.346399 -0.903003 
2458249.277696 -0.771551 
2458250.208994 -0.615387 
2458251.140292 -0.434346 
2458252.071590 -0.228801 
2458253.002888 -0.000099 
2458253.934186 0.248850 
2458254.865484 0.512803 
2458255.796781 0.783313 
2458256.728079 1.047974 
2458257.659377 1.290199 
2458258.590675 1.490170 
2458259.521973 1.627480 
2458260.453271 1.685370 
2458261.384568 1.655290 
2458262.315866 1.539703 
2458263.247164 1.351542 
2458264.178462 1.110574 
2458265.109760 0.838560 
2458266.041058 0.555260 
2458266.972356 0.276269 
2458267.903653 0.012558 
2458268.834951 -0.228967 
2458269.766249 -0.444497 
2458270.697547 -0.632365 
2458271.628845 -0.792255 
2458272.560143 -0.924619 
2458273.491441 -1.030290 
2458274.422738 -1.110210 
2458275.354036 -1.165282 
2458276.285334 -1.196263 
2458277.216632 -1.203719 
2458278.147930 -1.187995 
2458279.079228 -1.149211 
2458280.010526 -1.087273 
2458280.941823 -1.001900 
2458281.873121 -0.892672 
2458282.804419 -0.759111 
2458283.735717 -0.600812 
2458284.667015 -0.417640 
2458285.598313 -0.210036 
2458286.529610 0.020547 
2458287.460908 0.271030 
2458288.392206 0.535930 
2458289.323504 0.806486 
2458290.254802 1.069927 
2458291.186100 1.309332 
2458292.117398 1.504701 
2458293.048695 1.635760 
2458293.979993 1.686284 
2458294.911291 1.648599 
2458295.842589 1.526141 
2458296.773887 1.332606 
2458297.705185 1.088123 
2458298.636483 0.814414 
2458299.567780 0.530938 
2458300.499078 0.252893 
2458301.430376 -0.009132 
2458302.361674 -0.248537 
2458303.292972 -0.461733 
2458304.224270 -0.647196 
2458305.155567 -0.804695 
2458306.086865 -0.934731 
2458307.018163 -1.038152 
2458307.949461 -1.115905 
2458308.880759 -1.168880 
2458309.812057 -1.197821 
2458310.743355 -1.203275 
2458311.674652 -1.185568 
2458312.605950 -1.144802 
2458313.537248 -1.080865 
2458314.468546 -0.993461 
2458315.399844 -0.882161 
2458316.331142 -0.746489 
2458317.262440 -0.586053 
2458318.193737 -0.400754 
2458319.125035 -0.191100 
2458320.056333 0.041342 
2458320.987631 0.293319 
2458321.918929 0.559102 
2458322.850227 0.829608 
2458323.781524 1.091704 
2458324.712822 1.328140 
2458325.644120 1.518756 
2458326.575418 1.643440 
2458327.506716 1.686539 
2458328.438014 1.641275 
2458329.369312 1.512051 
2458330.300609 1.313294 
2458331.231907 1.065458 
2458332.163205 0.790199 
2458333.094503 0.506660 
2458334.025801 0.229638 
2458334.957099 -0.030654 
2458335.888397 -0.267913 
2458336.819694 -0.478763 
2458337.750992 -0.661820 
2458338.682290 -0.816933 
2458339.613588 -0.944647 
2458340.544886 -1.045826 
2458341.476184 -1.121416 
2458342.407482 -1.172300 
2458343.338779 -1.199205 
2458344.270077 -1.202660 
2458345.201375 -1.182972 
2458346.132673 -1.140223 
2458347.063971 -1.074283 
2458347.995269 -0.984845 
2458348.926566 -0.871470 
2458349.857864 -0.733683 
2458350.789162 -0.571109 
2458351.720460 -0.383687 
2458352.651758 -0.171995 
2458353.583056 0.062282 
2458354.514354 0.315712 
2458355.445651 0.582310 
2458356.376949 0.852671 
2458357.308247 1.113294 
2458358.239545 1.346610 
2458359.170843 1.532322 
2458360.102141 1.650513 
2458361.033439 1.686135 
2458361.964736 1.633326 
2458362.896034 1.497444 
2458363.827332 1.293619 
2458364.758630 1.042593 
2458365.689928 0.765926 
2458366.621226 0.482432 
2458367.552523 0.206508 
2458368.483821 -0.052004 
2458369.415119 -0.287093 
2458370.346417 -0.495588 
2458371.277715 -0.676237 
2458372.209013 -0.828969 
2458373.140311 -0.954367 
2458374.071608 -1.053310 
2458375.002906 -1.126746 
2458375.934204 -1.175544 
2458376.865502 -1.200417 
2458377.796800 -1.201875 
2458378.728098 -1.180206 
2458379.659396 -1.135472 
2458380.590693 -1.067529 
2458381.521991 -0.976052 
2458382.453289 -0.860599 
2458383.384587 -0.720695 
2458384.315885 -0.555982 
2458385.247183 -0.366441 
2458386.178481 -0.152722 
2458387.109778 0.083365 
2458388.041076 0.338204 
2458388.972374 0.605550 
2458389.903672 0.875665 
2458390.834970 1.134685 
2458391.766268 1.364729 
2458392.697565 1.545386 
2458393.628863 1.656971 
2458394.560161 1.685072 
2458395.491459 1.624757 
2458396.422757 1.482332 
2458397.354055 1.273596 
2458398.285353 1.019540 
2458399.216650 0.741605 
2458400.147948 0.458264 
2458401.079246 0.183509 
2458402.010544 -0.073180 
2458402.941842 -0.306075 
2458403.873140 -0.512206 
2458404.804438 -0.690448 
2458405.735735 -0.840802 
2458406.667033 -0.963891 
2458407.598331 -1.060607 
2458408.529629 -1.131894 
2458409.460927 -1.178611 
2458410.392225 -1.201456 
2458411.323522 -1.200919 
2458412.254820 -1.177269 
2458413.186118 -1.130550 
2458414.117416 -1.060600 
2458415.048714 -0.967083 
2458415.980012 -0.849547 
2458416.911310 -0.707524 
2458417.842607 -0.540672 
2458418.773905 -0.349015 
2458419.705203 -0.133284 
2458420.636501 0.104588 
2458421.567799 0.360790 
2458422.499097 0.628812 
2458423.430395 0.898579 
2458424.361692 1.155863 
2458425.292990 1.382483 
2458426.224288 1.557938 
2458427.155586 1.662806 
2458428.086884 1.683349 
2458429.018182 1.615577 
2458429.949479 1.466727 
2458430.880777 1.253237 
2458431.812075 0.996314 
2458432.743373 0.717246 
2458433.674671 0.434161 
2458434.605969 0.160646 
2458435.537267 -0.094178 
2458436.468564 -0.324859 
2458437.399862 -0.528618 
2458438.331160 -0.704452 
2458439.262458 -0.852435 
2458440.193756 -0.973221 
2458441.125054 -1.067716 
2458442.056352 -1.136860 
2458442.987649 -1.181502 
2458443.918947 -1.202322 
2458444.850245 -1.199793 
2458445.781543 -1.174163 
2458446.712841 -1.125457 
2458447.644139 -1.053498 
2458448.575437 -0.957936 
2458449.506734 -0.838315 
2458450.438032 -0.694169 
2458451.369330 -0.525178 
2458452.300628 -0.331411 
2458453.231926 -0.113680 
2458454.163224 0.125948 
2458455.094521 0.383466 
2458456.025819 0.652090 
2458456.957117 0.921404 
2458457.888415 1.176816 
2458458.819713 1.399859 
2458459.751011 1.569965 
2458460.682309 1.668014 
2458461.613606 1.680967 
2458462.544904 1.605792 
2458463.476202 1.450643 
2458464.407500 1.232559 
2458465.338798 0.972925 
2458466.270096 0.692862 
2458467.201394 0.410132 
2458468.132691 0.137923 
2458469.063989 -0.114996 
2458469.995287 -0.343443 
2458470.926585 -0.544824 
2458471.857883 -0.718251 
2458472.789181 -0.863866 
2458473.720478 -0.982357 
2458474.651776 -1.074638 
2458475.583074 -1.141646 
2458476.514372 -1.184218 
2458477.445670 -1.203017 
2458478.376968 -1.198497 
2458479.308266 -1.170886 
2458480.239563 -1.120193 
2458481.170861 -1.046222 
2458482.102159 -0.948612 
2458483.033457 -0.826902 
2458483.964755 -0.680630 
2458484.896053 -0.509501 
2458485.827351 -0.313630 
2458486.758648 -0.093914 
2458487.689946 0.147442 
2458488.621244 0.406226 
2458489.552542 0.675375 
2458490.483840 0.944128 
2458491.415138 1.197533 
2458492.346435 1.416844 
2458493.277733 1.581456 
2458494.209031 1.672587 
2458495.140329 1.677927 
2458496.071627 1.595412 
2458497.002925 1.434092 
2458497.934223 1.211574 
2458498.865520 0.949389 
2458499.796818 0.668460 
2458500.728116 0.386183 
2458501.659414 0.115345 
2458502.590712 -0.135633 
2458503.522010 -0.361827 
2458504.453308 -0.560822 
2458505.384605 -0.731844 
2458506.315903 -0.875097 
2458507.247201 -0.991299 
2458508.178499 -1.081373 
2458509.109797 -1.146251 
2458510.041095 -1.186758 
2458510.972393 -1.203539 
2458511.903690 -1.197030 
2458512.834988 -1.167439 
2458513.766286 -1.114757 
2458514.697584 -1.038771 
2458515.628882 -0.939110 
2458516.560180 -0.815307 
2458517.491477 -0.666908 
2458518.422775 -0.493640 
2458519.354073 -0.295671 
2458520.285371 -0.073987 
2458521.216669 0.169066 
2458522.147967 0.429065 
2458523.079265 0.698660 
2458524.010562 0.966742 
2458524.941860 1.217998 
2458525.873158 1.433423 
2458526.804456 1.592402 
2458527.735754 1.676520 
2458528.667052 1.674233 
2458529.598350 1.584445 
2458530.529647 1.417086 
2458531.460945 1.190297 
2458532.392243 0.925716 
2458533.323541 0.644051 
2458534.254839 0.362321 
2458535.186137 0.092915 
2458536.117434 -0.156085 
2458537.048732 -0.380008 
2458537.980030 -0.576613 
2458538.911328 -0.745232 
2458539.842626 -0.886129 
2458540.773924 -1.000049 
2458541.705222 -1.087923 
2458542.636519 -1.150677 
2458543.567817 -1.189123 
2458544.499115 -1.203890 
2458545.430413 -1.195393 
2458546.361711 -1.163822 
2458547.293009 -1.109149 
2458548.224307 -1.031146 
2458549.155604 -0.929430 
2458550.086902 -0.803531 
2458551.018200 -0.653002 
2458551.949498 -0.477597 
2458552.880796 -0.277537 
2458553.812094 -0.053901 
2458554.743391 0.190817 
2458555.674689 0.451977 
2458556.605987 0.721937 
2458557.537285 0.989234 
2458558.468583 1.238201 
2458559.399881 1.449586 
2458560.331179 1.602791 
2458561.262476 1.679809 
2458562.193774 1.669885 
2458563.125072 1.572900 
2458564.056370 1.399640 
2458564.987668 1.168742 
2458565.918966 0.901919 
2458566.850264 0.619645 
2458567.781561 0.338553 
2458568.712859 0.070638 
2458569.644157 -0.176350 
2458570.575455 -0.397987 
2458571.506753 -0.592198 
2458572.438051 -0.758415 
2458573.369349 -0.896961 
2458574.300646 -1.008606 
2458575.231944 -1.094287 
2458576.163242 -1.154924 
2458577.094540 -1.191314 
2458578.025838 -1.204069 
2458578.957136 -1.193586 
2458579.888433 -1.160035 
2458580.819731 -1.103369 
2458581.751029 -1.023346 
2458582.682327 -0.919572 
2458583.613625 -0.791573 
2458584.544923 -0.638912 
2458585.476221 -0.461372 
2458586.407518 -0.259228 
2458587.338816 -0.033658 
2458588.270114 0.212691 
2458589.201412 0.474956 
2458590.132710 0.745196 
2458591.064008 1.011594 
2458591.995306 1.258127 
2458592.926603 1.465317 
2458593.857901 1.612613 
2458594.789199 1.682450 
2458595.720497 1.664889 
2458596.651795 1.560787 
2458597.583093 1.381767 
2458598.514390 1.146923 
2458599.445688 0.878012 
2458600.376986 0.595251 
2458601.308284 0.314885 
2458602.239582 0.048517 
2458603.170880 -0.196427 
2458604.102178 -0.415763 
2458605.033475 -0.607575 
2458605.964773 -0.771394 
2458606.896071 -0.907595 
2458607.827369 -1.016972 
2458608.758667 -1.100467 
2458609.689965 -1.158992 
2458610.621263 -1.193330 
2458611.552560 -1.204077 
2458612.483858 -1.191608 
2458613.415156 -1.156077 
2458614.346454 -1.097417 
2458615.277752 -1.015371 
2458616.209050 -0.909535 
2458617.140347 -0.779433 
2458618.071645 -0.624638 
2458619.002943 -0.444964 
2458619.934241 -0.240746 
2458620.865539 -0.013261 
2458621.796837 0.234684 
2458622.728135 0.497997 
2458623.659432 0.768430 
2458624.590730 1.033808 
2458625.522028 1.277764 
2458626.453326 1.480605 
2458627.384624 1.621858 
2458628.315922 1.684439 
2458629.247220 1.659246 
2458630.178517 1.548117 
2458631.109815 1.363481 
2458632.041113 1.124853 
2458632.972411 0.854004 
2458633.903709 0.570877 
2458634.835007 0.291322 
2458635.766305 0.026556 
2458636.697602 -0.216314 
2458637.628900 -0.433335 
2458638.560198 -0.622745 
2458639.491496 -0.784169 
2458640.422794 -0.918031 
2458641.354092 -1.025147 
2458642.285389 -1.106462 
2458643.216687 -1.162881 
2458644.147985 -1.195173 
2458645.079283 -1.203914 
2458646.010581 -1.189461 
2458646.941879 -1.151948 
2458647.873177 -1.091292 
2458648.804474 -1.007220 
2458649.735772 -0.899318 
2458650.667070 -0.767110 
2458651.598368 -0.610181 
2458652.529666 -0.428375 
2458653.460964 -0.222090 
2458654.392262 0.007289 
2458655.323559 0.256793 
2458656.254857 0.521092 
2458657.186155 0.791630 
2458658.117453 1.055867 
2458659.048751 1.297098 
2458659.980049 1.495436 
2458660.911346 1.630518 
2458661.842644 1.685773 
2458662.773942 1.652963 
2458663.705240 1.534900 
2458664.636538 1.344794 
2458665.567836 1.102547 
2458666.499134 0.829909 
2458667.430431 0.546532 
2458668.361729 0.267872 
2458669.293027 0.004759 
2458670.224325 -0.236008 
2458671.155623 -0.450703 
2458672.086921 -0.637708 
2458673.018219 -0.796740 
2458673.949516 -0.928269 
2458674.880814 -1.033132 
2458675.812112 -1.112274 
2458676.743410 -1.166593 
2458677.674708 -1.196842 
2458678.606006 -1.203579 
2458679.537304 -1.187144 
2458680.468601 -1.147649 
2458681.399899 -1.084994 
2458682.331197 -0.998893 
2458683.262495 -0.888923 
2458684.193793 -0.754605 
2458685.125091 -0.595539 
2458686.056388 -0.411605 
2458686.987686 -0.203264 
2458687.918984 0.027989 
2458688.850282 0.279012 
2458689.781580 0.544236 
2458690.712878 0.814785 
2458691.644176 1.077759 
2458692.575473 1.316116 
2458693.506771 1.509798 
2458694.438069 1.638584 
2458695.369367 1.686451 
2458696.300665 1.646045 
2458697.231963 1.521148 
2458698.163261 1.325722 
2458699.094558 1.080018 
2458700.025856 0.805737 
2458700.957154 0.522225 
2458701.888452 0.244538 
2458702.819750 -0.016871 
2458703.751048 -0.255509 
2458704.682345 -0.467865 
2458705.613643 -0.652465 
2458706.544941 -0.809108 
2458707.476239 -0.938310 
2458708.407537 -1.040926 
2458709.338835 -1.117903 
2458710.270133 -1.170127 
2458711.201430 -1.198337 
2458712.132728 -1.203074 
2458713.064026 -1.184657 
2458713.995324 -1.143179 
2458714.926622 -1.078524 
2458715.857920 -0.990391 
2458716.789218 -0.878347 
2458717.720515 -0.741917 
2458718.651813 -0.580714 
2458719.583111 -0.394653 
2458720.514409 -0.184267 
2458721.445707 0.048836 
2458722.377005 0.301339 
2458723.308302 0.567422 
2458724.239600 0.837887 
2458725.170898 1.099470 
2458726.102196 1.334804 
2458727.033494 1.523679 
2458727.964792 1.646048 
2458728.896090 1.686470 
2458729.827387 1.638496 
2458730.758685 1.506870 
2458731.689983 1.306278 
2458732.621281 1.057280 
2458733.552579 0.781499 
2458734.483877 0.497964 
2458735.415175 0.221327 
2458736.346472 -0.038332 
2458737.277770 -0.274815 
2458738.209068 -0.484822 
2458739.140366 -0.667014 
2458740.071664 -0.821273 
2458741.002962 -0.948156 
2458741.934260 -1.048532 
2458742.865557 -1.123349 
2458743.796855 -1.173484 
2458744.728153 -1.199660 
2458745.659451 -1.202398 
2458746.590749 -1.181999 
2458747.522047 -1.138538 
2458748.453344 -1.071881 
2458749.384642 -0.981711 
2458750.315940 -0.867592 
2458751.247238 -0.729046 
2458752.178536 -0.565705 
2458753.109834 -0.377522 
2458754.041132 -0.165102 
2458754.972429 0.069827 
2458755.903727 0.323768 
2458756.835025 0.590642 
2458757.766323 0.860926 
2458758.697621 1.120990 
2458759.628919 1.353150 
2458760.560217 1.537066 
2458761.491514 1.652900 
2458762.422812 1.685830 
2458763.354110 1.630324 
2458764.285408 1.492081 
2458765.216706 1.286477 
2458766.148004 1.034346 
2458767.079301 0.757207 
2458768.010599 0.473757 
2458768.941897 0.198244 
2458769.873195 -0.059619 
2458770.804493 -0.293924 
2458771.735791 -0.501572 
2458772.667089 -0.681357 
2458773.598386 -0.833236 
2458774.529684 -0.957805 
2458775.460982 -1.055949 
2458776.392280 -1.128613 
2458777.323578 -1.176664 
2458778.254876 -1.200809 
2458779.186174 -1.201552 
2458780.117471 -1.179172 
2458781.048769 -1.133727 
2458781.980067 -1.065064 
2458782.911365 -0.972856 
2458783.842663 -0.856656 
2458784.773961 -0.715992 
2458785.705258 -0.550512 
2458786.636556 -0.360211 
2458787.567854 -0.145769 
2458788.499152 0.090961 
2458789.430450 0.346294 
2458790.361748 0.613891 
2458791.293046 0.883893 
2458792.224343 1.142306 
2458793.155641 1.371139 
2458794.086939 1.549948 
2458795.018237 1.659136 
2458795.949535 1.684530 
2458796.880833 1.621535 
2458797.812131 1.476791 
2458798.743428 1.266332 
2458799.674726 1.011229 
2458800.606024 0.732872 
2458801.537322 0.449611 
2458802.468620 0.175293 
2458803.399918 -0.080732 
2458804.331216 -0.312835 
2458805.262513 -0.518117 
2458806.193811 -0.695494 
2458807.125109 -0.844998 
2458808.056407 -0.967260 
2458808.987705 -1.063178 
2458809.919003 -1.133696 
2458810.850300 -1.179668 
2458811.781598 -1.201786 
2458812.712896 -1.200535 
2458813.644194 -1.176175 
2458814.575492 -1.128743 
2458815.506790 -1.058073 
2458816.438088 -0.963823 
2458817.369385 -0.845540 
2458818.300683 -0.702755 
2458819.231981 -0.535136 
2458820.163279 -0.342722 
2458821.094577 -0.126271 
2458822.025875 0.112234 
2458822.957173 0.368913 
2458823.888470 0.637159 
2458824.819768 0.906776 
2458825.751066 1.163405 
2458826.682364 1.388759 
2458827.613662 1.562312 
2458828.544960 1.664747 
2458829.476257 1.682570 
2458830.407555 1.612137 
2458831.338853 1.461013 
2458832.270151 1.245857 
2458833.201449 0.987943 
2458834.132747 0.708503 
2458835.064045 0.425534 
2458835.995342 0.152480 
2458836.926640 -0.101666 
2458837.857938 -0.331548 
2458838.789236 -0.534454 
2458839.720534 -0.709425 
2458840.651832 -0.856558 
2458841.583130 -0.976520 
2458842.514427 -1.070220 
2458843.445725 -1.138597 
2458844.377023 -1.182496 
2458845.308321 -1.202591 
2458846.239619 -1.199348 
2458847.170917 -1.173007 
2458848.102214 -1.123589 
2458849.033512 -1.050909 
2458849.964810 -0.954613 
2458850.896108 -0.834242 
2458851.827406 -0.689334 
2458852.758704 -0.519576 
2458853.690002 -0.325054 
2458854.621299 -0.106609 
2458855.552597 0.133642 
2458856.483895 0.391620 
2458857.415193 0.660441 
2458858.346491 0.929566 
2458859.277789 1.184275 
2458860.209087 1.405996 
2458861.140384 1.574149 
2458862.071682 1.669727 
2458863.002980 1.679952 
2458863.934278 1.602137 
2458864.865576 1.444760 
2458865.796874 1.225067 
2458866.728172 0.964500 
2458867.659469 0.684111 
2458868.590767 0.401532 
2458869.522065 0.129808 
2458870.453363 -0.122419 
2458871.384661 -0.350060 
2458872.315959 -0.550586 
2458873.247256 -0.723150 
2458874.178554 -0.867917 
2458875.109852 -0.985586 
2458876.041150 -1.077075 
2458876.972448 -1.143318 
2458877.903746 -1.185149 
2458878.835044 -1.203224 
2458879.766341 -1.197990 
2458880.697639 -1.169669 
2458881.628937 -1.118263 
2458882.560235 -1.043570 
2458883.491533 -0.945225 
2458884.422831 -0.822764 
2458885.354129 -0.675730 
2458886.285426 -0.503833 
2458887.216724 -0.307209 
2458888.148022 -0.086785 
2458889.079320 0.155183 
2458890.010618 0.414409 
2458890.941916 0.683727 
2458891.873213 0.952253 
2458892.804511 1.204902 
2458893.735809 1.422837 
2458894.667107 1.585446 
2458895.598405 1.674071 
2458896.529703 1.676678 
2458897.461001 1.591545 
2458898.392298 1.428044 
2458899.323596 1.203976 
2458900.254894 0.940913 
2458901.186192 0.659706 
2458902.117490 0.377614 
2458903.048788 0.107282 
2458903.980086 -0.142989 
2458904.911383 -0.368371 
2458905.842681 -0.566510 
2458906.773979 -0.736670 
2458907.705277 -0.879077 
2458908.636575 -0.994460 
2458909.567873 -1.083744 
2458910.499170 -1.147859 
2458911.430468 -1.187626 
2458912.361766 -1.203685 
2458913.293064 -1.196462 
2458914.224362 -1.166161 
2458915.155660 -1.112765 
2458916.086958 -1.036057 
2458917.018255 -0.935659 
2458917.949553 -0.811104 
2458918.880851 -0.661941 
2458919.812149 -0.487907 
2458920.743447 -0.289187 
2458921.674745 -0.066801 
2458922.606043 0.176853 
2458923.537340 0.437275 
2458924.468638 0.707010 
2458925.399936 0.974824 
2458926.331234 1.225275 
2458927.262532 1.439269 
2458928.193830 1.596192 
2458929.125128 1.677774 
2458930.056425 1.672748 
2458930.987723 1.580370 
2458931.919021 1.410879 
2458932.850319 1.182597 
2458933.781617 0.917194 
2458934.712915 0.635297 
2458935.644212 0.353785 
2458936.575510 0.084907 
2458937.506808 -0.163375 
2458938.438106 -0.386480 
2458939.369404 -0.582227 
2458940.300702 -0.749984 
2458941.232000 -0.890037 
2458942.163297 -1.003140 
2458943.094595 -1.090227 
2458944.025893 -1.152221 
2458944.957191 -1.189929 
2458945.888489 -1.203974 
2458946.819787 -1.194764 
2458947.751085 -1.162483 
2458948.682382 -1.107096 
2458949.613680 -1.028369 
2458950.544978 -0.925915 
2458951.476276 -0.799263 
2458952.407574 -0.647970 
2458953.338872 -0.471799 
2458954.270169 -0.270990 
2458955.201467 -0.046659 
2458956.132765 0.198648 
2458957.064063 0.460211 
2458957.995361 0.730282 
2458958.926659 0.997270 
2458959.857957 1.245380 
2458960.789254 1.455278 
2458961.720552 1.606379 
2458962.651850 1.680831 
2458963.583148 1.668168 
2458964.514446 1.568620 
2458965.445744 1.393278 
2458966.377042 1.160946 
2458967.308339 0.893357 
2458968.239637 0.610894 
2458969.170935 0.330052 
2458970.102233 0.062686 
2458971.033531 -0.183573 
2458971.964829 -0.404386 
2458972.896127 -0.597737 
2458973.827424 -0.763094 
2458974.758722 -0.900798 
2458975.690020 -1.011629 
2458976.621318 -1.096525 
2458977.552616 -1.156403 
2458978.483914 -1.192057 
2458979.415211 -1.204092 
2458980.346509 -1.192896 
2458981.277807 -1.158635 
2458982.209105 -1.101254 
2458983.140403 -1.020506 
2458984.071701 -0.915992 
2458985.002999 -0.787239 
2458985.934296 -0.633814 
2458986.865594 -0.455508 
2458987.796892 -0.252619 
2458988.728190 -0.026360 
2458989.659488 0.220565 
2458990.590786 0.483213 
2458991.522084 0.753533 
2458992.453381 1.019578 
2458993.384679 1.265204 
2458994.315977 1.470852 
2458995.247275 1.615995 
2458996.178573 1.683238 
2458997.109871 1.662939 
2458998.041168 1.556307 
2458998.972466 1.375255 
2458999.903764 1.139035 
2459000.835062 0.869412 
2459001.766360 0.586506 
2459002.697658 0.306421 
2459003.628956 0.040622 
2459004.560253 -0.203582 
2459005.491551 -0.422089 
2459006.422849 -0.613040 
2459007.354147 -0.775999 
2459008.285445 -0.911361 
2459009.216743 -1.019926 
2459010.148041 -1.102638 
2459011.079338 -1.160407 
2459012.010636 -1.194011 
2459012.941934 -1.204038 
2459013.873232 -1.190858 
2459014.804530 -1.154616 
2459015.735828 -1.095240 
2459016.667125 -1.012468 
2459017.598423 -0.905891 
2459018.529721 -0.775034 
2459019.461019 -0.619474 
2459020.392317 -0.439035 
2459021.323615 -0.234074 
2459022.254913 -0.005908 
2459023.186210 0.242600 
2459024.117508 0.506274 
2459025.048806 0.776756 
2459025.980104 1.041739 
2459026.911402 1.284734 
2459027.842700 1.485977 
2459028.773998 1.625032 
2459029.705295 1.684993 
2459030.636593 1.657066 
2459031.567891 1.543439 
2459032.499189 1.356824 
2459033.430487 1.116879 
2459034.361785 0.845371 
2459035.293083 0.562141 
2459036.224380 0.282898 
2459037.155678 0.018720 
2459038.086976 -0.223399 
2459039.018274 -0.439588 
2459039.949572 -0.628136 
2459040.880870 -0.788701 
2459041.812167 -0.921725 
2459042.743465 -1.028033 
2459043.674763 -1.108568 
2459044.606061 -1.164233 
2459045.537359 -1.195792 
2459046.468657 -1.203813 
2459047.399955 -1.188650 
2459048.331252 -1.150426 
2459049.262550 -1.089053 
2459050.193848 -1.004254 
2459051.125146 -0.895610 
2459052.056444 -0.762646 
2459052.987742 -0.604951 
2459053.919040 -0.422381 
2459054.850337 -0.215358 
2459055.781635 0.014696 
2459056.712933 0.264749 
2459057.644231 0.529388 
2459058.575529 0.799940 
2459059.506827 1.063739 
2459060.438124 1.303956 
2459061.369422 1.500642 
2459062.300720 1.633480 
2459063.232018 1.686092 
2459064.163316 1.650555 
2459065.094614 1.530029 
2459066.025912 1.337997 
2459066.957209 1.094491 
2459067.888507 0.821247 
2459068.819805 0.537809 
2459069.751103 0.259489 
2459070.682401 -0.003018 
2459071.613699 -0.243025 
2459072.544997 -0.456882 
2459073.476294 -0.643025 
2459074.407592 -0.801199 
2459075.338890 -0.931893 
2459076.270188 -1.035949 
2459077.201486 -1.114314 
2459078.132784 -1.167881 
2459079.064081 -1.197398 
2459079.995379 -1.203418 
2459080.926677 -1.186271 
2459081.857975 -1.146066 
2459082.789273 -1.082694 
2459083.720571 -0.995864 
2459084.651869 -0.885150 
2459085.583166 -0.750075 
2459086.514464 -0.590243 
2459087.445762 -0.405545 
2459088.377060 -0.196470 
2459089.308358 0.035449 
2459090.239656 0.287008 
2459091.170954 0.552548 
2459092.102251 0.823078 
2459093.033549 1.085567 
2459093.964847 1.322857 
2459094.896145 1.514832 
2459095.827443 1.641331 
2459096.758741 1.686534 
2459097.690039 1.643409 
2459098.621336 1.516087 
2459099.552634 1.318790 
2459100.483932 1.071886 
2459101.415230 0.797050 
2459102.346528 0.513518 
2459103.277826 0.236199 
2459104.209123 -0.024588 
2459105.140421 -0.262456 
2459106.071719 -0.473970 
2459107.003017 -0.657707 
2459107.934315 -0.813494 
2459108.865613 -0.941864 
2459109.796911 -1.043676 
2459110.728208 -1.119877 
2459111.659506 -1.171351 
2459112.590804 -1.198832 
2459113.522102 -1.202851 
2459114.453400 -1.183723 
2459115.384698 -1.141534 
2459116.315996 -1.076161 
2459117.247293 -0.987298 
2459118.178591 -0.874510 
2459119.109889 -0.737322 
2459120.041187 -0.575352 
2459120.972485 -0.388530 
2459121.903783 -0.177413 
2459122.835080 0.056348 
2459123.766378 0.309372 
2459124.697676 0.575747 
2459125.628974 0.846158 
2459126.560272 1.107211 
2459127.491570 1.341424 
2459128.422868 1.528538 
2459129.354165 1.648576 
2459130.285463 1.686316 
2459131.216761 1.635636 
2459132.148059 1.501624 
2459133.079357 1.299217 
2459134.010655 1.049076 
2459134.941953 0.772792 
2459135.873250 0.489275 
2459136.804548 0.213033 
2459137.735846 -0.045987 
2459138.667144 -0.281691 
2459139.598442 -0.490853 
2459140.529740 -0.672182 
2459141.461037 -0.825587 
2459142.392335 -0.951639 
2459143.323633 -1.051214 
2459144.254931 -1.125258 
2459145.186229 -1.174645 
2459146.117527 -1.200092 
2459147.048825 -1.202114 
2459147.980122 -1.181005 
2459148.911420 -1.136832 
2459149.842718 -1.069456 
2459150.774016 -0.978556 
2459151.705314 -0.863690 
2459152.636612 -0.724385 
2459153.567910 -0.560277 
2459154.499207 -0.371334 
2459155.430505 -0.158187 
2459156.361803 0.077391 
2459157.293101 0.331836 
2459158.224399 0.598978 
2459159.155697 0.869173 
2459160.086995 1.128659 
2459161.018292 1.359644 
2459161.949590 1.541745 
2459162.880888 1.655208 
2459163.812186 1.685439 
2459164.743484 1.627242 
2459165.674782 1.486654 
2459166.606079 1.279290 
2459167.537377 1.026075 
2459168.468675 0.748484 
2459169.399973 0.465089 
2459170.331271 0.189997 
2459171.262569 -0.067212 
2459172.193867 -0.300730 
2459173.125164 -0.507530 
2459174.056462 -0.686452 
2459174.987760 -0.837478 
2459175.919058 -0.961219 
2459176.850356 -1.058563 
2459177.781654 -1.130457 
2459178.712952 -1.177762 
2459179.644249 -1.201180 
2459180.575547 -1.201207 
2459181.506845 -1.178117 
2459182.438143 -1.131959 
2459183.369441 -1.062576 
2459184.300739 -0.969636 
2459185.232036 -0.852690 
2459186.163334 -0.711265 
2459187.094632 -0.545018 
2459188.025930 -0.353959 
2459188.957228 -0.138795 
2459189.888526 0.098575 
2459190.819824 0.354397 
2459191.751121 0.622235 
2459192.682419 0.892110 
2459193.613717 1.149899 
2459194.545015 1.377502 
2459195.476313 1.554442 
2459196.407611 1.661220 
2459197.338909 1.683903 
2459198.270206 1.618234 
2459199.201504 1.471187 
2459200.132802 1.259025 
2459201.064100 1.002896 
2459201.995398 0.724135 
2459202.926696 0.440967 
2459203.857993 0.167095 
2459204.789291 -0.088260 
2459205.720589 -0.319570 
2459206.651887 -0.524000 
2459207.583185 -0.700514 
2459208.514483 -0.849167 
2459209.445781 -0.970603 
2459210.377078 -1.065725 
2459211.308376 -1.135474 
2459212.239674 -1.180703 
2459213.170972 -1.202095 
2459214.102270 -1.200129 
2459215.033568 -1.175058 
2459215.964866 -1.126914 
2459216.896163 -1.055523 
2459217.827461 -0.960540 
2459218.758759 -0.841509 
2459219.690057 -0.697962 
2459220.621355 -0.529576 
2459221.552653 -0.336405 
2459222.483951 -0.119238 
2459223.415248 0.119897 
2459224.346546 0.377048 
2459225.277844 0.645509 
2459226.209142 0.914962 
2459227.140440 1.170917 
2459228.071738 1.394986 
2459229.003035 1.566619 
2459229.934333 1.666606 
2459230.865631 1.681707 
2459231.796929 1.608619 
2459232.728227 1.455237 
2459233.659525 1.238436 
2459234.590823 0.979552 
2459235.522120 0.699757 
2459236.453418 0.416916 
2459237.384716 0.144332 
2459238.316014 -0.109130 
2459239.247312 -0.338210 
2459240.178610 -0.540264 
2459241.109908 -0.714371 
2459242.041205 -0.860655 
2459242.972503 -0.979794 
2459243.903801 -1.072700 
2459244.835099 -1.140311 
2459245.766397 -1.183468 
2459246.697695 -1.202838 
2459247.628992 -1.198880 
2459248.560290 -1.171830 
2459249.491588 -1.121699 
2459250.422886 -1.048296 
2459251.354184 -0.951266 
2459252.285482 -0.830146 
2459253.216780 -0.684476 
2459254.148077 -0.513951 
2459255.079375 -0.318674 
2459256.010673 -0.099518 
2459256.941971 0.141353 
2459257.873269 0.399785 
2459258.804567 0.668793 
2459259.735865 0.937716 
2459260.667162 1.191702 
2459261.598460 1.412083 
2459262.529758 1.578263 
2459263.461056 1.671359 
2459264.392354 1.678853 
2459265.323652 1.598406 
2459266.254950 1.438817 
2459267.186247 1.217536 
2459268.117545 0.956056 
2459269.048843 0.675359 
2459269.980141 0.392944 
2459270.911439 0.121712 
2459271.842737 -0.129818 
2459272.774034 -0.356651 
2459273.705332 -0.556321 
2459274.636630 -0.728023 
2459275.567928 -0.871943 
2459276.499226 -0.988791 
2459277.430524 -1.079488 
2459278.361822 -1.144968 
2459279.293119 -1.186058 
2459280.224417 -1.203409 
2459281.155715 -1.197462 
2459282.087013 -1.168431 
2459283.018311 -1.116311 
2459283.949609 -1.040895 
2459284.880907 -0.941814 
2459285.812204 -0.818603 
2459286.743502 -0.670805 
2459287.674800 -0.498142 
2459288.606098 -0.300765 
2459289.537396 -0.079636 
2459290.468694 0.162940 
2459291.399991 0.422602 
2459292.331289 0.692079 
2459293.262587 0.960362 
2459294.193885 1.212239 
2459295.125183 1.428779 
2459296.056481 1.589364 
2459296.987779 1.675473 
2459297.919076 1.675343 
2459298.850374 1.587604 
2459299.781672 1.421938 
2459300.712970 1.196340 
2459301.644268 0.932420 
2459302.575566 0.650951 
2459303.506864 0.369057 
2459304.438161 0.099240 
2459305.369459 -0.150322 
2459306.300757 -0.374889 
2459307.232055 -0.572171 
2459308.163353 -0.741469 
2459309.094651 -0.883031 
2459310.025948 -0.997595 
2459310.957246 -1.086090 
2459311.888544 -1.149444 
2459312.819842 -1.188472 
2459313.751140 -1.203808 
2459314.682438 -1.195873 
2459315.613736 -1.164862 
2459316.545033 -1.110752 
2459317.476331 -1.033319 
2459318.407629 -0.932185 
2459319.338927 -0.806878 
2459320.270225 -0.656951 
2459321.201523 -0.482151 
2459322.132821 -0.282681 
2459323.064118 -0.059595 
2459323.995416 0.184656 
2459324.926714 0.445493 
2459325.858012 0.715359 
2459326.789310 0.982890 
2459327.720608 1.232518 
2459328.651906 1.445060 
2459329.583203 1.599911 
2459330.514501 1.678945 
2459331.445799 1.671180 
2459332.377097 1.576221 
2459333.308395 1.404616 
2459334.239693 1.174862 
2459335.170990 0.908658 
2459336.102288 0.626543 
2459337.033586 0.345262 
2459337.964884 0.076919 
2459338.896182 -0.170641 
2459339.827480 -0.392926 
2459340.758778 -0.587814 
2459341.690075 -0.754710 
2459342.621373 -0.893919 
2459343.552671 -1.006207 
2459344.483969 -1.092507 
2459345.415267 -1.153742 
2459346.346565 -1.190712 
2459347.277863 -1.204036 
2459348.209160 -1.194114 
2459349.140458 -1.161123 
2459350.071756 -1.105020 
2459351.003054 -1.025569 
2459351.934352 -0.922377 
2459352.865650 -0.794971 
2459353.796947 -0.642914 
2459354.728245 -0.465977 
2459355.659543 -0.264421 
2459356.590841 -0.039396 
2459357.522139 0.206495 
2459358.453437 0.468454 
2459359.384735 0.738624 
2459360.316032 1.005287 
2459361.247330 1.252523 
2459362.178628 1.460915 
2459363.109926 1.609894 
2459364.041224 1.681769 
2459364.972522 1.666367 
2459365.903820 1.564268 
2459366.835117 1.386862 
2459367.766415 1.153116 
2459368.697713 0.884780 
2459369.629011 0.602145 
2459370.560309 0.321565 
2459371.491607 0.054754 
2459372.422904 -0.190771 
2459373.354202 -0.410759 
2459374.285500 -0.603249 
2459375.216798 -0.767746 
2459376.148096 -0.904609 
2459377.079394 -1.014627 
2459378.010692 -1.098739 
2459378.941989 -1.157860 
2459379.873287 -1.192778 
2459380.804585 -1.204092 
2459381.735883 -1.192185 
2459382.667181 -1.157213 
2459383.598479 -1.099117 
2459384.529777 -1.017643 
2459385.461074 -0.912390 
2459386.392372 -0.782883 
2459387.323670 -0.628692 
2459388.254968 -0.449621 
2459389.186266 -0.245988 
2459390.117564 -0.019042 
2459391.048862 0.228455 
2459391.980159 0.491478 
2459392.911457 0.761866 
2459393.842755 1.027544 
2459394.774053 1.272243 
2459395.705351 1.476329 
2459396.636649 1.619304 
2459397.567946 1.683943 
2459398.499244 1.660906 
2459399.430542 1.551755 
2459400.361840 1.368691 
2459401.293138 1.131116 
2459402.224436 0.860800 
2459403.155734 0.577764 
2459404.087031 0.297972 
2459405.018329 0.032748 
2459405.949627 -0.210712 
2459406.880925 -0.428389 
2459407.812223 -0.618478 
2459408.743521 -0.780579 
2459409.674819 -0.915101 
2459410.606116 -1.022856 
2459411.537414 -1.104786 
2459412.468712 -1.161800 
2459413.400010 -1.194670 
2459414.331308 -1.203977 
2459415.262606 -1.190085 
2459416.193903 -1.153133 
2459417.125201 -1.093041 
2459418.056499 -1.009542 
2459418.987797 -0.902224 
2459419.919095 -0.770612 
2459420.850393 -0.614286 
2459421.781691 -0.433083 
2459422.712988 -0.227381 
2459423.644286 0.001465 
2459424.575584 0.250532 
2459425.506882 0.514559 
2459426.438180 0.785076 
2459427.369478 1.049648 
2459428.300776 1.291664 
2459429.232073 1.491290 
2459430.163371 1.628130 
2459431.094669 1.685463 
2459432.025967 1.654804 
2459432.957265 1.538691 
2459433.888563 1.350116 
2459434.819860 1.108875 
2459435.751158 0.836728 
2459436.682456 0.553410 
2459437.613754 0.274489 
2459438.545052 0.010904 
2459439.476350 -0.230461 
2459440.407648 -0.445814 
2459441.338945 -0.633500 
2459442.270243 -0.793207 
2459443.201541 -0.925395 
2459444.132839 -1.030894 
2459445.064137 -1.110650 
2459445.995435 -1.165562 
2459446.926733 -1.196388 
2459447.858030 -1.203691 
2459448.789328 -1.187816 
2459449.720626 -1.148882 
2459450.651924 -1.086792 
2459451.583222 -1.001265 
2459452.514520 -0.891879 
2459453.445818 -0.758158 
2459454.377115 -0.599697 
2459455.308413 -0.416363 
2459456.239711 -0.208603 
2459457.171009 0.022122 
2459458.102307 0.272720 
2459459.033605 0.537690 
2459459.964902 0.808245 
2459460.896200 1.071588 
2459461.827498 1.310773 
2459462.758796 1.505786 
2459463.690094 1.636365 
2459464.621392 1.686326 
2459465.552690 1.648064 
2459466.483987 1.525089 
2459467.415285 1.331152 
2459468.346583 1.086408 
2459469.277881 0.812576 
2459470.209179 0.529092 
2459471.140477 0.251122 
2459472.071775 -0.010774 
2459473.003072 -0.250016 
2459473.934370 -0.463034 
2459474.865668 -0.648315 
2459475.796966 -0.805632 
2459476.728264 -0.935492 
2459477.659562 -1.038742 
2459478.590859 -1.116330 
2459479.522157 -1.169146 
2459480.453455 -1.197932 
2459481.384753 -1.203234 
2459482.316051 -1.185377 
2459483.247349 -1.144460 
2459484.178647 -1.080371 
2459485.109944 -0.992812 
2459486.041242 -0.881355 
2459486.972540 -0.745522 
2459487.903838 -0.584923 
2459488.835136 -0.399463 
2459489.766434 -0.189654 
2459490.697732 0.042928 
2459491.629029 0.295017 
2459492.560327 0.560864 
2459493.491625 0.831363 
2459494.422923 1.093352 
2459495.354221 1.329556 
2459496.285519 1.519805 
2459497.216816 1.643999 
2459498.148114 1.686531 
2459499.079412 1.640693 
2459500.010710 1.510959 
2459500.942008 1.311811 
2459501.873306 1.063728 
2459502.804604 0.788356 
2459503.735901 0.504817 
2459504.667199 0.227876 
2459505.598497 -0.032283 
2459506.529795 -0.269377 
2459507.461093 -0.480049 
2459508.392391 -0.662923 
2459509.323689 -0.817855 
2459510.254986 -0.945393 
2459511.186284 -1.046401 
2459512.117582 -1.121828 
2459513.048880 -1.172553 
2459513.980178 -1.199303 
2459514.911476 -1.202607 
2459515.842774 -1.182768 
2459516.774071 -1.139868 
2459517.705369 -1.073776 
2459518.636667 -0.984183 
2459519.567965 -0.870650 
2459520.499263 -0.732703 
2459521.430561 -0.569966 
2459522.361858 -0.382383 
2459523.293156 -0.170536 
2459524.224454 0.063879 
2459525.155752 0.317418 
2459526.087050 0.584076 
2459527.018348 0.854421 
2459527.949646 1.114927 
2459528.880943 1.348000 
2459529.812241 1.533332 
2459530.743539 1.651026 
2459531.674837 1.686078 
2459532.606135 1.632696 
2459533.537433 1.496313 
2459534.468731 1.292110 
2459535.400028 1.040848 
2459536.331326 0.764079 
2459537.262624 0.480594 
2459538.193922 0.204756 
2459539.125220 -0.053620 
2459540.056518 -0.288542 
2459540.987815 -0.496858 
2459541.919113 -0.677324 
2459542.850411 -0.829875 
2459543.781709 -0.955097 
2459544.713007 -1.053872 
2459545.644305 -1.127143 
2459546.575603 -1.175783 
2459547.506900 -1.200502 
2459548.438198 -1.201808 
2459549.369496 -1.179988 
2459550.300794 -1.135104 
2459551.232092 -1.067008 
2459552.163390 -0.975377 
2459553.094688 -0.859765 
2459554.025985 -0.719701 
2459554.957283 -0.554825 
2459555.888581 -0.365123 
2459556.819879 -0.151251 
2459557.751177 0.084973 
2459558.682475 0.339917 
2459559.613773 0.607317 
2459560.545070 0.877409 
2459561.476368 1.136302 
2459562.407666 1.366091 
2459563.338964 1.546358 
2459564.270262 1.657436 
2459565.201560 1.684964 
2459566.132857 1.624081 
2459567.064155 1.481163 
2459567.995453 1.272060 
2459568.926751 1.017781 
2459569.858049 0.739755 
2459570.789347 0.456429 
2459571.720645 0.181767 
2459572.651942 -0.074782 
2459573.583240 -0.307510 
2459574.514538 -0.513461 
2459575.445836 -0.691519 
2459576.377134 -0.841693 
2459577.308432 -0.964607 
2459578.239730 -1.061154 
2459579.171027 -1.132277 
2459580.102325 -1.178837 
2459581.033623 -1.201528 
2459581.964921 -1.200840 
2459582.896219 -1.177039 
2459583.827517 -1.130169 
2459584.758814 -1.060067 
2459585.690112 -0.966394 
2459586.621410 -0.848700 
2459587.552708 -0.706515 
2459588.484006 -0.539501 
2459589.415304 -0.347683 
2459590.346602 -0.131800 
2459591.277899 0.106207 
2459592.209197 0.362511 
2459593.140495 0.630581 
2459594.071793 0.900317 
2459595.003091 1.157463 
2459595.934389 1.383817 
2459596.865687 1.558870 
2459597.796984 1.663224 
2459598.728282 1.683191 
2459599.659580 1.614854 
2459600.590878 1.465522 
2459601.522176 1.251677 
2459602.453474 0.994542 
2459603.384771 0.715394 
2459604.316069 0.432332 
2459605.247367 0.158914 
2459606.178665 -0.095766 
2459607.109963 -0.326278 
2459608.041261 -0.529857 
2459608.972559 -0.705508 
2459609.903856 -0.853310 
2459610.835154 -0.973922 
2459611.766452 -1.068248 
2459612.697750 -1.137230 
2459613.629048 -1.181715 
2459614.560346 -1.202381 
2459615.491644 -1.199701 
2459616.422941 -1.173920 
2459617.354239 -1.125063 
2459618.285537 -1.052951 
2459619.216835 -0.957234 
2459620.148133 -0.837454 
2459621.079431 -0.693146 
2459622.010729 -0.523993 
2459622.942026 -0.330066 
2459623.873324 -0.112184 
2459624.804622 0.127577 
2459625.735920 0.385193 
2459626.667218 0.653859 
2459627.598516 0.923134 
2459628.529813 1.178399 
2459629.461111 1.401164 
2459630.392409 1.570857 
2459631.323707 1.668383 
2459632.255005 1.680759 
2459633.186303 1.605024 
2459634.117601 1.449401 
2459635.048898 1.230975 
2459635.980196 0.971142 
2459636.911494 0.691008 
2459637.842792 0.408309 
2459638.774090 0.136202 
2459639.705388 -0.116571 
2459640.636686 -0.344847 
2459641.567983 -0.546047 
2459642.499281 -0.719291 
2459643.430579 -0.864727 
2459644.361877 -0.983043 
2459645.293175 -1.075156 
2459646.224473 -1.142002 
2459647.155770 -1.184417 
2459648.087068 -1.203063 
2459649.018366 -1.198391 
2459649.949664 -1.170630 
2459650.880962 -1.119786 
2459651.812260 -1.045662 
2459652.743558 -0.947897 
2459653.674855 -0.826027 
2459654.606153 -0.679594 
2459655.537451 -0.508302 
2459656.468749 -0.312271 
2459657.400047 -0.092405 
2459658.331345 0.149081 
2459659.262643 0.407959 
2459660.193940 0.677145 
2459661.125238 0.945851 
2459662.056536 1.199097 
2459662.987834 1.418118 
2459663.919132 1.582308 
2459664.850430 1.672908 
2459665.781727 1.677670 
2459666.713025 1.594599 
2459667.644323 1.432815 
2459668.575621 1.209967 
2459669.506919 0.947594 
2459670.438217 0.666605 
2459671.369515 0.384366 
2459672.300812 0.113635 
2459673.232110 -0.137193 
2459674.163408 -0.363215 
2459675.094706 -0.562029 
2459676.026004 -0.732869 
2459676.957302 -0.875943 
2459677.888600 -0.991971 
2459678.819897 -1.081877 
2459679.751195 -1.146594 
2459680.682493 -1.186944 
2459681.613791 -1.203572 
2459682.545089 -1.196911 
2459683.476387 -1.167170 
2459684.407685 -1.114337 
2459685.338982 -1.038198 
2459686.270280 -0.938381 
2459687.201578 -0.814419 
2459688.132876 -0.665858 
2459689.064174 -0.492428 
2459689.995472 -0.294299 
2459690.926769 -0.072466 
2459691.858067 0.170714 
2459692.789365 0.430804 
2459693.720663 0.700430 
2459694.651961 0.968456 
2459695.583259 1.219543 
2459696.514557 1.434667 
2459697.445854 1.593211 
2459698.377152 1.676793 
2459699.308450 1.673925 
2459700.239748 1.583587 
2459701.171046 1.415776 
2459702.102344 1.188669 
2459703.033642 0.923912 
2459703.964939 0.642196 
2459704.896237 0.360511 
2459705.827535 0.091216 
2459706.758833 -0.157631 
2459707.690131 -0.381382 
2459708.621429 -0.577805 
2459709.552726 -0.746241 
2459710.484024 -0.886959 
2459711.415322 -1.000706 
2459712.346620 -1.088413 
2459713.277918 -1.151006 
2459714.209216 -1.189296 
2459715.140514 -1.203910 
2459716.071811 -1.195261 
2459717.003109 -1.163540 
2459717.934407 -1.108716 
2459718.865705 -1.030560 
2459719.797003 -0.928687 
2459720.728301 -0.802629 
2459721.659599 -0.651938 
2459722.590896 -0.476371 
2459723.522194 -0.276152 
2459724.453492 -0.052368 
2459725.384790 0.192475 
2459726.316088 0.453721 
2459727.247386 0.723705 
2459728.178683 0.990938 
2459729.109981 1.239725 
2459730.041279 1.450796 
2459730.972577 1.603557 
2459731.903875 1.680033 
2459732.835173 1.669528 
2459733.766471 1.571999 
2459734.697768 1.398297 
2459735.629066 1.167093 
2459736.560364 0.900106 
2459737.491662 0.617791 
2459738.422960 0.336751 
2459739.354258 0.068951 
2459740.285556 -0.177882 
2459741.216853 -0.399346 
2459742.148151 -0.593374 
2459743.079449 -0.759409 
2459744.010747 -0.897776 
2459744.942045 -1.009249 
2459745.873343 -1.094763 
2459746.804641 -1.155239 
2459747.735938 -1.191473 
2459748.667236 -1.204076 
2459749.598534 -1.193441 
2459750.529832 -1.159740 
2459751.461130 -1.102923 
2459752.392428 -1.022746 
2459753.323725 -0.918815 
2459754.255023 -0.790657 
2459755.186321 -0.637834 
2459756.117619 -0.460131 
2459757.048917 -0.257830 
2459757.980215 -0.032114 
2459758.911513 0.214358 
2459759.842810 0.476705 
2459760.774108 0.746963 
2459761.705406 1.013287 
2459762.636704 1.259630 
2459763.568002 1.466495 
2459764.499300 1.613336 
2459765.430598 1.682624 
2459766.361895 1.664482 
2459767.293193 1.559844 
2459768.224491 1.380392 
2459769.155789 1.145254 
2459770.087087 0.876190 
2459771.018385 0.593398 
2459771.949682 0.313090 
2459772.880980 0.046842 
2459773.812278 -0.197945 
2459774.743576 -0.417106 
2459775.674874 -0.608735 
2459776.606172 -0.772372 
2459777.537470 -0.908395 
2459778.468767 -1.017600 
2459779.400065 -1.100929 
2459780.331363 -1.159294 
2459781.262661 -1.193477 
2459782.193959 -1.204071 
2459783.125257 -1.191451 
2459784.056555 -1.155769 
2459784.987852 -1.096957 
2459785.919150 -1.014758 
2459786.850448 -0.908765 
2459787.781746 -0.778502 
2459788.713044 -0.623546 
2459789.644342 -0.443710 
2459790.575639 -0.239334 
2459791.506937 -0.011705 
2459792.438235 0.236360 
2459793.369533 0.499750 
2459794.300831 0.770195 
2459795.232129 1.035490 
2459796.163427 1.279244 
2459797.094724 1.481748 
2459798.026022 1.622537 
2459798.957320 1.684563 
2459799.888618 1.658791 
2459800.819916 1.547132 
2459801.751214 1.362074 
2459802.682512 1.123166 
2459803.613809 0.852176 
2459804.545107 0.569026 
2459805.476405 0.289536 
2459806.407703 0.024894 
2459807.339001 -0.217817 
2459808.270299 -0.434662 
2459809.201597 -0.623890 
2459810.132894 -0.785131 
2459811.064192 -0.918816 
2459811.995490 -1.025760 
2459812.926788 -1.106910 
2459813.858086 -1.163170 
2459814.789384 -1.195306 
2459815.720681 -1.203894 
2459816.651979 -1.189291 
2459817.583277 -1.151628 
2459818.514575 -1.090819 
2459819.445873 -1.006593 
2459820.377171 -0.898535 
2459821.308469 -0.766166 
2459822.239766 -0.609075 
2459823.171064 -0.427107 
2459824.102362 -0.220666 
2459825.033660 0.008857 
2459825.964958 0.258477 
2459826.896256 0.522849 
2459827.827554 0.793391 
2459828.758851 1.057537 
2459829.690149 1.298554 
2459830.621447 1.496544 
2459831.552745 1.631152 
2459832.484043 1.685848 
2459833.415341 1.652460 
2459834.346638 1.533874 
2459835.277936 1.343358 
2459836.209234 1.100842 
2459837.140532 0.828074 
2459838.071830 0.544683 
2459839.003128 0.266094 
2459839.934426 0.003110 
2459840.865723 -0.237497 
2459841.797021 -0.452014 
2459842.728319 -0.638837 
2459843.659617 -0.797687 
2459844.590915 -0.929039 
2459845.522213 -1.033731 
2459846.453511 -1.112708 
2459847.384808 -1.166868 
2459848.316106 -1.196962 
2459849.247404 -1.203547 
2459850.178702 -1.186961 
2459851.110000 -1.147315 
2459852.041298 -1.084509 
2459852.972596 -0.998253 
2459853.903893 -0.888125 
2459854.835191 -0.753647 
2459855.766489 -0.594419 
2459856.697787 -0.410323 
2459857.629085 -0.201826 
2459858.560383 0.029568 
2459859.491680 0.280705 
2459860.422978 0.545997 
2459861.354276 0.816543 
2459862.285574 1.079415 
2459863.216872 1.317548 
2459864.148170 1.510870 
2459865.079468 1.639173 
2459866.010765 1.686475 
2459866.942063 1.645493 
2459867.873361 1.520081 
2459868.804659 1.324257 
2459869.735957 1.078297 
2459870.667255 0.803897 
2459871.598553 0.520380 
2459872.529850 0.242770 
2459873.461148 -0.018508 
2459874.392446 -0.256983 
2459875.323744 -0.469161 
2459876.255042 -0.653578 
2459877.186340 -0.810039 
2459878.117637 -0.939065 
2459879.048935 -1.041511 
2459879.980233 -1.118323 
2459880.911531 -1.170388 
2459881.842829 -1.198444 
2459882.774127 -1.203029 
2459883.705425 -1.184461 
2459884.636722 -1.142833 
2459885.568020 -1.078025 
2459886.499318 -0.989737 
2459887.430616 -0.877536 
2459888.361914 -0.740945 
2459889.293212 -0.579580 
2459890.224510 -0.393358 
2459891.155807 -0.182817 
2459892.087105 0.050426 
2459893.018403 0.303040 
2459893.949701 0.569185 
2459894.880999 0.839640 
2459895.812297 1.101113 
2459896.743594 1.336211 
2459897.674892 1.524714 
2459898.606190 1.646590 
2459899.537488 1.686444 
2459900.468786 1.637897 
2459901.400084 1.505764 
2459902.331382 1.304786 
2459903.262679 1.055544 
2459904.193977 0.779655 
2459905.125275 0.496122 
2459906.056573 0.219568 
2459906.987871 -0.039955 
2459907.919169 -0.276274 
2459908.850467 -0.486102 
2459909.781764 -0.668112 
2459910.713062 -0.822189 
2459911.644360 -0.948896 
2459912.575658 -1.049102 
2459913.506956 -1.123755 
2459914.438254 -1.173732 
2459915.369552 -1.199753 
2459916.300849 -1.202340 
2459917.232147 -1.181790 
2459918.163445 -1.138179 
2459919.094743 -1.071369 
2459920.026041 -0.981045 
2459920.957339 -0.866767 
2459921.888636 -0.728060 
2459922.819934 -0.564557 
2459923.751232 -0.376213 
2459924.682530 -0.163639 
2459925.613828 0.071429 
2459926.545126 0.325476 
2459927.476424 0.592408 
2459928.407721 0.862674 
2459929.339019 1.122617 
2459930.270317 1.354530 
2459931.201615 1.538063 
2459932.132913 1.653396 
2459933.064211 1.685754 
2459933.995509 1.629677 
2459934.926806 1.490936 
2459935.858104 1.284958 
2459936.789402 1.032595 
2459937.720700 0.755359 
2459938.651998 0.471919 
2459939.583296 0.196495 
2459940.514593 -0.061230 
2459941.445891 -0.295368 
2459942.377189 -0.502837 
2459943.308487 -0.682439 
2459944.239785 -0.834137 
2459945.171083 -0.958531 
2459946.102381 -1.056505 
2459947.033678 -1.129006 
2459947.964976 -1.176899 
2459948.896274 -1.200890 
2459949.827572 -1.201481 
2459950.758870 -1.178950 
2459951.690168 -1.133354 
2459952.621466 -1.064539 
2459953.552763 -0.972175 
2459954.484061 -0.855818 
2459955.415359 -0.714993 
2459956.346657 -0.549350 
2459957.277955 -0.358888 
2459958.209253 -0.144293 
2459959.140550 0.092573 
2459960.071848 0.348010 
2459961.003146 0.615659 
2459961.934444 0.885635 
2459962.865742 1.143917 
2459963.797040 1.372492 
2459964.728338 1.550906 
2459965.659635 1.659584 
2459966.590933 1.684404 
2459967.522231 1.620842 
2459968.453529 1.475609 
2459969.384827 1.264787 
2459970.316125 1.009465 
2459971.247423 0.731021 
2459972.178720 0.447779 
2459973.110018 0.173555 
2459974.041316 -0.082329 
2459974.972614 -0.314264 
2459975.903912 -0.519365 
2459976.835210 -0.696560 
2459977.766508 -0.845883 
2459978.697805 -0.967970 
2459979.629103 -1.063720 
2459980.560401 -1.134075 
2459981.491699 -1.179889 
2459982.422997 -1.201854 
2459983.354295 -1.200451 
2459984.285592 -1.175940 
2459985.216890 -1.128358 
2459986.148188 -1.057535 
2459987.079486 -0.963129 
2459988.010784 -0.844687 
2459988.942082 -0.701741 
2459989.873380 -0.533960 
2459990.804677 -0.341385 
2459991.735975 -0.124783 
2459992.667273 0.113856 
2459993.598571 0.370636 
2459994.529869 0.638928 
2459995.461167 0.908512 
2459996.392465 1.164999 
2459997.323762 1.390083 
2459998.255060 1.563230 
2459999.186358 1.665147 
2460000.117656 1.682394 
2460001.048954 1.611398 
2460001.980252 1.459794 
2460002.911549 1.244288 
2460003.842847 0.986167 
2460004.774145 0.706650 
2460005.705443 0.423707 
2460006.636741 0.150752 
2460007.568039 -0.103249 
2460008.499337 -0.332961 
2460009.430634 -0.535688 
2460010.361932 -0.710475 
2460011.293230 -0.857428 
2460012.224528 -0.977216 
2460013.155826 -1.070747 
2460014.087124 -1.138962 
2460015.018422 -1.182704 
2460015.949719 -1.202645 
2460016.881017 -1.199250 
2460017.812315 -1.172759 
2460018.743613 -1.123190 
2460019.674911 -1.050357 
2460020.606209 -0.953905 
2460021.537506 -0.833377 
2460022.468804 -0.688306 
2460023.400102 -0.518386 
2460024.331400 -0.323704 
2460025.262698 -0.105109 
2460026.193996 0.135274 
2460027.125294 0.393349 
2460028.056591 0.662210 
2460028.987889 0.931294 
2460029.919187 1.185851 
2460030.850485 1.407290 
2460031.781783 1.575026 
2460032.713081 1.670080 
2460033.644379 1.679726 
2460034.575676 1.601353 
2460035.506974 1.443505 
2460036.438272 1.223474 
2460037.369570 0.962712 
2460038.300868 0.682257 
2460039.232166 0.399712 
2460040.163464 0.128091 
2460041.094761 -0.123989 
2460042.026059 -0.351458 
2460042.957357 -0.551803 
2460043.888655 -0.724185 
2460044.819953 -0.868772 
2460045.751251 -0.986267 
2460046.682548 -1.077588 
2460047.613846 -1.143670 
2460048.545144 -1.185343 
2460049.476442 -1.203265 
2460050.407740 -1.197880 
2460051.339038 -1.169409 
2460052.270336 -1.117851 
2460053.201633 -1.043005 
2460054.132931 -0.944504 
2460055.064229 -0.821884 
2460055.995527 -0.674688 
2460056.926825 -0.502629 
2460057.858123 -0.305845 
2460058.789421 -0.085272 
2460059.720718 0.156825 
2460060.652016 0.416144 
2460061.583314 0.685497 
2460062.514612 0.953972 
2460063.445910 1.206460 
2460064.377208 1.424101 
2460065.308505 1.586282 
2460066.239803 1.674375 
2460067.171101 1.676402 
2460068.102399 1.590716 
2460069.033697 1.426755 
2460069.964995 1.202361 
2460070.896293 0.939115 
2460071.827590 0.657851 
2460072.758888 0.375800 
2460073.690186 0.105577 
2460074.621484 -0.144545 
2460075.552782 -0.369754 
2460076.484080 -0.567711 
2460077.415378 -0.737689 
2460078.346675 -0.879917 
2460079.277973 -0.995126 
2460080.209271 -1.084243 
2460081.140569 -1.148197 
2460082.071867 -1.187808 
2460083.003165 -1.203713 
2460083.934462 -1.196339 
2460084.865760 -1.165888 
2460085.797058 -1.112340 
2460086.728356 -1.035479 
2460087.659654 -0.934925 
2460088.590952 -0.810211 
2460089.522250 -0.660886 
2460090.453547 -0.486690 
2460091.384845 -0.287811 
2460092.316143 -0.065276 
2460093.247441 0.178505 
2460094.178739 0.439015 
2460095.110037 0.708779 
2460096.041335 0.976534 
2460096.972632 1.226813 
2460097.903930 1.440501 
2460098.835228 1.596986 
2460099.766526 1.678029 
2460100.697824 1.672423 
2460101.629122 1.579497 
2460102.560420 1.409556 
2460103.491717 1.180961 
2460104.423015 0.915387 
2460105.354313 0.633442 
2460106.285611 0.351978 
2460107.216909 0.083213 
2460108.148207 -0.164916 
2460109.079504 -0.387848 
2460110.010802 -0.583413 
2460110.942100 -0.750988 
2460111.873398 -0.890862 
2460112.804696 -1.003792 
2460113.735994 -1.090712 
2460114.667292 -1.152545 
2460115.598589 -1.190097 
2460116.529887 -1.203989 
2460117.461185 -1.194628 
2460118.392483 -1.162197 
2460119.323781 -1.106658 
2460120.255079 -1.027777 
2460121.186377 -0.925167 
2460122.117674 -0.798356 
2460123.048972 -0.646900 
2460123.980270 -0.470567 
2460124.911568 -0.269600 
2460125.842866 -0.045122 
2460126.774164 0.200309 
2460127.705461 0.461957 
2460128.636759 0.732050 
2460129.568057 0.998970 
2460130.499355 1.246897 
2460131.430653 1.456477 
2460132.361951 1.607130 
2460133.293249 1.681037 
2460134.224546 1.667793 
2460135.155844 1.567704 
2460136.087142 1.391923 
2460137.018440 1.159290 
2460137.949738 0.891541 
2460138.881036 0.609040 
2460139.812334 0.328253 
2460140.743631 0.061003 
2460141.674929 -0.185100 
2460142.606227 -0.405739 
2460143.537525 -0.598907 
2460144.468823 -0.764082 
2460145.400121 -0.901608 
2460146.331419 -1.012266 
2460147.262716 -1.096996 
2460148.194014 -1.156714 
2460149.125312 -1.192212 
2460150.056610 -1.204094 
2460150.987908 -1.192747 
2460151.919206 -1.158335 
2460152.850503 -1.100803 
2460153.781801 -1.019901 
2460154.713099 -0.915231 
2460155.644397 -0.786318 
2460156.575695 -0.632730 
2460157.506993 -0.454262 
2460158.438291 -0.251216 
2460159.369588 -0.024811 
2460160.300886 0.222236 
2460161.232184 0.484964 
2460162.163482 0.755299 
2460163.094780 1.021268 
2460164.026078 1.266699 
2460164.957376 1.472017 
2460165.888673 1.616703 
2460166.819971 1.683395 
2460167.751269 1.662515 
2460168.682567 1.555348 
2460169.613865 1.373869 
2460170.545163 1.137360 
2460171.476460 0.867588 
2460172.407758 0.584653 
2460173.339056 0.304630 
2460174.270354 0.038952 
2460175.201652 -0.205094 
2460176.132950 -0.423426 
2460177.064248 -0.614194 
2460177.995545 -0.776972 
2460178.926843 -0.912155 
2460179.858141 -1.020549 
2460180.789439 -1.103095 
2460181.720737 -1.160704 
2460182.652035 -1.194153 
2460183.583333 -1.204027 
2460184.514630 -1.190696 
2460185.445928 -1.154303 
2460186.377226 -1.094776 
2460187.308524 -1.011850 
2460188.239822 -0.905116 
2460189.171120 -0.774099 
2460190.102417 -0.618377 
2460191.033715 -0.437776 
2460191.965013 -0.232658 
2460192.896311 -0.004347 
2460193.827609 0.244280 
2460194.758907 0.508029 
2460195.690205 0.778519 
2460196.621502 1.043416 
2460197.552800 1.286206 
2460198.484098 1.487108 
2460199.415396 1.625695 
2460200.346694 1.685100 
2460201.277992 1.656594 
2460202.209290 1.542439 
2460203.140587 1.355407 
2460204.071885 1.115186 
2460205.003183 0.843541 
2460205.934481 0.560291 
2460206.865779 0.281115 
2460207.797077 0.017062 
2460208.728375 -0.224898 
2460209.659672 -0.440909 
2460210.590970 -0.629275 
2460211.522268 -0.789658 
2460212.453566 -0.922505 
2460213.384864 -1.028641 
2460214.316162 -1.109011 
2460215.247459 -1.164516 
2460216.178757 -1.195920 
2460217.110055 -1.203789 
2460218.041353 -1.188475 
2460218.972651 -1.150101 
2460219.903949 -1.088576 
2460220.835247 -1.003622 
2460221.766544 -0.894822 
2460222.697842 -0.761697 
2460223.629140 -0.603839 
2460224.560438 -0.421108 
2460225.491736 -0.213928 
2460226.423034 0.016268 
2460227.354332 0.266437 
2460228.285629 0.531146 
2460229.216927 0.801700 
2460230.148225 1.065404 
2460231.079523 1.305404 
2460232.010821 1.501737 
2460232.942119 1.634098 
2460233.873416 1.686149 
2460234.804714 1.650034 
2460235.736012 1.528988 
2460236.667310 1.336551 
2460237.598608 1.092781 
2460238.529906 0.819411 
2460239.461204 0.535962 
2460240.392501 0.257715 
2460241.323799 -0.004663 
2460242.255097 -0.244508 
2460243.186395 -0.458188 
2460244.117693 -0.644148 
2460245.048991 -0.802141 
2460245.980289 -0.932658 
2460246.911586 -1.036543 
2460247.842884 -1.114743 
2460248.774182 -1.168151 
2460249.705480 -1.197513 
2460250.636778 -1.203381 
2460251.568076 -1.186084 
2460252.499373 -1.145727 
2460253.430671 -1.082203 
2460254.361969 -0.995219 
2460255.293267 -0.884348 
2460256.224565 -0.749112 
2460257.155863 -0.589118 
2460258.087161 -0.404259 
2460259.018458 -0.195028 
2460259.949756 0.037032 
2460260.881054 0.288704 
2460261.812352 0.554309 
2460262.743650 0.824834 
2460263.674948 1.087219 
2460264.606246 1.324280 
2460265.537543 1.515891 
2460266.468841 1.641903 
2460267.400139 1.686540 
2460268.331437 1.642840 
2460269.262735 1.515006 
2460270.194033 1.317316 
2460271.125331 1.070160 
2460272.056628 0.795209 
2460272.987926 0.511674 
2460273.919224 0.234434 
2460274.850522 -0.026220 
2460275.781820 -0.263925 
2460276.713118 -0.475261 
2460277.644415 -0.658814 
2460278.575713 -0.814420 
2460279.507011 -0.942614 
2460280.438309 -1.044255 
2460281.369607 -1.120292 
2460282.300905 -1.171608 
2460283.232203 -1.198933 
2460284.163500 -1.202801 
2460285.094798 -1.183523 
2460286.026096 -1.141183 
2460286.957394 -1.075658 
2460287.888692 -0.986640 
2460288.819990 -0.873694 
2460289.751288 -0.736345 
2460290.682585 -0.574213 
2460291.613883 -0.387229 
2460292.545181 -0.175957 
2460293.476479 0.057942 
2460294.407777 0.311076 
2460295.339075 0.577511 
2460296.270372 0.847910 
2460297.201670 1.108848 
2460298.132968 1.342821 
2460299.064266 1.529559 
2460299.995564 1.649102 
2460300.926862 1.686273 
2460301.858160 1.635020 
2460302.789457 1.500504 
2460303.720755 1.297715 
2460304.652053 1.047335 
2460305.583351 0.770947 
2460306.514649 0.487435 
2460307.445947 0.211278 
2460308.377245 -0.047606 
2460309.308542 -0.283145 
2460310.239840 -0.492128 
2460311.171138 -0.673274 
2460312.102436 -0.826498 
2460313.033734 -0.952374 
2460313.965032 -1.051779 
2460314.896329 -1.125659 
2460315.827627 -1.174888 
2460316.758925 -1.200181 
2460317.690223 -1.202051 
2460318.621521 -1.180791 
2460319.552819 -1.136468 
2460320.484117 -1.068939 
2460321.415414 -0.977884 
2460322.346712 -0.862861 
2460323.278010 -0.723395 
2460324.209308 -0.559124 
2460325.140606 -0.370020 
2460326.071904 -0.156719 
2460327.003202 0.078996 
2460327.934499 0.333548 
2460328.865797 0.600745 
2460329.797095 0.870919 
2460330.728393 1.130281 
2460331.659691 1.361014 
2460332.590989 1.542728 
2460333.522287 1.655687 
2460334.453584 1.685346 
2460335.384882 1.626579 
2460336.316180 1.485496 
2460337.247478 1.277762 
2460338.178776 1.024320 
2460339.110074 0.746634 
2460340.041371 0.463253 
2460340.972669 0.188252 
2460341.903967 -0.068818 
2460342.835265 -0.302168 
2460343.766563 -0.508789 
2460344.697861 -0.687527 
2460345.629159 -0.838373 
2460346.560456 -0.961939 
2460347.491754 -1.059114 
2460348.423052 -1.130844 
2460349.354350 -1.177992 
2460350.285648 -1.201255 
2460351.216946 -1.201131 
2460352.148244 -1.177890 
2460353.079541 -1.131582 
2460354.010839 -1.062046 
2460354.942137 -0.968951 
2460355.873435 -0.851846 
2460356.804733 -0.710261 
2460357.736031 -0.543851 
2460358.667328 -0.352631 
2460359.598626 -0.137315 
2460360.529924 0.100191 
2460361.461222 0.356115 
2460362.392520 0.624003 
2460363.323818 0.893850 
2460364.255116 1.151504 
2460365.186413 1.378844 
2460366.117711 1.555386 
2460367.049009 1.661652 
2460367.980307 1.683759 
2460368.911605 1.617524 
2460369.842903 1.469992 
2460370.774201 1.257472 
2460371.705498 1.001128 
2460372.636796 0.722283 
2460373.568094 0.439137 
2460374.499392 0.165360 
2460375.430690 -0.089853 
2460376.361988 -0.320993 
2460377.293286 -0.525243 
2460378.224583 -0.701575 
2460379.155881 -0.850047 
2460380.087179 -0.971309 
2460381.018477 -1.066262 
2460381.949775 -1.135848 
2460382.881073 -1.180919 
2460383.812370 -1.202157 
2460384.743668 -1.200040 
2460385.674966 -1.174819 
2460386.606264 -1.126524 
2460387.537562 -1.054980 
2460388.468860 -0.959841 
2460389.400158 -0.840651 
2460390.331455 -0.696944 
2460391.262753 -0.528395 
2460392.194051 -0.335064 
2460393.125349 -0.117745 
2460394.056647 0.121522 
2460394.987945 0.378773 
2460395.919243 0.647278 
2460396.850540 0.916694 
2460397.781838 1.172505 
2460398.713136 1.396299 
2460399.644434 1.567523 
2460400.575732 1.666989 
2460401.507030 1.681513 
2460402.438327 1.607864 
2460403.369625 1.454006 
2460404.300923 1.236858 
2460405.232221 0.977772 
2460406.163519 0.697903 
2460407.094817 0.415092 
2460408.026115 0.142608 
2460408.957412 -0.110709 
2460409.888710 -0.339619 
2460410.820008 -0.541491 
2460411.751306 -0.715416 
2460412.682604 -0.861520 
2460413.613902 -0.980485 
2460414.545200 -1.073222 
2460415.476497 -1.140672 
2460416.407795 -1.183671 
2460417.339093 -1.202887 
2460418.270391 -1.198778 
2460419.201689 -1.171577 
2460420.132987 -1.121295 
2460421.064284 -1.047740 
2460421.995582 -0.950554 
2460422.926880 -0.829276 
2460423.858178 -0.683443 
2460424.789476 -0.512756 
2460425.720774 -0.317319 
2460426.652072 -0.098012 
2460427.583369 0.142989 
2460428.514667 0.401516 
2460429.445965 0.670562 
2460430.377263 0.939441 
2460431.308561 1.193271 
2460432.239859 1.413366 
2460433.171157 1.579126 
2460434.102454 1.671694 
2460435.033752 1.678609 
2460435.965050 1.597606 
2460436.896348 1.437550 
2460437.827646 1.215936 
2460438.758944 0.954265 
2460439.690242 0.673504 
2460440.621539 0.391126 
2460441.552837 0.119999 
2460442.484135 -0.131383 
2460443.415433 -0.358044 
2460444.346731 -0.557533 
2460445.278029 -0.729052 
2460446.209326 -0.872793 
2460447.140624 -0.989467 
2460448.071922 -1.079996 
2460449.003220 -1.145314 
2460449.934518 -1.186247 
2460450.865816 -1.203445 
2460451.797114 -1.197347 
2460452.728411 -1.168166 
2460453.659709 -1.115895 
2460454.591007 -1.040326 
2460455.522305 -0.941089 
2460456.453603 -0.817718 
2460457.384901 -0.669759 
2460458.316199 -0.496933 
2460459.247496 -0.299397 
2460460.178794 -0.078119 
2460461.110092 0.164586 
2460462.041390 0.424339 
2460462.972688 0.693848 
2460463.903986 0.962078 
2460464.835283 1.213790 
2460465.766581 1.430031 
2460466.697879 1.590185 
2460467.629177 1.675760 
2460468.560475 1.675050 
2460469.491773 1.586759 
2460470.423071 1.420637 
2460471.354368 1.194718 
2460472.285666 0.930619 
2460473.216964 0.649096 
2460474.148262 0.367245 
2460475.079560 0.097538 
2460476.010858 -0.151873 
2460476.942156 -0.376267 
2460477.873453 -0.573367 
2460478.804751 -0.742482 
2460479.736049 -0.883865 
2460480.667347 -0.998256 
2460481.598645 -1.086584 
2460482.529943 -1.149777 
2460483.461240 -1.188649 
2460484.392538 -1.203832 
2460485.323836 -1.195745 
2460486.255134 -1.164584 
2460487.186432 -1.110322 
2460488.117730 -1.032737 
2460489.049028 -0.931446 
2460489.980325 -0.805980 
2460490.911623 -0.655891 
2460491.842921 -0.480928 
2460492.774219 -0.281299 
2460493.705517 -0.058065 
2460494.636815 0.186311 
2460495.568113 0.447236 
2460496.499410 0.717127 
2460497.430708 0.984596 
2460498.362006 1.234048 
2460499.293304 1.446280 
2460500.224602 1.600690 
2460501.155900 1.679182 
2460502.087198 1.670837 
2460503.018495 1.575333 
2460503.949793 1.403281 
2460504.881091 1.173219 
2460505.812389 0.906847 
2460506.743687 0.624689 
2460507.674985 0.343457 
2460508.606282 0.075229 
2460509.537580 -0.172177 
2460510.468878 -0.394288 
2460511.400176 -0.588994 
2460512.331474 -0.755708 
2460513.262772 -0.894739 
2460514.194070 -1.006853 
2460515.125367 -1.092987 
2460516.056665 -1.154061 
2460516.987963 -1.190876 
2460517.919261 -1.204046 
2460518.850559 -1.193973 
2460519.781857 -1.160831 
2460520.713155 -1.104578 
2460521.644452 -1.024973 
2460522.575750 -0.921624 
2460523.507048 -0.794059 
2460524.438346 -0.641839 
2460525.369644 -0.464740 
2460526.300942 -0.263027 
2460527.232239 -0.037855 
2460528.163537 0.208160 
2460529.094835 0.470202 
2460530.026133 0.740391 
2460530.957431 1.006984 
2460531.888729 1.254032 
2460532.820027 1.462102 
2460533.751324 1.610630 
2460534.682622 1.681957 
2460535.613920 1.665974 
2460536.545218 1.563337 
2460537.476516 1.385495 
2460538.407814 1.151453 
2460539.339112 0.882961 
2460540.270409 0.600291 
2460541.201707 0.319768 
2460542.133005 0.053076 
2460543.064303 -0.192293 
2460543.995601 -0.412106 
2460544.926899 -0.604414 
2460545.858196 -0.768729 
2460546.789494 -0.905413 
2460547.720792 -1.015259 
2460548.652090 -1.099205 
2460549.583388 -1.158166 
2460550.514686 -1.192928 
2460551.445984 -1.204089 
2460552.377281 -1.192031 
2460553.308579 -1.156909 
2460554.239877 -1.098661 
2460555.171175 -1.017033 
2460556.102473 -0.911624 
2460557.033771 -0.781957 
2460557.965069 -0.627604 
2460558.896366 -0.448370 
2460559.827664 -0.244580 
2460560.758962 -0.017489 
2460561.690260 0.230129 
2460562.621558 0.493230 
2460563.552856 0.763631 
2460564.484154 1.029230 
2460565.415451 1.273730 
2460566.346749 1.477482 
2460567.278047 1.619995 
2460568.209345 1.684081 
2460569.140643 1.660465 
2460570.071941 1.550781 
2460571.003238 1.367293 
2460571.934536 1.129434 
2460572.865834 0.858973 
2460573.797132 0.575912 
2460574.728430 0.296183 
2460575.659728 0.031082 
2460576.591026 -0.212219 
2460577.522323 -0.429720 
2460578.453621 -0.619627 
2460579.384919 -0.781545 
2460580.316217 -0.915890 
2460581.247515 -1.023473 
2460582.178813 -1.105238 
2460583.110111 -1.162092 
2460584.041408 -1.194806 
2460584.972706 -1.203961 
2460585.904004 -1.189919 
2460586.835302 -1.152815 
2460587.766600 -1.092572 
2460588.697898 -1.008919 
2460589.629195 -0.901444 
2460590.560493 -0.769672 
2460591.491791 -0.613184 
2460592.423089 -0.431818 
2460593.354387 -0.225960 
2460594.285685 0.003029 
2460595.216983 0.252214 
2460596.148280 0.516315 
2460597.079578 0.786838 
2460598.010876 1.051322 
2460598.942174 1.293127 
2460599.873472 1.492409 
2460600.804770 1.628777 
2460601.736068 1.685551 
2460602.667365 1.654314 
2460603.598663 1.537676 
2460604.529961 1.348688 
2460605.461259 1.107176 
2460606.392557 0.834895 
2460607.323855 0.551561 
2460608.255152 0.272709 
2460609.186450 0.009251 
2460610.117748 -0.231954 
2460611.049046 -0.447130 
2460611.980344 -0.634633 
2460612.911642 -0.794158 
2460613.842940 -0.926169 
2460614.774237 -1.031497 
2460615.705535 -1.111088 
2460616.636833 -1.165840 
2460617.568131 -1.196511 
2460618.499429 -1.203663 
2460619.430727 -1.187637 
2460620.362025 -1.148552 
2460621.293322 -1.086310 
2460622.224620 -1.000629 
2460623.155918 -0.891086 
2460624.087216 -0.757204 
2460625.018514 -0.598580 
2460625.949812 -0.415085 
2460626.881110 -0.207169 
2460627.812407 0.023698 
2460628.743705 0.274411 
2460629.675003 0.539449 
2460630.606301 0.810004 
2460631.537599 1.073249 
2460632.468897 1.312212 
2460633.400194 1.506869 
2460634.331492 1.636966 
2460635.262790 1.686365 
2460636.194088 1.647526 
2460637.125386 1.524033 
2460638.056684 1.329695 
2460638.987982 1.084692 
2460639.919279 0.810738 
2460640.850577 0.527245 
2460641.781875 0.249351 
2460642.713173 -0.012414 
2460643.644471 -0.251495 
2460644.575769 -0.464335 
2460645.507067 -0.649432 
2460646.438364 -0.806568 
2460647.369662 -0.936251 
2460648.300960 -1.039331 
2460649.232258 -1.116754 
2460650.163556 -1.169411 
2460651.094854 -1.198042 
2460652.026151 -1.203193 
2460652.957449 -1.185185 
2460653.888747 -1.144117 
2460654.820045 -1.079876 
2460655.751343 -0.992162 
2460656.682641 -0.880548 
2460657.613939 -0.744554 
2460658.545236 -0.583793 
2460659.476534 -0.398172 
2460660.407832 -0.188207 
2460661.339130 0.044515 
2460662.270428 0.296716 
2460663.201726 0.562627 
2460664.133024 0.833117 
2460665.064321 1.094998 
2460665.995619 1.330969 
2460666.926917 1.520850 
2460667.858215 1.644555 
2460668.789513 1.686520 
2460669.720811 1.640107 
2460670.652109 1.509864 
2460671.583406 1.310327 
2460672.514704 1.061996 
2460673.446002 0.786513 
2460674.377300 0.502974 
2460675.308598 0.226114 
2460676.239896 -0.033910 
2460677.171193 -0.270841 
2460678.102491 -0.481334 
2460679.033789 -0.664024 
2460679.965087 -0.818775 
2460680.896385 -0.946137 
2460681.827683 -1.046976 
2460682.758981 -1.122238 
2460683.690278 -1.172805 
2460684.621576 -1.199401 
2460685.552874 -1.202552 
2460686.484172 -1.182563 
2460687.415470 -1.139512 
2460688.346768 -1.073268 
2460689.278066 -0.983520 
2460690.209363 -0.869829 
2460691.140661 -0.731721 
2460692.071959 -0.568822 
2460693.003257 -0.381077 
2460693.934555 -0.169077 
2460694.865853 0.065477 
2460695.797150 0.319124 
2460696.728448 0.585841 
2460697.659746 0.856170 
2460698.591044 1.116559 
2460699.522342 1.349387 
2460700.453640 1.534340 
2460701.384938 1.651535 
2460702.316235 1.686016 
2460703.247533 1.632063 
2460704.178831 1.495179 
2460705.110129 1.290598 
2460706.041427 1.039101 
2460706.972725 0.762232 
2460707.904023 0.478755 
2460708.835320 0.203004 
2460709.766618 -0.055234 
2460710.697916 -0.289991 
2460711.629214 -0.498127 
2460712.560512 -0.678410 
2460713.491810 -0.830780 
2460714.423107 -0.955827 
2460715.354405 -1.054432 
2460716.285703 -1.127540 
2460717.217001 -1.176021 
2460718.148299 -1.200586 
2460719.079597 -1.201741 
2460720.010895 -1.179770 
2460720.942192 -1.134735 
2460721.873490 -1.066487 
2460722.804788 -0.974700 
2460723.736086 -0.858931 
2460724.667384 -0.718705 
2460725.598682 -0.553667 
2460726.529980 -0.363804 
2460727.461277 -0.149779 
2460728.392575 0.086582 
2460729.323873 0.341631 
2460730.255171 0.609084 
2460731.186469 0.879153 
2460732.117767 1.137918 
2460733.049065 1.367451 
2460733.980362 1.547327 
2460734.911660 1.657898 
2460735.842958 1.684852 
2460736.774256 1.623401 
2460737.705554 1.479991 
2460738.636852 1.270523 
2460739.568149 1.016021 
2460740.499447 0.737904 
2460741.430745 0.454596 
2460742.362043 0.180025 
2460743.293341 -0.076383 
2460744.224639 -0.308943 
2460745.155937 -0.514714 
2460746.087234 -0.692589 
2460747.018532 -0.842583 
2460747.949830 -0.965322 
2460748.881128 -1.061699 
2460749.812426 -1.132660 
2460750.743724 -1.179062 
2460751.675022 -1.201599 
2460752.606319 -1.200759 
2460753.537617 -1.176808 
2460754.468915 -1.129787 
2460755.400213 -1.059532 
2460756.331511 -0.965704 
2460757.262809 -0.847852 
2460758.194106 -0.705506 
2460759.125404 -0.538329 
2460760.056702 -0.346351 
2460760.988000 -0.130315 
2460761.919298 0.107826 
2460762.850596 0.364231 
2460763.781894 0.632349 
2460764.713191 0.902054 
2460765.644489 1.159063 
2460766.575787 1.385149 
2460767.507085 1.559800 
2460768.438383 1.663639 
2460769.369681 1.683029 
2460770.300979 1.614128 
2460771.232276 1.464313 
2460772.163574 1.250115 
2460773.094872 0.992769 
2460774.026170 0.713542 
2460774.957468 0.430504 
2460775.888766 0.157183 
2460776.820063 -0.097354 
2460777.751361 -0.327697 
2460778.682659 -0.531095 
2460779.613957 -0.706563 
2460780.545255 -0.854185 
2460781.476553 -0.974622 
2460782.407851 -1.068780 
2460783.339148 -1.137599 
2460784.270446 -1.181926 
2460785.201744 -1.202439 
2460786.133042 -1.199607 
2460787.064340 -1.173676 
2460787.995638 -1.124668 
2460788.926936 -1.052404 
2460789.858233 -0.956531 
2460790.789531 -0.836592 
2460791.720829 -0.692123 
2460792.652127 -0.522807 
2460793.583425 -0.328720 
2460794.514723 -0.110686 
2460795.446021 0.129206 
2460796.377318 0.386920 
2460797.308616 0.655629 
2460798.239914 0.924864 
2460799.171212 1.179981 
2460800.102510 1.402466 
2460801.033808 1.571746 
2460801.965105 1.668750 
2460802.896403 1.680547 
2460803.827701 1.604253 
2460804.758999 1.448157 
2460805.690297 1.229389 
2460806.621595 0.969357 
2460807.552893 0.689154 
2460808.484190 0.406486 
2460809.415488 0.134482 
2460810.346786 -0.118145 
2460811.278084 -0.346250 
2460812.209382 -0.547269 
2460813.140680 -0.720330 
2460814.071978 -0.865586 
2460815.003275 -0.983728 
2460815.934573 -1.075673 
2460816.865871 -1.142357 
2460817.797169 -1.184615 
2460818.728467 -1.203107 
2460819.659765 -1.198285 
2460820.591062 -1.170373 
2460821.522360 -1.119378 
2460822.453658 -1.045101 
2460823.384956 -0.947180 
2460824.316254 -0.825151 
2460825.247552 -0.678556 
2460826.178850 -0.507102 
2460827.110147 -0.310911 
2460828.041445 -0.090896 
2460828.972743 0.150720 
2460829.904041 0.409693 
2460830.835339 0.678914 
2460831.766637 0.947573 
2460832.697935 1.200660 
2460833.629232 1.419390 
2460834.560530 1.583155 
2460835.491828 1.673226 
2460836.423126 1.677408 
2460837.354424 1.593783 
2460838.285722 1.431536 
2460839.217019 1.208359 
2460840.148317 0.945799 
2460841.079615 0.664750 
2460842.010913 0.382550 
2460842.942211 0.111926 
2460843.873509 -0.138753 
2460844.804807 -0.364603 
2460845.736104 -0.563236 
2460846.667402 -0.733892 
2460847.598700 -0.876787 
2460848.529998 -0.992642 
2460849.461296 -1.082381 
2460850.392594 -1.146936 
2460851.323892 -1.187129 
2460852.255189 -1.203604 
2460853.186487 -1.196792 
2460854.117785 -1.166900 
2460855.049083 -1.113916 
2460855.980381 -1.037624 
2460856.911679 -0.937651 
2460857.842977 -0.813529 
2460858.774274 -0.664806 
2460859.705572 -0.491214 
2460860.636870 -0.292926 
2460861.568168 -0.070944 
2460862.499466 0.172364 
2460863.430764 0.432543 
2460864.362061 0.702199 
2460865.293359 0.970169 
2460866.224657 1.221086 
2460867.155955 1.435907 
2460868.087253 1.594017 
2460869.018551 1.677061 
2460869.949849 1.673614 
2460870.881146 1.582727 
2460871.812444 1.414463 
2460872.743742 1.187038 
2460873.675040 0.922107 
2460874.606338 0.640342 
2460875.537636 0.358702 
2460876.468934 0.089519 
2460877.400231 -0.159177 
2460878.331529 -0.382754 
2460879.262827 -0.578995 
2460880.194125 -0.747249 
2460881.125423 -0.887788 
2460882.056721 -1.001362 
2460882.988018 -1.088902 
2460883.919316 -1.151334 
2460884.850614 -1.189468 
2460885.781912 -1.203928 
2460886.713210 -1.195129 
2460887.644508 -1.163257 
2460888.575806 -1.108282 
2460889.507103 -1.029972 
2460890.438401 -0.927944 
2460891.369699 -0.801725 
2460892.300997 -0.650872 
2460893.232295 -0.475143 
2460894.163593 -0.274766 
2460895.094891 -0.050835 
2460896.026188 0.194133 
2460896.957486 0.455466 
2460897.888784 0.725473 
2460898.820082 0.992642 
2460899.751380 1.241248 
2460900.682678 1.452005 
2460901.613975 1.604320 
2460902.545273 1.680252 
2460903.476571 1.669168 
2460904.407869 1.571095 
2460905.339167 1.396951 
2460906.270465 1.165442 
2460907.201763 0.898293 
2460908.133060 0.615937 
2460909.064358 0.334949 
2460909.995656 0.067265 
2460910.926954 -0.179414 
2460911.858252 -0.400702 
2460912.789550 -0.594548 
2460913.720848 -0.760401 
2460914.652145 -0.898590 
2460915.583443 -1.009890 
2460916.514741 -1.095238 
2460917.446039 -1.155554 
2460918.377337 -1.191632 
2460919.308635 -1.204081 
2460920.239933 -1.193296 
2460921.171230 -1.159444 
2460922.102528 -1.102475 
2460923.033826 -1.022145 
2460923.965124 -0.918058 
2460924.896422 -0.789739 
2460925.827720 -0.636754 
2460926.759017 -0.458890 
2460927.690315 -0.256430 
2460928.621613 -0.030568 
2460929.552911 0.216026 
2460930.484209 0.478454 
2460931.415507 0.748730 
2460932.346805 1.014980 
2460933.278102 1.261131 
2460934.209400 1.467669 
2460935.140698 1.614055 
2460936.071996 1.682794 
2460937.003294 1.664073 
2460937.934592 1.558897 
2460938.865890 1.379014 
2460939.797187 1.143584 
2460940.728485 0.874369 
2460941.659783 0.591545 
2460942.591081 0.311297 
2460943.522379 0.045169 
2460944.453677 -0.199462 
2460945.384974 -0.418447 
2460946.316272 -0.609894 
2460947.247570 -0.773349 
2460948.178868 -0.909194 
2460949.110166 -1.018227 
2460950.041464 -1.101390 
2460950.972762 -1.159594 
2460951.904059 -1.193622 
2460952.835357 -1.204063 
2460953.766655 -1.191293 
2460954.697953 -1.155460 
2460955.629251 -1.096497 
2460956.560549 -1.014143 
2460957.491847 -0.907993 
2460958.423144 -0.777571 
2460959.354442 -0.622453 
2460960.285740 -0.442455 
2460961.217038 -0.237921 
2460962.148336 -0.010147 
2460963.079634 0.238037 
2460964.010932 0.501504 
2460964.942229 0.771959 
2460965.873527 1.037172 
2460966.804825 1.280722 
2460967.736123 1.482889 
2460968.667421 1.623212 
2460969.598719 1.684684 
2460970.530016 1.658333 
2460971.461314 1.546143 
2460972.392612 1.360666 
2460973.323910 1.121478 
2460974.255208 0.850347 
2460975.186506 0.567175 
2460976.117804 0.287751 
2460977.049101 0.023233 
2460977.980399 -0.219319 
2460978.911697 -0.435988 
2460979.842995 -0.625033 
2460980.774293 -0.786093 
2460981.705591 -0.919599 
2460982.636889 -1.026373 
2460983.568186 -1.107357 
2460984.499484 -1.163457 
2460985.430782 -1.195438 
2460986.362080 -1.203874 
2460987.293378 -1.189120 
2460988.224676 -1.151306 
2460989.155973 -1.090346 
2460990.087271 -1.005966 
2460991.018569 -0.897750 
2460991.949867 -0.765221 
2460992.881165 -0.607967 
2460993.812463 -0.425838 
2460994.743761 -0.219240 
2460995.675058 0.010425 
2460996.606356 0.260163 
2460997.537654 0.524607 
2460998.468952 0.795152 
2460999.400250 1.059206 
2461000.331548 1.300009 
2461001.262846 1.497649 
2461002.194143 1.631783 
2461003.125441 1.685919 
2461004.056739 1.651953 
2461004.988037 1.532844 
2461005.919335 1.341920 
2461006.850633 1.099137 
2461007.781930 0.826239 
2461008.713228 0.542835 
2461009.644526 0.264317 
2461010.575824 0.001461 
2461011.507122 -0.238985 
2461012.438420 -0.453324 
2461013.369718 -0.639965 
2461014.301015 -0.798633 
2461015.232313 -0.929808 
2461016.163611 -1.034329 
2461017.094909 -1.113141 
2461018.026207 -1.167141 
2461018.957505 -1.197080 
2461019.888803 -1.203514 
2461020.820100 -1.186777 
2461021.751398 -1.146981 
2461022.682696 -1.084022 
2461023.613994 -0.997612 
2461024.545292 -0.887327 
2461025.476590 -0.752688 
2461026.407888 -0.593298 
2461027.339185 -0.409040 
2461028.270483 -0.200387 
2461029.201781 0.031148 
2461030.133079 0.282399 
2461031.064377 0.547758 
2461031.995675 0.818300 
2461032.926972 1.081070 
2461033.858270 1.318978 
2461034.789568 1.511939 
2461035.720866 1.639758 
2461036.652164 1.686496 
2461037.583462 1.644938 
2461038.514760 1.519011 
2461039.446057 1.322791 
2461040.377355 1.076575 
2461041.308653 0.802057 
2461042.239951 0.518535 
2461043.171249 0.241002 
2461044.102547 -0.020144 
2461045.033845 -0.258456 
2461045.965142 -0.470455 
2461046.896440 -0.654689 
2461047.827738 -0.810970 
2461048.759036 -0.939819 
2461049.690334 -1.042094 
2461050.621632 -1.118742 
2461051.552929 -1.170648 
2461052.484227 -1.198549 
2461053.415525 -1.202983 
2461054.346823 -1.184264 
2461055.278121 -1.142485 
2461056.209419 -1.077526 
2461057.140717 -0.989083 
2461058.072014 -0.876724 
2461059.003312 -0.739973 
2461059.934610 -0.578445 
2461060.865908 -0.392061 
2461061.797206 -0.181365 
2461062.728504 0.052017 
2461063.659802 0.304741 
2461064.591099 0.570949 
2461065.522397 0.841393 
2461066.453695 1.102754 
2461067.384993 1.337615 
2461068.316291 1.525745 
2461069.247589 1.647129 
2461070.178886 1.686415 
2461071.110184 1.637294 
2461072.041482 1.504655 
2461072.972780 1.303291 
2461073.904078 1.053806 
2461074.835376 0.777810 
2461075.766674 0.494281 
2461076.697971 0.217810 
2461077.629269 -0.041578 
2461078.560567 -0.277732 
2461079.491865 -0.487381 
2461080.423163 -0.669208 
2461081.354461 -0.823104 
2461082.285759 -0.949635 
2461083.217056 -1.049671 
2461084.148354 -1.124161 
2461085.079652 -1.173979 
2461086.010950 -1.199846 
2461086.942248 -1.202281 
2461087.873546 -1.181581 
2461088.804844 -1.137818 
2461089.736141 -1.070856 
2461090.667439 -0.980377 
2461091.598737 -0.865941 
2461092.530035 -0.727074 
2461093.461333 -0.563408 
2461094.392631 -0.374903 
2461095.323928 -0.162174 
2461096.255226 0.073031 
2461097.186524 0.327186 
2461098.117822 0.594174 
2461099.049120 0.864422 
2461099.980418 1.124243 
2461100.911716 1.355907 
2461101.843013 1.539057 
2461102.774311 1.653888 
2461103.705609 1.685675 
2461104.636907 1.629027 
2461105.568205 1.489789 
2461106.499503 1.283437 
2461107.430801 1.030844 
2461108.362098 0.753511 
2461109.293396 0.470083 
2461110.224694 0.194747 
2461111.155992 -0.062840 
2461112.087290 -0.296811 
2461113.018588 -0.504100 
2461113.949885 -0.683519 
2461114.881183 -0.835037 
2461115.812481 -0.959255 
2461116.743779 -1.057060 
2461117.675077 -1.129397 
2461118.606375 -1.177132 
2461119.537673 -1.200969 
2461120.468970 -1.201408 
2461121.400268 -1.178727 
2461122.331566 -1.132980 
2461123.262864 -1.064012 
2461124.194162 -0.971494 
2461125.125460 -0.854978 
2461126.056758 -0.713992 
2461126.988055 -0.548187 
2461127.919353 -0.357564 
2461128.850651 -0.142816 
2461129.781949 0.094185 
2461130.713247 0.349726 
2461131.644545 0.617426 
2461132.575842 0.887377 
2461133.507140 1.145527 
2461134.438438 1.373842 
2461135.369736 1.551861 
2461136.301034 1.660029 
2461137.232332 1.684274 
2461138.163630 1.620145 
2461139.094927 1.474424 
2461140.026225 1.263241 
2461140.957523 1.007700 
2461141.888821 0.729170 
2461142.820119 0.445947 
2461143.751417 0.171817 
2461144.682715 -0.083925 
2461145.614012 -0.315692 
2461146.545310 -0.520613 
2461147.476608 -0.697625 
2461148.407906 -0.846768 
2461149.339204 -0.968680 
2461150.270502 -1.064260 
2461151.201800 -1.134452 
2461152.133097 -1.180109 
2461153.064395 -1.201920 
2461153.995693 -1.200365 
2461154.926991 -1.175704 
2461155.858289 -1.127971 
2461156.789587 -1.056995 
2461157.720884 -0.962434 
2461158.652182 -0.843834 
2461159.583480 -0.700727 
2461160.514778 -0.532783 
2461161.446076 -0.340048 
2461162.377374 -0.123293 
2461163.308672 0.115479 
2461164.239969 0.372359 
2461165.171267 0.640697 
2461166.102565 0.910246 
2461167.033863 1.166592 
2461167.965161 1.391404 
2461168.896459 1.564146 
2461169.827757 1.665544 
2461170.759054 1.682215 
2461171.690352 1.610655 
2461172.621650 1.458573 
2461173.552948 1.242717 
2461174.484246 0.984390 
2461175.415544 0.704797 
2461176.346841 0.421881 
2461177.278139 0.149025 
2461178.209437 -0.104832 
2461179.140735 -0.334374 
2461180.072033 -0.536920 
2461181.003331 -0.711524 
2461181.934629 -0.858297 
2461182.865926 -0.977910 
2461183.797224 -1.071274 
2461184.728522 -1.139326 
2461185.659820 -1.182911 
2461186.591118 -1.202698 
2461187.522416 -1.199152 
2461188.453714 -1.172511 
2461189.385011 -1.122791 
2461190.316309 -1.049804 
2461191.247607 -0.953197 
2461192.178905 -0.832510 
2461193.110203 -0.687278 
2461194.041501 -0.517195 
2461194.972798 -0.322353 
2461195.904096 -0.103607 
2461196.835394 0.136907 
2461197.766692 0.395079 
2461198.697990 0.663980 
2461199.629288 0.933021 
2461200.560586 1.187426 
2461201.491883 1.408582 
2461202.423181 1.575901 
2461203.354479 1.670428 
2461204.285777 1.679497 
2461205.217075 1.600565 
2461206.148373 1.442248 
2461207.079671 1.221880 
2461208.010968 0.960924 
2461208.942266 0.680402 
2461209.873564 0.397892 
2461210.804862 0.126375 
2461211.736160 -0.125557 
2461212.667458 -0.352856 
2461213.598756 -0.553019 
2461214.530053 -0.725218 
2461215.461351 -0.869626 
2461216.392649 -0.986947 
2461217.323947 -1.078100 
2461218.255245 -1.144020 
2461219.186543 -1.185537 
2461220.117840 -1.203305 
2461221.049138 -1.197769 
2461221.980436 -1.169147 
2461222.911734 -1.117439 
2461223.843032 -1.042439 
2461224.774330 -0.943782 
2461225.705628 -0.821004 
2461226.636925 -0.673646 
2461227.568223 -0.501424 
2461228.499521 -0.304481 
2461229.430819 -0.083758 
2461230.362117 0.158468 
2461231.293415 0.417880 
2461232.224713 0.687266 
2461233.156010 0.955691 
2461234.087308 1.208016 
2461235.018606 1.425362 
2461235.949904 1.587115 
2461236.881202 1.674675 
2461237.812500 1.676122 
2461238.743797 1.589884 
2461239.675095 1.425464 
2461240.606393 1.200744 
2461241.537691 0.937316 
2461242.468989 0.655996 
2461243.400287 0.373986 
2461244.331585 0.103872 
2461245.262882 -0.146100 
2461246.194180 -0.371136 
2461247.125478 -0.568912 
2461248.056776 -0.738707 
2461248.988074 -0.880756 
2461249.919372 -0.995791 
2461250.850670 -1.084741 
2461251.781967 -1.148534 
2461252.713265 -1.187988 
2461253.644563 -1.203740 
2461254.575861 -1.196215 
2461255.507159 -1.165613 
2461256.438457 -1.111915 
2461257.369755 -1.034899 
2461258.301052 -0.934190 
2461259.232350 -0.809316 
2461260.163648 -0.659830 
2461261.094946 -0.485471 
2461262.026244 -0.286433 
2461262.957542 -0.063750 
2461263.888839 0.180157 
2461264.820137 0.440756 
2461265.751435 0.710548 
2461266.682733 0.978244 
2461267.614031 1.228349 
2461268.545329 1.441730 
2461269.476627 1.597777 
2461270.407924 1.678280 
2461271.339222 1.672094 
2461272.270520 1.578621 
2461273.201818 1.408232 
2461274.133116 1.179324 
2461275.064414 0.913579 
2461275.995712 0.631587 
2461276.927009 0.350172 
2461277.858307 0.081520 
2461278.789605 -0.166457 
2461279.720903 -0.389215 
2461280.652201 -0.584598 
2461281.583499 -0.751990 
2461282.514796 -0.891685 
2461283.446094 -1.004443 
2461284.377392 -1.091196 
2461285.308690 -1.152868 
2461286.239988 -1.190264 
2461287.171286 -1.204003 
2461288.102584 -1.194491 
2461289.033881 -1.161909 
2461289.965179 -1.106219 
2461290.896477 -1.027185 
2461291.827775 -0.924418 
2461292.759073 -0.797447 
2461293.690371 -0.645830 
2461294.621669 -0.469334 
2461295.552966 -0.268209 
2461296.484264 -0.043584 
2461297.415562 0.201971 
2461298.346860 0.463704 
2461299.278158 0.733817 
2461300.209456 1.000670 
2461301.140753 1.248412 
2461302.072051 1.457674 
2461303.003349 1.607878 
2461303.934647 1.681239 
2461304.865945 1.667415 
2461305.797243 1.566785 
2461306.728541 1.390566 
2461307.659838 1.157632 
2461308.591136 0.889724 
2461309.522434 0.607186 
2461310.453732 0.326454 
2461311.385030 0.059322 
2461312.316328 -0.186626 
2461313.247626 -0.407090 
2461314.178923 -0.600076 
2461315.110221 -0.765069 
2461316.041519 -0.902416 
2461316.972817 -1.012902 
2461317.904115 -1.097466 
2461318.835413 -1.157024 
2461319.766711 -1.192365 
2461320.698008 -1.204095 
2461321.629306 -1.192597 
2461322.560604 -1.158035 
2461323.491902 -1.100351 
2461324.423200 -1.019295 
2461325.354498 -0.914469 
2461326.285795 -0.785396 
2461327.217093 -0.631646 
2461328.148391 -0.453016 
2461329.079689 -0.249812 
2461330.010987 -0.023262 
2461330.942285 0.223907 
2461331.873583 0.486715 
2461332.804880 0.757065 
2461333.736178 1.022956 
2461334.667476 1.268192 
2461335.598774 1.473180 
2461336.530072 1.617407 
2461337.461370 1.683547 
2461338.392668 1.662088 
2461339.323965 1.554386 
2461340.255263 1.372480 
2461341.186561 1.135683 
2461342.117859 0.865764 
2461343.049157 0.582801 
2461343.980455 0.302839 
2461344.911752 0.037282 
2461345.843050 -0.206606 
2461346.774348 -0.424762 
2461347.705646 -0.615348 
2461348.636944 -0.777943 
2461349.568242 -0.912949 
2461350.499540 -1.021171 
2461351.430837 -1.103551 
2461352.362135 -1.161000 
2461353.293433 -1.194293 
2461354.224731 -1.204015 
2461355.156029 -1.190533 
2461356.087327 -1.153990 
2461357.018625 -1.094311 
2461357.949922 -1.011230 
2461358.881220 -0.904340 
2461359.812518 -0.773163 
2461360.743816 -0.617279 
2461361.675114 -0.436516 
2461362.606412 -0.231241 
2461363.537709 -0.002786 
2461364.469007 0.245960 
2461365.400305 0.509784 
2461366.331603 0.780282 
2461367.262901 1.045093 
2461368.194199 1.287676 
2461369.125497 1.488236 
2461370.056794 1.626354 
2461370.988092 1.685202 
2461371.919390 1.656118 
2461372.850688 1.541435 
2461373.781986 1.353987 
2461374.713284 1.113491 
2461375.644582 0.841710 
2461376.575879 0.558441 
2461377.507177 0.279333 
2461378.438475 0.015405 
2461379.369773 -0.226395 
2461380.301071 -0.442230 
2461381.232369 -0.630412 
2461382.163667 -0.790614 
2461383.094964 -0.923283 
2461384.026262 -1.029248 
2461384.957560 -1.109453 
2461385.888858 -1.164799 
2461386.820156 -1.196047 
2461387.751454 -1.203764 
2461388.682751 -1.188299 
2461389.614049 -1.149774 
2461390.545347 -1.088098 
2461391.476645 -1.002990 
2461392.407943 -0.894032 
2461393.339241 -0.760747 
2461394.270539 -0.602727 
2461395.201836 -0.419834 
2461396.133134 -0.212498 
2461397.064432 0.017841 
2461397.995730 0.268126 
2461398.927028 0.532905 
2461399.858326 0.803460 
2461400.789624 1.067068 
2461401.720921 1.306850 
2461402.652219 1.502829 
2461403.583517 1.634712 
2461404.514815 1.686202 
2461405.446113 1.649509 
2461406.377411 1.527944 
2461407.308708 1.335102 
2461408.240006 1.091069 
2461409.171304 0.817574 
2461410.102602 0.534114 
2461411.033900 0.255941 
2461411.965198 -0.006307 
2461412.896496 -0.245991 
2461413.827793 -0.459492 
2461414.759091 -0.645270 
2461415.690389 -0.803081 
2461416.621687 -0.933421 
2461417.552985 -1.037136 
2461418.484283 -1.115171 
2461419.415581 -1.168420 
2461420.346878 -1.197627 
2461421.278176 -1.203343 
2461422.209474 -1.185895 
2461423.140772 -1.145388 
2461424.072070 -1.081712 
2461425.003368 -0.994573 
2461425.934665 -0.883545 
2461426.865963 -0.748149 
2461427.797261 -0.587992 
2461428.728559 -0.402971 
2461429.659857 -0.193584 
2461430.591155 0.038616 
2461431.522453 0.290401 
2461432.453750 0.556071 
2461433.385048 0.826590 
2461434.316346 1.088869 
2461435.247644 1.325701 
2461436.178942 1.516947 
2461437.110240 1.642471 
2461438.041538 1.686543 
2461438.972835 1.642268 
2461439.904133 1.513922 
2461440.835431 1.315839 
2461441.766729 1.068432 
2461442.698027 0.793367 
2461443.629325 0.509830 
2461444.560623 0.232670 
2461445.491920 -0.027851 
2461446.423218 -0.265392 
2461447.354516 -0.476550 
2461448.285814 -0.659920 
2461449.217112 -0.815345 
2461450.148410 -0.943362 
2461451.079707 -1.044834 
2461452.011005 -1.120707 
2461452.942303 -1.171863 
2461453.873601 -1.199034 
2461454.804899 -1.202750 
2461455.736197 -1.183321 
2461456.667495 -1.140831 
2461457.598792 -1.075153 
2461458.530090 -0.985981 
2461459.461388 -0.872877 
2461460.392686 -0.735367 
2461461.323984 -0.573073 
2461462.255282 -0.385928 
2461463.186580 -0.174501 
2461464.117877 0.059537 
2461465.049175 0.312780 
2461465.980473 0.579276 
2461466.911771 0.849661 
2461467.843069 1.110484 
2461468.774367 1.344216 
2461469.705664 1.530577 
2461470.636962 1.649624 
2461471.568260 1.686225 
2461472.499558 1.634400 
2461473.430856 1.499381 
2461474.362154 1.296210 
2461475.293452 1.045592 
2461476.224749 0.769101 
2461477.156047 0.485595 
2461478.087345 0.209523 
2461479.018643 -0.049224 
2461479.949941 -0.284598 
2461480.881239 -0.493401 
2461481.812537 -0.674365 
2461482.743834 -0.827407 
2461483.675132 -0.953108 
2461484.606430 -1.052343 
2461485.537728 -1.126060 
2461486.469026 -1.175130 
2461487.400324 -1.200268 
2461488.331621 -1.201987 
2461489.262919 -1.180577 
2461490.194217 -1.136103 
2461491.125515 -1.068421 
2461492.056813 -0.977211 
2461492.988111 -0.862030 
2461493.919409 -0.722403 
2461494.850706 -0.557970 
2461495.782004 -0.368705 
2461496.713302 -0.155250 
2461497.644600 0.080602 
2461498.575898 0.335259 
2461499.507196 0.602511 
2461500.438494 0.872664 
2461501.369791 1.131901 
2461502.301089 1.362382 
2461503.232387 1.543708 
2461504.163685 1.656162 
2461505.094983 1.685248 
2461506.026281 1.625912 
2461506.957579 1.484335 
2461507.888876 1.276232 
2461508.820174 1.022563 
2461509.751472 0.744785 
2461510.682770 0.461418 
2461511.614068 0.186507 
2461512.545366 -0.070423 
2461513.476663 -0.303606 
2461514.407961 -0.510047 
2461515.339259 -0.688602 
2461516.270557 -0.839267 
2461517.201855 -0.962658 
2461518.133153 -1.059664 
2461519.064451 -1.131231 
2461519.995748 -1.178220 
2461520.927046 -1.201330 
2461521.858344 -1.201054 
2461522.789642 -1.177663 
2461523.720940 -1.131203 
2461524.652238 -1.061516 
2461525.583536 -0.968265 
2461526.514833 -0.851002 
2461527.446131 -0.709255 
2461528.377429 -0.542683 
2461529.308727 -0.351302 
2461530.240025 -0.135833 
2461531.171323 0.101807 
2461532.102620 0.357834 
2461533.033918 0.625771 
2461533.965216 0.895589 
2461534.896514 1.153108 
2461535.827812 1.380184 
2461536.759110 1.556327 
2461537.690408 1.662079 
2461538.621705 1.683611 
2461539.553003 1.616811 
2461540.484301 1.468794 
2461541.415599 1.255916 
2461542.346897 0.999358 
2461543.278195 0.720431 
2461544.209493 0.437307 
2461545.140790 0.163626 
2461546.072088 -0.091444 
2461547.003386 -0.322416 
2461547.934684 -0.526485 
2461548.865982 -0.702634 
2461549.797280 -0.850926 
2461550.728578 -0.972013 
2461551.659875 -1.066797 
2461552.591173 -1.136221 
2461553.522471 -1.181134 
2461554.453769 -1.202219 
2461555.385067 -1.199950 
2461556.316365 -1.174578 
2461557.247662 -1.126133 
2461558.178960 -1.054436 
2461559.110258 -0.959142 
2461560.041556 -0.839793 
2461560.972854 -0.695924 
2461561.904152 -0.527213 
2461562.835450 -0.333722 
2461563.766747 -0.116251 
2461564.698045 0.123149 
2461565.629343 0.380498 
2461566.560641 0.649047 
2461567.491939 0.918426 
2461568.423237 1.174092 
2461569.354535 1.397610 
2461570.285832 1.568423 
2461571.217130 1.667369 
2461572.148428 1.681315 
2461573.079726 1.607105 
2461574.011024 1.452772 
2461574.942322 1.235279 
2461575.873619 0.975990 
2461576.804917 0.696049 
2461577.736215 0.413267 
2461578.667513 0.140884 
2461579.598811 -0.112286 
2461580.530109 -0.341026 
2461581.461407 -0.542718 
2461582.392704 -0.716459 
2461583.324002 -0.862384 
2461584.255300 -0.981174 
2461585.186598 -1.073744 
2461586.117896 -1.141031 
2461587.049194 -1.183873 
2461587.980492 -1.202936 
2461588.911789 -1.198676 
2461589.843087 -1.171324 
2461590.774385 -1.120891 
2461591.705683 -1.047183 
2461592.636981 -0.949841 
2461593.568279 -0.828404 
2461594.499576 -0.682410 
2461595.430874 -0.511560 
2461596.362172 -0.315963 
2461597.293470 -0.096506 
2461598.224768 0.144625 
2461599.156066 0.403247 
2461600.087364 0.672332 
2461601.018661 0.941165 
2461601.949959 1.194839 
2461602.881257 1.414647 
2461603.812555 1.579986 
2461604.743853 1.672025 
2461605.675151 1.678362 
2461606.606449 1.596802 
2461607.537746 1.436280 
2461608.469044 1.214333 
2461609.400342 0.952472 
2461610.331640 0.671649 
2461611.262938 0.389308 
2461612.194236 0.118287 
2461613.125534 -0.132946 
2461614.056831 -0.359436 
2461614.988129 -0.558743 
2461615.919427 -0.730080 
2461616.850725 -0.873641 
2461617.782023 -0.990142 
2461618.713321 -1.080503 
2461619.644618 -1.145660 
2461620.575916 -1.186436 
2461621.507214 -1.203481 
2461622.438512 -1.197231 
2461623.369810 -1.167899 
2461624.301108 -1.115477 
2461625.232406 -1.039755 
2461626.163703 -0.940362 
2461627.095001 -0.816833 
2461628.026299 -0.668711 
2461628.957597 -0.495723 
2461629.888895 -0.298028 
2461630.820193 -0.076600 
2461631.751491 0.166233 
2461632.682788 0.426076 
2461633.614086 0.695618 
2461634.545384 0.963794 
2461635.476682 1.215339 
2461636.407980 1.431280 
2461637.339278 1.591003 
2461638.270575 1.676042 
2461639.201873 1.674753 
2461640.133171 1.585911 
2461641.064469 1.419334 
2461641.995767 1.193094 
2461642.927065 0.928817 
2461643.858363 0.647241 
2461644.789660 0.365434 
2461645.720958 0.095837 
2461646.652256 -0.153423 
2461647.583554 -0.377644 
2461648.514852 -0.574562 
2461649.446150 -0.743494 
2461650.377448 -0.884699 
2461651.308745 -0.998916 
2461652.240043 -1.087077 
2461653.171341 -1.150109 
2461654.102639 -1.188824 
2461655.033937 -1.203854 
2461655.965235 -1.195616 
2461656.896532 -1.164304 
2461657.827830 -1.109892 
2461658.759128 -1.032153 
2461659.690426 -0.930706 
2461660.621724 -0.805080 
2461661.553022 -0.654830 
2461662.484320 -0.479704 
2461663.415617 -0.279917 
2461664.346915 -0.056535 
2461665.278213 0.187967 
2461666.209511 0.448979 
2461667.140809 0.718896 
2461668.072107 0.986302 
2461669.003405 1.235576 
2461669.934702 1.447498 
2461670.866000 1.601465 
2461671.797298 1.679416 
2461672.728596 1.670490 
2461673.659894 1.574441 
2461674.591192 1.401945 
2461675.522490 1.171574 
2461676.453787 0.905036 
2461677.385085 0.622834 
2461678.316383 0.341653 
2461679.247681 0.073540 
2461680.178979 -0.173712 
2461681.110277 -0.395650 
2461682.041574 -0.590173 
2461682.972872 -0.756704 
2461683.904170 -0.895557 
2461684.835468 -1.007499 
2461685.766766 -1.093466 
2461686.698064 -1.154379 
2461687.629362 -1.191038 
2461688.560659 -1.204055 
2461689.491957 -1.193831 
2461690.423255 -1.160539 
2461691.354553 -1.104134 
2461692.285851 -1.024375 
2461693.217149 -0.920870 
2461694.148447 -0.793146 
2461695.079744 -0.640764 
2461696.011042 -0.463502 
2461696.942340 -0.261631 
2461697.873638 -0.036313 
2461698.804936 0.209825 
2461699.736234 0.471950 
2461700.667531 0.742158 
2461701.598829 1.008680 
2461702.530127 1.255539 
2461703.461425 1.463286 
2461704.392723 1.611362 
2461705.324021 1.682142 
2461706.255319 1.665578 
2461707.186616 1.562402 
2461708.117914 1.384127 
2461709.049212 1.149788 
2461709.980510 0.881142 
2461710.911808 0.598438 
2461711.843106 0.317972 
2461712.774404 0.051399 
2461713.705701 -0.193814 
2461714.636999 -0.413452 
2461715.568297 -0.605577 
2461716.499595 -0.769710 
2461717.430893 -0.906217 
2461718.362191 -1.015890 
2461719.293488 -1.099670 
2461720.224786 -1.158470 
2461721.156084 -1.193077 
2461722.087382 -1.204086 
2461723.018680 -1.191876 
2461723.949978 -1.156604 
2461724.881276 -1.098204 
2461725.812573 -1.016423 
2461726.743871 -0.910856 
2461727.675169 -0.781029 
2461728.606467 -0.626514 
2461729.537765 -0.447119 
2461730.469063 -0.243171 
2461731.400361 -0.015935 
2461732.331658 0.231803 
2461733.262956 0.494983 
2461734.194254 0.765396 
2461735.125552 1.030914 
2461736.056850 1.275215 
2461736.988148 1.478633 
2461737.919446 1.620683 
2461738.850743 1.684216 
2461739.782041 1.660020 
2461740.713339 1.549804 
2461741.644637 1.365893 
2461742.575935 1.127751 
2461743.507233 0.857147 
2461744.438530 0.574060 
2461745.369828 0.294395 
2461746.301126 0.029417 
2461747.232424 -0.213726 
2461748.163722 -0.431051 
2461749.095020 -0.620775 
2461750.026318 -0.782511 
2461750.957615 -0.916678 
2461751.888913 -1.024090 
2461752.820211 -1.105689 
2461753.751509 -1.162383 
2461754.682807 -1.194942 
2461755.614105 -1.203945 
2461756.545403 -1.189751 
2461757.476700 -1.152497 
2461758.407998 -1.092102 
2461759.339296 -1.008295 
2461760.270594 -0.900664 
2461761.201892 -0.768731 
2461762.133190 -0.612081 
2461763.064487 -0.430553 
2461763.995785 -0.224538 
2461764.927083 0.004595 
2461765.858381 0.253897 
2461766.789679 0.518071 
2461767.720977 0.788600 
2461768.652275 1.052994 
2461769.583572 1.294589 
2461770.514870 1.493524 
2461771.446168 1.629420 
2461772.377466 1.685636 
2461773.308764 1.653821 
2461774.240062 1.536658 
2461775.171360 1.347258 
2461776.102657 1.105475 
2461777.033955 0.833062 
2461777.965253 0.549711 
2461778.896551 0.270930 
2461779.827849 0.007598 
2461780.759147 -0.233445 
2461781.690444 -0.448445 
2461782.621742 -0.635765 
2461783.553040 -0.795109 
2461784.484338 -0.926942 
2461785.415636 -1.032099 
2461786.346934 -1.111525 
2461787.278232 -1.166118 
2461788.209529 -1.196634 
2461789.140827 -1.203633 
2461790.072125 -1.187456 
2461791.003423 -1.148221 
2461791.934721 -1.085827 
2461792.866019 -0.999991 
2461793.797317 -0.890291 
2461794.728614 -0.756249 
2461795.659912 -0.597463 
2461796.591210 -0.413806 
2461797.522508 -0.205734 
2461798.453806 0.025275 
2461799.385104 0.276103 
2461800.316402 0.541209 
2461801.247699 0.811762 
2461802.178997 1.074908 
2461803.110295 1.313649 
2461804.041593 1.507948 
2461804.972891 1.637564 
2461805.904189 1.686400 
2461806.835486 1.646985 
2461807.766784 1.522975 
2461808.698082 1.328236 
2461809.629380 1.082974 
2461810.560678 0.808899 
2461811.491976 0.525399 
2461812.423274 0.247580 
2461813.354571 -0.014054 
2461814.285869 -0.252972 
2461815.217167 -0.465634 
2461816.148465 -0.650548 
2461817.079763 -0.807503 
2461818.011061 -0.937009 
2461818.942359 -1.039918 
2461819.873656 -1.117177 
2461820.804954 -1.169675 
2461821.736252 -1.198152 
2461822.667550 -1.203150 
2461823.598848 -1.184991 
2461824.530146 -1.143773 
2461825.461443 -1.079379 
2461826.392741 -0.991512 
2461827.324039 -0.879739 
2461828.255337 -0.743585 
2461829.186635 -0.582662 
2461830.117933 -0.396879 
2461831.049231 -0.186759 
2461831.980528 0.046103 
2461832.911826 0.298415 
2461833.843124 0.564390 
2461834.774422 0.834872 
2461835.705720 1.096644 
2461836.637018 1.332381 
2461837.568316 1.521893 
2461838.499613 1.645107 
2461839.430911 1.686505 
2461840.362209 1.639518 
2461841.293507 1.508766 
2461842.224805 1.308840 
2461843.156103 1.060263 
2461844.087401 0.784670 
2461845.018698 0.501132 
2461845.949996 0.224353 
2461846.881294 -0.035537 
2461847.812592 -0.272303 
2461848.743890 -0.482617 
2461849.675188 -0.665125 
2461850.606485 -0.819695 
2461851.537783 -0.946880 
2461852.469081 -1.047549 
2461853.400379 -1.122647 
2461854.331677 -1.173055 
2461855.262975 -1.199497 
2461856.194273 -1.202496 
2461857.125570 -1.182356 
2461858.056868 -1.139155 
2461858.988166 -1.072759 
2461859.919464 -0.982856 
2461860.850762 -0.869007 
2461861.782060 -0.730738 
2461862.713358 -0.567677 
2461863.644655 -0.379771 
2461864.575953 -0.167616 
2461865.507251 0.067076 
2461866.438549 0.320831 
2461867.369847 0.587606 
2461868.301145 0.857920 
2461869.232442 1.118189 
2461870.163740 1.350772 
2461871.095038 1.535345 
2461872.026336 1.652040 
2461872.957634 1.685951 
2461873.888932 1.631427 
2461874.820230 1.494042 
2461875.751527 1.289084 
2461876.682825 1.037353 
2461877.614123 0.760385 
2461878.545421 0.476917 
2461879.476719 0.201253 
2461880.408017 -0.056847 
2461881.339315 -0.291438 
2461882.270612 -0.499395 
2461883.201910 -0.679495 
2461884.133208 -0.831684 
2461885.064506 -0.956555 
2461885.995804 -1.054990 
2461886.927102 -1.127935 
2461887.858399 -1.176259 
2461888.789697 -1.200669 
2461889.720995 -1.201672 
2461890.652293 -1.179551 
2461891.583591 -1.134365 
2461892.514889 -1.065964 
2461893.446187 -0.974023 
2461894.377484 -0.858095 
2461895.308782 -0.717708 
2461896.240080 -0.552508 
2461897.171378 -0.362484 
2461898.102676 -0.148305 
2461899.033974 0.088191 
2461899.965272 0.343345 
2461900.896569 0.610851 
2461901.827867 0.880896 
2461902.759165 1.139532 
2461903.690463 1.368809 
2461904.621761 1.548293 
2461905.553059 1.658356 
2461906.484357 1.684737 
2461907.415654 1.622718 
2461908.346952 1.478817 
2461909.278250 1.268983 
2461910.209548 1.014260 
2461911.140846 0.736054 
2461912.072144 0.452762 
2461913.003441 0.178285 
2461913.934739 -0.077983 
2461914.866037 -0.310375 
2461915.797335 -0.515966 
2461916.728633 -0.693659 
2461917.659931 -0.843472 
2461918.591229 -0.966035 
2461919.522526 -1.062244 
2461920.453824 -1.133042 
2461921.385122 -1.179286 
2461922.316420 -1.201669 
2461923.247718 -1.200678 
2461924.179016 -1.176576 
2461925.110314 -1.129404 
2461926.041611 -1.058996 
2461926.972909 -0.965013 
2461927.904207 -0.847003 
2461928.835505 -0.704495 
2461929.766803 -0.537156 
2461930.698101 -0.345017 
2461931.629398 -0.128829 
2461932.560696 0.109446 
2461933.491994 0.365953 
2461934.423292 0.634118 
2461935.354590 0.903791 
2461936.285888 1.160660 
2461937.217186 1.386478 
2461938.148483 1.560726 
2461939.079781 1.664049 
2461940.011079 1.682864 
2461940.942377 1.613399 
2461941.873675 1.463102 
2461942.804973 1.248551 
2461943.736271 0.990995 
2461944.667568 0.711689 
2461945.598866 0.428676 
2461946.530164 0.155453 
2461947.461462 -0.098940 
2461948.392760 -0.329114 
2461949.324058 -0.532331 
2461950.255355 -0.707616 
2461951.186653 -0.855059 
2461952.117951 -0.975321 
2461953.049249 -1.069310 
2461953.980547 -1.137967 
2461954.911845 -1.182137 
2461955.843143 -1.202496 
2461956.774440 -1.199512 
2461957.705738 -1.173431 
2461958.637036 -1.124272 
2461959.568334 -1.051855 
2461960.499632 -0.955826 
2461961.430930 -0.835729 
2461962.362228 -0.691098 
2461963.293525 -0.521620 
2461964.224823 -0.327373 
2461965.156121 -0.109188 
2461966.087419 0.130837 
2461967.018717 0.388648 
2461967.950015 0.657398 
2461968.881313 0.926594 
2461969.812610 1.181561 
2461970.743908 1.403766 
2461971.675206 1.572632 
2461972.606504 1.669112 
2461973.537802 1.680332 
2461974.469100 1.603478 
2461975.400397 1.446910 
2461976.331695 1.227801 
2461977.262993 0.967572 
2461978.194291 0.687300 
2461979.125589 0.404664 
2461980.056887 0.132763 
2461980.988185 -0.119717 
2461981.919482 -0.347652 
2461982.850780 -0.548489 
2461983.782078 -0.721368 
2461984.713376 -0.866444 
2461985.644674 -0.984413 
2461986.575972 -1.076190 
2461987.507270 -1.142712 
2461988.438567 -1.184812 
2461989.369865 -1.203151 
2461990.301163 -1.198177 
2461991.232461 -1.170115 
2461992.163759 -1.118969 
2461993.095057 -1.044539 
2461994.026354 -0.946462 
2461994.957652 -0.824274 
2461995.888950 -0.677518 
2461996.820248 -0.505901 
2461997.751546 -0.309551 
2461998.682844 -0.089385 
2461999.614142 0.152360 
2462000.545439 0.411427 
2462001.476737 0.680684 
2462002.408035 0.949294 
2462003.339333 1.202221 
2462004.270631 1.420660 
2462005.201929 1.584000 
2462006.133227 1.673540 
2462007.064524 1.677143 
2462007.995822 1.592963 
2462008.927120 1.430254 
2462009.858418 1.206748 
2462010.789716 0.944003 
2462011.721014 0.662895 
2462012.652311 0.380735 
2462013.583609 0.110218 
2462014.514907 -0.140312 
2462015.446205 -0.365990 
2462016.377503 -0.564440 
2462017.308801 -0.734915 
2462018.240099 -0.877630 
2462019.171396 -0.993311 
2462020.102694 -1.082883 
2462021.033992 -1.147276 
2462021.965290 -1.187313 
2462022.896588 -1.203634 
2462023.827886 -1.196671 
2462024.759184 -1.166630 
2462025.690481 -1.113494 
2462026.621779 -1.037048 
2462027.553077 -0.936919 
2462028.484375 -0.812638 
2462029.415673 -0.663754 
2462030.346971 -0.489999 
2462031.278269 -0.291552 
2462032.209566 -0.069422 
2462033.140864 0.174014 
2462034.072162 0.434283 
2462035.003460 0.703968 
2462035.934758 0.971881 
2462036.866056 1.222628 
2462037.797353 1.437145 
2462038.728651 1.594820 
2462039.659949 1.677327 
2462040.591247 1.673299 
2462041.522545 1.581863 
2462042.453843 1.413147 
2462043.385141 1.185407 
2462044.316438 0.920301 
2462045.247736 0.638487 
2462046.179034 0.356894 
2462047.110332 0.087822 
2462048.041630 -0.160721 
2462048.972928 -0.384125 
2462049.904226 -0.580185 
2462050.835523 -0.748256 
2462051.766821 -0.888616 
2462052.698119 -1.002017 
2462053.629417 -1.089390 
2462054.560715 -1.151661 
2462055.492013 -1.189638 
2462056.423310 -1.203946 
2462057.354608 -1.194996 
2462058.285906 -1.162974 
2462059.217204 -1.107846 
2462060.148502 -1.029383 
2462061.079800 -0.927199 
2462062.011098 -0.800821 
2462062.942395 -0.649806 
2462063.873693 -0.473914 
2462064.804991 -0.273378 
2462065.736289 -0.049300 
2462066.667587 0.195793 
2462067.598885 0.457210 
2462068.530183 0.727242 
2462069.461480 0.994344 
2462070.392778 1.242769 
2462071.324076 1.453211 
2462072.255374 1.605080 
2462073.186672 1.680468 
2462074.117970 1.668803 
2462075.049267 1.570188 
2462075.980565 1.395603 
2462076.911863 1.163790 
2462077.843161 0.896478 
2462078.774459 0.614082 
2462079.705757 0.333148 
2462080.637055 0.065581 
2462081.568352 -0.180944 
2462082.499650 -0.402058 
2462083.430948 -0.595722 
2462084.362246 -0.761392 
2462085.293544 -0.899403 
2462086.224842 -1.010530 
2462087.156140 -1.095712 
2462088.087437 -1.155867 
2462089.018735 -1.191789 
2462089.950033 -1.204086 
2462090.881331 -1.193150 
2462091.812629 -1.159147 
2462092.743927 -1.102027 
2462093.675225 -1.021543 
2462094.606522 -0.917299 
2462095.537820 -0.788821 
2462096.469118 -0.635674 
2462097.400416 -0.457647 
2462098.331714 -0.255030 
2462099.263012 -0.029022 
2462100.194309 0.217694 
2462101.125607 0.480204 
2462102.056905 0.750496 
2462102.988203 1.016671 
2462103.919501 1.262630 
2462104.850799 1.468842 
2462105.782097 1.614771 
2462106.713394 1.682961 
2462107.644692 1.663659 
2462108.575990 1.557947 
2462109.507288 1.377634 
2462110.438586 1.141913 
2462111.369884 0.872546 
2462112.301182 0.589692 
2462113.232479 0.309503 
2462114.163777 0.043496 
2462115.095075 -0.200978 
2462116.026373 -0.419788 
2462116.957671 -0.611052 
2462117.888969 -0.774325 
2462118.820266 -0.909991 
2462119.751564 -1.018853 
2462120.682862 -1.101850 
2462121.614160 -1.159894 
2462122.545458 -1.193766 
2462123.476756 -1.204055 
2462124.408054 -1.191134 
2462125.339351 -1.155150 
2462126.270649 -1.096035 
2462127.201947 -1.013528 
2462128.133245 -0.907221 
2462129.064543 -0.776639 
2462129.995841 -0.621358 
2462130.927139 -0.441198 
2462131.858436 -0.236508 
2462132.789734 -0.008589 
2462133.721032 0.239714 
2462134.652330 0.503258 
2462135.583628 0.773723 
2462136.514926 1.038852 
2462137.446224 1.282199 
2462138.377521 1.484027 
2462139.308819 1.623884 
2462140.240117 1.684801 
2462141.171415 1.657870 
2462142.102713 1.545152 
2462143.034011 1.359255 
2462143.965308 1.119788 
2462144.896606 0.848518 
2462145.827904 0.565324 
2462146.759202 0.285966 
2462147.690500 0.021572 
2462148.621798 -0.220821 
2462149.553096 -0.437313 
2462150.484393 -0.626175 
2462151.415691 -0.787053 
2462152.346989 -0.920382 
2462153.278287 -1.026984 
2462154.209585 -1.107803 
2462155.140883 -1.163743 
2462156.072181 -1.195569 
2462157.003478 -1.203853 
2462157.934776 -1.188948 
2462158.866074 -1.150983 
2462159.797372 -1.089871 
2462160.728670 -1.005337 
2462161.659968 -0.896964 
2462162.591265 -0.764275 
2462163.522563 -0.606859 
2462164.453861 -0.424567 
2462165.385159 -0.217813 
2462166.316457 0.011995 
2462167.247755 0.261849 
2462168.179053 0.526365 
2462169.110350 0.796913 
2462170.041648 1.060873 
2462170.972946 1.301462 
2462171.904244 1.498752 
2462172.835542 1.632410 
2462173.766840 1.685986 
2462174.698138 1.651442 
2462175.629435 1.531812 
2462176.560733 1.340480 
2462177.492031 1.097430 
2462178.423329 0.824404 
2462179.354627 0.540987 
2462180.285925 0.262541 
2462181.217222 -0.000187 
2462182.148520 -0.240471 
2462183.079818 -0.454633 
2462184.011116 -0.641091 
2462184.942414 -0.799578 
2462185.873712 -0.930576 
2462186.805010 -1.034925 
2462187.736307 -1.113573 
2462188.667605 -1.167414 
2462189.598903 -1.197198 
2462190.530201 -1.203479 
2462191.461499 -1.186592 
2462192.392797 -1.146645 
2462193.324095 -1.083535 
2462194.255392 -0.996970 
2462195.186690 -0.886527 
2462196.117988 -0.751728 
2462197.049286 -0.592176 
2462197.980584 -0.407756 
2462198.911882 -0.198948 
2462199.843180 0.032729 
2462200.774477 0.284093 
2462201.705775 0.549519 
2462202.637073 0.820057 
2462203.568371 1.082725 
2462204.499669 1.320406 
2462205.430967 1.513005 
2462206.362264 1.640339 
2462207.293562 1.686513 
2462208.224860 1.644379 
2462209.156158 1.517938 
2462210.087456 1.321322 
2462211.018754 1.074852 
2462211.950052 0.800216 
2462212.881349 0.516690 
2462213.812647 0.239235 
2462214.743945 -0.021779 
2462215.675243 -0.259928 
2462216.606541 -0.471749 
2462217.537839 -0.655800 
2462218.469137 -0.811899 
2462219.400434 -0.940572 
2462220.331732 -1.042677 
2462221.263030 -1.119160 
2462222.194328 -1.170908 
2462223.125626 -1.198654 
2462224.056924 -1.202935 
2462224.988221 -1.184066 
2462225.919519 -1.142136 
2462226.850817 -1.077025 
2462227.782115 -0.988427 
2462228.713413 -0.875911 
2462229.644711 -0.738999 
2462230.576009 -0.577308 
2462231.507306 -0.390763 
2462232.438604 -0.179913 
2462233.369902 0.053609 
2462234.301200 0.306444 
2462235.232498 0.572713 
2462236.163796 0.843146 
2462237.095094 1.104394 
2462238.026391 1.339017 
2462238.957689 1.526775 
2462239.888987 1.647664 
2462240.820285 1.686382 
2462241.751583 1.636687 
2462242.682881 1.503543 
2462243.614178 1.301795 
2462244.545476 1.052068 
2462245.476774 0.775965 
2462246.408072 0.492440 
2462247.339370 0.216053 
2462248.270668 -0.043200 
2462249.201966 -0.279189 
2462250.133263 -0.488659 
2462251.064561 -0.670303 
2462251.995859 -0.824018 
2462252.927157 -0.950373 
2462253.858455 -1.050240 
2462254.789753 -1.124565 
2462255.721051 -1.174224 
2462256.652348 -1.199937 
2462257.583646 -1.202220 
2462258.514944 -1.181370 
2462259.446242 -1.137456 
2462260.377540 -1.070342 
2462261.308838 -0.979708 
2462262.240136 -0.865114 
2462263.171433 -0.726086 
2462264.102731 -0.562257 
2462265.034029 -0.373591 
2462265.965327 -0.160709 
2462266.896625 0.074633 
2462267.827923 0.328895 
2462268.759220 0.595941 
2462269.690518 0.866169 
2462270.621816 1.125868 
2462271.553114 1.357283 
2462272.484412 1.540048 
2462273.415710 1.654377 
2462274.347008 1.685591 
2462275.278305 1.628374 
2462276.209603 1.488639 
2462277.140901 1.281914 
2462278.072199 1.029091 
2462279.003497 0.751663 
2462279.934795 0.468246 
2462280.866093 0.193000 
2462281.797390 -0.064448 
2462282.728688 -0.298253 
2462283.659986 -0.505362 
2462284.591284 -0.684599 
2462285.522582 -0.835935 
2462286.453880 -0.959978 
2462287.385177 -1.057614 
2462288.316475 -1.129788 
2462289.247773 -1.177365 
2462290.179071 -1.201047 
2462291.110369 -1.201335 
2462292.041667 -1.178504 
2462292.972965 -1.132606 
2462293.904262 -1.063485 
2462294.835560 -0.970812 
2462295.766858 -0.854137 
2462296.698156 -0.712990 
2462297.629454 -0.547023 
2462298.560752 -0.356240 
2462299.492050 -0.141339 
2462300.423347 0.095799 
2462301.354645 0.351443 
2462302.285943 0.619194 
2462303.217241 0.889118 
2462304.148539 1.147136 
2462305.079837 1.375189 
2462306.011134 1.552812 
2462306.942432 1.660470 
2462307.873730 1.684141 
2462308.805028 1.619445 
2462309.736326 1.473236 
2462310.667624 1.261692 
2462311.598922 1.005935 
2462312.530219 0.727319 
2462313.461517 0.444115 
2462314.392815 0.170080 
2462315.324113 -0.085520 
2462316.255411 -0.317119 
2462317.186709 -0.521860 
2462318.118007 -0.698688 
2462319.049304 -0.847651 
2462319.980602 -0.969388 
2462320.911900 -1.064800 
2462321.843198 -1.134829 
2462322.774496 -1.180328 
2462323.705794 -1.201985 
2462324.637092 -1.200279 
2462325.568389 -1.175467 
2462326.499687 -1.127583 
2462327.430985 -1.056455 
2462328.362283 -0.961739 
2462329.293581 -0.842980 
2462330.224879 -0.699711 
2462331.156176 -0.531605 
2462332.087474 -0.338709 
2462333.018772 -0.121803 
2462333.950070 0.117103 
2462334.881368 0.374083 
2462335.812666 0.642467 
2462336.743964 0.911981 
2462337.675261 1.168183 
2462338.606559 1.392723 
2462339.537857 1.565058 
2462340.469155 1.665938 
2462341.400453 1.682031 
2462342.331751 1.609909 
2462343.263049 1.457349 
2462344.194346 1.241144 
2462345.125644 0.982611 
2462346.056942 0.702944 
2462346.988240 0.420055 
2462347.919538 0.147298 
2462348.850836 -0.106413 
2462349.782133 -0.335786 
2462350.713431 -0.538150 
2462351.644729 -0.712572 
2462352.576027 -0.859165 
2462353.507325 -0.978604 
2462354.438623 -1.071799 
2462355.369921 -1.139690 
2462356.301218 -1.183117 
2462357.232516 -1.202751 
2462358.163814 -1.199053 
2462359.095112 -1.172261 
2462360.026410 -1.122390 
2462360.957708 -1.049251 
2462361.889006 -0.952488 
2462362.820303 -0.831641 
2462363.751601 -0.686248 
2462364.682899 -0.516003 
2462365.614197 -0.321001 
2462366.545495 -0.102104 
2462367.476793 0.138541 
2462368.408091 0.396809 
2462369.339388 0.665750 
2462370.270686 0.934748 
2462371.201984 1.188999 
2462372.133282 1.409871 
2462373.064580 1.576772 
2462373.995878 1.670774 
2462374.927175 1.679263 
2462375.858473 1.599774 
2462376.789771 1.440989 
2462377.721069 1.220284 
2462378.652367 0.959135 
2462379.583665 0.678548 
2462380.514963 0.396072 
2462381.446260 0.124660 
2462382.377558 -0.127125 
2462383.308856 -0.354252 
2462384.240154 -0.554234 
2462385.171452 -0.726250 
2462386.102750 -0.870479 
2462387.034048 -0.987626 
2462387.965345 -1.078612 
2462388.896643 -1.144370 
2462389.827941 -1.185729 
2462390.759239 -1.203344 
2462391.690537 -1.197657 
2462392.621835 -1.168885 
2462393.553132 -1.117025 
2462394.484430 -1.041872 
2462395.415728 -0.943060 
2462396.347026 -0.820122 
2462397.278324 -0.672602 
2462398.209622 -0.500218 
2462399.140920 -0.303116 
2462400.072217 -0.082243 
2462401.003515 0.160112 
2462401.934813 0.419616 
2462402.866111 0.689036 
2462403.797409 0.957409 
2462404.728707 1.209570 
2462405.660005 1.426620 
2462406.591302 1.587944 
2462407.522600 1.674972 
2462408.453898 1.675839 
2462409.385196 1.589049 
2462410.316494 1.424169 
2462411.247792 1.199126 
2462412.179089 0.935517 
2462413.110387 0.654141 
2462414.041685 0.372173 
2462414.972983 0.102168 
2462415.904281 -0.147653 
2462416.835579 -0.372517 
2462417.766877 -0.570111 
2462418.698174 -0.739723 
2462419.629472 -0.881593 
2462420.560770 -0.996456 
2462421.492068 -1.085238 
2462422.423366 -1.148870 
2462423.354664 -1.188167 
2462424.285962 -1.203766 
2462425.217259 -1.196090 
2462426.148557 -1.165338 
2462427.079855 -1.111488 
2462428.011153 -1.034319 
2462428.942451 -0.933453 
2462429.873749 -0.808421 
2462430.805047 -0.658772 
2462431.736344 -0.484251 
2462432.667642 -0.285054 
2462433.598940 -0.062223 
2462434.530238 0.181811 
2462435.461536 0.442498 
2462436.392834 0.712317 
2462437.324131 0.979953 
2462438.255429 1.229883 
2462439.186727 1.442957 
2462440.118025 1.598565 
2462441.049323 1.678528 
2462441.980621 1.671761 
2462442.911919 1.577741 
2462443.843216 1.406904 
2462444.774514 1.177685 
2462445.705812 0.911770 
2462446.637110 0.629733 
2462447.568408 0.348366 
2462448.499706 0.079827 
2462449.431004 -0.167996 
2462450.362301 -0.390580 
2462451.293599 -0.585781 
2462452.224897 -0.752991 
2462453.156195 -0.892508 
2462454.087493 -1.005092 
2462455.018791 -1.091679 
2462455.950088 -1.153190 
2462456.881386 -1.190430 
2462457.812684 -1.204016 
2462458.743982 -1.194353 
2462459.675280 -1.161621 
2462460.606578 -1.105779 
2462461.537876 -1.026592 
2462462.469173 -0.923669 
2462463.400471 -0.796538 
2462464.331769 -0.644758 
2462465.263067 -0.468101 
2462466.194365 -0.266817 
2462467.125663 -0.042045 
2462468.056961 0.203634 
2462468.988258 0.465450 
2462469.919556 0.735585 
2462470.850854 1.002368 
2462471.782152 1.249925 
2462472.713450 1.458868 
2462473.644748 1.608622 
2462474.576045 1.681437 
2462475.507343 1.667033 
2462476.438641 1.565862 
2462477.369939 1.389206 
2462478.301237 1.155973 
2462479.232535 0.887907 
2462480.163833 0.605332 
2462481.095130 0.324655 
2462482.026428 0.057641 
2462482.957726 -0.188151 
2462483.889024 -0.408440 
2462484.820322 -0.601244 
2462485.751620 -0.766054 
2462486.682918 -0.903223 
2462487.614215 -1.013537 
2462488.545513 -1.097935 
2462489.476811 -1.157332 
2462490.408109 -1.192518 
2462491.339407 -1.204095 
2462492.270705 -1.192446 
2462493.202003 -1.157733 
2462494.133300 -1.099898 
2462495.064598 -1.018689 
2462495.995896 -0.913705 
2462496.927194 -0.784473 
2462497.858492 -0.630561 
2462498.789790 -0.451768 
2462499.721087 -0.248406 
2462500.652385 -0.021711 
2462501.583683 0.225579 
2462502.514981 0.488466 
2462503.446279 0.758830 
2462504.377577 1.024644 
2462505.308875 1.269683 
2462506.240172 1.474340 
2462507.171470 1.618107 
2462508.102768 1.683696 
2462509.034066 1.661657 
2462509.965364 1.553421 
2462510.896662 1.371089 
2462511.827960 1.134005 
2462512.759257 0.863939 
2462513.690555 0.580949 
2462514.621853 0.301049 
2462515.553151 0.035614 
2462516.484449 -0.208117 
2462517.415747 -0.426097 
2462518.347044 -0.616500 
2462519.278342 -0.778913 
2462520.209640 -0.913741 
2462521.140938 -1.021791 
2462522.072236 -1.104006 
2462523.003534 -1.161295 
2462523.934832 -1.194432 
2462524.866129 -1.204002 
2462525.797427 -1.190369 
2462526.728725 -1.153675 
2462527.660023 -1.093845 
2462528.591321 -1.010610 
2462529.522619 -0.903563 
2462530.453917 -0.772226 
2462531.385214 -0.616179 
2462532.316512 -0.435254 
2462533.247810 -0.229822 
2462534.179108 -0.001224 
2462535.110406 0.247640 
2462536.041704 0.511539 
2462536.973001 0.782045 
2462537.904299 1.046769 
2462538.835597 1.289144 
2462539.766895 1.489362 
2462540.698193 1.627010 
2462541.629491 1.685301 
2462542.560789 1.655638 
2462543.492086 1.540429 
2462544.423384 1.352566 
2462545.354682 1.111795 
2462546.285980 0.839878 
2462547.217278 0.556591 
2462548.148576 0.277551 
2462549.079874 0.013749 
2462550.011171 -0.227891 
2462550.942469 -0.443549 
2462551.873767 -0.631548 
2462552.805065 -0.791568 
2462553.736363 -0.924061 
2462554.667661 -1.029854 
2462555.598959 -1.109894 
2462556.530256 -1.165080 
2462557.461554 -1.196173 
2462558.392852 -1.203738 
2462559.324150 -1.188122 
2462560.255448 -1.149447 
2462561.186746 -1.087618 
2462562.118043 -1.002356 
2462563.049341 -0.893241 
2462563.980639 -0.759796 
2462564.911937 -0.601614 
2462565.843235 -0.418559 
2462566.774533 -0.211066 
2462567.705831 0.019414 
2462568.637128 0.269815 
2462569.568426 0.534664 
2462570.499724 0.805220 
2462571.431022 1.068731 
2462572.362320 1.308294 
2462573.293618 1.503919 
2462574.224916 1.635323 
2462575.156213 1.686251 
2462576.087511 1.648981 
