# time model 
2453115.032645 1.691432 
2453115.963943 1.750668 
2453116.895241 1.619098 
2453117.826539 1.295521 
2453118.757836 0.774855 
2453119.689134 0.060712 
2453120.620432 -0.803790 
2453121.551730 -1.679867 
2453122.483028 -2.291832 
2453123.414326 -2.340159 
2453124.345624 -1.783550 
2453125.276921 -0.895505 
2453126.208219 0.010298 
2453127.139517 0.760160 
2453128.070815 1.299316 
2453129.002113 1.626059 
2453129.933411 1.751982 
2453130.864708 1.685793 
2453131.796006 1.428760 
2453132.727304 0.976305 
2453133.658602 0.326750 
2453134.589900 -0.495473 
2453135.521198 -1.391817 
2453136.452496 -2.132355 
2453137.383793 -2.397804 
2453138.315091 -2.030160 
2453139.246389 -1.216368 
2453140.177687 -0.289151 
2453141.108985 0.525007 
2453142.040283 1.138345 
2453142.971581 1.536980 
2453143.902878 1.730654 
2453144.834176 1.729982 
2453145.765474 1.538884 
2453146.696772 1.154256 
2453147.628070 0.571759 
2453148.559368 -0.197151 
2453149.490665 -1.086452 
2453150.421963 -1.915292 
2453151.353261 -2.376950 
2453152.284559 -2.222759 
2453153.215857 -1.525088 
2453154.147155 -0.603257 
2453155.078453 0.265505 
2453156.009750 0.951819 
2453156.941048 1.423678 
2453157.872346 1.686415 
2453158.803644 1.751726 
2453159.734942 1.626151 
2453160.666240 1.308702 
2453161.597538 0.794291 
2453162.528835 0.085914 
2453163.460133 -0.775292 
2453164.391431 -1.654531 
2453165.322729 -2.279945 
2453166.254027 -2.348654 
2453167.185325 -1.808017 
2453168.116622 -0.925095 
2453169.047920 -0.016395 
2453169.979218 0.739653 
2453170.910516 1.285618 
2453171.841814 1.618889 
2453172.773112 1.750973 
2453173.704410 1.690778 
2453174.635707 1.439811 
2453175.567005 0.993594 
2453176.498303 0.350109 
2453177.429601 -0.467622 
2453178.360899 -1.364360 
2453179.292197 -2.114658 
2453180.223495 -2.399168 
2453181.154792 -2.050273 
2453182.086090 -1.245361 
2453183.017388 -0.317418 
2453183.948686 0.502215 
2453184.879984 1.122317 
2453185.811282 1.527612 
2453186.742580 1.727558 
2453187.673877 1.732909 
2453188.605175 1.547830 
2453189.536473 1.169388 
2453190.467771 0.593106 
2453191.399069 -0.170507 
2453192.330367 -1.058017 
2453193.261664 -1.892993 
2453194.192962 -2.371146 
2453195.124260 -2.237240 
2453196.055558 -1.552313 
2453196.986856 -0.632555 
2453197.918154 0.240562 
2453198.849452 0.933439 
2453199.780749 1.412063 
2453200.712047 1.681202 
2453201.643345 1.752595 
2453202.574643 1.633014 
2453203.505941 1.321686 
2453204.437239 0.813532 
2453205.368537 0.110957 
2453206.299834 -0.746826 
2453207.231132 -1.628949 
2453208.162430 -2.267481 
2453209.093728 -2.356513 
2453210.025026 -1.832142 
2453210.956324 -0.954675 
2453211.887621 -0.043251 
2453212.818919 0.718933 
2453213.750217 1.271709 
2453214.681515 1.611519 
2453215.612813 1.749774 
2453216.544111 1.695574 
2453217.475409 1.450668 
2453218.406706 1.010686 
2453219.338004 0.373289 
2453220.269302 -0.439861 
2453221.200600 -1.336770 
2453222.131898 -2.096486 
2453223.063196 -2.399869 
2453223.994494 -2.069921 
2453224.925791 -1.274244 
2453225.857089 -0.345805 
2453226.788387 0.479219 
2453227.719685 1.106074 
2453228.650983 1.518041 
2453229.582281 1.724269 
2453230.513578 1.735648 
2453231.444876 1.556584 
2453232.376174 1.184323 
2453233.307472 0.614263 
2453234.238770 -0.143995 
2453235.170068 -1.029544 
2453236.101366 -1.870338 
2453237.032663 -2.364703 
2453237.963961 -2.251150 
2453238.895259 -1.579310 
2453239.826557 -0.661914 
2453240.757855 0.215432 
2453241.689153 0.914844 
2453242.620451 1.400240 
2453243.551748 1.675793 
2453244.483046 1.753275 
2453245.414344 1.639687 
2453246.345642 1.334475 
2453247.276940 0.832576 
2453248.208238 0.135838 
2453249.139536 -0.718397 
2453250.070833 -1.603132 
2453251.002131 -2.254450 
2453251.933429 -2.363730 
2453252.864727 -1.855913 
2453253.796025 -0.984234 
2453254.727323 -0.070265 
2453255.658620 0.698001 
2453256.589918 1.257586 
2453257.521216 1.603950 
2453258.452514 1.748384 
2453259.383812 1.700182 
2453260.315110 1.461332 
2453261.246408 1.027581 
2453262.177705 0.396289 
2453263.109003 -0.412195 
2453264.040301 -1.309054 
2453264.971599 -2.077849 
2453265.902897 -2.399905 
2453266.834195 -2.089091 
2453267.765493 -1.303007 
2453268.696790 -0.374308 
2453269.628088 0.456020 
2453270.559386 1.089616 
2453271.490684 1.508265 
2453272.421982 1.720788 
2453273.353280 1.738198 
2453274.284577 1.565147 
2453275.215875 1.199060 
2453276.147173 0.635228 
2453277.078471 -0.117620 
2453278.009769 -1.001039 
2453278.941067 -1.847338 
2453279.872365 -2.357626 
2453280.803662 -2.264480 
2453281.734960 -1.606070 
2453282.666258 -0.691326 
2453283.597556 0.190116 
2453284.528854 0.896033 
2453285.460152 1.388208 
2453286.391450 1.670188 
2453287.322747 1.753766 
2453288.254045 1.646170 
2453289.185343 1.347067 
2453290.116641 0.851425 
2453291.047939 0.160556 
2453291.979237 -0.690011 
2453292.910535 -1.577089 
2453293.841832 -2.240858 
2453294.773130 -2.370301 
2453295.704428 -1.879320 
2453296.635726 -1.013765 
2453297.567024 -0.097434 
2453298.498322 0.676857 
2453299.429619 1.243251 
2453300.360917 1.596181 
2453301.292215 1.746804 
2453302.223513 1.704600 
2453303.154811 1.471802 
2453304.086109 1.044277 
2453305.017407 0.419108 
2453305.948704 -0.384628 
2453306.880002 -1.281222 
2453307.811300 -2.058758 
2453308.742598 -2.399279 
2453309.673896 -2.107775 
2453310.605194 -1.331639 
2453311.536492 -0.402920 
2453312.467789 0.432619 
2453313.399087 1.072942 
2453314.330385 1.498284 
2453315.261683 1.717113 
2453316.192981 1.740560 
2453317.124279 1.573518 
2453318.055576 1.213600 
2453318.986874 0.656003 
2453319.918172 -0.091383 
2453320.849470 -0.972511 
2453321.780768 -1.824004 
2453322.712066 -2.349920 
2453323.643364 -2.277222 
2453324.574661 -1.632579 
2453325.505959 -0.720786 
2453326.437257 0.164618 
2453327.368555 0.877006 
2453328.299853 1.375966 
2453329.231151 1.664386 
2453330.162449 1.754068 
2453331.093746 1.652463 
2453332.025044 1.359465 
2453332.956342 0.870077 
2453333.887640 0.185108 
2453334.818938 -0.661673 
2453335.750236 -1.550833 
2453336.681533 -2.226716 
2453337.612831 -2.376222 
2453338.544129 -1.902349 
2453339.475427 -1.043260 
2453340.406725 -0.124756 
2453341.338023 0.655502 
2453342.269321 1.228703 
2453343.200618 1.588211 
2453344.131916 1.745032 
2453345.063214 1.708830 
2453345.994512 1.482079 
2453346.925810 1.060775 
2453347.857108 0.441745 
2453348.788406 -0.357163 
2453349.719703 -1.253285 
2453350.651001 -2.039224 
2453351.582299 -2.397990 
2453352.513597 -2.125961 
2453353.444895 -1.360130 
2453354.376193 -0.431639 
2453355.307491 0.409019 
2453356.238788 1.056053 
2453357.170086 1.488098 
2453358.101384 1.713245 
2453359.032682 1.742733 
2453359.963980 1.581698 
2453360.895278 1.227943 
2453361.826575 0.676585 
2453362.757873 -0.065288 
2453363.689171 -0.943966 
2453364.620469 -1.800348 
2453365.551767 -2.341589 
2453366.483065 -2.289370 
2453367.414363 -1.658828 
2453368.345660 -0.750286 
2453369.276958 0.138940 
2453370.208256 0.857765 
2453371.139554 1.363515 
2453372.070852 1.658387 
2453373.002150 1.754181 
2453373.933448 1.658566 
2453374.864745 1.371667 
2453375.796043 0.888533 
2453376.727341 0.209493 
2453377.658639 -0.633391 
2453378.589937 -1.524373 
2453379.521235 -2.212030 
2453380.452532 -2.381490 
2453381.383830 -1.924991 
2453382.315128 -1.072709 
2453383.246426 -0.152226 
2453384.177724 0.633937 
2453385.109022 1.213942 
2453386.040320 1.580039 
2453386.971617 1.743070 
2453387.902915 1.712872 
2453388.834213 1.492162 
2453389.765511 1.077076 
2453390.696809 0.464197 
2453391.628107 -0.329807 
2453392.559405 -1.225249 
2453393.490702 -2.019257 
2453394.422000 -2.396040 
2453395.353298 -2.143639 
2453396.284596 -1.388470 
2453397.215894 -0.460457 
2453398.147192 0.385219 
2453399.078489 1.038948 
2453400.009787 1.477706 
2453400.941085 1.709183 
2453401.872383 1.744718 
2453402.803681 1.589687 
2453403.734979 1.242088 
2453404.666277 0.696975 
2453405.597574 -0.039337 
2453406.528872 -0.915412 
2453407.460170 -1.776380 
2453408.391468 -2.332640 
2453409.322766 -2.300915 
2453410.254064 -1.684803 
2453411.185362 -0.779820 
2453412.116659 0.113083 
2453413.047957 0.838309 
2453413.979255 1.350854 
2453414.910553 1.652191 
2453415.841851 1.754104 
2453416.773149 1.664481 
2453417.704447 1.383673 
2453418.635744 0.906791 
2453419.567042 0.233708 
2453420.498340 -0.605168 
2453421.429638 -1.497719 
2453422.360936 -2.196812 
2453423.292234 -2.386103 
2453424.223531 -1.947232 
2453425.154829 -1.102104 
2453426.086127 -0.179840 
2453427.017425 0.612162 
2453427.948723 1.198967 
2453428.880021 1.571667 
2453429.811319 1.740917 
2453430.742616 1.716725 
2453431.673914 1.502053 
2453432.605212 1.093179 
2453433.536510 0.486465 
2453434.467808 -0.302561 
2453435.399106 -1.197126 
2453436.330404 -1.998869 
2453437.261701 -2.393431 
2453438.192999 -2.160800 
2453439.124297 -1.416648 
2453440.055595 -0.489371 
2453440.986893 0.361221 
2453441.918191 1.021628 
2453442.849488 1.467109 
2453443.780786 1.704928 
2453444.712084 1.746514 
2453445.643382 1.597485 
2453446.574680 1.256037 
2453447.505978 0.717171 
2453448.437276 -0.013534 
2453449.368573 -0.886857 
2453450.299871 -1.752112 
2453451.231169 -2.323080 
2453452.162467 -2.311851 
2453453.093765 -1.710494 
2453454.025063 -0.809380 
2453454.956361 0.087050 
2453455.887658 0.818638 
2453456.818956 1.337983 
2453457.750254 1.645798 
2453458.681552 1.753837 
2453459.612850 1.670205 
2453460.544148 1.395485 
2453461.475445 0.924853 
2453462.406743 0.257751 
2453463.338041 -0.577012 
2453464.269339 -1.470882 
2453465.200637 -2.181070 
2453466.131935 -2.390057 
2453467.063233 -1.969062 
2453467.994530 -1.131436 
2453468.925828 -0.207595 
2453469.857126 0.590179 
2453470.788424 1.183778 
2453471.719722 1.563092 
2453472.651020 1.738572 
2453473.582318 1.720389 
2453474.513615 1.511751 
2453475.444913 1.109084 
2453476.376211 0.508547 
2453477.307509 -0.275431 
2453478.238807 -1.168922 
2453479.170105 -1.978070 
2453480.101403 -2.390165 
2453481.032700 -2.177433 
2453481.963998 -1.444653 
2453482.895296 -0.518375 
2453483.826594 0.337028 
2453484.757892 1.004092 
2453485.689190 1.456305 
2453486.620487 1.700477 
2453487.551785 1.748121 
2453488.483083 1.605092 
2453489.414381 1.269789 
2453490.345679 0.737174 
2453491.276977 0.012119 
2453492.208275 -0.858306 
2453493.139572 -1.727556 
2453494.070870 -2.312914 
2453495.002168 -2.322171 
2453495.933466 -1.735889 
2453496.864764 -0.838959 
2453497.796062 0.060845 
2453498.727360 0.798753 
2453499.658657 1.324901 
2453500.589955 1.639206 
2453501.521253 1.753381 
2453502.452551 1.675741 
2453503.383849 1.407102 
2453504.315147 0.942718 
2453505.246444 0.281622 
2453506.177742 -0.548926 
2453507.109040 -1.443873 
2453508.040338 -2.164813 
2453508.971636 -2.393351 
2453509.902934 -1.990469 
2453510.834232 -1.160695 
2453511.765529 -0.235488 
2453512.696827 0.567987 
2453513.628125 1.168375 
2453514.559423 1.554315 
2453515.490721 1.736035 
2453516.422019 1.723865 
2453517.353317 1.521256 
2453518.284614 1.124791 
2453519.215912 0.530443 
2453520.147210 -0.248421 
2453521.078508 -1.140648 
2453522.009806 -1.956871 
2453522.941104 -2.386246 
2453523.872401 -2.193529 
2453524.803699 -1.472475 
2453525.734997 -0.547462 
2453526.666295 0.312640 
2453527.597593 0.986340 
2453528.528891 1.445295 
2453529.460189 1.695833 
2453530.391486 1.749540 
2453531.322784 1.612508 
2453532.254082 1.283345 
2453533.185380 0.756982 
2453534.116678 0.037620 
2453535.047976 -0.829768 
2453535.979274 -1.702721 
2453536.910571 -2.302151 
2453537.841869 -2.331870 
2453538.773167 -1.760977 
2453539.704465 -0.868549 
2453540.635763 0.034469 
2453541.567061 0.778653 
2453542.498359 1.311608 
2453543.429656 1.632416 
2453544.360954 1.752735 
2453545.292252 1.681087 
2453546.223550 1.418525 
2453547.154848 0.960385 
2453548.086146 0.305319 
2453549.017443 -0.520916 
2453549.948741 -1.416700 
2453550.880039 -2.148052 
2453551.811337 -2.395983 
2453552.742635 -2.011443 
2453553.673933 -1.189872 
2453554.605231 -0.263513 
2453555.536528 0.545588 
2453556.467826 1.152757 
2453557.399124 1.545336 
2453558.330422 1.733306 
2453559.261720 1.727152 
2453560.193018 1.530569 
2453561.124316 1.140301 
2453562.055613 0.552151 
2453562.986911 -0.221532 
2453563.918209 -1.112311 
2453564.849507 -1.935283 
2453565.780805 -2.381676 
2453566.712103 -2.209078 
2453567.643400 -1.500102 
2453568.574698 -0.576628 
2453569.505996 0.288060 
2453570.437294 0.968372 
2453571.368592 1.434077 
2453572.299890 1.690993 
2453573.231188 1.750770 
2453574.162485 1.619735 
2453575.093783 1.296704 
2453576.025081 0.776596 
2453576.956379 0.062965 
2453577.887677 -0.801248 
2453578.818975 -1.677619 
2453579.750273 -2.290796 
2453580.681570 -2.340942 
2453581.612868 -1.785745 
2453582.544166 -0.898143 
2453583.475464 0.007925 
2453584.406762 0.758341 
2453585.338060 1.298103 
2453586.269358 1.625428 
2453587.200655 1.751900 
2453588.131953 1.686245 
2453589.063251 1.429753 
2453589.994549 0.977854 
2453590.925847 0.328839 
2453591.857145 -0.492987 
2453592.788442 -1.389375 
2453593.719740 -2.130797 
2453594.651038 -2.397952 
2453595.582336 -2.031971 
2453596.513634 -1.218957 
2453597.444932 -0.291666 
2453598.376230 0.522983 
2453599.307527 1.136925 
2453600.238825 1.536153 
2453601.170123 1.730386 
2453602.101421 1.730251 
2453603.032719 1.539690 
2453603.964017 1.155613 
2453604.895315 0.573670 
2453605.826612 -0.194770 
2453606.757910 -1.083919 
2453607.689208 -1.913319 
2453608.620506 -2.376458 
2453609.551804 -2.224073 
2453610.483102 -1.527524 
2453611.414399 -0.605866 
2453612.345697 0.263289 
2453613.276995 0.950189 
2453614.208293 1.422651 
2453615.139591 1.685958 
2453616.070889 1.751811 
2453617.002187 1.626771 
2453617.933484 1.309867 
2453618.864782 0.796014 
2453619.796080 0.088153 
2453620.727378 -0.772753 
2453621.658676 -1.652260 
2453622.589974 -2.278857 
2453623.521272 -2.349381 
2453624.452569 -1.810182 
2453625.383867 -0.927733 
2453626.315165 -0.018783 
2453627.246463 0.737814 
2453628.177761 1.284387 
2453629.109059 1.618240 
2453630.040356 1.750874 
2453630.971654 1.691213 
2453631.902952 1.440787 
2453632.834250 0.995126 
2453633.765548 0.352183 
2453634.696846 -0.465144 
2453635.628144 -1.361906 
2453636.559441 -2.113057 
2453637.490739 -2.399258 
2453638.422037 -2.052044 
2453639.353335 -1.247941 
2453640.284633 -0.319944 
2453641.215931 0.500173 
2453642.147229 1.120878 
2453643.078526 1.526767 
2453644.009824 1.727273 
2453644.941122 1.733161 
2453645.872420 1.548618 
2453646.803718 1.170727 
2453647.735016 0.595000 
2453648.666314 -0.168138 
2453649.597611 -1.055481 
2453650.528909 -1.890987 
2453651.460207 -2.370598 
2453652.391505 -2.238504 
2453653.322803 -1.554729 
2453654.254101 -0.635170 
2453655.185398 0.238329 
2453656.116696 0.931790 
2453657.047994 1.411018 
2453657.979292 1.680728 
2453658.910590 1.752663 
2453659.841888 1.633616 
2453660.773186 1.322834 
2453661.704483 0.815237 
2453662.635781 0.113182 
2453663.567079 -0.744290 
2453664.498377 -1.626657 
2453665.429675 -2.266343 
2453666.360973 -2.357182 
2453667.292271 -1.834275 
2453668.223568 -0.957311 
2453669.154866 -0.045653 
2453670.086164 0.717076 
2453671.017462 1.270458 
2453671.948760 1.610853 
2453672.880058 1.749657 
2453673.811355 1.695993 
2453674.742653 1.451627 
2453675.673951 1.012200 
2453676.605249 0.375347 
2453677.536547 -0.437391 
2453678.467845 -1.334304 
2453679.399143 -2.094843 
2453680.330440 -2.399899 
2453681.261738 -2.071649 
2453682.193036 -1.276814 
2453683.124334 -0.348341 
2453684.055632 0.477159 
2453684.986930 1.104615 
2453685.918228 1.517177 
2453686.849525 1.723967 
2453687.780823 1.735883 
2453688.712121 1.557356 
2453689.643419 1.185644 
2453690.574717 0.616139 
2453691.506015 -0.141638 
2453692.437312 -1.027004 
2453693.368610 -1.868301 
2453694.299908 -2.364098 
2453695.231206 -2.252362 
2453696.162504 -1.581706 
2453697.093802 -0.664534 
2453698.025100 0.213182 
2453698.956397 0.913175 
2453699.887695 1.399176 
2453700.818993 1.675301 
2453701.750291 1.753326 
2453702.681589 1.640272 
2453703.612887 1.335605 
2453704.544185 0.834265 
2453705.475482 0.138049 
2453706.406780 -0.715864 
2453707.338078 -1.600819 
2453708.269376 -2.253261 
2453709.200674 -2.364342 
2453710.131972 -1.858015 
2453711.063270 -0.986868 
2453711.994567 -0.072681 
2453712.925865 0.696125 
2453713.857163 1.256317 
2453714.788461 1.603266 
2453715.719759 1.748251 
2453716.651057 1.700583 
2453717.582354 1.462273 
2453718.513652 1.029077 
2453719.444950 0.398331 
2453720.376248 -0.409733 
2453721.307546 -1.306577 
2453722.238844 -2.076165 
2453723.170142 -2.399876 
2453724.101439 -2.090777 
2453725.032737 -1.305565 
2453725.964035 -0.376854 
2453726.895333 0.453942 
2453727.826631 1.088138 
2453728.757929 1.507383 
2453729.689227 1.720468 
2453730.620524 1.738416 
2453731.551822 1.565901 
2453732.483120 1.200364 
2453733.414418 0.637088 
2453734.345716 -0.115275 
2453735.277014 -0.998497 
2453736.208311 -1.845271 
2453737.139609 -2.356965 
2453738.070907 -2.265640 
2453739.002205 -1.608443 
2453739.933503 -0.693951 
2453740.864801 0.187851 
2453741.796099 0.894345 
2453742.727396 1.387125 
2453743.658694 1.669678 
2453744.589992 1.753801 
2453745.521290 1.646738 
2453746.452588 1.348181 
2453747.383886 0.853096 
2453748.315184 0.162752 
2453749.246481 -0.687482 
2453750.177779 -1.574757 
2453751.109077 -2.239620 
2453752.040375 -2.370855 
2453752.971673 -1.881388 
2453753.902971 -1.016396 
2453754.834268 -0.099864 
2453755.765566 0.674962 
2453756.696864 1.241963 
2453757.628162 1.595478 
2453758.559460 1.746653 
2453759.490758 1.704985 
2453760.422056 1.472726 
2453761.353353 1.045756 
2453762.284651 0.421134 
2453763.215949 -0.382175 
2453764.147247 -1.278736 
2453765.078545 -2.057034 
2453766.009843 -2.399191 
2453766.941141 -2.109416 
2453767.872438 -1.334185 
2453768.803736 -0.405476 
2453769.735034 0.430524 
2453770.666332 1.071445 
2453771.597630 1.497384 
2453772.528928 1.716776 
2453773.460226 1.740761 
2453774.391523 1.574255 
2453775.322821 1.214886 
2453776.254119 0.657846 
2453777.185417 -0.089051 
2453778.116715 -0.969967 
2453779.048013 -1.821908 
2453779.979310 -2.349202 
2453780.910608 -2.278329 
2453781.841906 -1.634930 
2453782.773204 -0.723414 
2453783.704502 0.162336 
2453784.635800 0.875300 
2453785.567098 1.374865 
2453786.498395 1.663859 
2453787.429693 1.754086 
2453788.360991 1.653015 
2453789.292289 1.360560 
2453790.223587 0.871730 
2453791.154885 0.187289 
2453792.086183 -0.659150 
2453793.017480 -1.548482 
2453793.948778 -2.225428 
2453794.880076 -2.376718 
2453795.811374 -1.904384 
2453796.742672 -1.045887 
2453797.673970 -0.127199 
2453798.605267 0.653588 
2453799.536565 1.227396 
2453800.467863 1.587490 
2453801.399161 1.744865 
2453802.330459 1.709198 
2453803.261757 1.482985 
2453804.193055 1.062237 
2453805.124352 0.443754 
2453806.055650 -0.354720 
2453806.986948 -1.250789 
2453807.918246 -2.037461 
2453808.849544 -2.397843 
2453809.780842 -2.127558 
2453810.712140 -1.362663 
2453811.643437 -0.434204 
2453812.574735 0.406905 
2453813.506033 1.054537 
2453814.437331 1.487180 
2453815.368629 1.712891 
2453816.299927 1.742918 
2453817.231224 1.582418 
2453818.162522 1.229212 
2453819.093820 0.678411 
2453820.025118 -0.062968 
2453820.956416 -0.941421 
2453821.887714 -1.798224 
2453822.819012 -2.340816 
2453823.750309 -2.290423 
2453824.681607 -1.661155 
2453825.612905 -0.752918 
2453826.544203 0.136642 
2453827.475501 0.856039 
2453828.406799 1.362395 
2453829.338097 1.657843 
2453830.269394 1.754181 
2453831.200692 1.659101 
2453832.131990 1.372745 
2453833.063288 0.890168 
2453833.994586 0.211658 
2453834.925884 -0.630872 
2453835.857182 -1.522004 
2453836.788479 -2.210695 
2453837.719777 -2.381928 
2453838.651075 -1.926990 
2453839.582373 -1.075332 
2453840.513671 -0.154681 
2453841.444969 0.632004 
2453842.376266 1.212616 
2453843.307564 1.579301 
2453844.238862 1.742886 
2453845.170160 1.713223 
2453846.101458 1.493052 
2453847.032756 1.078520 
2453847.964054 0.466190 
2453848.895351 -0.327373 
2453849.826649 -1.222746 
2453850.757947 -2.017457 
2453851.689245 -2.395834 
2453852.620543 -2.145190 
2453853.551841 -1.390989 
2453854.483139 -0.463031 
2453855.414436 0.383087 
2453856.345734 1.037413 
2453857.277032 1.476770 
2453858.208330 1.708812 
2453859.139628 1.744885 
2453860.070926 1.590390 
2453861.002223 1.243340 
2453861.933521 0.698783 
2453862.864819 -0.037031 
2453863.796117 -0.912866 
2453864.727415 -1.774229 
2453865.658713 -2.331813 
2453866.590011 -2.301914 
2453867.521308 -1.687105 
2453868.452606 -0.782454 
2453869.383904 0.110769 
2453870.315202 0.836564 
2453871.246500 1.349716 
2453872.177798 1.651629 
2453873.109096 1.754088 
2453874.040393 1.664999 
2453874.971691 1.384734 
2453875.902989 0.908410 
2453876.834287 0.235858 
2453877.765585 -0.602656 
2453878.696883 -1.495334 
2453879.628181 -2.195430 
2453880.559478 -2.386482 
2453881.490776 -1.949195 
2453882.422074 -1.104722 
2453883.353372 -0.182309 
2453884.284670 0.610211 
2453885.215968 1.197622 
2453886.147265 1.570910 
2453887.078563 1.740715 
2453888.009861 1.717059 
2453888.941159 1.502925 
2453889.872457 1.094605 
2453890.803755 0.488441 
2453891.735053 -0.300138 
2453892.666350 -1.194615 
2453893.597648 -1.997031 
2453894.528946 -2.393166 
2453895.460244 -2.162304 
2453896.391542 -1.419152 
2453897.322840 -0.491953 
2453898.254138 0.359073 
2453899.185435 1.020073 
2453900.116733 1.466154 
2453901.048031 1.704539 
2453901.979329 1.746665 
2453902.910627 1.598171 
2453903.841925 1.257271 
2453904.773222 0.718962 
2453905.704520 -0.011241 
2453906.635818 -0.884311 
2453907.567116 -1.749935 
2453908.498414 -2.322198 
2453909.429712 -2.312796 
2453910.361010 -1.712770 
2453911.292307 -0.812016 
2453912.223605 0.084721 
2453913.154903 0.816874 
2453914.086201 1.336825 
2453915.017499 1.645218 
2453915.948797 1.753804 
2453916.880095 1.670706 
2453917.811392 1.396529 
2453918.742690 0.926454 
2453919.673988 0.259886 
2453920.605286 -0.574505 
2453921.536584 -1.468481 
2453922.467882 -2.179641 
2453923.399179 -2.390378 
2453924.330477 -1.970988 
2453925.261775 -1.134047 
2453926.193073 -0.210076 
2453927.124371 0.588209 
2453928.055669 1.182414 
2453928.986967 1.562318 
2453929.918264 1.738353 
2453930.849562 1.720707 
2453931.780860 1.512606 
2453932.712158 1.110492 
2453933.643456 0.510507 
2453934.574754 -0.273019 
2453935.506052 -1.166405 
2453936.437349 -1.976196 
2453937.368647 -2.389843 
2453938.299945 -2.178889 
2453939.231243 -1.447141 
2453940.162541 -0.520965 
2453941.093839 0.334862 
2453942.025137 1.002518 
2453942.956434 1.455332 
2453943.887732 1.700071 
2453944.819030 1.748255 
2453945.750328 1.605761 
2453946.681626 1.271006 
2453947.612924 0.738947 
2453948.544221 0.014399 
2453949.475519 -0.855762 
2453950.406817 -1.725353 
2453951.338115 -2.311979 
2453952.269413 -2.323061 
2453953.200711 -1.738139 
2453954.132009 -0.841596 
2453955.063306 0.058500 
2453955.994604 0.796970 
2453956.925902 1.323725 
2453957.857200 1.638609 
2453958.788498 1.753331 
2453959.719796 1.676225 
2453960.651094 1.408128 
2453961.582391 0.944301 
2453962.513689 0.283742 
2453963.444987 -0.546426 
2453964.376285 -1.441457 
2453965.307583 -2.163340 
2453966.238881 -2.393613 
2453967.170178 -1.992357 
2453968.101476 -1.163299 
2453969.032774 -0.237981 
2453969.964072 0.565998 
2453970.895370 1.166991 
2453971.826668 1.553523 
2453972.757966 1.735800 
2453973.689263 1.724166 
2453974.620561 1.522094 
2453975.551859 1.126182 
2453976.483157 0.532386 
2453977.414455 -0.246019 
2453978.345753 -1.138124 
2453979.277051 -1.954962 
2453980.208348 -2.385865 
2453981.139646 -2.194937 
2453982.070944 -1.474946 
2453983.002242 -0.550059 
2453983.933540 0.310457 
2453984.864838 0.984747 
2453985.796135 1.444303 
2453986.727433 1.695409 
2453987.658731 1.749657 
2453988.590029 1.613160 
2453989.521327 1.284544 
2453990.452625 0.758738 
2453991.383923 0.039885 
2453992.315220 -0.827225 
2453993.246518 -1.700494 
2453994.177816 -2.301162 
2453995.109114 -2.332704 
2453996.040412 -1.763198 
2453996.971710 -0.871187 
2453997.903008 0.032109 
2453998.834305 0.776851 
2453999.765603 1.310413 
2454000.696901 1.631801 
2454001.628199 1.752669 
2454002.559497 1.681555 
2454003.490795 1.419533 
2454004.422093 0.961950 
2454005.353390 0.307423 
2454006.284688 -0.518423 
2454007.215986 -1.414270 
2454008.147284 -2.146534 
2454009.078582 -2.396186 
2454010.009880 -2.013291 
2454010.941177 -1.192468 
2454011.872475 -0.266017 
2454012.803773 0.543581 
2454013.735071 1.151354 
2454014.666369 1.544526 
2454015.597667 1.733054 
2454016.528965 1.727436 
2454017.460262 1.531390 
2454018.391560 1.141674 
2454019.322858 0.554077 
2454020.254156 -0.219141 
2454021.185454 -1.109782 
2454022.116752 -1.933340 
2454023.048050 -2.381237 
2454023.979347 -2.210438 
2454024.910645 -1.502555 
2454025.841943 -0.579232 
2454026.773241 0.285860 
2454027.704539 0.966760 
2454028.635837 1.433067 
2454029.567134 1.690552 
2454030.498432 1.750870 
2454031.429730 1.620370 
2454032.361028 1.297886 
2454033.292326 0.778335 
2454034.223624 0.065217 
2454035.154922 -0.798707 
2454036.086219 -1.675368 
2454037.017517 -2.289755 
2454037.948815 -2.341720 
2454038.880113 -1.787937 
2454039.811411 -0.900781 
2454040.742709 0.005551 
2454041.674007 0.756519 
2454042.605304 1.296889 
2454043.536602 1.624795 
2454044.467900 1.751816 
2454045.399198 1.686695 
2454046.330496 1.430744 
2454047.261794 0.979402 
2454048.193091 0.330928 
2454049.124389 -0.490501 
2454050.055687 -1.386932 
2454050.986985 -2.129235 
2454051.918283 -2.398096 
2454052.849581 -2.033779 
2454053.780879 -1.221545 
2454054.712176 -0.294182 
2454055.643474 0.520958 
2454056.574772 1.135503 
2454057.506070 1.535325 
2454058.437368 1.730116 
2454059.368666 1.730518 
2454060.299964 1.540493 
2454061.231261 1.156968 
2454062.162559 0.575579 
2454063.093857 -0.192391 
2454064.025155 -1.081385 
2454064.956453 -1.911342 
2454065.887751 -2.375962 
2454066.819049 -2.225382 
2454067.750346 -1.529958 
2454068.681644 -0.608476 
2454069.612942 0.261072 
2454070.544240 0.948557 
2454071.475538 1.421623 
2454072.406836 1.685500 
2454073.338133 1.751895 
2454074.269431 1.627389 
2454075.200729 1.311031 
2454076.132027 0.797736 
2454077.063325 0.090391 
2454077.994623 -0.770215 
2454078.925921 -1.649988 
2454079.857218 -2.277765 
2454080.788516 -2.350102 
2454081.719814 -1.812343 
2454082.651112 -0.930370 
2454083.582410 -0.021172 
2454084.513708 0.735974 
2454085.445006 1.283154 
2454086.376303 1.617590 
2454087.307601 1.750773 
2454088.238899 1.691647 
2454089.170197 1.441761 
2454090.101495 0.996656 
2454091.032793 0.354255 
2454091.964090 -0.462666 
2454092.895388 -1.359451 
2454093.826686 -2.111452 
2454094.757984 -2.399342 
2454095.689282 -2.053810 
2454096.620580 -1.250519 
2454097.551878 -0.322471 
2454098.483175 0.498130 
2454099.414473 1.119437 
2454100.345771 1.525921 
2454101.277069 1.726986 
2454102.208367 1.733411 
2454103.139665 1.549405 
2454104.070963 1.172065 
2454105.002260 0.596892 
2454105.933558 -0.165770 
2454106.864856 -1.052943 
2454107.796154 -1.888979 
2454108.727452 -2.370044 
2454109.658750 -2.239762 
2454110.590048 -1.557143 
2454111.521345 -0.637785 
2454112.452643 0.236095 
2454113.383941 0.930139 
2454114.315239 1.409970 
2454115.246537 1.680252 
2454116.177835 1.752730 
2454117.109132 1.634217 
2454118.040430 1.323981 
2454118.971728 0.816941 
2454119.903026 0.115405 
2454120.834324 -0.741754 
2454121.765622 -1.624363 
2454122.696920 -2.265199 
2454123.628217 -2.357847 
2454124.559515 -1.836406 
2454125.490813 -0.959946 
2454126.422111 -0.048056 
2454127.353409 0.715217 
2454128.284707 1.269206 
2454129.216005 1.610185 
2454130.147302 1.749540 
2454131.078600 1.696409 
2454132.009898 1.452584 
2454132.941196 1.013713 
2454133.872494 0.377403 
2454134.803792 -0.434922 
2454135.735089 -1.331837 
2454136.666387 -2.093197 
2454137.597685 -2.399924 
2454138.528983 -2.073374 
2454139.460281 -1.279382 
2454140.391579 -0.350879 
2454141.322877 0.475097 
2454142.254174 1.103155 
2454143.185472 1.516313 
2454144.116770 1.723663 
2454145.048068 1.736117 
2454145.979366 1.558125 
2454146.910664 1.186965 
2454147.841962 0.618015 
2454148.773259 -0.139283 
2454149.704557 -1.024464 
2454150.635855 -1.866262 
2454151.567153 -2.363488 
2454152.498451 -2.253569 
2454153.429749 -1.584099 
2454154.361046 -0.667154 
2454155.292344 0.210932 
2454156.223642 0.911505 
2454157.154940 1.398110 
2454158.086238 1.674808 
2454159.017536 1.753376 
2454159.948834 1.640856 
2454160.880131 1.336734 
2454161.811429 0.835951 
2454162.742727 0.140258 
2454163.674025 -0.713332 
2454164.605323 -1.598505 
2454165.536621 -2.252067 
2454166.467919 -2.364949 
2454167.399216 -1.860114 
2454168.330514 -0.989501 
2454169.261812 -0.075098 
2454170.193110 0.694247 
2454171.124408 1.255046 
2454172.055706 1.602580 
2454172.987004 1.748116 
2454173.918301 1.700983 
2454174.849599 1.463213 
2454175.780897 1.030572 
2454176.712195 0.400371 
2454177.643493 -0.407273 
2454178.574791 -1.304100 
2454179.506088 -2.074478 
2454180.437386 -2.399842 
2454181.368684 -2.092458 
2454182.299982 -1.308122 
2454183.231280 -0.379401 
2454184.162578 0.451863 
2454185.093876 1.086659 
2454186.025173 1.506500 
2454186.956471 1.720147 
2454187.887769 1.738633 
2454188.819067 1.566653 
2454189.750365 1.201667 
2454190.681663 0.638946 
2454191.612961 -0.112931 
2454192.544258 -0.995954 
2454193.475556 -1.843202 
2454194.406854 -2.356298 
2454195.338152 -2.266795 
2454196.269450 -1.610815 
2454197.200748 -0.696575 
2454198.132045 0.185584 
2454199.063343 0.892656 
2454199.994641 1.386041 
2454200.925939 1.669168 
2454201.857237 1.753834 
2454202.788535 1.647305 
2454203.719833 1.349292 
2454204.651130 0.854765 
2454205.582428 0.164946 
2454206.513726 -0.684955 
2454207.445024 -1.572423 
2454208.376322 -2.238377 
2454209.307620 -2.371404 
2454210.238918 -1.883454 
2454211.170215 -1.019027 
2454212.101513 -0.102295 
2454213.032811 0.673065 
2454213.964109 1.240673 
2454214.895407 1.594774 
2454215.826705 1.746502 
2454216.758002 1.705368 
2454217.689300 1.473648 
2454218.620598 1.047233 
2454219.551896 0.423158 
2454220.483194 -0.379723 
2454221.414492 -1.276249 
2454222.345790 -2.055307 
2454223.277087 -2.399097 
2454224.208385 -2.111054 
2454225.139683 -1.336730 
2454226.070981 -0.408033 
2454227.002279 0.428426 
2454227.933577 1.069947 
2454228.864875 1.496483 
2454229.796172 1.716438 
2454230.727470 1.740961 
2454231.658768 1.574990 
2454232.590066 1.216171 
2454233.521364 0.659687 
2454234.452662 -0.086720 
2454235.383960 -0.967422 
2454236.315257 -1.819810 
2454237.246555 -2.348480 
2454238.177853 -2.279432 
2454239.109151 -1.637279 
2454240.040449 -0.726043 
2454240.971747 0.160053 
2454241.903044 0.873592 
2454242.834342 1.373762 
2454243.765640 1.663331 
2454244.696938 1.754102 
2454245.628236 1.653565 
2454246.559534 1.361654 
2454247.490832 0.873382 
2454248.422129 0.189468 
2454249.353427 -0.656627 
2454250.284725 -1.546130 
2454251.216023 -2.224137 
2454252.147321 -2.377209 
2454253.078619 -1.906415 
2454254.009917 -1.048514 
2454254.941214 -0.129643 
2454255.872512 0.651673 
2454256.803810 1.226087 
2454257.735108 1.586768 
2454258.666406 1.744696 
2454259.597704 1.709565 
2454260.529001 1.483891 
2454261.460299 1.063696 
2454262.391597 0.445761 
2454263.322895 -0.352278 
2454264.254193 -1.248293 
2454265.185491 -2.035695 
2454266.116789 -2.397690 
2454267.048086 -2.129150 
2454267.979384 -1.365195 
2454268.910682 -0.436770 
2454269.841980 0.404790 
2454270.773278 1.053019 
2454271.704576 1.486260 
2454272.635874 1.712535 
2454273.567171 1.743101 
2454274.498469 1.583136 
2454275.429767 1.230479 
2454276.361065 0.680235 
2454277.292363 -0.060650 
2454278.223661 -0.938875 
2454279.154958 -1.796097 
2454280.086256 -2.340039 
2454281.017554 -2.291472 
2454281.948852 -1.663479 
2454282.880150 -0.755550 
2454283.811448 0.134342 
2454284.742746 0.854312 
2454285.674043 1.361273 
2454286.605341 1.657297 
2454287.536639 1.754181 
2454288.467937 1.659635 
2454289.399235 1.373822 
2454290.330533 0.891803 
2454291.261831 0.213822 
2454292.193128 -0.628354 
2454293.124426 -1.519634 
2454294.055724 -2.209356 
2454294.987022 -2.382361 
2454295.918320 -1.928986 
2454296.849618 -1.077954 
2454297.780916 -0.157139 
2454298.712213 0.630070 
2454299.643511 1.211288 
2454300.574809 1.578561 
2454301.506107 1.742700 
2454302.437405 1.713573 
2454303.368703 1.493940 
2454304.300000 1.079962 
2454305.231298 0.468181 
2454306.162596 -0.324941 
2454307.093894 -1.220241 
2454308.025192 -2.015653 
2454308.956490 -2.395623 
2454309.887788 -2.146737 
2454310.819085 -1.393506 
2454311.750383 -0.465606 
2454312.681681 0.380955 
2454313.612979 1.035876 
2454314.544277 1.475832 
2454315.475575 1.708439 
2454316.406873 1.745052 
2454317.338170 1.591091 
2454318.269468 1.244590 
2454319.200766 0.700590 
2454320.132064 -0.034726 
2454321.063362 -0.910321 
2454321.994660 -1.772075 
2454322.925957 -2.330981 
2454323.857255 -2.302909 
2454324.788553 -1.689405 
2454325.719851 -0.785088 
2454326.651149 0.108454 
2454327.582447 0.834817 
2454328.513745 1.348575 
2454329.445042 1.651066 
2454330.376340 1.754070 
2454331.307638 1.665515 
2454332.238936 1.385794 
2454333.170234 0.910026 
2454334.101532 0.238007 
2454335.032830 -0.600143 
2454335.964127 -1.492947 
2454336.895425 -2.194043 
2454337.826723 -2.386856 
2454338.758021 -1.951154 
2454339.689319 -1.107339 
2454340.620617 -0.184778 
2454341.551914 0.608258 
2454342.483212 1.196275 
2454343.414510 1.570153 
2454344.345808 1.740513 
2454345.277106 1.717392 
2454346.208404 1.503796 
2454347.139702 1.096029 
2454348.070999 0.490416 
2454349.002297 -0.297716 
2454349.933595 -1.192103 
2454350.864893 -1.995190 
2454351.796191 -2.392897 
2454352.727489 -2.163804 
2454353.658787 -1.421654 
2454354.590084 -0.494536 
2454355.521382 0.356922 
2454356.452680 1.018517 
2454357.383978 1.465198 
2454358.315276 1.704148 
2454359.246574 1.746814 
2454360.177872 1.598855 
2454361.109169 1.258504 
2454362.040467 0.720752 
2454362.971765 -0.008949 
2454363.903063 -0.881766 
2454364.834361 -1.747755 
2454365.765659 -2.321312 
2454366.696956 -2.313736 
2454367.628254 -1.715044 
2454368.559552 -0.814652 
2454369.490850 0.082391 
2454370.422148 0.815108 
2454371.353446 1.335666 
2454372.284744 1.644637 
2454373.216041 1.753770 
2454374.147339 1.671206 
2454375.078637 1.397571 
2454376.009935 0.928053 
2454376.941233 0.262020 
2454377.872531 -0.571999 
2454378.803829 -1.466079 
2454379.735126 -2.178209 
2454380.666424 -2.390693 
2454381.597722 -1.972910 
2454382.529020 -1.136658 
2454383.460318 -0.212558 
2454384.391616 0.586237 
2454385.322913 1.181047 
2454386.254211 1.561542 
2454387.185509 1.738133 
2454388.116807 1.721023 
2454389.048105 1.513459 
2454389.979403 1.111899 
2454390.910701 0.512465 
2454391.841998 -0.270607 
2454392.773296 -1.163886 
2454393.704594 -1.974319 
2454394.635892 -2.389514 
2454395.567190 -2.180342 
2454396.498488 -1.449627 
2454397.429786 -0.523555 
2454398.361083 0.332694 
2454399.292381 1.000942 
2454400.223679 1.454357 
2454401.154977 1.699664 
2454402.086275 1.748388 
2454403.017573 1.606428 
2454403.948871 1.272221 
2454404.880168 0.740720 
2454405.811466 0.016677 
2454406.742764 -0.853217 
2454407.674062 -1.723148 
2454408.605360 -2.311039 
2454409.536658 -2.323946 
2454410.467955 -1.740385 
2454411.399253 -0.844234 
2454412.330551 0.056154 
2454413.261849 0.795185 
2454414.193147 1.322546 
2454415.124445 1.638010 
2454416.055743 1.753280 
2454416.987040 1.676708 
2454417.918338 1.409153 
2454418.849636 0.945882 
2454419.780934 0.285860 
2454420.712232 -0.543926 
2454421.643530 -1.439040 
2454422.574828 -2.161862 
2454423.506125 -2.393869 
2454424.437423 -1.994241 
2454425.368721 -1.165903 
2454426.300019 -0.240475 
2454427.231317 0.564008 
2454428.162615 1.165606 
2454429.093912 1.552729 
2454430.025210 1.735563 
2454430.956508 1.724465 
2454431.887806 1.522930 
2454432.819104 1.127571 
2454433.750402 0.534327 
2454434.681700 -0.243617 
2454435.612997 -1.135600 
2454436.544295 -1.953050 
2454437.475593 -2.385479 
2454438.406891 -2.196341 
2454439.338189 -1.477415 
2454440.269487 -0.552657 
2454441.200785 0.308272 
2454442.132082 0.983152 
2454443.063380 1.443310 
2454443.994678 1.694984 
2454444.925976 1.749773 
2454445.857274 1.613811 
2454446.788572 1.285741 
2454447.719869 0.760493 
2454448.651167 0.042150 
2454449.582465 -0.824681 
2454450.513763 -1.698264 
2454451.445061 -2.300169 
2454452.376359 -2.333534 
2454453.307657 -1.765416 
2454454.238954 -0.873825 
2454455.170252 0.029748 
2454456.101550 0.775047 
2454457.032848 1.309216 
2454457.964146 1.631185 
2454458.895444 1.752600 
2454459.826742 1.682021 
2454460.758039 1.420541 
2454461.689337 0.963514 
2454462.620635 0.309525 
2454463.551933 -0.515930 
2454464.483231 -1.411839 
2454465.414529 -2.145012 
2454466.345827 -2.396383 
2454467.277124 -2.015136 
2454468.208422 -1.195064 
2454469.139720 -0.268523 
2454470.071018 0.541573 
2454471.002316 1.149950 
2454471.933614 1.543714 
2454472.864911 1.732800 
2454473.796209 1.727718 
2454474.727507 1.532209 
2454475.658805 1.143046 
2454476.590103 0.556001 
2454477.521401 -0.216752 
2454478.452699 -1.107252 
2454479.383996 -1.931395 
2454480.315294 -2.380793 
2454481.246592 -2.211793 
2454482.177890 -1.505007 
2454483.109188 -0.581836 
2454484.040486 0.283658 
2454484.971784 0.965146 
2454485.903081 1.432055 
2454486.834379 1.690110 
2454487.765677 1.750969 
2454488.696975 1.621003 
2454489.628273 1.299066 
2454490.559571 0.780072 
2454491.490868 0.067468 
2454492.422166 -0.796166 
2454493.353464 -1.673116 
2454494.284762 -2.288710 
2454495.216060 -2.342493 
2454496.147358 -1.790126 
2454497.078656 -0.903419 
2454498.009953 0.003175 
2454498.941251 0.754697 
2454499.872549 1.295673 
2454500.803847 1.624161 
2454501.735145 1.751731 
2454502.666443 1.687144 
2454503.597741 1.431734 
2454504.529038 0.980948 
2454505.460336 0.333014 
2454506.391634 -0.488016 
2454507.322932 -1.384488 
2454508.254230 -2.127669 
2454509.185528 -2.398234 
2454510.116825 -2.035584 
2454511.048123 -1.224132 
2454511.979421 -0.296699 
2454512.910719 0.518931 
2454513.842017 1.134079 
2454514.773315 1.534495 
2454515.704613 1.729845 
2454516.635910 1.730784 
2454517.567208 1.541296 
2454518.498506 1.158322 
2454519.429804 0.577487 
2454520.361102 -0.190012 
2454521.292400 -1.078852 
2454522.223698 -1.909364 
2454523.154995 -2.375460 
2454524.086293 -2.226687 
2454525.017591 -1.532390 
2454525.948889 -0.611086 
2454526.880187 0.258853 
2454527.811485 0.946924 
2454528.742783 1.420592 
2454529.674080 1.685040 
2454530.605378 1.751977 
2454531.536676 1.628005 
2454532.467974 1.312194 
2454533.399272 0.799456 
2454534.330570 0.092627 
2454535.261867 -0.767676 
2454536.193165 -1.647713 
2454537.124463 -2.276668 
2454538.055761 -2.350819 
2454538.987059 -1.814503 
2454539.918357 -0.933008 
2454540.849655 -0.023562 
2454541.780952 0.734132 
2454542.712250 1.281919 
2454543.643548 1.616938 
2454544.574846 1.750671 
2454545.506144 1.692079 
2454546.437442 1.442734 
2454547.368740 0.998185 
2454548.300037 0.356326 
2454549.231335 -0.460189 
2454550.162633 -1.356994 
2454551.093931 -2.109844 
2454552.025229 -2.399421 
2454552.956527 -2.055574 
2454553.887824 -1.253097 
2454554.819122 -0.324998 
2454555.750420 0.496085 
2454556.681718 1.117994 
2454557.613016 1.525072 
2454558.544314 1.726697 
2454559.475612 1.733660 
2454560.406909 1.550190 
2454561.338207 1.173402 
2454562.269505 0.598783 
2454563.200803 -0.163403 
2454564.132101 -1.050406 
2454565.063399 -1.886968 
2454565.994697 -2.369486 
2454566.925994 -2.241017 
2454567.857292 -1.559556 
2454568.788590 -0.640401 
2454569.719888 0.233859 
2454570.651186 0.928487 
2454571.582484 1.408922 
2454572.513781 1.679774 
2454573.445079 1.752795 
2454574.376377 1.634817 
2454575.307675 1.325126 
2454576.238973 0.818644 
2454577.170271 0.117627 
2454578.101569 -0.739219 
2454579.032866 -1.622067 
2454579.964164 -2.264052 
2454580.895462 -2.358506 
2454581.826760 -1.838534 
2454582.758058 -0.962582 
2454583.689356 -0.050460 
2454584.620654 0.713356 
2454585.551951 1.267953 
2454586.483249 1.609515 
2454587.414547 1.749421 
2454588.345845 1.696825 
2454589.277143 1.453539 
2454590.208441 1.015224 
2454591.139739 0.379458 
2454592.071036 -0.432453 
2454593.002334 -1.329369 
2454593.933632 -2.091546 
2454594.864930 -2.399944 
2454595.796228 -2.075095 
2454596.727526 -1.281949 
2454597.658823 -0.353417 
2454598.590121 0.473034 
2454599.521419 1.101693 
2454600.452717 1.515446 
2454601.384015 1.723357 
2454602.315313 1.736349 
2454603.246611 1.558893 
2454604.177908 1.188283 
2454605.109206 0.619888 
2454606.040504 -0.136928 
2454606.971802 -1.021923 
2454607.903100 -1.864220 
2454608.834398 -2.362873 
2454609.765696 -2.254772 
2454610.696993 -1.586491 
2454611.628291 -0.669775 
2454612.559589 0.208679 
2454613.490887 0.909834 
2454614.422185 1.397042 
2454615.353483 1.674313 
2454616.284780 1.753425 
2454617.216078 1.641439 
2454618.147376 1.337862 
2454619.078674 0.837636 
2454620.009972 0.142465 
2454620.941270 -0.710801 
2454621.872568 -1.596188 
2454622.803865 -2.250870 
2454623.735163 -2.365550 
2454624.666461 -1.862209 
2454625.597759 -0.992135 
2454626.529057 -0.077516 
2454627.460355 0.692367 
2454628.391653 1.253774 
2454629.322950 1.601892 
2454630.254248 1.747980 
2454631.185546 1.701382 
2454632.116844 1.464151 
2454633.048142 1.032065 
2454633.979440 0.402410 
2454634.910737 -0.404813 
2454635.842035 -1.301622 
2454636.773333 -2.072787 
2454637.704631 -2.399803 
2454638.635929 -2.094136 
2454639.567227 -1.310678 
2454640.498525 -0.381949 
2454641.429822 0.449781 
2454642.361120 1.085178 
2454643.292418 1.505615 
2454644.223716 1.719824 
2454645.155014 1.738848 
2454646.086312 1.567404 
2454647.017610 1.202968 
2454647.948907 0.640803 
2454648.880205 -0.110589 
2454649.811503 -0.993412 
2454650.742801 -1.841130 
2454651.674099 -2.355627 
2454652.605397 -2.267946 
2454653.536695 -1.613184 
2454654.467992 -0.699200 
2454655.399290 0.183315 
2454656.330588 0.890965 
2454657.261886 1.384954 
2454658.193184 1.668655 
2454659.124482 1.753865 
2454660.055779 1.647871 
2454660.987077 1.350402 
2454661.918375 0.856432 
2454662.849673 0.167139 
2454663.780971 -0.682427 
2454664.712269 -1.570088 
2454665.643567 -2.237130 
2454666.574864 -2.371948 
2454667.506162 -1.885516 
2454668.437460 -1.021657 
2454669.368758 -0.104726 
2454670.300056 0.671167 
2454671.231354 1.239382 
2454672.162652 1.594069 
2454673.093949 1.746349 
2454674.025247 1.705750 
2454674.956545 1.474569 
2454675.887843 1.048709 
2454676.819141 0.425180 
2454677.750439 -0.377272 
2454678.681736 -1.273761 
2454679.613034 -2.053577 
2454680.544332 -2.398999 
2454681.475630 -2.112688 
2454682.406928 -1.339273 
2454683.338226 -0.410591 
2454684.269524 0.426327 
2454685.200821 1.068446 
2454686.132119 1.495580 
2454687.063417 1.716098 
2454687.994715 1.741160 
2454688.926013 1.575724 
2454689.857311 1.217455 
2454690.788609 0.661526 
2454691.719906 -0.084390 
2454692.651204 -0.964878 
2454693.582502 -1.817709 
2454694.513800 -2.347752 
2454695.445098 -2.280530 
2454696.376396 -1.639625 
2454697.307694 -0.728672 
2454698.238991 0.157768 
2454699.170289 0.871882 
2454700.101587 1.372657 
2454701.032885 1.662801 
2454701.964183 1.754117 
2454702.895481 1.654114 
2454703.826778 1.362747 
2454704.758076 0.875032 
2454705.689374 0.191646 
2454706.620672 -0.654104 
2454707.551970 -1.543776 
2454708.483268 -2.222841 
2454709.414566 -2.377695 
2454710.345863 -1.908443 
2454711.277161 -1.051141 
2454712.208459 -0.132088 
2454713.139757 0.649756 
2454714.071055 1.224777 
2454715.002353 1.586045 
2454715.933651 1.744526 
2454716.864948 1.709930 
2454717.796246 1.484794 
2454718.727544 1.065154 
2454719.658842 0.447767 
2454720.590140 -0.349837 
2454721.521438 -1.245796 
2454722.452735 -2.033926 
2454723.384033 -2.397533 
2454724.315331 -2.130739 
2454725.246629 -1.367725 
2454726.177927 -0.439336 
2454727.109225 0.402673 
2454728.040523 1.051500 
2454728.971820 1.485339 
2454729.903118 1.712178 
2454730.834416 1.743282 
2454731.765714 1.583853 
2454732.697012 1.231745 
2454733.628310 0.682057 
2454734.559608 -0.058333 
2454735.490905 -0.936330 
2454736.422203 -1.793968 
2454737.353501 -2.339256 
2454738.284799 -2.292516 
2454739.216097 -1.665802 
2454740.147395 -0.758182 
2454741.078692 0.132042 
2454742.009990 0.852583 
2454742.941288 1.360150 
2454743.872586 1.656750 
2454744.803884 1.754179 
2454745.735182 1.660167 
2454746.666480 1.374897 
2454747.597777 0.893435 
2454748.529075 0.215985 
2454749.460373 -0.625837 
2454750.391671 -1.517263 
2454751.322969 -2.208012 
2454752.254267 -2.382788 
2454753.185565 -1.930978 
2454754.116862 -1.080576 
2454755.048160 -0.159597 
2454755.979458 0.628134 
2454756.910756 1.209958 
2454757.842054 1.577820 
2454758.773352 1.742513 
2454759.704650 1.713921 
2454760.635947 1.494826 
2454761.567245 1.081402 
2454762.498543 0.470171 
2454763.429841 -0.322509 
2454764.361139 -1.217736 
2454765.292437 -2.013845 
2454766.223734 -2.395407 
2454767.155032 -2.148280 
2454768.086330 -1.396022 
2454769.017628 -0.468181 
2454769.948926 0.378820 
2454770.880224 1.034337 
2454771.811522 1.474892 
2454772.742819 1.708064 
2454773.674117 1.745217 
2454774.605415 1.591791 
2454775.536713 1.245838 
2454776.468011 0.702395 
2454777.399309 -0.032422 
2454778.330607 -0.907775 
2454779.261904 -1.769919 
2454780.193202 -2.330143 
2454781.124500 -2.303899 
2454782.055798 -1.691702 
2454782.987096 -0.787723 
2454783.918394 0.106138 
2454784.849691 0.833069 
2454785.780989 1.347433 
2454786.712287 1.650501 
2454787.643585 1.754051 
2454788.574883 1.666030 
2454789.506181 1.386851 
2454790.437479 0.911641 
2454791.368776 0.240155 
2454792.300074 -0.597632 
2454793.231372 -1.490559 
2454794.162670 -2.192653 
2454795.093968 -2.387225 
2454796.025266 -1.953111 
2454796.956564 -1.109955 
2454797.887861 -0.187249 
2454798.819159 0.606303 
2454799.750457 1.194926 
2454800.681755 1.569393 
2454801.613053 1.740308 
2454802.544351 1.717723 
2454803.475648 1.504665 
2454804.406946 1.097452 
2454805.338244 0.492389 
2454806.269542 -0.295294 
2454807.200840 -1.189591 
2454808.132138 -1.993346 
2454809.063436 -2.392622 
2454809.994733 -2.165300 
2454810.926031 -1.424155 
2454811.857329 -0.497119 
2454812.788627 0.354770 
2454813.719925 1.016959 
2454814.651223 1.464240 
2454815.582521 1.703757 
2454816.513818 1.746962 
2454817.445116 1.599538 
2454818.376414 1.259734 
2454819.307712 0.722540 
2454820.239010 -0.006659 
2454821.170308 -0.879220 
2454822.101606 -1.745573 
2454823.032903 -2.320420 
2454823.964201 -2.314671 
2454824.895499 -1.717315 
2454825.826797 -0.817289 
2454826.758095 0.080059 
2454827.689393 0.813341 
2454828.620690 1.334505 
2454829.551988 1.644054 
2454830.483286 1.753734 
2454831.414584 1.671704 
2454832.345882 1.398611 
2454833.277180 0.929650 
2454834.208478 0.264152 
2454835.139775 -0.569493 
2454836.071073 -1.463675 
2454837.002371 -2.176772 
2454837.933669 -2.391003 
2454838.864967 -1.974829 
2454839.796265 -1.139268 
2454840.727563 -0.215042 
2454841.658860 0.584264 
2454842.590158 1.179680 
2454843.521456 1.560765 
2454844.452754 1.737912 
2454845.384052 1.721337 
2454846.315350 1.514312 
2454847.246647 1.113304 
2454848.177945 0.514421 
2454849.109243 -0.268196 
2454850.040541 -1.161367 
2454850.971839 -1.972439 
2454851.903137 -2.389181 
2454852.834435 -2.181790 
2454853.765732 -1.452112 
2454854.697030 -0.526146 
2454855.628328 0.330525 
2454856.559626 0.999365 
2454857.490924 1.453381 
2454858.422222 1.699254 
2454859.353520 1.748519 
2454860.284817 1.607094 
2454861.216115 1.273434 
2454862.147413 0.742490 
2454863.078711 0.018954 
2454864.010009 -0.850673 
2454864.941307 -1.720941 
2454865.872604 -2.310094 
2454866.803902 -2.324826 
2454867.735200 -1.742629 
2454868.666498 -0.846871 
2454869.597796 0.053807 
2454870.529094 0.793398 
2454871.460392 1.321367 
2454872.391689 1.637410 
2454873.322987 1.753227 
2454874.254285 1.677189 
2454875.185583 1.410176 
2454876.116881 0.947462 
2454877.048179 0.287977 
2454877.979477 -0.541427 
2454878.910774 -1.436621 
2454879.842072 -2.160380 
2454880.773370 -2.394120 
2454881.704668 -1.996121 
2454882.635966 -1.168506 
2454883.567264 -0.242970 
2454884.498562 0.562017 
2454885.429859 1.164219 
2454886.361157 1.551934 
2454887.292455 1.735324 
2454888.223753 1.724762 
2454889.155051 1.523765 
2454890.086349 1.128959 
2454891.017646 0.536267 
2454891.948944 -0.241217 
2454892.880242 -1.133075 
2454893.811540 -1.951135 
2454894.742838 -2.385087 
2454895.674136 -2.197741 
2454896.605434 -1.479883 
2454897.536731 -0.555255 
2454898.468029 0.306086 
2454899.399327 0.981556 
2454900.330625 1.442315 
2454901.261923 1.694557 
2454902.193221 1.749887 
2454903.124519 1.614460 
2454904.055816 1.286937 
2454904.987114 0.762247 
2454905.918412 0.044413 
2454906.849710 -0.822138 
2454907.781008 -1.696033 
2454908.712306 -2.299171 
2454909.643603 -2.334358 
2454910.574901 -1.767632 
2454911.506199 -0.876464 
2454912.437497 0.027386 
2454913.368795 0.773242 
2454914.300093 1.308017 
2454915.231391 1.630567 
2454916.162688 1.752531 
2454917.093986 1.682485 
2454918.025284 1.421546 
2454918.956582 0.965076 
2454919.887880 0.311627 
2454920.819178 -0.513439 
2454921.750476 -1.409407 
2454922.681773 -2.143486 
2454923.613071 -2.396575 
2454924.544369 -2.016977 
2454925.475667 -1.197660 
2454926.406965 -0.271030 
2454927.338263 0.539563 
2454928.269560 1.148544 
2454929.200858 1.542900 
2454930.132156 1.732544 
2454931.063454 1.727999 
2454931.994752 1.533027 
2454932.926050 1.144415 
2454933.857348 0.557924 
2454934.788645 -0.214363 
2454935.719943 -1.104722 
2454936.651241 -1.929446 
2454937.582539 -2.380344 
2454938.513837 -2.213143 
2454939.445135 -1.507456 
2454940.376433 -0.584440 
2454941.307730 0.281454 
2454942.239028 0.963530 
2454943.170326 1.431041 
2454944.101624 1.689666 
2454945.032922 1.751067 
2454945.964220 1.621635 
2454946.895518 1.300244 
2454947.826815 0.781808 
2454948.758113 0.069717 
2454949.689411 -0.793625 
2454950.620709 -1.670862 
2454951.552007 -2.287660 
2454952.483305 -2.343261 
2454953.414602 -1.792313 
2454954.345900 -0.906057 
2454955.277198 0.000798 
2454956.208496 0.752872 
2454957.139794 1.294456 
2454958.071092 1.623525 
2454959.002390 1.751644 
2454959.933687 1.687592 
2454960.864985 1.432723 
2454961.796283 0.982493 
2454962.727581 0.335100 
2454963.658879 -0.485532 
2454964.590177 -1.382042 
2454965.521475 -2.126100 
2454966.452772 -2.398367 
2454967.384070 -2.037384 
2454968.315368 -1.226719 
2454969.246666 -0.299217 
2454970.177964 0.516903 
2454971.109262 1.132654 
2454972.040559 1.533663 
2454972.971857 1.729572 
2454973.903155 1.731048 
2454974.834453 1.542096 
2454975.765751 1.159675 
2454976.697049 0.579393 
2454977.628347 -0.187635 
2454978.559644 -1.076317 
2454979.490942 -1.907382 
2454980.422240 -2.374954 
2454981.353538 -2.227988 
2454982.284836 -1.534821 
2454983.216134 -0.613697 
2454984.147432 0.256632 
2454985.078729 0.945289 
2454986.010027 1.419560 
2454986.941325 1.684578 
2454987.872623 1.752057 
2454988.803921 1.628620 
2454989.735219 1.313354 
2454990.666517 0.801174 
2454991.597814 0.094863 
2454992.529112 -0.765138 
2454993.460410 -1.645437 
2454994.391708 -2.275566 
2454995.323006 -2.351530 
2454996.254304 -1.816659 
2454997.185601 -0.935645 
2454998.116899 -0.025953 
2454999.048197 0.732289 
2454999.979495 1.280683 
2455000.910793 1.616284 
2455001.842091 1.750567 
2455002.773389 1.692510 
2455003.704686 1.443705 
2455004.635984 0.999712 
2455005.567282 0.358395 
2455006.498580 -0.457713 
2455007.429878 -1.354537 
2455008.361176 -2.108232 
2455009.292474 -2.399494 
2455010.223771 -2.057333 
2455011.155069 -1.255674 
2455012.086367 -0.327527 
2455013.017665 0.494038 
2455013.948963 1.116550 
2455014.880261 1.524223 
2455015.811558 1.726407 
2455016.742856 1.733908 
2455017.674154 1.550974 
2455018.605452 1.174736 
2455019.536750 0.600672 
2455020.468048 -0.161038 
2455021.399346 -1.047868 
2455022.330643 -1.884954 
2455023.261941 -2.368922 
2455024.193239 -2.242266 
2455025.124537 -1.561966 
2455026.055835 -0.643017 
2455026.987133 0.231622 
2455027.918431 0.926833 
2455028.849728 1.407871 
2455029.781026 1.679295 
2455030.712324 1.752859 
2455031.643622 1.635415 
2455032.574920 1.326269 
2455033.506218 0.820345 
2455034.437515 0.119848 
2455035.368813 -0.736684 
2455036.300111 -1.619769 
2455037.231409 -2.262899 
2455038.162707 -2.359160 
2455039.094005 -1.840660 
2455040.025303 -0.965218 
2455040.956600 -0.052866 
2455041.887898 0.711493 
2455042.819196 1.266697 
2455043.750494 1.608843 
2455044.681792 1.749300 
2455045.613090 1.697239 
2455046.544388 1.454493 
2455047.475685 1.016733 
2455048.406983 0.381511 
2455049.338281 -0.429985 
2455050.269579 -1.326900 
2455051.200877 -2.089893 
2455052.132175 -2.399958 
2455053.063473 -2.076812 
2455053.994770 -1.284515 
2455054.926068 -0.355956 
2455055.857366 0.470970 
2455056.788664 1.100230 
2455057.719962 1.514578 
2455058.651260 1.723050 
2455059.582557 1.736579 
2455060.513855 1.559660 
2455061.445153 1.189600 
2455062.376451 0.621761 
2455063.307749 -0.134574 
2455064.239047 -1.019383 
2455065.170345 -1.862175 
2455066.101642 -2.362252 
2455067.032940 -2.255970 
2455067.964238 -1.588880 
2455068.895536 -0.672396 
2455069.826834 0.206426 
2455070.758132 0.908161 
2455071.689430 1.395973 
2455072.620727 1.673817 
2455073.552025 1.753472 
2455074.483323 1.642020 
2455075.414621 1.338987 
2455076.345919 0.839320 
2455077.277217 0.144671 
2455078.208514 -0.708269 
2455079.139812 -1.593871 
2455080.071110 -2.249667 
2455081.002408 -2.366147 
2455081.933706 -1.864302 
2455082.865004 -0.994768 
2455083.796302 -0.079936 
2455084.727599 0.690486 
2455085.658897 1.252499 
2455086.590195 1.601203 
2455087.521493 1.747842 
2455088.452791 1.701779 
2455089.384089 1.465088 
2455090.315387 1.033557 
2455091.246684 0.404447 
2455092.177982 -0.402353 
2455093.109280 -1.299142 
2455094.040578 -2.071093 
2455094.971876 -2.399758 
2455095.903174 -2.095810 
2455096.834471 -1.313232 
2455097.765769 -0.384498 
2455098.697067 0.447699 
2455099.628365 1.083695 
2455100.559663 1.504729 
2455101.490961 1.719500 
2455102.422259 1.739062 
2455103.353556 1.568154 
2455104.284854 1.204267 
2455105.216152 0.642658 
2455106.147450 -0.108248 
2455107.078748 -0.990869 
2455108.010046 -1.839055 
2455108.941344 -2.354950 
2455109.872641 -2.269091 
2455110.803939 -1.615552 
2455111.735237 -0.701826 
2455112.666535 0.181045 
2455113.597833 0.889273 
2455114.529131 1.383867 
2455115.460429 1.668141 
2455116.391726 1.753895 
2455117.323024 1.648435 
2455118.254322 1.351511 
2455119.185620 0.858099 
2455120.116918 0.169330 
2455121.048216 -0.679900 
2455121.979513 -1.567751 
2455122.910811 -2.235878 
2455123.842109 -2.372487 
2455124.773407 -1.887576 
2455125.704705 -1.024287 
2455126.636003 -0.107160 
2455127.567301 0.669267 
2455128.498598 1.238088 
2455129.429896 1.593362 
2455130.361194 1.746194 
2455131.292492 1.706130 
2455132.223790 1.475489 
2455133.155088 1.050183 
2455134.086386 0.427201 
2455135.017683 -0.374822 
2455135.948981 -1.271272 
2455136.880279 -2.051843 
2455137.811577 -2.398895 
2455138.742875 -2.114317 
2455139.674173 -1.341815 
2455140.605470 -0.413149 
2455141.536768 0.424227 
2455142.468066 1.066944 
2455143.399364 1.494675 
2455144.330662 1.715756 
2455145.261960 1.741356 
2455146.193258 1.576457 
2455147.124555 1.218737 
2455148.055853 0.663364 
2455148.987151 -0.082061 
2455149.918449 -0.962333 
2455150.849747 -1.815605 
2455151.781045 -2.347020 
2455152.712343 -2.281622 
2455153.643640 -1.641970 
2455154.574938 -0.731301 
2455155.506236 0.155482 
2455156.437534 0.870170 
2455157.368832 1.371551 
2455158.300130 1.662269 
2455159.231427 1.754130 
2455160.162725 1.654661 
2455161.094023 1.363838 
2455162.025321 0.876681 
2455162.956619 0.193823 
2455163.887917 -0.651582 
2455164.819215 -1.541420 
2455165.750512 -2.221541 
2455166.681810 -2.378176 
2455167.613108 -1.910468 
2455168.544406 -1.053767 
2455169.475704 -0.134534 
2455170.407002 0.647837 
2455171.338300 1.223464 
2455172.269597 1.585320 
2455173.200895 1.744355 
2455174.132193 1.710293 
2455175.063491 1.485696 
2455175.994789 1.066611 
2455176.926087 0.449772 
2455177.857385 -0.347396 
2455178.788682 -1.243298 
2455179.719980 -2.032153 
2455180.651278 -2.397370 
2455181.582576 -2.132323 
2455182.513874 -1.370254 
2455183.445172 -0.441904 
2455184.376469 0.400555 
2455185.307767 1.049978 
2455186.239065 1.484416 
2455187.170363 1.711819 
2455188.101661 1.743462 
2455189.032959 1.584569 
2455189.964257 1.233009 
2455190.895554 0.683878 
2455191.826852 -0.056017 
2455192.758150 -0.933785 
2455193.689448 -1.791836 
2455194.620746 -2.338469 
2455195.552044 -2.293556 
2455196.483342 -1.668122 
2455197.414639 -0.760814 
2455198.345937 0.129740 
2455199.277235 0.850852 
2455200.208533 1.359025 
2455201.139831 1.656201 
2455202.071129 1.754175 
2455203.002426 1.660697 
2455203.933724 1.375970 
2455204.865022 0.895066 
2455205.796320 0.218147 
2455206.727618 -0.623320 
2455207.658916 -1.514890 
2455208.590214 -2.206665 
2455209.521511 -2.383210 
2455210.452809 -1.932968 
2455211.384107 -1.083198 
2455212.315405 -0.162056 
2455213.246703 0.626197 
2455214.178001 1.208627 
2455215.109299 1.577077 
2455216.040596 1.742324 
2455216.971894 1.714267 
2455217.903192 1.495711 
2455218.834490 1.082841 
2455219.765788 0.472159 
2455220.697086 -0.320078 
2455221.628383 -1.215231 
2455222.559681 -2.012035 
2455223.490979 -2.395185 
2455224.422277 -2.149818 
2455225.353575 -1.398537 
2455226.284873 -0.470757 
2455227.216171 0.376684 
2455228.147468 1.032797 
2455229.078766 1.473951 
2455230.010064 1.707688 
2455230.941362 1.745380 
2455231.872660 1.592489 
2455232.803958 1.247085 
2455233.735256 0.704199 
2455234.666553 -0.030119 
2455235.597851 -0.905230 
2455236.529149 -1.767761 
2455237.460447 -2.329301 
2455238.391745 -2.304885 
2455239.323043 -1.693998 
2455240.254341 -0.790358 
2455241.185638 0.103820 
2455242.116936 0.831319 
2455243.048234 1.346289 
2455243.979532 1.649934 
2455244.910830 1.754030 
2455245.842128 1.666544 
2455246.773425 1.387908 
2455247.704723 0.913255 
2455248.636021 0.242301 
2455249.567319 -0.595120 
2455250.498617 -1.488170 
2455251.429915 -2.191258 
2455252.361213 -2.387589 
2455253.292510 -1.955064 
2455254.223808 -1.112571 
2455255.155106 -0.189721 
2455256.086404 0.604347 
2455257.017702 1.193575 
2455257.949000 1.568632 
2455258.880298 1.740102 
2455259.811595 1.718053 
2455260.742893 1.505533 
2455261.674191 1.098873 
2455262.605489 0.494361 
2455263.536787 -0.292874 
2455264.468085 -1.187078 
2455265.399382 -1.991499 
2455266.330680 -2.392342 
2455267.261978 -2.166792 
2455268.193276 -1.426655 
2455269.124574 -0.499704 
2455270.055872 0.352617 
2455270.987170 1.015399 
2455271.918467 1.463280 
2455272.849765 1.703363 
2455273.781063 1.747109 
2455274.712361 1.600219 
2455275.643659 1.260964 
2455276.574957 0.724326 
2455277.506255 -0.004369 
2455278.437552 -0.876675 
2455279.368850 -1.743388 
2455280.300148 -2.319524 
2455281.231446 -2.315602 
2455282.162744 -1.719584 
2455283.094042 -0.819925 
2455284.025340 0.077725 
2455284.956637 0.811572 
2455285.887935 1.333342 
2455286.819233 1.643470 
2455287.750531 1.753696 
2455288.681829 1.672201 
2455289.613127 1.399650 
2455290.544424 0.931246 
2455291.475722 0.266283 
2455292.407020 -0.566988 
2455293.338318 -1.461270 
2455294.269616 -2.175332 
2455295.200914 -2.391308 
2455296.132212 -1.976745 
2455297.063509 -1.141878 
2455297.994807 -0.217526 
2455298.926105 0.582289 
2455299.857403 1.178310 
2455300.788701 1.559986 
2455301.719999 1.737689 
2455302.651297 1.721650 
2455303.582594 1.515162 
2455304.513892 1.114708 
2455305.445190 0.516376 
2455306.376488 -0.265786 
2455307.307786 -1.158848 
2455308.239084 -1.970556 
2455309.170381 -2.388843 
2455310.101679 -2.183234 
2455311.032977 -1.454596 
2455311.964275 -0.528738 
2455312.895573 0.328354 
2455313.826871 0.997786 
2455314.758169 1.452403 
2455315.689466 1.698844 
2455316.620764 1.748649 
2455317.552062 1.607758 
2455318.483360 1.274646 
2455319.414658 0.744259 
2455320.345956 0.021230 
2455321.277254 -0.848128 
2455322.208551 -1.718731 
2455323.139849 -2.309145 
2455324.071147 -2.325701 
2455325.002445 -1.744871 
2455325.933743 -0.849509 
2455326.865041 0.051459 
2455327.796338 0.791610 
2455328.727636 1.320185 
2455329.658934 1.636808 
2455330.590232 1.753173 
2455331.521530 1.677669 
2455332.452828 1.411198 
2455333.384126 0.949040 
2455334.315423 0.290092 
2455335.246721 -0.538929 
2455336.178019 -1.434202 
2455337.109317 -2.158894 
2455338.040615 -2.394366 
2455338.971913 -1.997999 
2455339.903211 -1.171109 
2455340.834508 -0.245466 
2455341.765806 0.560023 
2455342.697104 1.162830 
2455343.628402 1.551137 
2455344.559700 1.735084 
2455345.490998 1.725059 
2455346.422296 1.524599 
2455347.353593 1.130345 
2455348.284891 0.538205 
2455349.216189 -0.238818 
2455350.147487 -1.130550 
2455351.078785 -1.949217 
2455352.010083 -2.384691 
2455352.941380 -2.199137 
2455353.872678 -1.482349 
2455354.803976 -0.557854 
2455355.735274 0.303897 
2455356.666572 0.979958 
2455357.597870 1.441318 
2455358.529168 1.694129 
2455359.460465 1.750000 
2455360.391763 1.615107 
2455361.323061 1.288131 
2455362.254359 0.763998 
2455363.185657 0.046675 
2455364.116955 -0.819596 
2455365.048253 -1.693800 
2455365.979550 -2.298169 
2455366.910848 -2.335177 
2455367.842146 -1.769846 
2455368.773444 -0.879102 
2455369.704742 0.025023 
2455370.636040 0.771435 
2455371.567337 1.306817 
2455372.498635 1.629947 
2455373.429933 1.752459 
2455374.361231 1.682948 
2455375.292529 1.422551 
2455376.223827 0.966637 
2455377.155125 0.313726 
2455378.086422 -0.510947 
2455379.017720 -1.406973 
2455379.949018 -2.141956 
2455380.880316 -2.396762 
2455381.811614 -2.018815 
2455382.742912 -1.200254 
2455383.674210 -0.273537 
2455384.605507 0.537551 
2455385.536805 1.147136 
2455386.468103 1.542085 
2455387.399401 1.732287 
2455388.330699 1.728279 
2455389.261997 1.533843 
2455390.193294 1.145784 
2455391.124592 0.559846 
2455392.055890 -0.211975 
2455392.987188 -1.102192 
2455393.918486 -1.927494 
2455394.849784 -2.379889 
2455395.781082 -2.214489 
2455396.712379 -1.509905 
2455397.643677 -0.587046 
2455398.574975 0.279249 
2455399.506273 0.961913 
2455400.437571 1.430026 
2455401.368869 1.689220 
2455402.300167 1.751163 
2455403.231464 1.622265 
2455404.162762 1.301421 
2455405.094060 0.783542 
2455406.025358 0.071965 
2455406.956656 -0.791084 
2455407.887954 -1.668605 
2455408.819252 -2.286605 
2455409.750549 -2.344024 
2455410.681847 -1.794497 
2455411.613145 -0.908695 
2455412.544443 -0.001580 
2455413.475741 0.751046 
2455414.407039 1.293237 
2455415.338336 1.622888 
2455416.269634 1.751556 
2455417.200932 1.688038 
2455418.132230 1.433710 
2455419.063528 0.984036 
2455419.994826 0.337184 
2455420.926124 -0.483048 
2455421.857421 -1.379596 
2455422.788719 -2.124526 
2455423.720017 -2.398494 
2455424.651315 -2.039182 
2455425.582613 -1.229304 
2455426.513911 -0.301736 
2455427.445209 0.514873 
2455428.376506 1.131227 
2455429.307804 1.532830 
2455430.239102 1.729298 
2455431.170400 1.731310 
2455432.101698 1.542896 
2455433.032996 1.161025 
2455433.964293 0.581297 
2455434.895591 -0.185259 
2455435.826889 -1.073783 
2455436.758187 -1.905397 
2455437.689485 -2.374442 
2455438.620783 -2.229284 
2455439.552081 -1.537250 
2455440.483378 -0.616308 
2455441.414676 0.254410 
2455442.345974 0.943653 
2455443.277272 1.418527 
2455444.208570 1.684115 
2455445.139868 1.752137 
2455446.071166 1.629233 
2455447.002463 1.314514 
2455447.933761 0.802891 
2455448.865059 0.097097 
2455449.796357 -0.762600 
2455450.727655 -1.643158 
2455451.658953 -2.274460 
2455452.590250 -2.352236 
2455453.521548 -1.818813 
2455454.452846 -0.938282 
2455455.384144 -0.028346 
2455456.315442 0.730444 
2455457.246740 1.279444 
2455458.178038 1.615629 
2455459.109335 1.750462 
2455460.040633 1.692939 
2455460.971931 1.444674 
2455461.903229 1.001237 
2455462.834527 0.360463 
2455463.765825 -0.455237 
2455464.697123 -1.352078 
2455465.628420 -2.106616 
2455466.559718 -2.399563 
2455467.491016 -2.059089 
2455468.422314 -1.258250 
2455469.353612 -0.330057 
2455470.284910 0.491990 
2455471.216208 1.115103 
2455472.147505 1.523371 
2455473.078803 1.726116 
2455474.010101 1.734153 
2455474.941399 1.551756 
2455475.872697 1.176069 
2455476.803995 0.602560 
2455477.735292 -0.158673 
2455478.666590 -1.045330 
2455479.597888 -1.882938 
2455480.529186 -2.368353 
2455481.460484 -2.243511 
2455482.391782 -1.564375 
2455483.323080 -0.645634 
2455484.254377 0.229384 
2455485.185675 0.925177 
2455486.116973 1.406819 
2455487.048271 1.678815 
2455487.979569 1.752921 
2455488.910867 1.636012 
2455489.842165 1.327411 
2455490.773462 0.822045 
2455491.704760 0.122068 
2455492.636058 -0.734149 
2455493.567356 -1.617470 
2455494.498654 -2.261743 
2455495.429952 -2.359809 
2455496.361249 -1.842782 
2455497.292547 -0.967853 
2455498.223845 -0.055273 
2455499.155143 0.709629 
2455500.086441 1.265440 
2455501.017739 1.608170 
2455501.949037 1.749178 
2455502.880334 1.697651 
2455503.811632 1.455445 
2455504.742930 1.018241 
2455505.674228 0.383563 
2455506.605526 -0.427518 
2455507.536824 -1.324431 
2455508.468122 -2.088235 
2455509.399419 -2.399967 
2455510.330717 -2.078525 
2455511.262015 -1.287080 
2455512.193313 -0.358496 
2455513.124611 0.468903 
2455514.055909 1.098764 
2455514.987206 1.513708 
2455515.918504 1.722742 
2455516.849802 1.736808 
2455517.781100 1.560425 
2455518.712398 1.190916 
2455519.643696 0.623631 
2455520.574994 -0.132222 
2455521.506291 -1.016842 
2455522.437589 -1.860128 
2455523.368887 -2.361627 
2455524.300185 -2.257164 
2455525.231483 -1.591268 
2455526.162781 -0.675017 
2455527.094079 0.204171 
2455528.025376 0.906486 
2455528.956674 1.394903 
2455529.887972 1.673319 
2455530.819270 1.753517 
2455531.750568 1.642600 
2455532.681866 1.340112 
2455533.613164 0.841002 
2455534.544461 0.146876 
2455535.475759 -0.705739 
2455536.407057 -1.591551 
2455537.338355 -2.248460 
2455538.269653 -2.366739 
2455539.200951 -1.866392 
2455540.132248 -0.997401 
2455541.063546 -0.082356 
2455541.994844 0.688603 
2455542.926142 1.251223 
2455543.857440 1.600512 
2455544.788738 1.747703 
2455545.720036 1.702175 
2455546.651333 1.466023 
2455547.582631 1.035047 
2455548.513929 0.406483 
2455549.445227 -0.399895 
2455550.376525 -1.296662 
2455551.307823 -2.069395 
2455552.239121 -2.399708 
2455553.170418 -2.097480 
2455554.101716 -1.315786 
2455555.033014 -0.387048 
2455555.964312 0.445614 
2455556.895610 1.082210 
2455557.826908 1.503841 
2455558.758205 1.719174 
2455559.689503 1.739274 
2455560.620801 1.568902 
2455561.552099 1.205565 
2455562.483397 0.644512 
2455563.414695 -0.105908 
2455564.345993 -0.988326 
2455565.277290 -1.836978 
2455566.208588 -2.354268 
2455567.139886 -2.270233 
2455568.071184 -1.617917 
2455569.002482 -0.704452 
2455569.933780 0.178774 
2455570.865078 0.887579 
2455571.796375 1.382777 
2455572.727673 1.667626 
2455573.658971 1.753924 
2455574.590269 1.648998 
2455575.521567 1.352617 
2455576.452865 0.859763 
2455577.384163 0.171520 
2455578.315460 -0.677373 
2455579.246758 -1.565412 
2455580.178056 -2.234622 
2455581.109354 -2.373020 
2455582.040652 -1.889632 
2455582.971950 -1.026917 
2455583.903247 -0.109594 
2455584.834545 0.667365 
2455585.765843 1.236793 
2455586.697141 1.592653 
2455587.628439 1.746038 
2455588.559737 1.706509 
2455589.491035 1.476406 
2455590.422332 1.051655 
2455591.353630 0.429221 
2455592.284928 -0.372373 
2455593.216226 -1.268782 
2455594.147524 -2.050105 
2455595.078822 -2.398786 
2455596.010120 -2.115943 
2455596.941417 -1.344357 
2455597.872715 -0.415708 
2455598.804013 0.422125 
2455599.735311 1.065441 
2455600.666609 1.493769 
2455601.597907 1.715413 
2455602.529204 1.741552 
2455603.460502 1.577188 
2455604.391800 1.220017 
2455605.323098 0.665201 
2455606.254396 -0.079734 
2455607.185694 -0.959789 
2455608.116992 -1.813499 
2455609.048289 -2.346283 
2455609.979587 -2.282711 
2455610.910885 -1.644312 
2455611.842183 -0.733931 
2455612.773481 0.153195 
2455613.704779 0.868457 
2455614.636077 1.370442 
2455615.567374 1.661736 
2455616.498672 1.754142 
2455617.429970 1.655207 
2455618.361268 1.364928 
2455619.292566 0.878328 
2455620.223864 0.195998 
2455621.155161 -0.649060 
2455622.086459 -1.539063 
2455623.017757 -2.220236 
2455623.949055 -2.378651 
2455624.880353 -1.912490 
2455625.811651 -1.056392 
2455626.742949 -0.136982 
2455627.674246 0.645916 
2455628.605544 1.222150 
2455629.536842 1.584593 
2455630.468140 1.744181 
2455631.399438 1.710655 
2455632.330736 1.486597 
2455633.262034 1.068066 
2455634.193331 0.451775 
2455635.124629 -0.344956 
2455636.055927 -1.240800 
2455636.987225 -2.030377 
2455637.918523 -2.397202 
2455638.849821 -2.133904 
2455639.781119 -1.372782 
2455640.712416 -0.444472 
2455641.643714 0.398435 
2455642.575012 1.048455 
2455643.506310 1.483491 
2455644.437608 1.711459 
2455645.368906 1.743641 
2455646.300203 1.585282 
2455647.231501 1.234272 
2455648.162799 0.685697 
2455649.094097 -0.053703 
2455650.025395 -0.931239 
2455650.956693 -1.789702 
2455651.887991 -2.337676 
2455652.819288 -2.294590 
2455653.750586 -1.670440 
2455654.681884 -0.763447 
2455655.613182 0.127436 
2455656.544480 0.849119 
2455657.475778 1.357898 
2455658.407076 1.655650 
2455659.338373 1.754170 
2455660.269671 1.661226 
2455661.200969 1.377042 
2455662.132267 0.896696 
2455663.063565 0.220307 
2455663.994863 -0.620803 
2455664.926160 -1.512515 
2455665.857458 -2.205312 
2455666.788756 -2.383627 
2455667.720054 -1.934954 
2455668.651352 -1.085819 
2455669.582650 -0.164517 
2455670.513948 0.624257 
2455671.445245 1.207294 
2455672.376543 1.576332 
2455673.307841 1.742134 
2455674.239139 1.714613 
2455675.170437 1.496595 
2455676.101735 1.084278 
2455677.033033 0.474146 
2455677.964330 -0.317649 
2455678.895628 -1.212724 
2455679.826926 -2.010221 
2455680.758224 -2.394958 
2455681.689522 -2.151353 
2455682.620820 -1.401051 
2455683.552117 -0.473334 
2455684.483415 0.374547 
2455685.414713 1.031255 
2455686.346011 1.473008 
2455687.277309 1.707310 
2455688.208607 1.745542 
2455689.139905 1.593186 
2455690.071202 1.248330 
2455691.002500 0.706001 
2455691.933798 -0.027818 
2455692.865096 -0.902684 
2455693.796394 -1.765600 
2455694.727692 -2.328454 
2455695.658990 -2.305865 
2455696.590287 -1.696290 
2455697.521585 -0.792993 
2455698.452883 0.101501 
2455699.384181 0.829567 
2455700.315479 1.345143 
2455701.246777 1.649366 
2455702.178075 1.754008 
2455703.109372 1.667056 
2455704.040670 1.388962 
2455704.971968 0.914866 
2455705.903266 0.244446 
2455706.834564 -0.592610 
2455707.765862 -1.485779 
2455708.697159 -2.189859 
2455709.628457 -2.387947 
2455710.559755 -1.957014 
2455711.491053 -1.115187 
2455712.422351 -0.192194 
2455713.353649 0.602389 
2455714.284947 1.192223 
2455715.216244 1.567870 
2455716.147542 1.739895 
2455717.078840 1.718381 
2455718.010138 1.506399 
2455718.941436 1.100293 
2455719.872734 0.496331 
2455720.804032 -0.290454 
2455721.735329 -1.184564 
2455722.666627 -1.989648 
2455723.597925 -2.392056 
2455724.529223 -2.168279 
2455725.460521 -1.429153 
2455726.391819 -0.502288 
2455727.323116 0.350462 
2455728.254414 1.013838 
2455729.185712 1.462319 
2455730.117010 1.702968 
2455731.048308 1.747254 
2455731.979606 1.600899 
2455732.910904 1.262191 
2455733.842201 0.726111 
2455734.773499 -0.002081 
2455735.704797 -0.874130 
2455736.636095 -1.741202 
2455737.567393 -2.318623 
2455738.498691 -2.316527 
2455739.429989 -1.721851 
2455740.361286 -0.822562 
2455741.292584 0.075391 
2455742.223882 0.809801 
2455743.155180 1.332178 
2455744.086478 1.642884 
2455745.017776 1.753658 
2455745.949073 1.672696 
2455746.880371 1.400687 
2455747.811669 0.932840 
2455748.742967 0.268413 
2455749.674265 -0.564484 
2455750.605563 -1.458864 
2455751.536861 -2.173887 
2455752.468158 -2.391607 
2455753.399456 -1.978657 
2455754.330754 -1.144487 
2455755.262052 -0.220011 
2455756.193350 0.580313 
2455757.124648 1.176939 
2455758.055946 1.559205 
2455758.987243 1.737465 
2455759.918541 1.721962 
2455760.849839 1.516011 
2455761.781137 1.116110 
2455762.712435 0.518330 
2455763.643733 -0.263377 
2455764.575031 -1.156328 
2455765.506328 -1.968669 
2455766.437626 -2.388499 
2455767.368924 -2.184674 
2455768.300222 -1.457078 
2455769.231520 -0.531330 
2455770.162818 0.326182 
2455771.094115 0.996206 
2455772.025413 1.451423 
2455772.956711 1.698431 
2455773.888009 1.748777 
2455774.819307 1.608421 
2455775.750605 1.275856 
2455776.681903 0.746027 
2455777.613200 0.023504 
2455778.544498 -0.845584 
2455779.475796 -1.716520 
2455780.407094 -2.308190 
2455781.338392 -2.326572 
2455782.269690 -1.747110 
2455783.200988 -0.852147 
2455784.132285 0.049109 
2455785.063583 0.789820 
2455785.994881 1.319002 
2455786.926179 1.636204 
2455787.857477 1.753117 
2455788.788775 1.678147 
2455789.720072 1.412218 
2455790.651370 0.950617 
2455791.582668 0.292206 
2455792.513966 -0.536431 
2455793.445264 -1.431781 
2455794.376562 -2.157404 
2455795.307860 -2.394606 
2455796.239157 -1.999872 
2455797.170455 -1.173710 
2455798.101753 -0.247963 
2455799.033051 0.558028 
2455799.964349 1.161440 
2455800.895647 1.550338 
2455801.826945 1.734843 
2455802.758242 1.725353 
2455803.689540 1.525431 
2455804.620838 1.131729 
2455805.552136 0.540142 
2455806.483434 -0.236420 
2455807.414732 -1.128024 
2455808.346029 -1.947296 
2455809.277327 -2.384289 
2455810.208625 -2.200528 
2455811.139923 -1.484814 
2455812.071221 -0.560453 
2455813.002519 0.301708 
2455813.933817 0.978358 
2455814.865114 1.440320 
2455815.796412 1.693700 
2455816.727710 1.750111 
2455817.659008 1.615753 
2455818.590306 1.289324 
2455819.521604 0.765749 
2455820.452902 0.048936 
2455821.384199 -0.817053 
2455822.315497 -1.691564 
2455823.246795 -2.297162 
2455824.178093 -2.335992 
2455825.109391 -1.772057 
2455826.040689 -0.881740 
2455826.971987 0.022658 
2455827.903284 0.769626 
2455828.834582 1.305615 
2455829.765880 1.629326 
2455830.697178 1.752386 
2455831.628476 1.683409 
2455832.559774 1.423553 
2455833.491071 0.968196 
2455834.422369 0.315825 
2455835.353667 -0.508457 
2455836.284965 -1.404539 
2455837.216263 -2.140422 
2455838.147561 -2.396943 
2455839.078859 -2.020649 
2455840.010156 -1.202848 
2455840.941454 -0.276046 
2455841.872752 0.535538 
2455842.804050 1.145727 
2455843.735348 1.541268 
2455844.666646 1.732028 
2455845.597944 1.728557 
2455846.529241 1.534658 
2455847.460539 1.147150 
2455848.391837 0.561766 
2455849.323135 -0.209588 
2455850.254433 -1.099662 
2455851.185731 -1.925539 
2455852.117028 -2.379430 
2455853.048326 -2.215831 
2455853.979624 -1.512351 
2455854.910922 -0.589652 
2455855.842220 0.277042 
2455856.773518 0.960294 
2455857.704816 1.429010 
2455858.636113 1.688773 
2455859.567411 1.751257 
2455860.498709 1.622894 
2455861.430007 1.302596 
2455862.361305 0.785275 
2455863.292603 0.074212 
2455864.223901 -0.788544 
2455865.155198 -1.666347 
2455866.086496 -2.285546 
2455867.017794 -2.344782 
2455867.949092 -1.796679 
2455868.880390 -0.911333 
2455869.811688 -0.003959 
2455870.742986 0.749218 
2455871.674283 1.292016 
2455872.605581 1.622249 
2455873.536879 1.751466 
2455874.468177 1.688483 
2455875.399475 1.434695 
2455876.330773 0.985577 
2455877.262070 0.339266 
2455878.193368 -0.480566 
2455879.124666 -1.377148 
2455880.055964 -2.122949 
2455880.987262 -2.398616 
2455881.918560 -2.040975 
2455882.849858 -1.231889 
2455883.781155 -0.304255 
2455884.712453 0.512841 
2455885.643751 1.129799 
2455886.575049 1.531995 
2455887.506347 1.729022 
2455888.437645 1.731571 
2455889.368943 1.543693 
2455890.300240 1.162374 
2455891.231538 0.583201 
2455892.162836 -0.182883 
2455893.094134 -1.071248 
2455894.025432 -1.903409 
2455894.956730 -2.373925 
2455895.888027 -2.230575 
2455896.819325 -1.539677 
2455897.750623 -0.618920 
2455898.681921 0.252187 
2455899.613219 0.942015 
2455900.544517 1.417491 
2455901.475815 1.683651 
2455902.407112 1.752214 
2455903.338410 1.629845 
2455904.269708 1.315671 
2455905.201006 0.804607 
2455906.132304 0.099329 
2455907.063602 -0.760062 
2455907.994900 -1.640878 
2455908.926197 -2.273350 
2455909.857495 -2.352937 
2455910.788793 -1.820964 
2455911.720091 -0.940919 
2455912.651389 -0.030740 
2455913.582687 0.728597 
2455914.513984 1.278205 
2455915.445282 1.614972 
2455916.376580 1.750355 
2455917.307878 1.693367 
2455918.239176 1.445642 
2455919.170474 1.002761 
2455920.101772 0.362530 
2455921.033069 -0.452762 
2455921.964367 -1.349619 
2455922.895665 -2.104996 
2455923.826963 -2.399626 
2455924.758261 -2.060841 
2455925.689559 -1.260825 
2455926.620857 -0.332587 
2455927.552154 0.489940 
2455928.483452 1.113656 
2455929.414750 1.522518 
2455930.346048 1.725823 
2455931.277346 1.734398 
2455932.208644 1.552537 
2455933.139942 1.177401 
2455934.071239 0.604446 
2455935.002537 -0.156310 
2455935.933835 -1.042792 
2455936.865133 -1.880919 
2455937.796431 -2.367779 
2455938.727729 -2.244752 
2455939.659026 -1.566782 
2455940.590324 -0.648251 
2455941.521622 0.227143 
2455942.452920 0.923519 
2455943.384218 1.405765 
2455944.315516 1.678333 
2455945.246814 1.752982 
2455946.178111 1.636607 
2455947.109409 1.328551 
2455948.040707 0.823743 
2455948.972005 0.124286 
2455949.903303 -0.731615 
2455950.834601 -1.615169 
2455951.765899 -2.260581 
2455952.697196 -2.360453 
2455953.628494 -1.844901 
2455954.559792 -0.970488 
2455955.491090 -0.057681 
2455956.422388 0.707763 
2455957.353686 1.264181 
2455958.284983 1.607496 
2455959.216281 1.749054 
2455960.147579 1.698062 
2455961.078877 1.456396 
2455962.010175 1.019747 
2455962.941473 0.385614 
2455963.872771 -0.425051 
2455964.804068 -1.321960 
2455965.735366 -2.086574 
2455966.666664 -2.399971 
2455967.597962 -2.080235 
2455968.529260 -1.289645 
2455969.460558 -0.361036 
2455970.391856 0.466835 
2455971.323153 1.097297 
2455972.254451 1.512837 
2455973.185749 1.722431 
2455974.117047 1.737036 
2455975.048345 1.561188 
2455975.979643 1.192230 
2455976.910940 0.625501 
2455977.842238 -0.129870 
2455978.773536 -1.014301 
2455979.704834 -1.858078 
2455980.636132 -2.360997 
2455981.567430 -2.258352 
2455982.498728 -1.593654 
2455983.430025 -0.677639 
2455984.361323 0.201914 
2455985.292621 0.904809 
2455986.223919 1.393830 
2455987.155217 1.672819 
2455988.086515 1.753561 
2455989.017813 1.643178 
2455989.949110 1.341235 
2455990.880408 0.842682 
2455991.811706 0.149080 
2455992.743004 -0.703208 
2455993.674302 -1.589229 
2455994.605600 -2.247249 
2455995.536898 -2.367325 
2455996.468195 -1.868479 
2455997.399493 -1.000034 
2455998.330791 -0.084778 
2455999.262089 0.686718 
2456000.193387 1.249945 
2456001.124685 1.599819 
2456002.055982 1.747562 
2456002.987280 1.702569 
2456003.918578 1.466956 
2456004.849876 1.036536 
2456005.781174 0.408517 
2456006.712472 -0.397437 
2456007.643770 -1.294181 
2456008.575067 -2.067693 
2456009.506365 -2.399653 
2456010.437663 -2.099146 
2456011.368961 -1.318339 
2456012.300259 -0.389598 
2456013.231557 0.443529 
2456014.162855 1.080724 
2456015.094152 1.502952 
2456016.025450 1.718847 
2456016.956748 1.739485 
2456017.888046 1.569648 
2456018.819344 1.206861 
2456019.750642 0.646364 
2456020.681939 -0.103569 
2456021.613237 -0.985782 
2456022.544535 -1.834898 
2456023.475833 -2.353582 
2456024.407131 -2.271369 
2456025.338429 -1.620281 
2456026.269727 -0.707078 
2456027.201024 0.176501 
2456028.132322 0.885883 
2456029.063620 1.381686 
2456029.994918 1.667109 
2456030.926216 1.753951 
2456031.857514 1.649559 
2456032.788812 1.353723 
2456033.720109 0.861426 
2456034.651407 0.173709 
2456035.582705 -0.674847 
2456036.514003 -1.563071 
2456037.445301 -2.233362 
2456038.376599 -2.373549 
2456039.307896 -1.891685 
2456040.239194 -1.029546 
2456041.170492 -0.112029 
2456042.101790 0.665461 
2456043.033088 1.235497 
2456043.964386 1.591943 
2456044.895684 1.745880 
2456045.826981 1.706886 
2456046.758279 1.477323 
2456047.689577 1.053126 
2456048.620875 0.431239 
2456049.552173 -0.369925 
2456050.483471 -1.266292 
2456051.414769 -2.048364 
2456052.346066 -2.398672 
2456053.277364 -2.117565 
2456054.208662 -1.346897 
2456055.139960 -0.418268 
2456056.071258 0.420021 
2456057.002556 1.063935 
2456057.933854 1.492861 
2456058.865151 1.715068 
2456059.796449 1.741746 
2456060.727747 1.577917 
2456061.659045 1.221296 
2456062.590343 0.667036 
2456063.521641 -0.077407 
2456064.452938 -0.957244 
2456065.384236 -1.811390 
2456066.315534 -2.345541 
2456067.246832 -2.283794 
2456068.178130 -1.646652 
2456069.109428 -0.736560 
2456070.040726 0.150906 
2456070.972023 0.866741 
2456071.903321 1.369333 
2456072.834619 1.661202 
2456073.765917 1.754152 
2456074.697215 1.655751 
2456075.628513 1.366015 
2456076.559811 0.879973 
2456077.491108 0.198172 
2456078.422406 -0.646539 
2456079.353704 -1.536704 
2456080.285002 -2.218928 
2456081.216300 -2.379121 
2456082.147598 -1.914509 
2456083.078895 -1.059018 
2456084.010193 -0.139431 
2456084.941491 0.643994 
2456085.872789 1.220834 
2456086.804087 1.583865 
2456087.735385 1.744007 
2456088.666683 1.711016 
2456089.597980 1.487496 
2456090.529278 1.069519 
2456091.460576 0.453777 
2456092.391874 -0.342517 
2456093.323172 -1.238301 
2456094.254470 -2.028597 
2456095.185768 -2.397029 
2456096.117065 -2.135480 
2456097.048363 -1.375308 
2456097.979661 -0.447041 
2456098.910959 0.396313 
2456099.842257 1.046931 
2456100.773555 1.482565 
2456101.704852 1.711097 
2456102.636150 1.743818 
2456103.567448 1.585995 
2456104.498746 1.235533 
2456105.430044 0.687515 
2456106.361342 -0.051389 
2456107.292640 -0.928694 
2456108.223937 -1.787566 
2456109.155235 -2.336879 
2456110.086533 -2.295620 
2456111.017831 -1.672756 
2456111.949129 -0.766079 
2456112.880427 0.125131 
2456113.811725 0.847385 
2456114.743022 1.356769 
2456115.674320 1.655098 
2456116.605618 1.754163 
2456117.536916 1.661753 
2456118.468214 1.378113 
2456119.399512 0.898323 
2456120.330810 0.222466 
2456121.262107 -0.618287 
2456122.193405 -1.510140 
2456123.124703 -2.203956 
2456124.056001 -2.384039 
2456124.987299 -1.936937 
2456125.918597 -1.088439 
2456126.849894 -0.166978 
2456127.781192 0.622316 
2456128.712490 1.205959 
2456129.643788 1.575586 
2456130.575086 1.741942 
2456131.506384 1.714956 
2456132.437682 1.497476 
2456133.368979 1.085714 
2456134.300277 0.476131 
2456135.231575 -0.315220 
2456136.162873 -1.210217 
2456137.094171 -2.008404 
2456138.025469 -2.394726 
2456138.956767 -2.152883 
2456139.888064 -1.403563 
2456140.819362 -0.475911 
2456141.750660 0.372408 
2456142.681958 1.029711 
2456143.613256 1.472064 
2456144.544554 1.706931 
2456145.475851 1.745702 
2456146.407149 1.593881 
2456147.338447 1.249574 
2456148.269745 0.707801 
2456149.201043 -0.025517 
2456150.132341 -0.900138 
2456151.063639 -1.763437 
2456151.994936 -2.327603 
2456152.926234 -2.306840 
2456153.857532 -1.698581 
2456154.788830 -0.795628 
2456155.720128 0.099180 
2456156.651426 0.827814 
2456157.582724 1.343996 
2456158.514021 1.648796 
2456159.445319 1.753985 
2456160.376617 1.667566 
2456161.307915 1.390015 
2456162.239213 0.916477 
2456163.170511 0.246589 
2456164.101809 -0.590100 
2456165.033106 -1.483387 
2456165.964404 -2.188457 
2456166.895702 -2.388300 
2456167.827000 -1.958960 
2456168.758298 -1.117801 
2456169.689596 -0.194668 
2456170.620893 0.600430 
2456171.552191 1.190869 
2456172.483489 1.567105 
2456173.414787 1.739686 
2456174.346085 1.718708 
2456175.277383 1.507264 
2456176.208681 1.101711 
2456177.139978 0.498300 
2456178.071276 -0.288036 
2456179.002574 -1.182050 
2456179.933872 -1.987794 
2456180.865170 -2.391766 
2456181.796468 -2.169762 
2456182.727766 -1.431650 
2456183.659063 -0.504874 
2456184.590361 0.348305 
2456185.521659 1.012275 
2456186.452957 1.461356 
2456187.384255 1.702572 
2456188.315553 1.747397 
2456189.246850 1.601577 
2456190.178148 1.263417 
2456191.109446 0.727894 
2456192.040744 0.000206 
2456192.972042 -0.871585 
2456193.903340 -1.739013 
2456194.834638 -2.317718 
2456195.765935 -2.317448 
2456196.697233 -1.724115 
2456197.628531 -0.825199 
2456198.559829 0.073055 
2456199.491127 0.808028 
2456200.422425 1.331012 
2456201.353723 1.642297 
2456202.285020 1.753617 
2456203.216318 1.673190 
2456204.147616 1.401723 
2456205.078914 0.934433 
2456206.010212 0.270541 
2456206.941510 -0.561980 
2456207.872807 -1.456456 
2456208.804105 -2.172438 
2456209.735403 -2.391901 
2456210.666701 -1.980566 
2456211.597999 -1.147095 
2456212.529297 -0.222498 
2456213.460595 0.578335 
2456214.391892 1.175566 
2456215.323190 1.558423 
2456216.254488 1.737239 
2456217.185786 1.722272 
2456218.117084 1.516859 
2456219.048382 1.117510 
2456219.979680 0.520282 
2456220.910977 -0.260969 
2456221.842275 -1.153807 
2456222.773573 -1.966780 
2456223.704871 -2.388150 
2456224.636169 -2.186109 
2456225.567467 -1.459558 
2456226.498765 -0.533923 
2456227.430062 0.324008 
2456228.361360 0.994623 
2456229.292658 1.450442 
2456230.223956 1.698017 
2456231.155254 1.748903 
2456232.086552 1.609083 
2456233.017849 1.277064 
2456233.949147 0.747793 
2456234.880445 0.025778 
2456235.811743 -0.843040 
2456236.743041 -1.714306 
2456237.674339 -2.307231 
2456238.605637 -2.327437 
2456239.536934 -1.749347 
2456240.468232 -0.854785 
2456241.399530 0.046758 
2456242.330828 0.788029 
2456243.262126 1.317817 
2456244.193424 1.635599 
2456245.124722 1.753059 
2456246.056019 1.678624 
2456246.987317 1.413236 
2456247.918615 0.952192 
2456248.849913 0.294319 
2456249.781211 -0.533934 
2456250.712509 -1.429358 
2456251.643806 -2.155910 
2456252.575104 -2.394841 
2456253.506402 -2.001742 
2456254.437700 -1.176312 
2456255.368998 -0.250461 
2456256.300296 0.556032 
2456257.231594 1.160048 
2456258.162891 1.549538 
2456259.094189 1.734599 
2456260.025487 1.725647 
2456260.956785 1.526261 
2456261.888083 1.133112 
2456262.819381 0.542077 
2456263.750679 -0.234023 
2456264.681976 -1.125498 
2456265.613274 -1.945372 
2456266.544572 -2.383882 
2456267.475870 -2.201914 
2456268.407168 -1.487277 
2456269.338466 -0.563053 
2456270.269763 0.299517 
2456271.201061 0.976756 
2456272.132359 1.439320 
2456273.063657 1.693268 
2456273.994955 1.750221 
2456274.926253 1.616397 
2456275.857551 1.290515 
2456276.788848 0.767497 
2456277.720146 0.051196 
2456278.651444 -0.814511 
2456279.582742 -1.689327 
2456280.514040 -2.296150 
2456281.445338 -2.336801 
2456282.376636 -1.774265 
2456283.307933 -0.884378 
2456284.239231 0.020292 
2456285.170529 0.767815 
2456286.101827 1.304411 
2456287.033125 1.628703 
2456287.964423 1.752312 
2456288.895721 1.683869 
2456289.827018 1.424554 
2456290.758316 0.969753 
2456291.689614 0.317922 
2456292.620912 -0.505967 
2456293.552210 -1.402103 
2456294.483508 -2.138884 
2456295.414805 -2.397119 
2456296.346103 -2.022479 
2456297.277401 -1.205441 
2456298.208699 -0.278556 
2456299.139997 0.533523 
2456300.071295 1.144315 
2456301.002593 1.540450 
2456301.933890 1.731768 
2456302.865188 1.728833 
2456303.796486 1.535471 
2456304.727784 1.148516 
2456305.659082 0.563684 
2456306.590380 -0.207202 
2456307.521678 -1.097131 
2456308.452975 -1.923581 
2456309.384273 -2.378965 
2456310.315571 -2.217168 
2456311.246869 -1.514796 
2456312.178167 -0.592258 
2456313.109465 0.274834 
2456314.040762 0.958673 
2456314.972060 1.427991 
2456315.903358 1.688324 
2456316.834656 1.751350 
2456317.765954 1.623522 
2456318.697252 1.303769 
2456319.628550 0.787007 
2456320.559847 0.076457 
2456321.491145 -0.786003 
2456322.422443 -1.664086 
2456323.353741 -2.284482 
2456324.285039 -2.345535 
2456325.216337 -1.798857 
2456326.147635 -0.913971 
2456327.078932 -0.006340 
2456328.010230 0.747388 
2456328.941528 1.290793 
2456329.872826 1.621608 
2456330.804124 1.751375 
2456331.735422 1.688926 
2456332.666719 1.435679 
2456333.598017 0.987117 
2456334.529315 0.341347 
2456335.460613 -0.478083 
2456336.391911 -1.374700 
2456337.323209 -2.121368 
2456338.254507 -2.398733 
2456339.185804 -2.042765 
2456340.117102 -1.234473 
2456341.048400 -0.306776 
2456341.979698 0.510808 
2456342.910996 1.128368 
2456343.842294 1.531158 
2456344.773592 1.728745 
2456345.704889 1.731831 
2456346.636187 1.544489 
2456347.567485 1.163722 
2456348.498783 0.585102 
2456349.430081 -0.180509 
2456350.361379 -1.068713 
2456351.292677 -1.901419 
2456352.223974 -2.373403 
2456353.155272 -2.231862 
2456354.086570 -1.542103 
2456355.017868 -0.621532 
2456355.949166 0.249962 
2456356.880464 0.940375 
2456357.811761 1.416455 
2456358.743059 1.683185 
2456359.674357 1.752290 
2456360.605655 1.630456 
2456361.536953 1.316827 
2456362.468251 0.806321 
2456363.399549 0.101560 
2456364.330846 -0.757525 
2456365.262144 -1.638596 
2456366.193442 -2.272235 
2456367.124740 -2.353633 
2456368.056038 -1.823112 
2456368.987336 -0.943555 
2456369.918634 -0.033135 
2456370.849931 0.726748 
2456371.781229 1.276963 
2456372.712527 1.614314 
2456373.643825 1.750247 
2456374.575123 1.693793 
2456375.506421 1.446609 
2456376.437718 1.004283 
2456377.369016 0.364595 
2456378.300314 -0.450288 
2456379.231612 -1.347158 
2456380.162910 -2.103373 
2456381.094208 -2.399683 
2456382.025506 -2.062589 
2456382.956803 -1.263399 
2456383.888101 -0.335119 
2456384.819399 0.487889 
2456385.750697 1.112206 
2456386.681995 1.521663 
2456387.613293 1.725529 
2456388.544591 1.734641 
2456389.475888 1.553316 
2456390.407186 1.178731 
2456391.338484 0.606330 
2456392.269782 -0.153947 
2456393.201080 -1.040253 
2456394.132378 -1.878896 
2456395.063676 -2.367200 
2456395.994973 -2.245988 
2456396.926271 -1.569187 
2456397.857569 -0.650869 
2456398.788867 0.224902 
2456399.720165 0.921860 
2456400.651463 1.404710 
2456401.582760 1.677849 
2456402.514058 1.753042 
2456403.445356 1.637200 
2456404.376654 1.329689 
2456405.307952 0.825439 
2456406.239250 0.126503 
2456407.170548 -0.729081 
2456408.101845 -1.612865 
2456409.033143 -2.259416 
2456409.964441 -2.361092 
2456410.895739 -1.847018 
2456411.827037 -0.973123 
2456412.758335 -0.060090 
2456413.689633 0.705896 
2456414.620930 1.262921 
2456415.552228 1.606820 
2456416.483526 1.748929 
2456417.414824 1.698471 
2456418.346122 1.457345 
2456419.277420 1.021252 
2456420.208717 0.387663 
2456421.140015 -0.422586 
2456422.071313 -1.319488 
2456423.002611 -2.084910 
2456423.933909 -2.399969 
2456424.865207 -2.081940 
2456425.796505 -1.292208 
2456426.727802 -0.363578 
2456427.659100 0.464766 
2456428.590398 1.095829 
2456429.521696 1.511964 
2456430.452994 1.722120 
2456431.384292 1.737262 
2456432.315590 1.561950 
2456433.246887 1.193542 
2456434.178185 0.627368 
2456435.109483 -0.127520 
2456436.040781 -1.011759 
2456436.972079 -1.856025 
2456437.903377 -2.360361 
2456438.834674 -2.259537 
2456439.765972 -1.596037 
2456440.697270 -0.680262 
2456441.628568 0.199656 
2456442.559866 0.903130 
2456443.491164 1.392756 
2456444.422462 1.672318 
2456445.353759 1.753604 
2456446.285057 1.643754 
2456447.216355 1.342356 
2456448.147653 0.844361 
2456449.078951 0.151282 
2456450.010249 -0.700678 
2456450.941547 -1.586906 
2456451.872844 -2.246034 
2456452.804142 -2.367906 
2456453.735440 -1.870563 
2456454.666738 -1.002666 
2456455.598036 -0.087201 
2456456.529334 0.684832 
2456457.460632 1.248666 
2456458.391929 1.599125 
2456459.323227 1.747420 
2456460.254525 1.702961 
2456461.185823 1.467888 
2456462.117121 1.038023 
2456463.048419 0.410550 
2456463.979716 -0.394980 
2456464.911014 -1.291699 
2456465.842312 -2.065988 
2456466.773610 -2.399592 
2456467.704908 -2.100808 
2456468.636206 -1.320890 
2456469.567504 -0.392150 
2456470.498801 0.441441 
2456471.430099 1.079236 
2456472.361397 1.502060 
2456473.292695 1.718518 
2456474.223993 1.739694 
2456475.155291 1.570393 
2456476.086589 1.208156 
2456477.017886 0.648215 
2456477.949184 -0.101231 
2456478.880482 -0.983239 
2456479.811780 -1.832815 
2456480.743078 -2.352891 
2456481.674376 -2.272501 
2456482.605673 -1.622642 
2456483.536971 -0.709705 
2456484.468269 0.174226 
2456485.399567 0.884185 
2456486.330865 1.380593 
2456487.262163 1.666590 
2456488.193461 1.753977 
2456489.124758 1.650119 
2456490.056056 1.354827 
2456490.987354 0.863087 
2456491.918652 0.175897 
2456492.849950 -0.672321 
2456493.781248 -1.560729 
2456494.712546 -2.232097 
2456495.643843 -2.374072 
2456496.575141 -1.893736 
2456497.506439 -1.032175 
2456498.437737 -0.114466 
2456499.369035 0.663556 
2456500.300333 1.234198 
2456501.231630 1.591231 
2456502.162928 1.745721 
2456503.094226 1.707262 
2456504.025524 1.478237 
2456504.956822 1.054596 
2456505.888120 0.433255 
2456506.819418 -0.367477 
2456507.750715 -1.263801 
2456508.682013 -2.046620 
2456509.613311 -2.398552 
2456510.544609 -2.119182 
2456511.475907 -1.349436 
2456512.407205 -0.420829 
2456513.338503 0.417915 
2456514.269800 1.062428 
2456515.201098 1.491952 
2456516.132396 1.714722 
2456517.063694 1.741938 
2456517.994992 1.578645 
2456518.926290 1.222573 
2456519.857588 0.668869 
2456520.788885 -0.075082 
2456521.720183 -0.954699 
2456522.651481 -1.809279 
2456523.582779 -2.344794 
2456524.514077 -2.284873 
2456525.445375 -1.648990 
2456526.376672 -0.739190 
2456527.307970 0.148615 
2456528.239268 0.865025 
2456529.170566 1.368221 
2456530.101864 1.660666 
2456531.033162 1.754160 
2456531.964460 1.656294 
2456532.895757 1.367102 
2456533.827055 0.881617 
2456534.758353 0.200344 
2456535.689651 -0.644018 
2456536.620949 -1.534344 
2456537.552247 -2.217615 
2456538.483545 -2.379586 
2456539.414842 -1.916524 
2456540.346140 -1.061643 
2456541.277438 -0.141880 
2456542.208736 0.642070 
2456543.140034 1.219517 
2456544.071332 1.583135 
2456545.002629 1.743830 
2456545.933927 1.711375 
2456546.865225 1.488394 
2456547.796523 1.070971 
2456548.727821 0.455777 
2456549.659119 -0.340079 
2456550.590417 -1.235801 
2456551.521714 -2.026814 
2456552.453012 -2.396850 
2456553.384310 -2.137053 
2456554.315608 -1.377834 
2456555.246906 -0.449611 
2456556.178204 0.394190 
2456557.109502 1.045404 
2456558.040799 1.481637 
2456558.972097 1.710733 
2456559.903395 1.743994 
2456560.834693 1.586706 
2456561.765991 1.236793 
2456562.697289 0.689331 
2456563.628586 -0.049077 
2456564.559884 -0.926148 
2456565.491182 -1.785427 
2456566.422480 -2.336077 
2456567.353778 -2.296645 
2456568.285076 -1.675070 
2456569.216374 -0.768712 
2456570.147671 0.122825 
2456571.078969 0.845649 
2456572.010267 1.355639 
2456572.941565 1.654544 
2456573.872863 1.754155 
2456574.804161 1.662279 
2456575.735459 1.379182 
2456576.666756 0.899950 
2456577.598054 0.224623 
2456578.529352 -0.615772 
2456579.460650 -1.507762 
2456580.391948 -2.202596 
2456581.323246 -2.384446 
2456582.254544 -1.938917 
2456583.185841 -1.091059 
2456584.117139 -0.169441 
2456585.048437 0.620374 
2456585.979735 1.204622 
2456586.911033 1.574838 
2456587.842331 1.741749 
2456588.773628 1.715298 
2456589.704926 1.498357 
2456590.636224 1.087148 
2456591.567522 0.478115 
2456592.498820 -0.312792 
2456593.430118 -1.207709 
2456594.361416 -2.006583 
2456595.292713 -2.394489 
2456596.224011 -2.154409 
2456597.155309 -1.406074 
2456598.086607 -0.478490 
2456599.017905 0.370267 
2456599.949203 1.028165 
2456600.880501 1.471118 
2456601.811798 1.706550 
2456602.743096 1.745861 
2456603.674394 1.594575 
2456604.605692 1.250816 
2456605.536990 0.709601 
2456606.468288 -0.023218 
2456607.399585 -0.897593 
2456608.330883 -1.761271 
2456609.262181 -2.326746 
2456610.193479 -2.307811 
2456611.124777 -1.700869 
2456612.056075 -0.798263 
2456612.987373 0.096858 
2456613.918670 0.826059 
2456614.849968 1.342847 
2456615.781266 1.648225 
2456616.712564 1.753960 
2456617.643862 1.668075 
2456618.575160 1.391067 
2456619.506458 0.918086 
2456620.437755 0.248732 
2456621.369053 -0.587590 
2456622.300351 -1.480993 
2456623.231649 -2.187049 
2456624.162947 -2.388648 
2456625.094245 -1.960903 
2456626.025542 -1.120416 
2456626.956840 -0.197144 
2456627.888138 0.598468 
2456628.819436 1.189514 
2456629.750734 1.566340 
2456630.682032 1.739476 
2456631.613330 1.719033 
2456632.544627 1.508127 
2456633.475925 1.103127 
2456634.407223 0.500267 
2456635.338521 -0.285618 
2456636.269819 -1.179535 
2456637.201117 -1.985937 
2456638.132415 -2.391470 
2456639.063712 -2.171241 
2456639.995010 -1.434145 
2456640.926308 -0.507460 
2456641.857606 0.346147 
2456642.788904 1.010710 
2456643.720202 1.460391 
2456644.651500 1.702173 
2456645.582797 1.747539 
2456646.514095 1.602254 
2456647.445393 1.264642 
2456648.376691 0.729676 
2456649.307989 0.002492 
2456650.239287 -0.869039 
2456651.170584 -1.736822 
2456652.101882 -2.316807 
2456653.033180 -2.318364 
2456653.964478 -1.726377 
2456654.895776 -0.827836 
2456655.827074 0.070717 
2456656.758372 0.806254 
2456657.689669 1.329844 
2456658.620967 1.641708 
2456659.552265 1.753575 
2456660.483563 1.673682 
2456661.414861 1.402757 
2456662.346159 0.936024 
2456663.277457 0.272668 
2456664.208754 -0.559477 
2456665.140052 -1.454047 
2456666.071350 -2.170985 
2456667.002648 -2.392190 
2456667.933946 -1.982471 
2456668.865244 -1.149703 
2456669.796541 -0.224985 
2456670.727839 0.576355 
2456671.659137 1.174191 
2456672.590435 1.557639 
2456673.521733 1.737011 
2456674.453031 1.722580 
2456675.384329 1.517705 
2456676.315626 1.118909 
2456677.246924 0.522233 
2456678.178222 -0.258562 
2456679.109520 -1.151286 
2456680.040818 -1.964887 
2456680.972116 -2.387796 
2456681.903414 -2.187540 
2456682.834711 -1.462037 
2456683.766009 -0.536517 
2456684.697307 0.321832 
2456685.628605 0.993039 
2456686.559903 1.449459 
2456687.491201 1.697602 
2456688.422499 1.749029 
2456689.353796 1.609742 
2456690.285094 1.278272 
2456691.216392 0.749557 
2456692.147690 0.028050 
2456693.078988 -0.840496 
2456694.010286 -1.712090 
2456694.941583 -2.306267 
2456695.872881 -2.328297 
2456696.804179 -1.751581 
2456697.735477 -0.857423 
2456698.666775 0.044405 
2456699.598073 0.786235 
2456700.529371 1.316631 
2456701.460668 1.634993 
2456702.391966 1.753001 
2456703.323264 1.679099 
2456704.254562 1.414253 
2456705.185860 0.953765 
2456706.117158 0.296430 
2456707.048456 -0.531438 
2456707.979753 -1.426935 
2456708.911051 -2.154413 
2456709.842349 -2.395071 
2456710.773647 -2.003609 
2456711.704945 -1.178912 
2456712.636243 -0.252961 
2456713.567540 0.554034 
2456714.498838 1.158654 
2456715.430136 1.548736 
2456716.361434 1.734355 
2456717.292732 1.725938 
2456718.224030 1.527090 
2456719.155328 1.134493 
2456720.086625 0.544011 
2456721.017923 -0.231627 
2456721.949221 -1.122971 
2456722.880519 -1.943445 
2456723.811817 -2.383470 
2456724.743115 -2.203297 
2456725.674413 -1.489739 
2456726.605710 -0.565654 
2456727.537008 0.297324 
2456728.468306 0.975153 
2456729.399604 1.438319 
2456730.330902 1.692836 
2456731.262200 1.750330 
2456732.193497 1.617040 
2456733.124795 1.291705 
2456734.056093 0.769244 
2456734.987391 0.053454 
2456735.918689 -0.811968 
2456736.849987 -1.687087 
2456737.781285 -2.295134 
2456738.712582 -2.337605 
2456739.643880 -1.776471 
2456740.575178 -0.887016 
2456741.506476 0.017924 
2456742.437774 0.766003 
2456743.369072 1.303206 
2456744.300370 1.628079 
2456745.231667 1.752236 
2456746.162965 1.684328 
2456747.094263 1.425554 
2456748.025561 0.971309 
2456748.956859 0.320017 
2456749.888157 -0.503478 
2456750.819455 -1.399666 
2456751.750752 -2.137342 
2456752.682050 -2.397290 
2456753.613348 -2.024306 
2456754.544646 -1.208033 
2456755.475944 -0.281066 
2456756.407242 0.531506 
2456757.338539 1.142903 
2456758.269837 1.539630 
2456759.201135 1.731506 
2456760.132433 1.729108 
2456761.063731 1.536283 
2456761.995029 1.149879 
2456762.926327 0.565601 
2456763.857624 -0.204817 
2456764.788922 -1.094599 
2456765.720220 -1.921620 
2456766.651518 -2.378496 
2456767.582816 -2.218501 
2456768.514114 -1.517239 
2456769.445412 -0.594865 
2456770.376709 0.272625 
2456771.308007 0.957051 
2456772.239305 1.426971 
2456773.170603 1.687874 
2456774.101901 1.751442 
2456775.033199 1.624148 
2456775.964496 1.304941 
2456776.895794 0.788736 
2456777.827092 0.078702 
2456778.758390 -0.783463 
2456779.689688 -1.661824 
2456780.620986 -2.283414 
2456781.552284 -2.346283 
2456782.483581 -1.801033 
2456783.414879 -0.916609 
2456784.346177 -0.008722 
2456785.277475 0.745557 
2456786.208773 1.289569 
2456787.140071 1.620966 
2456788.071369 1.751282 
2456789.002666 1.689367 
2456789.933964 1.436661 
2456790.865262 0.988656 
2456791.796560 0.343427 
2456792.727858 -0.475602 
2456793.659156 -1.372250 
2456794.590453 -2.119783 
2456795.521751 -2.398845 
2456796.453049 -2.044551 
2456797.384347 -1.237056 
2456798.315645 -0.309298 
2456799.246943 0.508773 
2456800.178241 1.126936 
2456801.109538 1.530320 
2456802.040836 1.728466 
2456802.972134 1.732089 
2456803.903432 1.545284 
2456804.834730 1.165068 
2456805.766028 0.587002 
2456806.697326 -0.178136 
2456807.628623 -1.066178 
2456808.559921 -1.899426 
2456809.491219 -2.372876 
2456810.422517 -2.233145 
2456811.353815 -1.544526 
2456812.285113 -0.624145 
2456813.216411 0.247736 
2456814.147708 0.938733 
2456815.079006 1.415416 
2456816.010304 1.682717 
2456816.941602 1.752365 
2456817.872900 1.631065 
2456818.804198 1.317982 
2456819.735495 0.808033 
2456820.666793 0.103791 
2456821.598091 -0.754988 
2456822.529389 -1.636311 
2456823.460687 -2.271115 
2456824.391985 -2.354324 
2456825.323283 -1.825258 
2456826.254580 -0.946192 
2456827.185878 -0.035532 
2456828.117176 0.724898 
2456829.048474 1.275720 
2456829.979772 1.613654 
2456830.911070 1.750137 
2456831.842368 1.694218 
2456832.773665 1.447574 
2456833.704963 1.005804 
2456834.636261 0.366659 
2456835.567559 -0.447815 
2456836.498857 -1.344697 
2456837.430155 -2.101746 
2456838.361452 -2.399736 
2456839.292750 -2.064333 
2456840.224048 -1.265972 
2456841.155346 -0.337651 
2456842.086644 0.485836 
2456843.017942 1.110755 
2456843.949240 1.520807 
2456844.880537 1.725232 
2456845.811835 1.734882 
2456846.743133 1.554093 
2456847.674431 1.180059 
2456848.605729 0.608214 
2456849.537027 -0.151586 
2456850.468325 -1.037715 
2456851.399622 -1.876872 
2456852.330920 -2.366616 
2456853.262218 -2.247219 
2456854.193516 -1.571590 
2456855.124814 -0.653487 
2456856.056112 0.222659 
2456856.987409 0.920199 
2456857.918707 1.403653 
2456858.850005 1.677364 
2456859.781303 1.753099 
2456860.712601 1.637792 
2456861.643899 1.330827 
2456862.575197 0.827134 
2456863.506494 0.128718 
2456864.437792 -0.726547 
2456865.369090 -1.610560 
2456866.300388 -2.258245 
2456867.231686 -2.361726 
2456868.162984 -1.849132 
2456869.094282 -0.975758 
2456870.025579 -0.062500 
2456870.956877 0.704027 
2456871.888175 1.261659 
2456872.819473 1.606142 
2456873.750771 1.748802 
2456874.682069 1.698879 
2456875.613367 1.458293 
2456876.544664 1.022755 
2456877.475962 0.389711 
2456878.407260 -0.420121 
2456879.338558 -1.317016 
2456880.269856 -2.083241 
2456881.201154 -2.399963 
2456882.132451 -2.083642 
2456883.063749 -1.294770 
2456883.995047 -0.366121 
2456884.926345 0.462695 
2456885.857643 1.094358 
2456886.788941 1.511090 
2456887.720239 1.721806 
2456888.651536 1.737486 
2456889.582834 1.562711 
2456890.514132 1.194853 
2456891.445430 0.629234 
2456892.376728 -0.125171 
2456893.308026 -1.009218 
2456894.239324 -1.853969 
2456895.170621 -2.359721 
2456896.101919 -2.260716 
2456897.033217 -1.598419 
2456897.964515 -0.682885 
2456898.895813 0.197396 
2456899.827111 0.901450 
2456900.758408 1.391680 
2456901.689706 1.671815 
2456902.621004 1.753645 
2456903.552302 1.644329 
2456904.483600 1.343475 
2456905.414898 0.846039 
2456906.346196 0.153483 
2456907.277493 -0.698148 
2456908.208791 -1.584581 
2456909.140089 -2.244814 
2456910.071387 -2.368482 
2456911.002685 -1.872644 
2456911.933983 -1.005298 
2456912.865281 -0.089626 
2456913.796578 0.682943 
2456914.727876 1.247385 
2456915.659174 1.598430 
2456916.590472 1.747276 
2456917.521770 1.703352 
2456918.453068 1.468819 
2456919.384365 1.039508 
2456920.315663 0.412582 
2456921.246961 -0.392524 
2456922.178259 -1.289217 
2456923.109557 -2.064280 
2456924.040855 -2.399526 
2456924.972153 -2.102466 
2456925.903450 -1.323441 
2456926.834748 -0.394702 
2456927.766046 0.439352 
2456928.697344 1.077746 
2456929.628642 1.501168 
2456930.559940 1.718187 
2456931.491238 1.739902 
2456932.422535 1.571137 
2456933.353833 1.209449 
2456934.285131 0.650064 
2456935.216429 -0.098894 
2456936.147727 -0.980695 
2456937.079025 -1.830730 
2456938.010323 -2.352194 
2456938.941620 -2.273628 
2456939.872918 -1.625002 
2456940.804216 -0.712332 
2456941.735514 0.171950 
2456942.666812 0.882486 
2456943.598110 1.379499 
2456944.529407 1.666070 
2456945.460705 1.754001 
2456946.392003 1.650677 
2456947.323301 1.355929 
2456948.254599 0.864747 
2456949.185897 0.178083 
2456950.117195 -0.669796 
2456951.048492 -1.558385 
2456951.979790 -2.230828 
2456952.911088 -2.374590 
2456953.842386 -1.895783 
2456954.773684 -1.034804 
2456955.704982 -0.116904 
2456956.636280 0.661649 
2456957.567577 1.232898 
2456958.498875 1.590517 
2456959.430173 1.745560 
2456960.361471 1.707636 
2456961.292769 1.479151 
2456962.224067 1.056063 
2456963.155364 0.435271 
2456964.086662 -0.365030 
2456965.017960 -1.261308 
2456965.949258 -2.044872 
2456966.880556 -2.398427 
2456967.811854 -2.120796 
2456968.743152 -1.351973 
2456969.674449 -0.423391 
2456970.605747 0.415808 
2456971.537045 1.060919 
2456972.468343 1.491040 
2456973.399641 1.714375 
2456974.330939 1.742129 
2456975.262237 1.579371 
2456976.193534 1.223849 
2456977.124832 0.670701 
2456978.056130 -0.072758 
2456978.987428 -0.952155 
2456979.918726 -1.807165 
2456980.850024 -2.344042 
2456981.781322 -2.285947 
2456982.712619 -1.651326 
2456983.643917 -0.741821 
2456984.575215 0.146323 
2456985.506513 0.863306 
2456986.437811 1.367108 
2456987.369109 1.660128 
2456988.300406 1.754168 
2456989.231704 1.656835 
2456990.163002 1.368187 
2456991.094300 0.883259 
2456992.025598 0.202516 
2456992.956896 -0.641497 
2456993.888194 -1.531982 
2456994.819491 -2.216298 
2456995.750789 -2.380046 
2456996.682087 -1.918537 
2456997.613385 -1.064267 
2456998.544683 -0.144331 
2456999.475981 0.640144 
2457000.407279 1.218198 
2457001.338576 1.582404 
2457002.269874 1.743652 
2457003.201172 1.711732 
2457004.132470 1.489290 
2457005.063768 1.072421 
2457005.995066 0.457776 
2457006.926363 -0.337642 
2457007.857661 -1.233300 
2457008.788959 -2.025028 
2457009.720257 -2.396667 
2457010.651555 -2.138621 
2457011.582853 -1.380358 
2457012.514151 -0.452181 
2457013.445448 0.392066 
2457014.376746 1.043876 
2457015.308044 1.480708 
2457016.239342 1.710368 
2457017.170640 1.744168 
2457018.101938 1.587415 
2457019.033236 1.238051 
2457019.964533 0.691146 
2457020.895831 -0.046766 
2457021.827129 -0.923603 
2457022.758427 -1.783286 
2457023.689725 -2.335270 
2457024.621023 -2.297665 
2457025.552320 -1.677381 
2457026.483618 -0.771346 
2457027.414916 0.120517 
2457028.346214 0.843911 
2457029.277512 1.354507 
2457030.208810 1.653989 
2457031.140108 1.754145 
2457032.071405 1.662804 
2457033.002703 1.380249 
2457033.934001 0.901574 
2457034.865299 0.226779 
2457035.796597 -0.613257 
2457036.727895 -1.505383 
2457037.659193 -2.201231 
2457038.590490 -2.384847 
2457039.521788 -1.940894 
2457040.453086 -1.093679 
2457041.384384 -0.171905 
2457042.315682 0.618429 
2457043.246980 1.203284 
2457044.178278 1.574089 
2457045.109575 1.741554 
2457046.040873 1.715639 
2457046.972171 1.499236 
2457047.903469 1.088580 
2457048.834767 0.480097 
2457049.766065 -0.310365 
2457050.697362 -1.205201 
2457051.628660 -2.004759 
2457052.559958 -2.394246 
2457053.491256 -2.155931 
2457054.422554 -1.408583 
2457055.353852 -0.481069 
2457056.285150 0.368125 
2457057.216447 1.026618 
2457058.147745 1.470170 
2457059.079043 1.706168 
2457060.010341 1.746018 
2457060.941639 1.595268 
2457061.872937 1.252056 
2457062.804235 0.711398 
2457063.735532 -0.020920 
2457064.666830 -0.895047 
2457065.598128 -1.759103 
2457066.529426 -2.325884 
2457067.460724 -2.308777 
2457068.392022 -1.703155 
2457069.323319 -0.800899 
2457070.254617 0.094535 
2457071.185915 0.824302 
2457072.117213 1.341697 
2457073.048511 1.647652 
2457073.979809 1.753933 
2457074.911107 1.668583 
2457075.842404 1.392117 
2457076.773702 0.919693 
2457077.705000 0.250873 
2457078.636298 -0.585081 
2457079.567596 -1.478598 
2457080.498894 -2.185638 
2457081.430192 -2.388990 
2457082.361489 -1.962843 
2457083.292787 -1.123030 
2457084.224085 -0.199620 
2457085.155383 0.596505 
2457086.086681 1.188157 
2457087.017979 1.565572 
2457087.949276 1.739264 
2457088.880574 1.719357 
2457089.811872 1.508989 
2457090.743170 1.104542 
2457091.674468 0.502233 
2457092.605766 -0.283201 
2457093.537064 -1.177020 
2457094.468361 -1.984077 
2457095.399659 -2.391169 
2457096.330957 -2.172716 
2457097.262255 -1.436639 
2457098.193553 -0.510047 
2457099.124851 0.343987 
2457100.056149 1.009144 
2457100.987446 1.459425 
2457101.918744 1.701774 
2457102.850042 1.747679 
2457103.781340 1.602929 
2457104.712638 1.265865 
2457105.643936 0.731456 
2457106.575234 0.004776 
2457107.506531 -0.866494 
2457108.437829 -1.734628 
2457109.369127 -2.315892 
2457110.300425 -2.319274 
2457111.231723 -1.728636 
2457112.163021 -0.830473 
2457113.094318 0.068379 
2457114.025616 0.804478 
2457114.956914 1.328675 
2457115.888212 1.641117 
2457116.819510 1.753532 
2457117.750808 1.674172 
2457118.682106 1.403790 
2457119.613403 0.937614 
2457120.544701 0.274793 
2457121.475999 -0.556974 
2457122.407297 -1.451637 
2457123.338595 -2.169528 
2457124.269893 -2.392474 
2457125.201191 -1.984373 
2457126.132488 -1.152310 
2457127.063786 -0.227474 
2457127.995084 0.574373 
2457128.926382 1.172815 
2457129.857680 1.556854 
2457130.788978 1.736782 
2457131.720275 1.722887 
2457132.651573 1.518549 
2457133.582871 1.120306 
2457134.514169 0.524182 
2457135.445467 -0.256156 
2457136.376765 -1.148765 
2457137.308063 -1.962991 
2457138.239360 -2.387437 
2457139.170658 -2.188967 
2457140.101956 -1.464514 
2457141.033254 -0.539111 
2457141.964552 0.319655 
2457142.895850 0.991454 
2457143.827148 1.448474 
2457144.758445 1.697185 
2457145.689743 1.749152 
2457146.621041 1.610401 
2457147.552339 1.279477 
2457148.483637 0.751320 
2457149.414935 0.030321 
2457150.346232 -0.837952 
2457151.277530 -1.709872 
2457152.208828 -2.305299 
2457153.140126 -2.329152 
2457154.071424 -1.753813 
2457155.002722 -0.860061 
2457155.934020 0.042051 
2457156.865317 0.784440 
2457157.796615 1.315442 
2457158.727913 1.634384 
2457159.659211 1.752940 
2457160.590509 1.679573 
2457161.521807 1.415268 
2457162.453105 0.955337 
2457163.384402 0.298540 
2457164.315700 -0.528942 
2457165.246998 -1.424510 
2457166.178296 -2.152911 
2457167.109594 -2.395296 
2457168.040892 -2.005472 
2457168.972190 -1.181512 
2457169.903487 -0.255461 
2457170.834785 0.552034 
2457171.766083 1.157259 
2457172.697381 1.547932 
2457173.628679 1.734109 
2457174.559977 1.726228 
2457175.491274 1.527917 
2457176.422572 1.135873 
2457177.353870 0.545943 
2457178.285168 -0.229232 
2457179.216466 -1.120444 
2457180.147764 -1.941514 
2457181.079062 -2.383053 
2457182.010359 -2.204675 
2457182.941657 -1.492198 
2457183.872955 -0.568255 
2457184.804253 0.295130 
2457185.735551 0.973548 
2457186.666849 1.437315 
2457187.598147 1.692401 
2457188.529444 1.750436 
2457189.460742 1.617681 
2457190.392040 1.292893 
2457191.323338 0.770990 
2457192.254636 0.055711 
2457193.185934 -0.809426 
2457194.117231 -1.684845 
2457195.048529 -2.294113 
2457195.979827 -2.338404 
2457196.911125 -1.778674 
2457197.842423 -0.889655 
2457198.773721 0.015556 
2457199.705019 0.764189 
2457200.636316 1.301998 
2457201.567614 1.627453 
2457202.498912 1.752159 
2457203.430210 1.684785 
2457204.361508 1.426552 
2457205.292806 0.972864 
2457206.224104 0.322111 
2457207.155401 -0.500989 
2457208.086699 -1.397228 
2457209.017997 -2.135796 
2457209.949295 -2.397455 
2457210.880593 -2.026129 
2457211.811891 -1.210624 
2457212.743188 -0.283578 
2457213.674486 0.529488 
2457214.605784 1.141488 
2457215.537082 1.538808 
2457216.468380 1.731243 
2457217.399678 1.729381 
2457218.330976 1.537093 
2457219.262273 1.151241 
2457220.193571 0.567517 
2457221.124869 -0.202433 
2457222.056167 -1.092067 
2457222.987465 -1.919657 
2457223.918763 -2.378021 
2457224.850061 -2.219829 
2457225.781358 -1.519680 
2457226.712656 -0.597472 
2457227.643954 0.270414 
2457228.575252 0.955427 
2457229.506550 1.425950 
2457230.437848 1.687422 
2457231.369146 1.751532 
2457232.300443 1.624772 
2457233.231741 1.306112 
2457234.163039 0.790464 
2457235.094337 0.080945 
2457236.025635 -0.780924 
2457236.956933 -1.659560 
2457237.888230 -2.282341 
2457238.819528 -2.347025 
2457239.750826 -1.803207 
2457240.682124 -0.919247 
2457241.613422 -0.011106 
2457242.544720 0.743724 
2457243.476018 1.288343 
2457244.407315 1.620322 
2457245.338613 1.751187 
2457246.269911 1.689807 
2457247.201209 1.437642 
2457248.132507 0.990192 
2457249.063805 0.345505 
2457249.995103 -0.473121 
2457250.926400 -1.369799 
2457251.857698 -2.118194 
2457252.788996 -2.398951 
2457253.720294 -2.046334 
2457254.651592 -1.239638 
2457255.582890 -0.311821 
2457256.514187 0.506737 
2457257.445485 1.125502 
2457258.376783 1.529480 
2457259.308081 1.728185 
2457260.239379 1.732346 
2457261.170677 1.546077 
2457262.101975 1.166412 
2457263.033272 0.588901 
2457263.964570 -0.175763 
2457264.895868 -1.063642 
2457265.827166 -1.897429 
2457266.758464 -2.372344 
2457267.689762 -2.234423 
2457268.621060 -1.546948 
2457269.552357 -0.626758 
2457270.483655 0.245508 
2457271.414953 0.937089 
2457272.346251 1.414376 
2457273.277549 1.682248 
2457274.208847 1.752438 
2457275.140145 1.631672 
2457276.071442 1.319135 
2457277.002740 0.809744 
2457277.934038 0.106019 
2457278.865336 -0.752451 
2457279.796634 -1.634025 
2457280.727932 -2.269991 
2457281.659229 -2.355010 
2457282.590527 -1.827400 
2457283.521825 -0.948829 
2457284.453123 -0.037929 
2457285.384421 0.723046 
2457286.315719 1.274475 
2457287.247017 1.612992 
2457288.178314 1.750026 
2457289.109612 1.694641 
2457290.040910 1.448537 
2457290.972208 1.007323 
2457291.903506 0.368721 
2457292.834804 -0.445342 
2457293.766102 -1.342234 
2457294.697399 -2.100115 
2457295.628697 -2.399783 
2457296.559995 -2.066074 
2457297.491293 -1.268544 
2457298.422591 -0.340184 
2457299.353889 0.483781 
2457300.285186 1.109302 
2457301.216484 1.519949 
2457302.147782 1.724935 
2457303.079080 1.735122 
2457304.010378 1.554869 
2457304.941676 1.181386 
2457305.872974 0.610095 
2457306.804271 -0.149225 
2457307.735569 -1.035175 
2457308.666867 -1.874844 
2457309.598165 -2.366027 
2457310.529463 -2.248446 
2457311.460761 -1.573992 
2457312.392059 -0.656105 
2457313.323356 0.220414 
2457314.254654 0.918537 
2457315.185952 1.402594 
2457316.117250 1.676878 
2457317.048548 1.753156 
2457317.979846 1.638383 
2457318.911143 1.331962 
2457319.842441 0.828827 
2457320.773739 0.130933 
2457321.705037 -0.724014 
2457322.636335 -1.608253 
2457323.567633 -2.257071 
2457324.498931 -2.362354 
2457325.430228 -1.851243 
2457326.361526 -0.978392 
2457327.292824 -0.064912 
2457328.224122 0.702156 
2457329.155420 1.260395 
2457330.086718 1.605462 
2457331.018016 1.748674 
2457331.949313 1.699286 
2457332.880611 1.459239 
2457333.811909 1.024257 
2457334.743207 0.391757 
2457335.674505 -0.417656 
2457336.605803 -1.314542 
2457337.537101 -2.081569 
2457338.468398 -2.399951 
2457339.399696 -2.085340 
2457340.330994 -1.297331 
2457341.262292 -0.368664 
2457342.193590 0.460622 
2457343.124888 1.092886 
2457344.056185 1.510213 
2457344.987483 1.721492 
2457345.918781 1.737709 
2457346.850079 1.563469 
2457347.781377 1.196162 
2457348.712675 0.631099 
2457349.643973 -0.122823 
2457350.575270 -1.006676 
2457351.506568 -1.851911 
2457352.437866 -2.359075 
2457353.369164 -2.261891 
2457354.300462 -1.600799 
2457355.231760 -0.685508 
2457356.163058 0.195135 
2457357.094355 0.899768 
2457358.025653 1.390603 
2457358.956951 1.671311 
2457359.888249 1.753684 
2457360.819547 1.644903 
2457361.750845 1.344594 
2457362.682142 0.847714 
2457363.613440 0.155683 
2457364.544738 -0.695618 
2457365.476036 -1.582255 
2457366.407334 -2.243589 
2457367.338632 -2.369053 
2457368.269930 -1.874722 
2457369.201227 -1.007930 
2457370.132525 -0.092051 
2457371.063823 0.681054 
2457371.995121 1.246102 
2457372.926419 1.597732 
2457373.857717 1.747131 
2457374.789015 1.703742 
2457375.720312 1.469748 
2457376.651610 1.040992 
2457377.582908 0.414612 
2457378.514206 -0.390069 
2457379.445504 -1.286733 
2457380.376802 -2.062567 
2457381.308099 -2.399455 
2457382.239397 -2.104121 
2457383.170695 -1.325990 
2457384.101993 -0.397256 
2457385.033291 0.437261 
2457385.964589 1.076255 
2457386.895887 1.500273 
2457387.827184 1.717855 
2457388.758482 1.740108 
2457389.689780 1.571878 
2457390.621078 1.210741 
2457391.552376 0.651911 
2457392.483674 -0.096558 
2457393.414972 -0.978152 
2457394.346269 -1.828643 
2457395.277567 -2.351493 
2457396.208865 -2.274750 
2457397.140163 -1.627359 
2457398.071461 -0.714959 
2457399.002759 0.169673 
2457399.934057 0.880785 
2457400.865354 1.378403 
2457401.796652 1.665548 
2457402.727950 1.754023 
2457403.659248 1.651234 
2457404.590546 1.357029 
2457405.521844 0.866405 
2457406.453141 0.180268 
2457407.384439 -0.667271 
2457408.315737 -1.556040 
2457409.247035 -2.229555 
2457410.178333 -2.375103 
2457411.109631 -1.897827 
2457412.040929 -1.037433 
2457412.972226 -0.119343 
2457413.903524 0.659741 
2457414.834822 1.231596 
2457415.766120 1.589802 
2457416.697418 1.745398 
2457417.628716 1.708009 
2457418.560014 1.480062 
2457419.491311 1.057530 
2457420.422609 0.437284 
2457421.353907 -0.362584 
2457422.285205 -1.258816 
2457423.216503 -2.043120 
2457424.147801 -2.398297 
2457425.079098 -2.122406 
2457426.010396 -1.354510 
2457426.941694 -0.425953 
2457427.872992 0.413700 
2457428.804290 1.059409 
2457429.735588 1.490128 
2457430.666886 1.714025 
2457431.598183 1.742318 
2457432.529481 1.580096 
2457433.460779 1.225123 
2457434.392077 0.672532 
2457435.323375 -0.070435 
2457436.254673 -0.949610 
2457437.185971 -1.805049 
2457438.117268 -2.343285 
2457439.048566 -2.287016 
2457439.979864 -1.653660 
2457440.911162 -0.744452 
2457441.842460 0.144030 
2457442.773758 0.861586 
2457443.705055 1.365993 
2457444.636353 1.659589 
2457445.567651 1.754173 
2457446.498949 1.657375 
2457447.430247 1.369270 
2457448.361545 0.884900 
2457449.292843 0.204686 
2457450.224140 -0.638977 
2457451.155438 -1.529619 
2457452.086736 -2.214976 
2457453.018034 -2.380501 
2457453.949332 -1.920546 
2457454.880630 -1.066892 
2457455.811928 -0.146784 
2457456.743225 0.638217 
2457457.674523 1.216877 
2457458.605821 1.581671 
2457459.537119 1.743473 
2457460.468417 1.712088 
2457461.399715 1.490184 
2457462.331013 1.073869 
2457463.262310 0.459773 
2457464.193608 -0.335206 
2457465.124906 -1.230799 
2457466.056204 -2.023238 
2457466.987502 -2.396478 
2457467.918800 -2.140185 
2457468.850097 -1.382880 
2457469.781395 -0.454753 
2457470.712693 0.389939 
2457471.643991 1.042347 
2457472.575289 1.479777 
2457473.506587 1.710002 
2457474.437885 1.744340 
2457475.369182 1.588123 
2457476.300480 1.239308 
2457477.231778 0.692959 
2457478.163076 -0.044455 
2457479.094374 -0.921057 
2457480.025672 -1.781142 
2457480.956970 -2.334458 
2457481.888267 -2.298680 
2457482.819565 -1.679690 
2457483.750863 -0.773979 
2457484.682161 0.118208 
2457485.613459 0.842172 
2457486.544757 1.353374 
2457487.476054 1.653432 
2457488.407352 1.754134 
2457489.338650 1.663326 
2457490.269948 1.381315 
2457491.201246 0.903198 
2457492.132544 0.228934 
2457493.063842 -0.610743 
2457493.995139 -1.503003 
2457494.926437 -2.199862 
2457495.857735 -2.385243 
2457496.789033 -1.942867 
2457497.720331 -1.096298 
2457498.651629 -0.174370 
2457499.582927 0.616483 
2457500.514224 1.201944 
2457501.445522 1.573338 
2457502.376820 1.741357 
2457503.308118 1.715978 
2457504.239416 1.500113 
2457505.170714 1.090011 
2457506.102011 0.482078 
2457507.033309 -0.307938 
2457507.964607 -1.202692 
2457508.895905 -2.002932 
2457509.827203 -2.393999 
2457510.758501 -2.157449 
2457511.689799 -1.411091 
2457512.621096 -0.483648 
2457513.552394 0.365981 
2457514.483692 1.025069 
2457515.414990 1.469220 
2457516.346288 1.705784 
2457517.277586 1.746174 
2457518.208884 1.595958 
2457519.140181 1.253295 
2457520.071479 0.713194 
2457521.002777 -0.018623 
2457521.934075 -0.892501 
2457522.865373 -1.756933 
2457523.796671 -2.325018 
2457524.727969 -2.309737 
2457525.659266 -1.705439 
2457526.590564 -0.803535 
2457527.521862 0.092210 
2457528.453160 0.822544 
2457529.384458 1.340544 
2457530.315756 1.647077 
2457531.247053 1.753905 
2457532.178351 1.669089 
2457533.109649 1.393166 
2457534.040947 0.921298 
2457534.972245 0.253012 
2457535.903543 -0.582572 
2457536.834841 -1.476201 
2457537.766138 -2.184223 
2457538.697436 -2.389328 
2457539.628734 -1.964780 
2457540.560032 -1.125643 
2457541.491330 -0.202098 
2457542.422628 0.594541 
2457543.353926 1.186798 
2457544.285223 1.564803 
2457545.216521 1.739050 
2457546.147819 1.719680 
2457547.079117 1.509849 
2457548.010415 1.105956 
2457548.941713 0.504197 
2457549.873010 -0.280785 
2457550.804308 -1.174504 
2457551.735606 -1.982213 
2457552.666904 -2.390863 
2457553.598202 -2.174187 
2457554.529500 -1.439131 
2457555.460798 -0.512634 
2457556.392095 0.341826 
2457557.323393 1.007575 
2457558.254691 1.458457 
2457559.185989 1.701373 
2457560.117287 1.747818 
2457561.048585 1.603603 
2457561.979883 1.267086 
2457562.911180 0.733235 
2457563.842478 0.007060 
2457564.773776 -0.863949 
2457565.705074 -1.732432 
2457566.636372 -2.314972 
2457567.567670 -2.320180 
2457568.498968 -1.730893 
2457569.430265 -0.833110 
2457570.361563 0.066039 
2457571.292861 0.802701 
2457572.224159 1.327504 
2457573.155457 1.640525 
2457574.086755 1.753487 
2457575.018052 1.674662 
2457575.949350 1.404821 
2457576.880648 0.939202 
2457577.811946 0.276917 
2457578.743244 -0.554472 
2457579.674542 -1.449225 
2457580.605840 -2.168067 
2457581.537137 -2.392752 
2457582.468435 -1.986272 
2457583.399733 -1.154917 
2457584.331031 -0.229963 
2457585.262329 0.572390 
2457586.193627 1.171437 
2457587.124925 1.556066 
2457588.056222 1.736552 
2457588.987520 1.723193 
2457589.918818 1.519392 
2457590.850116 1.121702 
2457591.781414 0.526129 
2457592.712712 -0.253751 
2457593.644009 -1.146242 
2457594.575307 -1.961093 
2457595.506605 -2.387072 
2457596.437903 -2.190390 
2457597.369201 -1.466990 
2457598.300499 -0.541706 
2457599.231797 0.317477 
2457600.163094 0.989866 
2457601.094392 1.447488 
2457602.025690 1.696766 
2457602.956988 1.749274 
2457603.888286 1.611057 
2457604.819584 1.280681 
2457605.750882 0.753082 
2457606.682179 0.032591 
2457607.613477 -0.835408 
2457608.544775 -1.707652 
2457609.476073 -2.304326 
2457610.407371 -2.330002 
2457611.338669 -1.756042 
2457612.269966 -0.862699 
2457613.201264 0.039696 
2457614.132562 0.782644 
2457615.063860 1.314253 
2457615.995158 1.633774 
2457616.926456 1.752878 
2457617.857754 1.680045 
2457618.789051 1.416282 
2457619.720349 0.956908 
2457620.651647 0.300648 
2457621.582945 -0.526447 
2457622.514243 -1.422084 
2457623.445541 -2.151405 
2457624.376839 -2.395516 
2457625.308136 -2.007332 
2457626.239434 -1.184111 
2457627.170732 -0.257962 
2457628.102030 0.550032 
2457629.033328 1.155861 
2457629.964626 1.547127 
2457630.895924 1.733861 
2457631.827221 1.726517 
2457632.758519 1.528743 
2457633.689817 1.137251 
2457634.621115 0.547874 
2457635.552413 -0.226838 
2457636.483711 -1.117917 
2457637.415008 -1.939581 
2457638.346306 -2.382631 
2457639.277604 -2.206048 
2457640.208902 -1.494657 
2457641.140200 -0.570856 
2457642.071498 0.292934 
2457643.002796 0.971941 
2457643.934093 1.436311 
2457644.865391 1.691965 
2457645.796689 1.750542 
2457646.727987 1.618321 
2457647.659285 1.294079 
2457648.590583 0.772734 
2457649.521881 0.057967 
2457650.453178 -0.806884 
2457651.384476 -1.682602 
2457652.315774 -2.293087 
2457653.247072 -2.339199 
2457654.178370 -1.780874 
2457655.109668 -0.892293 
2457656.040965 0.013185 
2457656.972263 0.762373 
2457657.903561 1.300790 
2457658.834859 1.626825 
2457659.766157 1.752080 
2457660.697455 1.685240 
2457661.628753 1.427549 
2457662.560050 0.974416 
2457663.491348 0.324204 
2457664.422646 -0.498501 
2457665.353944 -1.394788 
2457666.285242 -2.134247 
2457667.216540 -2.397616 
2457668.147838 -2.027949 
2457669.079135 -1.213215 
2457670.010433 -0.286091 
2457670.941731 0.527468 
2457671.873029 1.140072 
2457672.804327 1.537985 
2457673.735625 1.730978 
2457674.666922 1.729653 
2457675.598220 1.537902 
2457676.529518 1.152602 
2457677.460816 0.569431 
2457678.392114 -0.200051 
2457679.323412 -1.089535 
2457680.254710 -1.917690 
2457681.186007 -2.377541 
2457682.117305 -2.221153 
2457683.048603 -1.522120 
2457683.979901 -0.600081 
2457684.911199 0.268201 
2457685.842497 0.953801 
2457686.773795 1.424926 
2457687.705092 1.686969 
2457688.636390 1.751620 
2457689.567688 1.625395 
2457690.498986 1.307281 
2457691.430284 0.792191 
2457692.361582 0.083187 
2457693.292880 -0.778384 
2457694.224177 -1.657293 
2457695.155475 -2.281263 
2457696.086773 -2.347763 
2457697.018071 -1.805378 
2457697.949369 -0.921884 
2457698.880667 -0.013490 
2457699.811964 0.741889 
2457700.743262 1.287115 
2457701.674560 1.619677 
2457702.605858 1.751092 
2457703.537156 1.690246 
2457704.468454 1.438621 
2457705.399752 0.991727 
2457706.331049 0.347582 
2457707.262347 -0.470641 
2457708.193645 -1.367347 
2457709.124943 -2.116602 
2457710.056241 -2.399052 
2457710.987539 -2.048112 
2457711.918837 -1.242220 
2457712.850134 -0.314344 
2457713.781432 0.504698 
2457714.712730 1.124067 
2457715.644028 1.528639 
2457716.575326 1.727903 
2457717.506624 1.732601 
2457718.437921 1.546869 
2457719.369219 1.167755 
2457720.300517 0.590798 
2457721.231815 -0.173392 
2457722.163113 -1.061106 
2457723.094411 -1.895430 
2457724.025709 -2.371807 
2457724.957006 -2.235696 
2457725.888304 -1.549369 
2457726.819602 -0.629372 
2457727.750900 0.243278 
2457728.682198 0.935444 
2457729.613496 1.413334 
2457730.544794 1.681777 
2457731.476091 1.752510 
2457732.407389 1.632278 
2457733.338687 1.320286 
2457734.269985 0.811453 
2457735.201283 0.108247 
2457736.132581 -0.749914 
2457737.063878 -1.631737 
2457737.995176 -2.268862 
2457738.926474 -2.355691 
2457739.857772 -1.829540 
2457740.789070 -0.951465 
2457741.720368 -0.040328 
2457742.651666 0.721192 
2457743.582963 1.273229 
2457744.514261 1.612329 
2457745.445559 1.749913 
2457746.376857 1.695063 
2457747.308155 1.449499 
2457748.239453 1.008841 
2457749.170751 0.370782 
2457750.102048 -0.442870 
2457751.033346 -1.339770 
2457751.964644 -2.098481 
2457752.895942 -2.399825 
2457753.827240 -2.067811 
2457754.758538 -1.271115 
2457755.689836 -0.342719 
2457756.621133 0.481725 
2457757.552431 1.107847 
2457758.483729 1.519089 
2457759.415027 1.724636 
2457760.346325 1.735360 
2457761.277623 1.555644 
2457762.208920 1.182711 
2457763.140218 0.611975 
2457764.071516 -0.146866 
2457765.002814 -1.032636 
2457765.934112 -1.872813 
2457766.865410 -2.365433 
2457767.796708 -2.249668 
2457768.728005 -1.576391 
2457769.659303 -0.658724 
2457770.590601 0.218168 
2457771.521899 0.916872 
2457772.453197 1.401533 
2457773.384495 1.676389 
2457774.315793 1.753210 
2457775.247090 1.638972 
2457776.178388 1.333096 
2457777.109686 0.830519 
2457778.040984 0.133146 
2457778.972282 -0.721480 
2457779.903580 -1.605945 
2457780.834877 -2.255892 
2457781.766175 -2.362978 
2457782.697473 -1.853351 
2457783.628771 -0.981027 
2457784.560069 -0.067325 
2457785.491367 0.700283 
2457786.422665 1.259129 
2457787.353962 1.604781 
2457788.285260 1.748544 
2457789.216558 1.699691 
2457790.147856 1.460184 
2457791.079154 1.025756 
2457792.010452 0.393802 
2457792.941750 -0.415193 
2457793.873047 -1.312068 
2457794.804345 -2.079894 
2457795.735643 -2.399934 
2457796.666941 -2.087034 
2457797.598239 -1.299891 
2457798.529537 -0.371209 
2457799.460834 0.458548 
2457800.392132 1.091412 
2457801.323430 1.509335 
2457802.254728 1.721175 
2457803.186026 1.737931 
2457804.117324 1.564227 
2457805.048622 1.197470 
2457805.979919 0.632962 
2457806.911217 -0.120476 
2457807.842515 -1.004134 
2457808.773813 -1.849850 
2457809.705111 -2.358425 
2457810.636409 -2.263061 
2457811.567707 -1.603177 
2457812.499004 -0.688131 
2457813.430302 0.192873 
2457814.361600 0.898085 
2457815.292898 1.389524 
2457816.224196 1.670805 
2457817.155494 1.753722 
2457818.086792 1.645475 
2457819.018089 1.345710 
2457819.949387 0.849389 
2457820.880685 0.157881 
2457821.811983 -0.693089 
2457822.743281 -1.579926 
2457823.674579 -2.242360 
2457824.605876 -2.369619 
2457825.537174 -1.876797 
2457826.468472 -1.010562 
2457827.399770 -0.094478 
2457828.331068 0.679162 
2457829.262366 1.244818 
2457830.193664 1.597034 
2457831.124961 1.746984 
2457832.056259 1.704130 
2457832.987557 1.470675 
2457833.918855 1.042474 
2457834.850153 0.416640 
2457835.781451 -0.387615 
2457836.712749 -1.284249 
2457837.644046 -2.060852 
2457838.575344 -2.399379 
2457839.506642 -2.105771 
2457840.437940 -1.328538 
2457841.369238 -0.399810 
2457842.300536 0.435169 
2457843.231833 1.074762 
2457844.163131 1.499377 
2457845.094429 1.717522 
2457846.025727 1.740313 
2457846.957025 1.572619 
2457847.888323 1.212031 
2457848.819621 0.653757 
2457849.750918 -0.094224 
2457850.682216 -0.975608 
2457851.613514 -1.826552 
2457852.544812 -2.350786 
2457853.476110 -2.275868 
2457854.407408 -1.629714 
2457855.338706 -0.717586 
2457856.270003 0.167395 
2457857.201301 0.879082 
2457858.132599 1.377305 
2457859.063897 1.665025 
2457859.995195 1.754044 
2457860.926493 1.651789 
2457861.857791 1.358129 
2457862.789088 0.868062 
2457863.720386 0.182451 
2457864.651684 -0.664747 
2457865.582982 -1.553693 
2457866.514280 -2.228277 
2457867.445578 -2.375611 
2457868.376875 -1.899868 
2457869.308173 -1.040061 
2457870.239471 -0.121783 
2457871.170769 0.657830 
2457872.102067 1.230293 
2457873.033365 1.589085 
2457873.964663 1.745234 
2457874.895960 1.708380 
2457875.827258 1.480973 
2457876.758556 1.058994 
2457877.689854 0.439297 
2457878.621152 -0.360139 
2457879.552450 -1.256322 
2457880.483748 -2.041365 
2457881.415045 -2.398162 
2457882.346343 -2.124011 
2457883.277641 -1.357045 
2457884.208939 -0.428517 
2457885.140237 0.411590 
2457886.071535 1.057896 
2457887.002832 1.489213 
2457887.934130 1.713674 
2457888.865428 1.742506 
2457889.796726 1.580819 
2457890.728024 1.226395 
2457891.659322 0.674361 
2457892.590620 -0.068113 
2457893.521917 -0.947065 
2457894.453215 -1.802931 
2457895.384513 -2.342523 
2457896.315811 -2.288080 
2457897.247109 -1.655992 
2457898.178407 -0.747083 
2457899.109705 0.141735 
2457900.041002 0.859864 
2457900.972300 1.364877 
2457901.903598 1.659048 
2457902.834896 1.754177 
2457903.766194 1.657913 
2457904.697492 1.370352 
2457905.628789 0.886539 
2457906.560087 0.206854 
2457907.491385 -0.636458 
2457908.422683 -1.527254 
2457909.353981 -2.213650 
2457910.285279 -2.380950 
2457911.216577 -1.922552 
2457912.147874 -1.069515 
2457913.079172 -0.149237 
2457914.010470 0.636288 
2457914.941768 1.215555 
2457915.873066 1.580936 
2457916.804364 1.743292 
2457917.735662 1.712442 
2457918.666959 1.491077 
2457919.598257 1.075316 
2457920.529555 0.461769 
2457921.460853 -0.332771 
2457922.392151 -1.228297 
2457923.323449 -2.021445 
2457924.254747 -2.396283 
2457925.186044 -2.141745 
2457926.117342 -1.385402 
2457927.048640 -0.457325 
2457927.979938 0.387812 
2457928.911236 1.040815 
2457929.842534 1.478844 
2457930.773831 1.709634 
2457931.705129 1.744511 
2457932.636427 1.588829 
2457933.567725 1.240563 
2457934.499023 0.694771 
2457935.430321 -0.042147 
2457936.361619 -0.918512 
2457937.292916 -1.778996 
2457938.224214 -2.333641 
2457939.155512 -2.299691 
2457940.086810 -1.681997 
2457941.018108 -0.776613 
2457941.949406 0.115898 
2457942.880704 0.840431 
2457943.812001 1.352239 
2457944.743299 1.652873 
2457945.674597 1.754121 
2457946.605895 1.663848 
2457947.537193 1.382380 
2457948.468491 0.904819 
2457949.399788 0.231088 
2457950.331086 -0.608229 
2457951.262384 -1.500621 
2457952.193682 -2.198489 
2457953.124980 -2.385634 
2457954.056278 -1.944838 
2457954.987576 -1.098917 
2457955.918873 -0.176836 
2457956.850171 0.614536 
2457957.781469 1.200603 
2457958.712767 1.572585 
2457959.644065 1.741160 
2457960.575363 1.716316 
2457961.506661 1.500989 
2457962.437958 1.091441 
2457963.369256 0.484057 
2457964.300554 -0.305513 
2457965.231852 -1.200182 
2457966.163150 -2.001102 
2457967.094448 -2.393746 
2457968.025745 -2.158962 
2457968.957043 -1.413598 
2457969.888341 -0.486229 
2457970.819639 0.363836 
2457971.750937 1.023518 
2457972.682235 1.468269 
2457973.613533 1.705399 
2457974.544830 1.746328 
2457975.476128 1.596648 
2457976.407426 1.254533 
2457977.338724 0.714988 
2457978.270022 -0.016327 
2457979.201320 -0.889956 
2457980.132618 -1.754761 
2457981.063915 -2.324147 
2457981.995213 -2.310693 
2457982.926511 -1.707720 
2457983.857809 -0.806170 
2457984.789107 0.089884 
2457985.720405 0.820783 
2457986.651703 1.339390 
2457987.583000 1.646501 
2457988.514298 1.753875 
2457989.445596 1.669593 
2457990.376894 1.394212 
2457991.308192 0.922902 
2457992.239490 0.255150 
2457993.170787 -0.580064 
2457994.102085 -1.473804 
2457995.033383 -2.182804 
2457995.964681 -2.389660 
2457996.895979 -1.966713 
2457997.827277 -1.128255 
2457998.758575 -0.204576 
2457999.689872 0.592575 
2458000.621170 1.185437 
2458001.552468 1.564033 
2458002.483766 1.738835 
2458003.415064 1.720000 
2458004.346362 1.510707 
2458005.277660 1.107367 
2458006.208957 0.506160 
2458007.140255 -0.278370 
2458008.071553 -1.171987 
2458009.002851 -1.980347 
2458009.934149 -2.390552 
2458010.865447 -2.175653 
2458011.796744 -1.441622 
2458012.728042 -0.515223 
2458013.659340 0.339663 
2458014.590638 1.006005 
2458015.521936 1.457488 
2458016.453234 1.700970 
2458017.384532 1.747956 
2458018.315829 1.604275 
2458019.247127 1.268306 
2458020.178425 0.735012 
2458021.109723 0.009342 
2458022.041021 -0.861405 
2458022.972319 -1.730235 
2458023.903617 -2.314047 
2458024.834914 -2.321081 
2458025.766212 -1.733148 
2458026.697510 -0.835748 
2458027.628808 0.063697 
2458028.560106 0.800921 
2458029.491404 1.326331 
2458030.422701 1.639931 
2458031.353999 1.753440 
2458032.285297 1.675149 
2458033.216595 1.405851 
2458034.147893 0.940788 
2458035.079191 0.279040 
2458036.010489 -0.551971 
2458036.941786 -1.446812 
2458037.873084 -2.166602 
2458038.804382 -2.393026 
2458039.735680 -1.988167 
2458040.666978 -1.157523 
2458041.598276 -0.232454 
2458042.529574 0.570405 
2458043.460871 1.170057 
2458044.392169 1.555278 
2458045.323467 1.736320 
2458046.254765 1.723497 
2458047.186063 1.520234 
2458048.117361 1.123096 
2458049.048659 0.528075 
2458049.979956 -0.251346 
2458050.911254 -1.143720 
2458051.842552 -1.959191 
2458052.773850 -2.386703 
2458053.705148 -2.191808 
2458054.636446 -1.469465 
2458055.567743 -0.544301 
2458056.499041 0.315297 
2458057.430339 0.988277 
2458058.361637 1.446500 
2458059.292935 1.696346 
2458060.224233 1.749395 
2458061.155531 1.611713 
2458062.086828 1.281883 
2458063.018126 0.754842 
2458063.949424 0.034859 
2458064.880722 -0.832865 
2458065.812020 -1.705429 
2458066.743318 -2.303348 
2458067.674616 -2.330848 
2458068.605913 -1.758269 
2458069.537211 -0.865337 
2458070.468509 0.037340 
2458071.399807 0.780845 
2458072.331105 1.313061 
2458073.262403 1.633163 
2458074.193700 1.752815 
2458075.124998 1.680516 
2458076.056296 1.417294 
2458076.987594 0.958477 
2458077.918892 0.302755 
2458078.850190 -0.523952 
2458079.781488 -1.419657 
2458080.712785 -2.149896 
2458081.644083 -2.395730 
2458082.575381 -2.009188 
2458083.506679 -1.186709 
2458084.437977 -0.260465 
2458085.369275 0.548029 
2458086.300573 1.154463 
2458087.231870 1.546320 
2458088.163168 1.733612 
2458089.094466 1.726804 
2458090.025764 1.529567 
2458090.957062 1.138627 
2458091.888360 0.549804 
2458092.819657 -0.224445 
2458093.750955 -1.115389 
2458094.682253 -1.937645 
2458095.613551 -2.382203 
2458096.544849 -2.207417 
2458097.476147 -1.497113 
2458098.407445 -0.573459 
2458099.338742 0.290737 
2458100.270040 0.970333 
2458101.201338 1.435304 
2458102.132636 1.691528 
2458103.063934 1.750645 
2458103.995232 1.618960 
2458104.926530 1.295264 
2458105.857827 0.774476 
2458106.789125 0.060222 
2458107.720423 -0.804342 
2458108.651721 -1.680356 
2458109.583019 -2.292056 
2458110.514317 -2.339988 
2458111.445615 -1.783072 
2458112.376912 -0.894931 
2458113.308210 0.010814 
2458114.239508 0.760556 
2458115.170806 1.299579 
2458116.102104 1.626196 
2458117.033402 1.752000 
2458117.964699 1.685694 
2458118.895997 1.428543 
2458119.827295 0.975968 
2458120.758593 0.326295 
2458121.689891 -0.496014 
2458122.621189 -1.392348 
2458123.552487 -2.132693 
2458124.483784 -2.397771 
2458125.415082 -2.029765 
2458126.346380 -1.215805 
2458127.277678 -0.288604 
2458128.208976 0.525446 
2458129.140274 1.138654 
2458130.071572 1.537160 
2458131.002869 1.730712 
2458131.934167 1.729924 
2458132.865465 1.538709 
2458133.796763 1.153961 
2458134.728061 0.571343 
2458135.659359 -0.197669 
2458136.590656 -1.087003 
2458137.521954 -1.915720 
2458138.453252 -2.377056 
2458139.384550 -2.222473 
2458140.315848 -1.524558 
2458141.247146 -0.602689 
2458142.178444 0.265987 
2458143.109741 0.952173 
2458144.041039 1.423901 
2458144.972337 1.686514 
2458145.903635 1.751707 
2458146.834933 1.626016 
2458147.766231 1.308448 
2458148.697529 0.793916 
2458149.628826 0.085427 
2458150.560124 -0.775845 
2458151.491422 -1.655025 
2458152.422720 -2.280181 
2458153.354018 -2.348496 
2458154.285316 -1.807546 
2458155.216614 -0.924522 
2458156.147911 -0.015876 
2458157.079209 0.740053 
2458158.010507 1.285886 
2458158.941805 1.619030 
2458159.873103 1.750994 
2458160.804401 1.690683 
2458161.735698 1.439599 
2458162.666996 0.993261 
2458163.598294 0.349658 
2458164.529592 -0.468162 
2458165.460890 -1.364894 
2458166.392188 -2.115005 
2458167.323486 -2.399148 
2458168.254783 -2.049887 
2458169.186081 -1.244800 
2458170.117379 -0.316869 
2458171.048677 0.502659 
2458171.979975 1.122630 
2458172.911273 1.527796 
2458173.842571 1.727620 
2458174.773868 1.732854 
2458175.705166 1.547659 
2458176.636464 1.169097 
2458177.567762 0.592694 
2458178.499060 -0.171022 
2458179.430358 -1.058569 
2458180.361655 -1.893428 
2458181.292953 -2.371265 
2458182.224251 -2.236965 
2458183.155549 -1.551787 
2458184.086847 -0.631986 
2458185.018145 0.241047 
2458185.949443 0.933797 
2458186.880740 1.412290 
2458187.812038 1.681305 
2458188.743336 1.752580 
2458189.674634 1.632883 
2458190.605932 1.321436 
2458191.537230 0.813160 
2458192.468528 0.110473 
2458193.399825 -0.747378 
2458194.331123 -1.629447 
2458195.262421 -2.267729 
2458196.193719 -2.356367 
2458197.125017 -1.831677 
2458198.056315 -0.954101 
2458198.987612 -0.042729 
2458199.918910 0.719337 
2458200.850208 1.271980 
2458201.781506 1.611664 
2458202.712804 1.749799 
2458203.644102 1.695483 
2458204.575400 1.450460 
2458205.506697 1.010357 
2458206.437995 0.372841 
2458207.369293 -0.440399 
2458208.300591 -1.337306 
2458209.231889 -2.096842 
2458210.163187 -2.399862 
2458211.094485 -2.069544 
2458212.025782 -1.273686 
2458212.957080 -0.345254 
2458213.888378 0.479667 
2458214.819676 1.106391 
2458215.750974 1.518228 
2458216.682272 1.724335 
2458217.613570 1.735597 
2458218.544867 1.556416 
2458219.476165 1.184035 
2458220.407463 0.613854 
2458221.338761 -0.144508 
2458222.270059 -1.030096 
2458223.201357 -1.870780 
2458224.132654 -2.364834 
2458225.063952 -2.250886 
2458225.995250 -1.578789 
2458226.926548 -0.661344 
2458227.857846 0.215921 
2458228.789144 0.915206 
2458229.720442 1.400471 
2458230.651739 1.675900 
2458231.583037 1.753264 
2458232.514335 1.639559 
2458233.445633 1.334229 
2458234.376931 0.832209 
2458235.308229 0.135358 
2458236.239527 -0.718948 
2458237.170824 -1.603634 
2458238.102122 -2.254708 
2458239.033420 -2.363596 
2458239.964718 -1.855456 
2458240.896016 -0.983661 
2458241.827314 -0.069740 
2458242.758611 0.698409 
2458243.689909 1.257862 
2458244.621207 1.604099 
2458245.552505 1.748413 
2458246.483803 1.700094 
2458247.415101 1.461127 
2458248.346399 1.027255 
2458249.277696 0.395845 
2458250.208994 -0.412731 
2458251.140292 -1.309592 
2458252.071590 -2.078215 
2458253.002888 -2.399911 
2458253.934186 -2.088724 
2458254.865484 -1.302451 
2458255.796781 -0.373754 
2458256.728079 0.456472 
2458257.659377 1.089937 
2458258.590675 1.508456 
2458259.521973 1.720857 
2458260.453271 1.738151 
2458261.384568 1.564983 
2458262.315866 1.198776 
2458263.247164 0.634824 
2458264.178462 -0.118130 
2458265.109760 -1.001592 
2458266.041058 -1.847787 
2458266.972356 -2.357769 
2458267.903653 -2.264227 
2458268.834951 -1.605553 
2458269.766249 -0.690755 
2458270.697547 0.190609 
2458271.628845 0.896399 
2458272.560143 1.388443 
2458273.491441 1.670298 
2458274.422738 1.753758 
2458275.354036 1.646046 
2458276.285334 1.346825 
2458277.216632 0.851061 
2458278.147930 0.160078 
2458279.079228 -0.690561 
2458280.010526 -1.577596 
2458280.941823 -2.241127 
2458281.873121 -2.370179 
2458282.804419 -1.878869 
2458283.735717 -1.013193 
2458284.667015 -0.096906 
2458285.598313 0.677269 
2458286.529610 1.243531 
2458287.460908 1.596333 
2458288.392206 1.746836 
2458289.323504 1.704516 
2458290.254802 1.471601 
2458291.186100 1.043955 
2458292.117398 0.418667 
2458293.048695 -0.385161 
2458293.979993 -1.281763 
2458294.911291 -2.059132 
2458295.842589 -2.399297 
2458296.773887 -2.107417 
2458297.705185 -1.331085 
2458298.636483 -0.402364 
2458299.567780 0.433075 
2458300.499078 1.073267 
2458301.430376 1.498479 
2458302.361674 1.717186 
2458303.292972 1.740516 
2458304.224270 1.573358 
2458305.155567 1.213320 
2458306.086865 0.655602 
2458307.018163 -0.091890 
2458307.949461 -0.973064 
2458308.880759 -1.824460 
2458309.812057 -2.350075 
2458310.743355 -2.276981 
2458311.674652 -1.632068 
2458312.605950 -0.720214 
2458313.537248 0.165114 
2458314.468546 0.877377 
2458315.399844 1.376206 
2458316.331142 1.664500 
2458317.262440 1.754064 
2458318.193737 1.652343 
2458319.125035 1.359226 
2458320.056333 0.869717 
2458320.987631 0.184634 
2458321.918929 -0.662222 
2458322.850227 -1.551344 
2458323.781524 -2.226995 
2458324.712822 -2.376113 
2458325.644120 -1.901906 
2458326.575418 -1.042688 
2458327.506716 -0.124225 
2458328.438014 0.655918 
2458329.369312 1.228988 
2458330.300609 1.588367 
2458331.231907 1.745068 
2458332.163205 1.708750 
2458333.094503 1.481881 
2458334.025801 1.060457 
2458334.957099 0.441307 
2458335.888397 -0.357695 
2458336.819694 -1.253827 
2458337.750992 -2.039607 
2458338.682290 -2.398021 
2458339.613588 -2.125613 
2458340.544886 -1.359579 
2458341.476184 -0.431081 
2458342.407482 0.409478 
2458343.338779 1.056382 
2458344.270077 1.488297 
2458345.201375 1.713322 
2458346.132673 1.742693 
2458347.063971 1.581541 
2458347.995269 1.227666 
2458348.926566 0.676188 
2458349.857864 -0.065792 
2458350.789162 -0.944519 
2458351.720460 -1.800809 
2458352.651758 -2.341756 
2458353.583056 -2.289140 
2458354.514354 -1.658321 
2458355.445651 -0.749714 
2458356.376949 0.139439 
2458357.308247 0.858140 
2458358.239545 1.363759 
2458359.170843 1.658505 
2458360.102141 1.754180 
2458361.033439 1.658450 
2458361.964736 1.371432 
2458362.896034 0.888177 
2458363.827332 0.209021 
2458364.758630 -0.633939 
2458365.689928 -1.524887 
2458366.621226 -2.212320 
2458367.552523 -2.381394 
2458368.483821 -1.924555 
2458369.415119 -1.072139 
2458370.346417 -0.151692 
2458371.277715 0.634357 
2458372.209013 1.214230 
2458373.140311 1.580200 
2458374.071608 1.743110 
2458375.002906 1.712795 
2458375.934204 1.491968 
2458376.865502 1.076762 
2458377.796800 0.463764 
2458378.728098 -0.330336 
2458379.659396 -1.225794 
2458380.590693 -2.019648 
2458381.521991 -2.396084 
2458382.453289 -2.143301 
2458383.384587 -1.387922 
2458384.315885 -0.459898 
2458385.247183 0.385682 
2458386.178481 1.039282 
2458387.109778 1.477910 
2458388.041076 1.709264 
2458388.972374 1.744681 
2458389.903672 1.589534 
2458390.834970 1.241816 
2458391.766268 0.696581 
2458392.697565 -0.039839 
2458393.628863 -0.915966 
2458394.560161 -1.776848 
2458395.491459 -2.332820 
2458396.422757 -2.300697 
2458397.354055 -1.684302 
2458398.285353 -0.779247 
2458399.216650 0.113586 
2458400.147948 0.838688 
2458401.079246 1.351102 
2458402.010544 1.652313 
2458402.941842 1.754107 
2458403.873140 1.664368 
2458404.804438 1.383442 
2458405.735735 0.906439 
2458406.667033 0.233240 
2458407.598331 -0.605715 
2458408.529629 -1.498238 
2458409.460927 -2.197112 
2458410.392225 -2.386020 
2458411.323522 -1.946804 
2458412.254820 -1.101535 
2458413.186118 -0.179303 
2458414.117416 0.612587 
2458415.048714 1.199259 
2458415.980012 1.571831 
2458416.911310 1.740960 
2458417.842607 1.716652 
2458418.773905 1.501863 
2458419.705203 1.092869 
2458420.636501 0.486035 
2458421.567799 -0.303089 
2458422.499097 -1.197672 
2458423.430395 -1.999268 
2458424.361692 -2.393488 
2458425.292990 -2.160472 
2458426.224288 -1.416103 
2458427.155586 -0.488810 
2458428.086884 0.361689 
2458429.018182 1.021966 
2458429.949479 1.467316 
2458430.880777 1.705012 
2458431.812075 1.746481 
2458432.743373 1.597335 
2458433.674671 1.255769 
2458434.605969 0.716781 
2458435.537267 -0.014033 
2458436.468564 -0.887410 
2458437.399862 -1.752586 
2458438.331160 -2.323271 
2458439.262458 -2.311644 
2458440.193756 -1.709999 
2458441.125054 -0.808806 
2458442.056352 0.087557 
2458442.987649 0.819021 
2458443.918947 1.338235 
2458444.850245 1.645924 
2458445.781543 1.753844 
2458446.712841 1.670096 
2458447.644139 1.395258 
2458448.575437 0.924505 
2458449.506734 0.257287 
2458450.438032 -0.577557 
2458451.369330 -1.471404 
2458452.300628 -2.181380 
2458453.231926 -2.389987 
2458454.163224 -1.968643 
2458455.094521 -1.130868 
2458456.025819 -0.207056 
2458456.957117 0.590607 
2458457.888415 1.184075 
2458458.819713 1.563260 
2458459.751011 1.738619 
2458460.682309 1.720320 
2458461.613606 1.511564 
2458462.544904 1.108778 
2458463.476202 0.508121 
2458464.407500 -0.275956 
2458465.338798 -1.169470 
2458466.270096 -1.978477 
2458467.201394 -2.390235 
2458468.132691 -2.177115 
2458469.063989 -1.444112 
2458469.995287 -0.517812 
2458470.926585 0.337499 
2458471.857883 1.004434 
2458472.789181 1.456517 
2458473.720478 1.700566 
2458474.651776 1.748092 
2458475.583074 1.604946 
2458476.514372 1.269525 
2458477.445670 0.736788 
2458478.376968 0.011623 
2458479.308266 -0.858860 
2458480.239563 -1.728034 
2458481.170861 -2.313117 
2458482.102159 -2.321977 
2458483.033457 -1.735400 
2458483.964755 -0.838385 
2458484.896053 0.061354 
2458485.827351 0.799140 
2458486.758648 1.325157 
2458487.689946 1.639336 
2458488.621244 1.753392 
2458489.552542 1.675635 
2458490.483840 1.406879 
2458491.415138 0.942373 
2458492.346435 0.281161 
2458493.277733 -0.549470 
2458494.209031 -1.444398 
2458495.140329 -2.165133 
2458496.071627 -2.393294 
2458497.002925 -1.990058 
2458497.934223 -1.160128 
2458498.865520 -0.234945 
2458499.796818 0.568419 
2458500.728116 1.168676 
2458501.659414 1.554487 
2458502.590712 1.736086 
2458503.522010 1.723799 
2458504.453308 1.521073 
2458505.384605 1.124489 
2458506.315903 0.530020 
2458507.247201 -0.248943 
2458508.178499 -1.141197 
2458509.109797 -1.957286 
2458510.041095 -2.386328 
2458510.972393 -2.193222 
2458511.903690 -1.471937 
2458512.834988 -0.546897 
2458513.766286 0.313115 
2458514.697584 0.986686 
2458515.628882 1.445510 
2458516.560180 1.695925 
2458517.491477 1.749514 
2458518.422775 1.612366 
2458519.354073 1.283084 
2458520.285371 0.756600 
2458521.216669 0.037127 
2458522.147967 -0.830321 
2458523.079265 -1.703205 
2458524.010562 -2.302365 
2458524.941860 -2.331688 
2458525.873158 -1.760493 
2458526.804456 -0.867975 
2458527.735754 0.034982 
2458528.667052 0.779045 
2458529.598350 1.311868 
2458530.529647 1.632550 
2458531.460945 1.752750 
2458532.392243 1.680985 
2458533.323541 1.418305 
2458534.254839 0.960044 
2458535.186137 0.304861 
2458536.117434 -0.521458 
2458537.048732 -1.417229 
2458537.980030 -2.148382 
2458538.911328 -2.395939 
2458539.842626 -2.011040 
2458540.773924 -1.189307 
2458541.705222 -0.262968 
2458542.636519 0.546024 
2458543.567817 1.153062 
2458544.499115 1.545512 
2458545.430413 1.733361 
2458546.361711 1.727090 
2458547.293009 1.530390 
2458548.224307 1.140002 
2458549.155604 0.551731 
2458550.086902 -0.222053 
2458551.018200 -1.112861 
2458551.949498 -1.935706 
2458552.880796 -2.381771 
2458553.812094 -2.208782 
2458554.743391 -1.499568 
2458555.674689 -0.576062 
2458556.605987 0.288539 
2458557.537285 0.968723 
2458558.468583 1.434296 
2458559.399881 1.691089 
2458560.331179 1.750748 
2458561.262476 1.619596 
2458562.193774 1.296447 
2458563.125072 0.776217 
2458564.056370 0.062475 
2458564.987668 -0.801801 
2458565.918966 -1.678108 
2458566.850264 -2.291021 
2458567.781561 -2.340772 
2458568.712859 -1.785268 
2458569.644157 -0.897569 
2458570.575455 0.008441 
2458571.506753 0.758736 
2458572.438051 1.298367 
2458573.369349 1.625565 
2458574.300646 1.751918 
2458575.231944 1.686146 
2458576.163242 1.429537 
2458577.094540 0.977517 
2458578.025838 0.328385 
2458578.957136 -0.493528 
2458579.888433 -1.389906 
2458580.819731 -2.131136 
2458581.751029 -2.397921 
2458582.682327 -2.031577 
2458583.613625 -1.218394 
2458584.544923 -0.291119 
2458585.476221 0.523423 
2458586.407518 1.137234 
2458587.338816 1.536333 
2458588.270114 1.730444 
2458589.201412 1.730193 
2458590.132710 1.539515 
2458591.064008 1.155318 
2458591.995306 0.573254 
2458592.926603 -0.195288 
2458593.857901 -1.084470 
2458594.789199 -1.913748 
2458595.720497 -2.376566 
2458596.651795 -2.223788 
2458597.583093 -1.526994 
2458598.514390 -0.605298 
2458599.445688 0.263771 
2458600.376986 0.950544 
2458601.308284 1.422875 
2458602.239582 1.686058 
2458603.170880 1.751793 
2458604.102178 1.626636 
2458605.033475 1.309614 
2458605.964773 0.795640 
2458606.896071 0.087666 
2458607.827369 -0.773306 
2458608.758667 -1.652755 
2458609.689965 -2.279094 
2458610.621263 -2.349223 
2458611.552560 -1.809711 
2458612.483858 -0.927159 
2458613.415156 -0.018264 
2458614.346454 0.738215 
2458615.277752 1.284655 
2458616.209050 1.618381 
2458617.140347 1.750895 
2458618.071645 1.691118 
2458619.002943 1.440575 
2458619.934241 0.994793 
2458620.865539 0.351732 
2458621.796837 -0.465683 
2458622.728135 -1.362440 
2458623.659432 -2.113405 
2458624.590730 -2.399239 
2458625.522028 -2.051659 
2458626.453326 -1.247380 
2458627.384624 -0.319395 
2458628.315922 0.500617 
2458629.247220 1.121191 
2458630.178517 1.526951 
2458631.109815 1.727335 
2458632.041113 1.733107 
2458632.972411 1.548447 
2458633.903709 1.170436 
2458634.835007 0.594588 
2458635.766305 -0.168653 
2458636.697602 -1.056032 
2458637.628900 -1.891424 
2458638.560198 -2.370717 
2458639.491496 -2.238229 
2458640.422794 -1.554203 
2458641.354092 -0.634601 
2458642.285389 0.238815 
2458643.216687 0.932149 
2458644.147985 1.411245 
2458645.079283 1.680831 
2458646.010581 1.752648 
2458646.941879 1.633485 
2458647.873177 1.322585 
2458648.804474 0.814866 
2458649.735772 0.112698 
2458650.667070 -0.744842 
2458651.598368 -1.627156 
2458652.529666 -2.266591 
2458653.460964 -2.357037 
2458654.392262 -1.833812 
2458655.323559 -0.956737 
2458656.254857 -0.045130 
2458657.186155 0.717480 
2458658.117453 1.270730 
2458659.048751 1.610998 
2458659.980049 1.749683 
2458660.911346 1.695902 
2458661.842644 1.451418 
2458662.773942 1.011871 
2458663.705240 0.374899 
2458664.636538 -0.437928 
2458665.567836 -1.334840 
2458666.499134 -2.095201 
2458667.430431 -2.399893 
2458668.361729 -2.071273 
2458669.293027 -1.276255 
2458670.224325 -0.347790 
2458671.155623 0.477607 
2458672.086921 1.104933 
2458673.018219 1.517365 
2458673.949516 1.724033 
2458674.880814 1.735832 
2458675.812112 1.557188 
2458676.743410 1.185357 
2458677.674708 0.615731 
2458678.606006 -0.142151 
2458679.537304 -1.027557 
2458680.468601 -1.868744 
2458681.399899 -2.364230 
2458682.331197 -2.252099 
2458683.262495 -1.581185 
2458684.193793 -0.663964 
2458685.125091 0.213672 
2458686.056388 0.913538 
2458686.987686 1.399407 
2458687.918984 1.675408 
2458688.850282 1.753315 
2458689.781580 1.640145 
2458690.712878 1.335359 
2458691.644176 0.833897 
2458692.575473 0.137568 
2458693.506771 -0.716415 
2458694.438069 -1.601322 
2458695.369367 -2.253520 
2458696.300665 -2.364209 
2458697.231963 -1.857558 
2458698.163261 -0.986295 
2458699.094558 -0.072155 
2458700.025856 0.696533 
2458700.957154 1.256593 
2458701.888452 1.603415 
2458702.819750 1.748280 
2458703.751048 1.700496 
2458704.682345 1.462069 
2458705.613643 1.028752 
2458706.544941 0.397887 
2458707.476239 -0.410269 
2458708.407537 -1.307116 
2458709.338835 -2.076532 
2458710.270133 -2.399883 
2458711.201430 -2.090411 
2458712.132728 -1.305009 
2458713.064026 -0.376300 
2458713.995324 0.454394 
2458714.926622 1.088460 
2458715.857920 1.507575 
2458716.789218 1.720538 
2458717.720515 1.738369 
2458718.651813 1.565737 
2458719.583111 1.200080 
2458720.514409 0.636684 
2458721.445707 -0.115785 
2458722.377005 -0.999050 
2458723.308302 -1.845721 
2458724.239600 -2.357109 
2458725.170898 -2.265388 
2458726.102196 -1.607927 
2458727.033494 -0.693380 
2458727.964792 0.188344 
2458728.896090 0.894712 
2458729.827387 1.387361 
2458730.758685 1.669789 
2458731.689983 1.753793 
2458732.621281 1.646615 
2458733.552579 1.347939 
2458734.483877 0.852732 
2458735.415175 0.162274 
2458736.346472 -0.688032 
2458737.277770 -1.575265 
2458738.209068 -2.239890 
2458739.140366 -2.370735 
2458740.071664 -1.880938 
2458741.002962 -1.015824 
2458741.934260 -0.099335 
2458742.865557 0.675374 
2458743.796855 1.242244 
2458744.728153 1.595631 
2458745.659451 1.746686 
2458746.590749 1.704902 
2458747.522047 1.472525 
2458748.453344 1.045434 
2458749.384642 0.420693 
2458750.315940 -0.382708 
2458751.247238 -1.279277 
2458752.178536 -2.057410 
2458753.109834 -2.399210 
2458754.041132 -2.109060 
2458754.972429 -1.333631 
2458755.903727 -0.404920 
2458756.835025 0.430980 
2458757.766323 1.071771 
2458758.697621 1.497580 
2458759.628919 1.716850 
2458760.560217 1.740718 
2458761.491514 1.574095 
2458762.422812 1.214607 
2458763.354110 0.657445 
2458764.285408 -0.089558 
2458765.216706 -0.970520 
2458766.148004 -1.822364 
2458767.079301 -2.349359 
2458768.010599 -2.278089 
2458768.941897 -1.634419 
2458769.873195 -0.722842 
2458770.804493 0.162833 
2458771.735791 0.875671 
2458772.667089 1.375105 
2458773.598386 1.663974 
2458774.529684 1.754082 
2458775.460982 1.652895 
2458776.392280 1.360322 
2458777.323578 0.871371 
2458778.254876 0.186815 
2458779.186174 -0.659699 
2458780.117471 -1.548994 
2458781.048769 -2.225709 
2458781.980067 -2.376611 
2458782.911365 -1.903941 
2458783.842663 -1.045316 
2458784.773961 -0.126667 
2458785.705258 0.654005 
2458786.636556 1.227681 
2458787.567854 1.587647 
2458788.499152 1.744902 
2458789.430450 1.709118 
2458790.361748 1.482788 
2458791.293046 1.061919 
2458792.224343 0.443317 
2458793.155641 -0.355252 
2458794.086939 -1.251332 
2458795.018237 -2.037845 
2458795.949535 -2.397875 
2458796.880833 -2.127211 
2458797.812131 -1.362112 
2458798.743428 -0.433646 
2458799.674726 0.407365 
2458800.606024 1.054867 
2458801.537322 1.487380 
2458802.468620 1.712968 
2458803.399918 1.742878 
2458804.331216 1.582261 
2458805.262513 1.228936 
2458806.193811 0.678014 
2458807.125109 -0.063473 
2458808.056407 -0.941974 
2458808.987705 -1.798686 
2458809.919003 -2.340985 
2458810.850300 -2.290195 
2458811.781598 -1.660649 
2458812.712896 -0.752345 
2458813.644194 0.137142 
2458814.575492 0.856415 
2458815.506790 1.362639 
2458816.438088 1.657961 
2458817.369385 1.754181 
2458818.300683 1.658985 
2458819.231981 1.372510 
2458820.163279 0.889813 
2458821.094577 0.211187 
2458822.025875 -0.631420 
2458822.957173 -1.522519 
2458823.888470 -2.210986 
2458824.819768 -2.381833 
2458825.751066 -1.926555 
2458826.682364 -1.074761 
2458827.613662 -0.154147 
2458828.544960 0.632425 
2458829.476257 1.212904 
2458830.407555 1.579462 
2458831.338853 1.742926 
2458832.270151 1.713147 
2458833.201449 1.492858 
2458834.132747 1.078206 
2458835.064045 0.465757 
2458835.995342 -0.327903 
2458836.926640 -1.223290 
2458837.857938 -2.017848 
2458838.789236 -2.395879 
2458839.720534 -2.144853 
2458840.651832 -1.390441 
2458841.583130 -0.462471 
2458842.514427 0.383551 
2458843.445725 1.037747 
2458844.377023 1.476974 
2458845.308321 1.708893 
2458846.239619 1.744849 
2458847.170917 1.590237 
2458848.102214 1.243068 
2458849.033512 0.698390 
2458849.964810 -0.037532 
2458850.896108 -0.913420 
2458851.827406 -1.774697 
2458852.758704 -2.331993 
2458853.690002 -2.301697 
2458854.621299 -1.686605 
2458855.552597 -0.781881 
2458856.483895 0.111273 
2458857.415193 0.836944 
2458858.346491 1.349963 
2458859.277789 1.651752 
2458860.209087 1.754091 
2458861.140384 1.664886 
2458862.071682 1.384504 
2458863.002980 0.908058 
2458863.934278 0.235390 
2458864.865576 -0.603202 
2458865.796874 -1.495853 
2458866.728172 -2.195731 
2458867.659469 -2.386400 
2458868.590767 -1.948768 
2458869.522065 -1.104152 
2458870.453363 -0.181772 
2458871.384661 0.610636 
2458872.315959 1.197914 
2458873.247256 1.571075 
2458874.178554 1.740759 
2458875.109852 1.716986 
2458876.041150 1.502735 
2458876.972448 1.094295 
2458877.903746 0.488012 
2458878.835044 -0.300665 
2458879.766341 -1.195161 
2458880.697639 -1.997431 
2458881.628937 -2.393224 
2458882.560235 -2.161977 
2458883.491533 -1.418607 
2458884.422831 -0.491392 
2458885.354129 0.359540 
2458886.285426 1.020412 
2458887.216724 1.466362 
2458888.148022 1.704624 
2458889.079320 1.746632 
2458890.010618 1.598021 
2458890.941916 1.257003 
2458891.873213 0.718573 
2458892.804511 -0.011740 
2458893.735809 -0.884865 
2458894.667107 -1.750409 
2458895.598405 -2.322391 
2458896.529703 -2.312591 
2458897.461001 -1.712276 
2458898.392298 -0.811443 
2458899.323596 0.085228 
2458900.254894 0.817258 
2458901.186192 1.337077 
2458902.117490 1.645344 
2458903.048788 1.753812 
2458903.980086 1.670598 
2458904.911383 1.396302 
2458905.842681 0.926106 
2458906.773979 0.259422 
2458907.705277 -0.575050 
2458908.636575 -1.469004 
2458909.567873 -2.179952 
2458910.499170 -2.390308 
2458911.430468 -1.970569 
2458912.361766 -1.133479 
2458913.293064 -0.209537 
2458914.224362 0.588637 
2458915.155660 1.182710 
2458916.086958 1.562486 
2458917.018255 1.738401 
2458917.949553 1.720638 
2458918.880851 1.512420 
2458919.812149 1.110186 
2458920.743447 0.510081 
2458921.674745 -0.273543 
2458922.606043 -1.166952 
2458923.537340 -1.976604 
2458924.468638 -2.389913 
2458925.399936 -2.178573 
2458926.331234 -1.446600 
2458927.262532 -0.520401 
2458928.193830 0.335333 
2458929.125128 1.002860 
2458930.056425 1.455544 
2458930.987723 1.700160 
2458931.919021 1.748226 
2458932.850319 1.605615 
2458933.781617 1.270741 
2458934.712915 0.738562 
2458935.644212 0.013903 
2458936.575510 -0.856315 
2458937.506808 -1.725832 
2458938.438106 -2.312183 
2458939.369404 -2.322868 
2458940.300702 -1.737650 
2458941.232000 -0.841022 
2458942.163297 0.059010 
2458943.094595 0.797358 
2458944.025893 1.323981 
2458944.957191 1.638739 
2458945.888489 1.753342 
2458946.819787 1.676120 
2458947.751085 1.407905 
2458948.682382 0.943956 
2458949.613680 0.283281 
2458950.544978 -0.546969 
2458951.476276 -1.441982 
2458952.407574 -2.163660 
2458953.338872 -2.393556 
2458954.270169 -1.991947 
2458955.201467 -1.162733 
2458956.132765 -0.237438 
2458957.064063 0.566431 
2458957.995361 1.167292 
2458958.926659 1.553696 
2458959.857957 1.735851 
2458960.789254 1.724100 
2458961.720552 1.521912 
2458962.651850 1.125880 
2458963.583148 0.531963 
2458964.514446 -0.246541 
2458965.445744 -1.138673 
2458966.377042 -1.955377 
2458967.308339 -2.385948 
2458968.239637 -2.194631 
2458969.170935 -1.474409 
2458970.102233 -0.549494 
2458971.033531 0.310932 
2458971.964829 0.985094 
2458972.896127 1.444519 
2458973.827424 1.695501 
2458974.758722 1.749632 
2458975.690020 1.613019 
2458976.621318 1.284283 
2458977.552616 0.758357 
2458978.483914 0.039393 
2458979.415211 -0.827778 
2458980.346509 -1.700978 
2458981.277807 -2.301378 
2458982.209105 -2.332523 
2458983.140403 -1.762715 
2458984.071701 -0.870613 
2458985.002999 0.032623 
2458985.934296 0.777243 
2458986.865594 1.310673 
2458987.796892 1.631935 
2458988.728190 1.752683 
2458989.659488 1.681453 
2458990.590786 1.419314 
2458991.522084 0.961610 
2458992.453381 0.306965 
2458993.384679 -0.518965 
2458994.315977 -1.414799 
2458995.247275 -2.146865 
2458996.178573 -2.396142 
2458997.109871 -2.012889 
2458998.041168 -1.191904 
2458998.972466 -0.265472 
2458999.903764 0.544018 
2459000.835062 1.151660 
2459001.766360 1.544702 
2459002.697658 1.733109 
2459003.628956 1.727374 
2459004.560253 1.531211 
2459005.491551 1.141376 
2459006.422849 0.553658 
2459007.354147 -0.219661 
2459008.285445 -1.110332 
2459009.216743 -1.933763 
2459010.148041 -2.381333 
2459011.079338 -2.210142 
2459012.010636 -1.502022 
2459012.941934 -0.578665 
2459013.873232 0.286338 
2459014.804530 0.967111 
2459015.735828 1.433286 
2459016.667125 1.690648 
2459017.598423 1.750849 
2459018.529721 1.620232 
2459019.461019 1.297629 
2459020.392317 0.777957 
2459021.323615 0.064727 
2459022.254913 -0.799260 
2459023.186210 -1.675858 
2459024.117508 -2.289982 
2459025.048806 -2.341551 
2459025.980104 -1.787460 
2459026.911402 -0.900207 
2459027.842700 0.006067 
2459028.773998 0.756916 
2459029.705295 1.297153 
2459030.636593 1.624933 
2459031.567891 1.751834 
2459032.499189 1.686597 
2459033.430487 1.430529 
2459034.361785 0.979065 
2459035.293083 0.330474 
2459036.224380 -0.491042 
2459037.155678 -1.387463 
2459038.086976 -2.129575 
2459039.018274 -2.398065 
2459039.949572 -2.033386 
2459040.880870 -1.220982 
2459041.812167 -0.293635 
2459042.743465 0.521399 
2459043.674763 1.135812 
2459044.606061 1.535505 
2459045.537359 1.730175 
2459046.468657 1.730460 
2459047.399955 1.540319 
2459048.331252 1.156674 
2459049.262550 0.575164 
2459050.193848 -0.192908 
2459051.125146 -1.081936 
2459052.056444 -1.911773 
2459052.987742 -2.376070 
2459053.919040 -2.225098 
2459054.850337 -1.529429 
2459055.781635 -0.607908 
2459056.712933 0.261554 
2459057.644231 0.948913 
2459058.575529 1.421846 
2459059.506827 1.685600 
2459060.438124 1.751877 
2459061.369422 1.627254 
2459062.300720 1.310778 
2459063.232018 0.797361 
2459064.163316 0.089904 
2459065.094614 -0.770767 
2459066.025912 -1.650482 
2459066.957209 -2.278003 
2459067.888507 -2.349946 
2459068.819805 -1.811873 
2459069.751103 -0.929797 
2459070.682401 -0.020652 
2459071.613699 0.736375 
2459072.544997 1.283422 
2459073.476294 1.617731 
2459074.407592 1.750795 
2459075.338890 1.691553 
2459076.270188 1.441549 
2459077.201486 0.996324 
2459078.132784 0.353804 
2459079.064081 -0.463205 
2459079.995379 -1.359985 
2459080.926677 -2.111802 
2459081.857975 -2.399324 
2459082.789273 -2.053426 
2459083.720571 -1.249959 
2459084.651869 -0.321921 
2459085.583166 0.498574 
2459086.514464 1.119750 
2459087.445762 1.526105 
2459088.377060 1.727048 
2459089.308358 1.733357 
2459090.239656 1.549234 
2459091.170954 1.171774 
2459092.102251 0.596480 
2459093.033549 -0.166285 
2459093.964847 -1.053495 
2459094.896145 -1.889416 
2459095.827443 -2.370165 
2459096.758741 -2.239489 
2459097.690039 -1.556618 
2459098.621336 -0.637216 
2459099.552634 0.236581 
2459100.483932 0.930498 
2459101.415230 1.410198 
2459102.346528 1.680355 
2459103.277826 1.752716 
2459104.209123 1.634087 
2459105.140421 1.323731 
2459106.071719 0.816571 
2459107.003017 0.114922 
2459107.934315 -0.742306 
2459108.865613 -1.624862 
2459109.796911 -2.265449 
2459110.728208 -2.357703 
2459111.659506 -1.835943 
2459112.590804 -0.959373 
2459113.522102 -0.047533 
2459114.453400 0.715621 
2459115.384698 1.269479 
2459116.315996 1.610330 
2459117.247293 1.749566 
2459118.178591 1.696319 
2459119.109889 1.452376 
2459120.041187 1.013384 
2459120.972485 0.376956 
2459121.903783 -0.435459 
2459122.835080 -1.332374 
2459123.766378 -2.093555 
2459124.697676 -2.399919 
2459125.628974 -2.072999 
2459126.560272 -1.278823 
2459127.491570 -0.350327 
2459128.422868 0.475546 
2459129.354165 1.103473 
2459130.285463 1.516501 
2459131.216761 1.723729 
2459132.148059 1.736066 
2459133.079357 1.557958 
2459134.010655 1.186678 
2459134.941953 0.617607 
2459135.873250 -0.139795 
2459136.804548 -1.025016 
2459137.735846 -1.866706 
2459138.667144 -2.363621 
2459139.598442 -2.253307 
2459140.529740 -1.583579 
2459141.461037 -0.666584 
2459142.392335 0.211421 
2459143.323633 0.911869 
2459144.254931 1.398342 
2459145.186229 1.674915 
2459146.117527 1.753366 
2459147.048825 1.640729 
2459147.980122 1.336489 
2459148.911420 0.835584 
2459149.842718 0.139777 
2459150.774016 -0.713883 
2459151.705314 -1.599008 
2459152.636612 -2.252327 
2459153.567910 -2.364817 
2459154.499207 -1.859657 
2459155.430505 -0.988929 
2459156.361803 -0.074572 
2459157.293101 0.694655 
2459158.224399 1.255323 
2459159.155697 1.602729 
2459160.086995 1.748146 
2459161.018292 1.700896 
2459161.949590 1.463009 
2459162.880888 1.030247 
2459163.812186 0.399927 
2459164.743484 -0.407808 
2459165.674782 -1.304639 
2459166.606079 -2.074845 
2459167.537377 -2.399850 
2459168.468675 -2.092093 
2459169.399973 -1.307566 
2459170.331271 -0.378847 
2459171.262569 0.452315 
2459172.193867 1.086981 
2459173.125164 1.506692 
2459174.056462 1.720217 
2459174.987760 1.738586 
2459175.919058 1.566490 
2459176.850356 1.201383 
2459177.781654 0.638542 
2459178.712952 -0.113441 
2459179.644249 -0.996507 
2459180.575547 -1.843652 
2459181.506845 -2.356443 
2459182.438143 -2.266544 
2459183.369441 -1.610299 
2459184.300739 -0.696004 
2459185.232036 0.186077 
2459186.163334 0.893024 
2459187.094632 1.386277 
2459188.025930 1.669279 
2459188.957228 1.753827 
2459189.888526 1.647182 
2459190.819824 1.349050 
2459191.751121 0.854402 
2459192.682419 0.164469 
2459193.613717 -0.685504 
2459194.545015 -1.572931 
2459195.476313 -2.238648 
2459196.407611 -2.371285 
2459197.338909 -1.883005 
2459198.270206 -1.018455 
2459199.201504 -0.101766 
2459200.132802 0.673478 
2459201.064100 1.240954 
2459201.995398 1.594928 
2459202.926696 1.746535 
2459203.857993 1.705285 
2459204.789291 1.473448 
2459205.720589 1.046912 
2459206.651887 0.422717 
2459207.583185 -0.380256 
2459208.514483 -1.276790 
2459209.445781 -2.055683 
2459210.377078 -2.399118 
2459211.308376 -2.110698 
2459212.239674 -1.336176 
2459213.170972 -0.407477 
2459214.102270 0.428883 
2459215.033568 1.070273 
2459215.964866 1.496679 
2459216.896163 1.716512 
2459217.827461 1.740918 
2459218.758759 1.574831 
2459219.690057 1.215892 
2459220.621355 0.659286 
2459221.552653 -0.087227 
2459222.483951 -0.967976 
2459223.415248 -1.820266 
2459224.346546 -2.348637 
2459225.277844 -2.279192 
2459226.209142 -1.636768 
2459227.140440 -0.725471 
2459228.071738 0.160550 
2459229.003035 0.873963 
2459229.934333 1.374002 
2459230.865631 1.663446 
2459231.796929 1.754098 
2459232.728227 1.653445 
2459233.659525 1.361417 
2459234.590823 0.873023 
2459235.522120 0.188994 
2459236.453418 -0.657175 
2459237.384716 -1.546642 
2459238.316014 -2.224418 
2459239.247312 -2.377103 
2459240.178610 -1.905973 
2459241.109908 -1.047943 
2459242.041205 -0.129111 
2459242.972503 0.652090 
2459243.903801 1.226372 
2459244.835099 1.586926 
2459245.766397 1.744733 
2459246.697695 1.709485 
2459247.628992 1.483694 
2459248.560290 1.063379 
2459249.491588 0.445325 
2459250.422886 -0.352809 
2459251.354184 -1.248836 
2459252.285482 -2.036080 
2459253.216780 -2.397724 
2459254.148077 -2.128804 
2459255.079375 -1.364644 
2459256.010673 -0.436211 
2459256.941971 0.405250 
2459257.873269 1.053349 
2459258.804567 1.486460 
2459259.735865 1.712613 
2459260.667162 1.743061 
2459261.598460 1.582980 
2459262.529758 1.230204 
2459263.461056 0.679838 
2459264.392354 -0.061154 
2459265.323652 -0.939429 
2459266.254950 -1.796560 
2459267.186247 -2.340208 
2459268.117545 -2.291245 
2459269.048843 -1.662974 
2459269.980141 -0.754977 
2459270.911439 0.134843 
2459271.842737 0.854688 
2459272.774034 1.361518 
2459273.705332 1.657416 
2459274.636630 1.754181 
2459275.567928 1.659519 
2459276.499226 1.373587 
2459277.430524 0.891447 
2459278.361822 0.213352 
2459279.293119 -0.628902 
2459280.224417 -1.520150 
2459281.155715 -2.209648 
2459282.087013 -2.382267 
2459283.018311 -1.928552 
2459283.949609 -1.077384 
2459284.880907 -0.156604 
2459285.812204 0.630491 
2459286.743502 1.211577 
2459287.674800 1.578722 
2459288.606098 1.742741 
2459289.537396 1.713497 
2459290.468694 1.493747 
2459291.399991 1.079648 
2459292.331289 0.467748 
2459293.262587 -0.325470 
2459294.193885 -1.220786 
2459295.125183 -2.016045 
2459296.056481 -2.395669 
2459296.987779 -2.146401 
2459297.919076 -1.392959 
2459298.850374 -0.465046 
2459299.781672 0.381419 
2459300.712970 1.036210 
2459301.644268 1.476036 
2459302.575566 1.708520 
2459303.506864 1.745016 
2459304.438161 1.590939 
2459305.369459 1.244318 
2459306.300757 0.700197 
2459307.232055 -0.035227 
2459308.163353 -0.910875 
2459309.094651 -1.772544 
2459310.025948 -2.331162 
2459310.957246 -2.302693 
2459311.888544 -1.688905 
2459312.819842 -0.784515 
2459313.751140 0.108958 
2459314.682438 0.835198 
2459315.613736 1.348823 
2459316.545033 1.651189 
2459317.476331 1.754074 
2459318.407629 1.665403 
2459319.338927 1.385563 
2459320.270225 0.909675 
2459321.201523 0.237540 
2459322.132821 -0.600690 
2459323.064118 -1.493467 
2459323.995416 -2.194345 
2459324.926714 -2.386775 
2459325.858012 -1.950728 
2459326.789310 -1.106769 
2459327.720608 -0.184241 
2459328.651906 0.608683 
2459329.583203 1.196568 
2459330.514501 1.570318 
2459331.445799 1.740557 
2459332.377097 1.717320 
2459333.308395 1.503607 
2459334.239693 1.095720 
2459335.170990 0.489987 
2459336.102288 -0.298243 
2459337.033586 -1.192649 
2459337.964884 -1.995591 
2459338.896182 -2.392956 
2459339.827480 -2.163478 
2459340.758778 -1.421110 
2459341.690075 -0.493974 
2459342.621373 0.357390 
2459343.552671 1.018856 
2459344.483969 1.465406 
2459345.415267 1.704233 
2459346.346565 1.746782 
2459347.277863 1.598706 
2459348.209160 1.258236 
2459349.140458 0.720363 
2459350.071756 -0.009448 
2459351.003054 -0.882319 
2459351.934352 -1.748229 
2459352.865650 -2.321505 
2459353.796947 -2.313532 
2459354.728245 -1.714550 
2459355.659543 -0.814079 
2459356.590841 0.082898 
2459357.522139 0.815493 
2459358.453437 1.335918 
2459359.384735 1.644764 
2459360.316032 1.753778 
2459361.247330 1.671098 
2459362.178628 1.397344 
2459363.109926 0.927705 
2459364.041224 0.261556 
2459364.972522 -0.572544 
2459365.903820 -1.466602 
2459366.835117 -2.178521 
2459367.766415 -2.390625 
2459368.697713 -1.972492 
2459369.629011 -1.136090 
2459370.560309 -0.212018 
2459371.491607 0.586666 
2459372.422904 1.181345 
2459373.354202 1.561711 
2459374.285500 1.738181 
2459375.216798 1.720954 
2459376.148096 1.513274 
2459377.079394 1.111593 
2459378.010692 0.512039 
2459378.941989 -0.271131 
2459379.873287 -1.164434 
2459380.804585 -1.974727 
2459381.735883 -2.389586 
2459382.667181 -2.180026 
2459383.598479 -1.449087 
2459384.529777 -0.522991 
2459385.461074 0.333166 
2459386.392372 1.001285 
2459387.323670 1.454569 
2459388.254968 1.699752 
2459389.186266 1.748359 
2459390.117564 1.606283 
2459391.048862 1.271957 
2459391.980159 0.740334 
2459392.911457 0.016181 
2459393.842755 -0.853770 
2459394.774053 -1.723628 
2459395.705351 -2.311244 
2459396.636649 -2.323754 
2459397.567946 -1.739897 
2459398.499244 -0.843660 
2459399.430542 0.056665 
2459400.361840 0.795573 
2459401.293138 1.322803 
2459402.224436 1.638141 
2459403.155734 1.753291 
2459404.087031 1.676603 
2459405.018329 1.408930 
2459405.949627 0.945538 
2459406.880925 0.285400 
2459407.812223 -0.544470 
2459408.743521 -1.439566 
2459409.674819 -2.162183 
2459410.606116 -2.393814 
2459411.537414 -1.993831 
2459412.468712 -1.165337 
2459413.400010 -0.239932 
2459414.331308 0.564441 
2459415.262606 1.165907 
2459416.193903 1.552902 
2459417.125201 1.735614 
2459418.056499 1.724400 
2459418.987797 1.522749 
2459419.919095 1.127269 
2459420.850393 0.533905 
2459421.781691 -0.244140 
2459422.712988 -1.136149 
2459423.644286 -1.953466 
2459424.575584 -2.385563 
2459425.506882 -2.196036 
2459426.438180 -1.476878 
2459427.369478 -0.552092 
2459428.300776 0.308747 
2459429.232073 0.983499 
2459430.163371 1.443526 
2459431.094669 1.695077 
2459432.025967 1.749748 
2459432.957265 1.613669 
2459433.888563 1.285481 
2459434.819860 0.760112 
2459435.751158 0.041657 
2459436.682456 -0.825235 
2459437.613754 -1.698749 
2459438.545052 -2.300386 
2459439.476350 -2.333354 
2459440.407648 -1.764934 
2459441.338945 -0.873251 
2459442.270243 0.030262 
2459443.201541 0.775440 
2459444.132839 1.309476 
2459445.064137 1.631319 
2459445.995435 1.752615 
2459446.926733 1.681919 
2459447.858030 1.420322 
2459448.789328 0.963174 
2459449.720626 0.309068 
2459450.651924 -0.516472 
2459451.583222 -1.412368 
2459452.514520 -2.145343 
2459453.445818 -2.396341 
2459454.377115 -2.014735 
2459455.308413 -1.194500 
2459456.239711 -0.267978 
2459457.171009 0.542010 
2459458.102307 1.150256 
2459459.033605 1.543890 
2459459.964902 1.732855 
2459460.896200 1.727657 
2459461.827498 1.532031 
2459462.758796 1.142747 
2459463.690094 0.555583 
2459464.621392 -0.217271 
2459465.552690 -1.107802 
2459466.483987 -1.931818 
2459467.415285 -2.380890 
2459468.346583 -2.211498 
2459469.277881 -1.504474 
2459470.209179 -0.581269 
2459471.140477 0.284137 
2459472.071775 0.965497 
2459473.003072 1.432275 
2459473.934370 1.690206 
2459474.865668 1.750948 
2459475.796966 1.620865 
2459476.728264 1.298809 
2459477.659562 0.779694 
2459478.590859 0.066978 
2459479.522157 -0.796718 
2459480.453455 -1.673606 
2459481.384753 -2.288937 
2459482.316051 -2.342325 
2459483.247349 -1.789650 
2459484.178647 -0.902845 
2459485.109944 0.003692 
2459486.041242 0.755093 
2459486.972540 1.295938 
2459487.903838 1.624299 
2459488.835136 1.751749 
2459489.766434 1.687047 
2459490.697732 1.431519 
2459491.629029 0.980612 
2459492.560327 0.332561 
2459493.491625 -0.488557 
2459494.422923 -1.385019 
2459495.354221 -2.128010 
2459496.285519 -2.398204 
2459497.216816 -2.035192 
2459498.148114 -1.223570 
2459499.079412 -0.296151 
2459500.010710 0.519372 
2459500.942008 1.134389 
2459501.873306 1.534676 
2459502.804604 1.729904 
2459503.735901 1.730726 
2459504.667199 1.541121 
2459505.598497 1.158028 
2459506.529795 0.577072 
2459507.461093 -0.190530 
2459508.392391 -1.079403 
2459509.323689 -1.909794 
2459510.254986 -2.375570 
2459511.186284 -2.226404 
2459512.117582 -1.531862 
2459513.048880 -0.610518 
2459513.980178 0.259336 
2459514.911476 0.947280 
2459515.842774 1.420817 
2459516.774071 1.685140 
2459517.705369 1.751959 
2459518.636667 1.627871 
2459519.567965 1.311941 
2459520.499263 0.799082 
2459521.430561 0.092141 
2459522.361858 -0.768228 
2459523.293156 -1.648208 
2459524.224454 -2.276907 
2459525.155752 -2.350663 
2459526.087050 -1.814033 
2459527.018348 -0.932434 
2459527.949646 -0.023042 
2459528.880943 0.734533 
2459529.812241 1.282188 
2459530.743539 1.617080 
2459531.674837 1.750693 
2459532.606135 1.691985 
2459533.537433 1.442522 
2459534.468731 0.997853 
2459535.400028 0.355875 
2459536.331326 -0.460728 
2459537.262624 -1.357529 
2459538.193922 -2.110194 
2459539.125220 -2.399404 
2459540.056518 -2.055190 
2459540.987815 -1.252536 
2459541.919113 -0.324449 
2459542.850411 0.496530 
2459543.781709 1.118308 
2459544.713007 1.525257 
2459545.644305 1.726760 
2459546.575603 1.733606 
2459547.506900 1.550020 
2459548.438198 1.173111 
2459549.369496 0.598371 
2459550.300794 -0.163918 
2459551.232092 -1.050958 
2459552.163390 -1.887406 
2459553.094688 -2.369607 
2459554.025985 -2.240744 
2459554.957283 -1.559031 
2459555.888581 -0.639832 
2459556.819879 0.234346 
2459557.751177 0.928846 
2459558.682475 1.409150 
2459559.613773 1.679878 
2459560.545070 1.752781 
2459561.476368 1.634687 
2459562.407666 1.324877 
2459563.338964 0.818274 
2459564.270262 0.117144 
2459565.201560 -0.739771 
2459566.132857 -1.622567 
2459567.064155 -2.264302 
2459567.995453 -2.358363 
2459568.926751 -1.838072 
2459569.858049 -0.962009 
2459570.789347 -0.049937 
2459571.720645 0.713761 
2459572.651942 1.268225 
2459573.583240 1.609661 
2459574.514538 1.749447 
2459575.445836 1.696735 
2459576.377134 1.453331 
2459577.308432 1.014895 
2459578.239730 0.379011 
2459579.171027 -0.432990 
2459580.102325 -1.329906 
2459581.033623 -2.091906 
2459581.964921 -2.399940 
2459582.896219 -2.074721 
2459583.827517 -1.281391 
2459584.758814 -0.352865 
2459585.690112 0.473483 
2459586.621410 1.102011 
2459587.552708 1.515635 
2459588.484006 1.723424 
2459589.415304 1.736298 
2459590.346602 1.558726 
2459591.277899 1.187997 
2459592.209197 0.619481 
2459593.140495 -0.137440 
2459594.071793 -1.022476 
2459595.003091 -1.864664 
2459595.934389 -2.363007 
2459596.865687 -2.254511 
2459597.796984 -1.585971 
2459598.728282 -0.669205 
2459599.659580 0.209169 
2459600.590878 0.910198 
2459601.522176 1.397275 
2459602.453474 1.674421 
2459603.384771 1.753414 
2459604.316069 1.641312 
2459605.247367 1.337617 
2459606.178665 0.837270 
2459607.109963 0.141985 
2459608.041261 -0.711351 
2459608.972559 -1.596692 
2459609.903856 -2.251130 
2459610.835154 -2.365420 
2459611.766452 -1.861754 
2459612.697750 -0.991562 
2459613.629048 -0.076990 
2459614.560346 0.692776 
2459615.491644 1.254051 
2459616.422941 1.602042 
2459617.354239 1.748010 
2459618.285537 1.701295 
2459619.216835 1.463947 
2459620.148133 1.031740 
2459621.079431 0.401966 
2459622.010729 -0.405348 
2459622.942026 -1.302161 
2459623.873324 -2.073155 
2459624.804622 -2.399812 
2459625.735920 -2.093772 
2459626.667218 -1.310122 
2459627.598516 -0.381395 
2459628.529813 0.450234 
2459629.461111 1.085500 
2459630.392409 1.505808 
2459631.323707 1.719895 
2459632.255005 1.738802 
2459633.186303 1.567241 
2459634.117601 1.202685 
2459635.048898 0.640399 
2459635.980196 -0.111098 
2459636.911494 -0.993965 
2459637.842792 -1.841580 
2459638.774090 -2.355773 
2459639.705388 -2.267696 
2459640.636686 -1.612669 
2459641.567983 -0.698629 
2459642.499281 0.183809 
2459643.430579 0.891333 
2459644.361877 1.385191 
2459645.293175 1.668767 
2459646.224473 1.753859 
2459647.155770 1.647748 
2459648.087068 1.350161 
2459649.018366 0.856070 
2459649.949664 0.166662 
2459650.880962 -0.682977 
2459651.812260 -1.570596 
2459652.743558 -2.237401 
2459653.674855 -2.371830 
2459654.606153 -1.885068 
2459655.537451 -1.021085 
2459656.468749 -0.104197 
2459657.400047 0.671580 
2459658.331345 1.239663 
2459659.262643 1.594222 
2459660.193940 1.746382 
2459661.125238 1.705667 
2459662.056536 1.474369 
2459662.987834 1.048388 
2459663.919132 0.424740 
2459664.850430 -0.377805 
2459665.781727 -1.274302 
2459666.713025 -2.053954 
2459667.644323 -2.399021 
2459668.575621 -2.112333 
2459669.506919 -1.338720 
2459670.438217 -0.410034 
2459671.369515 0.426784 
2459672.300812 1.068773 
2459673.232110 1.495776 
2459674.163408 1.716172 
2459675.094706 1.741117 
2459676.026004 1.575565 
2459676.957302 1.217176 
2459677.888600 0.661126 
2459678.819897 -0.084897 
2459679.751195 -0.965431 
2459680.682493 -1.818166 
2459681.613791 -2.347911 
2459682.545089 -2.280291 
2459683.476387 -1.639115 
2459684.407685 -0.728100 
2459685.338982 0.158265 
2459686.270280 0.872254 
2459687.201578 1.372897 
2459688.132876 1.662916 
2459689.064174 1.754114 
2459689.995472 1.653994 
2459690.926769 1.362510 
2459691.858067 0.874673 
2459692.789365 0.191172 
2459693.720663 -0.654653 
2459694.651961 -1.544288 
2459695.583259 -2.223123 
2459696.514557 -2.377590 
2459697.445854 -1.908002 
2459698.377152 -1.050569 
2459699.308450 -0.131556 
2459700.239748 0.650173 
2459701.171046 1.225062 
2459702.102344 1.586202 
2459703.033642 1.744563 
2459703.964939 1.709851 
2459704.896237 1.484598 
2459705.827535 1.064837 
2459706.758833 0.447331 
2459707.690131 -0.350368 
2459708.621429 -1.246339 
2459709.552726 -2.034311 
2459710.484024 -2.397568 
2459711.415322 -2.130394 
2459712.346620 -1.367175 
2459713.277918 -0.438778 
2459714.209216 0.403134 
2459715.140514 1.051830 
2459716.071811 1.485539 
2459717.003109 1.712256 
2459717.934407 1.743243 
2459718.865705 1.583697 
2459719.797003 1.231470 
2459720.728301 0.681661 
2459721.659599 -0.058837 
2459722.590896 -0.936884 
2459723.522194 -1.794431 
2459724.453492 -2.339427 
2459725.384790 -2.292290 
2459726.316088 -1.665297 
2459727.247386 -0.757609 
2459728.178683 0.132542 
2459729.109981 0.852959 
2459730.041279 1.360394 
2459730.972577 1.656869 
2459731.903875 1.754179 
2459732.835173 1.660051 
2459733.766471 1.374663 
2459734.697768 0.893080 
2459735.629066 0.215515 
2459736.560364 -0.626385 
2459737.491662 -1.517779 
2459738.422960 -2.208305 
2459739.354258 -2.382696 
2459740.285556 -1.930545 
2459741.216853 -1.080006 
2459742.148151 -0.159062 
2459743.079449 0.628555 
2459744.010747 1.210247 
2459744.942045 1.577981 
2459745.873343 1.742554 
2459746.804641 1.713845 
2459747.735938 1.494633 
2459748.667236 1.081089 
2459749.598534 0.469738 
2459750.529832 -0.323038 
2459751.461130 -1.218281 
2459752.392428 -2.014239 
2459753.323725 -2.395454 
2459754.255023 -2.147944 
2459755.186321 -1.395475 
2459756.117619 -0.467621 
2459757.048917 0.379285 
2459757.980215 1.034672 
2459758.911513 1.475097 
2459759.842810 1.708146 
2459760.774108 1.745181 
2459761.705406 1.591639 
2459762.636704 1.245567 
2459763.568002 0.702003 
2459764.499300 -0.032923 
2459765.430598 -0.908329 
2459766.361895 -1.770388 
2459767.293193 -2.330326 
2459768.224491 -2.303684 
2459769.155789 -1.691203 
2459770.087087 -0.787150 
2459771.018385 0.106642 
2459771.949682 0.833450 
2459772.880980 1.347681 
2459773.812278 1.650624 
2459774.743576 1.754055 
2459775.674874 1.665918 
2459776.606172 1.386621 
2459777.537470 0.911290 
2459778.468767 0.239688 
2459779.400065 -0.598178 
2459780.331363 -1.491079 
2459781.262661 -2.192956 
2459782.193959 -2.387145 
2459783.125257 -1.952686 
2459784.056555 -1.109386 
2459784.987852 -0.186712 
2459785.919150 0.606729 
2459786.850448 1.195219 
2459787.781746 1.569559 
2459788.713044 1.740353 
2459789.644342 1.717651 
2459790.575639 1.504476 
2459791.506937 1.097143 
2459792.438235 0.491960 
2459793.369533 -0.295821 
2459794.300831 -1.190137 
2459795.232129 -1.993747 
2459796.163427 -2.392682 
2459797.094724 -2.164975 
2459798.026022 -1.423611 
2459798.957320 -0.496557 
2459799.888618 0.355239 
2459800.819916 1.017298 
2459801.751214 1.464448 
2459802.682512 1.703842 
2459803.613809 1.746930 
2459804.545107 1.599389 
2459805.476405 1.259467 
2459806.407703 0.722151 
2459807.339001 -0.007157 
2459808.270299 -0.879774 
2459809.201597 -1.746048 
2459810.132894 -2.320615 
2459811.064192 -2.314468 
2459811.995490 -1.716822 
2459812.926788 -0.816715 
2459813.858086 0.080566 
2459814.789384 0.813725 
2459815.720681 1.334758 
2459816.651979 1.644181 
2459817.583277 1.753742 
2459818.514575 1.671596 
2459819.445873 1.398385 
2459820.377171 0.929303 
2459821.308469 0.263689 
2459822.239766 -0.570038 
2459823.171064 -1.464198 
2459824.102362 -2.177085 
2459825.033660 -2.390936 
2459825.964958 -1.974412 
2459826.896256 -1.138700 
2459827.827554 -0.214501 
2459828.758851 0.584693 
2459829.690149 1.179977 
2459830.621447 1.560934 
2459831.552745 1.737960 
2459832.484043 1.721269 
2459833.415341 1.514126 
2459834.346638 1.112999 
2459835.277936 0.513996 
2459836.209234 -0.268720 
2459837.140532 -1.161915 
2459838.071830 -1.972848 
2459839.003128 -2.389254 
2459839.934426 -2.181476 
2459840.865723 -1.451572 
2459841.797021 -0.525582 
2459842.728319 0.330997 
2459843.659617 0.999709 
2459844.590915 1.453593 
2459845.522213 1.699344 
2459846.453511 1.748491 
2459847.384808 1.606949 
2459848.316106 1.273170 
2459849.247404 0.742105 
2459850.178702 0.018459 
2459851.110000 -0.851226 
2459852.041298 -1.721421 
2459852.972596 -2.310300 
2459853.903893 -2.324635 
2459854.835191 -1.742141 
2459855.766489 -0.846298 
2459856.697787 0.054318 
2459857.629085 0.793787 
2459858.560383 1.321623 
2459859.491680 1.637541 
2459860.422978 1.753239 
2459861.354276 1.677085 
2459862.285574 1.409954 
2459863.216872 0.947118 
2459864.148170 0.287517 
2459865.079468 -0.541971 
2459866.010765 -1.437147 
2459866.942063 -2.160703 
2459867.873361 -2.394066 
2459868.804659 -1.995713 
2459869.735957 -1.167940 
2459870.667255 -0.242427 
2459871.598553 0.562450 
2459872.529850 1.164521 
2459873.461148 1.552107 
2459874.392446 1.735376 
2459875.323744 1.724698 
2459876.255042 1.523584 
2459877.186340 1.128657 
2459878.117637 0.535845 
2459879.048935 -0.241739 
2459879.980233 -1.133624 
2459880.911531 -1.951552 
2459881.842829 -2.385173 
2459882.774127 -2.197437 
2459883.705425 -1.479346 
2459884.636722 -0.554690 
2459885.568020 0.306561 
2459886.499318 0.981903 
2459887.430616 1.442531 
2459888.361914 1.694650 
2459889.293212 1.749863 
2459890.224510 1.614319 
2459891.155807 1.286677 
2459892.087105 0.761865 
2459893.018403 0.043921 
2459893.949701 -0.822692 
2459894.880999 -1.696519 
2459895.812297 -2.299389 
2459896.743594 -2.334179 
2459897.674892 -1.767151 
2459898.606190 -0.875890 
2459899.537488 0.027900 
2459900.468786 0.773635 
2459901.400084 1.308278 
2459902.331382 1.630701 
2459903.262679 1.752546 
2459904.193977 1.682384 
2459905.125275 1.421328 
2459906.056573 0.964736 
2459906.987871 0.311170 
2459907.919169 -0.513981 
2459908.850467 -1.409936 
2459909.781764 -2.143818 
2459910.713062 -2.396534 
2459911.644360 -2.016577 
2459912.575658 -1.197095 
2459913.506956 -0.270484 
2459914.438254 0.540000 
2459915.369552 1.148850 
2459916.300849 1.543077 
2459917.232147 1.732600 
2459918.163445 1.727938 
2459919.094743 1.532849 
2459920.026041 1.144118 
2459920.957339 0.557506 
2459921.888636 -0.214882 
2459922.819934 -1.105273 
2459923.751232 -1.929870 
2459924.682530 -2.380442 
2459925.613828 -2.212850 
2459926.545126 -1.506924 
2459927.476424 -0.583874 
2459928.407721 0.281934 
2459929.339019 0.963882 
2459930.270317 1.431262 
2459931.201615 1.689762 
2459932.132913 1.751046 
2459933.064211 1.621498 
2459933.995509 1.299988 
2459934.926806 0.781431 
2459935.858104 0.069228 
2459936.789402 -0.794177 
2459937.720700 -1.671352 
2459938.651998 -2.287888 
2459939.583296 -2.343094 
2459940.514593 -1.791838 
2459941.445891 -0.905483 
2459942.377189 0.001315 
2459943.308487 0.753269 
2459944.239785 1.294721 
2459945.171083 1.623663 
2459946.102381 1.751663 
2459947.033678 1.687495 
2459947.964976 1.432508 
2459948.896274 0.982157 
2459949.827572 0.334646 
2459950.758870 -0.486072 
2459951.690168 -1.382574 
2459952.621466 -2.126441 
2459953.552763 -2.398338 
2459954.484061 -2.036993 
2459955.415359 -1.226156 
2459956.346657 -0.298669 
2459957.277955 0.517344 
2459958.209253 1.132964 
2459959.140550 1.533844 
2459960.071848 1.729632 
2459961.003146 1.730990 
2459961.934444 1.541922 
2459962.865742 1.159381 
2459963.797040 0.578978 
2459964.728338 -0.188152 
2459965.659635 -1.076869 
2459966.590933 -1.907813 
2459967.522231 -2.375064 
2459968.453529 -2.227705 
2459969.384827 -1.534293 
2459970.316125 -0.613129 
2459971.247423 0.257115 
2459972.178720 0.945645 
2459973.110018 1.419785 
2459974.041316 1.684679 
2459974.972614 1.752040 
2459975.903912 1.628486 
2459976.835210 1.313102 
2459977.766508 0.800801 
2459978.697805 0.094377 
2459979.629103 -0.765690 
2459980.560401 -1.645932 
2459981.491699 -2.275806 
2459982.422997 -2.351376 
2459983.354295 -1.816190 
2459984.285592 -0.935071 
2459985.216890 -0.025433 
2459986.148188 0.732690 
2459987.079486 1.280952 
2459988.010784 1.616426 
2459988.942082 1.750590 
2459989.873380 1.692416 
2459990.804677 1.443494 
2459991.735975 0.999380 
2459992.667273 0.357945 
2459993.598571 -0.458251 
2459994.529869 -1.355072 
2459995.461167 -2.108583 
2459996.392465 -2.399479 
2459997.323762 -2.056951 
2459998.255060 -1.255113 
2459999.186358 -0.326977 
2460000.117656 0.494483 
2460001.048954 1.116864 
2460001.980252 1.524408 
2460002.911549 1.726471 
2460003.842847 1.733854 
2460004.774145 1.550804 
2460005.705443 1.174446 
2460006.636741 0.600261 
2460007.568039 -0.161552 
2460008.499337 -1.048420 
2460009.430634 -1.885393 
2460010.361932 -2.369045 
2460011.293230 -2.241995 
2460012.224528 -1.561442 
2460013.155826 -0.642448 
2460014.087124 0.232109 
2460015.018422 0.927193 
2460015.949719 1.408100 
2460016.881017 1.679400 
2460017.812315 1.752845 
2460018.743613 1.635285 
2460019.674911 1.326020 
2460020.606209 0.819975 
2460021.537506 0.119365 
2460022.468804 -0.737235 
2460023.400102 -1.620269 
2460024.331400 -2.263150 
2460025.262698 -2.359018 
2460026.193996 -1.840198 
2460027.125294 -0.964644 
2460028.056591 -0.052342 
2460028.987889 0.711899 
2460029.919187 1.266970 
2460030.850485 1.608990 
2460031.781783 1.749326 
2460032.713081 1.697149 
2460033.644379 1.454286 
2460034.575676 1.016405 
2460035.506974 0.381065 
2460036.438272 -0.430522 
2460037.369570 -1.327438 
2460038.300868 -2.090253 
2460039.232166 -2.399955 
2460040.163464 -2.076439 
2460041.094761 -1.283957 
2460042.026059 -0.355403 
2460042.957357 0.471419 
2460043.888655 1.100548 
2460044.819953 1.514767 
2460045.751251 1.723117 
2460046.682548 1.736529 
2460047.613846 1.559493 
2460048.545144 1.189314 
2460049.476442 0.621353 
2460050.407740 -0.135086 
2460051.339038 -1.019935 
2460052.270336 -1.862620 
2460053.201633 -2.362388 
2460054.132931 -2.255710 
2460055.064229 -1.588361 
2460055.995527 -0.671826 
2460056.926825 0.206916 
2460057.858123 0.908525 
2460058.789421 1.396206 
2460059.720718 1.673925 
2460060.652016 1.753462 
2460061.583314 1.641894 
2460062.514612 1.338743 
2460063.445910 0.838954 
2460064.377208 0.144192 
2460065.308505 -0.708820 
2460066.239803 -1.594375 
2460067.171101 -2.249929 
2460068.102399 -2.366018 
2460069.033697 -1.863847 
2460069.964995 -0.994195 
2460070.896293 -0.079409 
2460071.827590 0.690895 
2460072.758888 1.252777 
2460073.690186 1.601353 
2460074.621484 1.747872 
2460075.552782 1.701693 
2460076.484080 1.464884 
2460077.415378 1.033233 
2460078.346675 0.404004 
2460079.277973 -0.402888 
2460080.209271 -1.299682 
2460081.140569 -2.071462 
2460082.071867 -2.399768 
2460083.003165 -2.095446 
2460083.934462 -1.312677 
2460084.865760 -0.383943 
2460085.797058 0.448152 
2460086.728356 1.084017 
2460087.659654 1.504922 
2460088.590952 1.719571 
2460089.522250 1.739016 
2460090.453547 1.567991 
2460091.384845 1.203985 
2460092.316143 0.642255 
2460093.247441 -0.108757 
2460094.178739 -0.991422 
2460095.110037 -1.839506 
2460096.041335 -2.355098 
2460096.972632 -2.268843 
2460097.903930 -1.615037 
2460098.835228 -0.701255 
2460099.766526 0.181539 
2460100.697824 0.889641 
2460101.629122 1.384103 
2460102.560420 1.668253 
2460103.491717 1.753889 
2460104.423015 1.648313 
2460105.354313 1.351270 
2460106.285611 0.857736 
2460107.216909 0.168854 
2460108.148207 -0.680450 
2460109.079504 -1.568259 
2460110.010802 -2.236151 
2460110.942100 -2.372370 
2460111.873398 -1.887128 
2460112.804696 -1.023715 
2460113.735994 -0.106630 
2460114.667292 0.669680 
2460115.598589 1.238370 
2460116.529887 1.593516 
2460117.461185 1.746228 
2460118.392483 1.706048 
2460119.323781 1.475289 
2460120.255079 1.049862 
2460121.186377 0.426762 
2460122.117674 -0.375355 
2460123.048972 -1.271813 
2460123.980270 -2.052220 
2460124.911568 -2.398918 
2460125.842866 -2.113963 
2460126.774164 -1.341263 
2460127.705461 -0.412592 
2460128.636759 0.424684 
2460129.568057 1.067271 
2460130.499355 1.494872 
2460131.430653 1.715831 
2460132.361951 1.741314 
2460133.293249 1.576298 
2460134.224546 1.218458 
2460135.155844 0.662965 
2460136.087142 -0.082568 
2460137.018440 -0.962887 
2460137.949738 -1.816063 
2460138.881036 -2.347180 
2460139.812334 -2.281385 
2460140.743631 -1.641460 
2460141.674929 -0.730729 
2460142.606227 0.155980 
2460143.537525 0.870542 
2460144.468823 1.371791 
2460145.400121 1.662385 
2460146.331419 1.754127 
2460147.262716 1.654542 
2460148.194014 1.363601 
2460149.125312 0.876322 
2460150.056610 0.193349 
2460150.987908 -0.652130 
2460151.919206 -1.541933 
2460152.850503 -2.221824 
2460153.781801 -2.378071 
2460154.713099 -1.910028 
2460155.644397 -1.053196 
2460156.575695 -0.134002 
2460157.506993 0.648254 
2460158.438291 1.223750 
2460159.369588 1.585478 
2460160.300886 1.744392 
2460161.232184 1.710214 
2460162.163482 1.485500 
2460163.094780 1.066294 
2460164.026078 0.449336 
2460164.957376 -0.347927 
2460165.888673 -1.243842 
2460166.819971 -2.032539 
2460167.751269 -2.397406 
2460168.682567 -2.131979 
2460169.613865 -1.369704 
2460170.545163 -0.441345 
2460171.476460 0.401016 
2460172.407758 1.050309 
2460173.339056 1.484617 
2460174.270354 1.711897 
2460175.201652 1.743423 
2460176.132950 1.584413 
2460177.064248 1.232734 
2460177.995545 0.683482 
2460178.926843 -0.056521 
2460179.858141 -0.934338 
2460180.789439 -1.792300 
2460181.720737 -2.338640 
2460182.652035 -2.293330 
2460183.583333 -1.667618 
2460184.514630 -0.760241 
2460185.445928 0.130241 
2460186.377226 0.851229 
2460187.308524 1.359270 
2460188.239822 1.656320 
2460189.171120 1.754176 
2460190.102417 1.660582 
2460191.033715 1.375737 
2460191.965013 0.894711 
2460192.896311 0.217677 
2460193.827609 -0.623867 
2460194.758907 -1.515406 
2460195.690205 -2.206958 
2460196.621502 -2.383119 
2460197.552800 -1.932535 
2460198.484098 -1.082627 
2460199.415396 -0.161521 
2460200.346694 0.626618 
2460201.277992 1.208916 
2460202.209290 1.577239 
2460203.140587 1.742365 
2460204.071885 1.714192 
2460205.003183 1.495519 
2460205.934481 1.082528 
2460206.865779 0.471727 
2460207.797077 -0.320607 
2460208.728375 -1.215776 
2460209.659672 -2.012429 
2460210.590970 -2.395234 
2460211.522268 -2.149484 
2460212.453566 -1.397990 
2460213.384864 -0.470197 
2460214.316162 0.377149 
2460215.247459 1.033132 
2460216.178757 1.474156 
2460217.110055 1.707770 
2460218.041353 1.745344 
2460218.972651 1.592337 
2460219.903949 1.246814 
2460220.835247 0.703807 
2460221.766544 -0.030620 
2460222.697842 -0.905783 
2460223.629140 -1.768230 
2460224.560438 -2.329485 
2460225.491736 -2.304671 
2460226.423034 -1.693498 
2460227.354332 -0.789785 
2460228.285629 0.104324 
2460229.216927 0.831700 
2460230.148225 1.346538 
2460231.079523 1.650058 
2460232.010821 1.754035 
2460232.942119 1.666432 
2460233.873416 1.387678 
2460234.804714 0.912904 
2460235.736012 0.241834 
2460236.667310 -0.595667 
2460237.598608 -1.488690 
2460238.529906 -2.191562 
2460239.461204 -2.387510 
2460240.392501 -1.954639 
2460241.323799 -1.112002 
2460242.255097 -0.189183 
2460243.186395 0.604773 
2460244.117693 1.193869 
2460245.048991 1.568798 
2460245.980289 1.740147 
2460246.911586 1.717981 
2460247.842884 1.505344 
2460248.774182 1.098564 
2460249.705480 0.493932 
2460250.636778 -0.293400 
2460251.568076 -1.187624 
2460252.499373 -1.991901 
2460253.430671 -2.392403 
2460254.361969 -2.166468 
2460255.293267 -1.426111 
2460256.224565 -0.499141 
2460257.155863 0.353085 
2460258.087161 1.015739 
2460259.018458 1.463489 
2460259.949756 1.703449 
2460260.881054 1.747077 
2460261.812352 1.600071 
2460262.743650 1.260696 
2460263.674948 0.723938 
2460264.606246 -0.004867 
2460265.537543 -0.877229 
2460266.468841 -1.743864 
2460267.400139 -2.319720 
2460268.331437 -2.315400 
2460269.262735 -1.719091 
2460270.194033 -0.819352 
2460271.125331 0.078233 
2460272.056628 0.811957 
2460272.987926 1.333596 
2460273.919224 1.643597 
2460274.850522 1.753705 
2460275.781820 1.672093 
2460276.713118 1.399424 
2460277.644415 0.930899 
2460278.575713 0.265820 
2460279.507011 -0.567533 
2460280.438309 -1.461794 
2460281.369607 -2.175645 
2460282.300905 -2.391242 
2460283.232203 -1.976328 
2460284.163500 -1.141310 
2460285.094798 -0.216985 
2460286.026096 0.582719 
2460286.957394 1.178608 
2460287.888692 1.560155 
2460288.819990 1.737738 
2460289.751288 1.721582 
2460290.682585 1.514977 
2460291.613883 1.114403 
2460292.545181 0.515951 
2460293.476479 -0.266310 
2460294.407777 -1.159396 
2460295.339075 -1.970966 
2460296.270372 -2.388917 
2460297.201670 -2.182921 
2460298.132968 -1.454056 
2460299.064266 -0.528174 
2460299.995564 0.328826 
2460300.926862 0.998130 
2460301.858160 1.452616 
2460302.789457 1.698933 
2460303.720755 1.748621 
2460304.652053 1.607614 
2460305.583351 1.274382 
2460306.514649 0.743875 
2460307.445947 0.020735 
2460308.377245 -0.848682 
2460309.308542 -1.719212 
2460310.239840 -2.309351 
2460311.171138 -2.325511 
2460312.102436 -1.744384 
2460313.033734 -0.848935 
2460313.965032 0.051970 
2460314.896329 0.791999 
2460315.827627 1.320442 
2460316.758925 1.636939 
2460317.690223 1.753185 
2460318.621521 1.677565 
2460319.552819 1.410975 
2460320.484117 0.948697 
2460321.415414 0.289632 
2460322.346712 -0.539472 
2460323.278010 -1.434728 
2460324.209308 -2.159218 
2460325.140606 -2.394313 
2460326.071904 -1.997591 
2460327.003202 -1.170543 
2460327.934499 -0.244923 
2460328.865797 0.560457 
2460329.797095 1.163133 
2460330.728393 1.551310 
2460331.659691 1.735136 
2460332.590989 1.724994 
2460333.522287 1.524418 
2460334.453584 1.130043 
2460335.384882 0.537784 
2460336.316180 -0.239340 
2460337.247478 -1.131099 
2460338.178776 -1.949635 
2460339.110074 -2.384777 
2460340.041371 -2.198833 
2460340.972669 -1.481813 
2460341.903967 -0.557288 
2460342.835265 0.304374 
2460343.766563 0.980305 
2460344.697861 1.441535 
2460345.629159 1.694223 
2460346.560456 1.749976 
2460347.491754 1.614966 
2460348.423052 1.287872 
2460349.354350 0.763617 
2460350.285648 0.046183 
2460351.216946 -0.820149 
2460352.148244 -1.694286 
2460353.079541 -2.298387 
2460354.010839 -2.335000 
2460354.942137 -1.769365 
2460355.873435 -0.878528 
2460356.804733 0.025537 
2460357.736031 0.771828 
2460358.667328 1.307078 
2460359.598626 1.630082 
2460360.529924 1.752475 
2460361.461222 1.682847 
2460362.392520 1.422332 
2460363.323818 0.966297 
2460364.255116 0.313270 
2460365.186413 -0.511489 
2460366.117711 -1.407503 
2460367.049009 -2.142289 
2460367.980307 -2.396721 
2460368.911605 -2.018415 
2460369.842903 -1.199690 
2460370.774201 -0.272992 
2460371.705498 0.537989 
2460372.636796 1.147443 
2460373.568094 1.542262 
2460374.499392 1.732343 
2460375.430690 1.728218 
2460376.361988 1.533666 
2460377.293286 1.145486 
2460378.224583 0.559428 
2460379.155881 -0.212494 
2460380.087179 -1.102743 
2460381.018477 -1.927919 
2460381.949775 -2.379989 
2460382.881073 -2.214197 
2460383.812370 -1.509372 
2460384.743668 -0.586479 
2460385.674966 0.279729 
2460386.606264 0.962265 
2460387.537562 1.430247 
2460388.468860 1.689317 
2460389.400158 1.751142 
2460390.331455 1.622128 
2460391.262753 1.301165 
2460392.194051 0.783165 
2460393.125349 0.071476 
2460394.056647 -0.791637 
2460394.987945 -1.669096 
2460395.919243 -2.286835 
2460396.850540 -2.343858 
2460397.781838 -1.794022 
2460398.713136 -0.908121 
2460399.644434 -0.001062 
2460400.575732 0.751443 
2460401.507030 1.293502 
2460402.438327 1.623026 
2460403.369625 1.751575 
2460404.300923 1.687941 
2460405.232221 1.433495 
2460406.163519 0.983700 
2460407.094817 0.336731 
2460408.026115 -0.483589 
2460408.957412 -1.380128 
2460409.888710 -2.124869 
2460410.820008 -2.398467 
2460411.751306 -2.038791 
2460412.682604 -1.228742 
2460413.613902 -0.301188 
2460414.545200 0.515314 
2460415.476497 1.131538 
2460416.407795 1.533011 
2460417.339093 1.729358 
2460418.270391 1.731253 
2460419.201689 1.542722 
2460420.132987 1.160732 
2460421.064284 0.580883 
2460421.995582 -0.185775 
2460422.926880 -1.074334 
2460423.858178 -1.905829 
2460424.789476 -2.374554 
2460425.720774 -2.229002 
2460426.652072 -1.536722 
2460427.583369 -0.615740 
2460428.514667 0.254894 
2460429.445965 0.944009 
2460430.377263 1.418752 
2460431.308561 1.684216 
2460432.239859 1.752119 
2460433.171157 1.629100 
2460434.102454 1.314262 
2460435.033752 0.802518 
2460435.965050 0.096611 
2460436.896348 -0.763152 
2460437.827646 -1.643654 
2460438.758944 -2.274701 
2460439.690242 -2.352083 
2460440.621539 -1.818345 
2460441.552837 -0.937708 
2460442.484135 -0.027825 
2460443.415433 0.730845 
2460444.346731 1.279714 
2460445.278029 1.615771 
2460446.209326 1.750485 
2460447.140624 1.692846 
2460448.071922 1.444464 
2460449.003220 1.000906 
2460449.934518 0.360013 
2460450.865816 -0.455775 
2460451.797114 -1.352613 
2460452.728411 -2.106968 
2460453.659709 -2.399548 
2460454.591007 -2.058707 
2460455.522305 -1.257690 
2460456.453603 -0.329506 
2460457.384901 0.492436 
2460458.316199 1.115418 
2460459.247496 1.523556 
2460460.178794 1.726180 
2460461.110092 1.734100 
2460462.041390 1.551586 
2460462.972688 1.175779 
2460463.903986 0.602149 
2460464.835283 -0.159187 
2460465.766581 -1.045882 
2460466.697879 -1.883377 
2460467.629177 -2.368477 
2460468.560475 -2.243241 
2460469.491773 -1.563851 
2460470.423071 -0.645065 
2460471.354368 0.229871 
2460472.285666 0.925537 
2460473.216964 1.407048 
2460474.148262 1.678920 
2460475.079560 1.752908 
2460476.010858 1.635882 
2460476.942156 1.327162 
2460477.873453 0.821675 
2460478.804751 0.121585 
2460479.736049 -0.734701 
2460480.667347 -1.617970 
2460481.598645 -2.261995 
2460482.529943 -2.359668 
2460483.461240 -1.842320 
2460484.392538 -0.967280 
2460485.323836 -0.054749 
2460486.255134 0.710035 
2460487.186432 1.265714 
2460488.117730 1.608317 
2460489.049028 1.749204 
2460489.980325 1.697562 
2460490.911623 1.455238 
2460491.842921 1.017913 
2460492.774219 0.383117 
2460493.705517 -0.428054 
2460494.636815 -1.324968 
2460495.568113 -2.088596 
2460496.499410 -2.399966 
2460497.430708 -2.078153 
2460498.362006 -1.286522 
2460499.293304 -0.357943 
2460500.224602 0.469353 
2460501.155900 1.099083 
2460502.087198 1.513898 
2460503.018495 1.722809 
2460503.949793 1.736758 
2460504.881091 1.560258 
2460505.812389 1.190630 
2460506.743687 0.623225 
2460507.674985 -0.132733 
2460508.606282 -1.017395 
2460509.537580 -1.860573 
2460510.468878 -2.361763 
2460511.400176 -2.256904 
2460512.331474 -1.590749 
2460513.262772 -0.674447 
2460514.194070 0.204661 
2460515.125367 0.906850 
2460516.056665 1.395136 
2460516.987963 1.673427 
2460517.919261 1.753508 
2460518.850559 1.642474 
2460519.781857 1.339867 
2460520.713155 0.840636 
2460521.644452 0.146397 
2460522.575750 -0.706289 
2460523.507048 -1.592056 
2460524.438346 -2.248723 
2460525.369644 -2.366610 
2460526.300942 -1.865938 
2460527.232239 -0.996828 
2460528.163537 -0.081830 
2460529.094835 0.689012 
2460530.026133 1.251501 
2460530.957431 1.600662 
2460531.888729 1.747733 
2460532.820027 1.702089 
2460533.751324 1.465819 
2460534.682622 1.034723 
2460535.613920 0.406040 
2460536.545218 -0.400430 
2460537.476516 -1.297202 
2460538.407814 -2.069765 
2460539.339112 -2.399719 
2460540.270409 -2.097117 
2460541.201707 -1.315231 
2460542.133005 -0.386493 
2460543.064303 0.446068 
2460543.995601 1.082533 
2460544.926899 1.504034 
2460545.858196 1.719245 
2460546.789494 1.739228 
2460547.720792 1.568739 
2460548.652090 1.205283 
2460549.583388 0.644109 
2460550.514686 -0.106417 
2460551.445984 -0.988879 
2460552.377281 -1.837430 
2460553.308579 -2.354417 
2460554.239877 -2.269985 
2460555.171175 -1.617403 
2460556.102473 -0.703881 
2460557.033771 0.179268 
2460557.965069 0.887947 
2460558.896366 1.383014 
2460559.827664 1.667738 
2460560.758962 1.753918 
2460561.690260 1.648876 
2460562.621558 1.352377 
2460563.552856 0.859401 
2460564.484154 0.171044 
2460565.415451 -0.677923 
2460566.346749 -1.565921 
2460567.278047 -2.234896 
2460568.209345 -2.372905 
2460569.140643 -1.889185 
2460570.071941 -1.026345 
2460571.003238 -0.109064 
2460571.934536 0.667779 
2460572.865834 1.237075 
2460573.797132 1.592807 
2460574.728430 1.746072 
2460575.659728 1.706427 
2460576.591026 1.476207 
2460577.522323 1.051335 
2460578.453621 0.428781 
2460579.384919 -0.372906 
2460580.316217 -1.269324 
2460581.247515 -2.050483 
2460582.178813 -2.398810 
2460583.110111 -2.115590 
2460584.041408 -1.343804 
2460584.972706 -0.415152 
2460585.904004 0.422582 
2460586.835302 1.065768 
2460587.766600 1.493966 
2460588.697898 1.715488 
2460589.629195 1.741509 
2460590.560493 1.577029 
2460591.491791 1.219739 
2460592.423089 0.664801 
2460593.354387 -0.080240 
2460594.285685 -0.960342 
2460595.216983 -1.813957 
2460596.148280 -2.346444 
2460597.079578 -2.282474 
2460598.010876 -1.643803 
2460598.942174 -0.733359 
2460599.873472 0.153692 
2460600.804770 0.868829 
2460601.736068 1.370684 
2460602.667365 1.661853 
2460603.598663 1.754139 
2460604.529961 1.655088 
2460605.461259 1.364691 
2460606.392557 0.877970 
2460607.323855 0.195525 
2460608.255152 -0.649608 
2460609.186450 -1.539576 
2460610.117748 -2.220521 
2460611.049046 -2.378548 
2460611.980344 -1.912050 
2460612.911642 -1.055821 
2460613.842940 -0.136449 
2460614.774237 0.646334 
2460615.705535 1.222436 
2460616.636833 1.584751 
2460617.568131 1.744219 
2460618.499429 1.710577 
2460619.430727 1.486401 
2460620.362025 1.067749 
2460621.293322 0.451340 
2460622.224620 -0.345487 
2460623.155918 -1.241344 
2460624.087216 -2.030763 
2460625.018514 -2.397239 
2460625.949812 -2.133561 
2460626.881110 -1.372232 
2460627.812407 -0.443913 
2460628.743705 0.398896 
2460629.675003 1.048787 
2460630.606301 1.483693 
2460631.537599 1.711537 
2460632.468897 1.743602 
2460633.400194 1.585127 
2460634.331492 1.233998 
2460635.262790 0.685302 
2460636.194088 -0.054206 
2460637.125386 -0.931793 
2460638.056684 -1.790167 
2460638.987982 -2.337849 
2460639.919279 -2.294366 
2460640.850577 -1.669936 
2460641.781875 -0.762874 
2460642.713173 0.127937 
2460643.644471 0.849496 
2460644.575769 1.358143 
2460645.507067 1.655770 
2460646.438364 1.754171 
2460647.369662 1.661111 
2460648.300960 1.376809 
2460649.232258 0.896341 
2460650.163556 0.219837 
2460651.094854 -0.621351 
2460652.026151 -1.513032 
2460652.957449 -2.205607 
2460653.888747 -2.383537 
2460654.820045 -1.934522 
2460655.751343 -1.085249 
2460656.682641 -0.163981 
2460657.613939 0.624679 
2460658.545236 1.207584 
2460659.476534 1.576494 
2460660.407832 1.742175 
2460661.339130 1.714538 
2460662.270428 1.496402 
2460663.201726 1.083966 
2460664.133024 0.473714 
2460665.064321 -0.318177 
2460665.995619 -1.213270 
2460666.926917 -2.010616 
2460667.858215 -2.395008 
2460668.789513 -2.151019 
2460669.720811 -1.400504 
2460670.652109 -0.472773 
2460671.583406 0.375012 
2460672.514704 1.031590 
2460673.446002 1.473213 
2460674.377300 1.707393 
2460675.308598 1.745506 
2460676.239896 1.593035 
2460677.171193 1.248059 
2460678.102491 0.705609 
2460679.033789 -0.028318 
2460679.965087 -0.903238 
2460680.896385 -1.766070 
2460681.827683 -2.328639 
2460682.758981 -2.305652 
2460683.690278 -1.695792 
2460684.621576 -0.792420 
2460685.552874 0.102005 
2460686.484172 0.829949 
2460687.415470 1.345393 
2460688.346768 1.649490 
2460689.278066 1.754013 
2460690.209363 1.666944 
2460691.140661 1.388733 
2460692.071959 0.914516 
2460693.003257 0.243979 
2460693.934555 -0.593156 
2460694.865853 -1.486299 
2460695.797150 -2.190164 
2460696.728448 -2.387869 
2460697.659746 -1.956590 
2460698.591044 -1.114618 
2460699.522342 -0.191656 
2460700.453640 0.602815 
2460701.384938 1.192517 
2460702.316235 1.568036 
2460703.247533 1.739940 
2460704.178831 1.718310 
2460705.110129 1.506211 
2460706.041427 1.099984 
2460706.972725 0.495903 
2460707.904023 -0.290981 
2460708.835320 -1.185111 
2460709.766618 -1.990051 
2460710.697916 -2.392119 
2460711.629214 -2.167956 
2460712.560512 -1.428610 
2460713.491810 -0.501726 
2460714.423107 0.350931 
2460715.354405 1.014178 
2460716.285703 1.462528 
2460717.217001 1.703054 
2460718.148299 1.747222 
2460719.079597 1.600751 
2460720.010895 1.261924 
2460720.942192 0.725723 
2460721.873490 -0.002579 
2460722.804788 -0.874683 
2460723.736086 -1.741678 
2460724.667384 -2.318820 
2460725.598682 -2.316326 
2460726.529980 -1.721358 
2460727.461277 -0.821989 
2460728.392575 0.075899 
2460729.323873 0.810186 
2460730.255171 1.332432 
2460731.186469 1.643012 
2460732.117767 1.753666 
2460733.049065 1.672589 
2460733.980362 1.400462 
2460734.911660 0.932494 
2460735.842958 0.267950 
2460736.774256 -0.565029 
2460737.705554 -1.459388 
2460738.636852 -2.174201 
2460739.568149 -2.391542 
2460740.499447 -1.978241 
2460741.430745 -1.143919 
2460742.362043 -0.219470 
2460743.293341 0.580743 
2460744.224639 1.177237 
2460745.155937 1.559375 
2460746.087234 1.737514 
2460747.018532 1.721894 
2460747.949830 1.515827 
2460748.881128 1.115805 
2460749.812426 0.517905 
2460750.743724 -0.263901 
2460751.675022 -1.156876 
2460752.606319 -1.969080 
2460753.537617 -2.388574 
2460754.468915 -2.184361 
2460755.400213 -1.456538 
2460756.331511 -0.530766 
2460757.262809 0.326654 
2460758.194106 0.996550 
2460759.125404 1.451636 
2460760.056702 1.698521 
2460760.988000 1.748749 
2460761.919298 1.608277 
2460762.850596 1.275593 
2460763.781894 0.745643 
2460764.713191 0.023010 
2460765.644489 -0.846137 
2460766.575787 -1.717001 
2460767.507085 -2.308398 
2460768.438383 -2.326383 
2460769.369681 -1.746623 
2460770.300979 -0.851573 
2460771.232276 0.049620 
2460772.163574 0.790210 
2460773.094872 1.319259 
2460774.026170 1.636336 
2460774.957468 1.753129 
2460775.888766 1.678043 
2460776.820063 1.411996 
2460777.751361 0.950274 
2460778.682659 0.291747 
2460779.613957 -0.536975 
2460780.545255 -1.432307 
2460781.476553 -2.157729 
2460782.407851 -2.394554 
2460783.339148 -1.999465 
2460784.270446 -1.173145 
2460785.201744 -0.247420 
2460786.133042 0.558463 
2460787.064340 1.161743 
2460787.995638 1.550512 
2460788.926936 1.734895 
2460789.858233 1.725289 
2460790.789531 1.525250 
2460791.720829 1.131428 
2460792.652127 0.539721 
2460793.583425 -0.236942 
2460794.514723 -1.128574 
2460795.446021 -1.947714 
2460796.377318 -2.384377 
2460797.308616 -2.200225 
2460798.239914 -1.484278 
2460799.171212 -0.559888 
2460800.102510 0.302184 
2460801.033808 0.978706 
2460801.965105 1.440537 
2460802.896403 1.693793 
2460803.827701 1.750087 
2460804.758999 1.615613 
2460805.690297 1.289065 
2460806.621595 0.765368 
2460807.552893 0.048444 
2460808.484190 -0.817606 
2460809.415488 -1.692051 
2460810.346786 -2.297381 
2460811.278084 -2.335815 
2460812.209382 -1.771576 
2460813.140680 -0.881166 
2460814.071978 0.023172 
2460815.003275 0.770019 
2460815.934573 1.305876 
2460816.865871 1.629461 
2460817.797169 1.752402 
2460818.728467 1.683309 
2460819.659765 1.423335 
2460820.591062 0.967857 
2460821.522360 0.315368 
2460822.453658 -0.508999 
2460823.384956 -1.405068 
2460824.316254 -2.140756 
2460825.247552 -2.396904 
2460826.178850 -2.020250 
2460827.110147 -1.202284 
2460828.041445 -0.275500 
2460828.972743 0.535976 
2460829.904041 1.146033 
2460830.835339 1.541446 
2460831.766637 1.732085 
2460832.697935 1.728496 
2460833.629232 1.534481 
2460834.560530 1.146853 
2460835.491828 0.561348 
2460836.423126 -0.210107 
2460837.354424 -1.100212 
2460838.285722 -1.925964 
2460839.217019 -2.379530 
2460840.148317 -2.215540 
2460841.079615 -1.511819 
2460842.010913 -0.589085 
2460842.942211 0.277523 
2460843.873509 0.960646 
2460844.804807 1.429231 
2460845.736104 1.688870 
2460846.667402 1.751237 
2460847.598700 1.622758 
2460848.529998 1.302340 
2460849.461296 0.784898 
2460850.392594 0.073723 
2460851.323892 -0.789096 
2460852.255189 -1.666838 
2460853.186487 -2.285777 
2460854.117785 -2.344617 
2460855.049083 -1.796204 
2460855.980381 -0.910759 
2460856.911679 -0.003442 
2460857.842977 0.749616 
2460858.774274 1.292281 
2460859.705572 1.622388 
2460860.636870 1.751486 
2460861.568168 1.688386 
2460862.499466 1.434481 
2460863.430764 0.985242 
2460864.362061 0.338813 
2460865.293359 -0.481106 
2460866.224657 -1.377681 
2460867.155955 -2.123292 
2460868.087253 -2.398590 
2460869.018551 -2.040585 
2460869.949849 -1.231327 
2460870.881146 -0.303707 
2460871.812444 0.513283 
2460872.743742 1.130110 
2460873.675040 1.532177 
2460874.606338 1.729082 
2460875.537636 1.731515 
2460876.468934 1.543520 
2460877.400231 1.162081 
2460878.331529 0.582787 
2460879.262827 -0.183400 
2460880.194125 -1.071800 
2460881.125423 -1.903842 
2460882.056721 -2.374038 
2460882.988018 -2.230295 
2460883.919316 -1.539150 
2460884.850614 -0.618352 
2460885.781912 0.252671 
2460886.713210 0.942371 
2460887.644508 1.417717 
2460888.575806 1.683752 
2460889.507103 1.752197 
2460890.438401 1.629712 
2460891.369699 1.315420 
2460892.300997 0.804234 
2460893.232295 0.098844 
2460894.163593 -0.760614 
2460895.094891 -1.641374 
2460896.026188 -2.273592 
2460896.957486 -2.352785 
2460897.888784 -1.820496 
2460898.820082 -0.940345 
2460899.751380 -0.030219 
2460900.682678 0.728999 
2460901.613975 1.278474 
2460902.545273 1.615115 
2460903.476571 1.750378 
2460904.407869 1.693274 
2460905.339167 1.445432 
2460906.270465 1.002430 
2460907.201763 0.362080 
2460908.133060 -0.453300 
2460909.064358 -1.350154 
2460909.995656 -2.105349 
2460910.926954 -2.399612 
2460911.858252 -2.060460 
2460912.789550 -1.260265 
2460913.720848 -0.332037 
2460914.652145 0.490386 
2460915.583443 1.113971 
2460916.514741 1.522704 
2460917.446039 1.725887 
2460918.377337 1.734345 
2460919.308635 1.552367 
2460920.239933 1.177111 
2460921.171230 0.604036 
2460922.102528 -0.156824 
2460923.033826 -1.043344 
2460923.965124 -1.881358 
2460924.896422 -2.367905 
2460925.827720 -2.244482 
2460926.759017 -1.566259 
2460927.690315 -0.647682 
2460928.621613 0.227631 
2460929.552911 0.923880 
2460930.484209 1.405995 
2460931.415507 1.678438 
2460932.346805 1.752969 
2460933.278102 1.636477 
2460934.209400 1.328303 
2460935.140698 0.823373 
2460936.071996 0.123803 
2460937.003294 -0.732166 
2460937.934592 -1.615669 
2460938.865890 -2.260834 
2460939.797187 -2.360313 
2460940.728485 -1.844441 
2460941.659783 -0.969915 
2460942.591081 -0.057157 
2460943.522379 0.708169 
2460944.453677 1.264455 
2460945.384974 1.607643 
2460946.316272 1.749081 
2460947.247570 1.697973 
2460948.178868 1.456189 
2460949.110166 1.019420 
2460950.041464 0.385168 
2460950.972762 -0.425588 
2460951.904059 -1.322498 
2460952.835357 -2.086936 
2460953.766655 -2.399971 
2460954.697953 -2.079863 
2460955.629251 -1.289087 
2460956.560549 -0.360484 
2460957.491847 0.467285 
2460958.423144 1.097617 
2460959.354442 1.513027 
2460960.285740 1.722499 
2460961.217038 1.736986 
2460962.148336 1.561022 
2460963.079634 1.191944 
2460964.010932 0.625094 
2460964.942229 -0.130382 
2460965.873527 -1.014854 
2460966.804825 -1.858524 
2460967.736123 -2.361134 
2460968.667421 -2.258094 
2460969.598719 -1.593135 
2460970.530016 -0.677069 
2460971.461314 0.202405 
2460972.392612 0.905174 
2460973.323910 1.394064 
2460974.255208 1.672928 
2460975.186506 1.753552 
2460976.117804 1.643052 
2460977.049101 1.340990 
2460977.980399 0.842317 
2460978.911697 0.148601 
2460979.842995 -0.703758 
2460980.774293 -1.589735 
2460981.705591 -2.247513 
2460982.636889 -2.367198 
2460983.568186 -1.868025 
2460984.499484 -0.999461 
2460985.430782 -0.084251 
2460986.362080 0.687128 
2460987.293378 1.250224 
2460988.224676 1.599970 
2460989.155973 1.747593 
2460990.087271 1.702483 
2460991.018569 1.466753 
2460991.949867 1.036212 
2460992.881165 0.408075 
2460993.812463 -0.397972 
2460994.743761 -1.294721 
2460995.675058 -2.068064 
2460996.606356 -2.399665 
2460997.537654 -2.098784 
2460998.468952 -1.317784 
2460999.400250 -0.389044 
2461000.331548 0.443982 
2461001.262846 1.081047 
2461002.194143 1.503145 
2461003.125441 1.718918 
2461004.056739 1.739439 
2461004.988037 1.569486 
2461005.919335 1.206580 
2461006.850633 0.645961 
2461007.781930 -0.104077 
2461008.713228 -0.986336 
2461009.644526 -1.835350 
2461010.575824 -2.353732 
2461011.507122 -2.271122 
2461012.438420 -1.619767 
2461013.369718 -0.706507 
2461014.301015 0.176995 
2461015.232313 0.886252 
2461016.163611 1.381924 
2461017.094909 1.667221 
2461018.026207 1.753945 
2461018.957505 1.649437 
2461019.888803 1.353482 
2461020.820100 0.861064 
2461021.751398 0.173233 
2461022.682696 -0.675397 
2461023.613994 -1.563580 
2461024.545292 -2.233636 
2461025.476590 -2.373434 
2461026.407888 -1.891239 
2461027.339185 -1.028974 
2461028.270483 -0.111499 
2461029.201781 0.665875 
2461030.133079 1.235779 
2461031.064377 1.592097 
2461031.995675 1.745914 
2461032.926972 1.706804 
2461033.858270 1.477124 
2461034.789568 1.052806 
2461035.720866 0.430800 
2461036.652164 -0.370457 
2461037.583462 -1.266834 
2461038.514760 -2.048743 
2461039.446057 -2.398697 
2461040.377355 -2.117212 
2461041.308653 -1.346344 
2461042.239951 -0.417711 
2461043.171249 0.420478 
2461044.102547 1.064263 
2461045.033845 1.493059 
2461045.965142 1.715144 
2461046.896440 1.741704 
2461047.827738 1.577759 
2461048.759036 1.221018 
2461049.690334 0.666637 
2461050.621632 -0.077913 
2461051.552929 -0.957798 
2461052.484227 -1.811849 
2461053.415525 -2.345703 
2461054.346823 -2.283559 
2461055.278121 -1.646143 
2461056.209419 -0.735988 
2461057.140717 0.151404 
2461058.072014 0.867115 
2461059.003312 1.369574 
2461059.934610 1.661318 
2461060.865908 1.754150 
2461061.797206 1.655633 
2461062.728504 1.365779 
2461063.659802 0.879615 
2461064.591099 0.197699 
2461065.522397 -0.647087 
2461066.453695 -1.537218 
2461067.384993 -2.219213 
2461068.316291 -2.379019 
2461069.247589 -1.914070 
2461070.178886 -1.058447 
2461071.110184 -0.138898 
2461072.041482 0.644412 
2461072.972780 1.221121 
2461073.904078 1.584023 
2461074.835376 1.744045 
2461075.766674 1.710937 
2461076.697971 1.487301 
2461077.629269 1.069203 
2461078.560567 0.453342 
2461079.491865 -0.343048 
2461080.423163 -1.238845 
2461081.354461 -2.028985 
2461082.285759 -2.397067 
2461083.217056 -2.135138 
2461084.148354 -1.374759 
2461085.079652 -0.446482 
2461086.010950 0.396775 
2461086.942248 1.047263 
2461087.873546 1.482767 
2461088.804844 1.711176 
2461089.736141 1.743780 
2461090.667439 1.585840 
2461091.598737 1.235259 
2461092.530035 0.687120 
2461093.461333 -0.051892 
2461094.392631 -0.929247 
2461095.323928 -1.788031 
2461096.255226 -2.337053 
2461097.186524 -2.295397 
2461098.117822 -1.672252 
2461099.049120 -0.765507 
2461099.980418 0.125633 
2461100.911716 0.847763 
2461101.843013 1.357015 
2461102.774311 1.655218 
2461103.705609 1.754165 
2461104.636907 1.661639 
2461105.568205 1.377880 
2461106.499503 0.897969 
2461107.430801 0.221996 
2461108.362098 -0.618835 
2461109.293396 -1.510656 
2461110.224694 -2.204252 
2461111.155992 -2.383950 
2461112.087290 -1.936506 
2461113.018588 -1.087869 
2461113.949885 -0.166443 
2461114.881183 0.622739 
2461115.812481 1.206249 
2461116.743779 1.575748 
2461117.675077 1.741984 
2461118.606375 1.714882 
2461119.537673 1.497285 
2461120.468970 1.085402 
2461121.400268 0.475699 
2461122.331566 -0.315748 
2461123.262864 -1.210763 
2461124.194162 -2.008799 
2461125.125460 -2.394777 
2461126.056758 -2.152550 
2461126.988055 -1.403016 
2461127.919353 -0.475351 
2461128.850651 0.372873 
2461129.781949 1.030047 
2461130.713247 1.472269 
2461131.644545 1.707014 
2461132.575842 1.745667 
2461133.507140 1.593730 
2461134.438438 1.249303 
2461135.369736 0.707410 
2461136.301034 -0.026017 
2461137.232332 -0.900692 
2461138.163630 -1.763907 
2461139.094927 -2.327788 
2461140.026225 -2.306629 
2461140.957523 -1.698083 
2461141.888821 -0.795055 
2461142.820119 0.099685 
2461143.751417 0.828196 
2461144.682715 1.344246 
2461145.614012 1.648920 
2461146.545310 1.753990 
2461147.476608 1.667455 
2461148.407906 1.389786 
2461149.339204 0.916127 
2461150.270502 0.246123 
2461151.201800 -0.590646 
2461152.133097 -1.483907 
2461153.064395 -2.188762 
2461153.995693 -2.388224 
2461154.926991 -1.958537 
2461155.858289 -1.117233 
2461156.789587 -0.194130 
2461157.720884 0.600856 
2461158.652182 1.191164 
2461159.583480 1.567272 
2461160.514778 1.739732 
2461161.446076 1.718637 
2461162.377374 1.507076 
2461163.308672 1.101403 
2461164.239969 0.497872 
2461165.171267 -0.288562 
2461166.102565 -1.182597 
2461167.033863 -1.988198 
2461167.965161 -2.391829 
2461168.896459 -2.169440 
2461169.827757 -1.431107 
2461170.759054 -0.504311 
2461171.690352 0.348774 
2461172.621650 1.012615 
2461173.552948 1.461566 
2461174.484246 1.702658 
2461175.415544 1.747366 
2461176.346841 1.601430 
2461177.278139 1.263151 
2461178.209437 0.727506 
2461179.140735 -0.000291 
2461180.072033 -0.872138 
2461181.003331 -1.739489 
2461181.934629 -2.317915 
2461182.865926 -2.317248 
2461183.797224 -1.723623 
2461184.728522 -0.824625 
2461185.659820 0.073563 
2461186.591118 0.808414 
2461187.522416 1.331266 
2461188.453714 1.642425 
2461189.385011 1.753626 
2461190.316309 1.673082 
2461191.247607 1.401498 
2461192.178905 0.934087 
2461193.110203 0.270078 
2461194.041501 -0.562525 
2461194.972798 -1.456980 
2461195.904096 -2.172753 
2461196.835394 -2.391838 
2461197.766692 -1.980151 
2461198.697990 -1.146528 
2461199.629288 -0.221957 
2461200.560586 0.578765 
2461201.491883 1.175865 
2461202.423181 1.558593 
2461203.354479 1.737288 
2461204.285777 1.722204 
2461205.217075 1.516674 
2461206.148373 1.117206 
2461207.079671 0.519858 
2461208.010968 -0.261493 
2461208.942266 -1.154356 
2461209.873564 -1.967191 
2461210.804862 -2.388226 
2461211.736160 -2.185797 
2461212.667458 -1.459019 
2461213.598756 -0.533359 
2461214.530053 0.324481 
2461215.461351 0.994968 
2461216.392649 1.450655 
2461217.323947 1.698107 
2461218.255245 1.748876 
2461219.186543 1.608939 
2461220.117840 1.276802 
2461221.049138 0.747409 
2461221.980436 0.025283 
2461222.911734 -0.843593 
2461223.843032 -1.714788 
2461224.774330 -2.307440 
2461225.705628 -2.327249 
2461226.636925 -1.748861 
2461227.568223 -0.854211 
2461228.499521 0.047269 
2461229.430819 0.788419 
2461230.362117 1.318075 
2461231.293415 1.635731 
2461232.224713 1.753072 
2461233.156010 1.678521 
2461234.087308 1.413015 
2461235.018606 0.951849 
2461235.949904 0.293860 
2461236.881202 -0.534477 
2461237.812500 -1.429885 
2461238.743797 -2.156236 
2461239.675095 -2.394791 
2461240.606393 -2.001336 
2461241.537691 -1.175746 
2461242.468989 -0.249918 
2461243.400287 0.556466 
2461244.331585 1.160351 
2461245.262882 1.549712 
2461246.194180 1.734652 
2461247.125478 1.725583 
2461248.056776 1.526081 
2461248.988074 1.132811 
2461249.919372 0.541656 
2461250.850670 -0.234544 
2461251.781967 -1.126048 
2461252.713265 -1.945791 
2461253.644563 -2.383971 
2461254.575861 -2.201613 
2461255.507159 -1.486741 
2461256.438457 -0.562487 
2461257.369755 0.299994 
2461258.301052 0.977105 
2461259.232350 1.439538 
2461260.163648 1.693362 
2461261.094946 1.750197 
2461262.026244 1.616257 
2461262.957542 1.290256 
2461263.888839 0.767117 
2461264.820137 0.050704 
2461265.751435 -0.815064 
2461266.682733 -1.689814 
2461267.614031 -2.296371 
2461268.545329 -2.336625 
2461269.476627 -1.773785 
2461270.407924 -0.883804 
2461271.339222 0.020807 
2461272.270520 0.768209 
2461273.201818 1.304673 
2461274.133116 1.628839 
2461275.064414 1.752328 
2461275.995712 1.683769 
2461276.927009 1.424337 
2461277.858307 0.969415 
2461278.789605 0.317466 
2461279.720903 -0.506509 
2461280.652201 -1.402633 
2461281.583499 -2.139219 
2461282.514796 -2.397081 
2461283.446094 -2.022081 
2461284.377392 -1.204877 
2461285.308690 -0.278010 
2461286.239988 0.533961 
2461287.171286 1.144623 
2461288.102584 1.540628 
2461289.033881 1.731825 
2461289.965179 1.728773 
2461290.896477 1.535294 
2461291.827775 1.148219 
2461292.759073 0.563267 
2461293.690371 -0.207721 
2461294.621669 -1.097681 
2461295.552966 -1.924007 
2461296.484264 -2.379067 
2461297.415562 -2.216878 
2461298.346860 -1.514264 
2461299.278158 -0.591691 
2461300.209456 0.275315 
2461301.140753 0.959026 
2461302.072051 1.428213 
2461303.003349 1.688422 
2461303.934647 1.751330 
2461304.865945 1.623385 
2461305.797243 1.303514 
2461306.728541 0.786630 
2461307.659838 0.075969 
2461308.591136 -0.786556 
2461309.522434 -1.664578 
2461310.453732 -2.284714 
2461311.385030 -2.345371 
2461312.316328 -1.798384 
2461313.247626 -0.913397 
2461314.178923 -0.005822 
2461315.110221 0.747786 
2461316.041519 1.291059 
2461316.972817 1.621747 
2461317.904115 1.751395 
2461318.835413 1.688829 
2461319.766711 1.435465 
2461320.698008 0.986782 
2461321.629306 0.340895 
2461322.560604 -0.478623 
2461323.491902 -1.375232 
2461324.423200 -2.121712 
2461325.354498 -2.398708 
2461326.285795 -2.042376 
2461327.217093 -1.233911 
2461328.148391 -0.306228 
2461329.079689 0.511250 
2461330.010987 1.128680 
2461330.942285 1.531340 
2461331.873583 1.728805 
2461332.804880 1.731775 
2461333.736178 1.544316 
2461334.667476 1.163429 
2461335.598774 0.584689 
2461336.530072 -0.181025 
2461337.461370 -1.069265 
2461338.392668 -1.901852 
2461339.323965 -2.373517 
2461340.255263 -2.231583 
2461341.186561 -1.541575 
2461342.117859 -0.620964 
2461343.049157 0.250446 
2461343.980455 0.940731 
2461344.911752 1.416680 
2461345.843050 1.683286 
2461346.774348 1.752274 
2461347.705646 1.630323 
2461348.636944 1.316576 
2461349.568242 0.805948 
2461350.499540 0.101075 
2461351.430837 -0.758077 
2461352.362135 -1.639092 
2461353.293433 -2.272477 
2461354.224731 -2.353482 
2461355.156029 -1.822645 
2461356.087327 -0.942982 
2461357.018625 -0.032614 
2461357.949922 0.727150 
2461358.881220 1.277233 
2461359.812518 1.614457 
2461360.743816 1.750271 
2461361.675114 1.693700 
2461362.606412 1.446399 
2461363.537709 1.003952 
2461364.469007 0.364146 
2461365.400305 -0.450826 
2461366.331603 -1.347694 
2461367.262901 -2.103726 
2461368.194199 -2.399671 
2461369.125497 -2.062209 
2461370.056794 -1.262839 
2461370.988092 -0.334568 
2461371.919390 0.488335 
2461372.850688 1.112522 
2461373.781986 1.521849 
2461374.713284 1.725593 
2461375.644582 1.734588 
2461376.575879 1.553146 
2461377.507177 1.178442 
2461378.438475 0.605921 
2461379.369773 -0.154461 
2461380.301071 -1.040806 
2461381.232369 -1.879337 
2461382.163667 -2.367327 
2461383.094964 -2.245719 
2461384.026262 -1.568664 
2461384.957560 -0.650299 
2461385.888858 0.225390 
2461386.820156 0.922221 
2461387.751454 1.404939 
2461388.682751 1.677955 
2461389.614049 1.753029 
2461390.545347 1.637071 
2461391.476645 1.329442 
2461392.407943 0.825070 
2461393.339241 0.126021 
2461394.270539 -0.729632 
2461395.201836 -1.613366 
2461396.133134 -2.259670 
2461397.064432 -2.360953 
2461397.995730 -1.846558 
2461398.927028 -0.972550 
2461399.858326 -0.059566 
2461400.789624 0.706302 
2461401.720921 1.263195 
2461402.652219 1.606967 
2461403.583517 1.748956 
2461404.514815 1.698383 
2461405.446113 1.457139 
2461406.377411 1.020925 
2461407.308708 0.387217 
2461408.240006 -0.423122 
2461409.171304 -1.320026 
2461410.102602 -2.085272 
2461411.033900 -2.399970 
2461411.965198 -2.081569 
2461412.896496 -1.291650 
2461413.827793 -0.363025 
2461414.759091 0.465216 
2461415.690389 1.096148 
2461416.621687 1.512154 
2461417.552985 1.722188 
2461418.484283 1.737213 
2461419.415581 1.561785 
2461420.346878 1.193257 
2461421.278176 0.626962 
2461422.209474 -0.128031 
2461423.140772 -1.012312 
2461424.072070 -1.856472 
2461425.003368 -2.360500 
2461425.934665 -2.259279 
2461426.865963 -1.595519 
2461427.797261 -0.679691 
2461428.728559 0.200147 
2461429.659857 0.903496 
2461430.591155 1.392990 
2461431.522453 1.672427 
2461432.453750 1.753595 
2461433.385048 1.643629 
2461434.316346 1.342112 
2461435.247644 0.843996 
2461436.178942 0.150803 
2461437.110240 -0.701228 
2461438.041538 -1.587412 
2461438.972835 -2.246298 
2461439.904133 -2.367780 
2461440.835431 -1.870110 
2461441.766729 -1.002093 
2461442.698027 -0.086674 
2461443.629325 0.685242 
2461444.560623 1.248944 
2461445.491920 1.599276 
2461446.423218 1.747451 
2461447.354516 1.702876 
2461448.285814 1.467686 
2461449.217112 1.037699 
2461450.148410 0.410108 
2461451.079707 -0.395515 
2461452.011005 -1.292239 
2461452.942303 -2.066359 
2461453.873601 -2.399606 
2461454.804899 -2.100447 
2461455.736197 -1.320335 
2461456.667495 -0.391595 
2461457.598792 0.441895 
2461458.530090 1.079560 
2461459.461388 1.502254 
2461460.392686 1.718589 
2461461.323984 1.739649 
2461462.255282 1.570231 
2461463.186580 1.207875 
2461464.117877 0.647812 
2461465.049175 -0.101739 
2461465.980473 -0.983792 
2461466.911771 -1.833269 
2461467.843069 -2.353041 
2461468.774367 -2.272255 
2461469.705664 -1.622129 
2461470.636962 -0.709133 
2461471.568260 0.174721 
2461472.499558 0.884555 
2461473.430856 1.380831 
2461474.362154 1.666703 
2461475.293452 1.753971 
2461476.224749 1.649997 
2461477.156047 1.354587 
2461478.087345 0.862726 
2461479.018643 0.175421 
2461479.949941 -0.672871 
2461480.881239 -1.561239 
2461481.812537 -2.232373 
2461482.743834 -2.373959 
2461483.675132 -1.893290 
2461484.606430 -1.031604 
2461485.537728 -0.113936 
2461486.469026 0.663971 
2461487.400324 1.234481 
2461488.331621 1.591386 
2461489.262919 1.745755 
2461490.194217 1.707181 
2461491.125515 1.478039 
2461492.056813 1.054276 
2461492.988111 0.432817 
2461493.919409 -0.368009 
2461494.850706 -1.264343 
2461495.782004 -2.046999 
2461496.713302 -2.398578 
2461497.644600 -2.118831 
2461498.575898 -1.348883 
2461499.507196 -0.420272 
2461500.438494 0.418373 
2461501.369791 1.062756 
2461502.301089 1.492150 
2461503.232387 1.714798 
2461504.163685 1.741896 
2461505.094983 1.578487 
2461506.026281 1.222295 
2461506.957579 0.668471 
2461507.888876 -0.075588 
2461508.820174 -0.955253 
2461509.751472 -1.809738 
2461510.682770 -2.344957 
2461511.614068 -2.284639 
2461512.545366 -1.648482 
2461513.476663 -0.738618 
2461514.407961 0.149114 
2461515.339259 0.865398 
2461516.270557 1.368463 
2461517.201855 1.660782 
2461518.133153 1.754159 
2461519.064451 1.656176 
2461519.995748 1.366866 
2461520.927046 0.881259 
2461521.858344 0.199872 
2461522.789642 -0.644566 
2461523.720940 -1.534858 
2461524.652238 -2.217901 
2461525.583536 -2.379486 
2461526.514833 -1.916086 
2461527.446131 -1.061072 
2461528.377429 -0.141347 
2461529.308727 0.642488 
2461530.240025 1.219804 
2461531.171323 1.583294 
2461532.102620 1.743869 
2461533.033918 1.711297 
2461533.965216 1.488199 
2461534.896514 1.070655 
2461535.827812 0.455342 
2461536.759110 -0.340610 
2461537.690408 -1.236345 
2461538.621705 -2.027202 
2461539.553003 -2.396890 
2461540.484301 -2.136711 
2461541.415599 -1.377284 
2461542.346897 -0.449052 
2461543.278195 0.394652 
2461544.209493 1.045737 
2461545.140790 1.481839 
2461546.072088 1.710813 
2461547.003386 1.743956 
2461547.934684 1.586551 
2461548.865982 1.236519 
2461549.797280 0.688936 
2461550.728578 -0.049580 
2461551.659875 -0.926702 
2461552.591173 -1.785893 
2461553.522471 -2.336252 
2461554.453769 -2.296423 
2461555.385067 -1.674567 
2461556.316365 -0.768140 
2461557.247662 0.123327 
2461558.178960 0.846027 
2461559.110258 1.355885 
2461560.041556 1.654665 
2461560.972854 1.754157 
2461561.904152 1.662165 
2461562.835450 1.378950 
2461563.766747 0.899596 
2461564.698045 0.224154 
2461565.629343 -0.616319 
2461566.560641 -1.508279 
2461567.491939 -2.202892 
2461568.423237 -2.384358 
2461569.354535 -1.938487 
2461570.285832 -1.090489 
2461571.217130 -0.168905 
2461572.148428 0.620796 
2461573.079726 1.204913 
2461574.011024 1.575001 
2461574.942322 1.741791 
2461575.873619 1.715224 
2461576.804917 1.498165 
2461577.736215 1.086836 
2461578.667513 0.477683 
2461579.598811 -0.313320 
2461580.530109 -1.208255 
2461581.461407 -2.006979 
2461582.392704 -2.394541 
2461583.324002 -2.154077 
2461584.255300 -1.405528 
2461585.186598 -0.477929 
2461586.117896 0.370733 
2461587.049194 1.028501 
2461587.980492 1.471323 
2461588.911789 1.706633 
2461589.843087 1.745826 
2461590.774385 1.594424 
2461591.705683 1.250546 
2461592.636981 0.709209 
2461593.568279 -0.023718 
2461594.499576 -0.898146 
2461595.430874 -1.761742 
2461596.362172 -2.326933 
2461597.293470 -2.307600 
2461598.224768 -1.700372 
2461599.156066 -0.797690 
2461600.087364 0.097363 
2461601.018661 0.826441 
2461601.949959 1.343097 
2461602.881257 1.648349 
2461603.812555 1.753965 
2461604.743853 1.667965 
2461605.675151 1.390838 
2461606.606449 0.917736 
2461607.537746 0.248266 
2461608.469044 -0.588136 
2461609.400342 -1.481514 
2461610.331640 -2.187356 
2461611.262938 -2.388573 
2461612.194236 -1.960481 
2461613.125534 -1.119847 
2461614.056831 -0.196605 
2461614.988129 0.598895 
2461615.919427 1.189809 
2461616.850725 1.566506 
2461617.782023 1.739522 
2461618.713321 1.718963 
2461619.644618 1.507939 
2461620.575916 1.102819 
2461621.507214 0.499839 
2461622.438512 -0.286144 
2461623.369810 -1.180082 
2461624.301108 -1.986341 
2461625.232406 -2.391535 
2461626.163703 -2.170920 
2461627.095001 -1.433602 
2461628.026299 -0.506897 
2461628.957597 0.346617 
2461629.888895 1.011051 
2461630.820193 1.460601 
2461631.751491 1.702260 
2461632.682788 1.747508 
2461633.614086 1.602107 
2461634.545384 1.264376 
2461635.476682 0.729289 
2461636.407980 0.001995 
2461637.339278 -0.869593 
2461638.270575 -1.737298 
2461639.201873 -2.317006 
2461640.133171 -2.318165 
2461641.064469 -1.725885 
2461641.995767 -0.827262 
2461642.927065 0.071226 
2461643.858363 0.806640 
2461644.789660 1.330099 
2461645.720958 1.641836 
2461646.652256 1.753584 
2461647.583554 1.673575 
2461648.514852 1.402532 
2461649.446150 0.935678 
2461650.377448 0.272205 
2461651.308745 -0.560021 
2461652.240043 -1.454571 
2461653.171341 -2.171302 
2461654.102639 -2.392128 
2461655.033937 -1.982057 
2461655.965235 -1.149136 
2461656.896532 -0.224444 
2461657.827830 0.576786 
2461658.759128 1.174490 
2461659.690426 1.557810 
2461660.621724 1.737061 
2461661.553022 1.722513 
2461662.484320 1.517521 
2461663.415617 1.118605 
2461664.346915 0.521809 
2461665.278213 -0.259085 
2461666.209511 -1.151835 
2461667.140809 -1.965299 
2461668.072107 -2.387874 
2461669.003405 -2.187230 
2461669.934702 -1.461498 
2461670.866000 -0.535952 
2461671.797298 0.322306 
2461672.728596 0.993384 
2461673.659894 1.449672 
2461674.591192 1.697692 
2461675.522490 1.749001 
2461676.453787 1.609599 
2461677.385085 1.278009 
2461678.316383 0.749174 
2461679.247681 0.027556 
2461680.178979 -0.841049 
2461681.110277 -1.712572 
2461682.041574 -2.306477 
2461682.972872 -2.328110 
2461683.904170 -1.751096 
2461684.835468 -0.856849 
2461685.766766 0.044917 
2461686.698064 0.786626 
2461687.629362 1.316889 
2461688.560659 1.635125 
2461689.491957 1.753014 
2461690.423255 1.678996 
2461691.354553 1.414032 
2461692.285851 0.953423 
2461693.217149 0.295971 
2461694.148447 -0.531981 
2461695.079744 -1.427462 
2461696.011042 -2.154739 
2461696.942340 -2.395022 
2461697.873638 -2.003203 
2461698.804936 -1.178346 
2461699.736234 -0.252417 
2461700.667531 0.554468 
2461701.598829 1.158957 
2461702.530127 1.548910 
2461703.461425 1.734408 
2461704.392723 1.725875 
2461705.324021 1.526910 
2461706.255319 1.134193 
2461707.186616 0.543591 
2461708.117914 -0.232148 
2461709.049212 -1.123521 
2461709.980510 -1.943864 
2461710.911808 -2.383560 
2461711.843106 -2.202996 
2461712.774404 -1.489203 
2461713.705701 -0.565088 
2461714.636999 0.297801 
2461715.568297 0.975502 
2461716.499595 1.438537 
2461717.430893 1.692930 
2461718.362191 1.750306 
2461719.293488 1.616900 
2461720.224786 1.291446 
2461721.156084 0.768864 
2461722.087382 0.052963 
2461723.018680 -0.812521 
2461723.949978 -1.687574 
2461724.881276 -2.295355 
2461725.812573 -2.337431 
2461726.743871 -1.775991 
2461727.675169 -0.886443 
2461728.606467 0.018439 
2461729.537765 0.766397 
2461730.469063 1.303468 
2461731.400361 1.628215 
2461732.331658 1.752253 
2461733.262956 1.684228 
2461734.194254 1.425337 
2461735.125552 0.970971 
2461736.056850 0.319561 
2461736.988148 -0.504019 
2461737.919446 -1.400196 
2461738.850743 -2.137678 
2461739.782041 -2.397253 
2461740.713339 -2.023909 
2461741.644637 -1.207469 
2461742.575935 -0.280520 
2461743.507233 0.531945 
2461744.438530 1.143210 
2461745.369828 1.539808 
2461746.301126 1.731564 
2461747.232424 1.729048 
2461748.163722 1.536107 
2461749.095020 1.149583 
2461750.026318 0.565184 
2461750.957615 -0.205336 
2461751.888913 -1.095150 
2461752.820211 -1.922047 
2461753.751509 -2.378598 
2461754.682807 -2.218211 
2461755.614105 -1.516707 
2461756.545403 -0.594298 
2461757.476700 0.273105 
2461758.407998 0.957404 
2461759.339296 1.427193 
2461760.270594 1.687972 
2461761.201892 1.751422 
2461762.133190 1.624012 
2461763.064487 1.304686 
2461763.995785 0.788360 
2461764.927083 0.078214 
2461765.858381 -0.784016 
2461766.789679 -1.662316 
2461767.720977 -2.283646 
2461768.652275 -2.346120 
2461769.583572 -1.800560 
2461770.514870 -0.916035 
2461771.446168 -0.008204 
2461772.377466 0.745955 
2461773.308764 1.289835 
2461774.240062 1.621106 
2461775.171360 1.751302 
2461776.102657 1.689271 
2461777.033955 1.436447 
2461777.965253 0.988321 
2461778.896551 0.342975 
2461779.827849 -0.476142 
2461780.759147 -1.372783 
2461781.690444 -2.120128 
2461782.621742 -2.398821 
2461783.553040 -2.044163 
2461784.484338 -1.236494 
2461785.415636 -0.308749 
2461786.346934 0.509216 
2461787.278232 1.127248 
2461788.209529 1.530503 
2461789.140827 1.728527 
2461790.072125 1.732033 
2461791.003423 1.545111 
2461791.934721 1.164775 
2461792.866019 0.586589 
2461793.797317 -0.178652 
2461794.728614 -1.066729 
2461795.659912 -1.899859 
2461796.591210 -2.372991 
2461797.522508 -2.232866 
2461798.453806 -1.543999 
2461799.385104 -0.623576 
2461800.316402 0.248220 
2461801.247699 0.939090 
2461802.178997 1.415642 
2461803.110295 1.682819 
2461804.041593 1.752349 
2461804.972891 1.630932 
2461805.904189 1.317731 
2461806.835486 0.807661 
2461807.766784 0.103306 
2461808.698082 -0.755539 
2461809.629380 -1.636808 
2461810.560678 -2.271359 
2461811.491976 -2.354174 
2461812.423274 -1.824791 
2461813.354571 -0.945619 
2461814.285869 -0.035010 
2461815.217167 0.725301 
2461816.148465 1.275991 
2461817.079763 1.613797 
2461818.011061 1.750161 
2461818.942359 1.694125 
2461819.873656 1.447364 
2461820.804954 1.005473 
2461821.736252 0.366210 
2461822.667550 -0.448353 
2461823.598848 -1.345232 
2461824.530146 -2.102100 
2461825.461443 -2.399725 
2461826.392741 -2.063954 
2461827.324039 -1.265412 
2461828.255337 -0.337100 
2461829.186635 0.486282 
2461830.117933 1.111071 
2461831.049231 1.520993 
2461831.980528 1.725297 
2461832.911826 1.734829 
2461833.843124 1.553924 
2461834.774422 1.179770 
2461835.705720 0.607804 
2461836.637018 -0.152099 
2461837.568316 -1.038267 
2461838.499613 -1.877312 
2461839.430911 -2.366744 
2461840.362209 -2.246952 
2461841.293507 -1.571068 
2461842.224805 -0.652917 
2461843.156103 0.223147 
2461844.087401 0.920561 
2461845.018698 1.403883 
2461845.949996 1.677470 
2461846.881294 1.753087 
2461847.812592 1.637663 
2461848.743890 1.330579 
2461849.675188 0.826765 
2461850.606485 0.128237 
2461851.537783 -0.727098 
2461852.469081 -1.611062 
2461853.400379 -2.258500 
2461854.331677 -2.361588 
2461855.262975 -1.848672 
2461856.194273 -0.975185 
2461857.125570 -0.061976 
2461858.056868 0.704433 
2461858.988166 1.261933 
2461859.919464 1.606289 
2461860.850762 1.748830 
2461861.782060 1.698791 
2461862.713358 1.458087 
2461863.644655 1.022428 
2461864.575953 0.389265 
2461865.507251 -0.420657 
2461866.438549 -1.317554 
2461867.369847 -2.083605 
2461868.301145 -2.399965 
2461869.232442 -2.083272 
2461870.163740 -1.294213 
2461871.095038 -0.365568 
2461872.026336 0.463145 
2461872.957634 1.094678 
2461873.888932 1.511280 
2461874.820230 1.721875 
2461875.751527 1.737437 
2461876.682825 1.562545 
2461877.614123 1.194568 
2461878.545421 0.628829 
2461879.476719 -0.125682 
2461880.408017 -1.009771 
2461881.339315 -1.854417 
2461882.270612 -2.359860 
2461883.201910 -2.260460 
2461884.133208 -1.597901 
2461885.064506 -0.682314 
2461885.995804 0.197888 
2461886.927102 0.901816 
2461887.858399 1.391914 
2461888.789697 1.671925 
2461889.720995 1.753636 
2461890.652293 1.644204 
2461891.583591 1.343232 
2461892.514889 0.845674 
2461893.446187 0.153005 
2461894.377484 -0.698698 
2461895.308782 -1.585087 
2461896.240080 -2.245079 
2461897.171378 -2.368357 
2461898.102676 -1.872192 
2461899.033974 -1.004726 
2461899.965272 -0.089098 
2461900.896569 0.683354 
2461901.827867 1.247664 
2461902.759165 1.598581 
2461903.690463 1.747308 
2461904.621761 1.703267 
2461905.553059 1.468616 
2461906.484357 1.039185 
2461907.415654 0.412140 
2461908.346952 -0.393059 
2461909.278250 -1.289757 
2461910.209548 -2.064652 
2461911.140846 -2.399541 
2461912.072144 -2.102106 
2461913.003441 -1.322886 
2461913.934739 -0.394147 
2461914.866037 0.439807 
2461915.797335 1.078071 
2461916.728633 1.501362 
2461917.659931 1.718259 
2461918.591229 1.739857 
2461919.522526 1.570975 
2461920.453824 1.209168 
2461921.385122 0.649662 
2461922.316420 -0.099402 
2461923.247718 -0.981249 
2461924.179016 -1.831184 
2461925.110314 -2.352346 
2461926.041611 -2.273383 
2461926.972909 -1.624489 
2461927.904207 -0.711760 
2461928.835505 0.172446 
2461929.766803 0.882856 
2461930.698101 1.379737 
2461931.629398 1.666183 
2461932.560696 1.753996 
2461933.491994 1.650556 
2461934.423292 1.355689 
2461935.354590 0.864386 
2461936.285888 0.177608 
2461937.217186 -0.670345 
2461938.148483 -1.558895 
2461939.079781 -2.231104 
2461940.011079 -2.374478 
2461940.942377 -1.895338 
2461941.873675 -1.034232 
2461942.804973 -0.116373 
2461943.736271 0.662064 
2461944.667568 1.233181 
2461945.598866 1.590672 
2461946.530164 1.745595 
2461947.461462 1.707555 
2461948.392760 1.478952 
2461949.324058 1.055744 
2461950.255355 0.434832 
2461951.186653 -0.365562 
2461952.117951 -1.261851 
2461953.049249 -2.045252 
2461953.980547 -2.398455 
2461954.911845 -2.120445 
2461955.843143 -1.351421 
2461956.774440 -0.422834 
2461957.705738 0.416267 
2461958.637036 1.061248 
2461959.568334 1.491239 
2461960.499632 1.714450 
2461961.430930 1.742088 
2461962.362228 1.579213 
2461963.293525 1.223571 
2461964.224823 0.670303 
2461965.156121 -0.073263 
2461966.087419 -0.952708 
2461967.018717 -1.807625 
2461967.950015 -2.344206 
2461968.881313 -2.285713 
2461969.812610 -1.650818 
2461970.743908 -0.741249 
2461971.675206 0.146822 
2461972.606504 0.863680 
2461973.537802 1.367350 
2461974.469100 1.660245 
2461975.400397 1.754166 
2461976.331695 1.656717 
2461977.262993 1.367951 
2461978.194291 0.882902 
2461979.125589 0.202043 
2461980.056887 -0.642045 
2461980.988185 -1.532496 
2461981.919482 -2.216584 
2461982.850780 -2.379947 
2461983.782078 -1.918099 
2461984.713376 -1.063697 
2461985.644674 -0.143798 
2461986.575972 0.640563 
2461987.507270 1.218485 
2461988.438567 1.582563 
2461989.369865 1.743691 
2461990.301163 1.711654 
2461991.232461 1.489095 
2461992.163759 1.072106 
2461993.095057 0.457341 
2461994.026354 -0.338172 
2461994.957652 -1.233844 
2461995.888950 -2.025417 
2461996.820248 -2.396707 
2461997.751546 -2.138280 
2461998.682844 -1.379809 
2461999.614142 -0.451622 
2462000.545439 0.392528 
2462001.476737 1.044209 
2462002.408035 1.480910 
2462003.339333 1.710448 
2462004.270631 1.744130 
2462005.201929 1.587261 
2462006.133227 1.237778 
2462007.064524 0.690752 
2462007.995822 -0.047268 
2462008.927120 -0.924156 
2462009.858418 -1.783752 
2462010.789716 -2.335446 
2462011.721014 -2.297444 
2462012.652311 -1.676879 
2462013.583609 -0.770773 
2462014.514907 0.121019 
2462015.446205 0.844290 
2462016.377503 1.354754 
2462017.308801 1.654110 
2462018.240099 1.754147 
2462019.171396 1.662690 
2462020.102694 1.380017 
2462021.033992 0.901221 
2462021.965290 0.226311 
2462022.896588 -0.613804 
2462023.827886 -1.505901 
2462024.759184 -2.201528 
2462025.690481 -2.384760 
2462026.621779 -1.940464 
2462027.553077 -1.093109 
2462028.484375 -0.171369 
2462029.415673 0.618852 
2462030.346971 1.203575 
2462031.278269 1.574252 
2462032.209566 1.741596 
2462033.140864 1.715565 
2462034.072162 1.499045 
2462035.003460 1.088269 
2462035.934758 0.479666 
2462036.866056 -0.310892 
2462037.797353 -1.205747 
2462038.728651 -2.005156 
2462039.659949 -2.394300 
2462040.591247 -2.155600 
2462041.522545 -1.408037 
2462042.453843 -0.480508 
2462043.385141 0.368591 
2462044.316438 1.026955 
2462045.247736 1.470376 
2462046.179034 1.706251 
2462047.110332 1.745984 
2462048.041630 1.595117 
2462048.972928 1.251787 
2462049.904226 0.711007 
2462050.835523 -0.021420 
2462051.766821 -0.895601 
2462052.698119 -1.759575 
2462053.629417 -2.326072 
2462054.560715 -2.308567 
2462055.492013 -1.702658 
2462056.423310 -0.800326 
2462057.354608 0.095040 
2462058.285906 0.824684 
2462059.217204 1.341947 
2462060.148502 1.647777 
2462061.079800 1.753939 
2462062.011098 1.668472 
2462062.942395 1.391889 
2462063.873693 0.919343 
2462064.804991 0.250407 
2462065.736289 -0.585627 
2462066.667587 -1.479119 
2462067.598885 -2.185946 
2462068.530183 -2.388916 
2462069.461480 -1.962422 
2462070.392778 -1.122461 
2462071.324076 -0.199081 
2462072.255374 0.596933 
2462073.186672 1.188452 
2462074.117970 1.565739 
2462075.049267 1.739310 
2462075.980565 1.719287 
2462076.911863 1.508801 
2462077.843161 1.104235 
2462078.774459 0.501805 
2462079.705757 -0.283727 
2462080.637055 -1.177567 
2462081.568352 -1.984482 
2462082.499650 -2.391235 
2462083.430948 -2.172396 
2462084.362246 -1.436097 
2462085.293544 -0.509484 
2462086.224842 0.344457 
2462087.156140 1.009485 
2462088.087437 1.459635 
2462089.018735 1.701861 
2462089.950033 1.747649 
2462090.881331 1.602783 
2462091.812629 1.265599 
2462092.743927 0.731069 
2462093.675225 0.004280 
2462094.606522 -0.867048 
2462095.537820 -1.735105 
2462096.469118 -2.316091 
2462097.400416 -2.319077 
2462098.331714 -1.728145 
2462099.263012 -0.829899 
2462100.194309 0.068888 
2462101.125607 0.804865 
2462102.056905 1.328929 
2462102.988203 1.641246 
2462103.919501 1.753541 
2462104.850799 1.674066 
2462105.782097 1.403565 
2462106.713394 0.937268 
2462107.644692 0.274331 
2462108.575990 -0.557518 
2462109.507288 -1.452161 
2462110.438586 -2.169846 
2462111.369884 -2.392413 
2462112.301182 -1.983960 
2462113.232479 -1.151743 
2462114.163777 -0.226932 
2462115.095075 0.574804 
2462116.026373 1.173114 
2462116.957671 1.557025 
2462117.888969 1.736832 
2462118.820266 1.722820 
2462119.751564 1.518366 
2462120.682862 1.120003 
2462121.614160 0.523758 
2462122.545458 -0.256679 
2462123.476756 -1.149313 
2462124.408054 -1.963404 
2462125.339351 -2.387515 
2462126.270649 -2.188657 
2462127.201947 -1.463976 
2462128.133245 -0.538547 
2462129.064543 0.320129 
2462129.995841 0.991799 
2462130.927139 1.448688 
2462131.858436 1.697276 
2462132.789734 1.749125 
2462133.721032 1.610258 
2462134.652330 1.279215 
2462135.583628 0.750937 
2462136.514926 0.029827 
2462137.446224 -0.838505 
2462138.377521 -1.710355 
2462139.308819 -2.305510 
2462140.240117 -2.328967 
2462141.171415 -1.753328 
2462142.102713 -0.859487 
2462143.034011 0.042563 
2462143.965308 0.784831 
2462144.896606 1.315701 
2462145.827904 1.634517 
2462146.759202 1.752953 
2462147.690500 1.679470 
2462148.621798 1.415047 
2462149.553096 0.954996 
2462150.484393 0.298081 
2462151.415691 -0.529485 
2462152.346989 -1.425038 
2462153.278287 -2.153238 
2462154.209585 -2.395248 
2462155.140883 -2.005067 
2462156.072181 -1.180946 
2462157.003478 -0.254917 
2462157.934776 0.552469 
2462158.866074 1.157562 
2462159.797372 1.548107 
2462160.728670 1.734162 
2462161.659968 1.726165 
2462162.591265 1.527737 
2462163.522563 1.135573 
2462164.453861 0.545523 
2462165.385159 -0.229753 
2462166.316457 -1.120994 
2462167.247755 -1.941934 
2462168.179053 -2.383144 
2462169.110350 -2.204375 
2462170.041648 -1.491663 
2462170.972946 -0.567689 
2462171.904244 0.295608 
2462172.835542 0.973897 
2462173.766840 1.437534 
2462174.698138 1.692496 
2462175.629435 1.750413 
2462176.560733 1.617542 
2462177.492031 1.292634 
2462178.423329 0.770610 
2462179.354627 0.055220 
2462180.285925 -0.809979 
2462181.217222 -1.685333 
2462182.148520 -2.294335 
2462183.079818 -2.338231 
2462184.011116 -1.778195 
2462184.942414 -0.889081 
2462185.873712 0.016071 
2462186.805010 0.764583 
2462187.736307 1.302261 
2462188.667605 1.627589 
2462189.598903 1.752176 
2462190.530201 1.684685 
2462191.461499 1.426335 
2462192.392797 0.972526 
2462193.324095 0.321656 
2462194.255392 -0.501531 
2462195.186690 -1.397758 
2462196.117988 -2.136133 
2462197.049286 -2.397420 
2462197.980584 -2.025733 
2462198.911882 -1.210061 
2462199.843180 -0.283032 
2462200.774477 0.529927 
2462201.705775 1.141796 
2462202.637073 1.538987 
2462203.568371 1.731301 
2462204.499669 1.729322 
2462205.430967 1.536917 
2462206.362264 1.150945 
2462207.293562 0.567100 
2462208.224860 -0.202952 
2462209.156158 -1.092618 
2462210.087456 -1.920084 
2462211.018754 -2.378125 
2462211.950052 -2.219541 
2462212.881349 -1.519149 
2462213.812647 -0.596905 
2462214.743945 0.270895 
2462215.675243 0.955780 
2462216.606541 1.426172 
2462217.537839 1.687521 
2462218.469137 1.751512 
2462219.400434 1.624636 
2462220.331732 1.305857 
2462221.263030 0.790089 
2462222.194328 0.080457 
2462223.125626 -0.781476 
2462224.056924 -1.660052 
2462224.988221 -2.282574 
2462225.919519 -2.346864 
2462226.850817 -1.802734 
2462227.782115 -0.918673 
2462228.713413 -0.010587 
2462229.644711 0.744123 
2462230.576009 1.288610 
2462231.507306 1.620462 
2462232.438604 1.751208 
2462233.369902 1.689712 
2462234.301200 1.437429 
2462235.232498 0.989858 
2462236.163796 0.345053 
2462237.095094 -0.473661 
2462238.026391 -1.370332 
2462238.957689 -2.118540 
2462239.888987 -2.398929 
2462240.820285 -2.045946 
2462241.751583 -1.239077 
2462242.682881 -0.311272 
2462243.614178 0.507180 
2462244.545476 1.125814 
2462245.476774 1.529663 
2462246.408072 1.728246 
2462247.339370 1.732290 
2462248.270668 1.545905 
2462249.201966 1.166120 
2462250.133263 0.588488 
2462251.064561 -0.176279 
2462251.995859 -1.064193 
2462252.927157 -1.897864 
2462253.858455 -2.372460 
2462254.789753 -2.234145 
2462255.721051 -1.546422 
2462256.652348 -0.626190 
2462257.583646 0.245992 
2462258.514944 0.937447 
2462259.446242 1.414602 
2462260.377540 1.682350 
2462261.308838 1.752422 
2462262.240136 1.631540 
2462263.171433 1.318884 
2462264.102731 0.809372 
2462265.034029 0.105535 
2462265.965327 -0.753002 
2462266.896625 -1.634523 
2462267.827923 -2.270236 
2462268.759220 -2.354861 
2462269.690518 -1.826935 
2462270.621816 -0.948255 
2462271.553114 -0.037408 
2462272.484412 0.723449 
2462273.415710 1.274746 
2462274.347008 1.613136 
2462275.278305 1.750050 
2462276.209603 1.694549 
2462277.140901 1.448328 
2462278.072199 1.006993 
2462279.003497 0.368273 
2462279.934795 -0.445880 
2462280.866093 -1.342770 
2462281.797390 -2.100470 
2462282.728688 -2.399773 
2462283.659986 -2.065696 
2462284.591284 -1.267985 
2462285.522582 -0.339633 
2462286.453880 0.484228 
2462287.385177 1.109618 
2462288.316475 1.520136 
2462289.247773 1.725000 
2462290.179071 1.735070 
2462291.110369 1.554700 
2462292.041667 1.181098 
2462292.972965 0.609686 
2462293.904262 -0.149739 
2462294.835560 -1.035728 
2462295.766858 -1.875285 
2462296.698156 -2.366156 
2462297.629454 -2.248179 
2462298.560752 -1.573470 
2462299.492050 -0.655536 
2462300.423347 0.220903 
2462301.354645 0.918898 
2462302.285943 1.402824 
2462303.217241 1.676984 
2462304.148539 1.753143 
2462305.079837 1.638254 
2462306.011134 1.331715 
2462306.942432 0.828459 
2462307.873730 0.130451 
2462308.805028 -0.724565 
2462309.736326 -1.608755 
2462310.667624 -2.257327 
2462311.598922 -2.362218 
2462312.530219 -1.850784 
2462313.461517 -0.977819 
2462314.392815 -0.064388 
2462315.324113 0.702563 
2462316.255411 1.260670 
2462317.186709 1.605610 
2462318.118007 1.748702 
2462319.049304 1.699197 
2462319.980602 1.459034 
2462320.911900 1.023930 
2462321.843198 0.391312 
2462322.774496 -0.418192 
2462323.705794 -1.315080 
2462324.637092 -2.081933 
2462325.568389 -2.399954 
2462326.499687 -2.084971 
2462327.430985 -1.296774 
2462328.362283 -0.368111 
2462329.293581 0.461073 
2462330.224879 1.093207 
2462331.156176 1.510404 
2462332.087474 1.721560 
2462333.018772 1.737661 
2462333.950070 1.563305 
2462334.881368 1.195878 
2462335.812666 0.630694 
2462336.743964 -0.123333 
2462337.675261 -1.007229 
2462338.606559 -1.852359 
2462339.537857 -2.359216 
2462340.469155 -2.261636 
2462341.400453 -1.600282 
2462342.331751 -0.684937 
2462343.263049 0.195627 
2462344.194346 0.900134 
2462345.125644 1.390837 
2462346.056942 1.671421 
2462346.988240 1.753676 
2462347.919538 1.644778 
2462348.850836 1.344350 
2462349.782133 0.847350 
2462350.713431 0.155205 
2462351.644729 -0.696169 
2462352.576027 -1.582761 
2462353.507325 -2.243856 
2462354.438623 -2.368929 
2462355.369921 -1.874270 
2462356.301218 -1.007358 
2462357.232516 -0.091524 
2462358.163814 0.681465 
2462359.095112 1.246381 
2462360.026410 1.597884 
2462360.957708 1.747163 
2462361.889006 1.703657 
2462362.820303 1.469546 
2462363.751601 1.040669 
2462364.682899 0.414170 
2462365.614197 -0.390603 
2462366.545495 -1.287273 
2462367.476793 -2.062940 
2462368.408091 -2.399471 
2462369.339388 -2.103761 
2462370.270686 -1.325436 
2462371.201984 -0.396700 
2462372.133282 0.437716 
2462373.064580 1.076580 
2462373.995878 1.500468 
2462374.927175 1.717927 
2462375.858473 1.740063 
2462376.789771 1.571717 
2462377.721069 1.210460 
2462378.652367 0.651510 
2462379.583665 -0.097066 
2462380.514963 -0.978705 
2462381.446260 -1.829097 
2462382.377558 -2.351646 
2462383.308856 -2.274507 
2462384.240154 -1.626847 
2462385.171452 -0.714387 
2462386.102750 0.170169 
2462387.034048 0.881155 
2462387.965345 1.378641 
2462388.896643 1.665662 
2462389.827941 1.754018 
2462390.759239 1.651113 
2462391.690537 1.356790 
2462392.621835 0.866045 
2462393.553132 0.179793 
2462394.484430 -0.667820 
2462395.415728 -1.556550 
2462396.347026 -2.229832 
2462397.278324 -2.374992 
2462398.209622 -1.897383 
2462399.140920 -1.036861 
2462400.072217 -0.118812 
2462401.003515 0.660156 
2462401.934813 1.231880 
2462402.866111 1.589958 
2462403.797409 1.745433 
2462404.728707 1.707928 
2462405.660005 1.479864 
2462406.591302 1.057211 
2462407.522600 0.436846 
2462408.453898 -0.363116 
2462409.385196 -1.259358 
2462410.316494 -2.043501 
2462411.247792 -2.398326 
2462412.179089 -2.122056 
2462413.110387 -1.353958 
2462414.041685 -0.425396 
2462414.972983 0.414159 
2462415.904281 1.059737 
2462416.835579 1.490326 
2462417.766877 1.714101 
2462418.698174 1.742277 
2462419.629472 1.579939 
2462420.560770 1.224846 
2462421.492068 0.672134 
2462422.423366 -0.070940 
2462423.354664 -0.950163 
2462424.285962 -1.805510 
2462425.217259 -2.343450 
2462426.148557 -2.286784 
2462427.079855 -1.653153 
2462428.011153 -0.743879 
2462428.942451 0.144529 
2462429.873749 0.861960 
2462430.805047 1.366236 
2462431.736344 1.659706 
2462432.667642 1.754172 
2462433.598940 1.657258 
2462434.530238 1.369034 
2462435.461536 0.884543 
2462436.392834 0.204214 
2462437.324131 -0.639525 
2462438.255429 -1.530133 
2462439.186727 -2.215264 
2462440.118025 -2.380402 
2462441.049323 -1.920109 
2462441.980621 -1.066321 
2462442.911919 -0.146250 
2462443.843216 0.638636 
2462444.774514 1.217165 
2462445.705812 1.581830 
2462446.637110 1.743512 
2462447.568408 1.712011 
2462448.499706 1.489990 
2462449.431004 1.073554 
2462450.362301 0.459339 
2462451.293599 -0.335736 
2462452.224897 -1.231343 
2462453.156195 -2.023628 
2462454.087493 -2.396519 
2462455.018791 -2.139845 
2462455.950088 -1.382332 
2462456.881386 -0.454193 
2462457.812684 0.390402 
2462458.743982 1.042679 
2462459.675280 1.479980 
2462460.606578 1.710082 
2462461.537876 1.744303 
2462462.469173 1.587969 
2462463.400471 1.239034 
2462464.331769 0.692565 
2462465.263067 -0.044958 
2462466.194365 -0.921611 
2462467.125663 -1.781609 
2462468.056961 -2.334635 
2462468.988258 -2.298460 
2462469.919556 -1.679188 
2462470.850854 -0.773406 
2462471.782152 0.118711 
2462472.713450 0.842551 
2462473.644748 1.353621 
2462474.576045 1.653553 
2462475.507343 1.754136 
2462476.438641 1.663213 
2462477.369939 1.381084 
2462478.301237 0.902845 
2462479.232535 0.228466 
2462480.163833 -0.611289 
2462481.095130 -1.503521 
2462482.026428 -2.200160 
2462482.957726 -2.385157 
2462483.889024 -1.942438 
2462484.820322 -1.095728 
2462485.751620 -0.173834 
2462486.682918 0.616907 
2462487.614215 1.202236 
2462488.545513 1.573501 
2462489.476811 1.741400 
2462490.408109 1.715904 
2462491.339407 1.499922 
2462492.270705 1.089700 
2462493.202003 0.481647 
2462494.133300 -0.308466 
2462495.064598 -1.203238 
2462495.995896 -2.003330 
2462496.927194 -2.394053 
2462497.858492 -2.157119 
2462498.789790 -1.410546 
2462499.721087 -0.483087 
2462500.652385 0.366447 
2462501.583683 1.025406 
2462502.514981 1.469427 
2462503.446279 1.705868 
2462504.377577 1.746140 
2462505.308875 1.595808 
2462506.240172 1.253026 
2462507.171470 0.712804 
2462508.102768 -0.019123 
2462509.034066 -0.893055 
2462509.965364 -1.757405 
2462510.896662 -2.325207 
2462511.827960 -2.309529 
2462512.759257 -1.704942 
2462513.690555 -0.802961 
2462514.621853 0.092716 
2462515.553151 0.822926 
2462516.484449 1.340795 
2462517.415747 1.647202 
2462518.347044 1.753911 
2462519.278342 1.668979 
2462520.209640 1.392938 
2462521.140938 0.920949 
2462522.072236 0.252547 
2462523.003534 -0.583118 
2462523.934832 -1.476723 
2462524.866129 -2.184531 
2462525.797427 -2.389255 
2462526.728725 -1.964359 
2462527.660023 -1.125074 
2462528.591321 -0.201559 
2462529.522619 0.594968 
2462530.453917 1.187093 
2462531.385214 1.564971 
2462532.316512 1.739097 
2462533.247810 1.719610 
2462534.179108 1.509662 
2462535.110406 1.105648 
2462536.041704 0.503770 
2462536.973001 -0.281311 
2462537.904299 -1.175051 
2462538.835597 -1.982619 
2462539.766895 -2.390930 
2462540.698193 -2.173867 
2462541.629491 -1.438589 
2462542.560789 -0.512072 
2462543.492086 0.342296 
2462544.423384 1.007917 
2462545.354682 1.458668 
2462546.285980 1.701460 
2462547.217278 1.747788 
2462548.148576 1.603457 
2462549.079874 1.266821 
2462550.011171 0.732848 
2462550.942469 0.006563 
2462551.873767 -0.864503 
2462552.805065 -1.732910 
2462553.736363 -2.315172 
2462554.667661 -2.319984 
2462555.598959 -1.730403 
2462556.530256 -0.832537 
2462557.461554 0.066548 
2462558.392852 0.803088 
2462559.324150 1.327759 
2462560.255448 1.640654 
2462561.186746 1.753496 
2462562.118043 1.674555 
2462563.049341 1.404597 
2462563.980639 0.938856 
2462564.911937 0.276455 
2462565.843235 -0.555016 
2462566.774533 -1.449750 
2462567.705831 -2.168385 
2462568.637128 -2.392692 
2462569.568426 -1.985859 
2462570.499724 -1.154350 
2462571.431022 -0.229421 
2462572.362320 0.572822 
2462573.293618 1.171737 
2462574.224916 1.556238 
2462575.156213 1.736602 
2462576.087511 1.723126 
