# time Tc_folded Tref_folded model model_err 
2453115.032645 0.000000 0.000000    -0.000000     1.438398 
2453115.963943 0.000000 0.000000    -0.000000     1.438398 
2453116.895241 0.000000 0.000000    -0.000000     1.438398 
2453117.826539 0.000000 0.000000    -0.000000     1.438398 
2453118.757836 0.000000 0.000000    -0.000000     1.438398 
2453119.689134 0.000000 0.000000    -0.000000     1.438398 
2453120.620432 0.000000 0.000000    -0.000000     1.438398 
2453121.551730 0.000000 0.000000    -0.000000     1.438398 
2453122.483028 0.000000 0.000000    -0.000000     1.438398 
2453123.414326 0.000000 0.000000    -0.000000     1.438398 
2453124.345624 0.000000 0.000000    -0.000000     1.438398 
2453125.276921 0.000000 0.000000     0.000000     1.438398 
2453126.208219 0.000000 0.000000     0.000000     1.438398 
2453127.139517 0.000000 0.000000     0.000000     1.438398 
2453128.070815 0.000000 0.000000    -0.000000     1.438398 
2453129.002113 0.000000 0.000000    -0.000000     1.438398 
2453129.933411 0.000000 0.000000    -0.000000     1.438398 
2453130.864708 0.000000 0.000000     0.000000     1.438398 
2453131.796006 0.000000 0.000000     0.000000     1.438398 
2453132.727304 0.000000 0.000000     0.000000     1.438398 
2453133.658602 0.000000 0.000000     0.000000     1.438398 
2453134.589900 0.000000 0.000000     0.000000     1.438398 
2453135.521198 0.000000 0.000000    -0.000000     1.438398 
2453136.452496 0.000000 0.000000    -0.000000     1.438398 
2453137.383793 0.000000 0.000000     0.000000     1.438398 
2453138.315091 0.000000 0.000000     0.000000     1.438398 
2453139.246389 0.000000 0.000000     0.000000     1.438398 
2453140.177687 0.000000 0.000000     0.000000     1.438398 
2453141.108985 0.000000 0.000000     0.000000     1.438398 
2453142.040283 0.000000 0.000000     0.000000     1.438398 
2453142.971581 0.000000 0.000000     0.000000     1.438398 
2453143.902878 0.000000 0.000000     0.000000     1.438398 
2453144.834176 0.000000 0.000000     0.000000     1.438398 
2453145.765474 0.000000 0.000000    -0.000000     1.438398 
2453146.696772 0.000000 0.000000    -0.000000     1.438398 
2453147.628070 0.000000 0.000000    -0.000000     1.438398 
2453148.559368 0.000000 0.000000    -0.000000     1.438398 
2453149.490665 0.000000 0.000000    -0.000000     1.438398 
2453150.421963 0.000000 0.000000    -0.000000     1.438398 
2453151.353261 0.000000 0.000000    -0.000000     1.438398 
2453152.284559 0.000000 0.000000    -0.000000     1.438398 
2453153.215857 0.000000 0.000000    -0.000000     1.438398 
2453154.147155 0.000000 0.000000    -0.000000     1.438398 
2453155.078453 0.000000 0.000000    -0.000000     1.438398 
2453156.009750 0.000000 0.000000    -0.000000     1.438398 
2453156.941048 0.000000 0.000000    -0.000000     1.438398 
2453157.872346 0.000000 0.000000    -0.000000     1.438398 
2453158.803644 0.000000 0.000000    -0.000000     1.438398 
2453159.734942 0.000000 0.000000    -0.000000     1.438398 
2453160.666240 0.000000 0.000000    -0.000000     1.438398 
2453161.597538 0.000000 0.000000     0.000000     1.438398 
2453162.528835 0.000000 0.000000     0.000000     1.438398 
2453163.460133 0.000000 0.000000     0.000000     1.438398 
2453164.391431 0.000000 0.000000     0.000000     1.438398 
2453165.322729 0.000000 0.000000     0.000000     1.438398 
2453166.254027 0.000000 0.000000     0.000000     1.438398 
2453167.185325 0.000000 0.000000     0.000000     1.438398 
2453168.116622 0.000000 0.000000     0.000000     1.438398 
2453169.047920 0.000000 0.000000     0.000000     1.438398 
2453169.979218 0.000000 0.000000     0.000000     1.438398 
2453170.910516 0.000000 0.000000    -0.000000     1.438398 
2453171.841814 0.000000 0.000000    -0.000000     1.438398 
2453172.773112 0.000000 0.000000    -0.000000     1.438398 
2453173.704410 0.000000 0.000000    -0.000000     1.438398 
2453174.635707 0.000000 0.000000    -0.000000     1.438398 
2453175.567005 0.000000 0.000000    -0.000000     1.438398 
2453176.498303 0.000000 0.000000    -0.000000     1.438398 
2453177.429601 0.000000 0.000000    -0.000000     1.438398 
2453178.360899 0.000000 0.000000    -0.000000     1.438398 
2453179.292197 0.000000 0.000000    -0.000000     1.438398 
2453180.223495 0.000000 0.000000    -0.000000     1.438398 
2453181.154792 0.000000 0.000000    -0.000000     1.438398 
2453182.086090 0.000000 0.000000    -0.000000     1.438398 
2453183.017388 0.000000 0.000000    -0.000000     1.438398 
2453183.948686 0.000000 0.000000    -0.000000     1.438398 
2453184.879984 0.000000 0.000000    -0.000000     1.438398 
2453185.811282 0.000000 0.000000    -0.000000     1.438398 
2453186.742580 0.000000 0.000000     0.000000     1.438398 
2453187.673877 0.000000 0.000000     0.000000     1.438398 
2453188.605175 0.000000 0.000000     0.000000     1.438398 
2453189.536473 0.000000 0.000000     0.000000     1.438398 
2453190.467771 0.000000 0.000000     0.000000     1.438398 
2453191.399069 0.000000 0.000000     0.000000     1.438398 
2453192.330367 0.000000 0.000000     0.000000     1.438398 
2453193.261664 0.000000 0.000000     0.000000     1.438398 
2453194.192962 0.000000 0.000000     0.000000     1.438398 
2453195.124260 0.000000 0.000000    -0.000000     1.438398 
2453196.055558 0.000000 0.000000    -0.000000     1.438398 
2453196.986856 0.000000 0.000000    -0.000000     1.438398 
2453197.918154 0.000000 0.000000    -0.000000     1.438398 
2453198.849452 0.000000 0.000000    -0.000000     1.438398 
2453199.780749 0.000000 0.000000    -0.000000     1.438398 
2453200.712047 0.000000 0.000000    -0.000000     1.438398 
2453201.643345 0.000000 0.000000    -0.000000     1.438398 
2453202.574643 0.000000 0.000000    -0.000000     1.438398 
2453203.505941 0.000000 0.000000    -0.000000     1.438398 
2453204.437239 0.000000 0.000000    -0.000000     1.438398 
2453205.368537 0.000000 0.000000    -0.000000     1.438398 
2453206.299834 0.000000 0.000000    -0.000000     1.438398 
2453207.231132 0.000000 0.000000    -0.000000     1.438398 
2453208.162430 0.000000 0.000000    -0.000000     1.438398 
2453209.093728 0.000000 0.000000    -0.000000     1.438398 
2453210.025026 0.000000 0.000000    -0.000000     1.438398 
2453210.956324 0.000000 0.000000    -0.000000     1.438398 
2453211.887621 0.000000 0.000000    -0.000000     1.438398 
2453212.818919 0.000000 0.000000     0.000000     1.438398 
2453213.750217 0.000000 0.000000     0.000000     1.438398 
2453214.681515 0.000000 0.000000     0.000000     1.438398 
2453215.612813 0.000000 0.000000     0.000000     1.438398 
2453216.544111 0.000000 0.000000     0.000000     1.438398 
2453217.475409 0.000000 0.000000     0.000000     1.438398 
2453218.406706 0.000000 0.000000     0.000000     1.438398 
2453219.338004 0.000000 0.000000     0.000000     1.438398 
2453220.269302 0.000000 0.000000    -0.000000     1.438398 
2453221.200600 0.000000 0.000000    -0.000000     1.438398 
2453222.131898 0.000000 0.000000    -0.000000     1.438398 
2453223.063196 0.000000 0.000000    -0.000000     1.438398 
2453223.994494 0.000000 0.000000    -0.000000     1.438398 
2453224.925791 0.000000 0.000000    -0.000000     1.438398 
2453225.857089 0.000000 0.000000    -0.000000     1.438398 
2453226.788387 0.000000 0.000000    -0.000000     1.438398 
2453227.719685 0.000000 0.000000    -0.000000     1.438398 
2453228.650983 0.000000 0.000000    -0.000000     1.438398 
2453229.582281 0.000000 0.000000    -0.000000     1.438398 
2453230.513578 0.000000 0.000000    -0.000000     1.438398 
2453231.444876 0.000000 0.000000    -0.000000     1.438398 
2453232.376174 0.000000 0.000000    -0.000000     1.438398 
2453233.307472 0.000000 0.000000    -0.000000     1.438398 
2453234.238770 0.000000 0.000000    -0.000000     1.438398 
2453235.170068 0.000000 0.000000    -0.000000     1.438398 
2453236.101366 0.000000 0.000000    -0.000000     1.438398 
2453237.032663 0.000000 0.000000    -0.000000     1.438398 
2453237.963961 0.000000 0.000000    -0.000000     1.438398 
2453238.895259 0.000000 0.000000     0.000000     1.438398 
2453239.826557 0.000000 0.000000     0.000000     1.438398 
2453240.757855 0.000000 0.000000     0.000000     1.438398 
2453241.689153 0.000000 0.000000     0.000000     1.438398 
2453242.620451 0.000000 0.000000     0.000000     1.438398 
2453243.551748 0.000000 0.000000    -0.000000     1.438398 
2453244.483046 0.000000 0.000000    -0.000000     1.438398 
2453245.414344 0.000000 0.000000    -0.000000     1.438398 
2453246.345642 0.000000 0.000000    -0.000000     1.438398 
2453247.276940 0.000000 0.000000    -0.000000     1.438398 
2453248.208238 0.000000 0.000000    -0.000000     1.438398 
2453249.139536 0.000000 0.000000    -0.000000     1.438398 
2453250.070833 0.000000 0.000000    -0.000000     1.438398 
2453251.002131 0.000000 0.000000    -0.000000     1.438398 
2453251.933429 0.000000 0.000000    -0.000000     1.438398 
2453252.864727 0.000000 0.000000    -0.000000     1.438398 
2453253.796025 0.000000 0.000000    -0.000000     1.438398 
2453254.727323 0.000000 0.000000    -0.000000     1.438398 
2453255.658620 0.000000 0.000000    -0.000000     1.438398 
2453256.589918 0.000000 0.000000    -0.000000     1.438398 
2453257.521216 0.000000 0.000000    -0.000000     1.438398 
2453258.452514 0.000000 0.000000    -0.000000     1.438398 
2453259.383812 0.000000 0.000000    -0.000000     1.438398 
2453260.315110 0.000000 0.000000    -0.000000     1.438398 
2453261.246408 0.000000 0.000000    -0.000000     1.438398 
2453262.177705 0.000000 0.000000    -0.000000     1.438398 
2453263.109003 0.000000 0.000000    -0.000000     1.438398 
2453264.040301 0.000000 0.000000    -0.000000     1.438398 
2453264.971599 0.000000 0.000000    -0.000000     1.438398 
2453265.902897 0.000000 0.000000    -0.000000     1.438398 
2453266.834195 0.000000 0.000000    -0.000000     1.438398 
2453267.765493 0.000000 0.000000    -0.000000     1.438398 
2453268.696790 0.000000 0.000000    -0.000000     1.438398 
2453269.628088 0.000000 0.000000    -0.000000     1.438398 
2453270.559386 0.000000 0.000000    -0.000000     1.438398 
2453271.490684 0.000000 0.000000    -0.000000     1.438398 
2453272.421982 0.000000 0.000000    -0.000000     1.438398 
2453273.353280 0.000000 0.000000    -0.000000     1.438398 
2453274.284577 0.000000 0.000000    -0.000000     1.438398 
2453275.215875 0.000000 0.000000    -0.000000     1.438398 
2453276.147173 0.000000 0.000000    -0.000000     1.438398 
2453277.078471 0.000000 0.000000    -0.000000     1.438398 
2453278.009769 0.000000 0.000000    -0.000000     1.438398 
2453278.941067 0.000000 0.000000    -0.000000     1.438398 
2453279.872365 0.000000 0.000000    -0.000000     1.438398 
2453280.803662 0.000000 0.000000    -0.000000     1.438398 
2453281.734960 0.000000 0.000000    -0.000000     1.438398 
2453282.666258 0.000000 0.000000    -0.000000     1.438398 
2453283.597556 0.000000 0.000000    -0.000000     1.438398 
2453284.528854 0.000000 0.000000    -0.000000     1.438398 
2453285.460152 0.000000 0.000000    -0.000000     1.438398 
2453286.391450 0.000000 0.000000    -0.000000     1.438398 
2453287.322747 0.000000 0.000000    -0.000000     1.438398 
2453288.254045 0.000000 0.000000    -0.000000     1.438398 
2453289.185343 0.000000 0.000000    -0.000000     1.438398 
2453290.116641 0.000000 0.000000    -0.000000     1.438398 
2453291.047939 0.000000 0.000000    -0.000000     1.438398 
2453291.979237 0.000000 0.000000    -0.000000     1.438398 
2453292.910535 0.000000 0.000000    -0.000000     1.438398 
2453293.841832 0.000000 0.000000    -0.000000     1.438398 
2453294.773130 0.000000 0.000000    -0.000000     1.438398 
2453295.704428 0.000000 0.000000    -0.000000     1.438398 
2453296.635726 0.000000 0.000000    -0.000000     1.438398 
2453297.567024 0.000000 0.000000    -0.000000     1.438398 
2453298.498322 0.000000 0.000000    -0.000000     1.438398 
2453299.429619 0.000000 0.000000    -0.000000     1.438398 
2453300.360917 0.000000 0.000000    -0.000000     1.438398 
2453301.292215 0.000000 0.000000    -0.000000     1.438398 
2453302.223513 0.000000 0.000000    -0.000000     1.438398 
2453303.154811 0.000000 0.000000    -0.000000     1.438398 
2453304.086109 0.000000 0.000000    -0.000000     1.438398 
2453305.017407 0.000000 0.000000    -0.000000     1.438398 
2453305.948704 0.000000 0.000000    -0.000000     1.438398 
2453306.880002 0.000000 0.000000    -0.000000     1.438398 
2453307.811300 0.000000 0.000000    -0.000000     1.438398 
2453308.742598 0.000000 0.000000    -0.000000     1.438398 
2453309.673896 0.000000 0.000000    -0.000000     1.438398 
2453310.605194 0.000000 0.000000    -0.000000     1.438398 
2453311.536492 0.000000 0.000000    -0.000000     1.438398 
2453312.467789 0.000000 0.000000    -0.000000     1.438398 
2453313.399087 0.000000 0.000000    -0.000000     1.438398 
2453314.330385 0.000000 0.000000    -0.000000     1.438398 
2453315.261683 0.000000 0.000000    -0.000000     1.438398 
2453316.192981 0.000000 0.000000    -0.000000     1.438398 
2453317.124279 0.000000 0.000000    -0.000000     1.438398 
2453318.055576 0.000000 0.000000    -0.000000     1.438398 
2453318.986874 0.000000 0.000000    -0.000000     1.438398 
2453319.918172 0.000000 0.000000    -0.000000     1.438398 
2453320.849470 0.000000 0.000000    -0.000000     1.438398 
2453321.780768 0.000000 0.000000    -0.000000     1.438398 
2453322.712066 0.000000 0.000000    -0.000000     1.438398 
2453323.643364 0.000000 0.000000    -0.000000     1.438398 
2453324.574661 0.000000 0.000000    -0.000000     1.438398 
2453325.505959 0.000000 0.000000    -0.000000     1.438398 
2453326.437257 0.000000 0.000000    -0.000000     1.438398 
2453327.368555 0.000000 0.000000     0.000000     1.438398 
2453328.299853 0.000000 0.000000     0.000000     1.438398 
2453329.231151 0.000000 0.000000     0.000000     1.438398 
2453330.162449 0.000000 0.000000    -0.000000     1.438398 
2453331.093746 0.000000 0.000000    -0.000000     1.438398 
2453332.025044 0.000000 0.000000    -0.000000     1.438398 
2453332.956342 0.000000 0.000000     0.000000     1.438398 
2453333.887640 0.000000 0.000000     0.000000     1.438398 
2453334.818938 0.000000 0.000000     0.000000     1.438398 
2453335.750236 0.000000 0.000000    -0.000000     1.438398 
2453336.681533 0.000000 0.000000    -0.000000     1.438398 
2453337.612831 0.000000 0.000000    -0.000000     1.438398 
2453338.544129 0.000000 0.000000    -0.000000     1.438398 
2453339.475427 0.000000 0.000000    -0.000000     1.438398 
2453340.406725 0.000000 0.000000    -0.000000     1.438398 
2453341.338023 0.000000 0.000000    -0.000000     1.438398 
2453342.269321 0.000000 0.000000    -0.000000     1.438398 
2453343.200618 0.000000 0.000000    -0.000000     1.438398 
2453344.131916 0.000000 0.000000    -0.000000     1.438398 
2453345.063214 0.000000 0.000000    -0.000000     1.438398 
2453345.994512 0.000000 0.000000    -0.000000     1.438398 
2453346.925810 0.000000 0.000000    -0.000000     1.438398 
2453347.857108 0.000000 0.000000    -0.000000     1.438398 
2453348.788406 0.000000 0.000000    -0.000000     1.438398 
2453349.719703 0.000000 0.000000    -0.000000     1.438398 
2453350.651001 0.000000 0.000000    -0.000000     1.438398 
2453351.582299 0.000000 0.000000    -0.000000     1.438398 
2453352.513597 0.000000 0.000000    -0.000000     1.438398 
2453353.444895 0.000000 0.000000    -0.000000     1.438398 
2453354.376193 0.000000 0.000000    -0.000000     1.438398 
2453355.307491 0.000000 0.000000    -0.000000     1.438398 
2453356.238788 0.000000 0.000000    -0.000000     1.438398 
2453357.170086 0.000000 0.000000    -0.000000     1.438398 
2453358.101384 0.000000 0.000000     0.000000     1.438398 
2453359.032682 0.000000 0.000000     0.000000     1.438398 
2453359.963980 0.000000 0.000000     0.000000     1.438398 
2453360.895278 0.000000 0.000000     0.000000     1.438398 
2453361.826575 0.000000 0.000000    -0.000000     1.438398 
2453362.757873 0.000000 0.000000     0.000000     1.438398 
2453363.689171 0.000000 0.000000     0.000000     1.438398 
2453364.620469 0.000000 0.000000     0.000000     1.438398 
2453365.551767 0.000000 0.000000     0.000000     1.438398 
2453366.483065 0.000000 0.000000     0.000000     1.438398 
2453367.414363 0.000000 0.000000     0.000000     1.438398 
2453368.345660 0.000000 0.000000     0.000000     1.438398 
2453369.276958 0.000000 0.000000     0.000000     1.438398 
2453370.208256 0.000000 0.000000     0.000000     1.438398 
2453371.139554 0.000000 0.000000     0.000000     1.438398 
2453372.070852 0.000000 0.000000    -0.000000     1.438398 
2453373.002150 0.000000 0.000000    -0.000000     1.438398 
2453373.933448 0.000000 0.000000    -0.000000     1.438398 
2453374.864745 0.000000 0.000000    -0.000000     1.438398 
2453375.796043 0.000000 0.000000    -0.000000     1.438398 
2453376.727341 0.000000 0.000000    -0.000000     1.438398 
2453377.658639 0.000000 0.000000    -0.000000     1.438398 
2453378.589937 0.000000 0.000000    -0.000000     1.438398 
2453379.521235 0.000000 0.000000    -0.000000     1.438398 
2453380.452532 0.000000 0.000000    -0.000000     1.438398 
2453381.383830 0.000000 0.000000    -0.000000     1.438398 
2453382.315128 0.000000 0.000000    -0.000000     1.438398 
2453383.246426 0.000000 0.000000    -0.000000     1.438398 
2453384.177724 0.000000 0.000000    -0.000000     1.438398 
2453385.109022 0.000000 0.000000    -0.000000     1.438398 
2453386.040320 0.000000 0.000000    -0.000000     1.438398 
2453386.971617 0.000000 0.000000    -0.000000     1.438398 
2453387.902915 0.000000 0.000000     0.000000     1.438398 
2453388.834213 0.000000 0.000000     0.000000     1.438398 
2453389.765511 0.000000 0.000000     0.000000     1.438398 
2453390.696809 0.000000 0.000000     0.000000     1.438398 
2453391.628107 0.000000 0.000000     0.000000     1.438398 
2453392.559405 0.000000 0.000000     0.000000     1.438398 
2453393.490702 0.000000 0.000000     0.000000     1.438398 
2453394.422000 0.000000 0.000000     0.000000     1.438398 
2453395.353298 0.000000 0.000000     0.000000     1.438398 
2453396.284596 0.000000 0.000000     0.000000     1.438398 
2453397.215894 0.000000 0.000000    -0.000000     1.438398 
2453398.147192 0.000000 0.000000    -0.000000     1.438398 
2453399.078489 0.000000 0.000000    -0.000000     1.438398 
2453400.009787 0.000000 0.000000    -0.000000     1.438398 
2453400.941085 0.000000 0.000000    -0.000000     1.438398 
2453401.872383 0.000000 0.000000    -0.000000     1.438398 
2453402.803681 0.000000 0.000000    -0.000000     1.438398 
2453403.734979 0.000000 0.000000    -0.000000     1.438398 
2453404.666277 0.000000 0.000000    -0.000000     1.438398 
2453405.597574 0.000000 0.000000    -0.000000     1.438398 
2453406.528872 0.000000 0.000000    -0.000000     1.438398 
2453407.460170 0.000000 0.000000    -0.000000     1.438398 
2453408.391468 0.000000 0.000000    -0.000000     1.438398 
2453409.322766 0.000000 0.000000    -0.000000     1.438398 
2453410.254064 0.000000 0.000000    -0.000000     1.438398 
2453411.185362 0.000000 0.000000    -0.000000     1.438398 
2453412.116659 0.000000 0.000000    -0.000000     1.438398 
2453413.047957 0.000000 0.000000    -0.000000     1.438398 
2453413.979255 0.000000 0.000000     0.000000     1.438398 
2453414.910553 0.000000 0.000000     0.000000     1.438398 
2453415.841851 0.000000 0.000000     0.000000     1.438398 
2453416.773149 0.000000 0.000000     0.000000     1.438398 
2453417.704447 0.000000 0.000000     0.000000     1.438398 
2453418.635744 0.000000 0.000000     0.000000     1.438398 
2453419.567042 0.000000 0.000000     0.000000     1.438398 
2453420.498340 0.000000 0.000000     0.000000     1.438398 
2453421.429638 0.000000 0.000000    -0.000000     1.438398 
2453422.360936 0.000000 0.000000    -0.000000     1.438398 
2453423.292234 0.000000 0.000000    -0.000000     1.438398 
2453424.223531 0.000000 0.000000    -0.000000     1.438398 
2453425.154829 0.000000 0.000000    -0.000000     1.438398 
2453426.086127 0.000000 0.000000    -0.000000     1.438398 
2453427.017425 0.000000 0.000000    -0.000000     1.438398 
2453427.948723 0.000000 0.000000    -0.000000     1.438398 
2453428.880021 0.000000 0.000000    -0.000000     1.438398 
2453429.811319 0.000000 0.000000    -0.000000     1.438398 
2453430.742616 0.000000 0.000000    -0.000000     1.438398 
2453431.673914 0.000000 0.000000    -0.000000     1.438398 
2453432.605212 0.000000 0.000000    -0.000000     1.438398 
2453433.536510 0.000000 0.000000    -0.000000     1.438398 
2453434.467808 0.000000 0.000000    -0.000000     1.438398 
2453435.399106 0.000000 0.000000    -0.000000     1.438398 
2453436.330404 0.000000 0.000000    -0.000000     1.438398 
2453437.261701 0.000000 0.000000    -0.000000     1.438398 
2453438.192999 0.000000 0.000000    -0.000000     1.438398 
2453439.124297 0.000000 0.000000     0.000000     1.438398 
2453440.055595 0.000000 0.000000     0.000000     1.438398 
2453440.986893 0.000000 0.000000     0.000000     1.438398 
2453441.918191 0.000000 0.000000     0.000000     1.438398 
2453442.849488 0.000000 0.000000     0.000000     1.438398 
2453443.780786 0.000000 0.000000     0.000000     1.438398 
2453444.712084 0.000000 0.000000     0.000000     1.438398 
2453445.643382 0.000000 0.000000     0.000000     1.438398 
2453446.574680 0.000000 0.000000    -0.000000     1.438398 
2453447.505978 0.000000 0.000000    -0.000000     1.438398 
2453448.437276 0.000000 0.000000    -0.000000     1.438398 
2453449.368573 0.000000 0.000000    -0.000000     1.438398 
2453450.299871 0.000000 0.000000    -0.000000     1.438398 
2453451.231169 0.000000 0.000000    -0.000000     1.438398 
2453452.162467 0.000000 0.000000    -0.000000     1.438398 
2453453.093765 0.000000 0.000000    -0.000000     1.438398 
2453454.025063 0.000000 0.000000    -0.000000     1.438398 
2453454.956361 0.000000 0.000000    -0.000000     1.438398 
2453455.887658 0.000000 0.000000    -0.000000     1.438398 
2453456.818956 0.000000 0.000000    -0.000000     1.438398 
2453457.750254 0.000000 0.000000    -0.000000     1.438398 
2453458.681552 0.000000 0.000000    -0.000000     1.438398 
2453459.612850 0.000000 0.000000    -0.000000     1.438398 
2453460.544148 0.000000 0.000000    -0.000000     1.438398 
2453461.475445 0.000000 0.000000    -0.000000     1.438398 
2453462.406743 0.000000 0.000000    -0.000000     1.438398 
2453463.338041 0.000000 0.000000    -0.000000     1.438398 
2453464.269339 0.000000 0.000000    -0.000000     1.438398 
2453465.200637 0.000000 0.000000    -0.000000     1.438398 
2453466.131935 0.000000 0.000000     0.000000     1.438398 
2453467.063233 0.000000 0.000000     0.000000     1.438398 
2453467.994530 0.000000 0.000000     0.000000     1.438398 
2453468.925828 0.000000 0.000000     0.000000     1.438398 
2453469.857126 0.000000 0.000000    -0.000000     1.438398 
2453470.788424 0.000000 0.000000    -0.000000     1.438398 
2453471.719722 0.000000 0.000000    -0.000000     1.438398 
2453472.651020 0.000000 0.000000    -0.000000     1.438398 
2453473.582318 0.000000 0.000000    -0.000000     1.438398 
2453474.513615 0.000000 0.000000    -0.000000     1.438398 
2453475.444913 0.000000 0.000000    -0.000000     1.438398 
2453476.376211 0.000000 0.000000    -0.000000     1.438398 
2453477.307509 0.000000 0.000000    -0.000000     1.438398 
2453478.238807 0.000000 0.000000    -0.000000     1.438398 
2453479.170105 0.000000 0.000000    -0.000000     1.438398 
2453480.101403 0.000000 0.000000    -0.000000     1.438398 
2453481.032700 0.000000 0.000000    -0.000000     1.438398 
2453481.963998 0.000000 0.000000    -0.000000     1.438398 
2453482.895296 0.000000 0.000000    -0.000000     1.438398 
2453483.826594 0.000000 0.000000    -0.000000     1.438398 
2453484.757892 0.000000 0.000000    -0.000000     1.438398 
2453485.689190 0.000000 0.000000    -0.000000     1.438398 
2453486.620487 0.000000 0.000000    -0.000000     1.438398 
2453487.551785 0.000000 0.000000    -0.000000     1.438398 
2453488.483083 0.000000 0.000000    -0.000000     1.438398 
2453489.414381 0.000000 0.000000    -0.000000     1.438398 
2453490.345679 0.000000 0.000000    -0.000000     1.438398 
2453491.276977 0.000000 0.000000    -0.000000     1.438398 
2453492.208275 0.000000 0.000000    -0.000000     1.438398 
2453493.139572 0.000000 0.000000    -0.000000     1.438398 
2453494.070870 0.000000 0.000000    -0.000000     1.438398 
2453495.002168 0.000000 0.000000    -0.000000     1.438398 
2453495.933466 0.000000 0.000000    -0.000000     1.438398 
2453496.864764 0.000000 0.000000    -0.000000     1.438398 
2453497.796062 0.000000 0.000000    -0.000000     1.438398 
2453498.727360 0.000000 0.000000    -0.000000     1.438398 
2453499.658657 0.000000 0.000000    -0.000000     1.438398 
2453500.589955 0.000000 0.000000    -0.000000     1.438398 
2453501.521253 0.000000 0.000000    -0.000000     1.438398 
2453502.452551 0.000000 0.000000    -0.000000     1.438398 
2453503.383849 0.000000 0.000000    -0.000000     1.438398 
2453504.315147 0.000000 0.000000    -0.000000     1.438398 
2453505.246444 0.000000 0.000000    -0.000000     1.438398 
2453506.177742 0.000000 0.000000    -0.000000     1.438398 
2453507.109040 0.000000 0.000000    -0.000000     1.438398 
2453508.040338 0.000000 0.000000    -0.000000     1.438398 
2453508.971636 0.000000 0.000000    -0.000000     1.438398 
2453509.902934 0.000000 0.000000    -0.000000     1.438398 
2453510.834232 0.000000 0.000000    -0.000000     1.438398 
2453511.765529 0.000000 0.000000    -0.000000     1.438398 
2453512.696827 0.000000 0.000000    -0.000000     1.438398 
2453513.628125 0.000000 0.000000    -0.000000     1.438398 
2453514.559423 0.000000 0.000000    -0.000000     1.438398 
2453515.490721 0.000000 0.000000    -0.000000     1.438398 
2453516.422019 0.000000 0.000000    -0.000000     1.438398 
2453517.353317 0.000000 0.000000    -0.000000     1.438398 
2453518.284614 0.000000 0.000000    -0.000000     1.438398 
2453519.215912 0.000000 0.000000    -0.000000     1.438398 
2453520.147210 0.000000 0.000000    -0.000000     1.438398 
2453521.078508 0.000000 0.000000    -0.000000     1.438398 
2453522.009806 0.000000 0.000000    -0.000000     1.438398 
2453522.941104 0.000000 0.000000    -0.000000     1.438398 
2453523.872401 0.000000 0.000000    -0.000000     1.438398 
2453524.803699 0.000000 0.000000    -0.000000     1.438398 
2453525.734997 0.000000 0.000000    -0.000000     1.438398 
2453526.666295 0.000000 0.000000    -0.000000     1.438398 
2453527.597593 0.000000 0.000000    -0.000000     1.438398 
2453528.528891 0.000000 0.000000    -0.000000     1.438398 
2453529.460189 0.000000 0.000000    -0.000000     1.438398 
2453530.391486 0.000000 0.000000    -0.000000     1.438398 
2453531.322784 0.000000 0.000000    -0.000000     1.438398 
2453532.254082 0.000000 0.000000    -0.000000     1.438398 
2453533.185380 0.000000 0.000000    -0.000000     1.438398 
2453534.116678 0.000000 0.000000    -0.000000     1.438398 
2453535.047976 0.000000 0.000000    -0.000000     1.438398 
2453535.979274 0.000000 0.000000    -0.000000     1.438398 
2453536.910571 0.000000 0.000000    -0.000000     1.438398 
2453537.841869 0.000000 0.000000    -0.000000     1.438398 
2453538.773167 0.000000 0.000000    -0.000000     1.438398 
2453539.704465 0.000000 0.000000    -0.000000     1.438398 
2453540.635763 0.000000 0.000000    -0.000000     1.438398 
2453541.567061 0.000000 0.000000    -0.000000     1.438398 
2453542.498359 0.000000 0.000000    -0.000000     1.438398 
2453543.429656 0.000000 0.000000    -0.000000     1.438398 
2453544.360954 0.000000 0.000000    -0.000000     1.438398 
2453545.292252 0.000000 0.000000    -0.000000     1.438398 
2453546.223550 0.000000 0.000000    -0.000000     1.438398 
2453547.154848 0.000000 0.000000    -0.000000     1.438398 
2453548.086146 0.000000 0.000000    -0.000000     1.438398 
2453549.017443 0.000000 0.000000    -0.000000     1.438398 
2453549.948741 0.000000 0.000000    -0.000000     1.438398 
2453550.880039 0.000000 0.000000    -0.000000     1.438398 
2453551.811337 0.000000 0.000000    -0.000000     1.438398 
2453552.742635 0.000000 0.000000    -0.000000     1.438398 
2453553.673933 0.000000 0.000000     0.000000     1.438398 
2453554.605231 0.000000 0.000000     0.000000     1.438398 
2453555.536528 0.000000 0.000000     0.000000     1.438398 
2453556.467826 0.000000 0.000000     0.000000     1.438398 
2453557.399124 0.000000 0.000000    -0.000000     1.438398 
2453558.330422 0.000000 0.000000     0.000000     1.438398 
2453559.261720 0.000000 0.000000     0.000000     1.438398 
2453560.193018 0.000000 0.000000     0.000000     1.438398 
2453561.124316 0.000000 0.000000     0.000000     1.438398 
2453562.055613 0.000000 0.000000     0.000000     1.438398 
2453562.986911 0.000000 0.000000    -0.000000     1.438398 
2453563.918209 0.000000 0.000000    -0.000000     1.438398 
2453564.849507 0.000000 0.000000    -0.000000     1.438398 
2453565.780805 0.000000 0.000000    -0.000000     1.438398 
2453566.712103 0.000000 0.000000    -0.000000     1.438398 
2453567.643400 0.000000 0.000000     0.000000     1.438398 
2453568.574698 0.000000 0.000000     0.000000     1.438398 
2453569.505996 0.000000 0.000000    -0.000000     1.438398 
2453570.437294 0.000000 0.000000    -0.000000     1.438398 
2453571.368592 0.000000 0.000000    -0.000000     1.438398 
2453572.299890 0.000000 0.000000    -0.000000     1.438398 
2453573.231188 0.000000 0.000000    -0.000000     1.438398 
2453574.162485 0.000000 0.000000    -0.000000     1.438398 
2453575.093783 0.000000 0.000000    -0.000000     1.438398 
2453576.025081 0.000000 0.000000    -0.000000     1.438398 
2453576.956379 0.000000 0.000000    -0.000000     1.438398 
2453577.887677 0.000000 0.000000    -0.000000     1.438398 
2453578.818975 0.000000 0.000000    -0.000000     1.438398 
2453579.750273 0.000000 0.000000    -0.000000     1.438398 
2453580.681570 0.000000 0.000000    -0.000000     1.438398 
2453581.612868 0.000000 0.000000    -0.000000     1.438398 
2453582.544166 0.000000 0.000000    -0.000000     1.438398 
2453583.475464 0.000000 0.000000    -0.000000     1.438398 
2453584.406762 0.000000 0.000000    -0.000000     1.438398 
2453585.338060 0.000000 0.000000    -0.000000     1.438398 
2453586.269358 0.000000 0.000000     0.000000     1.438398 
2453587.200655 0.000000 0.000000    -0.000000     1.438398 
2453588.131953 0.000000 0.000000    -0.000000     1.438398 
2453589.063251 0.000000 0.000000     0.000000     1.438398 
2453589.994549 0.000000 0.000000     0.000000     1.438398 
2453590.925847 0.000000 0.000000     0.000000     1.438398 
2453591.857145 0.000000 0.000000     0.000000     1.438398 
2453592.788442 0.000000 0.000000     0.000000     1.438398 
2453593.719740 0.000000 0.000000     0.000000     1.438398 
2453594.651038 0.000000 0.000000     0.000000     1.438398 
2453595.582336 0.000000 0.000000     0.000000     1.438398 
2453596.513634 0.000000 0.000000     0.000000     1.438398 
2453597.444932 0.000000 0.000000     0.000000     1.438398 
2453598.376230 0.000000 0.000000     0.000000     1.438398 
2453599.307527 0.000000 0.000000    -0.000000     1.438398 
2453600.238825 0.000000 0.000000    -0.000000     1.438398 
2453601.170123 0.000000 0.000000    -0.000000     1.438398 
2453602.101421 0.000000 0.000000    -0.000000     1.438398 
2453603.032719 0.000000 0.000000    -0.000000     1.438398 
2453603.964017 0.000000 0.000000    -0.000000     1.438398 
2453604.895315 0.000000 0.000000    -0.000000     1.438398 
2453605.826612 0.000000 0.000000    -0.000000     1.438398 
2453606.757910 0.000000 0.000000    -0.000000     1.438398 
2453607.689208 0.000000 0.000000    -0.000000     1.438398 
2453608.620506 0.000000 0.000000    -0.000000     1.438398 
2453609.551804 0.000000 0.000000    -0.000000     1.438398 
2453610.483102 0.000000 0.000000    -0.000000     1.438398 
2453611.414399 0.000000 0.000000    -0.000000     1.438398 
2453612.345697 0.000000 0.000000    -0.000000     1.438398 
2453613.276995 0.000000 0.000000    -0.000000     1.438398 
2453614.208293 0.000000 0.000000    -0.000000     1.438398 
2453615.139591 0.000000 0.000000     0.000000     1.438398 
2453616.070889 0.000000 0.000000     0.000000     1.438398 
2453617.002187 0.000000 0.000000     0.000000     1.438398 
2453617.933484 0.000000 0.000000     0.000000     1.438398 
2453618.864782 0.000000 0.000000     0.000000     1.438398 
2453619.796080 0.000000 0.000000     0.000000     1.438398 
2453620.727378 0.000000 0.000000     0.000000     1.438398 
2453621.658676 0.000000 0.000000     0.000000     1.438398 
2453622.589974 0.000000 0.000000     0.000000     1.438398 
2453623.521272 0.000000 0.000000    -0.000000     1.438398 
2453624.452569 0.000000 0.000000    -0.000000     1.438398 
2453625.383867 0.000000 0.000000    -0.000000     1.438398 
2453626.315165 0.000000 0.000000    -0.000000     1.438398 
2453627.246463 0.000000 0.000000    -0.000000     1.438398 
2453628.177761 0.000000 0.000000    -0.000000     1.438398 
2453629.109059 0.000000 0.000000    -0.000000     1.438398 
2453630.040356 0.000000 0.000000    -0.000000     1.438398 
2453630.971654 0.000000 0.000000    -0.000000     1.438398 
2453631.902952 0.000000 0.000000    -0.000000     1.438398 
2453632.834250 0.000000 0.000000    -0.000000     1.438398 
2453633.765548 0.000000 0.000000    -0.000000     1.438398 
2453634.696846 0.000000 0.000000    -0.000000     1.438398 
2453635.628144 0.000000 0.000000    -0.000000     1.438398 
2453636.559441 0.000000 0.000000    -0.000000     1.438398 
2453637.490739 0.000000 0.000000    -0.000000     1.438398 
2453638.422037 0.000000 0.000000    -0.000000     1.438398 
2453639.353335 0.000000 0.000000    -0.000000     1.438398 
2453640.284633 0.000000 0.000000     0.000000     1.438398 
2453641.215931 0.000000 0.000000     0.000000     1.438398 
2453642.147229 0.000000 0.000000     0.000000     1.438398 
2453643.078526 0.000000 0.000000     0.000000     1.438398 
2453644.009824 0.000000 0.000000     0.000000     1.438398 
2453644.941122 0.000000 0.000000     0.000000     1.438398 
2453645.872420 0.000000 0.000000     0.000000     1.438398 
2453646.803718 0.000000 0.000000     0.000000     1.438398 
2453647.735016 0.000000 0.000000     0.000000     1.438398 
2453648.666314 0.000000 0.000000    -0.000000     1.438398 
2453649.597611 0.000000 0.000000    -0.000000     1.438398 
2453650.528909 0.000000 0.000000    -0.000000     1.438398 
2453651.460207 0.000000 0.000000    -0.000000     1.438398 
2453652.391505 0.000000 0.000000    -0.000000     1.438398 
2453653.322803 0.000000 0.000000    -0.000000     1.438398 
2453654.254101 0.000000 0.000000    -0.000000     1.438398 
2453655.185398 0.000000 0.000000    -0.000000     1.438398 
2453656.116696 0.000000 0.000000    -0.000000     1.438398 
2453657.047994 0.000000 0.000000    -0.000000     1.438398 
2453657.979292 0.000000 0.000000    -0.000000     1.438398 
2453658.910590 0.000000 0.000000    -0.000000     1.438398 
2453659.841888 0.000000 0.000000    -0.000000     1.438398 
2453660.773186 0.000000 0.000000    -0.000000     1.438398 
2453661.704483 0.000000 0.000000    -0.000000     1.438398 
2453662.635781 0.000000 0.000000    -0.000000     1.438398 
2453663.567079 0.000000 0.000000    -0.000000     1.438398 
2453664.498377 0.000000 0.000000    -0.000000     1.438398 
2453665.429675 0.000000 0.000000    -0.000000     1.438398 
2453666.360973 0.000000 0.000000     0.000000     1.438398 
2453667.292271 0.000000 0.000000     0.000000     1.438398 
2453668.223568 0.000000 0.000000     0.000000     1.438398 
2453669.154866 0.000000 0.000000     0.000000     1.438398 
2453670.086164 0.000000 0.000000     0.000000     1.438398 
2453671.017462 0.000000 0.000000     0.000000     1.438398 
2453671.948760 0.000000 0.000000     0.000000     1.438398 
2453672.880058 0.000000 0.000000    -0.000000     1.438398 
2453673.811355 0.000000 0.000000    -0.000000     1.438398 
2453674.742653 0.000000 0.000000    -0.000000     1.438398 
2453675.673951 0.000000 0.000000    -0.000000     1.438398 
2453676.605249 0.000000 0.000000    -0.000000     1.438398 
2453677.536547 0.000000 0.000000    -0.000000     1.438398 
2453678.467845 0.000000 0.000000    -0.000000     1.438398 
2453679.399143 0.000000 0.000000    -0.000000     1.438398 
2453680.330440 0.000000 0.000000    -0.000000     1.438398 
2453681.261738 0.000000 0.000000    -0.000000     1.438398 
2453682.193036 0.000000 0.000000    -0.000000     1.438398 
2453683.124334 0.000000 0.000000    -0.000000     1.438398 
2453684.055632 0.000000 0.000000    -0.000000     1.438398 
2453684.986930 0.000000 0.000000    -0.000000     1.438398 
2453685.918228 0.000000 0.000000    -0.000000     1.438398 
2453686.849525 0.000000 0.000000    -0.000000     1.438398 
2453687.780823 0.000000 0.000000    -0.000000     1.438398 
2453688.712121 0.000000 0.000000    -0.000000     1.438398 
2453689.643419 0.000000 0.000000    -0.000000     1.438398 
2453690.574717 0.000000 0.000000    -0.000000     1.438398 
2453691.506015 0.000000 0.000000    -0.000000     1.438398 
2453692.437312 0.000000 0.000000    -0.000000     1.438398 
2453693.368610 0.000000 0.000000    -0.000000     1.438398 
2453694.299908 0.000000 0.000000    -0.000000     1.438398 
2453695.231206 0.000000 0.000000    -0.000000     1.438398 
2453696.162504 0.000000 0.000000    -0.000000     1.438398 
2453697.093802 0.000000 0.000000    -0.000000     1.438398 
2453698.025100 0.000000 0.000000    -0.000000     1.438398 
2453698.956397 0.000000 0.000000    -0.000000     1.438398 
2453699.887695 0.000000 0.000000    -0.000000     1.438398 
2453700.818993 0.000000 0.000000    -0.000000     1.438398 
2453701.750291 0.000000 0.000000    -0.000000     1.438398 
2453702.681589 0.000000 0.000000    -0.000000     1.438398 
2453703.612887 0.000000 0.000000    -0.000000     1.438398 
2453704.544185 0.000000 0.000000    -0.000000     1.438398 
2453705.475482 0.000000 0.000000    -0.000000     1.438398 
2453706.406780 0.000000 0.000000    -0.000000     1.438398 
2453707.338078 0.000000 0.000000    -0.000000     1.438398 
2453708.269376 0.000000 0.000000    -0.000000     1.438398 
2453709.200674 0.000000 0.000000    -0.000000     1.438398 
2453710.131972 0.000000 0.000000    -0.000000     1.438398 
2453711.063270 0.000000 0.000000    -0.000000     1.438398 
2453711.994567 0.000000 0.000000    -0.000000     1.438398 
2453712.925865 0.000000 0.000000    -0.000000     1.438398 
2453713.857163 0.000000 0.000000    -0.000000     1.438398 
2453714.788461 0.000000 0.000000    -0.000000     1.438398 
2453715.719759 0.000000 0.000000    -0.000000     1.438398 
2453716.651057 0.000000 0.000000    -0.000000     1.438398 
2453717.582354 0.000000 0.000000    -0.000000     1.438398 
2453718.513652 0.000000 0.000000    -0.000000     1.438398 
2453719.444950 0.000000 0.000000    -0.000000     1.438398 
2453720.376248 0.000000 0.000000    -0.000000     1.438398 
2453721.307546 0.000000 0.000000    -0.000000     1.438398 
2453722.238844 0.000000 0.000000    -0.000000     1.438398 
2453723.170142 0.000000 0.000000    -0.000000     1.438398 
2453724.101439 0.000000 0.000000    -0.000000     1.438398 
2453725.032737 0.000000 0.000000    -0.000000     1.438398 
2453725.964035 0.000000 0.000000    -0.000000     1.438398 
2453726.895333 0.000000 0.000000    -0.000000     1.438398 
2453727.826631 0.000000 0.000000    -0.000000     1.438398 
2453728.757929 0.000000 0.000000    -0.000000     1.438398 
2453729.689227 0.000000 0.000000    -0.000000     1.438398 
2453730.620524 0.000000 0.000000    -0.000000     1.438398 
2453731.551822 0.000000 0.000000    -0.000000     1.438398 
2453732.483120 0.000000 0.000000    -0.000000     1.438398 
2453733.414418 0.000000 0.000000    -0.000000     1.438398 
2453734.345716 0.000000 0.000000    -0.000000     1.438398 
2453735.277014 0.000000 0.000000    -0.000000     1.438398 
2453736.208311 0.000000 0.000000    -0.000000     1.438398 
2453737.139609 0.000000 0.000000    -0.000000     1.438398 
2453738.070907 0.000000 0.000000    -0.000000     1.438398 
2453739.002205 0.000000 0.000000    -0.000000     1.438398 
2453739.933503 0.000000 0.000000    -0.000000     1.438398 
2453740.864801 0.000000 0.000000    -0.000000     1.438398 
2453741.796099 0.000000 0.000000    -0.000000     1.438398 
2453742.727396 0.000000 0.000000    -0.000000     1.438398 
2453743.658694 0.000000 0.000000    -0.000000     1.438398 
2453744.589992 0.000000 0.000000    -0.000000     1.438398 
2453745.521290 0.000000 0.000000    -0.000000     1.438398 
2453746.452588 0.000000 0.000000    -0.000000     1.438398 
2453747.383886 0.000000 0.000000    -0.000000     1.438398 
2453748.315184 0.000000 0.000000    -0.000000     1.438398 
2453749.246481 0.000000 0.000000    -0.000000     1.438398 
2453750.177779 0.000000 0.000000    -0.000000     1.438398 
2453751.109077 0.000000 0.000000    -0.000000     1.438398 
2453752.040375 0.000000 0.000000    -0.000000     1.438398 
2453752.971673 0.000000 0.000000    -0.000000     1.438398 
2453753.902971 0.000000 0.000000    -0.000000     1.438398 
2453754.834268 0.000000 0.000000    -0.000000     1.438398 
2453755.765566 0.000000 0.000000    -0.000000     1.438398 
2453756.696864 0.000000 0.000000    -0.000000     1.438398 
2453757.628162 0.000000 0.000000    -0.000000     1.438398 
2453758.559460 0.000000 0.000000    -0.000000     1.438398 
2453759.490758 0.000000 0.000000    -0.000000     1.438398 
2453760.422056 0.000000 0.000000    -0.000000     1.438398 
2453761.353353 0.000000 0.000000    -0.000000     1.438398 
2453762.284651 0.000000 0.000000    -0.000000     1.438398 
2453763.215949 0.000000 0.000000    -0.000000     1.438398 
2453764.147247 0.000000 0.000000    -0.000000     1.438398 
2453765.078545 0.000000 0.000000    -0.000000     1.438398 
2453766.009843 0.000000 0.000000    -0.000000     1.438398 
2453766.941141 0.000000 0.000000    -0.000000     1.438398 
2453767.872438 0.000000 0.000000    -0.000000     1.438398 
2453768.803736 0.000000 0.000000    -0.000000     1.438398 
2453769.735034 0.000000 0.000000    -0.000000     1.438398 
2453770.666332 0.000000 0.000000    -0.000000     1.438398 
2453771.597630 0.000000 0.000000    -0.000000     1.438398 
2453772.528928 0.000000 0.000000    -0.000000     1.438398 
2453773.460226 0.000000 0.000000    -0.000000     1.438398 
2453774.391523 0.000000 0.000000    -0.000000     1.438398 
2453775.322821 0.000000 0.000000    -0.000000     1.438398 
2453776.254119 0.000000 0.000000    -0.000000     1.438398 
2453777.185417 0.000000 0.000000    -0.000000     1.438398 
2453778.116715 0.000000 0.000000    -0.000000     1.438398 
2453779.048013 0.000000 0.000000    -0.000000     1.438398 
2453779.979310 0.000000 0.000000     0.000000     1.438398 
2453780.910608 0.000000 0.000000     0.000000     1.438398 
2453781.841906 0.000000 0.000000     0.000000     1.438398 
2453782.773204 0.000000 0.000000     0.000000     1.438398 
2453783.704502 0.000000 0.000000    -0.000000     1.438398 
2453784.635800 0.000000 0.000000    -0.000000     1.438398 
2453785.567098 0.000000 0.000000     0.000000     1.438398 
2453786.498395 0.000000 0.000000     0.000000     1.438398 
2453787.429693 0.000000 0.000000     0.000000     1.438398 
2453788.360991 0.000000 0.000000     0.000000     1.438398 
2453789.292289 0.000000 0.000000     0.000000     1.438398 
2453790.223587 0.000000 0.000000    -0.000000     1.438398 
2453791.154885 0.000000 0.000000    -0.000000     1.438398 
2453792.086183 0.000000 0.000000    -0.000000     1.438398 
2453793.017480 0.000000 0.000000     0.000000     1.438398 
2453793.948778 0.000000 0.000000     0.000000     1.438398 
2453794.880076 0.000000 0.000000     0.000000     1.438398 
2453795.811374 0.000000 0.000000     0.000000     1.438398 
2453796.742672 0.000000 0.000000     0.000000     1.438398 
2453797.673970 0.000000 0.000000     0.000000     1.438398 
2453798.605267 0.000000 0.000000     0.000000     1.438398 
2453799.536565 0.000000 0.000000    -0.000000     1.438398 
2453800.467863 0.000000 0.000000    -0.000000     1.438398 
2453801.399161 0.000000 0.000000    -0.000000     1.438398 
2453802.330459 0.000000 0.000000    -0.000000     1.438398 
2453803.261757 0.000000 0.000000    -0.000000     1.438398 
2453804.193055 0.000000 0.000000    -0.000000     1.438398 
2453805.124352 0.000000 0.000000    -0.000000     1.438398 
2453806.055650 0.000000 0.000000    -0.000000     1.438398 
2453806.986948 0.000000 0.000000    -0.000000     1.438398 
2453807.918246 0.000000 0.000000    -0.000000     1.438398 
2453808.849544 0.000000 0.000000    -0.000000     1.438398 
2453809.780842 0.000000 0.000000    -0.000000     1.438398 
2453810.712140 0.000000 0.000000    -0.000000     1.438398 
2453811.643437 0.000000 0.000000    -0.000000     1.438398 
2453812.574735 0.000000 0.000000    -0.000000     1.438398 
2453813.506033 0.000000 0.000000    -0.000000     1.438398 
2453814.437331 0.000000 0.000000    -0.000000     1.438398 
2453815.368629 0.000000 0.000000    -0.000000     1.438398 
2453816.299927 0.000000 0.000000     0.000000     1.438398 
2453817.231224 0.000000 0.000000     0.000000     1.438398 
2453818.162522 0.000000 0.000000     0.000000     1.438398 
2453819.093820 0.000000 0.000000     0.000000     1.438398 
2453820.025118 0.000000 0.000000     0.000000     1.438398 
2453820.956416 0.000000 0.000000     0.000000     1.438398 
2453821.887714 0.000000 0.000000     0.000000     1.438398 
2453822.819012 0.000000 0.000000     0.000000     1.438398 
2453823.750309 0.000000 0.000000     0.000000     1.438398 
2453824.681607 0.000000 0.000000     0.000000     1.438398 
2453825.612905 0.000000 0.000000    -0.000000     1.438398 
2453826.544203 0.000000 0.000000    -0.000000     1.438398 
2453827.475501 0.000000 0.000000    -0.000000     1.438398 
2453828.406799 0.000000 0.000000    -0.000000     1.438398 
2453829.338097 0.000000 0.000000    -0.000000     1.438398 
2453830.269394 0.000000 0.000000    -0.000000     1.438398 
2453831.200692 0.000000 0.000000    -0.000000     1.438398 
2453832.131990 0.000000 0.000000    -0.000000     1.438398 
2453833.063288 0.000000 0.000000    -0.000000     1.438398 
2453833.994586 0.000000 0.000000    -0.000000     1.438398 
2453834.925884 0.000000 0.000000    -0.000000     1.438398 
2453835.857182 0.000000 0.000000    -0.000000     1.438398 
2453836.788479 0.000000 0.000000    -0.000000     1.438398 
2453837.719777 0.000000 0.000000    -0.000000     1.438398 
2453838.651075 0.000000 0.000000    -0.000000     1.438398 
2453839.582373 0.000000 0.000000    -0.000000     1.438398 
2453840.513671 0.000000 0.000000    -0.000000     1.438398 
2453841.444969 0.000000 0.000000     0.000000     1.438398 
2453842.376266 0.000000 0.000000     0.000000     1.438398 
2453843.307564 0.000000 0.000000     0.000000     1.438398 
2453844.238862 0.000000 0.000000     0.000000     1.438398 
2453845.170160 0.000000 0.000000     0.000000     1.438398 
2453846.101458 0.000000 0.000000     0.000000     1.438398 
2453847.032756 0.000000 0.000000     0.000000     1.438398 
2453847.964054 0.000000 0.000000     0.000000     1.438398 
2453848.895351 0.000000 0.000000     0.000000     1.438398 
2453849.826649 0.000000 0.000000     0.000000     1.438398 
2453850.757947 0.000000 0.000000    -0.000000     1.438398 
2453851.689245 0.000000 0.000000    -0.000000     1.438398 
2453852.620543 0.000000 0.000000    -0.000000     1.438398 
2453853.551841 0.000000 0.000000    -0.000000     1.438398 
2453854.483139 0.000000 0.000000    -0.000000     1.438398 
2453855.414436 0.000000 0.000000    -0.000000     1.438398 
2453856.345734 0.000000 0.000000    -0.000000     1.438398 
2453857.277032 0.000000 0.000000    -0.000000     1.438398 
2453858.208330 0.000000 0.000000    -0.000000     1.438398 
2453859.139628 0.000000 0.000000    -0.000000     1.438398 
2453860.070926 0.000000 0.000000    -0.000000     1.438398 
2453861.002223 0.000000 0.000000    -0.000000     1.438398 
2453861.933521 0.000000 0.000000    -0.000000     1.438398 
2453862.864819 0.000000 0.000000    -0.000000     1.438398 
2453863.796117 0.000000 0.000000    -0.000000     1.438398 
2453864.727415 0.000000 0.000000    -0.000000     1.438398 
2453865.658713 0.000000 0.000000    -0.000000     1.438398 
2453866.590011 0.000000 0.000000    -0.000000     1.438398 
2453867.521308 0.000000 0.000000     0.000000     1.438398 
2453868.452606 0.000000 0.000000     0.000000     1.438398 
2453869.383904 0.000000 0.000000     0.000000     1.438398 
2453870.315202 0.000000 0.000000     0.000000     1.438398 
2453871.246500 0.000000 0.000000     0.000000     1.438398 
2453872.177798 0.000000 0.000000     0.000000     1.438398 
2453873.109096 0.000000 0.000000     0.000000     1.438398 
2453874.040393 0.000000 0.000000     0.000000     1.438398 
2453874.971691 0.000000 0.000000    -0.000000     1.438398 
2453875.902989 0.000000 0.000000    -0.000000     1.438398 
2453876.834287 0.000000 0.000000    -0.000000     1.438398 
2453877.765585 0.000000 0.000000    -0.000000     1.438398 
2453878.696883 0.000000 0.000000    -0.000000     1.438398 
2453879.628181 0.000000 0.000000    -0.000000     1.438398 
2453880.559478 0.000000 0.000000    -0.000000     1.438398 
2453881.490776 0.000000 0.000000    -0.000000     1.438398 
2453882.422074 0.000000 0.000000    -0.000000     1.438398 
2453883.353372 0.000000 0.000000    -0.000000     1.438398 
2453884.284670 0.000000 0.000000    -0.000000     1.438398 
2453885.215968 0.000000 0.000000    -0.000000     1.438398 
2453886.147265 0.000000 0.000000    -0.000000     1.438398 
2453887.078563 0.000000 0.000000    -0.000000     1.438398 
2453888.009861 0.000000 0.000000    -0.000000     1.438398 
2453888.941159 0.000000 0.000000    -0.000000     1.438398 
2453889.872457 0.000000 0.000000    -0.000000     1.438398 
2453890.803755 0.000000 0.000000    -0.000000     1.438398 
2453891.735053 0.000000 0.000000    -0.000000     1.438398 
2453892.666350 0.000000 0.000000    -0.000000     1.438398 
2453893.597648 0.000000 0.000000     0.000000     1.438398 
2453894.528946 0.000000 0.000000     0.000000     1.438398 
2453895.460244 0.000000 0.000000     0.000000     1.438398 
2453896.391542 0.000000 0.000000     0.000000     1.438398 
2453897.322840 0.000000 0.000000     0.000000     1.438398 
2453898.254138 0.000000 0.000000     0.000000     1.438398 
2453899.185435 0.000000 0.000000    -0.000000     1.438398 
2453900.116733 0.000000 0.000000    -0.000000     1.438398 
2453901.048031 0.000000 0.000000    -0.000000     1.438398 
2453901.979329 0.000000 0.000000    -0.000000     1.438398 
2453902.910627 0.000000 0.000000    -0.000000     1.438398 
2453903.841925 0.000000 0.000000    -0.000000     1.438398 
2453904.773222 0.000000 0.000000    -0.000000     1.438398 
2453905.704520 0.000000 0.000000    -0.000000     1.438398 
2453906.635818 0.000000 0.000000    -0.000000     1.438398 
2453907.567116 0.000000 0.000000    -0.000000     1.438398 
2453908.498414 0.000000 0.000000    -0.000000     1.438398 
2453909.429712 0.000000 0.000000    -0.000000     1.438398 
2453910.361010 0.000000 0.000000    -0.000000     1.438398 
2453911.292307 0.000000 0.000000    -0.000000     1.438398 
2453912.223605 0.000000 0.000000    -0.000000     1.438398 
2453913.154903 0.000000 0.000000    -0.000000     1.438398 
2453914.086201 0.000000 0.000000    -0.000000     1.438398 
2453915.017499 0.000000 0.000000    -0.000000     1.438398 
2453915.948797 0.000000 0.000000    -0.000000     1.438398 
2453916.880095 0.000000 0.000000    -0.000000     1.438398 
2453917.811392 0.000000 0.000000    -0.000000     1.438398 
2453918.742690 0.000000 0.000000    -0.000000     1.438398 
2453919.673988 0.000000 0.000000    -0.000000     1.438398 
2453920.605286 0.000000 0.000000    -0.000000     1.438398 
2453921.536584 0.000000 0.000000    -0.000000     1.438398 
2453922.467882 0.000000 0.000000    -0.000000     1.438398 
2453923.399179 0.000000 0.000000    -0.000000     1.438398 
2453924.330477 0.000000 0.000000    -0.000000     1.438398 
2453925.261775 0.000000 0.000000    -0.000000     1.438398 
2453926.193073 0.000000 0.000000    -0.000000     1.438398 
2453927.124371 0.000000 0.000000    -0.000000     1.438398 
2453928.055669 0.000000 0.000000    -0.000000     1.438398 
2453928.986967 0.000000 0.000000    -0.000000     1.438398 
2453929.918264 0.000000 0.000000    -0.000000     1.438398 
2453930.849562 0.000000 0.000000    -0.000000     1.438398 
2453931.780860 0.000000 0.000000    -0.000000     1.438398 
2453932.712158 0.000000 0.000000    -0.000000     1.438398 
2453933.643456 0.000000 0.000000    -0.000000     1.438398 
2453934.574754 0.000000 0.000000    -0.000000     1.438398 
2453935.506052 0.000000 0.000000    -0.000000     1.438398 
2453936.437349 0.000000 0.000000    -0.000000     1.438398 
2453937.368647 0.000000 0.000000    -0.000000     1.438398 
2453938.299945 0.000000 0.000000    -0.000000     1.438398 
2453939.231243 0.000000 0.000000    -0.000000     1.438398 
2453940.162541 0.000000 0.000000    -0.000000     1.438398 
2453941.093839 0.000000 0.000000    -0.000000     1.438398 
2453942.025137 0.000000 0.000000    -0.000000     1.438398 
2453942.956434 0.000000 0.000000    -0.000000     1.438398 
2453943.887732 0.000000 0.000000    -0.000000     1.438398 
2453944.819030 0.000000 0.000000    -0.000000     1.438398 
2453945.750328 0.000000 0.000000    -0.000000     1.438398 
2453946.681626 0.000000 0.000000    -0.000000     1.438398 
2453947.612924 0.000000 0.000000    -0.000000     1.438398 
2453948.544221 0.000000 0.000000    -0.000000     1.438398 
2453949.475519 0.000000 0.000000    -0.000000     1.438398 
2453950.406817 0.000000 0.000000    -0.000000     1.438398 
2453951.338115 0.000000 0.000000    -0.000000     1.438398 
2453952.269413 0.000000 0.000000    -0.000000     1.438398 
2453953.200711 0.000000 0.000000    -0.000000     1.438398 
2453954.132009 0.000000 0.000000    -0.000000     1.438398 
2453955.063306 0.000000 0.000000    -0.000000     1.438398 
2453955.994604 0.000000 0.000000    -0.000000     1.438398 
2453956.925902 0.000000 0.000000    -0.000000     1.438398 
2453957.857200 0.000000 0.000000    -0.000000     1.438398 
2453958.788498 0.000000 0.000000    -0.000000     1.438398 
2453959.719796 0.000000 0.000000    -0.000000     1.438398 
2453960.651094 0.000000 0.000000    -0.000000     1.438398 
2453961.582391 0.000000 0.000000    -0.000000     1.438398 
2453962.513689 0.000000 0.000000    -0.000000     1.438398 
2453963.444987 0.000000 0.000000    -0.000000     1.438398 
2453964.376285 0.000000 0.000000    -0.000000     1.438398 
2453965.307583 0.000000 0.000000    -0.000000     1.438398 
2453966.238881 0.000000 0.000000    -0.000000     1.438398 
2453967.170178 0.000000 0.000000    -0.000000     1.438398 
2453968.101476 0.000000 0.000000    -0.000000     1.438398 
2453969.032774 0.000000 0.000000    -0.000000     1.438398 
2453969.964072 0.000000 0.000000    -0.000000     1.438398 
2453970.895370 0.000000 0.000000    -0.000000     1.438398 
2453971.826668 0.000000 0.000000    -0.000000     1.438398 
2453972.757966 0.000000 0.000000    -0.000000     1.438398 
2453973.689263 0.000000 0.000000    -0.000000     1.438398 
2453974.620561 0.000000 0.000000    -0.000000     1.438398 
2453975.551859 0.000000 0.000000    -0.000000     1.438398 
2453976.483157 0.000000 0.000000    -0.000000     1.438398 
2453977.414455 0.000000 0.000000    -0.000000     1.438398 
2453978.345753 0.000000 0.000000    -0.000000     1.438398 
2453979.277051 0.000000 0.000000    -0.000000     1.438398 
2453980.208348 0.000000 0.000000    -0.000000     1.438398 
2453981.139646 0.000000 0.000000    -0.000000     1.438398 
2453982.070944 0.000000 0.000000    -0.000000     1.438398 
2453983.002242 0.000000 0.000000     0.000000     1.438398 
2453983.933540 0.000000 0.000000     0.000000     1.438398 
2453984.864838 0.000000 0.000000    -0.000000     1.438398 
2453985.796135 0.000000 0.000000    -0.000000     1.438398 
2453986.727433 0.000000 0.000000    -0.000000     1.438398 
2453987.658731 0.000000 0.000000    -0.000000     1.438398 
2453988.590029 0.000000 0.000000     0.000000     1.438398 
2453989.521327 0.000000 0.000000    -0.000000     1.438398 
2453990.452625 0.000000 0.000000    -0.000000     1.438398 
2453991.383923 0.000000 0.000000    -0.000000     1.438398 
2453992.315220 0.000000 0.000000    -0.000000     1.438398 
2453993.246518 0.000000 0.000000    -0.000000     1.438398 
2453994.177816 0.000000 0.000000    -0.000000     1.438398 
2453995.109114 0.000000 0.000000    -0.000000     1.438398 
2453996.040412 0.000000 0.000000    -0.000000     1.438398 
2453996.971710 0.000000 0.000000    -0.000000     1.438398 
2453997.903008 0.000000 0.000000    -0.000000     1.438398 
2453998.834305 0.000000 0.000000    -0.000000     1.438398 
2453999.765603 0.000000 0.000000    -0.000000     1.438398 
2454000.696901 0.000000 0.000000    -0.000000     1.438398 
2454001.628199 0.000000 0.000000    -0.000000     1.438398 
2454002.559497 0.000000 0.000000    -0.000000     1.438398 
2454003.490795 0.000000 0.000000    -0.000000     1.438398 
2454004.422093 0.000000 0.000000    -0.000000     1.438398 
2454005.353390 0.000000 0.000000    -0.000000     1.438398 
2454006.284688 0.000000 0.000000    -0.000000     1.438398 
2454007.215986 0.000000 0.000000     0.000000     1.438398 
2454008.147284 0.000000 0.000000     0.000000     1.438398 
2454009.078582 0.000000 0.000000    -0.000000     1.438398 
2454010.009880 0.000000 0.000000    -0.000000     1.438398 
2454010.941177 0.000000 0.000000    -0.000000     1.438398 
2454011.872475 0.000000 0.000000    -0.000000     1.438398 
2454012.803773 0.000000 0.000000     0.000000     1.438398 
2454013.735071 0.000000 0.000000     0.000000     1.438398 
2454014.666369 0.000000 0.000000     0.000000     1.438398 
2454015.597667 0.000000 0.000000     0.000000     1.438398 
2454016.528965 0.000000 0.000000    -0.000000     1.438398 
2454017.460262 0.000000 0.000000    -0.000000     1.438398 
2454018.391560 0.000000 0.000000     0.000000     1.438398 
2454019.322858 0.000000 0.000000     0.000000     1.438398 
2454020.254156 0.000000 0.000000     0.000000     1.438398 
2454021.185454 0.000000 0.000000     0.000000     1.438398 
2454022.116752 0.000000 0.000000     0.000000     1.438398 
2454023.048050 0.000000 0.000000     0.000000     1.438398 
2454023.979347 0.000000 0.000000     0.000000     1.438398 
2454024.910645 0.000000 0.000000     0.000000     1.438398 
2454025.841943 0.000000 0.000000     0.000000     1.438398 
2454026.773241 0.000000 0.000000     0.000000     1.438398 
2454027.704539 0.000000 0.000000    -0.000000     1.438398 
2454028.635837 0.000000 0.000000    -0.000000     1.438398 
2454029.567134 0.000000 0.000000    -0.000000     1.438398 
2454030.498432 0.000000 0.000000    -0.000000     1.438398 
2454031.429730 0.000000 0.000000    -0.000000     1.438398 
2454032.361028 0.000000 0.000000    -0.000000     1.438398 
2454033.292326 0.000000 0.000000    -0.000000     1.438398 
2454034.223624 0.000000 0.000000    -0.000000     1.438398 
2454035.154922 0.000000 0.000000    -0.000000     1.438398 
2454036.086219 0.000000 0.000000    -0.000000     1.438398 
2454037.017517 0.000000 0.000000    -0.000000     1.438398 
2454037.948815 0.000000 0.000000    -0.000000     1.438398 
2454038.880113 0.000000 0.000000    -0.000000     1.438398 
2454039.811411 0.000000 0.000000    -0.000000     1.438398 
2454040.742709 0.000000 0.000000    -0.000000     1.438398 
2454041.674007 0.000000 0.000000    -0.000000     1.438398 
2454042.605304 0.000000 0.000000    -0.000000     1.438398 
2454043.536602 0.000000 0.000000     0.000000     1.438398 
2454044.467900 0.000000 0.000000     0.000000     1.438398 
2454045.399198 0.000000 0.000000     0.000000     1.438398 
2454046.330496 0.000000 0.000000     0.000000     1.438398 
2454047.261794 0.000000 0.000000     0.000000     1.438398 
2454048.193091 0.000000 0.000000     0.000000     1.438398 
2454049.124389 0.000000 0.000000     0.000000     1.438398 
2454050.055687 0.000000 0.000000     0.000000     1.438398 
2454050.986985 0.000000 0.000000     0.000000     1.438398 
2454051.918283 0.000000 0.000000    -0.000000     1.438398 
2454052.849581 0.000000 0.000000    -0.000000     1.438398 
2454053.780879 0.000000 0.000000    -0.000000     1.438398 
2454054.712176 0.000000 0.000000    -0.000000     1.438398 
2454055.643474 0.000000 0.000000    -0.000000     1.438398 
2454056.574772 0.000000 0.000000    -0.000000     1.438398 
2454057.506070 0.000000 0.000000    -0.000000     1.438398 
2454058.437368 0.000000 0.000000    -0.000000     1.438398 
2454059.368666 0.000000 0.000000    -0.000000     1.438398 
2454060.299964 0.000000 0.000000    -0.000000     1.438398 
2454061.231261 0.000000 0.000000    -0.000000     1.438398 
2454062.162559 0.000000 0.000000    -0.000000     1.438398 
2454063.093857 0.000000 0.000000    -0.000000     1.438398 
2454064.025155 0.000000 0.000000    -0.000000     1.438398 
2454064.956453 0.000000 0.000000    -0.000000     1.438398 
2454065.887751 0.000000 0.000000    -0.000000     1.438398 
2454066.819049 0.000000 0.000000    -0.000000     1.438398 
2454067.750346 0.000000 0.000000    -0.000000     1.438398 
2454068.681644 0.000000 0.000000     0.000000     1.438398 
2454069.612942 0.000000 0.000000     0.000000     1.438398 
2454070.544240 0.000000 0.000000     0.000000     1.438398 
2454071.475538 0.000000 0.000000     0.000000     1.438398 
2454072.406836 0.000000 0.000000     0.000000     1.438398 
2454073.338133 0.000000 0.000000     0.000000     1.438398 
2454074.269431 0.000000 0.000000     0.000000     1.438398 
2454075.200729 0.000000 0.000000     0.000000     1.438398 
2454076.132027 0.000000 0.000000     0.000000     1.438398 
2454077.063325 0.000000 0.000000    -0.000000     1.438398 
2454077.994623 0.000000 0.000000    -0.000000     1.438398 
2454078.925921 0.000000 0.000000    -0.000000     1.438398 
2454079.857218 0.000000 0.000000    -0.000000     1.438398 
2454080.788516 0.000000 0.000000    -0.000000     1.438398 
2454081.719814 0.000000 0.000000    -0.000000     1.438398 
2454082.651112 0.000000 0.000000    -0.000000     1.438398 
2454083.582410 0.000000 0.000000    -0.000000     1.438398 
2454084.513708 0.000000 0.000000    -0.000000     1.438398 
2454085.445006 0.000000 0.000000    -0.000000     1.438398 
2454086.376303 0.000000 0.000000    -0.000000     1.438398 
2454087.307601 0.000000 0.000000    -0.000000     1.438398 
2454088.238899 0.000000 0.000000    -0.000000     1.438398 
2454089.170197 0.000000 0.000000    -0.000000     1.438398 
2454090.101495 0.000000 0.000000    -0.000000     1.438398 
2454091.032793 0.000000 0.000000    -0.000000     1.438398 
2454091.964090 0.000000 0.000000    -0.000000     1.438398 
2454092.895388 0.000000 0.000000    -0.000000     1.438398 
2454093.826686 0.000000 0.000000    -0.000000     1.438398 
2454094.757984 0.000000 0.000000     0.000000     1.438398 
2454095.689282 0.000000 0.000000     0.000000     1.438398 
2454096.620580 0.000000 0.000000     0.000000     1.438398 
2454097.551878 0.000000 0.000000     0.000000     1.438398 
2454098.483175 0.000000 0.000000     0.000000     1.438398 
2454099.414473 0.000000 0.000000     0.000000     1.438398 
2454100.345771 0.000000 0.000000     0.000000     1.438398 
2454101.277069 0.000000 0.000000    -0.000000     1.438398 
2454102.208367 0.000000 0.000000    -0.000000     1.438398 
2454103.139665 0.000000 0.000000    -0.000000     1.438398 
2454104.070963 0.000000 0.000000    -0.000000     1.438398 
2454105.002260 0.000000 0.000000    -0.000000     1.438398 
2454105.933558 0.000000 0.000000    -0.000000     1.438398 
2454106.864856 0.000000 0.000000    -0.000000     1.438398 
2454107.796154 0.000000 0.000000    -0.000000     1.438398 
2454108.727452 0.000000 0.000000    -0.000000     1.438398 
2454109.658750 0.000000 0.000000    -0.000000     1.438398 
2454110.590048 0.000000 0.000000    -0.000000     1.438398 
2454111.521345 0.000000 0.000000    -0.000000     1.438398 
2454112.452643 0.000000 0.000000    -0.000000     1.438398 
2454113.383941 0.000000 0.000000    -0.000000     1.438398 
2454114.315239 0.000000 0.000000    -0.000000     1.438398 
2454115.246537 0.000000 0.000000    -0.000000     1.438398 
2454116.177835 0.000000 0.000000    -0.000000     1.438398 
2454117.109132 0.000000 0.000000    -0.000000     1.438398 
2454118.040430 0.000000 0.000000    -0.000000     1.438398 
2454118.971728 0.000000 0.000000    -0.000000     1.438398 
2454119.903026 0.000000 0.000000    -0.000000     1.438398 
2454120.834324 0.000000 0.000000     0.000000     1.438398 
2454121.765622 0.000000 0.000000     0.000000     1.438398 
2454122.696920 0.000000 0.000000     0.000000     1.438398 
2454123.628217 0.000000 0.000000     0.000000     1.438398 
2454124.559515 0.000000 0.000000     0.000000     1.438398 
2454125.490813 0.000000 0.000000    -0.000000     1.438398 
2454126.422111 0.000000 0.000000    -0.000000     1.438398 
2454127.353409 0.000000 0.000000    -0.000000     1.438398 
2454128.284707 0.000000 0.000000    -0.000000     1.438398 
2454129.216005 0.000000 0.000000    -0.000000     1.438398 
2454130.147302 0.000000 0.000000    -0.000000     1.438398 
2454131.078600 0.000000 0.000000    -0.000000     1.438398 
2454132.009898 0.000000 0.000000    -0.000000     1.438398 
2454132.941196 0.000000 0.000000    -0.000000     1.438398 
2454133.872494 0.000000 0.000000    -0.000000     1.438398 
2454134.803792 0.000000 0.000000    -0.000000     1.438398 
2454135.735089 0.000000 0.000000    -0.000000     1.438398 
2454136.666387 0.000000 0.000000    -0.000000     1.438398 
2454137.597685 0.000000 0.000000    -0.000000     1.438398 
2454138.528983 0.000000 0.000000    -0.000000     1.438398 
2454139.460281 0.000000 0.000000    -0.000000     1.438398 
2454140.391579 0.000000 0.000000    -0.000000     1.438398 
2454141.322877 0.000000 0.000000    -0.000000     1.438398 
2454142.254174 0.000000 0.000000    -0.000000     1.438398 
2454143.185472 0.000000 0.000000    -0.000000     1.438398 
2454144.116770 0.000000 0.000000    -0.000000     1.438398 
2454145.048068 0.000000 0.000000    -0.000000     1.438398 
2454145.979366 0.000000 0.000000    -0.000000     1.438398 
2454146.910664 0.000000 0.000000    -0.000000     1.438398 
2454147.841962 0.000000 0.000000    -0.000000     1.438398 
2454148.773259 0.000000 0.000000    -0.000000     1.438398 
2454149.704557 0.000000 0.000000    -0.000000     1.438398 
2454150.635855 0.000000 0.000000    -0.000000     1.438398 
2454151.567153 0.000000 0.000000    -0.000000     1.438398 
2454152.498451 0.000000 0.000000    -0.000000     1.438398 
2454153.429749 0.000000 0.000000    -0.000000     1.438398 
2454154.361046 0.000000 0.000000    -0.000000     1.438398 
2454155.292344 0.000000 0.000000    -0.000000     1.438398 
2454156.223642 0.000000 0.000000    -0.000000     1.438398 
2454157.154940 0.000000 0.000000    -0.000000     1.438398 
2454158.086238 0.000000 0.000000    -0.000000     1.438398 
2454159.017536 0.000000 0.000000    -0.000000     1.438398 
2454159.948834 0.000000 0.000000    -0.000000     1.438398 
2454160.880131 0.000000 0.000000    -0.000000     1.438398 
2454161.811429 0.000000 0.000000    -0.000000     1.438398 
2454162.742727 0.000000 0.000000    -0.000000     1.438398 
2454163.674025 0.000000 0.000000    -0.000000     1.438398 
2454164.605323 0.000000 0.000000    -0.000000     1.438398 
2454165.536621 0.000000 0.000000    -0.000000     1.438398 
2454166.467919 0.000000 0.000000    -0.000000     1.438398 
2454167.399216 0.000000 0.000000    -0.000000     1.438398 
2454168.330514 0.000000 0.000000    -0.000000     1.438398 
2454169.261812 0.000000 0.000000    -0.000000     1.438398 
2454170.193110 0.000000 0.000000    -0.000000     1.438398 
2454171.124408 0.000000 0.000000    -0.000000     1.438398 
2454172.055706 0.000000 0.000000    -0.000000     1.438398 
2454172.987004 0.000000 0.000000    -0.000000     1.438398 
2454173.918301 0.000000 0.000000    -0.000000     1.438398 
2454174.849599 0.000000 0.000000    -0.000000     1.438398 
2454175.780897 0.000000 0.000000    -0.000000     1.438398 
2454176.712195 0.000000 0.000000    -0.000000     1.438398 
2454177.643493 0.000000 0.000000    -0.000000     1.438398 
2454178.574791 0.000000 0.000000    -0.000000     1.438398 
2454179.506088 0.000000 0.000000    -0.000000     1.438398 
2454180.437386 0.000000 0.000000    -0.000000     1.438398 
2454181.368684 0.000000 0.000000    -0.000000     1.438398 
2454182.299982 0.000000 0.000000    -0.000000     1.438398 
2454183.231280 0.000000 0.000000    -0.000000     1.438398 
2454184.162578 0.000000 0.000000    -0.000000     1.438398 
2454185.093876 0.000000 0.000000    -0.000000     1.438398 
2454186.025173 0.000000 0.000000    -0.000000     1.438398 
2454186.956471 0.000000 0.000000    -0.000000     1.438398 
2454187.887769 0.000000 0.000000    -0.000000     1.438398 
2454188.819067 0.000000 0.000000    -0.000000     1.438398 
2454189.750365 0.000000 0.000000    -0.000000     1.438398 
2454190.681663 0.000000 0.000000    -0.000000     1.438398 
2454191.612961 0.000000 0.000000    -0.000000     1.438398 
2454192.544258 0.000000 0.000000    -0.000000     1.438398 
2454193.475556 0.000000 0.000000    -0.000000     1.438398 
2454194.406854 0.000000 0.000000    -0.000000     1.438398 
2454195.338152 0.000000 0.000000    -0.000000     1.438398 
2454196.269450 0.000000 0.000000    -0.000000     1.438398 
2454197.200748 0.000000 0.000000    -0.000000     1.438398 
2454198.132045 0.000000 0.000000    -0.000000     1.438398 
2454199.063343 0.000000 0.000000    -0.000000     1.438398 
2454199.994641 0.000000 0.000000    -0.000000     1.438398 
2454200.925939 0.000000 0.000000    -0.000000     1.438398 
2454201.857237 0.000000 0.000000    -0.000000     1.438398 
2454202.788535 0.000000 0.000000    -0.000000     1.438398 
2454203.719833 0.000000 0.000000    -0.000000     1.438398 
2454204.651130 0.000000 0.000000    -0.000000     1.438398 
2454205.582428 0.000000 0.000000    -0.000000     1.438398 
2454206.513726 0.000000 0.000000    -0.000000     1.438398 
2454207.445024 0.000000 0.000000    -0.000000     1.438398 
2454208.376322 0.000000 0.000000     0.000000     1.438398 
2454209.307620 0.000000 0.000000     0.000000     1.438398 
2454210.238918 0.000000 0.000000     0.000000     1.438398 
2454211.170215 0.000000 0.000000     0.000000     1.438398 
2454212.101513 0.000000 0.000000    -0.000000     1.438398 
2454213.032811 0.000000 0.000000    -0.000000     1.438398 
2454213.964109 0.000000 0.000000     0.000000     1.438398 
2454214.895407 0.000000 0.000000     0.000000     1.438398 
2454215.826705 0.000000 0.000000     0.000000     1.438398 
2454216.758002 0.000000 0.000000     0.000000     1.438398 
2454217.689300 0.000000 0.000000    -0.000000     1.438398 
2454218.620598 0.000000 0.000000    -0.000000     1.438398 
2454219.551896 0.000000 0.000000    -0.000000     1.438398 
2454220.483194 0.000000 0.000000    -0.000000     1.438398 
2454221.414492 0.000000 0.000000    -0.000000     1.438398 
2454222.345790 0.000000 0.000000    -0.000000     1.438398 
2454223.277087 0.000000 0.000000    -0.000000     1.438398 
2454224.208385 0.000000 0.000000    -0.000000     1.438398 
2454225.139683 0.000000 0.000000    -0.000000     1.438398 
2454226.070981 0.000000 0.000000    -0.000000     1.438398 
2454227.002279 0.000000 0.000000    -0.000000     1.438398 
2454227.933577 0.000000 0.000000    -0.000000     1.438398 
2454228.864875 0.000000 0.000000    -0.000000     1.438398 
2454229.796172 0.000000 0.000000    -0.000000     1.438398 
2454230.727470 0.000000 0.000000    -0.000000     1.438398 
2454231.658768 0.000000 0.000000    -0.000000     1.438398 
2454232.590066 0.000000 0.000000    -0.000000     1.438398 
2454233.521364 0.000000 0.000000    -0.000000     1.438398 
2454234.452662 0.000000 0.000000    -0.000000     1.438398 
2454235.383960 0.000000 0.000000    -0.000000     1.438398 
2454236.315257 0.000000 0.000000    -0.000000     1.438398 
2454237.246555 0.000000 0.000000    -0.000000     1.438398 
2454238.177853 0.000000 0.000000    -0.000000     1.438398 
2454239.109151 0.000000 0.000000    -0.000000     1.438398 
2454240.040449 0.000000 0.000000     0.000000     1.438398 
2454240.971747 0.000000 0.000000     0.000000     1.438398 
2454241.903044 0.000000 0.000000     0.000000     1.438398 
2454242.834342 0.000000 0.000000     0.000000     1.438398 
2454243.765640 0.000000 0.000000    -0.000000     1.438398 
2454244.696938 0.000000 0.000000     0.000000     1.438398 
2454245.628236 0.000000 0.000000     0.000000     1.438398 
2454246.559534 0.000000 0.000000     0.000000     1.438398 
2454247.490832 0.000000 0.000000     0.000000     1.438398 
2454248.422129 0.000000 0.000000     0.000000     1.438398 
2454249.353427 0.000000 0.000000     0.000000     1.438398 
2454250.284725 0.000000 0.000000     0.000000     1.438398 
2454251.216023 0.000000 0.000000     0.000000     1.438398 
2454252.147321 0.000000 0.000000     0.000000     1.438398 
2454253.078619 0.000000 0.000000     0.000000     1.438398 
2454254.009917 0.000000 0.000000    -0.000000     1.438398 
2454254.941214 0.000000 0.000000    -0.000000     1.438398 
2454255.872512 0.000000 0.000000    -0.000000     1.438398 
2454256.803810 0.000000 0.000000    -0.000000     1.438398 
2454257.735108 0.000000 0.000000    -0.000000     1.438398 
2454258.666406 0.000000 0.000000    -0.000000     1.438398 
2454259.597704 0.000000 0.000000    -0.000000     1.438398 
2454260.529001 0.000000 0.000000    -0.000000     1.438398 
2454261.460299 0.000000 0.000000    -0.000000     1.438398 
2454262.391597 0.000000 0.000000    -0.000000     1.438398 
2454263.322895 0.000000 0.000000    -0.000000     1.438398 
2454264.254193 0.000000 0.000000    -0.000000     1.438398 
2454265.185491 0.000000 0.000000    -0.000000     1.438398 
2454266.116789 0.000000 0.000000    -0.000000     1.438398 
2454267.048086 0.000000 0.000000    -0.000000     1.438398 
2454267.979384 0.000000 0.000000    -0.000000     1.438398 
2454268.910682 0.000000 0.000000    -0.000000     1.438398 
2454269.841980 0.000000 0.000000     0.000000     1.438398 
2454270.773278 0.000000 0.000000     0.000000     1.438398 
2454271.704576 0.000000 0.000000     0.000000     1.438398 
2454272.635874 0.000000 0.000000     0.000000     1.438398 
2454273.567171 0.000000 0.000000     0.000000     1.438398 
2454274.498469 0.000000 0.000000     0.000000     1.438398 
2454275.429767 0.000000 0.000000     0.000000     1.438398 
2454276.361065 0.000000 0.000000     0.000000     1.438398 
2454277.292363 0.000000 0.000000     0.000000     1.438398 
2454278.223661 0.000000 0.000000     0.000000     1.438398 
2454279.154958 0.000000 0.000000    -0.000000     1.438398 
2454280.086256 0.000000 0.000000    -0.000000     1.438398 
2454281.017554 0.000000 0.000000    -0.000000     1.438398 
2454281.948852 0.000000 0.000000    -0.000000     1.438398 
2454282.880150 0.000000 0.000000    -0.000000     1.438398 
2454283.811448 0.000000 0.000000    -0.000000     1.438398 
2454284.742746 0.000000 0.000000    -0.000000     1.438398 
2454285.674043 0.000000 0.000000    -0.000000     1.438398 
2454286.605341 0.000000 0.000000    -0.000000     1.438398 
2454287.536639 0.000000 0.000000    -0.000000     1.438398 
2454288.467937 0.000000 0.000000    -0.000000     1.438398 
2454289.399235 0.000000 0.000000    -0.000000     1.438398 
2454290.330533 0.000000 0.000000    -0.000000     1.438398 
2454291.261831 0.000000 0.000000    -0.000000     1.438398 
2454292.193128 0.000000 0.000000    -0.000000     1.438398 
2454293.124426 0.000000 0.000000    -0.000000     1.438398 
2454294.055724 0.000000 0.000000    -0.000000     1.438398 
2454294.987022 0.000000 0.000000    -0.000000     1.438398 
2454295.918320 0.000000 0.000000     0.000000     1.438398 
2454296.849618 0.000000 0.000000     0.000000     1.438398 
2454297.780916 0.000000 0.000000     0.000000     1.438398 
2454298.712213 0.000000 0.000000     0.000000     1.438398 
2454299.643511 0.000000 0.000000     0.000000     1.438398 
2454300.574809 0.000000 0.000000     0.000000     1.438398 
2454301.506107 0.000000 0.000000     0.000000     1.438398 
2454302.437405 0.000000 0.000000     0.000000     1.438398 
2454303.368703 0.000000 0.000000    -0.000000     1.438398 
2454304.300000 0.000000 0.000000    -0.000000     1.438398 
2454305.231298 0.000000 0.000000    -0.000000     1.438398 
2454306.162596 0.000000 0.000000    -0.000000     1.438398 
2454307.093894 0.000000 0.000000    -0.000000     1.438398 
2454308.025192 0.000000 0.000000    -0.000000     1.438398 
2454308.956490 0.000000 0.000000    -0.000000     1.438398 
2454309.887788 0.000000 0.000000    -0.000000     1.438398 
2454310.819085 0.000000 0.000000    -0.000000     1.438398 
2454311.750383 0.000000 0.000000    -0.000000     1.438398 
2454312.681681 0.000000 0.000000    -0.000000     1.438398 
2454313.612979 0.000000 0.000000    -0.000000     1.438398 
2454314.544277 0.000000 0.000000    -0.000000     1.438398 
2454315.475575 0.000000 0.000000    -0.000000     1.438398 
2454316.406873 0.000000 0.000000    -0.000000     1.438398 
2454317.338170 0.000000 0.000000    -0.000000     1.438398 
2454318.269468 0.000000 0.000000    -0.000000     1.438398 
2454319.200766 0.000000 0.000000    -0.000000     1.438398 
2454320.132064 0.000000 0.000000    -0.000000     1.438398 
2454321.063362 0.000000 0.000000     0.000000     1.438398 
2454321.994660 0.000000 0.000000     0.000000     1.438398 
2454322.925957 0.000000 0.000000     0.000000     1.438398 
2454323.857255 0.000000 0.000000     0.000000     1.438398 
2454324.788553 0.000000 0.000000     0.000000     1.438398 
2454325.719851 0.000000 0.000000     0.000000     1.438398 
2454326.651149 0.000000 0.000000     0.000000     1.438398 
2454327.582447 0.000000 0.000000    -0.000000     1.438398 
2454328.513745 0.000000 0.000000    -0.000000     1.438398 
2454329.445042 0.000000 0.000000    -0.000000     1.438398 
2454330.376340 0.000000 0.000000    -0.000000     1.438398 
2454331.307638 0.000000 0.000000    -0.000000     1.438398 
2454332.238936 0.000000 0.000000    -0.000000     1.438398 
2454333.170234 0.000000 0.000000    -0.000000     1.438398 
2454334.101532 0.000000 0.000000    -0.000000     1.438398 
2454335.032830 0.000000 0.000000    -0.000000     1.438398 
2454335.964127 0.000000 0.000000    -0.000000     1.438398 
2454336.895425 0.000000 0.000000    -0.000000     1.438398 
2454337.826723 0.000000 0.000000    -0.000000     1.438398 
2454338.758021 0.000000 0.000000    -0.000000     1.438398 
2454339.689319 0.000000 0.000000    -0.000000     1.438398 
2454340.620617 0.000000 0.000000    -0.000000     1.438398 
2454341.551914 0.000000 0.000000    -0.000000     1.438398 
2454342.483212 0.000000 0.000000    -0.000000     1.438398 
2454343.414510 0.000000 0.000000    -0.000000     1.438398 
2454344.345808 0.000000 0.000000    -0.000000     1.438398 
2454345.277106 0.000000 0.000000    -0.000000     1.438398 
2454346.208404 0.000000 0.000000    -0.000000     1.438398 
2454347.139702 0.000000 0.000000    -0.000000     1.438398 
2454348.070999 0.000000 0.000000     0.000000     1.438398 
2454349.002297 0.000000 0.000000     0.000000     1.438398 
2454349.933595 0.000000 0.000000     0.000000     1.438398 
2454350.864893 0.000000 0.000000    -0.000000     1.438398 
2454351.796191 0.000000 0.000000    -0.000000     1.438398 
2454352.727489 0.000000 0.000000    -0.000000     1.438398 
2454353.658787 0.000000 0.000000    -0.000000     1.438398 
2454354.590084 0.000000 0.000000    -0.000000     1.438398 
2454355.521382 0.000000 0.000000    -0.000000     1.438398 
2454356.452680 0.000000 0.000000    -0.000000     1.438398 
2454357.383978 0.000000 0.000000    -0.000000     1.438398 
2454358.315276 0.000000 0.000000    -0.000000     1.438398 
2454359.246574 0.000000 0.000000    -0.000000     1.438398 
2454360.177872 0.000000 0.000000    -0.000000     1.438398 
2454361.109169 0.000000 0.000000    -0.000000     1.438398 
2454362.040467 0.000000 0.000000    -0.000000     1.438398 
2454362.971765 0.000000 0.000000    -0.000000     1.438398 
2454363.903063 0.000000 0.000000    -0.000000     1.438398 
2454364.834361 0.000000 0.000000    -0.000000     1.438398 
2454365.765659 0.000000 0.000000    -0.000000     1.438398 
2454366.696956 0.000000 0.000000    -0.000000     1.438398 
2454367.628254 0.000000 0.000000    -0.000000     1.438398 
2454368.559552 0.000000 0.000000    -0.000000     1.438398 
2454369.490850 0.000000 0.000000    -0.000000     1.438398 
2454370.422148 0.000000 0.000000    -0.000000     1.438398 
2454371.353446 0.000000 0.000000    -0.000000     1.438398 
2454372.284744 0.000000 0.000000    -0.000000     1.438398 
2454373.216041 0.000000 0.000000    -0.000000     1.438398 
2454374.147339 0.000000 0.000000    -0.000000     1.438398 
2454375.078637 0.000000 0.000000    -0.000000     1.438398 
2454376.009935 0.000000 0.000000    -0.000000     1.438398 
2454376.941233 0.000000 0.000000    -0.000000     1.438398 
2454377.872531 0.000000 0.000000    -0.000000     1.438398 
2454378.803829 0.000000 0.000000    -0.000000     1.438398 
2454379.735126 0.000000 0.000000    -0.000000     1.438398 
2454380.666424 0.000000 0.000000    -0.000000     1.438398 
2454381.597722 0.000000 0.000000    -0.000000     1.438398 
2454382.529020 0.000000 0.000000    -0.000000     1.438398 
2454383.460318 0.000000 0.000000    -0.000000     1.438398 
2454384.391616 0.000000 0.000000    -0.000000     1.438398 
2454385.322913 0.000000 0.000000    -0.000000     1.438398 
2454386.254211 0.000000 0.000000    -0.000000     1.438398 
2454387.185509 0.000000 0.000000    -0.000000     1.438398 
2454388.116807 0.000000 0.000000    -0.000000     1.438398 
2454389.048105 0.000000 0.000000    -0.000000     1.438398 
2454389.979403 0.000000 0.000000    -0.000000     1.438398 
2454390.910701 0.000000 0.000000    -0.000000     1.438398 
2454391.841998 0.000000 0.000000    -0.000000     1.438398 
2454392.773296 0.000000 0.000000    -0.000000     1.438398 
2454393.704594 0.000000 0.000000    -0.000000     1.438398 
2454394.635892 0.000000 0.000000    -0.000000     1.438398 
2454395.567190 0.000000 0.000000    -0.000000     1.438398 
2454396.498488 0.000000 0.000000    -0.000000     1.438398 
2454397.429786 0.000000 0.000000    -0.000000     1.438398 
2454398.361083 0.000000 0.000000    -0.000000     1.438398 
2454399.292381 0.000000 0.000000    -0.000000     1.438398 
2454400.223679 0.000000 0.000000    -0.000000     1.438398 
2454401.154977 0.000000 0.000000    -0.000000     1.438398 
2454402.086275 0.000000 0.000000    -0.000000     1.438398 
2454403.017573 0.000000 0.000000    -0.000000     1.438398 
2454403.948871 0.000000 0.000000    -0.000000     1.438398 
2454404.880168 0.000000 0.000000    -0.000000     1.438398 
2454405.811466 0.000000 0.000000    -0.000000     1.438398 
2454406.742764 0.000000 0.000000    -0.000000     1.438398 
2454407.674062 0.000000 0.000000    -0.000000     1.438398 
2454408.605360 0.000000 0.000000    -0.000000     1.438398 
2454409.536658 0.000000 0.000000    -0.000000     1.438398 
2454410.467955 0.000000 0.000000    -0.000000     1.438398 
2454411.399253 0.000000 0.000000    -0.000000     1.438398 
2454412.330551 0.000000 0.000000    -0.000000     1.438398 
2454413.261849 0.000000 0.000000    -0.000000     1.438398 
2454414.193147 0.000000 0.000000    -0.000000     1.438398 
2454415.124445 0.000000 0.000000    -0.000000     1.438398 
2454416.055743 0.000000 0.000000    -0.000000     1.438398 
2454416.987040 0.000000 0.000000    -0.000000     1.438398 
2454417.918338 0.000000 0.000000    -0.000000     1.438398 
2454418.849636 0.000000 0.000000    -0.000000     1.438398 
2454419.780934 0.000000 0.000000    -0.000000     1.438398 
2454420.712232 0.000000 0.000000    -0.000000     1.438398 
2454421.643530 0.000000 0.000000    -0.000000     1.438398 
2454422.574828 0.000000 0.000000    -0.000000     1.438398 
2454423.506125 0.000000 0.000000    -0.000000     1.438398 
2454424.437423 0.000000 0.000000    -0.000000     1.438398 
2454425.368721 0.000000 0.000000    -0.000000     1.438398 
2454426.300019 0.000000 0.000000    -0.000000     1.438398 
2454427.231317 0.000000 0.000000    -0.000000     1.438398 
2454428.162615 0.000000 0.000000    -0.000000     1.438398 
2454429.093912 0.000000 0.000000    -0.000000     1.438398 
2454430.025210 0.000000 0.000000    -0.000000     1.438398 
2454430.956508 0.000000 0.000000    -0.000000     1.438398 
2454431.887806 0.000000 0.000000    -0.000000     1.438398 
2454432.819104 0.000000 0.000000    -0.000000     1.438398 
2454433.750402 0.000000 0.000000    -0.000000     1.438398 
2454434.681700 0.000000 0.000000     0.000000     1.438398 
2454435.612997 0.000000 0.000000     0.000000     1.438398 
2454436.544295 0.000000 0.000000     0.000000     1.438398 
2454437.475593 0.000000 0.000000     0.000000     1.438398 
2454438.406891 0.000000 0.000000    -0.000000     1.438398 
2454439.338189 0.000000 0.000000    -0.000000     1.438398 
2454440.269487 0.000000 0.000000     0.000000     1.438398 
2454441.200785 0.000000 0.000000     0.000000     1.438398 
2454442.132082 0.000000 0.000000     0.000000     1.438398 
2454443.063380 0.000000 0.000000     0.000000     1.438398 
2454443.994678 0.000000 0.000000     0.000000     1.438398 
2454444.925976 0.000000 0.000000    -0.000000     1.438398 
2454445.857274 0.000000 0.000000    -0.000000     1.438398 
2454446.788572 0.000000 0.000000    -0.000000     1.438398 
2454447.719869 0.000000 0.000000    -0.000000     1.438398 
2454448.651167 0.000000 0.000000     0.000000     1.438398 
2454449.582465 0.000000 0.000000     0.000000     1.438398 
2454450.513763 0.000000 0.000000     0.000000     1.438398 
2454451.445061 0.000000 0.000000     0.000000     1.438398 
2454452.376359 0.000000 0.000000    -0.000000     1.438398 
2454453.307657 0.000000 0.000000    -0.000000     1.438398 
2454454.238954 0.000000 0.000000    -0.000000     1.438398 
2454455.170252 0.000000 0.000000    -0.000000     1.438398 
2454456.101550 0.000000 0.000000    -0.000000     1.438398 
2454457.032848 0.000000 0.000000    -0.000000     1.438398 
2454457.964146 0.000000 0.000000    -0.000000     1.438398 
2454458.895444 0.000000 0.000000    -0.000000     1.438398 
2454459.826742 0.000000 0.000000    -0.000000     1.438398 
2454460.758039 0.000000 0.000000    -0.000000     1.438398 
2454461.689337 0.000000 0.000000    -0.000000     1.438398 
2454462.620635 0.000000 0.000000    -0.000000     1.438398 
2454463.551933 0.000000 0.000000    -0.000000     1.438398 
2454464.483231 0.000000 0.000000    -0.000000     1.438398 
2454465.414529 0.000000 0.000000    -0.000000     1.438398 
2454466.345827 0.000000 0.000000    -0.000000     1.438398 
2454467.277124 0.000000 0.000000    -0.000000     1.438398 
2454468.208422 0.000000 0.000000    -0.000000     1.438398 
2454469.139720 0.000000 0.000000    -0.000000     1.438398 
2454470.071018 0.000000 0.000000    -0.000000     1.438398 
2454471.002316 0.000000 0.000000     0.000000     1.438398 
2454471.933614 0.000000 0.000000     0.000000     1.438398 
2454472.864911 0.000000 0.000000     0.000000     1.438398 
2454473.796209 0.000000 0.000000     0.000000     1.438398 
2454474.727507 0.000000 0.000000     0.000000     1.438398 
2454475.658805 0.000000 0.000000     0.000000     1.438398 
2454476.590103 0.000000 0.000000     0.000000     1.438398 
2454477.521401 0.000000 0.000000     0.000000     1.438398 
2454478.452699 0.000000 0.000000     0.000000     1.438398 
2454479.383996 0.000000 0.000000     0.000000     1.438398 
2454480.315294 0.000000 0.000000    -0.000000     1.438398 
2454481.246592 0.000000 0.000000    -0.000000     1.438398 
2454482.177890 0.000000 0.000000    -0.000000     1.438398 
2454483.109188 0.000000 0.000000    -0.000000     1.438398 
2454484.040486 0.000000 0.000000    -0.000000     1.438398 
2454484.971784 0.000000 0.000000    -0.000000     1.438398 
2454485.903081 0.000000 0.000000    -0.000000     1.438398 
2454486.834379 0.000000 0.000000    -0.000000     1.438398 
2454487.765677 0.000000 0.000000    -0.000000     1.438398 
2454488.696975 0.000000 0.000000    -0.000000     1.438398 
2454489.628273 0.000000 0.000000    -0.000000     1.438398 
2454490.559571 0.000000 0.000000    -0.000000     1.438398 
2454491.490868 0.000000 0.000000    -0.000000     1.438398 
2454492.422166 0.000000 0.000000    -0.000000     1.438398 
2454493.353464 0.000000 0.000000    -0.000000     1.438398 
2454494.284762 0.000000 0.000000    -0.000000     1.438398 
2454495.216060 0.000000 0.000000    -0.000000     1.438398 
2454496.147358 0.000000 0.000000    -0.000000     1.438398 
2454497.078656 0.000000 0.000000     0.000000     1.438398 
2454498.009953 0.000000 0.000000     0.000000     1.438398 
2454498.941251 0.000000 0.000000     0.000000     1.438398 
2454499.872549 0.000000 0.000000     0.000000     1.438398 
2454500.803847 0.000000 0.000000     0.000000     1.438398 
2454501.735145 0.000000 0.000000     0.000000     1.438398 
2454502.666443 0.000000 0.000000     0.000000     1.438398 
2454503.597741 0.000000 0.000000     0.000000     1.438398 
2454504.529038 0.000000 0.000000     0.000000     1.438398 
2454505.460336 0.000000 0.000000    -0.000000     1.438398 
2454506.391634 0.000000 0.000000    -0.000000     1.438398 
2454507.322932 0.000000 0.000000    -0.000000     1.438398 
2454508.254230 0.000000 0.000000    -0.000000     1.438398 
2454509.185528 0.000000 0.000000    -0.000000     1.438398 
2454510.116825 0.000000 0.000000    -0.000000     1.438398 
2454511.048123 0.000000 0.000000    -0.000000     1.438398 
2454511.979421 0.000000 0.000000    -0.000000     1.438398 
2454512.910719 0.000000 0.000000    -0.000000     1.438398 
2454513.842017 0.000000 0.000000    -0.000000     1.438398 
2454514.773315 0.000000 0.000000    -0.000000     1.438398 
2454515.704613 0.000000 0.000000    -0.000000     1.438398 
2454516.635910 0.000000 0.000000    -0.000000     1.438398 
2454517.567208 0.000000 0.000000    -0.000000     1.438398 
2454518.498506 0.000000 0.000000    -0.000000     1.438398 
2454519.429804 0.000000 0.000000    -0.000000     1.438398 
2454520.361102 0.000000 0.000000    -0.000000     1.438398 
2454521.292400 0.000000 0.000000    -0.000000     1.438398 
2454522.223698 0.000000 0.000000     0.000000     1.438398 
2454523.154995 0.000000 0.000000     0.000000     1.438398 
2454524.086293 0.000000 0.000000     0.000000     1.438398 
2454525.017591 0.000000 0.000000     0.000000     1.438398 
2454525.948889 0.000000 0.000000     0.000000     1.438398 
2454526.880187 0.000000 0.000000     0.000000     1.438398 
2454527.811485 0.000000 0.000000     0.000000     1.438398 
2454528.742783 0.000000 0.000000     0.000000     1.438398 
2454529.674080 0.000000 0.000000    -0.000000     1.438398 
2454530.605378 0.000000 0.000000    -0.000000     1.438398 
2454531.536676 0.000000 0.000000    -0.000000     1.438398 
2454532.467974 0.000000 0.000000    -0.000000     1.438398 
2454533.399272 0.000000 0.000000    -0.000000     1.438398 
2454534.330570 0.000000 0.000000    -0.000000     1.438398 
2454535.261867 0.000000 0.000000    -0.000000     1.438398 
2454536.193165 0.000000 0.000000    -0.000000     1.438398 
2454537.124463 0.000000 0.000000    -0.000000     1.438398 
2454538.055761 0.000000 0.000000    -0.000000     1.438398 
2454538.987059 0.000000 0.000000    -0.000000     1.438398 
2454539.918357 0.000000 0.000000    -0.000000     1.438398 
2454540.849655 0.000000 0.000000    -0.000000     1.438398 
2454541.780952 0.000000 0.000000    -0.000000     1.438398 
2454542.712250 0.000000 0.000000    -0.000000     1.438398 
2454543.643548 0.000000 0.000000    -0.000000     1.438398 
2454544.574846 0.000000 0.000000    -0.000000     1.438398 
2454545.506144 0.000000 0.000000    -0.000000     1.438398 
2454546.437442 0.000000 0.000000    -0.000000     1.438398 
2454547.368740 0.000000 0.000000    -0.000000     1.438398 
2454548.300037 0.000000 0.000000     0.000000     1.438398 
2454549.231335 0.000000 0.000000     0.000000     1.438398 
2454550.162633 0.000000 0.000000     0.000000     1.438398 
2454551.093931 0.000000 0.000000     0.000000     1.438398 
2454552.025229 0.000000 0.000000     0.000000     1.438398 
2454552.956527 0.000000 0.000000     0.000000     1.438398 
2454553.887824 0.000000 0.000000     0.000000     1.438398 
2454554.819122 0.000000 0.000000    -0.000000     1.438398 
2454555.750420 0.000000 0.000000    -0.000000     1.438398 
2454556.681718 0.000000 0.000000    -0.000000     1.438398 
2454557.613016 0.000000 0.000000    -0.000000     1.438398 
2454558.544314 0.000000 0.000000    -0.000000     1.438398 
2454559.475612 0.000000 0.000000    -0.000000     1.438398 
2454560.406909 0.000000 0.000000    -0.000000     1.438398 
2454561.338207 0.000000 0.000000    -0.000000     1.438398 
2454562.269505 0.000000 0.000000    -0.000000     1.438398 
2454563.200803 0.000000 0.000000    -0.000000     1.438398 
2454564.132101 0.000000 0.000000    -0.000000     1.438398 
2454565.063399 0.000000 0.000000    -0.000000     1.438398 
2454565.994697 0.000000 0.000000    -0.000000     1.438398 
2454566.925994 0.000000 0.000000    -0.000000     1.438398 
2454567.857292 0.000000 0.000000    -0.000000     1.438398 
2454568.788590 0.000000 0.000000    -0.000000     1.438398 
2454569.719888 0.000000 0.000000    -0.000000     1.438398 
2454570.651186 0.000000 0.000000    -0.000000     1.438398 
2454571.582484 0.000000 0.000000    -0.000000     1.438398 
2454572.513781 0.000000 0.000000    -0.000000     1.438398 
2454573.445079 0.000000 0.000000    -0.000000     1.438398 
2454574.376377 0.000000 0.000000    -0.000000     1.438398 
2454575.307675 0.000000 0.000000    -0.000000     1.438398 
2454576.238973 0.000000 0.000000    -0.000000     1.438398 
2454577.170271 0.000000 0.000000    -0.000000     1.438398 
2454578.101569 0.000000 0.000000    -0.000000     1.438398 
2454579.032866 0.000000 0.000000    -0.000000     1.438398 
2454579.964164 0.000000 0.000000    -0.000000     1.438398 
2454580.895462 0.000000 0.000000    -0.000000     1.438398 
2454581.826760 0.000000 0.000000    -0.000000     1.438398 
2454582.758058 0.000000 0.000000    -0.000000     1.438398 
2454583.689356 0.000000 0.000000    -0.000000     1.438398 
2454584.620654 0.000000 0.000000    -0.000000     1.438398 
2454585.551951 0.000000 0.000000    -0.000000     1.438398 
2454586.483249 0.000000 0.000000    -0.000000     1.438398 
2454587.414547 0.000000 0.000000    -0.000000     1.438398 
2454588.345845 0.000000 0.000000    -0.000000     1.438398 
2454589.277143 0.000000 0.000000    -0.000000     1.438398 
2454590.208441 0.000000 0.000000    -0.000000     1.438398 
2454591.139739 0.000000 0.000000    -0.000000     1.438398 
2454592.071036 0.000000 0.000000    -0.000000     1.438398 
2454593.002334 0.000000 0.000000    -0.000000     1.438398 
2454593.933632 0.000000 0.000000    -0.000000     1.438398 
2454594.864930 0.000000 0.000000    -0.000000     1.438398 
2454595.796228 0.000000 0.000000    -0.000000     1.438398 
2454596.727526 0.000000 0.000000    -0.000000     1.438398 
2454597.658823 0.000000 0.000000    -0.000000     1.438398 
2454598.590121 0.000000 0.000000    -0.000000     1.438398 
2454599.521419 0.000000 0.000000    -0.000000     1.438398 
2454600.452717 0.000000 0.000000    -0.000000     1.438398 
2454601.384015 0.000000 0.000000    -0.000000     1.438398 
2454602.315313 0.000000 0.000000    -0.000000     1.438398 
2454603.246611 0.000000 0.000000    -0.000000     1.438398 
2454604.177908 0.000000 0.000000    -0.000000     1.438398 
2454605.109206 0.000000 0.000000    -0.000000     1.438398 
2454606.040504 0.000000 0.000000    -0.000000     1.438398 
2454606.971802 0.000000 0.000000    -0.000000     1.438398 
2454607.903100 0.000000 0.000000    -0.000000     1.438398 
2454608.834398 0.000000 0.000000    -0.000000     1.438398 
2454609.765696 0.000000 0.000000    -0.000000     1.438398 
2454610.696993 0.000000 0.000000    -0.000000     1.438398 
2454611.628291 0.000000 0.000000    -0.000000     1.438398 
2454612.559589 0.000000 0.000000    -0.000000     1.438398 
2454613.490887 0.000000 0.000000    -0.000000     1.438398 
2454614.422185 0.000000 0.000000    -0.000000     1.438398 
2454615.353483 0.000000 0.000000    -0.000000     1.438398 
2454616.284780 0.000000 0.000000    -0.000000     1.438398 
2454617.216078 0.000000 0.000000    -0.000000     1.438398 
2454618.147376 0.000000 0.000000    -0.000000     1.438398 
2454619.078674 0.000000 0.000000    -0.000000     1.438398 
2454620.009972 0.000000 0.000000    -0.000000     1.438398 
2454620.941270 0.000000 0.000000    -0.000000     1.438398 
2454621.872568 0.000000 0.000000    -0.000000     1.438398 
2454622.803865 0.000000 0.000000    -0.000000     1.438398 
2454623.735163 0.000000 0.000000    -0.000000     1.438398 
2454624.666461 0.000000 0.000000    -0.000000     1.438398 
2454625.597759 0.000000 0.000000    -0.000000     1.438398 
2454626.529057 0.000000 0.000000    -0.000000     1.438398 
2454627.460355 0.000000 0.000000    -0.000000     1.438398 
2454628.391653 0.000000 0.000000    -0.000000     1.438398 
2454629.322950 0.000000 0.000000    -0.000000     1.438398 
2454630.254248 0.000000 0.000000    -0.000000     1.438398 
2454631.185546 0.000000 0.000000    -0.000000     1.438398 
2454632.116844 0.000000 0.000000    -0.000000     1.438398 
2454633.048142 0.000000 0.000000    -0.000000     1.438398 
2454633.979440 0.000000 0.000000    -0.000000     1.438398 
2454634.910737 0.000000 0.000000    -0.000000     1.438398 
2454635.842035 0.000000 0.000000    -0.000000     1.438398 
2454636.773333 0.000000 0.000000    -0.000000     1.438398 
2454637.704631 0.000000 0.000000    -0.000000     1.438398 
2454638.635929 0.000000 0.000000    -0.000000     1.438398 
2454639.567227 0.000000 0.000000    -0.000000     1.438398 
2454640.498525 0.000000 0.000000    -0.000000     1.438398 
2454641.429822 0.000000 0.000000    -0.000000     1.438398 
2454642.361120 0.000000 0.000000    -0.000000     1.438398 
2454643.292418 0.000000 0.000000    -0.000000     1.438398 
2454644.223716 0.000000 0.000000    -0.000000     1.438398 
2454645.155014 0.000000 0.000000    -0.000000     1.438398 
2454646.086312 0.000000 0.000000    -0.000000     1.438398 
2454647.017610 0.000000 0.000000    -0.000000     1.438398 
2454647.948907 0.000000 0.000000    -0.000000     1.438398 
2454648.880205 0.000000 0.000000    -0.000000     1.438398 
2454649.811503 0.000000 0.000000    -0.000000     1.438398 
2454650.742801 0.000000 0.000000    -0.000000     1.438398 
2454651.674099 0.000000 0.000000    -0.000000     1.438398 
2454652.605397 0.000000 0.000000    -0.000000     1.438398 
2454653.536695 0.000000 0.000000    -0.000000     1.438398 
2454654.467992 0.000000 0.000000    -0.000000     1.438398 
2454655.399290 0.000000 0.000000    -0.000000     1.438398 
2454656.330588 0.000000 0.000000    -0.000000     1.438398 
2454657.261886 0.000000 0.000000    -0.000000     1.438398 
2454658.193184 0.000000 0.000000    -0.000000     1.438398 
2454659.124482 0.000000 0.000000    -0.000000     1.438398 
2454660.055779 0.000000 0.000000    -0.000000     1.438398 
2454660.987077 0.000000 0.000000    -0.000000     1.438398 
2454661.918375 0.000000 0.000000     0.000000     1.438398 
2454662.849673 0.000000 0.000000     0.000000     1.438398 
2454663.780971 0.000000 0.000000     0.000000     1.438398 
2454664.712269 0.000000 0.000000    -0.000000     1.438398 
2454665.643567 0.000000 0.000000    -0.000000     1.438398 
2454666.574864 0.000000 0.000000    -0.000000     1.438398 
2454667.506162 0.000000 0.000000     0.000000     1.438398 
2454668.437460 0.000000 0.000000     0.000000     1.438398 
2454669.368758 0.000000 0.000000     0.000000     1.438398 
2454670.300056 0.000000 0.000000     0.000000     1.438398 
2454671.231354 0.000000 0.000000     0.000000     1.438398 
2454672.162652 0.000000 0.000000    -0.000000     1.438398 
2454673.093949 0.000000 0.000000    -0.000000     1.438398 
2454674.025247 0.000000 0.000000     0.000000     1.438398 
2454674.956545 0.000000 0.000000     0.000000     1.438398 
2454675.887843 0.000000 0.000000     0.000000     1.438398 
2454676.819141 0.000000 0.000000     0.000000     1.438398 
2454677.750439 0.000000 0.000000     0.000000     1.438398 
2454678.681736 0.000000 0.000000     0.000000     1.438398 
2454679.613034 0.000000 0.000000     0.000000     1.438398 
2454680.544332 0.000000 0.000000     0.000000     1.438398 
2454681.475630 0.000000 0.000000     0.000000     1.438398 
2454682.406928 0.000000 0.000000    -0.000000     1.438398 
2454683.338226 0.000000 0.000000    -0.000000     1.438398 
2454684.269524 0.000000 0.000000    -0.000000     1.438398 
2454685.200821 0.000000 0.000000    -0.000000     1.438398 
2454686.132119 0.000000 0.000000    -0.000000     1.438398 
2454687.063417 0.000000 0.000000    -0.000000     1.438398 
2454687.994715 0.000000 0.000000    -0.000000     1.438398 
2454688.926013 0.000000 0.000000    -0.000000     1.438398 
2454689.857311 0.000000 0.000000    -0.000000     1.438398 
2454690.788609 0.000000 0.000000    -0.000000     1.438398 
2454691.719906 0.000000 0.000000    -0.000000     1.438398 
2454692.651204 0.000000 0.000000    -0.000000     1.438398 
2454693.582502 0.000000 0.000000    -0.000000     1.438398 
2454694.513800 0.000000 0.000000    -0.000000     1.438398 
2454695.445098 0.000000 0.000000    -0.000000     1.438398 
2454696.376396 0.000000 0.000000    -0.000000     1.438398 
2454697.307694 0.000000 0.000000    -0.000000     1.438398 
2454698.238991 0.000000 0.000000     0.000000     1.438398 
2454699.170289 0.000000 0.000000     0.000000     1.438398 
2454700.101587 0.000000 0.000000     0.000000     1.438398 
2454701.032885 0.000000 0.000000     0.000000     1.438398 
2454701.964183 0.000000 0.000000     0.000000     1.438398 
2454702.895481 0.000000 0.000000     0.000000     1.438398 
2454703.826778 0.000000 0.000000     0.000000     1.438398 
2454704.758076 0.000000 0.000000     0.000000     1.438398 
2454705.689374 0.000000 0.000000     0.000000     1.438398 
2454706.620672 0.000000 0.000000     0.000000     1.438398 
2454707.551970 0.000000 0.000000    -0.000000     1.438398 
2454708.483268 0.000000 0.000000    -0.000000     1.438398 
2454709.414566 0.000000 0.000000    -0.000000     1.438398 
2454710.345863 0.000000 0.000000    -0.000000     1.438398 
2454711.277161 0.000000 0.000000    -0.000000     1.438398 
2454712.208459 0.000000 0.000000    -0.000000     1.438398 
2454713.139757 0.000000 0.000000    -0.000000     1.438398 
2454714.071055 0.000000 0.000000    -0.000000     1.438398 
2454715.002353 0.000000 0.000000    -0.000000     1.438398 
2454715.933651 0.000000 0.000000    -0.000000     1.438398 
2454716.864948 0.000000 0.000000    -0.000000     1.438398 
2454717.796246 0.000000 0.000000    -0.000000     1.438398 
2454718.727544 0.000000 0.000000    -0.000000     1.438398 
2454719.658842 0.000000 0.000000    -0.000000     1.438398 
2454720.590140 0.000000 0.000000    -0.000000     1.438398 
2454721.521438 0.000000 0.000000    -0.000000     1.438398 
2454722.452735 0.000000 0.000000    -0.000000     1.438398 
2454723.384033 0.000000 0.000000     0.000000     1.438398 
2454724.315331 0.000000 0.000000     0.000000     1.438398 
2454725.246629 0.000000 0.000000     0.000000     1.438398 
2454726.177927 0.000000 0.000000     0.000000     1.438398 
2454727.109225 0.000000 0.000000     0.000000     1.438398 
2454728.040523 0.000000 0.000000     0.000000     1.438398 
2454728.971820 0.000000 0.000000     0.000000     1.438398 
2454729.903118 0.000000 0.000000     0.000000     1.438398 
2454730.834416 0.000000 0.000000     0.000000     1.438398 
2454731.765714 0.000000 0.000000    -0.000000     1.438398 
2454732.697012 0.000000 0.000000    -0.000000     1.438398 
2454733.628310 0.000000 0.000000    -0.000000     1.438398 
2454734.559608 0.000000 0.000000    -0.000000     1.438398 
2454735.490905 0.000000 0.000000    -0.000000     1.438398 
2454736.422203 0.000000 0.000000    -0.000000     1.438398 
2454737.353501 0.000000 0.000000    -0.000001     1.438398 
2454738.284799 0.000000 0.000000    -0.000001     1.438398 
2454739.216097 0.000000 0.000000    -0.000001     1.438398 
2454740.147395 0.000000 0.000000    -0.000001     1.438398 
2454741.078692 0.000000 0.000000    -0.000001     1.438398 
2454742.009990 0.000000 0.000000    -0.000001     1.438398 
2454742.941288 0.000000 0.000000    -0.000001     1.438398 
2454743.872586 0.000000 0.000000    -0.000001     1.438398 
2454744.803884 0.000000 0.000000    -0.000001     1.438398 
2454745.735182 0.000000 0.000000    -0.000001     1.438398 
2454746.666480 0.000000 0.000000    -0.000001     1.438398 
2454747.597777 0.000000 0.000000    -0.000000     1.438398 
2454748.529075 0.000000 0.000000    -0.000000     1.438398 
2454749.460373 0.000000 0.000000     0.000000     1.438398 
2454750.391671 0.000000 0.000000     0.000000     1.438398 
2454751.322969 0.000000 0.000000     0.000000     1.438398 
2454752.254267 0.000000 0.000000     0.000000     1.438398 
2454753.185565 0.000000 0.000000     0.000000     1.438398 
2454754.116862 0.000000 0.000000     0.000000     1.438398 
2454755.048160 0.000000 0.000000     0.000000     1.438398 
2454755.979458 0.000000 0.000000     0.000000     1.438398 
2454756.910756 0.000000 0.000000    -0.000000     1.438398 
2454757.842054 0.000000 0.000000    -0.000000     1.438398 
2454758.773352 0.000000 0.000000    -0.000000     1.438398 
2454759.704650 0.000000 0.000000    -0.000001     1.438398 
2454760.635947 0.000000 0.000000    -0.000001     1.438398 
2454761.567245 0.000000 0.000000    -0.000001     1.438398 
2454762.498543 0.000000 0.000000    -0.000001     1.438398 
2454763.429841 0.000000 0.000000    -0.000001     1.438398 
2454764.361139 0.000000 0.000000    -0.000002     1.438398 
2454765.292437 0.000000 0.000000    -0.000002     1.438398 
2454766.223734 0.000000 0.000000    -0.000002     1.438398 
2454767.155032 0.000000 0.000000    -0.000002     1.438398 
2454768.086330 0.000000 0.000000    -0.000002     1.438398 
2454769.017628 0.000000 0.000000    -0.000002     1.438398 
2454769.948926 0.000000 0.000000    -0.000002     1.438398 
2454770.880224 0.000000 0.000000    -0.000002     1.438398 
2454771.811522 0.000000 0.000000    -0.000002     1.438398 
2454772.742819 0.000000 0.000000    -0.000001     1.438398 
2454773.674117 0.000000 0.000000    -0.000001     1.438398 
2454774.605415 0.000000 0.000000    -0.000000     1.438398 
2454775.536713 0.000000 0.000000     0.000000     1.438398 
2454776.468011 0.000000 0.000000     0.000000     1.438398 
2454777.399309 0.000000 0.000000     0.000000     1.438398 
2454778.330607 0.000000 0.000000     0.000000     1.438398 
2454779.261904 0.000000 0.000000     0.000000     1.438398 
2454780.193202 0.000000 0.000000     0.000000     1.438398 
2454781.124500 0.000000 0.000000    -0.000000     1.438398 
2454782.055798 0.000000 0.000000    -0.000000     1.438398 
2454782.987096 0.000000 0.000000    -0.000001     1.438398 
2454783.918394 0.000000 0.000000    -0.000001     1.438398 
2454784.849691 0.000000 0.000000    -0.000001     1.438398 
2454785.780989 0.000000 0.000000    -0.000001     1.438398 
2454786.712287 0.000000 0.000000    -0.000001     1.438398 
2454787.643585 0.000000 0.000000    -0.000002     1.438398 
2454788.574883 0.000000 0.000000    -0.000002     1.438398 
2454789.506181 0.000000 0.000000    -0.000002     1.438398 
2454790.437479 0.000000 0.000000    -0.000003     1.438398 
2454791.368776 0.000000 0.000000    -0.000003     1.438398 
2454792.300074 0.000000 0.000000    -0.000003     1.438398 
2454793.231372 0.000000 0.000000    -0.000003     1.438398 
2454794.162670 0.000000 0.000000    -0.000003     1.438398 
2454795.093968 0.000000 0.000000    -0.000003     1.438398 
2454796.025266 0.000000 0.000000    -0.000003     1.438398 
2454796.956564 0.000000 0.000000    -0.000003     1.438398 
2454797.887861 0.000000 0.000000    -0.000002     1.438398 
2454798.819159 0.000000 0.000000    -0.000001     1.438398 
2454799.750457 0.000000 0.000000    -0.000001     1.438398 
2454800.681755 0.000000 0.000000    -0.000001     1.438398 
2454801.613053 0.000000 0.000000    -0.000000     1.438398 
2454802.544351 0.000000 0.000000    -0.000000     1.438398 
2454803.475648 0.000000 0.000000    -0.000000     1.438398 
2454804.406946 0.000000 0.000000    -0.000000     1.438398 
2454805.338244 0.000000 0.000000    -0.000000     1.438398 
2454806.269542 0.000000 0.000000    -0.000001     1.438398 
2454807.200840 0.000000 0.000000    -0.000001     1.438398 
2454808.132138 0.000000 0.000000    -0.000001     1.438398 
2454809.063436 0.000000 0.000000    -0.000001     1.438398 
2454809.994733 0.000000 0.000000    -0.000001     1.438398 
2454810.926031 0.000000 0.000000    -0.000001     1.438398 
2454811.857329 0.000000 0.000000    -0.000002     1.438398 
2454812.788627 0.000000 0.000000    -0.000002     1.438398 
2454813.719925 0.000000 0.000000    -0.000002     1.438398 
2454814.651223 0.000000 0.000000    -0.000002     1.438398 
2454815.582521 0.000000 0.000000    -0.000003     1.438398 
2454816.513818 0.000000 0.000000    -0.000003     1.438398 
2454817.445116 0.000000 0.000000    -0.000003     1.438398 
2454818.376414 0.000000 0.000000    -0.000003     1.438398 
2454819.307712 0.000000 0.000000    -0.000003     1.438398 
2454820.239010 0.000000 0.000000    -0.000004     1.438398 
2454821.170308 0.000000 0.000000    -0.000003     1.438398 
2454822.101606 0.000000 0.000000    -0.000003     1.438398 
2454823.032903 0.000000 0.000000    -0.000003     1.438398 
2454823.964201 0.000000 0.000000    -0.000002     1.438398 
2454824.895499 0.000000 0.000000    -0.000002     1.438398 
2454825.826797 0.000000 0.000000    -0.000002     1.438398 
2454826.758095 0.000000 0.000000    -0.000002     1.438398 
2454827.689393 0.000000 0.000000    -0.000002     1.438398 
2454828.620690 0.000000 0.000000    -0.000001     1.438398 
2454829.551988 0.000000 0.000000    -0.000001     1.438398 
2454830.483286 0.000000 0.000000    -0.000001     1.438398 
2454831.414584 0.000000 0.000000    -0.000001     1.438398 
2454832.345882 0.000000 0.000000    -0.000002     1.438398 
2454833.277180 0.000000 0.000000    -0.000002     1.438398 
2454834.208478 0.000000 0.000000    -0.000001     1.438398 
2454835.139775 0.000000 0.000000    -0.000001     1.438398 
2454836.071073 0.000000 0.000000    -0.000001     1.438398 
2454837.002371 0.000000 0.000000    -0.000001     1.438398 
2454837.933669 0.000000 0.000000    -0.000001     1.438398 
2454838.864967 0.000000 0.000000    -0.000001     1.438398 
2454839.796265 0.000000 0.000000    -0.000001     1.438398 
2454840.727563 0.000000 0.000000    -0.000001     1.438398 
2454841.658860 0.000000 0.000000    -0.000002     1.438398 
2454842.590158 0.000000 0.000000    -0.000002     1.438398 
2454843.521456 0.000000 0.000000    -0.000002     1.438398 
2454844.452754 0.000000 0.000000    -0.000002     1.438398 
2454845.384052 0.000000 0.000000    -0.000002     1.438398 
2454846.315350 0.000000 0.000000    -0.000002     1.438398 
2454847.246647 0.000000 0.000000    -0.000003     1.438398 
2454848.177945 0.000000 0.000000    -0.000003     1.438398 
2454849.109243 0.000000 0.000000    -0.000003     1.438398 
2454850.040541 0.000000 0.000000    -0.000003     1.438398 
2454850.971839 0.000000 0.000000    -0.000003     1.438398 
2454851.903137 0.000000 0.000000    -0.000003     1.438398 
2454852.834435 0.000000 0.000000    -0.000003     1.438398 
2454853.765732 0.000000 0.000000    -0.000002     1.438398 
2454854.697030 0.000000 0.000000    -0.000002     1.438398 
2454855.628328 0.000000 0.000000    -0.000002     1.438398 
2454856.559626 0.000000 0.000000    -0.000002     1.438398 
2454857.490924 0.000000 0.000000    -0.000002     1.438398 
2454858.422222 0.000000 0.000000    -0.000002     1.438398 
2454859.353520 0.000000 0.000000    -0.000001     1.438398 
2454860.284817 0.000000 0.000000    -0.000001     1.438398 
2454861.216115 0.000000 0.000000    -0.000001     1.438398 
2454862.147413 0.000000 0.000000    -0.000001     1.438398 
2454863.078711 0.000000 0.000000    -0.000000     1.438398 
2454864.010009 0.000000 0.000000     0.000000     1.438398 
2454864.941307 0.000000 0.000000     0.000000     1.438398 
2454865.872604 0.000000 0.000000     0.000000     1.438398 
2454866.803902 0.000000 0.000000    -0.000000     1.438398 
2454867.735200 0.000000 0.000000    -0.000000     1.438398 
2454868.666498 0.000000 0.000000    -0.000000     1.438398 
2454869.597796 0.000000 0.000000     0.000000     1.438398 
2454870.529094 0.000000 0.000000     0.000000     1.438398 
2454871.460392 0.000000 0.000000     0.000000     1.438398 
2454872.391689 0.000000 0.000000    -0.000000     1.438398 
2454873.322987 0.000000 0.000000    -0.000001     1.438398 
2454874.254285 0.000000 0.000000    -0.000002     1.438398 
2454875.185583 0.000000 0.000000    -0.000002     1.438398 
2454876.116881 0.000000 0.000000    -0.000002     1.438398 
2454877.048179 0.000000 0.000000    -0.000001     1.438398 
2454877.979477 0.000000 0.000000    -0.000001     1.438398 
2454878.910774 0.000000 0.000000    -0.000001     1.438398 
2454879.842072 0.000000 0.000000    -0.000001     1.438398 
2454880.773370 0.000000 0.000000    -0.000002     1.438398 
2454881.704668 0.000000 0.000000    -0.000001     1.438398 
2454882.635966 0.000000 0.000000    -0.000001     1.438398 
2454883.567264 0.000000 0.000000    -0.000001     1.438398 
2454884.498562 0.000000 0.000000    -0.000001     1.438398 
2454885.429859 0.000000 0.000000    -0.000001     1.438398 
2454886.361157 0.000000 0.000000    -0.000002     1.438398 
2454887.292455 0.000000 0.000000    -0.000001     1.438398 
2454888.223753 0.000000 0.000000    -0.000001     1.438398 
2454889.155051 0.000000 0.000000    -0.000000     1.438398 
2454890.086349 0.000000 0.000000    -0.000001     1.438398 
2454891.017646 0.000000 0.000000    -0.000001     1.438398 
2454891.948944 0.000000 0.000000    -0.000002     1.438398 
2454892.880242 0.000000 0.000000    -0.000002     1.438398 
2454893.811540 0.000000 0.000000    -0.000001     1.438398 
2454894.742838 0.000000 0.000000     0.000000     1.438398 
2454895.674136 0.000000 0.000000     0.000002     1.438398 
2454896.605434 0.000000 0.000000     0.000002     1.438398 
2454897.536731 0.000000 0.000000     0.000001     1.438398 
2454898.468029 0.000000 0.000000    -0.000000     1.438398 
2454899.399327 0.000000 0.000000     0.000000     1.438398 
2454900.330625 0.000000 0.000000     0.000002     1.438398 
2454901.261923 0.000000 0.000000     0.000004     1.438398 
2454902.193221 0.000000 0.000000     0.000006     1.438398 
2454903.124519 0.000000 0.000000     0.000006     1.438398 
2454904.055816 0.000000 0.000000     0.000005     1.438398 
2454904.987114 0.000000 0.000000     0.000004     1.438398 
2454905.918412 0.000000 0.000000     0.000002     1.438398 
2454906.849710 0.000000 0.000000     0.000002     1.438398 
2454907.781008 0.000000 0.000000     0.000001     1.438398 
2454908.712306 0.000000 0.000000    -0.000000     1.438398 
2454909.643603 0.000000 0.000000    -0.000002     1.438398 
2454910.574901 0.000000 0.000000    -0.000005     1.438398 
2454911.506199 0.000000 0.000000    -0.000006     1.438398 
2454912.437497 0.000000 0.000000    -0.000007     1.438398 
2454913.368795 0.000000 0.000000    -0.000008     1.438398 
2454914.300093 0.000000 0.000000    -0.000010     1.438398 
2454915.231391 0.000000 0.000000    -0.000012     1.438398 
2454916.162688 0.000000 0.000000    -0.000015     1.438398 
2454917.093986 0.000000 0.000000    -0.000017     1.438398 
2454918.025284 0.000000 0.000000    -0.000016     1.438398 
2454918.956582 0.000000 0.000000    -0.000014     1.438398 
2454919.887880 0.000000 0.000000    -0.000011     1.438398 
2454920.819178 0.000000 0.000000    -0.000009     1.438398 
2454921.750476 0.000000 0.000000    -0.000008     1.438398 
2454922.681773 0.000000 0.000000    -0.000008     1.438398 
2454923.613071 0.000000 0.000000    -0.000005     1.438398 
2454924.544369 0.000000 0.000000     0.000001     1.438398 
2454925.475667 0.000000 0.000000     0.000009     1.438398 
2454926.406965 0.000000 0.000000     0.000017     1.438398 
2454927.338263 0.000000 0.000000     0.000022     1.438398 
2454928.269560 0.000000 0.000000     0.000022     1.438398 
2454929.200858 0.000000 0.000000     0.000019     1.438398 
2454930.132156 0.000000 0.000000     0.000015     1.438398 
2454931.063454 0.000000 0.000000     0.000011     1.438398 
2454931.994752 0.000000 0.000000     0.000007     1.438398 
2454932.926050 0.000000 0.000000     0.000003     1.438398 
2454933.857348 0.000000 0.000000    -0.000002     1.438398 
2454934.788645 0.000000 0.000000    -0.000009     1.438398 
2454935.719943 0.000000 0.000000    -0.000015     1.438398 
2454936.651241 0.000000 0.000000    -0.000021     1.438398 
2454937.582539 0.000000 0.000000    -0.000025     1.438398 
2454938.513837 0.000000 0.000000    -0.000031     1.438398 
2454939.445135 0.000000 0.000000    -0.000038     1.438398 
2454940.376433 0.000000 0.000000    -0.000046     1.438398 
2454941.307730 0.000000 0.000000    -0.000053     1.438398 
2454942.239028 0.000000 0.000000    -0.000056     1.438398 
2454943.170326 0.000000 0.000000    -0.000056     1.438398 
2454944.101624 0.000000 0.000000    -0.000053     1.438398 
2454945.032922 0.000000 0.000000    -0.000049     1.438398 
2454945.964220 0.000000 0.000000    -0.000047     1.438398 
2454946.895518 0.000000 0.000000    -0.000045     1.438398 
2454947.826815 0.000000 0.000000    -0.000039     1.438398 
2454948.758113 0.000000 0.000000    -0.000027     1.438398 
2454949.689411 0.000000 0.000000    -0.000008     1.438398 
2454950.620709 0.000000 0.000000     0.000014     1.438398 
2454951.552007 0.000000 0.000000     0.000032     1.438398 
2454952.483305 0.000000 0.000000     0.000042     1.438398 
2454953.414602 0.000000 0.000000     0.000043     1.438398 
2454954.345900 0.000000 0.000000     0.000037     1.438398 
2454955.277198 0.000000 0.000000     0.000029     1.438398 
2454956.208496 0.000000 0.000000     0.000021     1.438398 
2454957.139794 0.000000 0.000000     0.000012     1.438398 
2454958.071092 0.000000 0.000000     0.000001     1.438398 
2454959.002390 0.000000 0.000000    -0.000012     1.438398 
2454959.933687 0.000000 0.000000    -0.000026     1.438398 
2454960.864985 0.000000 0.000000    -0.000038     1.438398 
2454961.796283 0.000000 0.000000    -0.000049     1.438398 
2454962.727581 0.000000 0.000000    -0.000061     1.438398 
2454963.658879 0.000000 0.000000    -0.000075     1.438398 
2454964.590177 0.000000 0.000000    -0.000092     1.438398 
2454965.521475 0.000000 0.000000    -0.000110     1.438398 
2454966.452772 0.000000 0.000000    -0.000124     1.438398 
2454967.384070 0.000000 0.000000    -0.000131     1.438398 
2454968.315368 0.000000 0.000000    -0.000131     1.438398 
2454969.246666 0.000000 0.000000    -0.000129     1.438398 
2454970.177964 0.000000 0.000000    -0.000129     1.438398 
2454971.109262 0.000000 0.000000    -0.000129     1.438398 
2454972.040559 0.000000 0.000000    -0.000126     1.438398 
2454972.971857 0.000000 0.000000    -0.000111     1.438398 
2454973.903155 0.000000 0.000000    -0.000082     1.438398 
2454974.834453 0.000000 0.000000    -0.000041     1.438398 
2454975.765751 0.000000 0.000000     0.000001     1.438398 
2454976.697049 0.000000 0.000000     0.000034     1.438398 
2454977.628347 0.000000 0.000000     0.000050     1.438398 
2454978.559644 0.000000 0.000000     0.000052     1.438398 
2454979.490942 0.000000 0.000000     0.000045     1.438398 
2454980.422240 0.000000 0.000000     0.000035     1.438398 
2454981.353538 0.000000 0.000000     0.000023     1.438398 
2454982.284836 0.000000 0.000000     0.000007     1.438398 
2454983.216134 0.000000 0.000000    -0.000013     1.438398 
2454984.147432 0.000000 0.000000    -0.000037     1.438398 
2454985.078729 0.000000 0.000000    -0.000059     1.438398 
2454986.010027 0.000000 0.000000    -0.000077     1.438398 
2454986.941325 0.000000 0.000000    -0.000093     1.438398 
2454987.872623 0.000000 0.000000    -0.000111     1.438398 
2454988.803921 0.000000 0.000000    -0.000136     1.438398 
2454989.735219 0.000000 0.000000    -0.000167     1.438398 
2454990.666517 0.000000 0.000000    -0.000197     1.438398 
2454991.597814 0.000000 0.000000    -0.000219     1.438398 
2454992.529112 0.000000 0.000000    -0.000230     1.438398 
2454993.460410 0.000000 0.000000    -0.000233     1.438398 
2454994.391708 0.000000 0.000000    -0.000236     1.438398 
2454995.323006 0.000000 0.000000    -0.000244     1.438398 
2454996.254304 0.000000 0.000000    -0.000253     1.438398 
2454997.185601 0.000000 0.000000    -0.000250     1.438398 
2454998.116899 0.000000 0.000000    -0.000224     1.438398 
2454999.048197 0.000000 0.000000    -0.000174     1.438398 
2454999.979495 0.000000 0.000000    -0.000110     1.438398 
2455000.910793 0.000000 0.000000    -0.000049     1.438398 
2455001.842091 0.000000 0.000000    -0.000005     1.438398 
2455002.773389 0.000000 0.000000     0.000016     1.438398 
2455003.704686 0.000000 0.000000     0.000020     1.438398 
2455004.635984 0.000000 0.000000     0.000016     1.438398 
2455005.567282 0.000000 0.000000     0.000009     1.438398 
2455006.498580 0.000000 0.000000    -0.000003     1.438398 
2455007.429878 0.000000 0.000000    -0.000023     1.438398 
2455008.361176 0.000000 0.000000    -0.000051     1.438398 
2455009.292474 0.000000 0.000000    -0.000081     1.438398 
2455010.223771 0.000000 0.000000    -0.000106     1.438398 
2455011.155069 0.000000 0.000000    -0.000124     1.438398 
2455012.086367 0.000000 0.000000    -0.000138     1.438398 
2455013.017665 0.000000 0.000000    -0.000159     1.438398 
2455013.948963 0.000000 0.000000    -0.000190     1.438398 
2455014.880261 0.000000 0.000000    -0.000230     1.438398 
2455015.811558 0.000000 0.000000    -0.000268     1.438398 
2455016.742856 0.000000 0.000000    -0.000293     1.438398 
2455017.674154 0.000000 0.000000    -0.000306     1.438398 
2455018.605452 0.000000 0.000000    -0.000314     1.438398 
2455019.536750 0.000000 0.000000    -0.000328     1.438398 
2455020.468048 0.000000 0.000000    -0.000350     1.438398 
2455021.399346 0.000000 0.000000    -0.000370     1.438398 
2455022.330643 0.000000 0.000000    -0.000371     1.438398 
2455023.261941 0.000000 0.000000    -0.000341     1.438398 
2455024.193239 0.000000 0.000000    -0.000283     1.438398 
2455025.124537 0.000000 0.000000    -0.000212     1.438398 
2455026.055835 0.000000 0.000000    -0.000150     1.438398 
2455026.987133 0.000000 0.000000    -0.000109     1.438398 
2455027.918431 0.000000 0.000000    -0.000089     1.438398 
2455028.849728 0.000000 0.000000    -0.000081     1.438398 
2455029.781026 0.000000 0.000000    -0.000076     1.438398 
2455030.712324 0.000000 0.000000    -0.000072     1.438398 
2455031.643622 0.000000 0.000000    -0.000076     1.438398 
2455032.574920 0.000000 0.000000    -0.000091     1.438398 
2455033.506218 0.000000 0.000000    -0.000115     1.438398 
2455034.437515 0.000000 0.000000    -0.000140     1.438398 
2455035.368813 0.000000 0.000000    -0.000155     1.438398 
2455036.300111 0.000000 0.000000    -0.000159     1.438398 
2455037.231409 0.000000 0.000000    -0.000161     1.438398 
2455038.162707 0.000000 0.000000    -0.000171     1.438398 
2455039.094005 0.000000 0.000000    -0.000193     1.438398 
2455040.025303 0.000000 0.000000    -0.000223     1.438398 
2455040.956600 0.000000 0.000000    -0.000251     1.438398 
2455041.887898 0.000000 0.000000    -0.000271     1.438398 
2455042.819196 0.000000 0.000000    -0.000284     1.438398 
2455043.750494 0.000000 0.000000    -0.000299     1.438398 
2455044.681792 0.000000 0.000000    -0.000324     1.438398 
2455045.613090 0.000000 0.000000    -0.000355     1.438398 
2455046.544388 0.000000 0.000000    -0.000380     1.438398 
2455047.475685 0.000000 0.000000    -0.000388     1.438398 
2455048.406983 0.000000 0.000000    -0.000371     1.438398 
2455049.338281 0.000000 0.000000    -0.000338     1.438398 
2455050.269579 0.000000 0.000000    -0.000303     1.438398 
2455051.200877 0.000000 0.000000    -0.000275     1.438398 
2455052.132175 0.000000 0.000000    -0.000259     1.438398 
2455053.063473 0.000000 0.000000    -0.000247     1.438398 
2455053.994770 0.000000 0.000000    -0.000233     1.438398 
2455054.926068 0.000000 0.000000    -0.000214     1.438398 
2455055.857366 0.000000 0.000000    -0.000197     1.438398 
2455056.788664 0.000000 0.000000    -0.000186     1.438398 
2455057.719962 0.000000 0.000000    -0.000185     1.438398 
2455058.651260 0.000000 0.000000    -0.000187     1.438398 
2455059.582557 0.000000 0.000000    -0.000185     1.438398 
2455060.513855 0.000000 0.000000    -0.000175     1.438398 
2455061.445153 0.000000 0.000000    -0.000159     1.438398 
2455062.376451 0.000000 0.000000    -0.000140     1.438398 
2455063.307749 0.000000 0.000000    -0.000124     1.438398 
2455064.239047 0.000000 0.000000    -0.000112     1.438398 
2455065.170345 0.000000 0.000000    -0.000104     1.438398 
2455066.101642 0.000000 0.000000    -0.000101     1.438398 
2455067.032940 0.000000 0.000000    -0.000107     1.438398 
2455067.964238 0.000000 0.000000    -0.000123     1.438398 
2455068.895536 0.000000 0.000000    -0.000146     1.438398 
2455069.826834 0.000000 0.000000    -0.000168     1.438398 
2455070.758132 0.000000 0.000000    -0.000181     1.438398 
2455071.689430 0.000000 0.000000    -0.000187     1.438398 
2455072.620727 0.000000 0.000000    -0.000195     1.438398 
2455073.552025 0.000000 0.000000    -0.000216     1.438398 
2455074.483323 0.000000 0.000000    -0.000254     1.438398 
2455075.414621 0.000000 0.000000    -0.000300     1.438398 
2455076.345919 0.000000 0.000000    -0.000335     1.438398 
2455077.277217 0.000000 0.000000    -0.000343     1.438398 
2455078.208514 0.000000 0.000000    -0.000326     1.438398 
2455079.139812 0.000000 0.000000    -0.000297     1.438398 
2455080.071110 0.000000 0.000000    -0.000273     1.438398 
2455081.002408 0.000000 0.000000    -0.000260     1.438398 
2455081.933706 0.000000 0.000000    -0.000252     1.438398 
2455082.865004 0.000000 0.000000    -0.000235     1.438398 
2455083.796302 0.000000 0.000000    -0.000205     1.438398 
2455084.727599 0.000000 0.000000    -0.000170     1.438398 
2455085.658897 0.000000 0.000000    -0.000143     1.438398 
2455086.590195 0.000000 0.000000    -0.000126     1.438398 
2455087.521493 0.000000 0.000000    -0.000110     1.438398 
2455088.452791 0.000000 0.000000    -0.000076     1.438398 
2455089.384089 0.000000 0.000000    -0.000021     1.438398 
2455090.315387 0.000000 0.000000     0.000037     1.438398 
2455091.246684 0.000000 0.000000     0.000069     1.438398 
2455092.177982 0.000000 0.000000     0.000058     1.438398 
2455093.109280 0.000000 0.000000     0.000017     1.438398 
2455094.040578 0.000000 0.000000    -0.000015     1.438398 
2455094.971876 0.000000 0.000000    -0.000002     1.438398 
2455095.903174 0.000000 0.000000     0.000059     1.438398 
2455096.834471 0.000000 0.000000     0.000126     1.438398 
2455097.765769 0.000000 0.000000     0.000141     1.438398 
2455098.697067 0.000000 0.000000     0.000076     1.438398 
2455099.628365 0.000000 0.000000    -0.000043     1.438398 
2455100.559663 0.000000 0.000000    -0.000150     1.438398 
2455101.490961 0.000000 0.000000    -0.000183     1.438398 
2455102.422259 0.000000 0.000000    -0.000128     1.438398 
2455103.353556 0.000000 0.000000    -0.000033     1.438398 
2455104.284854 0.000000 0.000000     0.000034     1.438398 
2455105.216152 0.000000 0.000000     0.000031     1.438398 
2455106.147450 0.000000 0.000000    -0.000025     1.438398 
2455107.078748 0.000000 0.000000    -0.000082     1.438398 
2455108.010046 0.000000 0.000000    -0.000097     1.438398 
2455108.941344 0.000000 0.000000    -0.000075     1.438398 
2455109.872641 0.000000 0.000000    -0.000060     1.438398 
2455110.803939 0.000000 0.000000    -0.000093     1.438398 
2455111.735237 0.000000 0.000000    -0.000169     1.438398 
2455112.666535 0.000000 0.000000    -0.000241     1.438398 
2455113.597833 0.000000 0.000000    -0.000261     1.438398 
2455114.529131 0.000000 0.000000    -0.000224     1.438398 
2455115.460429 0.000000 0.000000    -0.000188     1.438398 
2455116.391726 0.000000 0.000000    -0.000218     1.438398 
2455117.323024 0.000000 0.000000    -0.000331     1.438398 
2455118.254322 0.000000 0.000000    -0.000463     1.438398 
2455119.185620 0.000000 0.000000    -0.000512     1.438398 
2455120.116918 0.000000 0.000000    -0.000414     1.438398 
2455121.048216 0.000000 0.000000    -0.000208     1.438398 
2455121.979513 0.000000 0.000000    -0.000011     1.438398 
2455122.910811 0.000000 0.000000     0.000067     1.438398 
2455123.842109 0.000000 0.000000     0.000015     1.438398 
2455124.773407 0.000000 0.000000    -0.000060     1.438398 
2455125.704705 0.000000 0.000000    -0.000007     1.438398 
2455126.636003 0.000000 0.000000     0.000251     1.438398 
2455127.567301 0.000000 0.000000     0.000648     1.438398 
2455128.498598 0.000000 0.000000     0.001007     1.438398 
2455129.429896 0.000000 0.000000     0.001165     1.438398 
2455130.361194 0.000000 0.000000     0.001075     1.438398 
2455131.292492 0.000000 0.000000     0.000830     1.438398 
2455132.223790 0.000000 0.000000     0.000575     1.438398 
2455133.155088 0.000000 0.000000     0.000396     1.438398 
2455134.086386 0.000000 0.000000     0.000263     1.438398 
2455135.017683 0.000000 0.000000     0.000080     1.438398 
2455135.948981 0.000000 0.000000    -0.000214     1.438398 
2455136.880279 0.000000 0.000000    -0.000585     1.438398 
2455137.811577 0.000000 0.000000    -0.000930     1.438398 
2455138.742875 0.000000 0.000000    -0.001177     1.438398 
2455139.674173 0.000000 0.000000    -0.001359     1.438398 
2455140.605470 0.000000 0.000000    -0.001586     1.438398 
2455141.536768 0.000000 0.000000    -0.001943     1.438398 
2455142.468066 0.000000 0.000000    -0.002384     1.438398 
2455143.399364 0.000000 0.000000    -0.002739     1.438398 
2455144.330662 0.000000 0.000000    -0.002832     1.438398 
2455145.261960 0.000000 0.000000    -0.002622     1.438398 
2455146.193258 0.000000 0.000000    -0.002249     1.438398 
2455147.124555 0.000000 0.000000    -0.001926     1.438398 
2455148.055853 0.000000 0.000000    -0.001759     1.438398 
2455148.987151 0.000000 0.000000    -0.001636     1.438397 
2455149.918449 0.000000 0.000000    -0.001289     1.438397 
2455150.849747 0.000000 0.000000    -0.000505     1.438397 
2455151.781045 0.000000 0.000000     0.000682     1.438397 
2455152.712343 0.000000 0.000000     0.001958     1.438397 
2455153.643640 0.000000 0.000000     0.002905     1.438397 
2455154.574938 0.000000 0.000000     0.003249     1.438397 
2455155.506236 0.000000 0.000000     0.003008     1.438397 
2455156.437534 0.000000 0.000000     0.002436     1.438397 
2455157.368832 0.000000 0.000000     0.001811     1.438397 
2455158.300130 0.000000 0.000000     0.001249     1.438397 
2455159.231427 0.000000 0.000000     0.000672     1.438397 
2455160.162725 0.000000 0.000000    -0.000051     1.438397 
2455161.094023 0.000000 0.000000    -0.000949     1.438397 
2455162.025321 0.000000 0.000000    -0.001904     1.438397 
2455162.956619 0.000000 0.000000    -0.002766     1.438397 
2455163.887917 0.000000 0.000000    -0.003507     1.438397 
2455164.819215 0.000000 0.000000    -0.004266     1.438397 
2455165.750512 0.000000 0.000000    -0.005216     1.438397 
2455166.681810 0.000000 0.000000    -0.006373     1.438397 
2455167.613108 0.000000 0.000000    -0.007506     1.438397 
2455168.544406 0.000000 0.000000    -0.008275     1.438397 
2455169.475704 0.000000 0.000000    -0.008475     1.438397 
2455170.407002 0.000000 0.000000    -0.008211     1.438397 
2455171.338300 0.000000 0.000000    -0.007814     1.438397 
2455172.269597 0.000000 0.000000    -0.007554     1.438397 
2455173.200895 0.000000 0.000000    -0.007360     1.438396 
2455174.132193 0.000000 0.000000    -0.006800     1.438396 
2455175.063491 0.000000 0.000000    -0.005378     1.438395 
2455175.994789 0.000000 0.000000    -0.002941     1.438394 
2455176.926087 0.000000 0.000000     0.000107     1.438394 
2455177.857385 0.000000 0.000000     0.002966     1.438394 
2455178.788682 0.000000 0.000000     0.004876     1.438394 
2455179.719980 0.000000 0.000000     0.005522     1.438394 
2455180.651278 0.000000 0.000000     0.005128     1.438394 
2455181.582576 0.000000 0.000000     0.004195     1.438394 
2455182.513874 0.000000 0.000000     0.003112     1.438394 
2455183.445172 0.000000 0.000000     0.001953     1.438394 
2455184.376469 0.000000 0.000000     0.000572     1.438394 
2455185.307767 0.000000 0.000000    -0.001119     1.438394 
2455186.239065 0.000000 0.000000    -0.002982     1.438394 
2455187.170363 0.000000 0.000000    -0.004744     1.438394 
2455188.101661 0.000000 0.000000    -0.006265     1.438394 
2455189.032959 0.000000 0.000000    -0.007711     1.438394 
2455189.964257 0.000000 0.000000    -0.009440     1.438394 
2455190.895554 0.000000 0.000000    -0.011659     1.438394 
2455191.826852 0.000000 0.000000    -0.014155     1.438394 
2455192.758150 0.000000 0.000000    -0.016349     1.438394 
2455193.689448 0.000000 0.000000    -0.017696     1.438394 
2455194.620746 0.000000 0.000000    -0.018102     1.438394 
2455195.552044 0.000000 0.000000    -0.018009     1.438394 
2455196.483342 0.000000 0.000000    -0.018012     1.438394 
2455197.414639 0.000000 0.000000    -0.018288     1.438394 
2455198.345937 0.000000 0.000000    -0.018304     1.438392 
2455199.277235 0.000000 0.000000    -0.017085     1.438390 
2455200.208533 0.000000 0.000000    -0.013910     1.438388 
2455201.139831 0.000000 0.000000    -0.008939     1.438386 
2455202.071129 0.000000 0.000000    -0.003277     1.438386 
2455203.002426 0.000000 0.000000     0.001591     1.438386 
2455203.933724 0.000000 0.000000     0.004608     1.438386 
2455204.865022 0.000000 0.000000     0.005622     1.438386 
2455205.796320 0.000000 0.000000     0.005236     1.438386 
2455206.727618 0.000000 0.000000     0.004202     1.438386 
2455207.658916 0.000000 0.000000     0.002877     1.438386 
2455208.590214 0.000000 0.000000     0.001145     1.438386 
2455209.521511 0.000000 0.000000    -0.001208     1.438387 
2455210.452809 0.000000 0.000000    -0.004068     1.438387 
2455211.384107 0.000000 0.000000    -0.006944     1.438387 
2455212.315405 0.000000 0.000000    -0.009348     1.438387 
2455213.246703 0.000000 0.000000    -0.011271     1.438387 
2455214.178001 0.000000 0.000000    -0.013266     1.438386 
2455215.109299 0.000000 0.000000    -0.016014     1.438386 
2455216.040596 0.000000 0.000000    -0.019688     1.438386 
2455216.971894 0.000000 0.000000    -0.023675     1.438386 
2455217.903192 0.000000 0.000000    -0.026947     1.438386 
2455218.834490 0.000000 0.000000    -0.028835     1.438386 
2455219.765788 0.000000 0.000000    -0.029558     1.438386 
2455220.697086 0.000000 0.000000    -0.030048     1.438386 
2455221.628383 0.000000 0.000000    -0.031110     1.438386 
2455222.559681 0.000000 0.000000    -0.032586     1.438386 
2455223.490979 0.000000 0.000000    -0.033224     1.438384 
2455224.422277 0.000000 0.000000    -0.031444     1.438382 
2455225.353575 0.000000 0.000000    -0.026491     1.438379 
2455226.284873 0.000000 0.000000    -0.019127     1.438376 
2455227.216171 0.000000 0.000000    -0.011309     1.438376 
2455228.147468 0.000000 0.000000    -0.005080     1.438376 
2455229.078766 0.000000 0.000000    -0.001473     1.438376 
2455230.010064 0.000000 0.000000    -0.000179     1.438376 
2455230.941362 0.000000 0.000000    -0.000162     1.438376 
2455231.872660 0.000000 0.000000    -0.000613     1.438376 
2455232.803958 0.000000 0.000000    -0.001488     1.438376 
2455233.735256 0.000000 0.000000    -0.003243     1.438376 
2455234.666553 0.000000 0.000000    -0.006102     1.438376 
2455235.597851 0.000000 0.000000    -0.009578     1.438377 
2455236.529149 0.000000 0.000000    -0.012714     1.438377 
2455237.460447 0.000000 0.000000    -0.014855     1.438377 
2455238.391745 0.000000 0.000000    -0.016256     1.438376 
2455239.323043 0.000000 0.000000    -0.017938     1.438376 
2455240.254341 0.000000 0.000000    -0.020865     1.438376 
2455241.185638 0.000000 0.000000    -0.025089     1.438376 
2455242.116936 0.000000 0.000000    -0.029617     1.438376 
2455243.048234 0.000000 0.000000    -0.033166     1.438376 
2455243.979532 0.000000 0.000000    -0.035187     1.438376 
2455244.910830 0.000000 0.000000    -0.036321     1.438376 
2455245.842128 0.000000 0.000000    -0.037824     1.438376 
2455246.773425 0.000000 0.000000    -0.040398     1.438376 
2455247.704723 0.000000 0.000000    -0.043364     1.438376 
2455248.636021 0.000000 0.000000    -0.044908     1.438375 
2455249.567319 0.000000 0.000000    -0.043298     1.438373 
2455250.498617 0.000000 0.000000    -0.038161     1.438372 
2455251.429915 0.000000 0.000000    -0.030870     1.438371 
2455252.361213 0.000000 0.000000    -0.023717     1.438370 
2455253.292510 0.000000 0.000000    -0.018520     1.438370 
2455254.223808 0.000000 0.000000    -0.015676     1.438370 
2455255.155106 0.000000 0.000000    -0.014324     1.438370 
2455256.086404 0.000000 0.000000    -0.013348     1.438370 
2455257.017702 0.000000 0.000000    -0.012356     1.438371 
2455257.949000 0.000000 0.000000    -0.011853     1.438371 
2455258.880298 0.000000 0.000000    -0.012548     1.438371 
2455259.811595 0.000000 0.000000    -0.014502     1.438371 
2455260.742893 0.000000 0.000000    -0.016869     1.438371 
2455261.674191 0.000000 0.000000    -0.018495     1.438371 
2455262.605489 0.000000 0.000000    -0.018830     1.438371 
2455263.536787 0.000000 0.000000    -0.018378     1.438371 
2455264.468085 0.000000 0.000000    -0.018280     1.438371 
2455265.399382 0.000000 0.000000    -0.019398     1.438370 
2455266.330680 0.000000 0.000000    -0.021668     1.438370 
2455267.261978 0.000000 0.000000    -0.024263     1.438370 
2455268.193276 0.000000 0.000000    -0.026376     1.438370 
2455269.124574 0.000000 0.000000    -0.027939     1.438370 
2455270.055872 0.000000 0.000000    -0.029626     1.438370 
2455270.987170 0.000000 0.000000    -0.032149     1.438370 
2455271.918467 0.000000 0.000000    -0.035475     1.438370 
2455272.849765 0.000000 0.000000    -0.038665     1.438370 
2455273.781063 0.000000 0.000000    -0.040495     1.438370 
2455274.712361 0.000000 0.000000    -0.040365     1.438370 
2455275.643659 0.000000 0.000000    -0.038727     1.438370 
2455276.574957 0.000000 0.000000    -0.036698     1.438370 
2455277.506255 0.000000 0.000000    -0.035186     1.438370 
2455278.437552 0.000000 0.000000    -0.034278     1.438370 
2455279.368850 0.000000 0.000000    -0.033344     1.438370 
2455280.300148 0.000000 0.000000    -0.031736     1.438370 
2455281.231446 0.000000 0.000000    -0.029413     1.438370 
2455282.162744 0.000000 0.000000    -0.026974     1.438370 
2455283.094042 0.000000 0.000000    -0.025117     1.438370 
2455284.025340 0.000000 0.000000    -0.024037     1.438370 
2455284.956637 0.000000 0.000000    -0.023295     1.438370 
2455285.887935 0.000000 0.000000    -0.022239     1.438370 
2455286.819233 0.000000 0.000000    -0.020526     1.438370 
2455287.750531 0.000000 0.000000    -0.018281     1.438370 
2455288.681829 0.000000 0.000000    -0.015800     1.438370 
2455289.613127 0.000000 0.000000    -0.013189     1.438370 
2455290.544424 0.000000 0.000000    -0.010381     1.438370 
2455291.475722 0.000000 0.000000    -0.007534     1.438370 
2455292.407020 0.000000 0.000000    -0.005344     1.438370 
2455293.338318 0.000000 0.000000    -0.004778     1.438370 
2455294.269616 0.000000 0.000000    -0.006276     1.438370 
2455295.200914 0.000000 0.000000    -0.009103     1.438370 
2455296.132212 0.000000 0.000000    -0.011601     1.438370 
2455297.063509 0.000000 0.000000    -0.012369     1.438370 
2455297.994807 0.000000 0.000000    -0.011554     1.438371 
2455298.926105 0.000000 0.000000    -0.011079     1.438371 
2455299.857403 0.000000 0.000000    -0.013368     1.438370 
2455300.788701 0.000000 0.000000    -0.019394     1.438370 
2455301.719999 0.000000 0.000000    -0.027572     1.438371 
2455302.651297 0.000000 0.000000    -0.034532     1.438372 
2455303.582594 0.000000 0.000000    -0.037356     1.438373 
2455304.513892 0.000000 0.000000    -0.035602     1.438373 
2455305.445190 0.000000 0.000000    -0.031500     1.438373 
2455306.376488 0.000000 0.000000    -0.028132     1.438373 
2455307.307786 0.000000 0.000000    -0.027045     1.438373 
2455308.239084 0.000000 0.000000    -0.027260     1.438373 
2455309.170381 0.000000 0.000000    -0.026469     1.438373 
2455310.101679 0.000000 0.000000    -0.023334     1.438373 
2455311.032977 0.000000 0.000000    -0.018802     1.438373 
2455311.964275 0.000000 0.000000    -0.015215     1.438373 
2455312.895573 0.000000 0.000000    -0.013959     1.438374 
2455313.826871 0.000000 0.000000    -0.013862     1.438374 
2455314.758169 0.000000 0.000000    -0.012003     1.438374 
2455315.689466 0.000000 0.000000    -0.006485     1.438373 
2455316.620764 0.000000 0.000000     0.001257     1.438374 
2455317.552062 0.000000 0.000000     0.006940     1.438374 
2455318.483360 0.000000 0.000000     0.006794     1.438374 
2455319.414658 0.000000 0.000000     0.001178     1.438373 
2455320.345956 0.000000 0.000000    -0.004819     1.438373 
2455321.277254 0.000000 0.000000    -0.004876     1.438373 
2455322.208551 0.000000 0.000000     0.003341     1.438373 
2455323.139849 0.000000 0.000000     0.015512     1.438369 
2455324.071147 0.000000 0.000000     0.023174     1.438353 
2455325.002445 0.000000 0.000000     0.020006     1.438317 
2455325.933743 0.000000 0.000000     0.007159     1.438269 
2455326.865041 0.000000 0.000000    -0.006812     1.438236 
2455327.796338 0.000000 0.000000    -0.011828     1.438236 
2455328.727636 0.000000 0.000000    -0.003720     1.438256 
2455329.658934 0.000000 0.000000     0.012524     1.438272 
2455330.590232 0.000000 0.000000     0.026365     1.438278 
2455331.521530 0.000000 0.000000     0.029461     1.438280 
2455332.452828 0.000000 0.000000     0.021480     1.438280 
2455333.384126 0.000000 0.000000     0.009460     1.438280 
2455334.315423 0.000000 0.000000     0.001439     1.438281 
2455335.246721 0.000000 0.000000    -0.000252     1.438282 
2455336.178019 0.000000 0.000000    -0.000382     1.438283 
2455337.109317 0.000000 0.000000    -0.005879     1.438285 
2455338.040615 0.000000 0.000000    -0.019016     1.438287 
2455338.971913 0.000000 0.000000    -0.034884     1.438286 
2455339.903211 0.000000 0.000000    -0.045654     1.438284 
2455340.834508 0.000000 0.000000    -0.048000     1.438282 
2455341.765806 0.000000 0.000000    -0.046909     1.438281 
2455342.697104 0.000000 0.000000    -0.051866     1.438280 
2455343.628402 0.000000 0.000000    -0.068051     1.438279 
2455344.559700 0.000000 0.000000    -0.090054     1.438277 
2455345.490998 0.000000 0.000000    -0.104268     1.438275 
2455346.422296 0.000000 0.000000    -0.099024     1.438272 
2455347.353593 0.000000 0.000000    -0.074592     1.438258 
2455348.284891 0.000000 0.000000    -0.044316     1.438188 
2455349.216189 0.000000 0.000000    -0.024839     1.437933 
2455350.147487 0.000000 0.000000    -0.022479     1.437367 
2455351.078785 0.000000 0.000000    -0.026783     1.436599 
2455352.010083 0.000000 0.000000    -0.017359     1.435998 
2455352.941380 0.000000 0.000000     0.020323     1.435819 
2455353.872678 0.000000 0.000000     0.082139     1.435935 
2455354.803976 0.000000 0.000000     0.145796     1.436070 
2455355.735274 0.000000 0.000000     0.184867     1.436126 
2455356.666572 0.000000 0.000000     0.186004     1.436145 
2455357.597870 0.000000 0.000000     0.156361     1.436155 
2455358.529168 0.000000 0.000000     0.115957     1.436162 
2455359.460465 0.000000 0.000000     0.081624     1.436178 
2455360.391763 0.000000 0.000000     0.055542     1.436202 
2455361.323061 0.000000 0.000000     0.027079     1.436234 
2455362.254359 0.000000 0.000000    -0.014766     1.436280 
2455363.185657 0.000000 0.000000    -0.069847     1.436306 
2455364.116955 0.000000 0.000000    -0.126597     1.436278 
2455365.048253 0.000000 0.000000    -0.173047     1.436220 
2455365.979550 0.000000 0.000000    -0.208789     1.436174 
2455366.910848 0.000000 0.000000    -0.246210     1.436158 
2455367.842146 0.000000 0.000000    -0.298687     1.436166 
2455368.773444 0.000000 0.000000    -0.365538     1.436170 
2455369.704742 0.000000 0.000000    -0.427653     1.436155 
2455370.636040 0.000000 0.000000    -0.459480     1.436135 
2455371.567337 0.000000 0.000000    -0.448783     1.436112 
2455372.498635 0.000000 0.000000    -0.407529     1.436027 
2455373.429933 0.000000 0.000000    -0.363107     1.435591 
2455374.361231 0.000000 0.000000    -0.335094     1.433986 
2455375.292529 0.000000 0.000000    -0.315963     1.430391 
2455376.223827 0.000000 0.000000    -0.272880     1.425420 
2455377.155125 0.000000 0.000000    -0.171868     1.421315 
2455378.086422 0.000000 0.000000    -0.007228     1.419722 
2455379.017720 0.000000 0.000000     0.186651     1.420005 
2455379.949018 0.000000 0.000000     0.351643     1.420592 
2455380.880316 0.000000 0.000000     0.439581     1.420858 
2455381.811614 0.000000 0.000000     0.439011     1.420970 
2455382.742912 0.000000 0.000000     0.376058     1.421041 
2455383.674210 0.000000 0.000000     0.290558     1.421101 
2455384.605507 0.000000 0.000000     0.207307     1.421217 
2455385.536805 0.000000 0.000000     0.124552     1.421396 
2455386.468103 0.000000 0.000000     0.026204     1.421663 
2455387.399401 0.000000 0.000000    -0.095832     1.422002 
2455388.330699 0.000000 0.000000    -0.230444     1.422165 
2455389.261997 0.000000 0.000000    -0.357172     1.421939 
2455390.193294 0.000000 0.000000    -0.467158     1.421486 
2455391.124592 0.000000 0.000000    -0.574173     1.421132 
2455392.055890 0.000000 0.000000    -0.703049     1.421031 
2455392.987188 0.000000 0.000000    -0.863664     1.421118 
2455393.918486 0.000000 0.000000    -1.033633     1.421188 
2455394.849784 0.000000 0.000000    -1.167770     1.421131 
2455395.781082 0.000000 0.000000    -1.229928     1.421030 
2455396.712379 0.000000 0.000000    -1.221717     1.420929 
2455397.643677 0.000000 0.000000    -1.181941     1.420649 
2455398.574975 0.000000 0.000000    -1.153105     1.419152 
2455399.506273 0.000000 0.000000    -1.139813     1.413441 
2455400.437571 0.000000 0.000000    -1.094128     1.400284 
2455401.368869 0.000000 0.000000    -0.944544     1.381401 
2455402.300167 0.000000 0.000000    -0.650971     1.364874 
2455403.231464 0.000000 0.000000    -0.245303     1.357464 
2455404.162762 0.000000 0.000000     0.174838     1.357430 
2455405.094060 0.000000 0.000000     0.497419     1.359051 
2455406.025358 0.000000 0.000000     0.656626     1.359868 
2455406.956656 0.000000 0.000000     0.660277     1.360282 
2455407.887954 0.000000 0.000000     0.567467     1.360589 
2455408.819252 0.000000 0.000000     0.437967     1.360864 
2455409.750549 0.000000 0.000000     0.294341     1.361347 
2455410.681847 0.000000 0.000000     0.123607     1.362138 
2455411.613145 0.000000 0.000000    -0.089870     1.363361 
2455412.544443 0.000000 0.000000    -0.334575     1.364823 
2455413.475741 0.000000 0.000000    -0.574284     1.365446 
2455414.407039 0.000000 0.000000    -0.780652     1.364406 
2455415.338336 0.000000 0.000000    -0.964206     1.362397 
2455416.269634 0.000000 0.000000    -1.171074     1.360819 
2455417.200932 0.000000 0.000000    -1.442678     1.360381 
2455418.132230 0.000000 0.000000    -1.770917     1.360774 
2455419.063528 0.000000 0.000000    -2.090143     1.361140 
2455419.994826 0.000000 0.000000    -2.318982     1.361019 
2455420.926124 0.000000 0.000000    -2.421643     1.360688 
2455421.857421 0.000000 0.000000    -2.437091     1.360389 
2455422.788719 0.000000 0.000000    -2.446229     1.359801 
2455423.720017 0.000000 0.000000    -2.497531     1.356537 
2455424.651315 0.000000 0.000000    -2.549796     1.343383 
2455425.582613 0.000000 0.000000    -2.483204     1.311605 
2455426.513911 0.000000 0.000000    -2.179077     1.262772 
2455427.445209 0.000000 0.000000    -1.613246     1.215739 
2455428.376506 0.000000 0.000000    -0.892849     1.191457 
2455429.307804 0.000000 0.000000    -0.205915     1.188574 
2455430.239102 0.000000 0.000000     0.282100     1.191669 
2455431.170400 0.000000 0.000000     0.511360     1.193489 
2455432.101698 0.000000 0.000000     0.534148     1.194640 
2455433.032996 0.000000 0.000000     0.448746     1.195627 
2455433.964293 0.000000 0.000000     0.318931     1.196549 
2455434.895591 0.000000 0.000000     0.142689     1.198076 
2455435.826889 0.000000 0.000000    -0.112591     1.200688 
2455436.758187 0.000000 0.000000    -0.449054     1.204808 
2455437.689485 0.000000 0.000000    -0.812397     1.209460 
2455438.620783 0.000000 0.000000    -1.127811     1.211156 
2455439.552081 0.000000 0.000000    -1.366297     1.207576 
2455440.483378 0.000000 0.000000    -1.578683     1.200983 
2455441.414676 0.000000 0.000000    -1.859707     1.195815 
2455442.345974 0.000000 0.000000    -2.265899     1.194340 
2455443.277272 0.000000 0.000000    -2.755878     1.195487 
2455444.208570 0.000000 0.000000    -3.208743     1.196675 
2455445.139868 0.000000 0.000000    -3.512682     1.196571 
2455446.071166 0.000000 0.000000    -3.653550     1.195792 
2455447.002463 0.000000 0.000000    -3.726460     1.195090 
2455447.933761 0.000000 0.000000    -3.852501     1.194232 
2455448.865059 0.000000 0.000000    -4.062080     1.189542 
2455449.796357 0.000000 0.000000    -4.240425     1.169037 
2455450.727655 0.000000 0.000000    -4.187943     1.116178 
2455451.658953 0.000000 0.000000    -3.759065     1.025960 
2455452.590250 0.000000 0.000000    -2.978236     0.922167 
2455453.521548 0.000000 0.000000    -2.044502     0.854002 
2455454.452846 0.000000 0.000000    -1.218682     0.838694 
2455455.384144 0.000000 0.000000    -0.675304     0.842686 
2455456.315442 0.000000 0.000000    -0.425559     0.846081 
2455457.246740 0.000000 0.000000    -0.359092     0.849187 
2455458.178038 0.000000 0.000000    -0.359400     0.852241 
2455459.109335 0.000000 0.000000    -0.394932     0.855189 
2455460.040633 0.000000 0.000000    -0.516632     0.859928 
2455460.971931 0.000000 0.000000    -0.776096     0.868435 
2455461.903229 0.000000 0.000000    -1.145684     0.881753 
2455462.834527 0.000000 0.000000    -1.516824     0.895279 
2455463.765825 0.000000 0.000000    -1.781113     0.898678 
2455464.697123 0.000000 0.000000    -1.923263     0.886664 
2455465.628420 0.000000 0.000000    -2.041139     0.866134 
2455466.559718 0.000000 0.000000    -2.269144     0.850110 
2455467.491016 0.000000 0.000000    -2.665487     0.845220 
2455468.422314 0.000000 0.000000    -3.158597     0.847710 
2455469.353612 0.000000 0.000000    -3.601279     0.850720 
2455470.284910 0.000000 0.000000    -3.890492     0.851160 
2455471.216208 0.000000 0.000000    -4.052305     0.849803 
2455472.147505 0.000000 0.000000    -4.216759     0.848071 
2455473.078803 0.000000 0.000000    -4.497834     0.846751 
2455474.010101 0.000000 0.000000    -4.875304     0.842881 
2455474.941399 0.000000 0.000000    -5.179048     0.823933 
2455475.872697 0.000000 0.000000    -5.196789     0.771548 
2455476.803995 0.000000 0.000000    -4.826710     0.673992 
2455477.735292 0.000000 0.000000    -4.158163     0.535005 
2455478.666590 0.000000 0.000000    -3.418455     0.382630 
2455479.597888 0.000000 0.000000    -2.827428     0.300963 
2455480.529186 0.000000 0.000000    -2.470695     0.308387 
2455481.460484 0.000000 0.000000    -2.282372     0.323323 
2455482.391782 0.000000 0.000000    -2.137813     0.341458 
2455483.323080 0.000000 0.000000    -1.971413     0.356821 
2455484.254377 0.000000 0.000000    -1.822570     0.369639 
2455485.185675 0.000000 0.000000    -1.780286     0.390785 
2455486.116973 0.000000 0.000000    -1.883849     0.427767 
2455487.048271 0.000000 0.000000    -2.070484     0.472932 
2455487.979569 0.000000 0.000000    -2.215497     0.505197 
2455488.910867 0.000000 0.000000    -2.228638     0.505440 
2455489.842165 0.000000 0.000000    -2.123050     0.465985 
2455490.773462 0.000000 0.000000    -1.999577     0.393419 
2455491.704760 0.000000 0.000000    -1.963644     0.314143 
2455492.636058 0.000000 0.000000    -2.048189     0.275899 
2455493.567356 0.000000 0.000000    -2.206111     0.280713 
2455494.498654 0.000000 0.000000    -2.371080     0.295577 
2455495.429952 0.000000 0.000000    -2.525425     0.307764 
2455496.361249 0.000000 0.000000    -2.711582     0.305657 
2455497.292547 0.000000 0.000000    -2.979065     0.286059 
2455498.223845 0.000000 0.000000    -3.320105     0.260159 
2455499.155143 0.000000 0.000000    -3.657619     0.250013 
2455500.086441 0.000000 0.000000    -3.899998     0.266393 
2455501.017739 0.000000 0.000000    -4.014115     0.288940 
2455501.949037 0.000000 0.000000    -4.049462     0.295625 
2455502.880334 0.000000 0.000000    -4.089902     0.281454 
2455503.811632 0.000000 0.000000    -4.175389     0.259941 
2455504.742930 0.000000 0.000000    -4.263831     0.251320 
2455505.674228 0.000000 0.000000    -4.267121     0.254781 
2455506.605526 0.000000 0.000000    -4.128436     0.262371 
2455507.536824 0.000000 0.000000    -3.871550     0.274927 
2455508.468122 0.000000 0.000000    -3.579900     0.290475 
2455509.399419 0.000000 0.000000    -3.327570     0.304770 
2455510.330717 0.000000 0.000000    -3.126125     0.315530 
2455511.262015 0.000000 0.000000    -2.932207     0.324911 
2455512.193313 0.000000 0.000000    -2.700815     0.342523 
2455513.124611 0.000000 0.000000    -2.426909     0.375296 
2455514.055909 0.000000 0.000000    -2.134204     0.412368 
2455514.987206 0.000000 0.000000    -1.828228     0.432144 
2455515.918504 0.000000 0.000000    -1.472072     0.416738 
2455516.849802 0.000000 0.000000    -1.023690     0.371406 
2455517.781100 0.000000 0.000000    -0.508146     0.371592 
2455518.712398 0.000000 0.000000    -0.050148     0.438529 
2455519.643696 0.000000 0.000000     0.185590     0.482273 
2455520.574994 0.000000 0.000000     0.116763     0.480113 
2455521.506291 0.000000 0.000000    -0.170781     0.456284 
2455522.437589 0.000000 0.000000    -0.461915     0.453196 
2455523.368887 0.000000 0.000000    -0.567946     0.480085 
2455524.300185 0.000000 0.000000    -0.486703     0.517818 
2455525.231483 0.000000 0.000000    -0.433416     0.550969 
2455526.162781 0.000000 0.000000    -0.699748     0.575787 
2455527.094079 0.000000 0.000000    -1.434800     0.615704 
2455528.025376 0.000000 0.000000    -2.512603     0.687727 
2455528.956674 0.000000 0.000000    -3.592106     0.762960 
2455529.887972 0.000000 0.000000    -4.329540     0.811918 
2455530.819270 0.000000 0.000000    -4.585227     0.831980 
2455531.750568 0.000000 0.000000    -4.473659     0.837001 
2455532.681866 0.000000 0.000000    -4.231986     0.839314 
2455533.613164 0.000000 0.000000    -4.024541     0.842292 
2455534.544461 0.000000 0.000000    -3.842831     0.845440 
2455535.475759 0.000000 0.000000    -3.569721     0.848049 
2455536.407057 0.000000 0.000000    -3.132585     0.850604 
2455537.338355 0.000000 0.000000    -2.597060     0.855630 
2455538.269653 0.000000 0.000000    -2.112749     0.864294 
2455539.200951 0.000000 0.000000    -1.761595     0.873382 
2455540.132248 0.000000 0.000000    -1.455141     0.876105 
2455541.063546 0.000000 0.000000    -0.990952     0.866816 
2455541.994844 0.000000 0.000000    -0.237663     0.851900 
2455542.926142 0.000000 0.000000     0.706706     0.851330 
2455543.857440 0.000000 0.000000     1.533979     0.869457 
2455544.788738 0.000000 0.000000     1.933425     0.883718 
2455545.720036 0.000000 0.000000     1.834874     0.880785 
2455546.651333 0.000000 0.000000     1.486779     0.871663 
2455547.582631 0.000000 0.000000     1.286437     0.869943 
2455548.513929 0.000000 0.000000     1.475675     0.876021 
2455549.445227 0.000000 0.000000     1.932516     0.886892 
2455550.376525 0.000000 0.000000     2.227856     0.899111 
2455551.307823 0.000000 0.000000     1.918017     0.913527 
2455552.239121 0.000000 0.000000     0.862500     0.949352 
2455553.170418 0.000000 0.000000    -0.665445     1.017908 
2455554.101716 0.000000 0.000000    -2.151920     1.091965 
2455555.033014 0.000000 0.000000    -3.164439     1.141446 
2455555.964312 0.000000 0.000000    -3.586055     1.162606 
2455556.895610 0.000000 0.000000    -3.606511     1.169128 
2455557.826908 0.000000 0.000000    -3.509580     1.172500 
2455558.758205 0.000000 0.000000    -3.444737     1.175143 
2455559.689503 0.000000 0.000000    -3.360580     1.176789 
2455560.620801 0.000000 0.000000    -3.126162     1.178047 
2455561.552099 0.000000 0.000000    -2.706750     1.179725 
2455562.483397 0.000000 0.000000    -2.225261     1.182572 
2455563.414695 0.000000 0.000000    -1.853572     1.186378 
2455564.345993 0.000000 0.000000    -1.637003     1.189668 
2455565.277290 0.000000 0.000000    -1.421254     1.190380 
2455566.208588 0.000000 0.000000    -0.965533     1.187002 
2455567.139886 0.000000 0.000000    -0.160596     1.182173 
2455568.071184 0.000000 0.000000     0.832287     1.182660 
2455569.002482 0.000000 0.000000     1.654094     1.189395 
2455569.933780 0.000000 0.000000     1.996131     1.194207 
2455570.865078 0.000000 0.000000     1.837217     1.192397 
2455571.796375 0.000000 0.000000     1.478644     1.187573 
2455572.727673 0.000000 0.000000     1.335195     1.181336 
2455573.658971 0.000000 0.000000     1.629541     1.170618 
2455574.590269 0.000000 0.000000     2.216506     1.156169 
2455575.521567 0.000000 0.000000     2.669586     1.142475 
2455576.452865 0.000000 0.000000     2.567425     1.134848 
2455577.384163 0.000000 0.000000     1.772898     1.144878 
2455578.315460 0.000000 0.000000     0.510942     1.180243 
2455579.246758 0.000000 0.000000    -0.793183     1.225161 
2455580.178056 0.000000 0.000000    -1.780429     1.256946 
2455581.109354 0.000000 0.000000    -2.335030     1.271223 
2455582.040652 0.000000 0.000000    -2.567579     1.278345 
2455582.971950 0.000000 0.000000    -2.656441     1.285152 
2455583.903247 0.000000 0.000000    -2.696309     1.289878 
2455584.834545 0.000000 0.000000    -2.669683     1.291218 
2455585.765843 0.000000 0.000000    -2.534978     1.291795 
2455586.697141 0.000000 0.000000    -2.323469     1.293835 
2455587.628439 0.000000 0.000000    -2.140665     1.296912 
2455588.559737 0.000000 0.000000    -2.066278     1.299718 
2455589.491035 0.000000 0.000000    -2.049571     1.302067 
2455590.422332 0.000000 0.000000    -1.911020     1.304344 
2455591.353630 0.000000 0.000000    -1.472418     1.306012 
2455592.284928 0.000000 0.000000    -0.720843     1.307169 
2455593.216226 0.000000 0.000000     0.131405     1.309711 
2455594.147524 0.000000 0.000000     0.757222     1.313330 
2455595.078822 0.000000 0.000000     0.929026     1.314445 
2455596.010120 0.000000 0.000000     0.682590     1.311969 
2455596.941417 0.000000 0.000000     0.305175     1.306375 
2455597.872715 0.000000 0.000000     0.149141     1.291569 
2455598.804013 0.000000 0.000000     0.399447     1.258639 
2455599.735311 0.000000 0.000000     0.955326     1.209636 
2455600.666609 0.000000 0.000000     1.501354     1.159640 
2455601.597907 0.000000 0.000000     1.708694     1.124470 
2455602.529204 0.000000 0.000000     1.424270     1.113643 
2455603.460502 0.000000 0.000000     0.729915     1.128281 
2455604.391800 0.000000 0.000000    -0.143227     1.153727 
2455605.323098 0.000000 0.000000    -0.961585     1.171227 
2455606.254396 0.000000 0.000000    -1.591386     1.179076 
2455607.185694 0.000000 0.000000    -2.007812     1.188445 
2455608.116992 0.000000 0.000000    -2.242573     1.201801 
2455609.048289 0.000000 0.000000    -2.336948     1.210681 
2455609.979587 0.000000 0.000000    -2.337618     1.212117 
2455610.910885 0.000000 0.000000    -2.315053     1.212356 
2455611.842183 0.000000 0.000000    -2.356400     1.216332 
2455612.773481 0.000000 0.000000    -2.512835     1.222145 
2455613.704779 0.000000 0.000000    -2.737139     1.226651 
2455614.636077 0.000000 0.000000    -2.875642     1.231197 
2455615.567374 0.000000 0.000000    -2.747065     1.239309 
2455616.498672 0.000000 0.000000    -2.270088     1.250657 
2455617.429970 0.000000 0.000000    -1.550127     1.261090 
2455618.361268 0.000000 0.000000    -0.851070     1.267114 
2455619.292566 0.000000 0.000000    -0.454668     1.266919 
2455620.223864 0.000000 0.000000    -0.493095     1.261043 
2455621.155161 0.000000 0.000000    -0.865399     1.253834 
2455622.086459 0.000000 0.000000    -1.295077     1.245254 
2455623.017757 0.000000 0.000000    -1.491809     1.220506 
2455623.949055 0.000000 0.000000    -1.313460     1.160220 
2455624.880353 0.000000 0.000000    -0.830683     1.061857 
2455625.811651 0.000000 0.000000    -0.266751     0.949630 
2455626.742949 0.000000 0.000000     0.134471     0.863460 
2455627.674246 0.000000 0.000000     0.225003     0.827237 
2455628.605544 0.000000 0.000000    -0.005880     0.832341 
2455629.536842 0.000000 0.000000    -0.465081     0.851867 
2455630.468140 0.000000 0.000000    -1.019910     0.863128 
2455631.399438 0.000000 0.000000    -1.548591     0.867515 
2455632.330736 0.000000 0.000000    -1.963526     0.880728 
2455633.262034 0.000000 0.000000    -2.221559     0.901557 
2455634.193331 0.000000 0.000000    -2.335507     0.914609 
2455635.124629 0.000000 0.000000    -2.379494     0.916597 
2455636.055927 0.000000 0.000000    -2.465721     0.918130 
2455636.987225 0.000000 0.000000    -2.684062     0.926877 
2455637.918523 0.000000 0.000000    -3.031310     0.939317 
2455638.849821 0.000000 0.000000    -3.382098     0.950177 
2455639.781119 0.000000 0.000000    -3.539225     0.963874 
2455640.712416 0.000000 0.000000    -3.349307     0.991246 
2455641.643714 0.000000 0.000000    -2.815982     1.031196 
2455642.575012 0.000000 0.000000    -2.130935     1.065008 
2455643.506310 0.000000 0.000000    -1.588876     1.073088 
2455644.437608 0.000000 0.000000    -1.428808     1.050111 
2455645.368906 0.000000 0.000000    -1.697395     1.010897 
2455646.300203 0.000000 0.000000    -2.221018     0.982354 
2455647.231501 0.000000 0.000000    -2.705046     0.970270 
2455648.162799 0.000000 0.000000    -2.897928     0.944471 
2455649.094097 0.000000 0.000000    -2.719290     0.873278 
2455650.025395 0.000000 0.000000    -2.279863     0.747975 
2455650.956693 0.000000 0.000000    -1.794197     0.582180 
2455651.887991 0.000000 0.000000    -1.452719     0.408382 
2455652.819288 0.000000 0.000000    -1.334598     0.298056 
2455653.750586 0.000000 0.000000    -1.403137     0.299773 
2455654.681884 0.000000 0.000000    -1.565251     0.317888 
2455655.613182 0.000000 0.000000    -1.740417     0.323852 
2455656.544480 0.000000 0.000000    -1.893569     0.330099 
2455657.475778 0.000000 0.000000    -2.025456     0.347627 
2455658.407076 0.000000 0.000000    -2.147460     0.370082 
2455659.338373 0.000000 0.000000    -2.270189     0.395152 
2455660.269671 0.000000 0.000000    -2.409920     0.423774 
2455661.200969 0.000000 0.000000    -2.591960     0.453103 
2455662.132267 0.000000 0.000000    -2.830809     0.485398 
2455663.063565 0.000000 0.000000    -3.094132     0.523124 
2455663.994863 0.000000 0.000000    -3.285247     0.562414 
2455664.926160 0.000000 0.000000    -3.277234     0.610816 
2455665.857458 0.000000 0.000000    -2.994797     0.687777 
2455666.788756 0.000000 0.000000    -2.493994     0.781410 
2455667.720054 0.000000 0.000000    -1.974503     0.848762 
2455668.651352 0.000000 0.000000    -1.694512     0.852345 
2455669.582650 0.000000 0.000000    -1.825894     0.772667 
2455670.513948 0.000000 0.000000    -2.338836     0.609382 
2455671.445245 0.000000 0.000000    -2.998283     0.397969 
2455672.376543 0.000000 0.000000    -3.486910     0.349021 
2455673.307841 0.000000 0.000000    -3.584139     0.374824 
2455674.239139 0.000000 0.000000    -3.288419     0.402951 
2455675.170437 0.000000 0.000000    -2.803719     0.502846 
2455676.101735 0.000000 0.000000    -2.400655     0.561507 
2455677.033033 0.000000 0.000000    -2.246251     0.543560 
2455677.964330 0.000000 0.000000    -2.315065     0.497238 
2455678.895628 0.000000 0.000000    -2.434912     0.526456 
2455679.826926 0.000000 0.000000    -2.425910     0.586347 
2455680.758224 0.000000 0.000000    -2.229957     0.607220 
2455681.689522 0.000000 0.000000    -1.942001     0.607548 
2455682.620820 0.000000 0.000000    -1.730793     0.633175 
2455683.552117 0.000000 0.000000    -1.716189     0.670046 
2455684.483415 0.000000 0.000000    -1.894114     0.673923 
2455685.414713 0.000000 0.000000    -2.155146     0.641410 
2455686.346011 0.000000 0.000000    -2.368226     0.620331 
2455687.277309 0.000000 0.000000    -2.457090     0.642311 
2455688.208607 0.000000 0.000000    -2.415672     0.667350 
2455689.139905 0.000000 0.000000    -2.268924     0.676031 
2455690.071202 0.000000 0.000000    -2.033023     0.687647 
2455691.002500 0.000000 0.000000    -1.722165     0.710722 
2455691.933798 0.000000 0.000000    -1.395444     0.743051 
2455692.865096 0.000000 0.000000    -1.186638     0.793854 
2455693.796394 0.000000 0.000000    -1.261877     0.854325 
2455694.727692 0.000000 0.000000    -1.710169     0.898437 
2455695.658990 0.000000 0.000000    -2.441556     0.918132 
2455696.590287 0.000000 0.000000    -3.184280     0.921788 
2455697.521585 0.000000 0.000000    -3.611656     0.906382 
2455698.452883 0.000000 0.000000    -3.531113     0.854437 
2455699.384181 0.000000 0.000000    -3.008658     0.763161 
2455700.315479 0.000000 0.000000    -2.334562     0.670382 
2455701.246777 0.000000 0.000000    -1.843873     0.630720 
2455702.178075 0.000000 0.000000    -1.710629     0.626569 
2455703.109372 0.000000 0.000000    -1.856692     0.628858 
2455704.040670 0.000000 0.000000    -2.034863     0.658027 
2455704.971968 0.000000 0.000000    -2.020444     0.707843 
2455705.903266 0.000000 0.000000    -1.769695     0.740271 
2455706.834564 0.000000 0.000000    -1.434205     0.738944 
2455707.765862 0.000000 0.000000    -1.231817     0.713315 
2455708.697159 0.000000 0.000000    -1.280339     0.673131 
2455709.628457 0.000000 0.000000    -1.519765     0.603887 
2455710.559755 0.000000 0.000000    -1.771420     0.488601 
2455711.491053 0.000000 0.000000    -1.874095     0.411579 
2455712.422351 0.000000 0.000000    -1.784871     0.477963 
2455713.353649 0.000000 0.000000    -1.574037     0.509895 
2455714.284947 0.000000 0.000000    -1.338680     0.497438 
2455715.216244 0.000000 0.000000    -1.125127     0.527127 
2455716.147542 0.000000 0.000000    -0.931706     0.573205 
2455717.078840 0.000000 0.000000    -0.779748     0.603339 
2455718.010138 0.000000 0.000000    -0.768989     0.703127 
2455718.941436 0.000000 0.000000    -1.040615     0.859993 
2455719.872734 0.000000 0.000000    -1.655248     0.987546 
2455720.804032 0.000000 0.000000    -2.482407     1.057513 
2455721.735329 0.000000 0.000000    -3.210684     1.075174 
2455722.666627 0.000000 0.000000    -3.503501     1.048049 
2455723.597925 0.000000 0.000000    -3.206815     0.971515 
2455724.529223 0.000000 0.000000    -2.459843     0.837571 
2455725.460521 0.000000 0.000000    -1.619562     0.656545 
2455726.391819 0.000000 0.000000    -1.043909     0.510962 
2455727.323116 0.000000 0.000000    -0.884076     0.525127 
2455728.254414 0.000000 0.000000    -1.028995     0.566123 
2455729.185712 0.000000 0.000000    -1.229351     0.595744 
2455730.117010 0.000000 0.000000    -1.295039     0.651640 
2455731.048308 0.000000 0.000000    -1.213555     0.705636 
2455731.979606 0.000000 0.000000    -1.111092     0.707965 
2455732.910904 0.000000 0.000000    -1.109243     0.643701 
2455733.842201 0.000000 0.000000    -1.209669     0.560380 
2455734.773499 0.000000 0.000000    -1.303970     0.571816 
2455735.704797 0.000000 0.000000    -1.290269     0.632743 
2455736.636095 0.000000 0.000000    -1.183020     0.661691 
2455737.567393 0.000000 0.000000    -1.110327     0.675877 
2455738.498691 0.000000 0.000000    -1.196391     0.717050 
2455739.429989 0.000000 0.000000    -1.434674     0.775478 
2455740.361286 0.000000 0.000000    -1.673368     0.805664 
2455741.292584 0.000000 0.000000    -1.740305     0.779262 
2455742.223882 0.000000 0.000000    -1.608115     0.714477 
2455743.155180 0.000000 0.000000    -1.452649     0.709297 
2455744.086478 0.000000 0.000000    -1.536213     0.797473 
2455745.017776 0.000000 0.000000    -1.992687     0.882911 
2455745.949073 0.000000 0.000000    -2.683758     0.929234 
2455746.880371 0.000000 0.000000    -3.252525     0.939565 
2455747.811669 0.000000 0.000000    -3.350619     0.910904 
2455748.742967 0.000000 0.000000    -2.876114     0.834542 
2455749.674265 0.000000 0.000000    -2.045248     0.721172 
2455750.605563 0.000000 0.000000    -1.245727     0.616812 
2455751.536861 0.000000 0.000000    -0.784744     0.559308 
2455752.468158 0.000000 0.000000    -0.719094     0.518620 
2455753.399456 0.000000 0.000000    -0.880696     0.485572 
2455754.330754 0.000000 0.000000    -1.051999     0.494169 
2455755.262052 0.000000 0.000000    -1.133651     0.534152 
2455756.193350 0.000000 0.000000    -1.170965     0.569878 
2455757.124648 0.000000 0.000000    -1.239881     0.583704 
2455758.055946 0.000000 0.000000    -1.318969     0.590688 
2455758.987243 0.000000 0.000000    -1.282100     0.629874 
2455759.918541 0.000000 0.000000    -1.030244     0.690211 
2455760.849839 0.000000 0.000000    -0.642978     0.731198 
2455761.781137 0.000000 0.000000    -0.394920     0.752278 
2455762.712435 0.000000 0.000000    -0.587770     0.788608 
2455763.643733 0.000000 0.000000    -1.310735     0.853312 
2455764.575031 0.000000 0.000000    -2.322495     0.910391 
2455765.506328 0.000000 0.000000    -3.170117     0.916840 
2455766.437626 0.000000 0.000000    -3.478551     0.847463 
2455767.368924 0.000000 0.000000    -3.202814     0.707089 
2455768.300222 0.000000 0.000000    -2.651775     0.585227 
2455769.231520 0.000000 0.000000    -2.260674     0.612436 
2455770.162818 0.000000 0.000000    -2.279806     0.658301 
2455771.094115 0.000000 0.000000    -2.609538     0.675288 
2455772.025413 0.000000 0.000000    -2.897885     0.693860 
2455772.956711 0.000000 0.000000    -2.816385     0.684102 
2455773.888009 0.000000 0.000000    -2.300454     0.602270 
2455774.819307 0.000000 0.000000    -1.579591     0.482661 
2455775.750605 0.000000 0.000000    -0.993179     0.498535 
2455776.681903 0.000000 0.000000    -0.749727     0.560006 
2455777.613200 0.000000 0.000000    -0.814881     0.562149 
2455778.544498 0.000000 0.000000    -0.993874     0.536199 
2455779.475796 0.000000 0.000000    -1.113419     0.510228 
2455780.407094 0.000000 0.000000    -1.139818     0.478299 
2455781.338392 0.000000 0.000000    -1.144125     0.464256 
2455782.269690 0.000000 0.000000    -1.170136     0.486396 
2455783.200988 0.000000 0.000000    -1.148232     0.521301 
2455784.132285 0.000000 0.000000    -0.952130     0.567891 
2455785.063583 0.000000 0.000000    -0.557859     0.611530 
2455785.994881 0.000000 0.000000    -0.156502     0.632434 
2455786.926179 0.000000 0.000000    -0.092895     0.648430 
2455787.857477 0.000000 0.000000    -0.641469     0.684785 
2455788.788775 0.000000 0.000000    -1.775477     0.727996 
2455789.720072 0.000000 0.000000    -3.114048     0.760456 
2455790.651370 0.000000 0.000000    -4.111743     0.774164 
2455791.582668 0.000000 0.000000    -4.375628     0.754339 
2455792.513966 0.000000 0.000000    -3.894491     0.704380 
2455793.445264 0.000000 0.000000    -3.023088     0.689188 
2455794.376562 0.000000 0.000000    -2.238352     0.747328 
2455795.307860 0.000000 0.000000    -1.843146     0.807721 
2455796.239157 0.000000 0.000000    -1.819437     0.828759 
2455797.170455 0.000000 0.000000    -1.913074     0.804967 
2455798.101753 0.000000 0.000000    -1.862754     0.725568 
2455799.033051 0.000000 0.000000    -1.593851     0.573614 
2455799.964349 0.000000 0.000000    -1.244593     0.369968 
2455800.895647 0.000000 0.000000    -1.030191     0.387102 
2455801.826945 0.000000 0.000000    -1.068267     0.427483 
2455802.758242 0.000000 0.000000    -1.300527     0.368525 
2455803.689540 0.000000 0.000000    -1.554395     0.352277 
2455804.620838 0.000000 0.000000    -1.676132     0.396521 
2455805.552136 0.000000 0.000000    -1.623053     0.386098 
2455806.483434 0.000000 0.000000    -1.453101     0.378550 
2455807.414732 0.000000 0.000000    -1.243291     0.414531 
2455808.346029 0.000000 0.000000    -1.023393     0.434537 
2455809.277327 0.000000 0.000000    -0.785344     0.462937 
2455810.208625 0.000000 0.000000    -0.551019     0.517110 
2455811.139923 0.000000 0.000000    -0.421967     0.549878 
2455812.071221 0.000000 0.000000    -0.546509     0.545367 
2455813.002519 0.000000 0.000000    -1.012261     0.517717 
2455813.933817 0.000000 0.000000    -1.743900     0.477395 
2455814.865114 0.000000 0.000000    -2.495214     0.457392 
2455815.796412 0.000000 0.000000    -2.960510     0.503844 
2455816.727710 0.000000 0.000000    -2.941712     0.554395 
2455817.659008 0.000000 0.000000    -2.462393     0.571635 
2455818.590306 0.000000 0.000000    -1.753111     0.609794 
2455819.521604 0.000000 0.000000    -1.118961     0.700614 
2455820.452902 0.000000 0.000000    -0.776595     0.780472 
2455821.384199 0.000000 0.000000    -0.761308     0.805409 
2455822.315497 0.000000 0.000000    -0.950364     0.772080 
2455823.246795 0.000000 0.000000    -1.170196     0.708491 
2455824.178093 0.000000 0.000000    -1.307896     0.675809 
2455825.109391 0.000000 0.000000    -1.358940     0.707508 
2455826.040689 0.000000 0.000000    -1.396379     0.753573 
2455826.971987 0.000000 0.000000    -1.499253     0.772885 
2455827.903284 0.000000 0.000000    -1.694946     0.765771 
2455828.834582 0.000000 0.000000    -1.947823     0.750457 
2455829.765880 0.000000 0.000000    -2.188569     0.728534 
2455830.697178 0.000000 0.000000    -2.354337     0.676258 
2455831.628476 0.000000 0.000000    -2.412065     0.573697 
2455832.559774 0.000000 0.000000    -2.357386     0.426472 
2455833.491071 0.000000 0.000000    -2.200572     0.295174 
2455834.422369 0.000000 0.000000    -1.955856     0.282880 
2455835.353667 0.000000 0.000000    -1.641919     0.299337 
2455836.284965 0.000000 0.000000    -1.289168     0.323670 
2455837.216263 0.000000 0.000000    -0.943497     0.333630 
2455838.147561 0.000000 0.000000    -0.659187     0.339132 
2455839.078859 0.000000 0.000000    -0.481684     0.371160 
2455840.010156 0.000000 0.000000    -0.428508     0.391628 
2455840.941454 0.000000 0.000000    -0.479326     0.391118 
2455841.872752 0.000000 0.000000    -0.582955     0.410271 
2455842.804050 0.000000 0.000000    -0.680871     0.439022 
2455843.735348 0.000000 0.000000    -0.736969     0.465142 
2455844.666646 0.000000 0.000000    -0.757290     0.522538 
2455845.597944 0.000000 0.000000    -0.786132     0.582424 
2455846.529241 0.000000 0.000000    -0.877431     0.599616 
2455847.460539 0.000000 0.000000    -1.056303     0.600715 
2455848.391837 0.000000 0.000000    -1.294625     0.657451 
2455849.323135 0.000000 0.000000    -1.518490     0.740594 
2455850.254433 0.000000 0.000000    -1.646248     0.792059 
2455851.185731 0.000000 0.000000    -1.635607     0.811007 
2455852.117028 0.000000 0.000000    -1.511261     0.822933 
2455853.048326 0.000000 0.000000    -1.356280     0.836761 
2455853.979624 0.000000 0.000000    -1.272922     0.838365 
2455854.910922 0.000000 0.000000    -1.335828     0.815976 
2455855.842220 0.000000 0.000000    -1.561265     0.775301 
2455856.773518 0.000000 0.000000    -1.902111     0.745567 
2455857.704816 0.000000 0.000000    -2.262566     0.757483 
2455858.636113 0.000000 0.000000    -2.521421     0.796155 
2455859.567411 0.000000 0.000000    -2.559261     0.830225 
2455860.498709 0.000000 0.000000    -2.292464     0.850654 
2455861.430007 0.000000 0.000000    -1.713663     0.859333 
2455862.361305 0.000000 0.000000    -0.924210     0.857629 
2455863.292603 0.000000 0.000000    -0.132432     0.850519 
2455864.223901 0.000000 0.000000     0.401731     0.842876 
2455865.155198 0.000000 0.000000     0.466592     0.825606 
2455866.086496 0.000000 0.000000    -0.000080     0.777770 
2455867.017794 0.000000 0.000000    -0.865394     0.679590 
2455867.949092 0.000000 0.000000    -1.845978     0.520833 
2455868.880390 0.000000 0.000000    -2.628646     0.390781 
2455869.811688 0.000000 0.000000    -3.006750     0.498071 
2455870.742986 0.000000 0.000000    -2.959799     0.559760 
2455871.674283 0.000000 0.000000    -2.635409     0.518181 
2455872.605581 0.000000 0.000000    -2.248720     0.452573 
2455873.536879 0.000000 0.000000    -1.960029     0.541688 
2455874.468177 0.000000 0.000000    -1.799226     0.633198 
2455875.399475 0.000000 0.000000    -1.673571     0.636129 
2455876.330773 0.000000 0.000000    -1.445805     0.572042 
2455877.262070 0.000000 0.000000    -1.032870     0.564970 
2455878.193368 0.000000 0.000000    -0.470093     0.644470 
2455879.124666 0.000000 0.000000     0.090667     0.686189 
2455880.055964 0.000000 0.000000     0.444993     0.692607 
2455880.987262 0.000000 0.000000     0.430136     0.772210 
2455881.918560 0.000000 0.000000     0.007287     0.923090 
2455882.849858 0.000000 0.000000    -0.703453     1.053970 
2455883.781155 0.000000 0.000000    -1.452600     1.134537 
2455884.712453 0.000000 0.000000    -1.949395     1.174104 
2455885.643751 0.000000 0.000000    -1.979427     1.191289 
2455886.575049 0.000000 0.000000    -1.506378     1.197095 
2455887.506347 0.000000 0.000000    -0.711049     1.195431 
2455888.437645 0.000000 0.000000     0.059574     1.190359 
2455889.368943 0.000000 0.000000     0.423160     1.182579 
2455890.300240 0.000000 0.000000     0.122750     1.161471 
2455891.231538 0.000000 0.000000    -0.854008     1.108588 
2455892.162836 0.000000 0.000000    -2.255894     1.013257 
2455893.094134 0.000000 0.000000    -3.663810     0.899996 
2455894.025432 0.000000 0.000000    -4.660182     0.852703 
2455894.956730 0.000000 0.000000    -4.993956     0.893818 
2455895.888027 0.000000 0.000000    -4.665085     0.926971 
2455896.819325 0.000000 0.000000    -3.893058     0.912668 
2455897.750623 0.000000 0.000000    -2.991961     0.891303 
2455898.681921 0.000000 0.000000    -2.218853     0.915623 
2455899.613219 0.000000 0.000000    -1.670618     0.961182 
2455900.544517 0.000000 0.000000    -1.274538     0.981558 
2455901.475815 0.000000 0.000000    -0.867586     0.976834 
2455902.407112 0.000000 0.000000    -0.315824     0.977757 
2455903.338410 0.000000 0.000000     0.390674     0.993644 
2455904.269708 0.000000 0.000000     1.114989     1.002761 
2455905.201006 0.000000 0.000000     1.631910     1.008539 
2455906.132304 0.000000 0.000000     1.737426     1.055783 
2455907.063602 0.000000 0.000000     1.355758     1.152698 
2455907.994900 0.000000 0.000000     0.592746     1.249759 
2455908.926197 0.000000 0.000000    -0.291323     1.313251 
2455909.857495 0.000000 0.000000    -0.981296     1.343526 
2455910.788793 0.000000 0.000000    -1.239298     1.355173 
2455911.720091 0.000000 0.000000    -1.013511     1.358811 
2455912.651389 0.000000 0.000000    -0.473939     1.358278 
2455913.582687 0.000000 0.000000     0.046642     1.355880 
2455914.513984 0.000000 0.000000     0.188186     1.350953 
2455915.445282 0.000000 0.000000    -0.279308     1.335867 
2455916.376580 0.000000 0.000000    -1.346233     1.300790 
2455917.307878 0.000000 0.000000    -2.754373     1.246252 
2455918.239176 0.000000 0.000000    -4.096952     1.194391 
2455919.170474 0.000000 0.000000    -4.984032     1.177343 
2455920.101772 0.000000 0.000000    -5.196385     1.193707 
2455921.033069 0.000000 0.000000    -4.756147     1.208422 
2455921.964367 0.000000 0.000000    -3.885330     1.203469 
2455922.895665 0.000000 0.000000    -2.881150     1.194285 
2455923.826963 0.000000 0.000000    -1.977781     1.202055 
2455924.758261 0.000000 0.000000    -1.264925     1.221806 
2455925.689559 0.000000 0.000000    -0.695743     1.235273 
2455926.620857 0.000000 0.000000    -0.164549     1.238566 
2455927.552154 0.000000 0.000000     0.400240     1.240652 
2455928.483452 0.000000 0.000000     0.981587     1.245231 
2455929.414750 0.000000 0.000000     1.480560     1.247477 
2455930.346048 0.000000 0.000000     1.769523     1.249884 
2455931.277346 0.000000 0.000000     1.756420     1.267235 
2455932.208644 0.000000 0.000000     1.428892     1.305776 
2455933.139942 0.000000 0.000000     0.865389     1.350368 
2455934.071239 0.000000 0.000000     0.216226     1.383594 
2455935.002537 0.000000 0.000000    -0.337802     1.402145 
2455935.933835 0.000000 0.000000    -0.642710     1.411831 
2455936.865133 0.000000 0.000000    -0.633913     1.416857 
2455937.796431 0.000000 0.000000    -0.381737     1.418360 
2455938.727729 0.000000 0.000000    -0.089350     1.417404 
2455939.659026 0.000000 0.000000    -0.023999     1.412536 
2455940.590324 0.000000 0.000000    -0.396913     1.397989 
2455941.521622 0.000000 0.000000    -1.246405     1.370257 
2455942.452920 0.000000 0.000000    -2.392455     1.335738 
2455943.384218 0.000000 0.000000    -3.500684     1.309241 
2455944.315516 0.000000 0.000000    -4.231090     1.301651 
2455945.246814 0.000000 0.000000    -4.391710     1.308061 
2455946.178111 0.000000 0.000000    -4.009742     1.312966 
2455947.109409 0.000000 0.000000    -3.282690     1.307005 
2455948.040707 0.000000 0.000000    -2.448194     1.295240 
2455948.972005 0.000000 0.000000    -1.660797     1.288589 
2455949.903303 0.000000 0.000000    -0.951685     1.289188 
2455950.834601 0.000000 0.000000    -0.282973     1.291051 
2455951.765899 0.000000 0.000000     0.360281     1.291776 
2455952.697196 0.000000 0.000000     0.918584     1.293766 
2455953.628494 0.000000 0.000000     1.285680     1.297255 
2455954.559792 0.000000 0.000000     1.386898     1.300460 
2455955.491090 0.000000 0.000000     1.239335     1.305167 
2455956.422388 0.000000 0.000000     0.943195     1.315770 
2455957.353686 0.000000 0.000000     0.613427     1.332461 
2455958.284983 0.000000 0.000000     0.311284     1.350463 
2455959.216281 0.000000 0.000000     0.033387     1.367432 
2455960.147579 0.000000 0.000000    -0.237053     1.386071 
2455961.078877 0.000000 0.000000    -0.470409     1.406442 
2455962.010175 0.000000 0.000000    -0.587196     1.422266 
2455962.941473 0.000000 0.000000    -0.527297     1.429258 
2455963.872771 0.000000 0.000000    -0.338305     1.428718 
2455964.804068 0.000000 0.000000    -0.199330     1.418016 
2455965.735366 0.000000 0.000000    -0.337695     1.387783 
2455966.666664 0.000000 0.000000    -0.880901     1.336680 
2455967.597962 0.000000 0.000000    -1.747543     1.282718 
2455968.529260 0.000000 0.000000    -2.664701     1.249703 
2455969.460558 0.000000 0.000000    -3.311709     1.241717 
2455970.391856 0.000000 0.000000    -3.496084     1.244773 
2455971.323153 0.000000 0.000000    -3.240930     1.244702 
2455972.254451 0.000000 0.000000    -2.728015     1.233356 
2455973.185749 0.000000 0.000000    -2.148515     1.211652 
2455974.117047 0.000000 0.000000    -1.580258     1.189044 
2455975.048345 0.000000 0.000000    -0.983178     1.172984 
2455975.979643 0.000000 0.000000    -0.305358     1.163339 
2455976.910940 0.000000 0.000000     0.399690     1.159606 
2455977.842238 0.000000 0.000000     0.953020     1.162423 
2455978.773536 0.000000 0.000000     1.154637     1.168986 
2455979.704834 0.000000 0.000000     0.933148     1.176897 
2455980.636132 0.000000 0.000000     0.418134     1.188352 
2455981.567430 0.000000 0.000000    -0.130319     1.204385 
2455982.498728 0.000000 0.000000    -0.487443     1.220163 
2455983.430025 0.000000 0.000000    -0.599686     1.232981 
2455984.361323 0.000000 0.000000    -0.587436     1.253356 
2455985.292621 0.000000 0.000000    -0.617121     1.295396 
2455986.223919 0.000000 0.000000    -0.749892     1.350441 
2455987.155217 0.000000 0.000000    -0.892228     1.393039 
2455988.086515 0.000000 0.000000    -0.889354     1.411449 
2455989.017813 0.000000 0.000000    -0.683246     1.410969 
2455989.949110 0.000000 0.000000    -0.400406     1.389448 
2455990.880408 0.000000 0.000000    -0.288237     1.328025 
2455991.811706 0.000000 0.000000    -0.540852     1.216103 
2455992.743004 0.000000 0.000000    -1.147174     1.080436 
2455993.674302 0.000000 0.000000    -1.881037     0.985469 
2455994.605600 0.000000 0.000000    -2.443831     0.961053 
2455995.536898 0.000000 0.000000    -2.652179     0.965028 
2455996.468195 0.000000 0.000000    -2.530538     0.963909 
2455997.399493 0.000000 0.000000    -2.247066     0.948256 
2455998.330791 0.000000 0.000000    -1.956129     0.918617 
2455999.262089 0.000000 0.000000    -1.681328     0.885974 
2456000.193387 0.000000 0.000000    -1.332681     0.859852 
2456001.124685 0.000000 0.000000    -0.835652     0.840280 
2456002.055982 0.000000 0.000000    -0.254310     0.831094 
2456002.987280 0.000000 0.000000     0.205036     0.837376 
2456003.918578 0.000000 0.000000     0.323494     0.852542 
2456004.849876 0.000000 0.000000     0.033124     0.870499 
2456005.781174 0.000000 0.000000    -0.517858     0.894849 
2456006.712472 0.000000 0.000000    -1.055103     0.925754 
2456007.643770 0.000000 0.000000    -1.357651     0.952523 
2456008.575067 0.000000 0.000000    -1.390707     0.974232 
2456009.506365 0.000000 0.000000    -1.293805     1.023689 
2456010.437663 0.000000 0.000000    -1.241878     1.125818 
2456011.368961 0.000000 0.000000    -1.295627     1.240749 
2456012.300259 0.000000 0.000000    -1.360925     1.319100 
2456013.231557 0.000000 0.000000    -1.284568     1.349825 
2456014.162855 0.000000 0.000000    -1.002213     1.348249 
2456015.094152 0.000000 0.000000    -0.614192     1.318944 
2456016.025450 0.000000 0.000000    -0.326359     1.239238 
2456016.956748 0.000000 0.000000    -0.303630     1.084281 
2456017.888046 0.000000 0.000000    -0.552896     0.851532 
2456018.819344 0.000000 0.000000    -0.925349     0.563693 
2456019.750642 0.000000 0.000000    -1.230959     0.313976 
2456020.681939 0.000000 0.000000    -1.370801     0.343876 
2456021.613237 0.000000 0.000000    -1.385259     0.348885 
2456022.544535 0.000000 0.000000    -1.389865     0.344964 
2456023.475833 0.000000 0.000000    -1.461744     0.368861 
2456024.407131 0.000000 0.000000    -1.573752     0.409059 
2456025.338429 0.000000 0.000000    -1.626549     0.433116 
2456026.269727 0.000000 0.000000    -1.544249     0.424978 
2456027.201024 0.000000 0.000000    -1.348781     0.412950 
2456028.132322 0.000000 0.000000    -1.150904     0.432708 
2456029.063620 0.000000 0.000000    -1.068501     0.466604 
2456029.994918 0.000000 0.000000    -1.142026     0.498934 
2456030.926216 0.000000 0.000000    -1.314585     0.537045 
2456031.857514 0.000000 0.000000    -1.486356     0.581043 
2456032.788812 0.000000 0.000000    -1.591762     0.616993 
2456033.720109 0.000000 0.000000    -1.634511     0.659573 
2456034.651407 0.000000 0.000000    -1.657648     0.770525 
2456035.582705 0.000000 0.000000    -1.683343     0.936468 
2456036.514003 0.000000 0.000000    -1.679961     1.083411 
2456037.445301 0.000000 0.000000    -1.584999     1.172142 
2456038.376599 0.000000 0.000000    -1.360541     1.202058 
2456039.307896 0.000000 0.000000    -1.029923     1.194700 
2456040.239194 0.000000 0.000000    -0.663520     1.166814 
2456041.170492 0.000000 0.000000    -0.328462     1.113635 
2456042.101790 0.000000 0.000000    -0.048581     1.028739 
2456043.033088 0.000000 0.000000     0.190538     0.931773 
2456043.964386 0.000000 0.000000     0.399137     0.864668 
2456044.895684 0.000000 0.000000     0.545758     0.846574 
2456045.826981 0.000000 0.000000     0.562526     0.855856 
2456046.758279 0.000000 0.000000     0.392340     0.861478 
2456047.689577 0.000000 0.000000     0.039098     0.835103 
2456048.620875 0.000000 0.000000    -0.421553     0.758663 
2456049.552173 0.000000 0.000000    -0.880158     0.632508 
2456050.483471 0.000000 0.000000    -1.249202     0.478721 
2456051.414769 0.000000 0.000000    -1.494038     0.358884 
2456052.346066 0.000000 0.000000    -1.621713     0.345257 
2456053.277364 0.000000 0.000000    -1.648399     0.368118 
2456054.208662 0.000000 0.000000    -1.581795     0.391648 
2456055.139960 0.000000 0.000000    -1.434833     0.418933 
2456056.071258 0.000000 0.000000    -1.251291     0.450897 
2456057.002556 0.000000 0.000000    -1.107494     0.483187 
2456057.933854 0.000000 0.000000    -1.074261     0.511294 
2456058.865151 0.000000 0.000000    -1.163221     0.550967 
2456059.796449 0.000000 0.000000    -1.304030     0.630433 
2456060.727747 0.000000 0.000000    -1.380357     0.737752 
2456061.659045 0.000000 0.000000    -1.305072     0.835354 
2456062.590343 0.000000 0.000000    -1.078519     0.898331 
2456063.521641 0.000000 0.000000    -0.781553     0.918187 
2456064.452938 0.000000 0.000000    -0.504829     0.901530 
2456065.384236 0.000000 0.000000    -0.268963     0.873932 
2456066.315534 0.000000 0.000000    -0.002298     0.870522 
2456067.246832 0.000000 0.000000     0.398880     0.892771 
2456068.178130 0.000000 0.000000     0.968203     0.906719 
2456069.109428 0.000000 0.000000     1.603495     0.899685 
2456070.040726 0.000000 0.000000     2.094703     0.902137 
2456070.972023 0.000000 0.000000     2.236309     0.939600 
2456071.903321 0.000000 0.000000     1.952394     0.979352 
2456072.834619 0.000000 0.000000     1.350243     0.977195 
2456073.765917 0.000000 0.000000     0.665883     0.917643 
2456074.697215 0.000000 0.000000     0.137436     0.807599 
2456075.628513 0.000000 0.000000    -0.112271     0.660590 
2456076.559811 0.000000 0.000000    -0.114219     0.487524 
2456077.491108 0.000000 0.000000    -0.000476     0.331263 
2456078.422406 0.000000 0.000000     0.092642     0.329945 
2456079.353704 0.000000 0.000000     0.097852     0.347607 
2456080.285002 0.000000 0.000000     0.026898     0.382966 
2456081.216300 0.000000 0.000000    -0.071805     0.466328 
2456082.147598 0.000000 0.000000    -0.162834     0.509688 
2456083.078895 0.000000 0.000000    -0.240766     0.479608 
2456084.010193 0.000000 0.000000    -0.309545     0.400267 
2456084.941491 0.000000 0.000000    -0.353076     0.371511 
2456085.872789 0.000000 0.000000    -0.331224     0.397425 
2456086.804087 0.000000 0.000000    -0.209542     0.420976 
2456087.735385 0.000000 0.000000     0.002860     0.481739 
2456088.666683 0.000000 0.000000     0.245246     0.544182 
2456089.597980 0.000000 0.000000     0.443309     0.556041 
2456090.529278 0.000000 0.000000     0.569871     0.530523 
2456091.460576 0.000000 0.000000     0.678971     0.557926 
2456092.391874 0.000000 0.000000     0.876329     0.639697 
2456093.323172 0.000000 0.000000     1.234956     0.688434 
2456094.254470 0.000000 0.000000     1.712060     0.693127 
2456095.185768 0.000000 0.000000     2.134659     0.717860 
2456096.117065 0.000000 0.000000     2.281946     0.796746 
2456097.048363 0.000000 0.000000     2.024724     0.868233 
2456097.979661 0.000000 0.000000     1.433015     0.892194 
2456098.910959 0.000000 0.000000     0.771215     0.874678 
2456099.842257 0.000000 0.000000     0.367465     0.834226 
2456100.773555 0.000000 0.000000     0.428471     0.775403 
2456101.704852 0.000000 0.000000     0.914558     0.707572 
2456102.636150 0.000000 0.000000     1.557813     0.674136 
2456103.567448 0.000000 0.000000     2.015925     0.685885 
2456104.498746 0.000000 0.000000     2.065548     0.700369 
2456105.430044 0.000000 0.000000     1.713695     0.719823 
2456106.361342 0.000000 0.000000     1.162865     0.760050 
2456107.292640 0.000000 0.000000     0.665368     0.792541 
2456108.223937 0.000000 0.000000     0.373628     0.794647 
2456109.155235 0.000000 0.000000     0.285451     0.785543 
2456110.086533 0.000000 0.000000     0.304870     0.793644 
2456111.017831 0.000000 0.000000     0.351748     0.801390 
2456111.949129 0.000000 0.000000     0.424160     0.765113 
2456112.880427 0.000000 0.000000     0.567174     0.658249 
2456113.811725 0.000000 0.000000     0.787122     0.486788 
2456114.743022 0.000000 0.000000     0.999607     0.386762 
2456115.674320 0.000000 0.000000     1.070105     0.440698 
2456116.605618 0.000000 0.000000     0.921726     0.441779 
2456117.536916 0.000000 0.000000     0.617479     0.448232 
2456118.468214 0.000000 0.000000     0.335195     0.503239 
2456119.399512 0.000000 0.000000     0.239249     0.531934 
2456120.330810 0.000000 0.000000     0.345718     0.545618 
2456121.262107 0.000000 0.000000     0.496520     0.591867 
2456122.193405 0.000000 0.000000     0.479490     0.640612 
2456123.124703 0.000000 0.000000     0.212355     0.672018 
2456124.056001 0.000000 0.000000    -0.154609     0.713843 
2456124.987299 0.000000 0.000000    -0.312112     0.760569 
2456125.918597 0.000000 0.000000    -0.004339     0.773554 
2456126.849894 0.000000 0.000000     0.769926     0.748973 
2456127.781192 0.000000 0.000000     1.720173     0.732363 
2456128.712490 0.000000 0.000000     2.427762     0.755960 
2456129.643788 0.000000 0.000000     2.598982     0.787920 
2456130.575086 0.000000 0.000000     2.230364     0.806354 
2456131.506384 0.000000 0.000000     1.576428     0.827342 
2456132.437682 0.000000 0.000000     0.957944     0.864074 
2456133.368979 0.000000 0.000000     0.561473     0.903036 
2456134.300277 0.000000 0.000000     0.372681     0.931766 
2456135.231575 0.000000 0.000000     0.268797     0.951509 
2456136.162873 0.000000 0.000000     0.168317     0.953995 
2456137.094171 0.000000 0.000000     0.101780     0.912614 
2456138.025469 0.000000 0.000000     0.149341     0.806534 
2456138.956767 0.000000 0.000000     0.314813     0.649821 
2456139.888064 0.000000 0.000000     0.464164     0.534971 
2456140.819362 0.000000 0.000000     0.399328     0.534636 
2456141.750660 0.000000 0.000000     0.015532     0.541169 
2456142.681958 0.000000 0.000000    -0.590905     0.544402 
2456143.613256 0.000000 0.000000    -1.164717     0.563248 
2456144.544554 0.000000 0.000000    -1.462183     0.566409 
2456145.475851 0.000000 0.000000    -1.418942     0.541983 
2456146.407149 0.000000 0.000000    -1.180938     0.507940 
2456147.338447 0.000000 0.000000    -0.972922     0.493551 
2456148.269745 0.000000 0.000000    -0.910812     0.537405 
2456149.201043 0.000000 0.000000    -0.910068     0.612572 
2456150.132341 0.000000 0.000000    -0.763626     0.655899 
2456151.063639 0.000000 0.000000    -0.324556     0.639598 
2456151.994936 0.000000 0.000000     0.355589     0.572563 
2456152.926234 0.000000 0.000000     1.043608     0.518923 
2456153.857532 0.000000 0.000000     1.480599     0.552648 
2456154.788830 0.000000 0.000000     1.551235     0.607051 
2456155.720128 0.000000 0.000000     1.336862     0.632615 
2456156.651426 0.000000 0.000000     1.023619     0.648729 
2456157.582724 0.000000 0.000000     0.754052     0.681016 
2456158.514021 0.000000 0.000000     0.546672     0.717527 
2456159.445319 0.000000 0.000000     0.337710     0.746191 
2456160.376617 0.000000 0.000000     0.088895     0.774170 
2456161.307915 0.000000 0.000000    -0.148088     0.791218 
2456162.239213 0.000000 0.000000    -0.272190     0.765258 
2456163.170511 0.000000 0.000000    -0.238185     0.675615 
2456164.101809 0.000000 0.000000    -0.122851     0.529908 
2456165.033106 0.000000 0.000000    -0.081521     0.381040 
2456165.964404 0.000000 0.000000    -0.224112     0.338836 
2456166.895702 0.000000 0.000000    -0.516509     0.355131 
2456167.827000 0.000000 0.000000    -0.796868     0.381659 
2456168.758298 0.000000 0.000000    -0.899028     0.408183 
2456169.689596 0.000000 0.000000    -0.781402     0.421662 
2456170.620893 0.000000 0.000000    -0.552454     0.436294 
2456171.552191 0.000000 0.000000    -0.371495     0.462543 
2456172.483489 0.000000 0.000000    -0.310911     0.500307 
2456173.414787 0.000000 0.000000    -0.299542     0.545788 
2456174.346085 0.000000 0.000000    -0.196458     0.581398 
2456175.277383 0.000000 0.000000     0.069852     0.592478 
2456176.208681 0.000000 0.000000     0.420550     0.580934 
2456177.139978 0.000000 0.000000     0.678476     0.552280 
2456178.071276 0.000000 0.000000     0.712523     0.499641 
2456179.002574 0.000000 0.000000     0.551495     0.426068 
2456179.933872 0.000000 0.000000     0.367647     0.417273 
2456180.865170 0.000000 0.000000     0.339966     0.494992 
2456181.796468 0.000000 0.000000     0.510332     0.546160 
2456182.727766 0.000000 0.000000     0.753064     0.533513 
2456183.659063 0.000000 0.000000     0.883085     0.452987 
2456184.590361 0.000000 0.000000     0.810937     0.335337 
2456185.521659 0.000000 0.000000     0.614246     0.352689 
2456186.452957 0.000000 0.000000     0.467654     0.418571 
2456187.384255 0.000000 0.000000     0.494365     0.421712 
2456188.315553 0.000000 0.000000     0.668208     0.389142 
2456189.246850 0.000000 0.000000     0.849566     0.396018 
2456190.178148 0.000000 0.000000     0.921274     0.441143 
2456191.109446 0.000000 0.000000     0.903234     0.464870 
2456192.040744 0.000000 0.000000     0.942383     0.450415 
2456192.972042 0.000000 0.000000     1.182757     0.407014 
2456193.903340 0.000000 0.000000     1.625814     0.369484 
2456194.834638 0.000000 0.000000     2.103048     0.373287 
2456195.765935 0.000000 0.000000     2.390120     0.394441 
2456196.697233 0.000000 0.000000     2.372531     0.422931 
2456197.628531 0.000000 0.000000     2.128112     0.471440 
2456198.559829 0.000000 0.000000     1.859267     0.518752 
2456199.491127 0.000000 0.000000     1.731175     0.536069 
2456200.422425 0.000000 0.000000     1.748150     0.513723 
2456201.353723 0.000000 0.000000     1.766684     0.457362 
2456202.285020 0.000000 0.000000     1.630047     0.381653 
2456203.216318 0.000000 0.000000     1.310913     0.315036 
2456204.147616 0.000000 0.000000     0.945533     0.302371 
2456205.078914 0.000000 0.000000     0.734667     0.324975 
2456206.010212 0.000000 0.000000     0.794501     0.338234 
2456206.941510 0.000000 0.000000     1.076680     0.336018 
2456207.872807 0.000000 0.000000     1.415334     0.328650 
2456208.804105 0.000000 0.000000     1.655611     0.326140 
2456209.735403 0.000000 0.000000     1.758759     0.333889 
2456210.666701 0.000000 0.000000     1.807154     0.360673 
2456211.597999 0.000000 0.000000     1.918389     0.404493 
2456212.529297 0.000000 0.000000     2.146489     0.440782 
2456213.460595 0.000000 0.000000     2.447328     0.446853 
2456214.391892 0.000000 0.000000     2.723898     0.418615 
2456215.323190 0.000000 0.000000     2.902445     0.380822 
2456216.254488 0.000000 0.000000     2.975405     0.377954 
2456217.185786 0.000000 0.000000     2.986148     0.404526 
2456218.117084 0.000000 0.000000     2.982503     0.432708 
2456219.048382 0.000000 0.000000     2.984987     0.461645 
2456219.979680 0.000000 0.000000     2.990915     0.495684 
2456220.910977 0.000000 0.000000     2.996981     0.531660 
2456221.842275 0.000000 0.000000     3.008568     0.565376 
2456222.773573 0.000000 0.000000     3.024285     0.606309 
2456223.704871 0.000000 0.000000     3.015663     0.672198 
2456224.636169 0.000000 0.000000     2.931130     0.753951 
2456225.567467 0.000000 0.000000     2.730574     0.821417 
2456226.498765 0.000000 0.000000     2.424349     0.855866 
2456227.430062 0.000000 0.000000     2.081060     0.858147 
2456228.361360 0.000000 0.000000     1.792744     0.842803 
2456229.292658 0.000000 0.000000     1.622766     0.830138 
2456230.223956 0.000000 0.000000     1.577045     0.836118 
2456231.155254 0.000000 0.000000     1.618722     0.857418 
2456232.086552 0.000000 0.000000     1.708855     0.873526 
2456233.017849 0.000000 0.000000     1.835508     0.870747 
2456233.949147 0.000000 0.000000     2.008673     0.855621 
2456234.880445 0.000000 0.000000     2.233209     0.846075 
2456235.811743 0.000000 0.000000     2.492357     0.850882 
2456236.743041 0.000000 0.000000     2.760283     0.862396 
2456237.674339 0.000000 0.000000     3.027714     0.867879 
2456238.605637 0.000000 0.000000     3.305698     0.862000 
2456239.536934 0.000000 0.000000     3.591711     0.852761 
2456240.468232 0.000000 0.000000     3.825136     0.851503 
2456241.399530 0.000000 0.000000     3.883905     0.854831 
2456242.330828 0.000000 0.000000     3.650098     0.852768 
2456243.262126 0.000000 0.000000     3.111825     0.849353 
2456244.193424 0.000000 0.000000     2.422319     0.857749 
2456245.124722 0.000000 0.000000     1.851534     0.879279 
2456246.056019 0.000000 0.000000     1.640293     0.902366 
2456246.987317 0.000000 0.000000     1.847747     0.920121 
2456247.918615 0.000000 0.000000     2.302481     0.943896 
2456248.849913 0.000000 0.000000     2.702205     0.995224 
2456249.781211 0.000000 0.000000     2.800735     1.070839 
2456250.712509 0.000000 0.000000     2.554732     1.140429 
2456251.643806 0.000000 0.000000     2.130066     1.181437 
2456252.575104 0.000000 0.000000     1.770211     1.192629 
2456253.506402 0.000000 0.000000     1.628530     1.186587 
2456254.437700 0.000000 0.000000     1.686332     1.179240 
2456255.368998 0.000000 0.000000     1.805596     1.182190 
2456256.300296 0.000000 0.000000     1.859675     1.195067 
2456257.231594 0.000000 0.000000     1.831333     1.205795 
2456258.162891 0.000000 0.000000     1.805296     1.205040 
2456259.094189 0.000000 0.000000     1.876030     1.196723 
2456260.025487 0.000000 0.000000     2.060254     1.191306 
2456260.956785 0.000000 0.000000     2.291306     1.192461 
2456261.888083 0.000000 0.000000     2.492981     1.195089 
2456262.819381 0.000000 0.000000     2.655925     1.193469 
2456263.750679 0.000000 0.000000     2.836835     1.187931 
2456264.681976 0.000000 0.000000     3.073569     1.184787 
2456265.613274 0.000000 0.000000     3.293750     1.187508 
2456266.544572 0.000000 0.000000     3.313622     1.190223 
2456267.475870 0.000000 0.000000     2.954639     1.186793 
2456268.407168 0.000000 0.000000     2.201270     1.181381 
2456269.338466 0.000000 0.000000     1.272796     1.182842 
2456270.269763 0.000000 0.000000     0.533296     1.192101 
2456271.201061 0.000000 0.000000     0.283604     1.202464 
2456272.132359 0.000000 0.000000     0.574442     1.210266 
2456273.063657 0.000000 0.000000     1.173764     1.221312 
2456273.994955 0.000000 0.000000     1.714342     1.246042 
2456274.926253 0.000000 0.000000     1.919815     1.284830 
2456275.857551 0.000000 0.000000     1.755260     1.323549 
2456276.788848 0.000000 0.000000     1.409214     1.348162 
2456277.720146 0.000000 0.000000     1.138167     1.356189 
2456278.651444 0.000000 0.000000     1.096064     1.354274 
2456279.582742 0.000000 0.000000     1.265202     1.350776 
2456280.514040 0.000000 0.000000     1.514943     1.351285 
2456281.445338 0.000000 0.000000     1.718252     1.356151 
2456282.376636 0.000000 0.000000     1.827775     1.360643 
2456283.307933 0.000000 0.000000     1.866170     1.360668 
2456284.239231 0.000000 0.000000     1.865638     1.357673 
2456285.170529 0.000000 0.000000     1.828229     1.355796 
2456286.101827 0.000000 0.000000     1.744756     1.356191 
2456287.033125 0.000000 0.000000     1.643181     1.356469 
2456287.964423 0.000000 0.000000     1.602361     1.354394 
2456288.895721 0.000000 0.000000     1.697940     1.350943 
2456289.827018 0.000000 0.000000     1.916462     1.349623 
2456290.758316 0.000000 0.000000     2.117109     1.351630 
2456291.689614 0.000000 0.000000     2.093778     1.353382 
2456292.620912 0.000000 0.000000     1.710546     1.351754 
2456293.552210 0.000000 0.000000     1.016045     1.349078 
2456294.483508 0.000000 0.000000     0.246090     1.349676 
2456295.414805 0.000000 0.000000    -0.299212     1.353763 
2456296.346103 0.000000 0.000000    -0.425759     1.358139 
2456297.277401 0.000000 0.000000    -0.149978     1.361261 
2456298.208699 0.000000 0.000000     0.327471     1.365533 
2456299.139997 0.000000 0.000000     0.751429     1.374850 
2456300.071295 0.000000 0.000000     0.952697     1.389545 
2456301.002593 0.000000 0.000000     0.913746     1.404597 
2456301.933890 0.000000 0.000000     0.739401     1.414303 
2456302.865188 0.000000 0.000000     0.577708     1.417205 
2456303.796486 0.000000 0.000000     0.552277     1.415482 
2456304.727784 0.000000 0.000000     0.732833     1.411659 
2456305.659082 0.000000 0.000000     1.127571     1.407470 
2456306.590380 0.000000 0.000000     1.672496     1.404310 
2456307.521678 0.000000 0.000000     2.222097     1.402855 
2456308.452975 0.000000 0.000000     2.574813     1.402710 
2456309.384273 0.000000 0.000000     2.555226     1.403154 
2456310.315571 0.000000 0.000000     2.123212     1.403878 
2456311.246869 0.000000 0.000000     1.433917     1.404577 
2456312.178167 0.000000 0.000000     0.783224     1.404166 
2456313.109465 0.000000 0.000000     0.447918     1.401685 
2456314.040762 0.000000 0.000000     0.515786     1.398578 
2456314.972060 0.000000 0.000000     0.825454     1.398068 
2456315.903358 0.000000 0.000000     1.068538     1.400671 
2456316.834656 0.000000 0.000000     0.991229     1.403088 
2456317.765954 0.000000 0.000000     0.556803     1.403436 
2456318.697252 0.000000 0.000000    -0.043007     1.404182 
2456319.628550 0.000000 0.000000    -0.528579     1.407880 
2456320.559847 0.000000 0.000000    -0.715481     1.413155 
2456321.491145 0.000000 0.000000    -0.607708     1.417117 
2456322.422443 0.000000 0.000000    -0.348575     1.419071 
2456323.353741 0.000000 0.000000    -0.091063     1.420437 
2456324.285039 0.000000 0.000000     0.096984     1.422712 
2456325.216337 0.000000 0.000000     0.225705     1.426033 
2456326.147635 0.000000 0.000000     0.309493     1.428862 
2456327.078932 0.000000 0.000000     0.323695     1.429176 
2456328.010230 0.000000 0.000000     0.251572     1.426016 
2456328.941528 0.000000 0.000000     0.178304     1.419042 
2456329.872826 0.000000 0.000000     0.318072     1.407130 
2456330.804124 0.000000 0.000000     0.898196     1.389923 
2456331.735422 0.000000 0.000000     1.952197     1.371619 
2456332.666719 0.000000 0.000000     3.184256     1.360046 
2456333.598017 0.000000 0.000000     4.052527     1.358731 
2456334.529315 0.000000 0.000000     4.067352     1.363052 
2456335.460613 0.000000 0.000000     3.121122     1.367196 
2456336.391911 0.000000 0.000000     1.607704     1.369426 
2456337.323209 0.000000 0.000000     0.216599     1.368584 
2456338.254507 0.000000 0.000000    -0.481010     1.362920 
2456339.185804 0.000000 0.000000    -0.374803     1.355943 
2456340.117102 0.000000 0.000000     0.153505     1.355595 
2456341.048400 0.000000 0.000000     0.528680     1.362601 
2456341.979698 0.000000 0.000000     0.389116     1.369031 
2456342.910996 0.000000 0.000000    -0.192080     1.372394 
2456343.842294 0.000000 0.000000    -0.817448     1.380141 
2456344.773592 0.000000 0.000000    -1.097477     1.396475 
2456345.704889 0.000000 0.000000    -0.935121     1.414590 
2456346.636187 0.000000 0.000000    -0.550351     1.426391 
2456347.567485 0.000000 0.000000    -0.254671     1.430909 
2456348.498783 0.000000 0.000000    -0.186728     1.431312 
2456349.430081 0.000000 0.000000    -0.235565     1.429737 
2456350.361379 0.000000 0.000000    -0.200146     1.426552 
2456351.292677 0.000000 0.000000    -0.018842     1.421034 
2456352.223974 0.000000 0.000000     0.160924     1.411478 
2456353.155272 0.000000 0.000000     0.155130     1.396219 
2456354.086570 0.000000 0.000000     0.006348     1.373794 
2456355.017868 0.000000 0.000000     0.074121     1.341118 
2456355.949166 0.000000 0.000000     0.811555     1.295802 
2456356.880464 0.000000 0.000000     2.358262     1.245711 
2456357.811761 0.000000 0.000000     4.274734     1.212000 
2456358.743059 0.000000 0.000000     5.682052     1.207657 
2456359.674357 0.000000 0.000000     5.775853     1.219409 
2456360.605655 0.000000 0.000000     4.376292     1.230034 
2456361.536953 0.000000 0.000000     2.106953     1.236000 
2456362.468251 0.000000 0.000000     0.040760     1.235120 
2456363.399549 0.000000 0.000000    -0.962523     1.221557 
2456364.330846 0.000000 0.000000    -0.768349     1.202897 
2456365.262144 0.000000 0.000000     0.025821     1.200978 
2456366.193442 0.000000 0.000000     0.574433     1.218251 
2456367.124740 0.000000 0.000000     0.389047     1.233504 
2456368.056038 0.000000 0.000000    -0.375062     1.243117 
2456368.987336 0.000000 0.000000    -1.129245     1.269640 
2456369.918634 0.000000 0.000000    -1.353951     1.320759 
2456370.849931 0.000000 0.000000    -0.984173     1.372845 
2456371.781229 0.000000 0.000000    -0.394073     1.404894 
2456372.712527 0.000000 0.000000    -0.037045     1.416162 
2456373.643825 0.000000 0.000000    -0.069570     1.415232 
2456374.575123 0.000000 0.000000    -0.273621     1.407123 
2456375.506421 0.000000 0.000000    -0.316721     1.392508 
2456376.437718 0.000000 0.000000    -0.091649     1.371467 
2456377.369016 0.000000 0.000000     0.186390     1.342601 
2456378.300314 0.000000 0.000000     0.224071     1.302691 
2456379.231612 0.000000 0.000000     0.016597     1.249744 
2456380.162910 0.000000 0.000000    -0.017341     1.182046 
2456381.094208 0.000000 0.000000     0.690625     1.095704 
2456382.025506 0.000000 0.000000     2.351719     0.996268 
2456382.956803 0.000000 0.000000     4.490524     0.921121 
2456383.888101 0.000000 0.000000     6.108923     0.911532 
2456384.819399 0.000000 0.000000     6.290147     0.938896 
2456385.750697 0.000000 0.000000     4.830380     0.961439 
2456386.681995 0.000000 0.000000     2.428087     0.975388 
2456387.613293 0.000000 0.000000     0.267202     0.976997 
2456388.544591 0.000000 0.000000    -0.726196     0.949460 
2456389.475888 0.000000 0.000000    -0.432567     0.902740 
2456390.407186 0.000000 0.000000     0.481435     0.890916 
2456391.338484 0.000000 0.000000     1.105297     0.925759 
2456392.269782 0.000000 0.000000     0.929489     0.954767 
2456393.201080 0.000000 0.000000     0.128712     0.978004 
2456394.132378 0.000000 0.000000    -0.678558     1.052515 
2456395.063676 0.000000 0.000000    -0.955795     1.173774 
2456395.994973 0.000000 0.000000    -0.633291     1.279963 
2456396.926271 0.000000 0.000000    -0.080187     1.340081 
2456397.857569 0.000000 0.000000     0.258315     1.359475 
2456398.788867 0.000000 0.000000     0.225401     1.354745 
2456399.720165 0.000000 0.000000     0.021586     1.333352 
2456400.651463 0.000000 0.000000    -0.043096     1.294369 
2456401.582760 0.000000 0.000000     0.137076     1.240542 
2456402.514058 0.000000 0.000000     0.374828     1.176615 
2456403.445356 0.000000 0.000000     0.402809     1.099211 
2456404.376654 0.000000 0.000000     0.187300     1.002172 
2456405.307952 0.000000 0.000000     0.043294     0.889714 
2456406.239250 0.000000 0.000000     0.417272     0.771730 
2456407.170548 0.000000 0.000000     1.494413     0.651832 
2456408.101845 0.000000 0.000000     2.955454     0.557193 
2456409.033143 0.000000 0.000000     4.108767     0.555484 
2456409.964441 0.000000 0.000000     4.330812     0.601839 
2456410.895739 0.000000 0.000000     3.497996     0.635398 
2456411.827037 0.000000 0.000000     2.087144     0.660668 
2456412.758335 0.000000 0.000000     0.866310     0.671785 
2456413.689633 0.000000 0.000000     0.400342     0.641617 
2456414.620930 0.000000 0.000000     0.722842     0.568158 
2456415.552228 0.000000 0.000000     1.387914     0.526076 
2456416.483526 0.000000 0.000000     1.829311     0.569479 
2456417.414824 0.000000 0.000000     1.744722     0.607690 
2456418.346122 0.000000 0.000000     1.238762     0.656262 
2456419.277420 0.000000 0.000000     0.665759     0.801386 
2456420.208717 0.000000 0.000000     0.336565     0.981144 
2456421.140015 0.000000 0.000000     0.323457     1.118430 
2456422.071313 0.000000 0.000000     0.481899     1.192980 
2456423.002611 0.000000 0.000000     0.622657     1.216321 
2456423.933909 0.000000 0.000000     0.666491     1.207224 
2456424.865207 0.000000 0.000000     0.662872     1.169230 
2456425.796505 0.000000 0.000000     0.690241     1.093869 
2456426.727802 0.000000 0.000000     0.752945     0.984710 
2456427.659100 0.000000 0.000000     0.773145     0.865874 
2456428.590398 0.000000 0.000000     0.675189     0.755561 
2456429.521696 0.000000 0.000000     0.473825     0.638906 
2456430.452994 0.000000 0.000000     0.280537     0.497564 
2456431.384292 0.000000 0.000000     0.222765     0.355675 
2456432.315590 0.000000 0.000000     0.349789     0.301663 
2456433.246887 0.000000 0.000000     0.606152     0.315206 
2456434.178185 0.000000 0.000000     0.888289     0.335277 
2456435.109483 0.000000 0.000000     1.126818     0.349907 
2456436.040781 0.000000 0.000000     1.321912     0.358576 
2456436.972079 0.000000 0.000000     1.510582     0.379899 
2456437.903377 0.000000 0.000000     1.709446     0.412301 
2456438.834674 0.000000 0.000000     1.893310     0.439789 
2456439.765972 0.000000 0.000000     2.026510     0.463202 
2456440.697270 0.000000 0.000000     2.106472     0.499542 
2456441.628568 0.000000 0.000000     2.165910     0.547597 
2456442.559866 0.000000 0.000000     2.225124     0.580977 
2456443.491164 0.000000 0.000000     2.244110     0.598652 
2456444.422462 0.000000 0.000000     2.135010     0.649476 
2456445.353759 0.000000 0.000000     1.841824     0.746680 
2456446.285057 0.000000 0.000000     1.422999     0.839353 
2456447.216355 0.000000 0.000000     1.053029     0.899673 
2456448.147653 0.000000 0.000000     0.918994     0.929256 
2456449.078951 0.000000 0.000000     1.081275     0.930618 
2456450.010249 0.000000 0.000000     1.411865     0.892893 
2456450.941547 0.000000 0.000000     1.672033     0.802589 
2456451.872844 0.000000 0.000000     1.679197     0.660341 
2456452.804142 0.000000 0.000000     1.433784     0.506870 
2456453.735440 0.000000 0.000000     1.102595     0.474258 
2456454.666738 0.000000 0.000000     0.871040     0.526970 
2456455.598036 0.000000 0.000000     0.788247     0.551567 
2456456.529334 0.000000 0.000000     0.739315     0.554932 
2456457.460632 0.000000 0.000000     0.573084     0.565186 
2456458.391929 0.000000 0.000000     0.276865     0.596883 
2456459.323227 0.000000 0.000000     0.039116     0.657184 
2456460.254525 0.000000 0.000000     0.126995     0.735998 
2456461.185823 0.000000 0.000000     0.663147     0.806804 
2456462.117121 0.000000 0.000000     1.484113     0.849983 
2456463.048419 0.000000 0.000000     2.212501     0.854328 
2456463.979716 0.000000 0.000000     2.508178     0.807880 
2456464.911014 0.000000 0.000000     2.312448     0.702132 
2456465.842312 0.000000 0.000000     1.890971     0.563858 
2456466.773610 0.000000 0.000000     1.631422     0.522479 
2456467.704908 0.000000 0.000000     1.745984     0.577227 
2456468.636206 0.000000 0.000000     2.110305     0.602152 
2456469.567504 0.000000 0.000000     2.368948     0.595927 
2456470.498801 0.000000 0.000000     2.228204     0.568652 
2456471.430099 0.000000 0.000000     1.705880     0.513179 
2456472.361397 0.000000 0.000000     1.137300     0.484433 
2456473.292695 0.000000 0.000000     0.927282     0.537274 
2456474.223993 0.000000 0.000000     1.239539     0.581699 
2456475.155291 0.000000 0.000000     1.866692     0.589023 
2456476.086589 0.000000 0.000000     2.383377     0.588604 
2456477.017886 0.000000 0.000000     2.462705     0.580379 
2456477.949184 0.000000 0.000000     2.109439     0.539868 
2456478.880482 0.000000 0.000000     1.632165     0.488506 
2456479.811780 0.000000 0.000000     1.385293     0.485546 
2456480.743078 0.000000 0.000000     1.492228     0.519326 
2456481.674376 0.000000 0.000000     1.769620     0.558622 
2456482.605673 0.000000 0.000000     1.904891     0.600594 
2456483.536971 0.000000 0.000000     1.732804     0.671809 
2456484.468269 0.000000 0.000000     1.379327     0.805219 
2456485.399567 0.000000 0.000000     1.153901     0.961063 
2456486.330865 0.000000 0.000000     1.280743     1.084594 
2456487.262163 0.000000 0.000000     1.694127     1.151334 
2456488.193461 0.000000 0.000000     2.071576     1.156176 
2456489.124758 0.000000 0.000000     2.084270     1.099989 
2456490.056056 0.000000 0.000000     1.664339     0.992769 
2456490.987354 0.000000 0.000000     1.071084     0.881147 
2456491.918652 0.000000 0.000000     0.697904     0.845089 
2456492.849950 0.000000 0.000000     0.770281     0.860619 
2456493.781248 0.000000 0.000000     1.174194     0.842026 
2456494.712546 0.000000 0.000000     1.551672     0.773065 
2456495.643843 0.000000 0.000000     1.587910     0.689209 
2456496.575141 0.000000 0.000000     1.262431     0.627592 
2456497.506439 0.000000 0.000000     0.865984     0.584197 
2456498.437737 0.000000 0.000000     0.771008     0.538007 
2456499.369035 0.000000 0.000000     1.137547     0.497475 
2456500.300333 0.000000 0.000000     1.785094     0.518021 
2456501.231630 0.000000 0.000000     2.327880     0.582127 
2456502.162928 0.000000 0.000000     2.464465     0.617776 
2456503.094226 0.000000 0.000000     2.195791     0.625239 
2456504.025524 0.000000 0.000000     1.807932     0.665385 
2456504.956822 0.000000 0.000000     1.642639     0.746057 
2456505.888120 0.000000 0.000000     1.840363     0.817447 
2456506.819418 0.000000 0.000000     2.251879     0.863072 
2456507.750715 0.000000 0.000000     2.573760     0.895140 
2456508.682013 0.000000 0.000000     2.587137     0.937943 
2456509.613311 0.000000 0.000000     2.307838     1.017125 
2456510.544609 0.000000 0.000000     1.939496     1.125360 
2456511.475907 0.000000 0.000000     1.684871     1.222929 
2456512.407205 0.000000 0.000000     1.579888     1.278446 
2456513.338503 0.000000 0.000000     1.485419     1.282954 
2456514.269800 0.000000 0.000000     1.234361     1.241373 
2456515.201098 0.000000 0.000000     0.802596     1.165588 
2456516.132396 0.000000 0.000000     0.356324     1.081373 
2456517.063694 0.000000 0.000000     0.134165     1.026162 
2456517.994992 0.000000 0.000000     0.260077     0.998441 
2456518.926290 0.000000 0.000000     0.639695     0.946489 
2456519.857588 0.000000 0.000000     1.024389     0.834005 
2456520.788885 0.000000 0.000000     1.192449     0.667886 
2456521.720183 0.000000 0.000000     1.105160     0.506230 
2456522.651481 0.000000 0.000000     0.918949     0.456084 
2456523.582779 0.000000 0.000000     0.850732     0.482799 
2456524.514077 0.000000 0.000000     1.007235     0.516995 
2456525.445375 0.000000 0.000000     1.311054     0.555673 
2456526.376672 0.000000 0.000000     1.573912     0.594717 
2456527.307970 0.000000 0.000000     1.650639     0.635597 
2456528.239268 0.000000 0.000000     1.549273     0.711456 
2456529.170566 0.000000 0.000000     1.415083     0.833375 
2456530.101864 0.000000 0.000000     1.409667     0.952337 
2456531.033162 0.000000 0.000000     1.585689     1.028640 
2456531.964460 0.000000 0.000000     1.852978     1.060025 
2456532.895757 0.000000 0.000000     2.053040     1.070392 
2456533.827055 0.000000 0.000000     2.074162     1.085354 
2456534.758353 0.000000 0.000000     1.915642     1.116594 
2456535.689651 0.000000 0.000000     1.660386     1.163713 
2456536.620949 0.000000 0.000000     1.392844     1.212257 
2456537.552247 0.000000 0.000000     1.138728     1.241289 
2456538.483545 0.000000 0.000000     0.875274     1.240828 
2456539.414842 0.000000 0.000000     0.594281     1.211288 
2456540.346140 0.000000 0.000000     0.353394     1.150271 
2456541.277438 0.000000 0.000000     0.262567     1.056518 
2456542.208736 0.000000 0.000000     0.410148     0.954710 
2456543.140034 0.000000 0.000000     0.786539     0.893447 
2456544.071332 0.000000 0.000000     1.268162     0.869567 
2456545.002629 0.000000 0.000000     1.677933     0.831589 
2456545.933927 0.000000 0.000000     1.879992     0.776027 
2456546.865225 0.000000 0.000000     1.843158     0.756101 
2456547.796523 0.000000 0.000000     1.635404     0.788424 
2456548.727821 0.000000 0.000000     1.364793     0.830366 
2456549.659119 0.000000 0.000000     1.116880     0.867032 
2456550.590417 0.000000 0.000000     0.930053     0.906103 
2456551.521714 0.000000 0.000000     0.811460     0.942162 
2456552.453012 0.000000 0.000000     0.763262     0.968617 
2456553.384310 0.000000 0.000000     0.788815     1.001380 
2456554.315608 0.000000 0.000000     0.876405     1.050924 
2456555.246906 0.000000 0.000000     0.985040     1.088152 
2456556.178204 0.000000 0.000000     1.056401     1.079101 
2456557.109502 0.000000 0.000000     1.050321     1.025319 
2456558.040799 0.000000 0.000000     0.974252     0.967064 
2456558.972097 0.000000 0.000000     0.877421     0.942993 
2456559.903395 0.000000 0.000000     0.809766     0.947629 
2456560.834693 0.000000 0.000000     0.779076     0.963929 
2456561.765991 0.000000 0.000000     0.745723     0.982546 
2456562.697289 0.000000 0.000000     0.664874     0.991015 
2456563.628586 0.000000 0.000000     0.544199     0.985771 
2456564.559884 0.000000 0.000000     0.467029     0.970847 
2456565.491182 0.000000 0.000000     0.554238     0.932579 
2456566.422480 0.000000 0.000000     0.885988     0.844671 
2456567.353778 0.000000 0.000000     1.438266     0.717453 
2456568.285076 0.000000 0.000000     2.080757     0.671046 
2456569.216374 0.000000 0.000000     2.638001     0.740549 
2456570.147671 0.000000 0.000000     2.970682     0.786996 
2456571.078969 0.000000 0.000000     3.023920     0.813468 
2456572.010267 0.000000 0.000000     2.820519     0.896314 
2456572.941565 0.000000 0.000000     2.421236     1.015664 
2456573.872863 0.000000 0.000000     1.893761     1.109816 
2456574.804161 0.000000 0.000000     1.312511     1.166869 
2456575.735459 0.000000 0.000000     0.773161     1.202545 
2456576.666756 0.000000 0.000000     0.386144     1.226449 
2456577.598054 0.000000 0.000000     0.232301     1.239834 
2456578.529352 0.000000 0.000000     0.305639     1.247790 
2456579.460650 0.000000 0.000000     0.493658     1.245863 
2456580.391948 0.000000 0.000000     0.627089     1.206916 
2456581.323246 0.000000 0.000000     0.578201     1.102253 
2456582.254544 0.000000 0.000000     0.342225     0.926171 
2456583.185841 0.000000 0.000000     0.040189     0.704579 
2456584.117139 0.000000 0.000000    -0.164021     0.506142 
2456585.048437 0.000000 0.000000    -0.174317     0.434090 
2456585.979735 0.000000 0.000000    -0.019159     0.460523 
2456586.911033 0.000000 0.000000     0.187728     0.494210 
2456587.842331 0.000000 0.000000     0.350975     0.484100 
2456588.773628 0.000000 0.000000     0.479243     0.472811 
2456589.704926 0.000000 0.000000     0.684147     0.548696 
2456590.636224 0.000000 0.000000     1.091224     0.616804 
2456591.567522 0.000000 0.000000     1.730672     0.621889 
2456592.498820 0.000000 0.000000     2.491356     0.648821 
2456593.430118 0.000000 0.000000     3.172488     0.778830 
2456594.361416 0.000000 0.000000     3.593137     0.906972 
2456595.292713 0.000000 0.000000     3.679311     0.978041 
2456596.224011 0.000000 0.000000     3.471998     1.022109 
2456597.155309 0.000000 0.000000     3.065229     1.095766 
2456598.086607 0.000000 0.000000     2.535806     1.195751 
2456599.017905 0.000000 0.000000     1.923536     1.278949 
2456599.949203 0.000000 0.000000     1.268217     1.328931 
2456600.880501 0.000000 0.000000     0.654483     1.354920 
2456601.811798 0.000000 0.000000     0.206737     1.368053 
2456602.743096 0.000000 0.000000     0.022167     1.373727 
2456603.674394 0.000000 0.000000     0.090959     1.374110 
2456604.605692 0.000000 0.000000     0.275096     1.361218 
2456605.536990 0.000000 0.000000     0.377970     1.316198 
2456606.468288 0.000000 0.000000     0.265348     1.229135 
2456607.399585 0.000000 0.000000    -0.047493     1.119726 
2456608.330883 0.000000 0.000000    -0.407977     1.034569 
2456609.262181 0.000000 0.000000    -0.630748     1.000241 
2456610.193479 0.000000 0.000000    -0.618073     0.996146 
2456611.124777 0.000000 0.000000    -0.408471     1.001053 
2456612.056075 0.000000 0.000000    -0.122137     1.006955 
2456612.987373 0.000000 0.000000     0.148478     1.007745 
2456613.918670 0.000000 0.000000     0.413942     1.005552 
2456614.849968 0.000000 0.000000     0.769774     1.005210 
2456615.781266 0.000000 0.000000     1.301323     0.997964 
2456616.712564 0.000000 0.000000     1.988865     0.980673 
2456617.643862 0.000000 0.000000     2.689033     0.990627 
2456618.575160 0.000000 0.000000     3.208058     1.061143 
2456619.506458 0.000000 0.000000     3.411547     1.151128 
2456620.437755 0.000000 0.000000     3.290436     1.214116 
2456621.369053 0.000000 0.000000     2.940849     1.250589 
2456622.300351 0.000000 0.000000     2.483766     1.286741 
2456623.231649 0.000000 0.000000     1.993067     1.332900 
2456624.162947 0.000000 0.000000     1.485251     1.375208 
2456625.094245 0.000000 0.000000     0.966875     1.402309 
2456626.025542 0.000000 0.000000     0.485946     1.415776 
2456626.956840 0.000000 0.000000     0.132570     1.421371 
2456627.888138 0.000000 0.000000    -0.018482     1.423184 
2456628.819436 0.000000 0.000000     0.023921     1.422409 
2456629.750734 0.000000 0.000000     0.150186     1.414293 
2456630.682032 0.000000 0.000000     0.207913     1.390907 
2456631.613330 0.000000 0.000000     0.097932     1.352692 
2456632.544627 0.000000 0.000000    -0.161577     1.313845 
2456633.475925 0.000000 0.000000    -0.450867     1.289968 
2456634.407223 0.000000 0.000000    -0.632022     1.282064 
2456635.338521 0.000000 0.000000    -0.636894     1.281476 
2456636.269819 0.000000 0.000000    -0.495416     1.282833 
2456637.201117 0.000000 0.000000    -0.288700     1.284184 
2456638.132415 0.000000 0.000000    -0.070340     1.283894 
2456639.063712 0.000000 0.000000     0.177988     1.281941 
2456639.995010 0.000000 0.000000     0.521045     1.277734 
2456640.926308 0.000000 0.000000     0.997027     1.267361 
2456641.857606 0.000000 0.000000     1.558005     1.252532 
2456642.788904 0.000000 0.000000     2.073937     1.250342 
2456643.720202 0.000000 0.000000     2.400052     1.276437 
2456644.651500 0.000000 0.000000     2.458366     1.318928 
2456645.582797 0.000000 0.000000     2.274716     1.354091 
2456646.514095 0.000000 0.000000     1.948610     1.374737 
2456647.445393 0.000000 0.000000     1.584180     1.389378 
2456648.376691 0.000000 0.000000     1.236242     1.404955 
2456649.307989 0.000000 0.000000     0.907409     1.419459 
2456650.239287 0.000000 0.000000     0.587856     1.429138 
2456651.170584 0.000000 0.000000     0.295810     1.433892 
2456652.101882 0.000000 0.000000     0.080533     1.435597 
2456653.033180 0.000000 0.000000    -0.014844     1.435966 
2456653.964478 0.000000 0.000000     0.003029     1.435545 
2456654.895776 0.000000 0.000000     0.067943     1.432686 
2456655.827074 0.000000 0.000000     0.090641     1.425122 
2456656.758372 0.000000 0.000000     0.015556     1.413813 
2456657.689669 0.000000 0.000000    -0.145384     1.403354 
2456658.620967 0.000000 0.000000    -0.326854     1.397368 
2456659.552265 0.000000 0.000000    -0.459048     1.395200 
2456660.483563 0.000000 0.000000    -0.511806     1.393999 
2456661.414861 0.000000 0.000000    -0.500470     1.391771 
2456662.346159 0.000000 0.000000    -0.453081     1.387967 
2456663.277457 0.000000 0.000000    -0.370661     1.383542 
2456664.208754 0.000000 0.000000    -0.217397     1.380332 
2456665.140052 0.000000 0.000000     0.048383     1.378145 
2456666.071350 0.000000 0.000000     0.426676     1.374236 
2456667.002648 0.000000 0.000000     0.851509     1.368960 
2456667.933946 0.000000 0.000000     1.212948     1.369182 
2456668.865244 0.000000 0.000000     1.412986     1.380503 
2456669.796541 0.000000 0.000000     1.416783     1.398446 
2456670.727839 0.000000 0.000000     1.264387     1.413711 
2456671.659137 0.000000 0.000000     1.037712     1.422487 
2456672.590435 0.000000 0.000000     0.809540     1.427279 
2456673.521733 0.000000 0.000000     0.611094     1.431093 
2456674.453031 0.000000 0.000000     0.436512     1.434388 
2456675.384329 0.000000 0.000000     0.272591     1.436552 
2456676.315626 0.000000 0.000000     0.124670     1.437480 
2456677.246924 0.000000 0.000000     0.017075     1.437519 
2456678.178222 0.000000 0.000000    -0.029276     1.437114 
2456679.109520 0.000000 0.000000    -0.019886     1.436593 
2456680.040818 0.000000 0.000000     0.011056     1.435826 
2456680.972116 0.000000 0.000000     0.021447     1.434378 
2456681.903414 0.000000 0.000000    -0.012729     1.432317 
2456682.834711 0.000000 0.000000    -0.087608     1.430389 
2456683.766009 0.000000 0.000000    -0.184140     1.428952 
2456684.697307 0.000000 0.000000    -0.289211     1.426995 
2456685.628605 0.000000 0.000000    -0.403949     1.422023 
2456686.559903 0.000000 0.000000    -0.530252     1.410912 
2456687.491201 0.000000 0.000000    -0.647946     1.393095 
2456688.422499 0.000000 0.000000    -0.706346     1.374426 
2456689.353796 0.000000 0.000000    -0.644610     1.364029 
2456690.285094 0.000000 0.000000    -0.431593     1.363708 
2456691.216392 0.000000 0.000000    -0.097206     1.366800 
2456692.147690 0.000000 0.000000     0.270395     1.370545 
2456693.078988 0.000000 0.000000     0.564421     1.380156 
2456694.010286 0.000000 0.000000     0.711967     1.397671 
2456694.941583 0.000000 0.000000     0.705831     1.416170 
2456695.872881 0.000000 0.000000     0.596693     1.428511 
2456696.804179 0.000000 0.000000     0.454522     1.434116 
2456697.735477 0.000000 0.000000     0.327923     1.436134 
2456698.666775 0.000000 0.000000     0.227881     1.436957 
2456699.598073 0.000000 0.000000     0.141301     1.437338 
2456700.529371 0.000000 0.000000     0.057359     1.437171 
2456701.460668 0.000000 0.000000    -0.016846     1.436025 
2456702.391966 0.000000 0.000000    -0.062221     1.433545 
2456703.323264 0.000000 0.000000    -0.066388     1.430029 
2456704.254562 0.000000 0.000000    -0.036620     1.426905 
2456705.185860 0.000000 0.000000     0.004300     1.425728 
2456706.117158 0.000000 0.000000     0.033889     1.426249 
2456707.048456 0.000000 0.000000     0.041586     1.426945 
2456707.979753 0.000000 0.000000     0.025352     1.427147 
2456708.911051 0.000000 0.000000    -0.021717     1.426348 
2456709.842349 0.000000 0.000000    -0.118103     1.421674 
2456710.773647 0.000000 0.000000    -0.281451     1.407023 
2456711.704945 0.000000 0.000000    -0.502411     1.374764 
2456712.636243 0.000000 0.000000    -0.726534     1.322683 
2456713.567540 0.000000 0.000000    -0.865448     1.265843 
2456714.498838 0.000000 0.000000    -0.838744     1.233793 
2456715.430136 0.000000 0.000000    -0.623092     1.234865 
2456716.361434 0.000000 0.000000    -0.275107     1.246502 
2456717.292732 0.000000 0.000000     0.090978     1.260357 
2456718.224030 0.000000 0.000000     0.359720     1.292640 
2456719.155328 0.000000 0.000000     0.470225     1.344550 
2456720.086625 0.000000 0.000000     0.436974     1.392846 
2456721.017923 0.000000 0.000000     0.325927     1.421451 
2456721.949221 0.000000 0.000000     0.206443     1.432808 
2456722.880519 0.000000 0.000000     0.113497     1.435965 
2456723.811817 0.000000 0.000000     0.043014     1.436335 
2456724.743115 0.000000 0.000000    -0.023652     1.435254 
2456725.674413 0.000000 0.000000    -0.090829     1.432239 
2456726.605710 0.000000 0.000000    -0.139385     1.425791 
2456727.537008 0.000000 0.000000    -0.142174     1.414340 
2456728.468306 0.000000 0.000000    -0.087954     1.398793 
2456729.399604 0.000000 0.000000     0.007750     1.385148 
2456730.330902 0.000000 0.000000     0.113034     1.380406 
2456731.262200 0.000000 0.000000     0.200150     1.383428 
2456732.193497 0.000000 0.000000     0.256994     1.387200 
2456733.124795 0.000000 0.000000     0.280424     1.389467 
2456734.056093 0.000000 0.000000     0.260971     1.390446 
2456734.987391 0.000000 0.000000     0.178416     1.382418 
2456735.918689 0.000000 0.000000     0.018808     1.350807 
2456736.849987 0.000000 0.000000    -0.197676     1.282411 
2456737.781285 0.000000 0.000000    -0.403464     1.172208 
2456738.712582 0.000000 0.000000    -0.504375     1.040675 
2456739.643880 0.000000 0.000000    -0.429023     0.957292 
2456740.575178 0.000000 0.000000    -0.176588     0.960956 
2456741.506476 0.000000 0.000000     0.171592     0.983904 
2456742.437774 0.000000 0.000000     0.489062     1.014084 
2456743.369072 0.000000 0.000000     0.668960     1.107351 
2456744.300370 0.000000 0.000000     0.675535     1.240544 
2456745.231667 0.000000 0.000000     0.550613     1.347411 
2456746.162965 0.000000 0.000000     0.374774     1.405671 
2456747.094263 0.000000 0.000000     0.213734     1.427841 
2456748.025561 0.000000 0.000000     0.087686     1.433308 
2456748.956859 0.000000 0.000000    -0.019190     1.432189 
2456749.888157 0.000000 0.000000    -0.123311     1.425728 
2456750.819455 0.000000 0.000000    -0.212556     1.412339 
2456751.750752 0.000000 0.000000    -0.247283     1.389758 
2456752.682050 0.000000 0.000000    -0.189044     1.354986 
2456753.613348 0.000000 0.000000    -0.032253     1.309082 
2456754.544646 0.000000 0.000000     0.186881     1.267430 
2456755.475944 0.000000 0.000000     0.410092     1.252680 
2456756.407242 0.000000 0.000000     0.588465     1.262065 
2456757.338539 0.000000 0.000000     0.701358     1.272589 
2456758.269837 0.000000 0.000000     0.752018     1.280127 
2456759.201135 0.000000 0.000000     0.750260     1.291120 
2456760.132433 0.000000 0.000000     0.702480     1.287079 
2456761.063731 0.000000 0.000000     0.619588     1.234887 
2456761.995029 0.000000 0.000000     0.533164     1.118335 
2456762.926327 0.000000 0.000000     0.498409     0.943974 
2456763.857624 0.000000 0.000000     0.571064     0.739138 
2456764.788922 0.000000 0.000000     0.768718     0.600986 
2456765.720220 0.000000 0.000000     1.044974     0.621009 
2456766.651518 0.000000 0.000000     1.300943     0.664477 
2456767.582816 0.000000 0.000000     1.433070     0.774787 
2456768.514114 0.000000 0.000000     1.388276     0.985834 
2456769.445412 0.000000 0.000000     1.189434     1.187830 
2456770.376709 0.000000 0.000000     0.913965     1.325865 
2456771.308007 0.000000 0.000000     0.641831     1.397580 
2456772.239305 0.000000 0.000000     0.410883     1.424288 
2456773.170603 0.000000 0.000000     0.210601     1.429419 
2456774.101901 0.000000 0.000000     0.015149     1.422772 
2456775.033199 0.000000 0.000000    -0.173432     1.400909 
2456775.964496 0.000000 0.000000    -0.307880     1.358843 
2456776.895794 0.000000 0.000000    -0.319086     1.297329 
2456777.827092 0.000000 0.000000    -0.163021     1.218220 
2456778.758390 0.000000 0.000000     0.143878     1.121045 
2456779.689688 0.000000 0.000000     0.526651     1.025942 
2456780.620986 0.000000 0.000000     0.888762     0.990148 
2456781.552284 0.000000 0.000000     1.157481     1.015765 
2456782.483581 0.000000 0.000000     1.308715     1.039277 
2456783.414879 0.000000 0.000000     1.361432     1.060191 
2456784.346177 0.000000 0.000000     1.354973     1.108163 
2456785.277475 0.000000 0.000000     1.330791     1.139668 
2456786.208773 0.000000 0.000000     1.328604     1.086281 
2456787.140071 0.000000 0.000000     1.388477     0.923791 
2456788.071369 0.000000 0.000000     1.543044     0.692257 
2456789.002666 0.000000 0.000000     1.795540     0.582243 
2456789.933964 0.000000 0.000000     2.098765     0.629233 
2456790.865262 0.000000 0.000000     2.358427     0.663174 
2456791.796560 0.000000 0.000000     2.470620     0.759005 
2456792.727858 0.000000 0.000000     2.376044     0.927436 
2456793.659156 0.000000 0.000000     2.095251     1.102500 
2456794.590453 0.000000 0.000000     1.717155     1.247649 
2456795.521751 0.000000 0.000000     1.344728     1.346772 
2456796.453049 0.000000 0.000000     1.034140     1.399464 
2456797.384347 0.000000 0.000000     0.770871     1.418908 
2456798.315645 0.000000 0.000000     0.500628     1.420277 
2456799.246943 0.000000 0.000000     0.192192     1.405150 
2456800.178241 0.000000 0.000000    -0.115756     1.358342 
2456801.109538 0.000000 0.000000    -0.321313     1.263284 
2456802.040836 0.000000 0.000000    -0.317865     1.122529 
2456802.972134 0.000000 0.000000    -0.064283     0.965896 
2456803.903432 0.000000 0.000000     0.382297     0.825143 
2456804.834730 0.000000 0.000000     0.893083     0.707420 
2456805.766028 0.000000 0.000000     1.333568     0.671576 
2456806.697326 0.000000 0.000000     1.623638     0.730432 
2456807.628623 0.000000 0.000000     1.756220     0.771407 
2456808.559921 0.000000 0.000000     1.773040     0.823459 
2456809.491219 0.000000 0.000000     1.726396     0.950576 
2456810.422517 0.000000 0.000000     1.658787     1.064056 
2456811.353815 0.000000 0.000000     1.608313     1.085251 
2456812.285113 0.000000 0.000000     1.620157     1.011002 
2456813.216411 0.000000 0.000000     1.738660     0.904901 
2456814.147708 0.000000 0.000000     1.975911     0.857396 
2456815.079006 0.000000 0.000000     2.281829     0.860997 
2456816.010304 0.000000 0.000000     2.549191     0.880254 
2456816.941602 0.000000 0.000000     2.663836     0.944644 
2456817.872900 0.000000 0.000000     2.571835     1.057188 
2456818.804198 0.000000 0.000000     2.314625     1.178321 
2456819.735495 0.000000 0.000000     2.000859     1.278154 
2456820.666793 0.000000 0.000000     1.730176     1.344223 
2456821.598091 0.000000 0.000000     1.523695     1.377413 
2456822.529389 0.000000 0.000000     1.315433     1.388522 
2456823.460687 0.000000 0.000000     1.014946     1.388756 
2456824.391985 0.000000 0.000000     0.596145     1.373872 
2456825.323283 0.000000 0.000000     0.143860     1.317367 
2456826.254580 0.000000 0.000000    -0.181483     1.185578 
2456827.185878 0.000000 0.000000    -0.239991     0.960746 
2456828.117176 0.000000 0.000000    -0.001726     0.674276 
2456829.048474 0.000000 0.000000     0.433976     0.570868 
2456829.979772 0.000000 0.000000     0.900848     0.638142 
2456830.911070 0.000000 0.000000     1.261838     0.649752 
2456831.842368 0.000000 0.000000     1.470114     0.679287 
2456832.773665 0.000000 0.000000     1.558319     0.720163 
2456833.704963 0.000000 0.000000     1.577773     0.771202 
2456834.636261 0.000000 0.000000     1.545919     0.908696 
2456835.567559 0.000000 0.000000     1.446522     1.070465 
2456836.498857 0.000000 0.000000     1.276425     1.163795 
2456837.430155 0.000000 0.000000     1.089069     1.158547 
2456838.361452 0.000000 0.000000     0.986390     1.067705 
2456839.292750 0.000000 0.000000     1.056264     0.944860 
2456840.224048 0.000000 0.000000     1.303675     0.879250 
2456841.155346 0.000000 0.000000     1.635302     0.893461 
2456842.086644 0.000000 0.000000     1.916962     0.932716 
2456843.017942 0.000000 0.000000     2.063151     0.994658 
2456843.949240 0.000000 0.000000     2.088230     1.088953 
2456844.880537 0.000000 0.000000     2.076775     1.184130 
2456845.811835 0.000000 0.000000     2.095780     1.248490 
2456846.743133 0.000000 0.000000     2.121092     1.276836 
2456847.674431 0.000000 0.000000     2.042357     1.285100 
2456848.605729 0.000000 0.000000     1.748810     1.295605 
2456849.537027 0.000000 0.000000     1.231220     1.310185 
2456850.468325 0.000000 0.000000     0.617824     1.297619 
2456851.399622 0.000000 0.000000     0.110451     1.223726 
2456852.330920 0.000000 0.000000    -0.135985     1.089940 
2456853.262218 0.000000 0.000000    -0.102752     0.952316 
2456854.193516 0.000000 0.000000     0.098715     0.864811 
2456855.124814 0.000000 0.000000     0.318485     0.774690 
2456856.056112 0.000000 0.000000     0.471017     0.644055 
2456856.987409 0.000000 0.000000     0.570427     0.604062 
2456857.918707 0.000000 0.000000     0.677851     0.655244 
2456858.850005 0.000000 0.000000     0.813646     0.699344 
2456859.781303 0.000000 0.000000     0.914733     0.856842 
2456860.712601 0.000000 0.000000     0.877347     1.065085 
2456861.643899 0.000000 0.000000     0.651361     1.198852 
2456862.575197 0.000000 0.000000     0.306028     1.211659 
2456863.506494 0.000000 0.000000     0.007419     1.095971 
2456864.437792 0.000000 0.000000    -0.081128     0.876968 
2456865.369090 0.000000 0.000000     0.099049     0.682682 
2456866.300388 0.000000 0.000000     0.475394     0.717040 
2456867.231686 0.000000 0.000000     0.910580     0.769675 
2456868.162984 0.000000 0.000000     1.305133     0.777455 
2456869.094282 0.000000 0.000000     1.651917     0.824365 
2456870.025579 0.000000 0.000000     2.000349     0.917166 
2456870.956877 0.000000 0.000000     2.365419     0.993314 
2456871.888175 0.000000 0.000000     2.664700     1.025706 
2456872.819473 0.000000 0.000000     2.745061     1.037992 
2456873.750771 0.000000 0.000000     2.486353     1.091643 
2456874.682069 0.000000 0.000000     1.902732     1.193716 
2456875.613367 0.000000 0.000000     1.158848     1.277926 
2456876.544664 0.000000 0.000000     0.482168     1.301771 
2456877.475962 0.000000 0.000000     0.033365     1.272174 
2456878.407260 0.000000 0.000000    -0.170809     1.218079 
2456879.338558 0.000000 0.000000    -0.229668     1.150087 
2456880.269856 0.000000 0.000000    -0.255683     1.062065 
2456881.201154 0.000000 0.000000    -0.283013     0.982222 
2456882.132451 0.000000 0.000000    -0.259749     0.963982 
2456883.063749 0.000000 0.000000    -0.123918     0.984507 
2456883.995047 0.000000 0.000000     0.107087     1.007273 
2456884.926345 0.000000 0.000000     0.315087     1.071292 
2456885.857643 0.000000 0.000000     0.352224     1.184841 
2456886.788941 0.000000 0.000000     0.151435     1.274850 
2456887.720239 0.000000 0.000000    -0.211580     1.283416 
2456888.651536 0.000000 0.000000    -0.555974     1.201689 
2456889.582834 0.000000 0.000000    -0.705980     1.074936 
2456890.514132 0.000000 0.000000    -0.590822     1.000537 
2456891.445430 0.000000 0.000000    -0.262410     1.008301 
2456892.376728 0.000000 0.000000     0.173155     1.009306 
2456893.308026 0.000000 0.000000     0.645836     0.944146 
2456894.239324 0.000000 0.000000     1.156019     0.804034 
2456895.170621 0.000000 0.000000     1.727066     0.644492 
2456896.101919 0.000000 0.000000     2.322854     0.632406 
2456897.033217 0.000000 0.000000     2.809846     0.685651 
2456897.964515 0.000000 0.000000     3.008205     0.736150 
2456898.895813 0.000000 0.000000     2.802152     0.905946 
2456899.827111 0.000000 0.000000     2.227139     1.120470 
2456900.758408 0.000000 0.000000     1.464247     1.276619 
2456901.689706 0.000000 0.000000     0.741287     1.353833 
2456902.621004 0.000000 0.000000     0.210482     1.371289 
2456903.552302 0.000000 0.000000    -0.111366     1.356236 
2456904.483600 0.000000 0.000000    -0.304696     1.323222 
2456905.414898 0.000000 0.000000    -0.451173     1.281508 
2456906.346196 0.000000 0.000000    -0.560865     1.250946 
2456907.277493 0.000000 0.000000    -0.578591     1.245946 
2456908.208791 0.000000 0.000000    -0.457083     1.255204 
2456909.140089 0.000000 0.000000    -0.229244     1.266436 
2456910.071387 0.000000 0.000000    -0.013879     1.288842 
2456911.002685 0.000000 0.000000     0.054730     1.329021 
2456911.933983 0.000000 0.000000    -0.080202     1.364869 
2456912.865281 0.000000 0.000000    -0.354955     1.367637 
2456913.796578 0.000000 0.000000    -0.625084     1.333851 
2456914.727876 0.000000 0.000000    -0.755970     1.290521 
2456915.659174 0.000000 0.000000    -0.694827     1.269000 
2456916.590472 0.000000 0.000000    -0.474195     1.267398 
2456917.521770 0.000000 0.000000    -0.155028     1.255205 
2456918.453068 0.000000 0.000000     0.234366     1.206228 
2456919.384365 0.000000 0.000000     0.708170     1.120958 
2456920.315663 0.000000 0.000000     1.274156     1.042480 
2456921.246961 0.000000 0.000000     1.872322     1.022025 
2456922.178259 0.000000 0.000000     2.361805     1.035737 
2456923.109557 0.000000 0.000000     2.579343     1.054684 
2456924.040855 0.000000 0.000000     2.433553     1.116496 
2456924.972153 0.000000 0.000000     1.966806     1.227729 
2456925.903450 0.000000 0.000000     1.337323     1.331282 
2456926.834748 0.000000 0.000000     0.732235     1.392148 
2456927.766046 0.000000 0.000000     0.272259     1.414054 
2456928.697344 0.000000 0.000000    -0.028212     1.413952 
2456929.628642 0.000000 0.000000    -0.226240     1.403400 
2456930.559940 0.000000 0.000000    -0.377433     1.389472 
2456931.491238 0.000000 0.000000    -0.485804     1.380050 
2456932.422535 0.000000 0.000000    -0.512624     1.378979 
2456933.353833 0.000000 0.000000    -0.429589     1.382630 
2456934.285131 0.000000 0.000000    -0.266135     1.387162 
2456935.216429 0.000000 0.000000    -0.108078     1.394270 
2456936.147727 0.000000 0.000000    -0.046580     1.405780 
2456937.079025 0.000000 0.000000    -0.117493     1.416097 
2456938.010323 0.000000 0.000000    -0.278293     1.416605 
2456938.941620 0.000000 0.000000    -0.438816     1.406625 
2456939.872918 0.000000 0.000000    -0.519589     1.394803 
2456940.804216 0.000000 0.000000    -0.492229     1.388802 
2456941.735514 0.000000 0.000000    -0.374688     1.386439 
2456942.666812 0.000000 0.000000    -0.193149     1.377522 
2456943.598110 0.000000 0.000000     0.050794     1.353220 
2456944.529407 0.000000 0.000000     0.376161     1.317786 
2456945.460705 0.000000 0.000000     0.784502     1.290893 
2456946.392003 0.000000 0.000000     1.222348     1.285753 
2456947.323301 0.000000 0.000000     1.581713     1.291581 
2456948.254599 0.000000 0.000000     1.747048     1.298293 
2456949.185897 0.000000 0.000000     1.659419     1.316087 
2456950.117195 0.000000 0.000000     1.352826     1.352349 
2456951.048492 0.000000 0.000000     0.936269     1.392453 
2456951.979790 0.000000 0.000000     0.533884     1.419377 
2456952.911088 0.000000 0.000000     0.224307     1.430700 
2456953.842386 0.000000 0.000000     0.017990     1.432746 
2456954.773684 0.000000 0.000000    -0.119085     1.430812 
2456955.704982 0.000000 0.000000    -0.220528     1.427756 
2456956.636280 0.000000 0.000000    -0.290349     1.425744 
2456957.567577 0.000000 0.000000    -0.308933     1.425655 
2456958.498875 0.000000 0.000000    -0.263312     1.426709 
2456959.430173 0.000000 0.000000    -0.172268     1.428008 
2456960.361471 0.000000 0.000000    -0.083554     1.429685 
2456961.292769 0.000000 0.000000    -0.045179     1.432040 
2456962.224067 0.000000 0.000000    -0.074179     1.434049 
2456963.155364 0.000000 0.000000    -0.147413     1.434046 
2456964.086662 0.000000 0.000000    -0.220190     1.431994 
2456965.017960 0.000000 0.000000    -0.256242     1.429655 
2456965.949258 0.000000 0.000000    -0.245150     1.428319 
2456966.880556 0.000000 0.000000    -0.195802     1.427134 
2456967.811854 0.000000 0.000000    -0.115543     1.423371 
2456968.743152 0.000000 0.000000     0.003603     1.414873 
2456969.674449 0.000000 0.000000     0.177436     1.403844 
2456970.605747 0.000000 0.000000     0.406065     1.396457 
2456971.537045 0.000000 0.000000     0.655011     1.395683 
2456972.468343 0.000000 0.000000     0.859747     1.397891 
2456973.399641 0.000000 0.000000     0.954837     1.400036 
2456974.330939 0.000000 0.000000     0.909351     1.404661 
2456975.262237 0.000000 0.000000     0.744348     1.414106 
2456976.193534 0.000000 0.000000     0.520529     1.425119 
2456977.124832 0.000000 0.000000     0.305006     1.432932 
2456978.056130 0.000000 0.000000     0.139689     1.436452 
2456978.987428 0.000000 0.000000     0.030534     1.437383 
2456979.918726 0.000000 0.000000    -0.039643     1.437300 
2456980.850024 0.000000 0.000000    -0.088584     1.436949 
2456981.781322 0.000000 0.000000    -0.120399     1.436721 
2456982.712619 0.000000 0.000000    -0.128312     1.436751 
2456983.643917 0.000000 0.000000    -0.108260     1.436945 
2456984.575215 0.000000 0.000000    -0.069434     1.437175 
2456985.506513 0.000000 0.000000    -0.032214     1.437417 
2456986.437811 0.000000 0.000000    -0.015558     1.437698 
2456987.369109 0.000000 0.000000    -0.024780     1.437916 
2456988.300406 0.000000 0.000000    -0.049594     1.437886 
2456989.231704 0.000000 0.000000    -0.073197     1.437618 
2456990.163002 0.000000 0.000000    -0.084013     1.437323 
2456991.094300 0.000000 0.000000    -0.080321     1.437106 
2456992.025598 0.000000 0.000000    -0.064964     1.436756 
2456992.956896 0.000000 0.000000    -0.036406     1.435761 
2456993.888194 0.000000 0.000000     0.014335     1.433790 
2456994.819491 0.000000 0.000000     0.096632     1.431461 
2456995.750789 0.000000 0.000000     0.208082     1.430074 
2456996.682087 0.000000 0.000000     0.327674     1.430094 
2456997.613385 0.000000 0.000000     0.421516     1.430671 
2456998.544683 0.000000 0.000000     0.459034     1.431169 
2456999.475981 0.000000 0.000000     0.429288     1.432070 
2457000.407279 0.000000 0.000000     0.346528     1.433835 
2457001.338576 0.000000 0.000000     0.241537     1.435889 
2457002.269874 0.000000 0.000000     0.145033     1.437356 
2457003.201172 0.000000 0.000000     0.074143     1.438028 
2457004.132470 0.000000 0.000000     0.029553     1.438230 
2457005.063768 0.000000 0.000000     0.002668     1.438264 
2457005.995066 0.000000 0.000000    -0.014502     1.438256 
2457006.926363 0.000000 0.000000    -0.024296     1.438252 
2457007.857661 0.000000 0.000000    -0.025391     1.438263 
2457008.788959 0.000000 0.000000    -0.017989     1.438285 
2457009.720257 0.000000 0.000000    -0.006523     1.438309 
2457010.651555 0.000000 0.000000     0.002498     1.438329 
2457011.582853 0.000000 0.000000     0.005002     1.438345 
2457012.514151 0.000000 0.000000     0.001684     1.438354 
2457013.445448 0.000000 0.000000    -0.003913     1.438344 
2457014.376746 0.000000 0.000000    -0.009268     1.438313 
2457015.308044 0.000000 0.000000    -0.014365     1.438261 
2457016.239342 0.000000 0.000000    -0.018792     1.438150 
2457017.170640 0.000000 0.000000    -0.017190     1.437914 
2457018.101938 0.000000 0.000000     0.001629     1.437528 
2457019.033236 0.000000 0.000000     0.048868     1.437077 
2457019.964533 0.000000 0.000000     0.126042     1.436713 
2457020.895831 0.000000 0.000000     0.218647     1.436525 
2457021.827129 0.000000 0.000000     0.299390     1.436478 
2457022.758427 0.000000 0.000000     0.340738     1.436535 
2457023.689725 0.000000 0.000000     0.329391     1.436743 
2457024.621023 0.000000 0.000000     0.273160     1.437128 
2457025.552320 0.000000 0.000000     0.195647     1.437586 
2457026.483618 0.000000 0.000000     0.122532     1.437958 
2457027.414916 0.000000 0.000000     0.068883     1.438169 
2457028.346214 0.000000 0.000000     0.035441     1.438253 
2457029.277512 0.000000 0.000000     0.014617     1.438279 
2457030.208810 0.000000 0.000000    -0.000154     1.438288 
2457031.140108 0.000000 0.000000    -0.009538     1.438292 
2457032.071405 0.000000 0.000000    -0.010813     1.438294 
2457033.002703 0.000000 0.000000    -0.003848     1.438305 
2457033.934001 0.000000 0.000000     0.006063     1.438325 
2457034.865299 0.000000 0.000000     0.011609     1.438347 
2457035.796597 0.000000 0.000000     0.009736     1.438364 
2457036.727895 0.000000 0.000000     0.004198     1.438367 
2457037.659193 0.000000 0.000000     0.001119     1.438359 
2457038.590490 0.000000 0.000000     0.001376     1.438336 
2457039.521788 0.000000 0.000000    -0.002071     1.438264 
2457040.453086 0.000000 0.000000    -0.017068     1.438005 
2457041.384384 0.000000 0.000000    -0.039537     1.437219 
2457042.315682 0.000000 0.000000    -0.046499     1.435590 
2457043.246980 0.000000 0.000000    -0.004383     1.433429 
2457044.178278 0.000000 0.000000     0.108930     1.431727 
2457045.109575 0.000000 0.000000     0.282307     1.431024 
2457046.040873 0.000000 0.000000     0.467008     1.430720 
2457046.972171 0.000000 0.000000     0.596860     1.430241 
2457047.903469 0.000000 0.000000     0.622736     1.430236 
2457048.834767 0.000000 0.000000     0.539513     1.431590 
2457049.766065 0.000000 0.000000     0.387356     1.433889 
2457050.697362 0.000000 0.000000     0.226432     1.435878 
2457051.628660 0.000000 0.000000     0.102572     1.436923 
2457052.559958 0.000000 0.000000     0.027085     1.437269 
2457053.491256 0.000000 0.000000    -0.017526     1.437345 
2457054.422554 0.000000 0.000000    -0.053886     1.437379 
2457055.353852 0.000000 0.000000    -0.088635     1.437417 
2457056.285150 0.000000 0.000000    -0.110153     1.437435 
2457057.216447 0.000000 0.000000    -0.104386     1.437472 
2457058.147745 0.000000 0.000000    -0.072626     1.437609 
2457059.079043 0.000000 0.000000    -0.034271     1.437857 
2457060.010341 0.000000 0.000000    -0.011833     1.438124 
2457060.941639 0.000000 0.000000    -0.012227     1.438295 
2457061.872937 0.000000 0.000000    -0.022473     1.438323 
2457062.804235 0.000000 0.000000    -0.025034     1.438266 
2457063.735532 0.000000 0.000000    -0.018821     1.438149 
2457064.666830 0.000000 0.000000    -0.024041     1.437788 
2457065.598128 0.000000 0.000000    -0.061322     1.436430 
2457066.529426 0.000000 0.000000    -0.119474     1.432247 
2457067.460724 0.000000 0.000000    -0.141400     1.423521 
2457068.392022 0.000000 0.000000    -0.048698     1.411904 
2457069.323319 0.000000 0.000000     0.203919     1.402783 
2457070.254617 0.000000 0.000000     0.580994     1.399299 
2457071.185915 0.000000 0.000000     0.964435     1.398458 
2457072.117213 0.000000 0.000000     1.207538     1.397207 
2457073.048511 0.000000 0.000000     1.214609     1.398312 
2457073.979809 0.000000 0.000000     0.994208     1.405415 
2457074.911107 0.000000 0.000000     0.649647     1.416057 
2457075.842404 0.000000 0.000000     0.313521     1.424598 
2457076.773702 0.000000 0.000000     0.072122     1.428696 
2457077.705000 0.000000 0.000000    -0.069113     1.429728 
2457078.636298 0.000000 0.000000    -0.160442     1.429703 
2457079.567596 0.000000 0.000000    -0.249352     1.429689 
2457080.498894 0.000000 0.000000    -0.337779     1.429824 
2457081.430192 0.000000 0.000000    -0.387081     1.429925 
2457082.361489 0.000000 0.000000    -0.361272     1.430294 
2457083.292787 0.000000 0.000000    -0.267446     1.431607 
2457084.224085 0.000000 0.000000    -0.156713     1.433901 
2457085.155383 0.000000 0.000000    -0.085002     1.436264 
2457086.086681 0.000000 0.000000    -0.069392     1.437705 
2457087.017979 0.000000 0.000000    -0.080244     1.438073 
2457087.949276 0.000000 0.000000    -0.077248     1.437919 
2457088.880574 0.000000 0.000000    -0.055921     1.437536 
2457089.811872 0.000000 0.000000    -0.057547     1.436362 
2457090.743170 0.000000 0.000000    -0.125147     1.431829 
2457091.674468 0.000000 0.000000    -0.238370     1.417516 
2457092.605766 0.000000 0.000000    -0.288001     1.386731 
2457093.537064 0.000000 0.000000    -0.127779     1.343728 
2457094.468361 0.000000 0.000000     0.319592     1.308181 
2457095.399659 0.000000 0.000000     0.976864     1.295053 
2457096.330957 0.000000 0.000000     1.619171     1.294653 
2457097.262255 0.000000 0.000000     1.984306     1.294300 
2457098.193553 0.000000 0.000000     1.920442     1.301479 
2457099.124851 0.000000 0.000000     1.472239     1.326371 
2457100.056149 0.000000 0.000000     0.845575     1.359198 
2457100.987446 0.000000 0.000000     0.276234     1.383263 
2457101.918744 0.000000 0.000000    -0.104610     1.393473 
2457102.850042 0.000000 0.000000    -0.316799     1.394706 
2457103.781340 0.000000 0.000000    -0.467315     1.393278 
2457104.712638 0.000000 0.000000    -0.636804     1.392729 
2457105.643936 0.000000 0.000000    -0.809395     1.393169 
2457106.575234 0.000000 0.000000    -0.896858     1.393588 
2457107.506531 0.000000 0.000000    -0.828096     1.395705 
2457108.437829 0.000000 0.000000    -0.622634     1.403107 
2457109.369127 0.000000 0.000000    -0.384269     1.415595 
2457110.300425 0.000000 0.000000    -0.222029     1.427855 
2457111.231723 0.000000 0.000000    -0.168987     1.435044 
2457112.163021 0.000000 0.000000    -0.170753     1.437167 
2457113.094318 0.000000 0.000000    -0.152844     1.437089 
2457114.025616 0.000000 0.000000    -0.103536     1.436338 
2457114.956914 0.000000 0.000000    -0.090646     1.433913 
2457115.888212 0.000000 0.000000    -0.186736     1.424148 
2457116.819510 0.000000 0.000000    -0.362700     1.392008 
2457117.750808 0.000000 0.000000    -0.450517     1.318486 
2457118.682106 0.000000 0.000000    -0.230822     1.202261 
2457119.613403 0.000000 0.000000     0.400446     1.086653 
2457120.544701 0.000000 0.000000     1.308936     1.039969 
2457121.475999 0.000000 0.000000     2.149578     1.048723 
2457122.407297 0.000000 0.000000     2.547864     1.059907 
2457123.338595 0.000000 0.000000     2.320415     1.085906 
2457124.269893 0.000000 0.000000     1.582652     1.149587 
2457125.201191 0.000000 0.000000     0.667008     1.222258 
2457126.132488 0.000000 0.000000    -0.089714     1.269909 
2457127.063786 0.000000 0.000000    -0.538506     1.286648 
2457127.995084 0.000000 0.000000    -0.759176     1.284051 
2457128.926382 0.000000 0.000000    -0.937009     1.277099 
2457129.857680 0.000000 0.000000    -1.184292     1.275151 
2457130.788978 0.000000 0.000000    -1.448914     1.276938 
2457131.720275 0.000000 0.000000    -1.573334     1.278378 
2457132.651573 0.000000 0.000000    -1.442968     1.287080 
2457133.582871 0.000000 0.000000    -1.094455     1.316789 
2457134.514169 0.000000 0.000000    -0.694580     1.363261 
2457135.445467 0.000000 0.000000    -0.413002     1.404968 
2457136.376765 0.000000 0.000000    -0.300800     1.427899 
2457137.308063 0.000000 0.000000    -0.277837     1.435007 
2457138.239360 0.000000 0.000000    -0.234162     1.435818 
2457139.170658 0.000000 0.000000    -0.148605     1.435093 
2457140.101956 0.000000 0.000000    -0.110780     1.432118 
2457141.033254 0.000000 0.000000    -0.218190     1.419140 
2457141.964552 0.000000 0.000000    -0.436779     1.374405 
2457142.895850 0.000000 0.000000    -0.559364     1.267518 
2457143.827148 0.000000 0.000000    -0.325635     1.077909 
2457144.758445 0.000000 0.000000     0.368391     0.820647 
2457145.689743 0.000000 0.000000     1.333226     0.656010 
2457146.621041 0.000000 0.000000     2.146242     0.722518 
2457147.552339 0.000000 0.000000     2.391469     0.759913 
2457148.483637 0.000000 0.000000     1.919649     0.766412 
2457149.414935 0.000000 0.000000     0.943068     0.839221 
2457150.346232 0.000000 0.000000    -0.105534     0.947328 
2457151.277530 0.000000 0.000000    -0.849437     1.020288 
2457152.208828 0.000000 0.000000    -1.182449     1.040203 
2457153.140126 0.000000 0.000000    -1.275838     1.021565 
2457154.071424 0.000000 0.000000    -1.391194     0.997527 
2457155.002722 0.000000 0.000000    -1.655185     0.995609 
2457155.934020 0.000000 0.000000    -1.969245     1.005583 
2457156.865317 0.000000 0.000000    -2.110849     1.010930 
2457157.796615 0.000000 0.000000    -1.929867     1.044663 
2457158.727913 0.000000 0.000000    -1.475657     1.145915 
2457159.659211 0.000000 0.000000    -0.957604     1.273272 
2457160.590509 0.000000 0.000000    -0.583014     1.368874 
2457161.521807 0.000000 0.000000    -0.413464     1.416672 
2457162.453105 0.000000 0.000000    -0.355914     1.431779 
2457163.384402 0.000000 0.000000    -0.283651     1.434690 
2457164.315700 0.000000 0.000000    -0.169741     1.434805 
2457165.246998 0.000000 0.000000    -0.108199     1.432978 
2457166.178296 0.000000 0.000000    -0.201316     1.423100 
2457167.109594 0.000000 0.000000    -0.416391     1.387288 
2457168.040892 0.000000 0.000000    -0.552387     1.305812 
2457168.972190 0.000000 0.000000    -0.370200     1.180445 
2457169.903487 0.000000 0.000000     0.201944     1.058211 
2457170.834785 0.000000 0.000000     0.954772     1.011722 
2457171.766083 0.000000 0.000000     1.486341     1.017913 
2457172.697381 0.000000 0.000000     1.450000     0.983925 
2457173.628679 0.000000 0.000000     0.789423     0.861342 
2457174.559977 0.000000 0.000000    -0.213120     0.659576 
2457175.491274 0.000000 0.000000    -1.115894     0.570904 
2457176.422572 0.000000 0.000000    -1.597733     0.686159 
2457177.353870 0.000000 0.000000    -1.639847     0.728837 
2457178.285168 0.000000 0.000000    -1.487364     0.668919 
2457179.216466 0.000000 0.000000    -1.434214     0.571481 
2457180.147764 0.000000 0.000000    -1.601068     0.585580 
2457181.079062 0.000000 0.000000    -1.868517     0.646048 
2457182.010359 0.000000 0.000000    -1.998883     0.669037 
2457182.941657 0.000000 0.000000    -1.835326     0.782940 
2457183.872955 0.000000 0.000000    -1.418545     1.006578 
2457184.804253 0.000000 0.000000    -0.940299     1.209463 
2457185.735551 0.000000 0.000000    -0.588183     1.341727 
2457186.666849 0.000000 0.000000    -0.416623     1.406075 
2457187.598147 0.000000 0.000000    -0.344029     1.428250 
2457188.529444 0.000000 0.000000    -0.262091     1.434025 
2457189.460742 0.000000 0.000000    -0.149211     1.435398 
2457190.392040 0.000000 0.000000    -0.083925     1.435193 
2457191.323338 0.000000 0.000000    -0.148829     1.430901 
2457192.254636 0.000000 0.000000    -0.317245     1.413462 
2457193.185934 0.000000 0.000000    -0.435145     1.376601 
2457194.117231 0.000000 0.000000    -0.330844     1.329073 
2457195.048529 0.000000 0.000000     0.028754     1.292250 
2457195.979827 0.000000 0.000000     0.467364     1.278371 
2457196.911125 0.000000 0.000000     0.687752     1.269682 
2457197.842423 0.000000 0.000000     0.469129     1.231830 
2457198.773721 0.000000 0.000000    -0.167938     1.148448 
2457199.705019 0.000000 0.000000    -0.954459     1.049449 
2457200.636316 0.000000 0.000000    -1.535547     1.004566 
2457201.567614 0.000000 0.000000    -1.689880     1.021185 
2457202.498912 0.000000 0.000000    -1.453171     1.030546 
2457203.430210 0.000000 0.000000    -1.065829     0.997507 
2457204.361508 0.000000 0.000000    -0.793513     0.935524 
2457205.292806 0.000000 0.000000    -0.755303     0.885843 
2457206.224104 0.000000 0.000000    -0.876390     0.873432 
2457207.155401 0.000000 0.000000    -0.980981     0.880453 
2457208.086699 0.000000 0.000000    -0.938517     0.921739 
2457209.017997 0.000000 0.000000    -0.749183     1.040717 
2457209.949295 0.000000 0.000000    -0.516095     1.194910 
2457210.880593 0.000000 0.000000    -0.345336     1.318395 
2457211.811891 0.000000 0.000000    -0.264939     1.390167 
2457212.743188 0.000000 0.000000    -0.225344     1.421605 
2457213.674486 0.000000 0.000000    -0.167658     1.432460 
2457214.605784 0.000000 0.000000    -0.089358     1.435654 
2457215.537082 0.000000 0.000000    -0.045597     1.436543 
2457216.468380 0.000000 0.000000    -0.086750     1.435746 
2457217.399678 0.000000 0.000000    -0.192797     1.430353 
2457218.330976 0.000000 0.000000    -0.270411     1.419069 
2457219.262273 0.000000 0.000000    -0.224630     1.405852 
2457220.193571 0.000000 0.000000    -0.049710     1.396315 
2457221.124869 0.000000 0.000000     0.139305     1.391652 
2457222.056167 0.000000 0.000000     0.170591     1.384546 
2457222.987465 0.000000 0.000000    -0.063609     1.362934 
2457223.918763 0.000000 0.000000    -0.516185     1.324775 
2457224.850061 0.000000 0.000000    -0.993874     1.288182 
2457225.781358 0.000000 0.000000    -1.264488     1.273948 
2457226.712656 0.000000 0.000000    -1.191642     1.274350 
2457227.643954 0.000000 0.000000    -0.808182     1.258668 
2457228.575252 0.000000 0.000000    -0.285090     1.199506 
2457229.506550 0.000000 0.000000     0.174834     1.086261 
2457230.437848 0.000000 0.000000     0.443405     0.944245 
2457231.369146 0.000000 0.000000     0.509112     0.857532 
2457232.300443 0.000000 0.000000     0.443331     0.860772 
2457233.231741 0.000000 0.000000     0.331262     0.886577 
2457234.163039 0.000000 0.000000     0.222165     0.960230 
2457235.094337 0.000000 0.000000     0.125631     1.107975 
2457236.025635 0.000000 0.000000     0.039224     1.257624 
2457236.956933 0.000000 0.000000    -0.027913     1.358868 
2457237.888230 0.000000 0.000000    -0.058018     1.409734 
2457238.819528 0.000000 0.000000    -0.046569     1.429057 
2457239.750826 0.000000 0.000000    -0.016378     1.434896 
2457240.682124 0.000000 0.000000    -0.005383     1.436674 
2457241.613422 0.000000 0.000000    -0.035784     1.437292 
2457242.544720 0.000000 0.000000    -0.091907     1.436560 
2457243.476018 0.000000 0.000000    -0.129345     1.434305 
2457244.407315 0.000000 0.000000    -0.112080     1.431710 
2457245.338613 0.000000 0.000000    -0.049249     1.429860 
2457246.269911 0.000000 0.000000    -0.000227     1.428508 
2457247.201209 0.000000 0.000000    -0.039178     1.425428 
2457248.132507 0.000000 0.000000    -0.200920     1.417235 
2457249.063805 0.000000 0.000000    -0.445323     1.404246 
2457249.995103 0.000000 0.000000    -0.666079     1.392669 
2457250.926400 0.000000 0.000000    -0.740297     1.386509 
2457251.857698 0.000000 0.000000    -0.589560     1.377479 
2457252.788996 0.000000 0.000000    -0.217905     1.344237 
2457253.720294 0.000000 0.000000     0.291075     1.258881 
2457254.651592 0.000000 0.000000     0.811036     1.097844 
2457255.582890 0.000000 0.000000     1.220740     0.860770 
2457256.514187 0.000000 0.000000     1.440705     0.641358 
2457257.445485 0.000000 0.000000     1.448385     0.640947 
2457258.376783 0.000000 0.000000     1.274064     0.685297 
2457259.308081 0.000000 0.000000     0.984848     0.803503 
2457260.239379 0.000000 0.000000     0.662918     1.023981 
2457261.170677 0.000000 0.000000     0.382122     1.219077 
2457262.101975 0.000000 0.000000     0.187764     1.343346 
2457263.033272 0.000000 0.000000     0.086451     1.404577 
2457263.964570 0.000000 0.000000     0.051413     1.427647 
2457264.895868 0.000000 0.000000     0.041843     1.434570 
2457265.827166 0.000000 0.000000     0.026347     1.436688 
2457266.758464 0.000000 0.000000    -0.002819     1.437646 
2457267.689762 0.000000 0.000000    -0.032519     1.437996 
2457268.621060 0.000000 0.000000    -0.045124     1.437798 
2457269.552357 0.000000 0.000000    -0.036178     1.437467 
2457270.483655 0.000000 0.000000    -0.020886     1.437228 
2457271.414953 0.000000 0.000000    -0.025519     1.436934 
2457272.346251 0.000000 0.000000    -0.070283     1.436077 
2457273.277549 0.000000 0.000000    -0.155005     1.433843 
2457274.208847 0.000000 0.000000    -0.255495     1.430329 
2457275.140145 0.000000 0.000000    -0.330637     1.426584 
2457276.071442 0.000000 0.000000    -0.334843     1.421142 
2457277.002740 0.000000 0.000000    -0.230676     1.404893 
2457277.934038 0.000000 0.000000    -0.000014     1.358159 
2457278.865336 0.000000 0.000000     0.346060     1.255631 
2457279.796634 0.000000 0.000000     0.760883     1.081595 
2457280.727932 0.000000 0.000000     1.165373     0.859578 
2457281.659229 0.000000 0.000000     1.466190     0.716591 
2457282.590527 0.000000 0.000000     1.586920     0.721226 
2457283.521825 0.000000 0.000000     1.499802     0.750823 
2457284.453123 0.000000 0.000000     1.240526     0.881659 
2457285.384421 0.000000 0.000000     0.894982     1.087730 
2457286.315719 0.000000 0.000000     0.562360     1.258446 
2457287.247017 0.000000 0.000000     0.313825     1.362587 
2457288.178314 0.000000 0.000000     0.169207     1.411854 
2457289.109612 0.000000 0.000000     0.102899     1.429864 
2457290.040910 0.000000 0.000000     0.071653     1.435271 
2457290.972208 0.000000 0.000000     0.044222     1.437042 
2457291.903506 0.000000 0.000000     0.014361     1.437900 
2457292.834804 0.000000 0.000000    -0.007319     1.438251 
2457293.766102 0.000000 0.000000    -0.011730     1.438280 
2457294.697399 0.000000 0.000000    -0.003532     1.438259 
2457295.628697 0.000000 0.000000     0.001558     1.438233 
2457296.559995 0.000000 0.000000    -0.010263     1.438204 
2457297.491293 0.000000 0.000000    -0.040241     1.437987 
2457298.422591 0.000000 0.000000    -0.077811     1.437220 
2457299.353889 0.000000 0.000000    -0.110496     1.435865 
2457300.285186 0.000000 0.000000    -0.132128     1.433505 
2457301.216484 0.000000 0.000000    -0.140421     1.426769 
2457302.147782 0.000000 0.000000    -0.125836     1.404418 
2457303.079080 0.000000 0.000000    -0.063906     1.343460 
2457304.010378 0.000000 0.000000     0.076980     1.215430 
2457304.941676 0.000000 0.000000     0.312343     1.003186 
2457305.872974 0.000000 0.000000     0.617680     0.733782 
2457306.804271 0.000000 0.000000     0.923628     0.602849 
2457307.735569 0.000000 0.000000     1.139629     0.646954 
2457308.666867 0.000000 0.000000     1.195959     0.707414 
2457309.598165 0.000000 0.000000     1.079491     0.903907 
2457310.529463 0.000000 0.000000     0.840496     1.128656 
2457311.460761 0.000000 0.000000     0.565732     1.290253 
2457312.392059 0.000000 0.000000     0.334651     1.379982 
2457313.323356 0.000000 0.000000     0.185513     1.418780 
2457314.254654 0.000000 0.000000     0.109851     1.431946 
2457315.185952 0.000000 0.000000     0.073662     1.435868 
2457316.117250 0.000000 0.000000     0.046762     1.437304 
2457317.048548 0.000000 0.000000     0.019615     1.438065 
2457317.979846 0.000000 0.000000    -0.000450     1.438326 
2457318.911143 0.000000 0.000000    -0.005175     1.438323 
2457319.842441 0.000000 0.000000     0.002507     1.438328 
2457320.773739 0.000000 0.000000     0.009957     1.438318 
2457321.705037 0.000000 0.000000     0.006358     1.438334 
2457322.636335 0.000000 0.000000    -0.008032     1.438246 
2457323.567633 0.000000 0.000000    -0.024184     1.437730 
2457324.498931 0.000000 0.000000    -0.035835     1.436763 
2457325.430228 0.000000 0.000000    -0.048387     1.434859 
2457326.361526 0.000000 0.000000    -0.074624     1.428975 
2457327.292824 0.000000 0.000000    -0.118396     1.409524 
2457328.224122 0.000000 0.000000    -0.159688     1.357720 
2457329.155420 0.000000 0.000000    -0.156436     1.255115 
2457330.086718 0.000000 0.000000    -0.067061     1.109763 
2457331.018016 0.000000 0.000000     0.118937     0.989838 
2457331.949313 0.000000 0.000000     0.363806     0.966934 
2457332.880611 0.000000 0.000000     0.592491     0.982690 
2457333.811909 0.000000 0.000000     0.727950     1.004278 
2457334.743207 0.000000 0.000000     0.730026     1.088129 
2457335.674505 0.000000 0.000000     0.613969     1.220510 
2457336.605803 0.000000 0.000000     0.437937     1.332438 
2457337.537101 0.000000 0.000000     0.268977     1.397336 
2457338.468398 0.000000 0.000000     0.149828     1.424971 
2457339.399696 0.000000 0.000000     0.085919     1.433992 
2457340.330994 0.000000 0.000000     0.056404     1.436636 
2457341.262292 0.000000 0.000000     0.036989     1.437638 
2457342.193590 0.000000 0.000000     0.016869     1.438183 
2457343.124888 0.000000 0.000000    -0.000048     1.438363 
2457344.056185 0.000000 0.000000    -0.005978     1.438348 
2457344.987483 0.000000 0.000000    -0.000199     1.438347 
2457345.918781 0.000000 0.000000     0.009370     1.438337 
2457346.850079 0.000000 0.000000     0.013531     1.438348 
2457347.781377 0.000000 0.000000     0.009625     1.438314 
2457348.712675 0.000000 0.000000     0.001681     1.438024 
2457349.643973 0.000000 0.000000    -0.007176     1.437474 
2457350.575270 0.000000 0.000000    -0.022014     1.436435 
2457351.506568 0.000000 0.000000    -0.054339     1.433327 
2457352.437866 0.000000 0.000000    -0.110324     1.423242 
2457353.369164 0.000000 0.000000    -0.177879     1.397283 
2457354.300462 0.000000 0.000000    -0.224723     1.350246 
2457355.231760 0.000000 0.000000    -0.212725     1.294772 
2457356.163058 0.000000 0.000000    -0.121441     1.259514 
2457357.094355 0.000000 0.000000     0.034641     1.254373 
2457358.025653 0.000000 0.000000     0.208117     1.259062 
2457358.956951 0.000000 0.000000     0.340584     1.265552 
2457359.888249 0.000000 0.000000     0.391723     1.290684 
2457360.819547 0.000000 0.000000     0.357852     1.338404 
2457361.750845 0.000000 0.000000     0.269383     1.386761 
2457362.682142 0.000000 0.000000     0.170434     1.417893 
2457363.613440 0.000000 0.000000     0.094732     1.431708 
2457364.544738 0.000000 0.000000     0.052502     1.436235 
2457365.476036 0.000000 0.000000     0.033915     1.437546 
2457366.407334 0.000000 0.000000     0.023129     1.438033 
2457367.338632 0.000000 0.000000     0.011216     1.438294 
2457368.269930 0.000000 0.000000    -0.000380     1.438382 
2457369.201227 0.000000 0.000000    -0.005618     1.438373 
2457370.132525 0.000000 0.000000    -0.001855     1.438366 
2457371.063823 0.000000 0.000000     0.007071     1.438357 
2457371.995121 0.000000 0.000000     0.014250     1.438359 
2457372.926419 0.000000 0.000000     0.015254     1.438351 
2457373.857717 0.000000 0.000000     0.010184     1.438247 
2457374.789015 0.000000 0.000000     0.000563     1.438045 
2457375.720312 0.000000 0.000000    -0.015226     1.437684 
2457376.651610 0.000000 0.000000    -0.042496     1.436648 
2457377.582908 0.000000 0.000000    -0.084814     1.433345 
2457378.514206 0.000000 0.000000    -0.136470     1.425015 
2457379.445504 0.000000 0.000000    -0.179776     1.410617 
2457380.376802 0.000000 0.000000    -0.191475     1.394875 
2457381.308099 0.000000 0.000000    -0.155729     1.385572 
2457382.239397 0.000000 0.000000    -0.075497     1.384272 
2457383.170695 0.000000 0.000000     0.025865     1.385563 
2457384.101993 0.000000 0.000000     0.114902     1.387366 
2457385.033291 0.000000 0.000000     0.164456     1.394014 
2457385.964589 0.000000 0.000000     0.166253     1.407259 
2457386.895887 0.000000 0.000000     0.132428     1.421733 
2457387.827184 0.000000 0.000000     0.086044     1.431641 
2457388.758482 0.000000 0.000000     0.047483     1.436191 
2457389.689780 0.000000 0.000000     0.025329     1.437698 
2457390.621078 0.000000 0.000000     0.016238     1.438129 
2457391.552376 0.000000 0.000000     0.011823     1.438284 
2457392.483674 0.000000 0.000000     0.006418     1.438364 
2457393.414972 0.000000 0.000000     0.000305     1.438391 
2457394.346269 0.000000 0.000000    -0.002676     1.438386 
2457395.277567 0.000000 0.000000     0.000092     1.438379 
2457396.208865 0.000000 0.000000     0.007139     1.438372 
2457397.140163 0.000000 0.000000     0.013917     1.438370 
2457398.071461 0.000000 0.000000     0.016122     1.438369 
2457399.002759 0.000000 0.000000     0.012153     1.438345 
2457399.934057 0.000000 0.000000     0.002796     1.438296 
2457400.865354 0.000000 0.000000    -0.010980     1.438215 
2457401.796652 0.000000 0.000000    -0.029486     1.437998 
2457402.727950 0.000000 0.000000    -0.053215     1.437318 
2457403.659248 0.000000 0.000000    -0.079952     1.435616 
2457404.590546 0.000000 0.000000    -0.102907     1.432719 
2457405.521844 0.000000 0.000000    -0.112354     1.429633 
2457406.453141 0.000000 0.000000    -0.100611     1.427857 
2457407.384439 0.000000 0.000000    -0.067340     1.427623 
2457408.315737 0.000000 0.000000    -0.021343     1.427883 
2457409.247035 0.000000 0.000000     0.022871     1.428250 
2457410.178333 0.000000 0.000000     0.052004     1.429553 
2457411.109631 0.000000 0.000000     0.060224     1.432147 
2457412.040929 0.000000 0.000000     0.051020     1.435025 
2457412.972226 0.000000 0.000000     0.033900     1.437026 
2457413.903524 0.000000 0.000000     0.018419     1.437953 
2457414.834822 0.000000 0.000000     0.009445     1.438260 
2457415.766120 0.000000 0.000000     0.006272     1.438347 
2457416.697418 0.000000 0.000000     0.005308     1.438376 
2457417.628716 0.000000 0.000000     0.003799     1.438391 
2457418.560014 0.000000 0.000000     0.001804     1.438394 
2457419.491311 0.000000 0.000000     0.001394     1.438390 
2457420.422609 0.000000 0.000000     0.004235     1.438383 
2457421.353907 0.000000 0.000000     0.009698     1.438376 
2457422.285205 0.000000 0.000000     0.014947     1.438373 
2457423.216503 0.000000 0.000000     0.016733     1.438372 
2457424.147801 0.000000 0.000000     0.013356     1.438368 
2457425.079098 0.000000 0.000000     0.005379     1.438360 
2457426.010396 0.000000 0.000000    -0.005207     1.438348 
2457426.941694 0.000000 0.000000    -0.016390     1.438325 
2457427.872992 0.000000 0.000000    -0.026919     1.438249 
2457428.804290 0.000000 0.000000    -0.035952     1.438054 
2457429.735588 0.000000 0.000000    -0.042224     1.437724 
2457430.666886 0.000000 0.000000    -0.043786     1.437382 
2457431.598183 0.000000 0.000000    -0.038876     1.437197 
2457432.529481 0.000000 0.000000    -0.027397     1.437181 
2457433.460779 0.000000 0.000000    -0.011807     1.437211 
2457434.392077 0.000000 0.000000     0.003496     1.437254 
2457435.323375 0.000000 0.000000     0.014130     1.437410 
2457436.254673 0.000000 0.000000     0.017863     1.437710 
2457437.185971 0.000000 0.000000     0.015545     1.438034 
2457438.117268 0.000000 0.000000     0.010276     1.438253 
2457439.048566 0.000000 0.000000     0.005423     1.438352 
2457439.979864 0.000000 0.000000     0.002831     1.438384 
2457440.911162 0.000000 0.000000     0.002335     1.438393 
2457441.842460 0.000000 0.000000     0.002666     1.438395 
2457442.773758 0.000000 0.000000     0.002878     1.438396 
2457443.705055 0.000000 0.000000     0.003181     1.438395 
2457444.636353 0.000000 0.000000     0.004591     1.438390 
2457445.567651 0.000000 0.000000     0.007807     1.438382 
2457446.498949 0.000000 0.000000     0.012248     1.438374 
2457447.430247 0.000000 0.000000     0.016058     1.438370 
2457448.361545 0.000000 0.000000     0.017096     1.438370 
2457449.292843 0.000000 0.000000     0.014220     1.438369 
2457450.224140 0.000000 0.000000     0.007999     1.438368 
2457451.155438 0.000000 0.000000     0.000403     1.438369 
2457452.086736 0.000000 0.000000    -0.006239     1.438373 
2457453.018034 0.000000 0.000000    -0.010302     1.438375 
2457453.949332 0.000000 0.000000    -0.011328     1.438368 
2457454.880630 0.000000 0.000000    -0.009799     1.438351 
2457455.811928 0.000000 0.000000    -0.006565     1.438333 
2457456.743225 0.000000 0.000000    -0.002423     1.438323 
2457457.674523 0.000000 0.000000     0.001938     1.438322 
2457458.605821 0.000000 0.000000     0.005805     1.438322 
2457459.537119 0.000000 0.000000     0.008412     1.438324 
2457460.468417 0.000000 0.000000     0.009195     1.438334 
2457461.399715 0.000000 0.000000     0.008133     1.438352 
2457462.331013 0.000000 0.000000     0.005882     1.438371 
2457463.262310 0.000000 0.000000     0.003491     1.438386 
2457464.193608 0.000000 0.000000     0.001855     1.438394 
2457465.124906 0.000000 0.000000     0.001280     1.438396 
2457466.056204 0.000000 0.000000     0.001467     1.438397 
2457466.987502 0.000000 0.000000     0.001936     1.438397 
2457467.918800 0.000000 0.000000     0.002523     1.438397 
2457468.850097 0.000000 0.000000     0.003555     1.438395 
2457469.781395 0.000000 0.000000     0.005544     1.438391 
2457470.712693 0.000000 0.000000     0.008608     1.438384 
2457471.643991 0.000000 0.000000     0.012092     1.438378 
2457472.575289 0.000000 0.000000     0.014708     1.438375 
2457473.506587 0.000000 0.000000     0.015166     1.438375 
2457474.437885 0.000000 0.000000     0.012917     1.438375 
2457475.369182 0.000000 0.000000     0.008526     1.438375 
2457476.300480 0.000000 0.000000     0.003457     1.438377 
2457477.231778 0.000000 0.000000    -0.000590     1.438383 
2457478.163076 0.000000 0.000000    -0.002393     1.438388 
2457479.094374 0.000000 0.000000    -0.001604     1.438390 
2457480.025672 0.000000 0.000000     0.001290     1.438387 
2457480.956970 0.000000 0.000000     0.005302     1.438381 
2457481.888267 0.000000 0.000000     0.009331     1.438374 
2457482.819565 0.000000 0.000000     0.012430     1.438370 
2457483.750863 0.000000 0.000000     0.013953     1.438369 
2457484.682161 0.000000 0.000000     0.013645     1.438370 
2457485.613459 0.000000 0.000000     0.011708     1.438371 
2457486.544757 0.000000 0.000000     0.008771     1.438374 
2457487.476054 0.000000 0.000000     0.005705     1.438381 
2457488.407352 0.000000 0.000000     0.003287     1.438389 
2457489.338650 0.000000 0.000000     0.001901     1.438394 
2457490.269948 0.000000 0.000000     0.001436     1.438397 
2457491.201246 0.000000 0.000000     0.001490     1.438397 
2457492.132544 0.000000 0.000000     0.001730     1.438397 
2457493.063842 0.000000 0.000000     0.002173     1.438397 
2457493.995139 0.000000 0.000000     0.003150     1.438396 
2457494.926437 0.000000 0.000000     0.004993     1.438393 
2457495.857735 0.000000 0.000000     0.007643     1.438389 
2457496.789033 0.000000 0.000000     0.010486     1.438384 
2457497.720331 0.000000 0.000000     0.012559     1.438381 
2457498.651629 0.000000 0.000000     0.013016     1.438381 
2457499.582927 0.000000 0.000000     0.011575     1.438381 
2457500.514224 0.000000 0.000000     0.008668     1.438381 
2457501.445522 0.000000 0.000000     0.005240     1.438383 
2457502.376820 0.000000 0.000000     0.002335     1.438387 
2457503.308118 0.000000 0.000000     0.000719     1.438391 
2457504.239416 0.000000 0.000000     0.000711     1.438392 
2457505.170714 0.000000 0.000000     0.002212     1.438388 
2457506.102011 0.000000 0.000000     0.004829     1.438381 
2457507.033309 0.000000 0.000000     0.007967     1.438375 
2457507.964607 0.000000 0.000000     0.010896     1.438372 
2457508.895905 0.000000 0.000000     0.012865     1.438372 
2457509.827203 0.000000 0.000000     0.013301     1.438372 
2457510.758501 0.000000 0.000000     0.012059     1.438373 
2457511.689799 0.000000 0.000000     0.009544     1.438377 
2457512.621096 0.000000 0.000000     0.006578     1.438384 
2457513.552394 0.000000 0.000000     0.004039     1.438391 
2457514.483692 0.000000 0.000000     0.002461     1.438395 
2457515.414990 0.000000 0.000000     0.001854     1.438397 
2457516.346288 0.000000 0.000000     0.001879     1.438397 
2457517.277586 0.000000 0.000000     0.002255     1.438397 
2457518.208884 0.000000 0.000000     0.003105     1.438396 
2457519.140181 0.000000 0.000000     0.004963     1.438393 
2457520.071479 0.000000 0.000000     0.008376     1.438385 
2457521.002777 0.000000 0.000000     0.013350     1.438369 
2457521.934075 0.000000 0.000000     0.019030     1.438349 
2457522.865373 0.000000 0.000000     0.023875     1.438334 
2457523.796671 0.000000 0.000000     0.026309     1.438330 
2457524.727969 0.000000 0.000000     0.025467     1.438331 
2457525.659266 0.000000 0.000000     0.021623     1.438333 
2457526.590564 0.000000 0.000000     0.016026     1.438337 
2457527.521862 0.000000 0.000000     0.010299     1.438350 
2457528.453160 0.000000 0.000000     0.005746     1.438368 
2457529.384458 0.000000 0.000000     0.002981     1.438381 
2457530.315756 0.000000 0.000000     0.001982     1.438383 
2457531.247053 0.000000 0.000000     0.002412     1.438378 
2457532.178351 0.000000 0.000000     0.003881     1.438373 
2457533.109649 0.000000 0.000000     0.005970     1.438371 
2457534.040947 0.000000 0.000000     0.008118     1.438372 
2457534.972245 0.000000 0.000000     0.009604     1.438372 
2457535.903543 0.000000 0.000000     0.009790     1.438373 
2457536.834841 0.000000 0.000000     0.008515     1.438378 
2457537.766138 0.000000 0.000000     0.006306     1.438385 
2457538.697436 0.000000 0.000000     0.004151     1.438392 
2457539.628734 0.000000 0.000000     0.002935     1.438396 
2457540.560032 0.000000 0.000000     0.002958     1.438396 
2457541.491330 0.000000 0.000000     0.003993     1.438395 
2457542.422628 0.000000 0.000000     0.005931     1.438392 
2457543.353926 0.000000 0.000000     0.009529     1.438382 
2457544.285223 0.000000 0.000000     0.016502     1.438345 
2457545.216521 0.000000 0.000000     0.028582     1.438243 
2457546.147819 0.000000 0.000000     0.045931     1.438046 
2457547.079117 0.000000 0.000000     0.065975     1.437796 
2457548.010415 0.000000 0.000000     0.083681     1.437608 
2457548.941713 0.000000 0.000000     0.093485     1.437549 
2457549.873010 0.000000 0.000000     0.091927     1.437564 
2457550.804308 0.000000 0.000000     0.079459     1.437580 
2457551.735606 0.000000 0.000000     0.060252     1.437635 
2457552.666904 0.000000 0.000000     0.040104     1.437798 
2457553.598202 0.000000 0.000000     0.023717     1.438034 
2457554.529500 0.000000 0.000000     0.012988     1.438229 
2457555.460798 0.000000 0.000000     0.007149     1.438329 
2457556.392095 0.000000 0.000000     0.004317     1.438362 
2457557.323393 0.000000 0.000000     0.003086     1.438370 
2457558.254691 0.000000 0.000000     0.003068     1.438374 
2457559.185989 0.000000 0.000000     0.004257     1.438377 
2457560.117287 0.000000 0.000000     0.006136     1.438379 
2457561.048585 0.000000 0.000000     0.007528     1.438380 
2457561.979883 0.000000 0.000000     0.007408     1.438384 
2457562.911180 0.000000 0.000000     0.005881     1.438389 
2457563.842478 0.000000 0.000000     0.004303     1.438394 
2457564.773776 0.000000 0.000000     0.004294     1.438395 
2457565.705074 0.000000 0.000000     0.006561     1.438390 
2457566.636372 0.000000 0.000000     0.010834     1.438377 
2457567.567670 0.000000 0.000000     0.017325     1.438348 
2457568.498968 0.000000 0.000000     0.028578     1.438254 
2457569.430265 0.000000 0.000000     0.049671     1.437929 
2457570.361563 0.000000 0.000000     0.085565     1.437032 
2457571.292861 0.000000 0.000000     0.136612     1.435305 
2457572.224159 0.000000 0.000000     0.195209     1.433132 
2457573.155457 0.000000 0.000000     0.246630     1.431521 
2457574.086755 0.000000 0.000000     0.274655     1.431042 
2457575.018052 0.000000 0.000000     0.269312     1.431180 
2457575.949350 0.000000 0.000000     0.232154     1.431321 
2457576.880648 0.000000 0.000000     0.175666     1.431815 
2457577.811946 0.000000 0.000000     0.117014     1.433264 
2457578.743244 0.000000 0.000000     0.069933     1.435312 
2457579.674542 0.000000 0.000000     0.039614     1.436999 
2457580.605840 0.000000 0.000000     0.023150     1.437885 
2457581.537137 0.000000 0.000000     0.014258     1.438207 
2457582.468435 0.000000 0.000000     0.008331     1.438308 
2457583.399733 0.000000 0.000000     0.004375     1.438350 
2457584.331031 0.000000 0.000000     0.003317     1.438377 
2457585.262329 0.000000 0.000000     0.005122     1.438388 
2457586.193627 0.000000 0.000000     0.007700     1.438387 
2457587.124925 0.000000 0.000000     0.008525     1.438388 
2457588.056222 0.000000 0.000000     0.007156     1.438391 
2457588.987520 0.000000 0.000000     0.005945     1.438394 
2457589.918818 0.000000 0.000000     0.008087     1.438391 
2457590.850116 0.000000 0.000000     0.014964     1.438358 
2457591.781414 0.000000 0.000000     0.025905     1.438281 
2457592.712712 0.000000 0.000000     0.041454     1.438120 
2457593.644009 0.000000 0.000000     0.067546     1.437621 
2457594.575307 0.000000 0.000000     0.115903     1.435907 
2457595.506605 0.000000 0.000000     0.197863     1.431165 
2457596.437903 0.000000 0.000000     0.314064     1.421973 
2457597.369201 0.000000 0.000000     0.446918     1.410302 
2457598.300499 0.000000 0.000000     0.562740     1.401612 
2457599.231797 0.000000 0.000000     0.624797     1.399093 
2457600.163094 0.000000 0.000000     0.610915     1.399879 
2457601.094392 0.000000 0.000000     0.525226     1.400663 
2457602.025690 0.000000 0.000000     0.396485     1.403467 
2457602.956988 0.000000 0.000000     0.263676     1.411449 
2457603.888286 0.000000 0.000000     0.157697     1.422420 
2457604.819584 0.000000 0.000000     0.089965     1.431249 
2457605.750882 0.000000 0.000000     0.053582     1.435826 
2457606.682179 0.000000 0.000000     0.033982     1.437490 
2457607.613477 0.000000 0.000000     0.020339     1.438006 
2457608.544775 0.000000 0.000000     0.010092     1.438212 
2457609.476073 0.000000 0.000000     0.005451     1.438339 
2457610.407371 0.000000 0.000000     0.007063     1.438389 
2457611.338669 0.000000 0.000000     0.011284     1.438383 
2457612.269966 0.000000 0.000000     0.013148     1.438383 
2457613.201264 0.000000 0.000000     0.011415     1.438384 
2457614.132562 0.000000 0.000000     0.010208     1.438388 
2457615.063860 0.000000 0.000000     0.015368     1.438377 
2457615.995158 0.000000 0.000000     0.029323     1.438256 
2457616.926456 0.000000 0.000000     0.050522     1.437981 
2457617.857754 0.000000 0.000000     0.079578     1.437428 
2457618.789051 0.000000 0.000000     0.127161     1.435753 
2457619.720349 0.000000 0.000000     0.214761     1.430022 
2457620.651647 0.000000 0.000000     0.363211     1.413949 
2457621.582945 0.000000 0.000000     0.573616     1.381710 
2457622.514243 0.000000 0.000000     0.813694     1.338473 
2457623.445541 0.000000 0.000000     1.022022     1.304461 
2457624.376839 0.000000 0.000000     1.132153     1.294488 
2457625.308136 0.000000 0.000000     1.104611     1.297798 
2457626.239434 0.000000 0.000000     0.947746     1.301026 
2457627.170732 0.000000 0.000000     0.714084     1.312634 
2457628.102030 0.000000 0.000000     0.474015     1.344007 
2457629.033328 0.000000 0.000000     0.282907     1.384283 
2457629.964626 0.000000 0.000000     0.161019     1.414809 
2457630.895924 0.000000 0.000000     0.095845     1.430082 
2457631.827221 0.000000 0.000000     0.061155     1.435539 
2457632.758519 0.000000 0.000000     0.037197     1.437204 
2457633.689817 0.000000 0.000000     0.018822     1.437845 
2457634.621115 0.000000 0.000000     0.009609     1.438224 
2457635.552413 0.000000 0.000000     0.010992     1.438377 
2457636.483711 0.000000 0.000000     0.017338     1.438366 
2457637.415008 0.000000 0.000000     0.020570     1.438363 
2457638.346306 0.000000 0.000000     0.018373     1.438363 
2457639.277604 0.000000 0.000000     0.016981     1.438370 
2457640.208902 0.000000 0.000000     0.025430     1.438352 
2457641.140200 0.000000 0.000000     0.047371     1.438073 
2457642.071498 0.000000 0.000000     0.079987     1.437439 
2457643.002796 0.000000 0.000000     0.123403     1.436208 
2457643.934093 0.000000 0.000000     0.192844     1.432581 
2457644.865391 0.000000 0.000000     0.319917     1.420177 
2457645.796689 0.000000 0.000000     0.535409     1.384493 
2457646.727987 0.000000 0.000000     0.840893     1.307892 
2457647.659285 0.000000 0.000000     1.188763     1.190278 
2457648.590583 0.000000 0.000000     1.489054     1.078272 
2457649.521881 0.000000 0.000000     1.645310     1.041110 
2457650.453178 0.000000 0.000000     1.601281     1.054620 
2457651.384476 0.000000 0.000000     1.370544     1.067170 
2457652.315774 0.000000 0.000000     1.030174     1.110547 
2457653.247072 0.000000 0.000000     0.682063     1.210505 
2457654.178370 0.000000 0.000000     0.405612     1.317079 
2457655.109668 0.000000 0.000000     0.229489     1.387927 
2457656.040965 0.000000 0.000000     0.135551     1.421091 
2457656.972263 0.000000 0.000000     0.086143     1.432611 
2457657.903561 0.000000 0.000000     0.052667     1.436055 
2457658.834859 0.000000 0.000000     0.027040     1.437330 
2457659.766157 0.000000 0.000000     0.013711     1.438057 
2457660.697455 0.000000 0.000000     0.014744     1.438358 
2457661.628753 0.000000 0.000000     0.022923     1.438347 
2457662.560050 0.000000 0.000000     0.027624     1.438338 
2457663.491348 0.000000 0.000000     0.025500     1.438337 
2457664.422646 0.000000 0.000000     0.024163     1.438347 
2457665.353944 0.000000 0.000000     0.034868     1.438330 
2457666.285242 0.000000 0.000000     0.062020     1.437930 
2457667.216540 0.000000 0.000000     0.101625     1.437012 
2457668.147838 0.000000 0.000000     0.152779     1.435299 
2457669.079135 0.000000 0.000000     0.232545     1.430406 
2457670.010433 0.000000 0.000000     0.377591     1.413774 
2457670.941731 0.000000 0.000000     0.623704     1.365267 
2457671.873029 0.000000 0.000000     0.972396     1.256230 
2457672.804327 0.000000 0.000000     1.368056     1.066520 
2457673.735625 0.000000 0.000000     1.706827     0.821334 
2457674.666922 0.000000 0.000000     1.878832     0.699664 
2457675.598220 0.000000 0.000000     1.821745     0.753837 
2457676.529518 0.000000 0.000000     1.553480     0.796023 
2457677.460816 0.000000 0.000000     1.163356     0.916151 
2457678.392114 0.000000 0.000000     0.767162     1.112408 
2457679.323412 0.000000 0.000000     0.453842     1.276132 
2457680.254710 0.000000 0.000000     0.254707     1.373170 
2457681.186007 0.000000 0.000000     0.148817     1.416510 
2457682.117305 0.000000 0.000000     0.093797     1.431269 
2457683.048603 0.000000 0.000000     0.057357     1.435603 
2457683.979901 0.000000 0.000000     0.029754     1.437149 
2457684.911199 0.000000 0.000000     0.015185     1.437994 
2457685.842497 0.000000 0.000000     0.015840     1.438349 
2457686.773795 0.000000 0.000000     0.024437     1.438348 
2457687.705092 0.000000 0.000000     0.030050     1.438336 
2457688.636390 0.000000 0.000000     0.028918     1.438332 
2457689.567688 0.000000 0.000000     0.028175     1.438337 
2457690.498986 0.000000 0.000000     0.038622     1.438332 
2457691.430284 0.000000 0.000000     0.064369     1.437991 
2457692.361582 0.000000 0.000000     0.101161     1.437204 
2457693.292880 0.000000 0.000000     0.147230     1.435794 
2457694.224177 0.000000 0.000000     0.217292     1.431912 
2457695.155475 0.000000 0.000000     0.344105     1.418944 
2457696.086773 0.000000 0.000000     0.559682     1.381930 
2457697.018071 0.000000 0.000000     0.865108     1.303072 
2457697.949369 0.000000 0.000000     1.210505     1.183757 
2457698.880667 0.000000 0.000000     1.503819     1.073956 
2457699.811964 0.000000 0.000000     1.648958     1.041283 
2457700.743262 0.000000 0.000000     1.592914     1.055461 
2457701.674560 0.000000 0.000000     1.353406     1.068245 
2457702.605858 0.000000 0.000000     1.009779     1.114751 
2457703.537156 0.000000 0.000000     0.663064     1.216292 
2457704.468454 0.000000 0.000000     0.389879     1.321360 
2457705.399752 0.000000 0.000000     0.216621     1.390206 
2457706.331049 0.000000 0.000000     0.124831     1.422190 
2457707.262347 0.000000 0.000000     0.077841     1.433209 
2457708.193645 0.000000 0.000000     0.047551     1.436422 
2457709.124943 0.000000 0.000000     0.024945     1.437531 
2457710.056241 0.000000 0.000000     0.013024     1.438113 
2457710.987539 0.000000 0.000000     0.013640     1.438362 
2457711.918837 0.000000 0.000000     0.021138     1.438367 
2457712.850134 0.000000 0.000000     0.026725     1.438356 
2457713.781432 0.000000 0.000000     0.026919     1.438350 
2457714.712730 0.000000 0.000000     0.026647     1.438348 
2457715.644028 0.000000 0.000000     0.033902     1.438349 
2457716.575326 0.000000 0.000000     0.051889     1.438175 
2457717.506624 0.000000 0.000000     0.077546     1.437764 
2457718.437921 0.000000 0.000000     0.109294     1.437058 
2457719.369219 0.000000 0.000000     0.157154     1.435186 
2457720.300517 0.000000 0.000000     0.243945     1.429057 
2457721.231815 0.000000 0.000000     0.392021     1.412095 
2457722.163113 0.000000 0.000000     0.602070     1.378566 
2457723.094411 0.000000 0.000000     0.839290     1.334917 
2457724.025709 0.000000 0.000000     1.039825     1.302551 
2457724.957006 0.000000 0.000000     1.137443     1.294548 
2457725.888304 0.000000 0.000000     1.096052     1.298133 
2457726.819602 0.000000 0.000000     0.928391     1.301463 
2457727.750900 0.000000 0.000000     0.689403     1.314600 
2457728.682198 0.000000 0.000000     0.448697     1.347264 
2457729.613496 0.000000 0.000000     0.259094     1.387077 
2457730.544794 0.000000 0.000000     0.139092     1.416415 
2457731.476091 0.000000 0.000000     0.076403     1.430895 
2457732.407389 0.000000 0.000000     0.045854     1.436009 
2457733.338687 0.000000 0.000000     0.027547     1.437508 
2457734.269985 0.000000 0.000000     0.014354     1.438014 
2457735.201283 0.000000 0.000000     0.007703     1.438270 
2457736.132581 0.000000 0.000000     0.008964     1.438379 
2457737.063878 0.000000 0.000000     0.014864     1.438383 
2457737.995176 0.000000 0.000000     0.019703     1.438375 
2457738.926474 0.000000 0.000000     0.020580     1.438368 
2457739.857772 0.000000 0.000000     0.019752     1.438363 
2457740.789070 0.000000 0.000000     0.021929     1.438364 
2457741.720368 0.000000 0.000000     0.029700     1.438307 
2457742.651666 0.000000 0.000000     0.042224     1.438171 
2457743.582963 0.000000 0.000000     0.059102     1.437944 
2457744.514261 0.000000 0.000000     0.085848     1.437367 
2457745.445559 0.000000 0.000000     0.134720     1.435505 
2457746.376857 0.000000 0.000000     0.217697     1.430436 
2457747.308155 0.000000 0.000000     0.334991     1.420798 
2457748.239453 0.000000 0.000000     0.467351     1.409035 
2457749.170751 0.000000 0.000000     0.579302     1.400878 
2457750.102048 0.000000 0.000000     0.633553     1.398851 
2457751.033346 0.000000 0.000000     0.608986     1.399494 
2457751.964644 0.000000 0.000000     0.511560     1.400098 
2457752.895942 0.000000 0.000000     0.371544     1.403323 
2457753.827240 0.000000 0.000000     0.228904     1.411798 
2457754.758538 0.000000 0.000000     0.115646     1.422681 
2457755.689836 0.000000 0.000000     0.044882     1.431124 
2457756.621133 0.000000 0.000000     0.011261     1.435526 
2457757.552431 0.000000 0.000000     0.000041     1.437272 
2457758.483729 0.000000 0.000000    -0.002374     1.437931 
2457759.415027 0.000000 0.000000    -0.002738     1.438208 
2457760.346325 0.000000 0.000000    -0.001770     1.438332 
2457761.277623 0.000000 0.000000     0.001547     1.438379 
2457762.208920 0.000000 0.000000     0.006593     1.438385 
2457763.140218 0.000000 0.000000     0.011000     1.438383 
2457764.071516 0.000000 0.000000     0.012836     1.438378 
2457765.002814 0.000000 0.000000     0.012411     1.438374 
2457765.934112 0.000000 0.000000     0.011936     1.438373 
2457766.865410 0.000000 0.000000     0.013644     1.438362 
2457767.796708 0.000000 0.000000     0.018467     1.438333 
2457768.728005 0.000000 0.000000     0.026733     1.438287 
2457769.659303 0.000000 0.000000     0.040227     1.438172 
2457770.590601 0.000000 0.000000     0.063251     1.437802 
2457771.521899 0.000000 0.000000     0.100709     1.436803 
2457772.453197 0.000000 0.000000     0.153590     1.434906 
2457773.384495 0.000000 0.000000     0.214739     1.432505 
2457774.315793 0.000000 0.000000     0.268470     1.430379 
2457775.247090 0.000000 0.000000     0.295593     1.428601 
2457776.178388 0.000000 0.000000     0.281960     1.426642 
2457777.109686 0.000000 0.000000     0.225996     1.424897 
2457778.040984 0.000000 0.000000     0.140778     1.424699 
2457778.972282 0.000000 0.000000     0.049122     1.426330 
2457779.903580 0.000000 0.000000    -0.025900     1.428527 
2457780.834877 0.000000 0.000000    -0.070039     1.430409 
2457781.766175 0.000000 0.000000    -0.082005     1.432331 
2457782.697473 0.000000 0.000000    -0.071152     1.434558 
2457783.628771 0.000000 0.000000    -0.050838     1.436516 
2457784.560069 0.000000 0.000000    -0.031676     1.437673 
2457785.491367 0.000000 0.000000    -0.018149     1.438143 
2457786.422665 0.000000 0.000000    -0.009448     1.438294 
2457787.353962 0.000000 0.000000    -0.002678     1.438343 
2457788.285260 0.000000 0.000000     0.004336     1.438363 
2457789.216558 0.000000 0.000000     0.012313     1.438357 
2457790.147856 0.000000 0.000000     0.021379     1.438327 
2457791.079154 0.000000 0.000000     0.031909     1.438301 
2457792.010452 0.000000 0.000000     0.044122     1.438295 
2457792.941750 0.000000 0.000000     0.056936     1.438300 
2457793.873047 0.000000 0.000000     0.067664     1.438301 
2457794.804345 0.000000 0.000000     0.073690     1.438269 
2457795.735643 0.000000 0.000000     0.075282     1.438176 
2457796.666941 0.000000 0.000000     0.077018     1.437962 
2457797.598239 0.000000 0.000000     0.085640     1.437434 
2457798.529537 0.000000 0.000000     0.104626     1.436028 
2457799.460834 0.000000 0.000000     0.128884     1.432330 
2457800.392132 0.000000 0.000000     0.144000     1.424545 
2457801.323430 0.000000 0.000000     0.132136     1.413212 
2457802.254728 0.000000 0.000000     0.082217     1.403020 
2457803.186026 0.000000 0.000000    -0.001584     1.398723 
2457804.117324 0.000000 0.000000    -0.098887     1.399252 
2457805.048622 0.000000 0.000000    -0.181237     1.400396 
2457805.979919 0.000000 0.000000    -0.225162     1.402281 
2457806.911217 0.000000 0.000000    -0.222745     1.408564 
2457807.842515 0.000000 0.000000    -0.183779     1.419068 
2457808.773813 0.000000 0.000000    -0.128864     1.428955 
2457809.705111 0.000000 0.000000    -0.078194     1.434808 
2457810.636409 0.000000 0.000000    -0.042732     1.437154 
2457811.567707 0.000000 0.000000    -0.021937     1.437873 
2457812.499004 0.000000 0.000000    -0.007532     1.438051 
2457813.430302 0.000000 0.000000     0.010525     1.437967 
2457814.361600 0.000000 0.000000     0.039594     1.437590 
2457815.292898 0.000000 0.000000     0.082542     1.437025 
2457816.224196 0.000000 0.000000     0.137285     1.436641 
2457817.155494 0.000000 0.000000     0.196394     1.436642 
2457818.086792 0.000000 0.000000     0.247390     1.436843 
2457819.018089 0.000000 0.000000     0.275748     1.436964 
2457819.949387 0.000000 0.000000     0.271309     1.436947 
2457820.880685 0.000000 0.000000     0.235384     1.436945 
2457821.811983 0.000000 0.000000     0.183249     1.436922 
2457822.743281 0.000000 0.000000     0.138081     1.436154 
2457823.674579 0.000000 0.000000     0.117832     1.432444 
2457824.605876 0.000000 0.000000     0.122479     1.420579 
2457825.537174 0.000000 0.000000     0.130726     1.393759 
2457826.468472 0.000000 0.000000     0.110295     1.352498 
2457827.399770 0.000000 0.000000     0.037146     1.313166 
2457828.331068 0.000000 0.000000    -0.087748     1.295797 
2457829.262366 0.000000 0.000000    -0.234959     1.297402 
2457830.193664 0.000000 0.000000    -0.359434     1.301148 
2457831.124961 0.000000 0.000000    -0.422395     1.308274 
2457832.056259 0.000000 0.000000    -0.409560     1.333050 
2457832.987557 0.000000 0.000000    -0.335662     1.372315 
2457833.918855 0.000000 0.000000    -0.234048     1.407019 
2457834.850153 0.000000 0.000000    -0.138770     1.426687 
2457835.781451 0.000000 0.000000    -0.069571     1.434375 
2457836.712749 0.000000 0.000000    -0.026393     1.436599 
2457837.644046 0.000000 0.000000     0.006590     1.436773 
2457838.575344 0.000000 0.000000     0.051914     1.435401 
2457839.506642 0.000000 0.000000     0.129351     1.432087 
2457840.437940 0.000000 0.000000     0.248104     1.427695 
2457841.369238 0.000000 0.000000     0.401167     1.424776 
2457842.300536 0.000000 0.000000     0.563253     1.424798 
2457843.231833 0.000000 0.000000     0.695325     1.426281 
2457844.163131 0.000000 0.000000     0.757556     1.427134 
2457845.094429 0.000000 0.000000     0.727500     1.427461 
2457846.025727 0.000000 0.000000     0.614407     1.428801 
2457846.957025 0.000000 0.000000     0.459383     1.431102 
2457847.888323 0.000000 0.000000     0.317602     1.431612 
2457848.819621 0.000000 0.000000     0.229997     1.424829 
2457849.750918 0.000000 0.000000     0.200425     1.399249 
2457850.682216 0.000000 0.000000     0.193122     1.337398 
2457851.613514 0.000000 0.000000     0.153767     1.230845 
2457852.544812 0.000000 0.000000     0.042626     1.109301 
2457853.476110 0.000000 0.000000    -0.139920     1.046132 
2457854.407408 0.000000 0.000000    -0.350782     1.053226 
2457855.338706 0.000000 0.000000    -0.525643     1.067600 
2457856.270003 0.000000 0.000000    -0.611164     1.094699 
2457857.201301 0.000000 0.000000    -0.589272     1.177753 
2457858.132599 0.000000 0.000000    -0.481346     1.287231 
2457859.063897 0.000000 0.000000    -0.333002     1.370423 
2457859.995195 0.000000 0.000000    -0.190414     1.413720 
2457860.926493 0.000000 0.000000    -0.080824     1.429930 
2457861.857791 0.000000 0.000000    -0.004341     1.434175 
2457862.789088 0.000000 0.000000     0.063047     1.433127 
2457863.720386 0.000000 0.000000     0.158842     1.426269 
2457864.651684 0.000000 0.000000     0.318977     1.411255 
2457865.582982 0.000000 0.000000     0.560745     1.391284 
2457866.514280 0.000000 0.000000     0.868015     1.377323 
2457867.445578 0.000000 0.000000     1.186296     1.376628 
2457868.376875 0.000000 0.000000     1.435042     1.382754 
2457869.308173 0.000000 0.000000     1.537457     1.386267 
2457870.239471 0.000000 0.000000     1.456442     1.388493 
2457871.170769 0.000000 0.000000     1.217270     1.396789 
2457872.102067 0.000000 0.000000     0.900995     1.410660 
2457873.033365 0.000000 0.000000     0.607966     1.420865 
2457873.964663 0.000000 0.000000     0.409473     1.416983 
2457874.895960 0.000000 0.000000     0.314746     1.384359 
2457875.827258 0.000000 0.000000     0.272738     1.298599 
2457876.758556 0.000000 0.000000     0.207415     1.135866 
2457877.689854 0.000000 0.000000     0.065029     0.901353 
2457878.621152 0.000000 0.000000    -0.154658     0.718092 
2457879.552450 0.000000 0.000000    -0.399872     0.749212 
2457880.483748 0.000000 0.000000    -0.596948     0.796886 
2457881.415045 0.000000 0.000000    -0.688757     0.876113 
2457882.346343 0.000000 0.000000    -0.659393     1.054772 
2457883.277641 0.000000 0.000000    -0.534725     1.232871 
2457884.208939 0.000000 0.000000    -0.363719     1.349681 
2457885.140237 0.000000 0.000000    -0.193848     1.406653 
2457886.071535 0.000000 0.000000    -0.052239     1.427161 
2457887.002832 0.000000 0.000000     0.062896     1.431453 
2457887.934130 0.000000 0.000000     0.181155     1.426287 
2457888.865428 0.000000 0.000000     0.350092     1.406397 
2457889.796726 0.000000 0.000000     0.616290     1.362936 
2457890.728024 0.000000 0.000000     0.999576     1.300669 
2457891.659322 0.000000 0.000000     1.469560     1.251263 
2457892.590620 0.000000 0.000000     1.939309     1.244602 
2457893.521917 0.000000 0.000000     2.287424     1.262017 
2457894.453215 0.000000 0.000000     2.405289     1.272252 
2457895.384513 0.000000 0.000000     2.248546     1.281756 
2457896.315811 0.000000 0.000000     1.863890     1.313807 
2457897.247109 0.000000 0.000000     1.372440     1.362157 
2457898.178407 0.000000 0.000000     0.915203     1.400196 
2457899.109705 0.000000 0.000000     0.589339     1.412739 
2457900.041002 0.000000 0.000000     0.410409     1.393322 
2457900.972300 0.000000 0.000000     0.320229     1.331530 
2457901.903598 0.000000 0.000000     0.232443     1.223465 
2457902.834896 0.000000 0.000000     0.086447     1.103174 
2457903.766194 0.000000 0.000000    -0.121583     1.045132 
2457904.697492 0.000000 0.000000    -0.344453     1.054275 
2457905.628789 0.000000 0.000000    -0.516850     1.068301 
2457906.560087 0.000000 0.000000    -0.591823     1.097683 
2457907.491385 0.000000 0.000000    -0.560194     1.183291 
2457908.422683 0.000000 0.000000    -0.446859     1.292032 
2457909.353981 0.000000 0.000000    -0.292125     1.372924 
2457910.285279 0.000000 0.000000    -0.131163     1.414204 
2457911.216577 0.000000 0.000000     0.019839     1.428703 
2457912.147874 0.000000 0.000000     0.169057     1.429561 
2457913.079172 0.000000 0.000000     0.346986     1.417748 
2457914.010470 0.000000 0.000000     0.596442     1.380017 
2457914.941768 0.000000 0.000000     0.953285     1.295862 
2457915.873066 0.000000 0.000000     1.421073     1.159431 
2457916.804364 0.000000 0.000000     1.950781     1.020306 
2457917.735662 0.000000 0.000000     2.440703     0.982338 
2457918.666959 0.000000 0.000000     2.765006     1.019730 
2457919.598257 0.000000 0.000000     2.823291     1.043585 
2457920.529555 0.000000 0.000000     2.587864     1.081569 
2457921.460853 0.000000 0.000000     2.122031     1.180488 
2457922.392151 0.000000 0.000000     1.556355     1.295755 
2457923.323449 0.000000 0.000000     1.033207     1.375442 
2457924.254747 0.000000 0.000000     0.648406     1.410702 
2457925.186044 0.000000 0.000000     0.420143     1.412130 
2457926.117342 0.000000 0.000000     0.298888     1.388142 
2457927.048640 0.000000 0.000000     0.208297     1.347392 
2457927.979938 0.000000 0.000000     0.091323     1.309978 
2457928.911236 0.000000 0.000000    -0.063518     1.295344 
2457929.842534 0.000000 0.000000    -0.225832     1.297841 
2457930.773831 0.000000 0.000000    -0.348873     1.301438 
2457931.705129 0.000000 0.000000    -0.398506     1.309629 
2457932.636427 0.000000 0.000000    -0.369205     1.336000 
2457933.567725 0.000000 0.000000    -0.281183     1.375280 
2457934.499023 0.000000 0.000000    -0.163987     1.408463 
2457935.430321 0.000000 0.000000    -0.037596     1.426277 
2457936.361619 0.000000 0.000000     0.098899     1.431680 
2457937.292916 0.000000 0.000000     0.266253     1.428014 
2457938.224214 0.000000 0.000000     0.492783     1.409177 
2457939.155512 0.000000 0.000000     0.796484     1.356033 
2457940.086810 0.000000 0.000000     1.169261     1.241913 
2457941.018108 0.000000 0.000000     1.570482     1.048955 
2457941.949406 0.000000 0.000000     1.933779     0.802131 
2457942.880704 0.000000 0.000000     2.185695     0.673080 
2457943.812001 0.000000 0.000000     2.269430     0.719782 
2457944.743299 0.000000 0.000000     2.164285     0.766432 
2457945.674597 0.000000 0.000000     1.893075     0.904376 
2457946.605895 0.000000 0.000000     1.514908     1.108150 
2457947.537193 0.000000 0.000000     1.106631     1.272856 
2457948.468491 0.000000 0.000000     0.739942     1.370275 
2457949.399788 0.000000 0.000000     0.461825     1.413442 
2457950.331086 0.000000 0.000000     0.284165     1.425101 
2457951.262384 0.000000 0.000000     0.185619     1.421416 
2457952.193682 0.000000 0.000000     0.125254     1.411377 
2457953.124980 0.000000 0.000000     0.063289     1.402441 
2457954.056278 0.000000 0.000000    -0.019693     1.399201 
2457954.987576 0.000000 0.000000    -0.114637     1.399875 
2457955.918873 0.000000 0.000000    -0.192143     1.400755 
2457956.850171 0.000000 0.000000    -0.222797     1.402822 
2457957.781469 0.000000 0.000000    -0.196966     1.409588 
2457958.712767 0.000000 0.000000    -0.130039     1.420003 
2457959.644065 0.000000 0.000000    -0.048169     1.428945 
2457960.575363 0.000000 0.000000     0.035927     1.433362 
2457961.506661 0.000000 0.000000     0.138049     1.433104 
2457962.437958 0.000000 0.000000     0.293680     1.425681 
2457963.369256 0.000000 0.000000     0.527440     1.399460 
2457964.300554 0.000000 0.000000     0.821152     1.330889 
2457965.231852 0.000000 0.000000     1.105815     1.192870 
2457966.163150 0.000000 0.000000     1.288609     0.974408 
2457967.094448 0.000000 0.000000     1.301534     0.733059 
2457968.025745 0.000000 0.000000     1.140963     0.687120 
2457968.957043 0.000000 0.000000     0.871307     0.741749 
2457969.888341 0.000000 0.000000     0.589466     0.793616 
2457970.819639 0.000000 0.000000     0.373331     0.956522 
2457971.750937 0.000000 0.000000     0.247718     1.156569 
2457972.682235 0.000000 0.000000     0.187277     1.304018 
2457973.613533 0.000000 0.000000     0.148854     1.385745 
2457974.544830 0.000000 0.000000     0.106117     1.420513 
2457975.476128 0.000000 0.000000     0.061424     1.431500 
2457976.407426 0.000000 0.000000     0.030874     1.433381 
2457977.338724 0.000000 0.000000     0.020406     1.432498 
2457978.270022 0.000000 0.000000     0.016026     1.431405 
2457979.201320 0.000000 0.000000    -0.003588     1.430995 
2457980.132618 0.000000 0.000000    -0.045036     1.431130 
2457981.063915 0.000000 0.000000    -0.090473     1.431305 
2457981.995213 0.000000 0.000000    -0.110664     1.431690 
2457982.926511 0.000000 0.000000    -0.089823     1.432961 
2457983.857809 0.000000 0.000000    -0.039088     1.434764 
2457984.789107 0.000000 0.000000     0.015717     1.435937 
2457985.720405 0.000000 0.000000     0.062935     1.435903 
2457986.651703 0.000000 0.000000     0.123811     1.433926 
2457987.583000 0.000000 0.000000     0.239263     1.426102 
2457988.514298 0.000000 0.000000     0.428791     1.400427 
2457989.445596 0.000000 0.000000     0.652403     1.335504 
2457990.376894 0.000000 0.000000     0.810651     1.213895 
2457991.308192 0.000000 0.000000     0.793074     1.056086 
2457992.239490 0.000000 0.000000     0.548310     0.964415 
2457993.170787 0.000000 0.000000     0.128420     0.994639 
2457994.102085 0.000000 0.000000    -0.326729     1.036515 
2457995.033383 0.000000 0.000000    -0.659468     1.063824 
2457995.964681 0.000000 0.000000    -0.775587     1.136966 
2457996.895979 0.000000 0.000000    -0.685794     1.251488 
2457997.827277 0.000000 0.000000    -0.484161     1.348658 
2457998.758575 0.000000 0.000000    -0.283082     1.404193 
2457999.689872 0.000000 0.000000    -0.150932     1.427256 
2458000.621170 0.000000 0.000000    -0.090984     1.434573 
2458001.552468 0.000000 0.000000    -0.066389     1.436562 
2458002.483766 0.000000 0.000000    -0.043317     1.437180 
2458003.415064 0.000000 0.000000    -0.016614     1.437453 
2458004.346362 0.000000 0.000000    -0.002643     1.437512 
2458005.277660 0.000000 0.000000    -0.013186     1.437518 
2458006.208957 0.000000 0.000000    -0.037955     1.437551 
2458007.140255 0.000000 0.000000    -0.051775     1.437595 
2458008.071553 0.000000 0.000000    -0.037802     1.437757 
2458009.002851 0.000000 0.000000    -0.002863     1.437888 
2458009.934149 0.000000 0.000000     0.031355     1.437687 
2458010.865447 0.000000 0.000000     0.054052     1.437112 
2458011.796744 0.000000 0.000000     0.082698     1.435706 
2458012.728042 0.000000 0.000000     0.151299     1.431026 
2458013.659340 0.000000 0.000000     0.273740     1.416099 
2458014.590638 0.000000 0.000000     0.411221     1.379906 
2458015.521936 0.000000 0.000000     0.475523     1.319215 
2458016.453234 0.000000 0.000000     0.375405     1.257007 
2458017.384532 0.000000 0.000000     0.079399     1.233480 
2458018.315829 0.000000 0.000000    -0.348722     1.249757 
2458019.247127 0.000000 0.000000    -0.770605     1.268651 
2458020.178425 0.000000 0.000000    -1.041443     1.279732 
2458021.109723 0.000000 0.000000    -1.083902     1.304417 
2458022.041021 0.000000 0.000000    -0.921918     1.349384 
2458022.972319 0.000000 0.000000    -0.655915     1.393794 
2458023.903617 0.000000 0.000000    -0.399863     1.421296 
2458024.834914 0.000000 0.000000    -0.223052     1.432929 
2458025.766212 0.000000 0.000000    -0.130783     1.436586 
2458026.697510 0.000000 0.000000    -0.087406     1.437631 
2458027.628808 0.000000 0.000000    -0.056373     1.438038 
2458028.560106 0.000000 0.000000    -0.025693     1.438259 
2458029.491404 0.000000 0.000000    -0.004745     1.438317 
2458030.422701 0.000000 0.000000    -0.003395     1.438309 
2458031.353999 0.000000 0.000000    -0.016158     1.438317 
2458032.285297 0.000000 0.000000    -0.025379     1.438320 
2458033.216595 0.000000 0.000000    -0.017848     1.438338 
2458034.147893 0.000000 0.000000     0.003090     1.438323 
2458035.079191 0.000000 0.000000     0.022661     1.438175 
2458036.010489 0.000000 0.000000     0.032430     1.437903 
2458036.941786 0.000000 0.000000     0.042822     1.437353 
2458037.873084 0.000000 0.000000     0.075638     1.435627 
2458038.804382 0.000000 0.000000     0.139484     1.430212 
2458039.735680 0.000000 0.000000     0.208239     1.417430 
2458040.666978 0.000000 0.000000     0.224085     1.397321 
2458041.598276 0.000000 0.000000     0.129329     1.378710 
2458042.529574 0.000000 0.000000    -0.091875     1.372719 
2458043.460871 0.000000 0.000000    -0.391509     1.378348 
2458044.392169 0.000000 0.000000    -0.673795     1.384837 
2458045.323467 0.000000 0.000000    -0.842159     1.388439 
2458046.254765 0.000000 0.000000    -0.848332     1.395302 
2458047.186063 0.000000 0.000000    -0.713214     1.408626 
2458048.117361 0.000000 0.000000    -0.508448     1.422955 
2458049.048659 0.000000 0.000000    -0.313392     1.432388 
2458049.979956 0.000000 0.000000    -0.176236     1.436490 
2458050.911254 0.000000 0.000000    -0.101418     1.437780 
2458051.842552 0.000000 0.000000    -0.065011     1.438144 
2458052.773850 0.000000 0.000000    -0.041290     1.438282 
2458053.705148 0.000000 0.000000    -0.019966     1.438357 
2458054.636446 0.000000 0.000000    -0.005100     1.438378 
2458055.567743 0.000000 0.000000    -0.002390     1.438375 
2458056.499041 0.000000 0.000000    -0.009017     1.438377 
2458057.430339 0.000000 0.000000    -0.014799     1.438377 
2458058.361637 0.000000 0.000000    -0.011648     1.438381 
2458059.292935 0.000000 0.000000    -0.000848     1.438378 
2458060.224233 0.000000 0.000000     0.009385     1.438341 
2458061.155531 0.000000 0.000000     0.013670     1.438272 
2458062.086828 0.000000 0.000000     0.016611     1.438140 
2458063.018126 0.000000 0.000000     0.029169     1.437742 
2458063.949424 0.000000 0.000000     0.055810     1.436503 
2458064.880722 0.000000 0.000000     0.083305     1.433598 
2458065.812020 0.000000 0.000000     0.082519     1.429119 
2458066.743318 0.000000 0.000000     0.025118     1.425108 
2458067.674616 0.000000 0.000000    -0.095095     1.423913 
2458068.605913 0.000000 0.000000    -0.251594     1.425253 
2458069.537211 0.000000 0.000000    -0.394383     1.426786 
2458070.468509 0.000000 0.000000    -0.474598     1.427603 
2458071.399807 0.000000 0.000000    -0.469313     1.429002 
2458072.331105 0.000000 0.000000    -0.391250     1.431793 
2458073.262403 0.000000 0.000000    -0.278441     1.434911 
2458074.193700 0.000000 0.000000    -0.171975     1.437028 
2458075.124998 0.000000 0.000000    -0.096513     1.437966 
2458076.056296 0.000000 0.000000    -0.054360     1.438260 
2458076.987594 0.000000 0.000000    -0.033459     1.438339 
2458077.918892 0.000000 0.000000    -0.020673     1.438364 
2458078.850190 0.000000 0.000000    -0.010304     1.438374 
2458079.781488 0.000000 0.000000    -0.003650     1.438375 
2458080.712785 0.000000 0.000000    -0.002995     1.438374 
2458081.644083 0.000000 0.000000    -0.006805     1.438375 
2458082.575381 0.000000 0.000000    -0.010205     1.438375 
2458083.506679 0.000000 0.000000    -0.009289     1.438378 
2458084.437977 0.000000 0.000000    -0.004467     1.438383 
2458085.369275 0.000000 0.000000     0.000530     1.438383 
2458086.300573 0.000000 0.000000     0.002912     1.438376 
2458087.231870 0.000000 0.000000     0.004030     1.438360 
2458088.163168 0.000000 0.000000     0.008056     1.438308 
2458089.094466 0.000000 0.000000     0.016851     1.438144 
2458090.025764 0.000000 0.000000     0.025531     1.437763 
2458090.957062 0.000000 0.000000     0.023252     1.437182 
2458091.888360 0.000000 0.000000    -0.000234     1.436678 
2458092.819657 0.000000 0.000000    -0.046500     1.436546 
2458093.750955 0.000000 0.000000    -0.104828     1.436734 
2458094.682253 0.000000 0.000000    -0.156234     1.436934 
2458095.613551 0.000000 0.000000    -0.182991     1.437036 
2458096.544849 0.000000 0.000000    -0.177649     1.437213 
2458097.476147 0.000000 0.000000    -0.146008     1.437567 
2458098.407445 0.000000 0.000000    -0.102670     1.437962 
2458099.338742 0.000000 0.000000    -0.062636     1.438228 
2458100.270040 0.000000 0.000000    -0.034464     1.438345 
2458101.201338 0.000000 0.000000    -0.018611     1.438380 
2458102.132636 0.000000 0.000000    -0.010662     1.438386 
2458103.063934 0.000000 0.000000    -0.006087     1.438382 
2458103.995232 0.000000 0.000000    -0.003002     1.438377 
2458104.926530 0.000000 0.000000    -0.001775     1.438373 
2458105.857827 0.000000 0.000000    -0.002878     1.438372 
2458106.789125 0.000000 0.000000    -0.005378     1.438373 
2458107.720423 0.000000 0.000000    -0.007304     1.438374 
2458108.651721 0.000000 0.000000    -0.007202     1.438376 
2458109.583019 0.000000 0.000000    -0.005238     1.438382 
2458110.514317 0.000000 0.000000    -0.002801     1.438389 
2458111.445615 0.000000 0.000000    -0.001067     1.438393 
2458112.376912 0.000000 0.000000     0.000071     1.438394 
2458113.308210 0.000000 0.000000     0.001690     1.438392 
2458114.239508 0.000000 0.000000     0.004412     1.438382 
2458115.170806 0.000000 0.000000     0.007209     1.438360 
2458116.102104 0.000000 0.000000     0.007620     1.438328 
2458117.033402 0.000000 0.000000     0.003401     1.438303 
2458117.964699 0.000000 0.000000    -0.005594     1.438299 
2458118.895997 0.000000 0.000000    -0.016789     1.438308 
2458119.827295 0.000000 0.000000    -0.026080     1.438315 
2458120.758593 0.000000 0.000000    -0.030076     1.438319 
2458121.689891 0.000000 0.000000    -0.027880     1.438330 
2458122.621189 0.000000 0.000000    -0.021283     1.438352 
2458123.552487 0.000000 0.000000    -0.013423     1.438375 
2458124.483784 0.000000 0.000000    -0.006951     1.438389 
2458125.415082 0.000000 0.000000    -0.002911     1.438395 
2458126.346380 0.000000 0.000000    -0.000878     1.438395 
2458127.277678 0.000000 0.000000     0.000089     1.438393 
2458128.208976 0.000000 0.000000     0.000549     1.438389 
2458129.140274 0.000000 0.000000     0.000448     1.438384 
2458130.071572 0.000000 0.000000    -0.000457     1.438381 
2458131.002869 0.000000 0.000000    -0.002066     1.438381 
2458131.934167 0.000000 0.000000    -0.003794     1.438381 
2458132.865465 0.000000 0.000000    -0.004895     1.438382 
2458133.796763 0.000000 0.000000    -0.004947     1.438384 
2458134.728061 0.000000 0.000000    -0.004069     1.438388 
2458135.659359 0.000000 0.000000    -0.002736     1.438392 
2458136.590656 0.000000 0.000000    -0.001387     1.438395 
2458137.521954 0.000000 0.000000    -0.000139     1.438397 
2458138.453252 0.000000 0.000000     0.001187     1.438397 
2458139.384550 0.000000 0.000000     0.002849     1.438396 
2458140.315848 0.000000 0.000000     0.004961     1.438394 
2458141.247146 0.000000 0.000000     0.007454     1.438390 
2458142.178444 0.000000 0.000000     0.010155     1.438383 
2458143.109741 0.000000 0.000000     0.012867     1.438378 
2458144.041039 0.000000 0.000000     0.015351     1.438375 
2458144.972337 0.000000 0.000000     0.017255     1.438375 
2458145.903635 0.000000 0.000000     0.018122     1.438375 
2458146.834933 0.000000 0.000000     0.017563     1.438376 
2458147.766231 0.000000 0.000000     0.015511     1.438380 
2458148.697529 0.000000 0.000000     0.012360     1.438386 
2458149.628826 0.000000 0.000000     0.008871     1.438391 
2458150.560124 0.000000 0.000000     0.005841     1.438395 
2458151.491422 0.000000 0.000000     0.003745     1.438396 
2458152.422720 0.000000 0.000000     0.002556     1.438396 
2458153.354018 0.000000 0.000000     0.001853     1.438394 
2458154.285316 0.000000 0.000000     0.001128     1.438392 
2458155.216614 0.000000 0.000000     0.000103     1.438391 
2458156.147911 0.000000 0.000000    -0.001146     1.438391 
2458157.079209 0.000000 0.000000    -0.002281     1.438391 
2458158.010507 0.000000 0.000000    -0.002942     1.438391 
2458158.941805 0.000000 0.000000    -0.002958     1.438392 
2458159.873103 0.000000 0.000000    -0.002412     1.438394 
2458160.804401 0.000000 0.000000    -0.001542     1.438395 
2458161.735698 0.000000 0.000000    -0.000563     1.438397 
2458162.666996 0.000000 0.000000     0.000486     1.438397 
2458163.598294 0.000000 0.000000     0.001768     1.438397 
2458164.529592 0.000000 0.000000     0.003541     1.438396 
2458165.460890 0.000000 0.000000     0.005964     1.438394 
2458166.392188 0.000000 0.000000     0.008942     1.438388 
2458167.323486 0.000000 0.000000     0.012087     1.438381 
2458168.254783 0.000000 0.000000     0.014821     1.438374 
2458169.186081 0.000000 0.000000     0.016586     1.438371 
2458170.117379 0.000000 0.000000     0.017041     1.438371 
2458171.048677 0.000000 0.000000     0.016161     1.438372 
2458171.979975 0.000000 0.000000     0.014203     1.438373 
2458172.911273 0.000000 0.000000     0.011590     1.438377 
2458173.842571 0.000000 0.000000     0.008770     1.438384 
2458174.773868 0.000000 0.000000     0.006136     1.438391 
2458175.705166 0.000000 0.000000     0.003973     1.438395 
2458176.636464 0.000000 0.000000     0.002432     1.438397 
2458177.567762 0.000000 0.000000     0.001498     1.438397 
2458178.499060 0.000000 0.000000     0.000991     1.438397 
2458179.430358 0.000000 0.000000     0.000626     1.438396 
2458180.361655 0.000000 0.000000     0.000157     1.438396 
2458181.292953 0.000000 0.000000    -0.000486     1.438396 
2458182.224251 0.000000 0.000000    -0.001151     1.438396 
2458183.155549 0.000000 0.000000    -0.001569     1.438396 
2458184.086847 0.000000 0.000000    -0.001551     1.438396 
2458185.018145 0.000000 0.000000    -0.001124     1.438397 
2458185.949443 0.000000 0.000000    -0.000498     1.438397 
2458186.880740 0.000000 0.000000     0.000140     1.438397 
2458187.812038 0.000000 0.000000     0.000827     1.438398 
2458188.743336 0.000000 0.000000     0.001852     1.438397 
2458189.674634 0.000000 0.000000     0.003522     1.438396 
2458190.605932 0.000000 0.000000     0.005822     1.438393 
2458191.537230 0.000000 0.000000     0.008229     1.438386 
2458192.468528 0.000000 0.000000     0.009864     1.438379 
2458193.399825 0.000000 0.000000     0.009952     1.438373 
2458194.331123 0.000000 0.000000     0.008299     1.438372 
2458195.262421 0.000000 0.000000     0.005460     1.438373 
2458196.193719 0.000000 0.000000     0.002468     1.438373 
2458197.125017 0.000000 0.000000     0.000286     1.438375 
2458198.056315 0.000000 0.000000    -0.000669     1.438380 
2458198.987612 0.000000 0.000000    -0.000633     1.438387 
2458199.918910 0.000000 0.000000    -0.000206     1.438393 
2458200.850208 0.000000 0.000000     0.000094     1.438396 
2458201.781506 0.000000 0.000000     0.000108     1.438397 
2458202.712804 0.000000 0.000000    -0.000009     1.438398 
2458203.644102 0.000000 0.000000    -0.000051     1.438398 
2458204.575400 0.000000 0.000000     0.000014     1.438398 
2458205.506697 0.000000 0.000000     0.000030     1.438398 
2458206.437995 0.000000 0.000000    -0.000148     1.438398 
2458207.369293 0.000000 0.000000    -0.000484     1.438398 
2458208.300591 0.000000 0.000000    -0.000751     1.438398 
2458209.231889 0.000000 0.000000    -0.000732     1.438398 
2458210.163187 0.000000 0.000000    -0.000408     1.438398 
2458211.094485 0.000000 0.000000     0.000034     1.438398 
2458212.025782 0.000000 0.000000     0.000407     1.438398 
2458212.957080 0.000000 0.000000     0.000765     1.438398 
2458213.888378 0.000000 0.000000     0.001418     1.438397 
2458214.819676 0.000000 0.000000     0.002660     1.438396 
2458215.750974 0.000000 0.000000     0.004381     1.438393 
2458216.682272 0.000000 0.000000     0.005901     1.438388 
2458217.613570 0.000000 0.000000     0.006230     1.438382 
2458218.544867 0.000000 0.000000     0.004656     1.438379 
2458219.476165 0.000000 0.000000     0.001278     1.438378 
2458220.407463 0.000000 0.000000    -0.002901     1.438380 
2458221.338761 0.000000 0.000000    -0.006435     1.438381 
2458222.270059 0.000000 0.000000    -0.008178     1.438382 
2458223.201357 0.000000 0.000000    -0.007848     1.438385 
2458224.132654 0.000000 0.000000    -0.006064     1.438390 
2458225.063952 0.000000 0.000000    -0.003882     1.438395 
2458225.995250 0.000000 0.000000    -0.002167     1.438397 
2458226.926548 0.000000 0.000000    -0.001213     1.438397 
2458227.857846 0.000000 0.000000    -0.000802     1.438398 
2458228.789144 0.000000 0.000000    -0.000563     1.438398 
2458229.720442 0.000000 0.000000    -0.000301     1.438398 
2458230.651739 0.000000 0.000000    -0.000076     1.438398 
2458231.583037 0.000000 0.000000    -0.000031     1.438398 
2458232.514335 0.000000 0.000000    -0.000174     1.438398 
2458233.445633 0.000000 0.000000    -0.000341     1.438398 
2458234.376931 0.000000 0.000000    -0.000336     1.438398 
2458235.308229 0.000000 0.000000    -0.000122     1.438398 
2458236.239527 0.000000 0.000000     0.000163     1.438398 
2458237.170824 0.000000 0.000000     0.000363     1.438398 
2458238.102122 0.000000 0.000000     0.000511     1.438398 
2458239.033420 0.000000 0.000000     0.000844     1.438398 
2458239.964718 0.000000 0.000000     0.001584     1.438397 
2458240.896016 0.000000 0.000000     0.002621     1.438396 
2458241.827314 0.000000 0.000000     0.003396     1.438393 
2458242.758611 0.000000 0.000000     0.003131     1.438390 
2458243.689909 0.000000 0.000000     0.001322     1.438388 
2458244.621207 0.000000 0.000000    -0.001842     1.438388 
2458245.552505 0.000000 0.000000    -0.005445     1.438389 
2458246.483803 0.000000 0.000000    -0.008257     1.438390 
2458247.415101 0.000000 0.000000    -0.009364     1.438390 
2458248.346399 0.000000 0.000000    -0.008612     1.438392 
2458249.277696 0.000000 0.000000    -0.006609     1.438394 
2458250.208994 0.000000 0.000000    -0.004308     1.438396 
2458251.140292 0.000000 0.000000    -0.002479     1.438397 
2458252.071590 0.000000 0.000000    -0.001394     1.438398 
2458253.002888 0.000000 0.000000    -0.000874     1.438398 
2458253.934186 0.000000 0.000000    -0.000586     1.438398 
2458254.865484 0.000000 0.000000    -0.000328     1.438398 
2458255.796781 0.000000 0.000000    -0.000106     1.438398 
2458256.728079 0.000000 0.000000    -0.000013     1.438398 
2458257.659377 0.000000 0.000000    -0.000068     1.438398 
2458258.590675 0.000000 0.000000    -0.000167     1.438398 
2458259.521973 0.000000 0.000000    -0.000175     1.438398 
2458260.453271 0.000000 0.000000    -0.000054     1.438398 
2458261.384568 0.000000 0.000000     0.000109     1.438398 
2458262.315866 0.000000 0.000000     0.000210     1.438398 
2458263.247164 0.000000 0.000000     0.000258     1.438398 
2458264.178462 0.000000 0.000000     0.000394     1.438398 
2458265.109760 0.000000 0.000000     0.000749     1.438398 
2458266.041058 0.000000 0.000000     0.001255     1.438397 
2458266.972356 0.000000 0.000000     0.001569     1.438396 
2458267.903653 0.000000 0.000000     0.001224     1.438395 
2458268.834951 0.000000 0.000000    -0.000063     1.438395 
2458269.766249 0.000000 0.000000    -0.002138     1.438395 
2458270.697547 0.000000 0.000000    -0.004404     1.438395 
2458271.628845 0.000000 0.000000    -0.006093     1.438395 
2458272.560143 0.000000 0.000000    -0.006654     1.438395 
2458273.491441 0.000000 0.000000    -0.006023     1.438396 
2458274.422738 0.000000 0.000000    -0.004607     1.438397 
2458275.354036 0.000000 0.000000    -0.003020     1.438397 
2458276.285334 0.000000 0.000000    -0.001753     1.438398 
2458277.216632 0.000000 0.000000    -0.000979     1.438398 
2458278.147930 0.000000 0.000000    -0.000593     1.438398 
2458279.079228 0.000000 0.000000    -0.000385     1.438398 
2458280.010526 0.000000 0.000000    -0.000218     1.438398 
2458280.941823 0.000000 0.000000    -0.000081     1.438398 
2458281.873121 0.000000 0.000000    -0.000020     1.438398 
2458282.804419 0.000000 0.000000    -0.000046     1.438398 
2458283.735717 0.000000 0.000000    -0.000102     1.438398 
2458284.667015 0.000000 0.000000    -0.000113     1.438398 
2458285.598313 0.000000 0.000000    -0.000056     1.438398 
2458286.529610 0.000000 0.000000     0.000027     1.438398 
2458287.460908 0.000000 0.000000     0.000077     1.438398 
2458288.392206 0.000000 0.000000     0.000093     1.438398 
2458289.323504 0.000000 0.000000     0.000137     1.438398 
2458290.254802 0.000000 0.000000     0.000273     1.438398 
2458291.186100 0.000000 0.000000     0.000470     1.438398 
2458292.117398 0.000000 0.000000     0.000566     1.438398 
2458293.048695 0.000000 0.000000     0.000346     1.438397 
2458293.979993 0.000000 0.000000    -0.000311     1.438397 
2458294.911291 0.000000 0.000000    -0.001320     1.438397 
2458295.842589 0.000000 0.000000    -0.002389     1.438397 
2458296.773887 0.000000 0.000000    -0.003154     1.438397 
2458297.705185 0.000000 0.000000    -0.003366     1.438397 
2458298.636483 0.000000 0.000000    -0.003010     1.438397 
2458299.567780 0.000000 0.000000    -0.002289     1.438398 
2458300.499078 0.000000 0.000000    -0.001499     1.438398 
2458301.430376 0.000000 0.000000    -0.000868     1.438398 
2458302.361674 0.000000 0.000000    -0.000478     1.438398 
2458303.292972 0.000000 0.000000    -0.000279     1.438398 
2458304.224270 0.000000 0.000000    -0.000174     1.438398 
2458305.155567 0.000000 0.000000    -0.000097     1.438398 
2458306.086865 0.000000 0.000000    -0.000041     1.438398 
2458307.018163 0.000000 0.000000    -0.000022     1.438398 
2458307.949461 0.000000 0.000000    -0.000041     1.438398 
2458308.880759 0.000000 0.000000    -0.000073     1.438398 
2458309.812057 0.000000 0.000000    -0.000083     1.438398 
2458310.743355 0.000000 0.000000    -0.000060     1.438398 
2458311.674652 0.000000 0.000000    -0.000022     1.438398 
2458312.605950 0.000000 0.000000     0.000005     1.438398 
2458313.537248 0.000000 0.000000     0.000015     1.438398 
2458314.468546 0.000000 0.000000     0.000031     1.438398 
2458315.399844 0.000000 0.000000     0.000073     1.438398 
2458316.331142 0.000000 0.000000     0.000134     1.438398 
2458317.262440 0.000000 0.000000     0.000159     1.438398 
2458318.193737 0.000000 0.000000     0.000077     1.438398 
2458319.125035 0.000000 0.000000    -0.000149     1.438398 
2458320.056333 0.000000 0.000000    -0.000484     1.438398 
2458320.987631 0.000000 0.000000    -0.000828     1.438398 
2458321.918929 0.000000 0.000000    -0.001061     1.438398 
2458322.850227 0.000000 0.000000    -0.001107     1.438398 
2458323.781524 0.000000 0.000000    -0.000971     1.438398 
2458324.712822 0.000000 0.000000    -0.000724     1.438398 
2458325.644120 0.000000 0.000000    -0.000464     1.438398 
2458326.575418 0.000000 0.000000    -0.000262     1.438398 
2458327.506716 0.000000 0.000000    -0.000138     1.438398 
2458328.438014 0.000000 0.000000    -0.000074     1.438398 
2458329.369312 0.000000 0.000000    -0.000041     1.438398 
2458330.300609 0.000000 0.000000    -0.000020     1.438398 
2458331.231907 0.000000 0.000000    -0.000011     1.438398 
2458332.163205 0.000000 0.000000    -0.000017     1.438398 
2458333.094503 0.000000 0.000000    -0.000034     1.438398 
2458334.025801 0.000000 0.000000    -0.000053     1.438398 
2458334.957099 0.000000 0.000000    -0.000060     1.438398 
2458335.888397 0.000000 0.000000    -0.000051     1.438398 
2458336.819694 0.000000 0.000000    -0.000034     1.438398 
2458337.750992 0.000000 0.000000    -0.000018     1.438398 
2458338.682290 0.000000 0.000000    -0.000006     1.438398 
2458339.613588 0.000000 0.000000     0.000005     1.438398 
2458340.544886 0.000000 0.000000     0.000021     1.438398 
2458341.476184 0.000000 0.000000     0.000041     1.438398 
2458342.407482 0.000000 0.000000     0.000058     1.438398 
2458343.338779 0.000000 0.000000     0.000057     1.438398 
2458344.270077 0.000000 0.000000     0.000033     1.438398 
2458345.201375 0.000000 0.000000    -0.000007     1.438398 
2458346.132673 0.000000 0.000000    -0.000047     1.438398 
2458347.063971 0.000000 0.000000    -0.000070     1.438398 
2458347.995269 0.000000 0.000000    -0.000068     1.438398 
2458348.926566 0.000000 0.000000    -0.000048     1.438398 
2458349.857864 0.000000 0.000000    -0.000021     1.438398 
2458350.789162 0.000000 0.000000    -0.000000     1.438398 
2458351.720460 0.000000 0.000000     0.000010     1.438398 
2458352.651758 0.000000 0.000000     0.000013     1.438398 
2458353.583056 0.000000 0.000000     0.000012     1.438398 
2458354.514354 0.000000 0.000000     0.000012     1.438398 
2458355.445651 0.000000 0.000000     0.000010     1.438398 
2458356.376949 0.000000 0.000000     0.000003     1.438398 
2458357.308247 0.000000 0.000000    -0.000009     1.438398 
2458358.239545 0.000000 0.000000    -0.000024     1.438398 
2458359.170843 0.000000 0.000000    -0.000035     1.438398 
2458360.102141 0.000000 0.000000    -0.000039     1.438398 
2458361.033439 0.000000 0.000000    -0.000035     1.438398 
2458361.964736 0.000000 0.000000    -0.000026     1.438398 
2458362.896034 0.000000 0.000000    -0.000015     1.438398 
2458363.827332 0.000000 0.000000    -0.000004     1.438398 
2458364.758630 0.000000 0.000000     0.000006     1.438398 
2458365.689928 0.000000 0.000000     0.000020     1.438398 
2458366.621226 0.000000 0.000000     0.000037     1.438398 
2458367.552523 0.000000 0.000000     0.000059     1.438398 
2458368.483821 0.000000 0.000000     0.000086     1.438398 
2458369.415119 0.000000 0.000000     0.000115     1.438398 
2458370.346417 0.000000 0.000000     0.000144     1.438398 
2458371.277715 0.000000 0.000000     0.000167     1.438398 
2458372.209013 0.000000 0.000000     0.000180     1.438398 
2458373.140311 0.000000 0.000000     0.000177     1.438398 
2458374.071608 0.000000 0.000000     0.000159     1.438398 
2458375.002906 0.000000 0.000000     0.000129     1.438398 
2458375.934204 0.000000 0.000000     0.000095     1.438398 
2458376.865502 0.000000 0.000000     0.000064     1.438398 
2458377.796800 0.000000 0.000000     0.000040     1.438398 
2458378.728098 0.000000 0.000000     0.000025     1.438398 
2458379.659396 0.000000 0.000000     0.000018     1.438398 
2458380.590693 0.000000 0.000000     0.000012     1.438398 
2458381.521991 0.000000 0.000000     0.000005     1.438398 
2458382.453289 0.000000 0.000000    -0.000004     1.438398 
2458383.384587 0.000000 0.000000    -0.000013     1.438398 
2458384.315885 0.000000 0.000000    -0.000020     1.438398 
2458385.247183 0.000000 0.000000    -0.000023     1.438398 
2458386.178481 0.000000 0.000000    -0.000020     1.438398 
2458387.109778 0.000000 0.000000    -0.000014     1.438398 
2458388.041076 0.000000 0.000000    -0.000006     1.438398 
2458388.972374 0.000000 0.000000     0.000002     1.438398 
2458389.903672 0.000000 0.000000     0.000011     1.438398 
2458390.834970 0.000000 0.000000     0.000024     1.438398 
2458391.766268 0.000000 0.000000     0.000043     1.438398 
2458392.697565 0.000000 0.000000     0.000067     1.438398 
2458393.628863 0.000000 0.000000     0.000093     1.438398 
2458394.560161 0.000000 0.000000     0.000114     1.438398 
2458395.491459 0.000000 0.000000     0.000126     1.438398 
2458396.422757 0.000000 0.000000     0.000126     1.438398 
2458397.354055 0.000000 0.000000     0.000116     1.438398 
2458398.285353 0.000000 0.000000     0.000099     1.438398 
2458399.216650 0.000000 0.000000     0.000079     1.438398 
2458400.147948 0.000000 0.000000     0.000061     1.438398 
2458401.079246 0.000000 0.000000     0.000044     1.438398 
2458402.010544 0.000000 0.000000     0.000030     1.438398 
2458402.941842 0.000000 0.000000     0.000019     1.438398 
2458403.873140 0.000000 0.000000     0.000011     1.438398 
2458404.804438 0.000000 0.000000     0.000007     1.438398 
2458405.735735 0.000000 0.000000     0.000005     1.438398 
2458406.667033 0.000000 0.000000     0.000002     1.438398 
2458407.598331 0.000000 0.000000    -0.000001     1.438398 
2458408.529629 0.000000 0.000000    -0.000006     1.438398 
2458409.460927 0.000000 0.000000    -0.000010     1.438398 
2458410.392225 0.000000 0.000000    -0.000012     1.438398 
2458411.323522 0.000000 0.000000    -0.000009     1.438398 
2458412.254820 0.000000 0.000000    -0.000005     1.438398 
2458413.186118 0.000000 0.000000     0.000000     1.438398 
2458414.117416 0.000000 0.000000     0.000005     1.438398 
2458415.048714 0.000000 0.000000     0.000011     1.438398 
2458415.980012 0.000000 0.000000     0.000022     1.438398 
2458416.911310 0.000000 0.000000     0.000039     1.438398 
2458417.842607 0.000000 0.000000     0.000059     1.438398 
2458418.773905 0.000000 0.000000     0.000075     1.438398 
2458419.705203 0.000000 0.000000     0.000077     1.438398 
2458420.636501 0.000000 0.000000     0.000063     1.438398 
2458421.567799 0.000000 0.000000     0.000036     1.438398 
2458422.499097 0.000000 0.000000     0.000005     1.438398 
2458423.430395 0.000000 0.000000    -0.000019     1.438398 
2458424.361692 0.000000 0.000000    -0.000030     1.438398 
2458425.292990 0.000000 0.000000    -0.000028     1.438398 
2458426.224288 0.000000 0.000000    -0.000018     1.438398 
2458427.155586 0.000000 0.000000    -0.000010     1.438398 
2458428.086884 0.000000 0.000000    -0.000004     1.438398 
2458429.018182 0.000000 0.000000    -0.000003     1.438398 
2458429.949479 0.000000 0.000000    -0.000003     1.438398 
2458430.880777 0.000000 0.000000    -0.000002     1.438398 
2458431.812075 0.000000 0.000000    -0.000000     1.438398 
2458432.743373 0.000000 0.000000    -0.000000     1.438398 
2458433.674671 0.000000 0.000000    -0.000002     1.438398 
2458434.605969 0.000000 0.000000    -0.000005     1.438398 
2458435.537267 0.000000 0.000000    -0.000006     1.438398 
2458436.468564 0.000000 0.000000    -0.000004     1.438398 
2458437.399862 0.000000 0.000000    -0.000001     1.438398 
2458438.331160 0.000000 0.000000     0.000003     1.438398 
2458439.262458 0.000000 0.000000     0.000005     1.438398 
2458440.193756 0.000000 0.000000     0.000008     1.438398 
2458441.125054 0.000000 0.000000     0.000016     1.438398 
2458442.056352 0.000000 0.000000     0.000028     1.438398 
2458442.987649 0.000000 0.000000     0.000041     1.438398 
2458443.918947 0.000000 0.000000     0.000047     1.438398 
2458444.850245 0.000000 0.000000     0.000040     1.438398 
2458445.781543 0.000000 0.000000     0.000015     1.438398 
2458446.712841 0.000000 0.000000    -0.000020     1.438398 
2458447.644139 0.000000 0.000000    -0.000055     1.438398 
2458448.575437 0.000000 0.000000    -0.000076     1.438398 
2458449.506734 0.000000 0.000000    -0.000080     1.438398 
2458450.438032 0.000000 0.000000    -0.000067     1.438398 
2458451.369330 0.000000 0.000000    -0.000047     1.438398 
2458452.300628 0.000000 0.000000    -0.000028     1.438398 
2458453.231926 0.000000 0.000000    -0.000015     1.438398 
2458454.163224 0.000000 0.000000    -0.000009     1.438398 
2458455.094521 0.000000 0.000000    -0.000006     1.438398 
2458456.025819 0.000000 0.000000    -0.000004     1.438398 
2458456.957117 0.000000 0.000000    -0.000002     1.438398 
2458457.888415 0.000000 0.000000    -0.000000     1.438398 
2458458.819713 0.000000 0.000000    -0.000001     1.438398 
2458459.751011 0.000000 0.000000    -0.000002     1.438398 
2458460.682309 0.000000 0.000000    -0.000003     1.438398 
2458461.613606 0.000000 0.000000    -0.000002     1.438398 
2458462.544904 0.000000 0.000000     0.000000     1.438398 
2458463.476202 0.000000 0.000000     0.000002     1.438398 
2458464.407500 0.000000 0.000000     0.000003     1.438398 
2458465.338798 0.000000 0.000000     0.000005     1.438398 
2458466.270096 0.000000 0.000000     0.000009     1.438398 
2458467.201394 0.000000 0.000000     0.000016     1.438398 
2458468.132691 0.000000 0.000000     0.000023     1.438398 
2458469.063989 0.000000 0.000000     0.000024     1.438398 
2458469.995287 0.000000 0.000000     0.000015     1.438398 
2458470.926585 0.000000 0.000000    -0.000007     1.438398 
2458471.857883 0.000000 0.000000    -0.000035     1.438398 
2458472.789181 0.000000 0.000000    -0.000061     1.438398 
2458473.720478 0.000000 0.000000    -0.000076     1.438398 
2458474.651776 0.000000 0.000000    -0.000075     1.438398 
2458475.583074 0.000000 0.000000    -0.000062     1.438398 
2458476.514372 0.000000 0.000000    -0.000044     1.438398 
2458477.445670 0.000000 0.000000    -0.000026     1.438398 
2458478.376968 0.000000 0.000000    -0.000015     1.438398 
2458479.308266 0.000000 0.000000    -0.000009     1.438398 
2458480.239563 0.000000 0.000000    -0.000006     1.438398 
2458481.170861 0.000000 0.000000    -0.000004     1.438398 
2458482.102159 0.000000 0.000000    -0.000002     1.438398 
2458483.033457 0.000000 0.000000    -0.000000     1.438398 
2458483.964755 0.000000 0.000000    -0.000000     1.438398 
2458484.896053 0.000000 0.000000    -0.000001     1.438398 
2458485.827351 0.000000 0.000000    -0.000001     1.438398 
2458486.758648 0.000000 0.000000    -0.000001     1.438398 
2458487.689946 0.000000 0.000000     0.000000     1.438398 
2458488.621244 0.000000 0.000000     0.000001     1.438398 
2458489.552542 0.000000 0.000000     0.000002     1.438398 
2458490.483840 0.000000 0.000000     0.000002     1.438398 
2458491.415138 0.000000 0.000000     0.000004     1.438398 
2458492.346435 0.000000 0.000000     0.000007     1.438398 
2458493.277733 0.000000 0.000000     0.000010     1.438398 
2458494.209031 0.000000 0.000000     0.000010     1.438398 
2458495.140329 0.000000 0.000000     0.000003     1.438398 
2458496.071627 0.000000 0.000000    -0.000010     1.438398 
2458497.002925 0.000000 0.000000    -0.000027     1.438398 
2458497.934223 0.000000 0.000000    -0.000041     1.438398 
2458498.865520 0.000000 0.000000    -0.000049     1.438398 
2458499.796818 0.000000 0.000000    -0.000048     1.438398 
2458500.728116 0.000000 0.000000    -0.000039     1.438398 
2458501.659414 0.000000 0.000000    -0.000028     1.438398 
2458502.590712 0.000000 0.000000    -0.000017     1.438398 
2458503.522010 0.000000 0.000000    -0.000009     1.438398 
2458504.453308 0.000000 0.000000    -0.000005     1.438398 
2458505.384605 0.000000 0.000000    -0.000003     1.438398 
2458506.315903 0.000000 0.000000    -0.000002     1.438398 
2458507.247201 0.000000 0.000000    -0.000001     1.438398 
2458508.178499 0.000000 0.000000    -0.000000     1.438398 
2458509.109797 0.000000 0.000000    -0.000000     1.438398 
2458510.041095 0.000000 0.000000    -0.000001     1.438398 
2458510.972393 0.000000 0.000000    -0.000001     1.438398 
2458511.903690 0.000000 0.000000    -0.000001     1.438398 
2458512.834988 0.000000 0.000000    -0.000000     1.438398 
2458513.766286 0.000000 0.000000     0.000000     1.438398 
2458514.697584 0.000000 0.000000     0.000001     1.438398 
2458515.628882 0.000000 0.000000     0.000001     1.438398 
2458516.560180 0.000000 0.000000     0.000001     1.438398 
2458517.491477 0.000000 0.000000     0.000002     1.438398 
2458518.422775 0.000000 0.000000     0.000003     1.438398 
2458519.354073 0.000000 0.000000     0.000003     1.438398 
2458520.285371 0.000000 0.000000    -0.000000     1.438398 
2458521.216669 0.000000 0.000000    -0.000006     1.438398 
2458522.147967 0.000000 0.000000    -0.000013     1.438398 
2458523.079265 0.000000 0.000000    -0.000020     1.438398 
2458524.010562 0.000000 0.000000    -0.000023     1.438398 
2458524.941860 0.000000 0.000000    -0.000022     1.438398 
2458525.873158 0.000000 0.000000    -0.000018     1.438398 
2458526.804456 0.000000 0.000000    -0.000012     1.438398 
2458527.735754 0.000000 0.000000    -0.000007     1.438398 
2458528.667052 0.000000 0.000000    -0.000004     1.438398 
2458529.598350 0.000000 0.000000    -0.000002     1.438398 
2458530.529647 0.000000 0.000000    -0.000001     1.438398 
2458531.460945 0.000000 0.000000    -0.000001     1.438398 
2458532.392243 0.000000 0.000000    -0.000000     1.438398 
2458533.323541 0.000000 0.000000    -0.000000     1.438398 
2458534.254839 0.000000 0.000000    -0.000000     1.438398 
2458535.186137 0.000000 0.000000    -0.000000     1.438398 
2458536.117434 0.000000 0.000000    -0.000001     1.438398 
2458537.048732 0.000000 0.000000    -0.000001     1.438398 
2458537.980030 0.000000 0.000000    -0.000000     1.438398 
2458538.911328 0.000000 0.000000    -0.000000     1.438398 
2458539.842626 0.000000 0.000000     0.000000     1.438398 
2458540.773924 0.000000 0.000000     0.000000     1.438398 
2458541.705222 0.000000 0.000000     0.000000     1.438398 
2458542.636519 0.000000 0.000000     0.000001     1.438398 
2458543.567817 0.000000 0.000000     0.000001     1.438398 
2458544.499115 0.000000 0.000000     0.000001     1.438398 
2458545.430413 0.000000 0.000000    -0.000000     1.438398 
2458546.361711 0.000000 0.000000    -0.000002     1.438398 
2458547.293009 0.000000 0.000000    -0.000004     1.438398 
2458548.224307 0.000000 0.000000    -0.000005     1.438398 
2458549.155604 0.000000 0.000000    -0.000006     1.438398 
2458550.086902 0.000000 0.000000    -0.000006     1.438398 
2458551.018200 0.000000 0.000000    -0.000005     1.438398 
2458551.949498 0.000000 0.000000    -0.000003     1.438398 
2458552.880796 0.000000 0.000000    -0.000002     1.438398 
2458553.812094 0.000000 0.000000    -0.000001     1.438398 
2458554.743391 0.000000 0.000000    -0.000000     1.438398 
2458555.674689 0.000000 0.000000    -0.000000     1.438398 
2458556.605987 0.000000 0.000000    -0.000000     1.438398 
2458557.537285 0.000000 0.000000    -0.000000     1.438398 
2458558.468583 0.000000 0.000000    -0.000000     1.438398 
2458559.399881 0.000000 0.000000    -0.000000     1.438398 
2458560.331179 0.000000 0.000000    -0.000000     1.438398 
2458561.262476 0.000000 0.000000    -0.000000     1.438398 
2458562.193774 0.000000 0.000000    -0.000000     1.438398 
2458563.125072 0.000000 0.000000    -0.000000     1.438398 
2458564.056370 0.000000 0.000000    -0.000000     1.438398 
2458564.987668 0.000000 0.000000    -0.000000     1.438398 
2458565.918966 0.000000 0.000000    -0.000000     1.438398 
2458566.850264 0.000000 0.000000     0.000000     1.438398 
2458567.781561 0.000000 0.000000     0.000000     1.438398 
2458568.712859 0.000000 0.000000     0.000000     1.438398 
2458569.644157 0.000000 0.000000     0.000001     1.438398 
2458570.575455 0.000000 0.000000     0.000001     1.438398 
2458571.506753 0.000000 0.000000     0.000001     1.438398 
2458572.438051 0.000000 0.000000     0.000001     1.438398 
2458573.369349 0.000000 0.000000     0.000000     1.438398 
2458574.300646 0.000000 0.000000     0.000000     1.438398 
2458575.231944 0.000000 0.000000     0.000001     1.438398 
2458576.163242 0.000000 0.000000     0.000001     1.438398 
2458577.094540 0.000000 0.000000     0.000001     1.438398 
2458578.025838 0.000000 0.000000     0.000000     1.438398 
2458578.957136 0.000000 0.000000     0.000000     1.438398 
2458579.888433 0.000000 0.000000     0.000000     1.438398 
2458580.819731 0.000000 0.000000     0.000000     1.438398 
2458581.751029 0.000000 0.000000     0.000000     1.438398 
2458582.682327 0.000000 0.000000     0.000000     1.438398 
2458583.613625 0.000000 0.000000    -0.000000     1.438398 
2458584.544923 0.000000 0.000000    -0.000000     1.438398 
2458585.476221 0.000000 0.000000    -0.000000     1.438398 
2458586.407518 0.000000 0.000000    -0.000000     1.438398 
2458587.338816 0.000000 0.000000    -0.000000     1.438398 
2458588.270114 0.000000 0.000000    -0.000000     1.438398 
2458589.201412 0.000000 0.000000    -0.000000     1.438398 
2458590.132710 0.000000 0.000000    -0.000000     1.438398 
2458591.064008 0.000000 0.000000     0.000000     1.438398 
2458591.995306 0.000000 0.000000     0.000000     1.438398 
2458592.926603 0.000000 0.000000     0.000000     1.438398 
2458593.857901 0.000000 0.000000     0.000000     1.438398 
2458594.789199 0.000000 0.000000     0.000001     1.438398 
2458595.720497 0.000000 0.000000     0.000001     1.438398 
2458596.651795 0.000000 0.000000     0.000001     1.438398 
2458597.583093 0.000000 0.000000     0.000001     1.438398 
2458598.514390 0.000000 0.000000     0.000002     1.438398 
2458599.445688 0.000000 0.000000     0.000002     1.438398 
2458600.376986 0.000000 0.000000     0.000001     1.438398 
2458601.308284 0.000000 0.000000     0.000001     1.438398 
2458602.239582 0.000000 0.000000     0.000001     1.438398 
2458603.170880 0.000000 0.000000     0.000001     1.438398 
2458604.102178 0.000000 0.000000     0.000000     1.438398 
2458605.033475 0.000000 0.000000     0.000000     1.438398 
2458605.964773 0.000000 0.000000     0.000000     1.438398 
2458606.896071 0.000000 0.000000     0.000000     1.438398 
2458607.827369 0.000000 0.000000     0.000000     1.438398 
2458608.758667 0.000000 0.000000     0.000000     1.438398 
2458609.689965 0.000000 0.000000    -0.000000     1.438398 
2458610.621263 0.000000 0.000000    -0.000000     1.438398 
2458611.552560 0.000000 0.000000    -0.000000     1.438398 
2458612.483858 0.000000 0.000000    -0.000000     1.438398 
2458613.415156 0.000000 0.000000    -0.000000     1.438398 
2458614.346454 0.000000 0.000000    -0.000000     1.438398 
2458615.277752 0.000000 0.000000    -0.000000     1.438398 
2458616.209050 0.000000 0.000000     0.000000     1.438398 
2458617.140347 0.000000 0.000000     0.000000     1.438398 
2458618.071645 0.000000 0.000000     0.000000     1.438398 
2458619.002943 0.000000 0.000000     0.000000     1.438398 
2458619.934241 0.000000 0.000000     0.000001     1.438398 
2458620.865539 0.000000 0.000000     0.000001     1.438398 
2458621.796837 0.000000 0.000000     0.000001     1.438398 
2458622.728135 0.000000 0.000000     0.000001     1.438398 
2458623.659432 0.000000 0.000000     0.000001     1.438398 
2458624.590730 0.000000 0.000000     0.000001     1.438398 
2458625.522028 0.000000 0.000000     0.000000     1.438398 
2458626.453326 0.000000 0.000000     0.000000     1.438398 
2458627.384624 0.000000 0.000000     0.000000     1.438398 
2458628.315922 0.000000 0.000000     0.000000     1.438398 
2458629.247220 0.000000 0.000000     0.000000     1.438398 
2458630.178517 0.000000 0.000000     0.000000     1.438398 
2458631.109815 0.000000 0.000000     0.000000     1.438398 
2458632.041113 0.000000 0.000000     0.000000     1.438398 
2458632.972411 0.000000 0.000000     0.000000     1.438398 
2458633.903709 0.000000 0.000000     0.000000     1.438398 
2458634.835007 0.000000 0.000000    -0.000000     1.438398 
2458635.766305 0.000000 0.000000    -0.000000     1.438398 
2458636.697602 0.000000 0.000000    -0.000000     1.438398 
2458637.628900 0.000000 0.000000    -0.000000     1.438398 
2458638.560198 0.000000 0.000000    -0.000000     1.438398 
2458639.491496 0.000000 0.000000    -0.000000     1.438398 
2458640.422794 0.000000 0.000000     0.000000     1.438398 
2458641.354092 0.000000 0.000000     0.000000     1.438398 
2458642.285389 0.000000 0.000000     0.000000     1.438398 
2458643.216687 0.000000 0.000000     0.000000     1.438398 
2458644.147985 0.000000 0.000000     0.000000     1.438398 
2458645.079283 0.000000 0.000000     0.000001     1.438398 
2458646.010581 0.000000 0.000000     0.000001     1.438398 
2458646.941879 0.000000 0.000000     0.000001     1.438398 
2458647.873177 0.000000 0.000000     0.000000     1.438398 
2458648.804474 0.000000 0.000000    -0.000000     1.438398 
2458649.735772 0.000000 0.000000    -0.000000     1.438398 
2458650.667070 0.000000 0.000000    -0.000000     1.438398 
2458651.598368 0.000000 0.000000    -0.000000     1.438398 
2458652.529666 0.000000 0.000000    -0.000000     1.438398 
2458653.460964 0.000000 0.000000    -0.000000     1.438398 
2458654.392262 0.000000 0.000000    -0.000000     1.438398 
2458655.323559 0.000000 0.000000    -0.000000     1.438398 
2458656.254857 0.000000 0.000000    -0.000000     1.438398 
2458657.186155 0.000000 0.000000    -0.000000     1.438398 
2458658.117453 0.000000 0.000000    -0.000000     1.438398 
2458659.048751 0.000000 0.000000    -0.000000     1.438398 
2458659.980049 0.000000 0.000000    -0.000000     1.438398 
2458660.911346 0.000000 0.000000    -0.000000     1.438398 
2458661.842644 0.000000 0.000000    -0.000000     1.438398 
2458662.773942 0.000000 0.000000    -0.000000     1.438398 
2458663.705240 0.000000 0.000000    -0.000000     1.438398 
2458664.636538 0.000000 0.000000     0.000000     1.438398 
2458665.567836 0.000000 0.000000     0.000000     1.438398 
2458666.499134 0.000000 0.000000     0.000000     1.438398 
2458667.430431 0.000000 0.000000     0.000000     1.438398 
2458668.361729 0.000000 0.000000     0.000000     1.438398 
2458669.293027 0.000000 0.000000     0.000000     1.438398 
2458670.224325 0.000000 0.000000     0.000000     1.438398 
2458671.155623 0.000000 0.000000     0.000000     1.438398 
2458672.086921 0.000000 0.000000     0.000000     1.438398 
2458673.018219 0.000000 0.000000    -0.000000     1.438398 
2458673.949516 0.000000 0.000000    -0.000000     1.438398 
2458674.880814 0.000000 0.000000    -0.000001     1.438398 
2458675.812112 0.000000 0.000000    -0.000001     1.438398 
2458676.743410 0.000000 0.000000    -0.000001     1.438398 
2458677.674708 0.000000 0.000000    -0.000001     1.438398 
2458678.606006 0.000000 0.000000    -0.000000     1.438398 
2458679.537304 0.000000 0.000000    -0.000000     1.438398 
2458680.468601 0.000000 0.000000    -0.000000     1.438398 
2458681.399899 0.000000 0.000000    -0.000000     1.438398 
2458682.331197 0.000000 0.000000    -0.000000     1.438398 
2458683.262495 0.000000 0.000000    -0.000000     1.438398 
2458684.193793 0.000000 0.000000    -0.000000     1.438398 
2458685.125091 0.000000 0.000000    -0.000000     1.438398 
2458686.056388 0.000000 0.000000    -0.000000     1.438398 
2458686.987686 0.000000 0.000000    -0.000000     1.438398 
2458687.918984 0.000000 0.000000    -0.000000     1.438398 
2458688.850282 0.000000 0.000000    -0.000000     1.438398 
2458689.781580 0.000000 0.000000     0.000000     1.438398 
2458690.712878 0.000000 0.000000     0.000000     1.438398 
2458691.644176 0.000000 0.000000     0.000000     1.438398 
2458692.575473 0.000000 0.000000     0.000000     1.438398 
2458693.506771 0.000000 0.000000     0.000000     1.438398 
2458694.438069 0.000000 0.000000     0.000000     1.438398 
2458695.369367 0.000000 0.000000     0.000000     1.438398 
2458696.300665 0.000000 0.000000     0.000000     1.438398 
2458697.231963 0.000000 0.000000     0.000000     1.438398 
2458698.163261 0.000000 0.000000    -0.000000     1.438398 
2458699.094558 0.000000 0.000000    -0.000000     1.438398 
2458700.025856 0.000000 0.000000    -0.000001     1.438398 
2458700.957154 0.000000 0.000000    -0.000001     1.438398 
2458701.888452 0.000000 0.000000    -0.000001     1.438398 
2458702.819750 0.000000 0.000000    -0.000000     1.438398 
2458703.751048 0.000000 0.000000    -0.000000     1.438398 
2458704.682345 0.000000 0.000000    -0.000000     1.438398 
2458705.613643 0.000000 0.000000    -0.000000     1.438398 
2458706.544941 0.000000 0.000000    -0.000000     1.438398 
2458707.476239 0.000000 0.000000    -0.000000     1.438398 
2458708.407537 0.000000 0.000000    -0.000000     1.438398 
2458709.338835 0.000000 0.000000    -0.000000     1.438398 
2458710.270133 0.000000 0.000000    -0.000000     1.438398 
2458711.201430 0.000000 0.000000    -0.000000     1.438398 
2458712.132728 0.000000 0.000000    -0.000000     1.438398 
2458713.064026 0.000000 0.000000    -0.000000     1.438398 
2458713.995324 0.000000 0.000000    -0.000000     1.438398 
2458714.926622 0.000000 0.000000     0.000000     1.438398 
2458715.857920 0.000000 0.000000     0.000000     1.438398 
2458716.789218 0.000000 0.000000     0.000000     1.438398 
2458717.720515 0.000000 0.000000     0.000000     1.438398 
2458718.651813 0.000000 0.000000     0.000000     1.438398 
2458719.583111 0.000000 0.000000     0.000000     1.438398 
2458720.514409 0.000000 0.000000     0.000000     1.438398 
2458721.445707 0.000000 0.000000     0.000000     1.438398 
2458722.377005 0.000000 0.000000    -0.000000     1.438398 
2458723.308302 0.000000 0.000000    -0.000000     1.438398 
2458724.239600 0.000000 0.000000    -0.000000     1.438398 
2458725.170898 0.000000 0.000000    -0.000000     1.438398 
2458726.102196 0.000000 0.000000    -0.000000     1.438398 
2458727.033494 0.000000 0.000000    -0.000000     1.438398 
2458727.964792 0.000000 0.000000    -0.000000     1.438398 
2458728.896090 0.000000 0.000000    -0.000000     1.438398 
2458729.827387 0.000000 0.000000    -0.000000     1.438398 
2458730.758685 0.000000 0.000000    -0.000000     1.438398 
2458731.689983 0.000000 0.000000    -0.000000     1.438398 
2458732.621281 0.000000 0.000000    -0.000000     1.438398 
2458733.552579 0.000000 0.000000    -0.000000     1.438398 
2458734.483877 0.000000 0.000000    -0.000000     1.438398 
2458735.415175 0.000000 0.000000    -0.000000     1.438398 
2458736.346472 0.000000 0.000000    -0.000000     1.438398 
2458737.277770 0.000000 0.000000    -0.000000     1.438398 
2458738.209068 0.000000 0.000000    -0.000000     1.438398 
2458739.140366 0.000000 0.000000    -0.000000     1.438398 
2458740.071664 0.000000 0.000000    -0.000000     1.438398 
2458741.002962 0.000000 0.000000     0.000000     1.438398 
2458741.934260 0.000000 0.000000     0.000000     1.438398 
2458742.865557 0.000000 0.000000     0.000000     1.438398 
2458743.796855 0.000000 0.000000     0.000000     1.438398 
2458744.728153 0.000000 0.000000     0.000000     1.438398 
2458745.659451 0.000000 0.000000     0.000000     1.438398 
2458746.590749 0.000000 0.000000     0.000000     1.438398 
2458747.522047 0.000000 0.000000    -0.000000     1.438398 
2458748.453344 0.000000 0.000000    -0.000000     1.438398 
2458749.384642 0.000000 0.000000    -0.000000     1.438398 
2458750.315940 0.000000 0.000000    -0.000000     1.438398 
2458751.247238 0.000000 0.000000    -0.000000     1.438398 
2458752.178536 0.000000 0.000000    -0.000000     1.438398 
2458753.109834 0.000000 0.000000    -0.000000     1.438398 
2458754.041132 0.000000 0.000000    -0.000000     1.438398 
2458754.972429 0.000000 0.000000    -0.000000     1.438398 
2458755.903727 0.000000 0.000000    -0.000000     1.438398 
2458756.835025 0.000000 0.000000    -0.000000     1.438398 
2458757.766323 0.000000 0.000000    -0.000000     1.438398 
2458758.697621 0.000000 0.000000    -0.000000     1.438398 
2458759.628919 0.000000 0.000000    -0.000000     1.438398 
2458760.560217 0.000000 0.000000    -0.000000     1.438398 
2458761.491514 0.000000 0.000000    -0.000000     1.438398 
2458762.422812 0.000000 0.000000    -0.000000     1.438398 
2458763.354110 0.000000 0.000000    -0.000000     1.438398 
2458764.285408 0.000000 0.000000    -0.000000     1.438398 
2458765.216706 0.000000 0.000000    -0.000000     1.438398 
2458766.148004 0.000000 0.000000    -0.000000     1.438398 
2458767.079301 0.000000 0.000000    -0.000000     1.438398 
2458768.010599 0.000000 0.000000     0.000000     1.438398 
2458768.941897 0.000000 0.000000     0.000000     1.438398 
2458769.873195 0.000000 0.000000     0.000000     1.438398 
2458770.804493 0.000000 0.000000     0.000000     1.438398 
2458771.735791 0.000000 0.000000     0.000000     1.438398 
2458772.667089 0.000000 0.000000    -0.000000     1.438398 
2458773.598386 0.000000 0.000000    -0.000000     1.438398 
2458774.529684 0.000000 0.000000    -0.000000     1.438398 
2458775.460982 0.000000 0.000000    -0.000000     1.438398 
2458776.392280 0.000000 0.000000    -0.000000     1.438398 
2458777.323578 0.000000 0.000000    -0.000000     1.438398 
2458778.254876 0.000000 0.000000    -0.000000     1.438398 
2458779.186174 0.000000 0.000000    -0.000000     1.438398 
2458780.117471 0.000000 0.000000    -0.000000     1.438398 
2458781.048769 0.000000 0.000000    -0.000000     1.438398 
2458781.980067 0.000000 0.000000    -0.000000     1.438398 
2458782.911365 0.000000 0.000000    -0.000000     1.438398 
2458783.842663 0.000000 0.000000     0.000000     1.438398 
2458784.773961 0.000000 0.000000    -0.000000     1.438398 
2458785.705258 0.000000 0.000000    -0.000000     1.438398 
2458786.636556 0.000000 0.000000    -0.000000     1.438398 
2458787.567854 0.000000 0.000000    -0.000000     1.438398 
2458788.499152 0.000000 0.000000    -0.000000     1.438398 
2458789.430450 0.000000 0.000000    -0.000000     1.438398 
2458790.361748 0.000000 0.000000    -0.000000     1.438398 
2458791.293046 0.000000 0.000000    -0.000000     1.438398 
2458792.224343 0.000000 0.000000    -0.000000     1.438398 
2458793.155641 0.000000 0.000000     0.000000     1.438398 
2458794.086939 0.000000 0.000000     0.000000     1.438398 
2458795.018237 0.000000 0.000000     0.000000     1.438398 
2458795.949535 0.000000 0.000000     0.000000     1.438398 
2458796.880833 0.000000 0.000000     0.000000     1.438398 
2458797.812131 0.000000 0.000000     0.000000     1.438398 
2458798.743428 0.000000 0.000000     0.000000     1.438398 
2458799.674726 0.000000 0.000000     0.000000     1.438398 
2458800.606024 0.000000 0.000000     0.000000     1.438398 
2458801.537322 0.000000 0.000000     0.000000     1.438398 
2458802.468620 0.000000 0.000000     0.000000     1.438398 
2458803.399918 0.000000 0.000000     0.000000     1.438398 
2458804.331216 0.000000 0.000000     0.000000     1.438398 
2458805.262513 0.000000 0.000000     0.000000     1.438398 
2458806.193811 0.000000 0.000000     0.000000     1.438398 
2458807.125109 0.000000 0.000000     0.000000     1.438398 
2458808.056407 0.000000 0.000000     0.000000     1.438398 
2458808.987705 0.000000 0.000000     0.000000     1.438398 
2458809.919003 0.000000 0.000000     0.000000     1.438398 
2458810.850300 0.000000 0.000000    -0.000000     1.438398 
2458811.781598 0.000000 0.000000    -0.000000     1.438398 
2458812.712896 0.000000 0.000000    -0.000000     1.438398 
2458813.644194 0.000000 0.000000    -0.000000     1.438398 
2458814.575492 0.000000 0.000000    -0.000000     1.438398 
2458815.506790 0.000000 0.000000    -0.000000     1.438398 
2458816.438088 0.000000 0.000000    -0.000000     1.438398 
2458817.369385 0.000000 0.000000     0.000000     1.438398 
2458818.300683 0.000000 0.000000     0.000000     1.438398 
2458819.231981 0.000000 0.000000     0.000000     1.438398 
2458820.163279 0.000000 0.000000     0.000000     1.438398 
2458821.094577 0.000000 0.000000     0.000000     1.438398 
2458822.025875 0.000000 0.000000     0.000000     1.438398 
2458822.957173 0.000000 0.000000     0.000000     1.438398 
2458823.888470 0.000000 0.000000     0.000000     1.438398 
2458824.819768 0.000000 0.000000     0.000000     1.438398 
2458825.751066 0.000000 0.000000     0.000000     1.438398 
2458826.682364 0.000000 0.000000     0.000000     1.438398 
2458827.613662 0.000000 0.000000     0.000000     1.438398 
2458828.544960 0.000000 0.000000     0.000000     1.438398 
2458829.476257 0.000000 0.000000     0.000000     1.438398 
2458830.407555 0.000000 0.000000     0.000000     1.438398 
2458831.338853 0.000000 0.000000     0.000000     1.438398 
2458832.270151 0.000000 0.000000     0.000000     1.438398 
2458833.201449 0.000000 0.000000     0.000000     1.438398 
2458834.132747 0.000000 0.000000     0.000000     1.438398 
2458835.064045 0.000000 0.000000     0.000000     1.438398 
2458835.995342 0.000000 0.000000    -0.000000     1.438398 
2458836.926640 0.000000 0.000000    -0.000000     1.438398 
2458837.857938 0.000000 0.000000    -0.000000     1.438398 
2458838.789236 0.000000 0.000000    -0.000000     1.438398 
2458839.720534 0.000000 0.000000    -0.000000     1.438398 
2458840.651832 0.000000 0.000000    -0.000000     1.438398 
2458841.583130 0.000000 0.000000    -0.000000     1.438398 
2458842.514427 0.000000 0.000000     0.000000     1.438398 
2458843.445725 0.000000 0.000000     0.000000     1.438398 
2458844.377023 0.000000 0.000000     0.000000     1.438398 
2458845.308321 0.000000 0.000000     0.000000     1.438398 
2458846.239619 0.000000 0.000000     0.000000     1.438398 
2458847.170917 0.000000 0.000000     0.000000     1.438398 
2458848.102214 0.000000 0.000000     0.000000     1.438398 
2458849.033512 0.000000 0.000000     0.000000     1.438398 
2458849.964810 0.000000 0.000000     0.000000     1.438398 
2458850.896108 0.000000 0.000000     0.000000     1.438398 
2458851.827406 0.000000 0.000000     0.000000     1.438398 
2458852.758704 0.000000 0.000000     0.000000     1.438398 
2458853.690002 0.000000 0.000000     0.000000     1.438398 
2458854.621299 0.000000 0.000000     0.000000     1.438398 
2458855.552597 0.000000 0.000000     0.000000     1.438398 
2458856.483895 0.000000 0.000000     0.000000     1.438398 
2458857.415193 0.000000 0.000000     0.000000     1.438398 
2458858.346491 0.000000 0.000000     0.000000     1.438398 
2458859.277789 0.000000 0.000000     0.000000     1.438398 
2458860.209087 0.000000 0.000000     0.000000     1.438398 
2458861.140384 0.000000 0.000000    -0.000000     1.438398 
2458862.071682 0.000000 0.000000    -0.000000     1.438398 
2458863.002980 0.000000 0.000000    -0.000000     1.438398 
2458863.934278 0.000000 0.000000    -0.000000     1.438398 
2458864.865576 0.000000 0.000000    -0.000000     1.438398 
2458865.796874 0.000000 0.000000    -0.000000     1.438398 
2458866.728172 0.000000 0.000000     0.000000     1.438398 
2458867.659469 0.000000 0.000000     0.000000     1.438398 
2458868.590767 0.000000 0.000000     0.000000     1.438398 
2458869.522065 0.000000 0.000000     0.000000     1.438398 
2458870.453363 0.000000 0.000000     0.000000     1.438398 
2458871.384661 0.000000 0.000000     0.000000     1.438398 
2458872.315959 0.000000 0.000000     0.000000     1.438398 
2458873.247256 0.000000 0.000000     0.000000     1.438398 
2458874.178554 0.000000 0.000000     0.000000     1.438398 
2458875.109852 0.000000 0.000000    -0.000000     1.438398 
2458876.041150 0.000000 0.000000    -0.000000     1.438398 
2458876.972448 0.000000 0.000000    -0.000000     1.438398 
2458877.903746 0.000000 0.000000    -0.000000     1.438398 
2458878.835044 0.000000 0.000000    -0.000000     1.438398 
2458879.766341 0.000000 0.000000    -0.000000     1.438398 
2458880.697639 0.000000 0.000000    -0.000000     1.438398 
2458881.628937 0.000000 0.000000    -0.000000     1.438398 
2458882.560235 0.000000 0.000000    -0.000000     1.438398 
2458883.491533 0.000000 0.000000    -0.000000     1.438398 
2458884.422831 0.000000 0.000000    -0.000000     1.438398 
2458885.354129 0.000000 0.000000    -0.000000     1.438398 
2458886.285426 0.000000 0.000000    -0.000000     1.438398 
2458887.216724 0.000000 0.000000    -0.000000     1.438398 
2458888.148022 0.000000 0.000000    -0.000000     1.438398 
2458889.079320 0.000000 0.000000    -0.000000     1.438398 
2458890.010618 0.000000 0.000000    -0.000000     1.438398 
2458890.941916 0.000000 0.000000     0.000000     1.438398 
2458891.873213 0.000000 0.000000     0.000000     1.438398 
2458892.804511 0.000000 0.000000     0.000000     1.438398 
2458893.735809 0.000000 0.000000     0.000000     1.438398 
2458894.667107 0.000000 0.000000     0.000000     1.438398 
2458895.598405 0.000000 0.000000     0.000000     1.438398 
2458896.529703 0.000000 0.000000     0.000000     1.438398 
2458897.461001 0.000000 0.000000     0.000000     1.438398 
2458898.392298 0.000000 0.000000     0.000000     1.438398 
2458899.323596 0.000000 0.000000    -0.000000     1.438398 
2458900.254894 0.000000 0.000000    -0.000000     1.438398 
2458901.186192 0.000000 0.000000    -0.000000     1.438398 
2458902.117490 0.000000 0.000000    -0.000000     1.438398 
2458903.048788 0.000000 0.000000    -0.000000     1.438398 
2458903.980086 0.000000 0.000000    -0.000000     1.438398 
2458904.911383 0.000000 0.000000    -0.000000     1.438398 
2458905.842681 0.000000 0.000000    -0.000000     1.438398 
2458906.773979 0.000000 0.000000    -0.000000     1.438398 
2458907.705277 0.000000 0.000000    -0.000000     1.438398 
2458908.636575 0.000000 0.000000    -0.000000     1.438398 
2458909.567873 0.000000 0.000000    -0.000000     1.438398 
2458910.499170 0.000000 0.000000    -0.000000     1.438398 
2458911.430468 0.000000 0.000000    -0.000000     1.438398 
2458912.361766 0.000000 0.000000    -0.000000     1.438398 
2458913.293064 0.000000 0.000000    -0.000000     1.438398 
2458914.224362 0.000000 0.000000    -0.000000     1.438398 
2458915.155660 0.000000 0.000000    -0.000000     1.438398 
2458916.086958 0.000000 0.000000     0.000000     1.438398 
2458917.018255 0.000000 0.000000     0.000000     1.438398 
2458917.949553 0.000000 0.000000     0.000000     1.438398 
2458918.880851 0.000000 0.000000     0.000000     1.438398 
2458919.812149 0.000000 0.000000     0.000000     1.438398 
2458920.743447 0.000000 0.000000     0.000000     1.438398 
2458921.674745 0.000000 0.000000     0.000000     1.438398 
2458922.606043 0.000000 0.000000     0.000000     1.438398 
2458923.537340 0.000000 0.000000     0.000000     1.438398 
2458924.468638 0.000000 0.000000    -0.000000     1.438398 
2458925.399936 0.000000 0.000000    -0.000000     1.438398 
2458926.331234 0.000000 0.000000    -0.000000     1.438398 
2458927.262532 0.000000 0.000000    -0.000000     1.438398 
2458928.193830 0.000000 0.000000    -0.000000     1.438398 
2458929.125128 0.000000 0.000000    -0.000000     1.438398 
2458930.056425 0.000000 0.000000    -0.000000     1.438398 
2458930.987723 0.000000 0.000000    -0.000000     1.438398 
2458931.919021 0.000000 0.000000    -0.000000     1.438398 
2458932.850319 0.000000 0.000000    -0.000000     1.438398 
2458933.781617 0.000000 0.000000    -0.000000     1.438398 
2458934.712915 0.000000 0.000000    -0.000000     1.438398 
2458935.644212 0.000000 0.000000    -0.000000     1.438398 
2458936.575510 0.000000 0.000000    -0.000000     1.438398 
2458937.506808 0.000000 0.000000    -0.000000     1.438398 
2458938.438106 0.000000 0.000000    -0.000000     1.438398 
2458939.369404 0.000000 0.000000    -0.000000     1.438398 
2458940.300702 0.000000 0.000000    -0.000000     1.438398 
2458941.232000 0.000000 0.000000     0.000000     1.438398 
2458942.163297 0.000000 0.000000     0.000000     1.438398 
2458943.094595 0.000000 0.000000     0.000000     1.438398 
2458944.025893 0.000000 0.000000     0.000000     1.438398 
2458944.957191 0.000000 0.000000     0.000000     1.438398 
2458945.888489 0.000000 0.000000     0.000000     1.438398 
2458946.819787 0.000000 0.000000     0.000000     1.438398 
2458947.751085 0.000000 0.000000     0.000000     1.438398 
2458948.682382 0.000000 0.000000     0.000000     1.438398 
2458949.613680 0.000000 0.000000    -0.000000     1.438398 
2458950.544978 0.000000 0.000000    -0.000000     1.438398 
2458951.476276 0.000000 0.000000    -0.000000     1.438398 
2458952.407574 0.000000 0.000000    -0.000000     1.438398 
2458953.338872 0.000000 0.000000    -0.000000     1.438398 
2458954.270169 0.000000 0.000000    -0.000000     1.438398 
2458955.201467 0.000000 0.000000    -0.000000     1.438398 
2458956.132765 0.000000 0.000000    -0.000000     1.438398 
2458957.064063 0.000000 0.000000    -0.000000     1.438398 
2458957.995361 0.000000 0.000000    -0.000000     1.438398 
2458958.926659 0.000000 0.000000    -0.000000     1.438398 
2458959.857957 0.000000 0.000000    -0.000000     1.438398 
2458960.789254 0.000000 0.000000    -0.000000     1.438398 
2458961.720552 0.000000 0.000000    -0.000000     1.438398 
2458962.651850 0.000000 0.000000    -0.000000     1.438398 
2458963.583148 0.000000 0.000000    -0.000000     1.438398 
2458964.514446 0.000000 0.000000    -0.000000     1.438398 
2458965.445744 0.000000 0.000000    -0.000000     1.438398 
2458966.377042 0.000000 0.000000    -0.000000     1.438398 
2458967.308339 0.000000 0.000000    -0.000000     1.438398 
2458968.239637 0.000000 0.000000     0.000000     1.438398 
2458969.170935 0.000000 0.000000     0.000000     1.438398 
2458970.102233 0.000000 0.000000     0.000000     1.438398 
2458971.033531 0.000000 0.000000     0.000000     1.438398 
2458971.964829 0.000000 0.000000     0.000000     1.438398 
2458972.896127 0.000000 0.000000     0.000000     1.438398 
2458973.827424 0.000000 0.000000    -0.000000     1.438398 
2458974.758722 0.000000 0.000000    -0.000000     1.438398 
2458975.690020 0.000000 0.000000    -0.000000     1.438398 
2458976.621318 0.000000 0.000000    -0.000000     1.438398 
2458977.552616 0.000000 0.000000    -0.000000     1.438398 
2458978.483914 0.000000 0.000000    -0.000000     1.438398 
2458979.415211 0.000000 0.000000    -0.000000     1.438398 
2458980.346509 0.000000 0.000000    -0.000000     1.438398 
2458981.277807 0.000000 0.000000    -0.000000     1.438398 
2458982.209105 0.000000 0.000000    -0.000000     1.438398 
2458983.140403 0.000000 0.000000    -0.000000     1.438398 
2458984.071701 0.000000 0.000000    -0.000000     1.438398 
2458985.002999 0.000000 0.000000     0.000000     1.438398 
2458985.934296 0.000000 0.000000     0.000000     1.438398 
2458986.865594 0.000000 0.000000    -0.000000     1.438398 
2458987.796892 0.000000 0.000000    -0.000000     1.438398 
2458988.728190 0.000000 0.000000    -0.000000     1.438398 
2458989.659488 0.000000 0.000000    -0.000000     1.438398 
2458990.590786 0.000000 0.000000    -0.000000     1.438398 
2458991.522084 0.000000 0.000000    -0.000000     1.438398 
2458992.453381 0.000000 0.000000    -0.000000     1.438398 
2458993.384679 0.000000 0.000000    -0.000000     1.438398 
2458994.315977 0.000000 0.000000    -0.000000     1.438398 
2458995.247275 0.000000 0.000000     0.000000     1.438398 
2458996.178573 0.000000 0.000000     0.000000     1.438398 
2458997.109871 0.000000 0.000000     0.000000     1.438398 
2458998.041168 0.000000 0.000000     0.000000     1.438398 
2458998.972466 0.000000 0.000000     0.000000     1.438398 
2458999.903764 0.000000 0.000000     0.000000     1.438398 
2459000.835062 0.000000 0.000000     0.000000     1.438398 
2459001.766360 0.000000 0.000000     0.000000     1.438398 
2459002.697658 0.000000 0.000000     0.000000     1.438398 
2459003.628956 0.000000 0.000000     0.000000     1.438398 
2459004.560253 0.000000 0.000000     0.000000     1.438398 
2459005.491551 0.000000 0.000000     0.000000     1.438398 
2459006.422849 0.000000 0.000000     0.000000     1.438398 
2459007.354147 0.000000 0.000000     0.000000     1.438398 
2459008.285445 0.000000 0.000000     0.000000     1.438398 
2459009.216743 0.000000 0.000000     0.000000     1.438398 
2459010.148041 0.000000 0.000000    -0.000000     1.438398 
2459011.079338 0.000000 0.000000    -0.000000     1.438398 
2459012.010636 0.000000 0.000000    -0.000000     1.438398 
2459012.941934 0.000000 0.000000    -0.000000     1.438398 
2459013.873232 0.000000 0.000000    -0.000000     1.438398 
2459014.804530 0.000000 0.000000     0.000000     1.438398 
2459015.735828 0.000000 0.000000     0.000000     1.438398 
2459016.667125 0.000000 0.000000     0.000000     1.438398 
2459017.598423 0.000000 0.000000     0.000000     1.438398 
2459018.529721 0.000000 0.000000     0.000000     1.438398 
2459019.461019 0.000000 0.000000     0.000000     1.438398 
2459020.392317 0.000000 0.000000     0.000000     1.438398 
2459021.323615 0.000000 0.000000     0.000000     1.438398 
2459022.254913 0.000000 0.000000     0.000000     1.438398 
2459023.186210 0.000000 0.000000     0.000000     1.438398 
2459024.117508 0.000000 0.000000     0.000000     1.438398 
2459025.048806 0.000000 0.000000     0.000000     1.438398 
2459025.980104 0.000000 0.000000     0.000000     1.438398 
2459026.911402 0.000000 0.000000     0.000000     1.438398 
2459027.842700 0.000000 0.000000     0.000000     1.438398 
2459028.773998 0.000000 0.000000     0.000000     1.438398 
2459029.705295 0.000000 0.000000     0.000000     1.438398 
2459030.636593 0.000000 0.000000     0.000000     1.438398 
2459031.567891 0.000000 0.000000     0.000000     1.438398 
2459032.499189 0.000000 0.000000     0.000000     1.438398 
2459033.430487 0.000000 0.000000     0.000000     1.438398 
2459034.361785 0.000000 0.000000     0.000000     1.438398 
2459035.293083 0.000000 0.000000    -0.000000     1.438398 
2459036.224380 0.000000 0.000000    -0.000000     1.438398 
2459037.155678 0.000000 0.000000    -0.000000     1.438398 
2459038.086976 0.000000 0.000000     0.000000     1.438398 
2459039.018274 0.000000 0.000000     0.000000     1.438398 
2459039.949572 0.000000 0.000000     0.000000     1.438398 
2459040.880870 0.000000 0.000000     0.000000     1.438398 
2459041.812167 0.000000 0.000000     0.000000     1.438398 
2459042.743465 0.000000 0.000000     0.000000     1.438398 
2459043.674763 0.000000 0.000000     0.000000     1.438398 
2459044.606061 0.000000 0.000000     0.000000     1.438398 
2459045.537359 0.000000 0.000000     0.000000     1.438398 
2459046.468657 0.000000 0.000000     0.000000     1.438398 
2459047.399955 0.000000 0.000000     0.000000     1.438398 
2459048.331252 0.000000 0.000000     0.000000     1.438398 
2459049.262550 0.000000 0.000000     0.000000     1.438398 
2459050.193848 0.000000 0.000000     0.000000     1.438398 
2459051.125146 0.000000 0.000000     0.000000     1.438398 
2459052.056444 0.000000 0.000000     0.000000     1.438398 
2459052.987742 0.000000 0.000000     0.000000     1.438398 
2459053.919040 0.000000 0.000000     0.000000     1.438398 
2459054.850337 0.000000 0.000000     0.000000     1.438398 
2459055.781635 0.000000 0.000000     0.000000     1.438398 
2459056.712933 0.000000 0.000000     0.000000     1.438398 
2459057.644231 0.000000 0.000000     0.000000     1.438398 
2459058.575529 0.000000 0.000000     0.000000     1.438398 
2459059.506827 0.000000 0.000000     0.000000     1.438398 
2459060.438124 0.000000 0.000000    -0.000000     1.438398 
2459061.369422 0.000000 0.000000    -0.000000     1.438398 
2459062.300720 0.000000 0.000000    -0.000000     1.438398 
2459063.232018 0.000000 0.000000     0.000000     1.438398 
2459064.163316 0.000000 0.000000     0.000000     1.438398 
2459065.094614 0.000000 0.000000     0.000000     1.438398 
2459066.025912 0.000000 0.000000     0.000000     1.438398 
2459066.957209 0.000000 0.000000     0.000000     1.438398 
2459067.888507 0.000000 0.000000     0.000000     1.438398 
2459068.819805 0.000000 0.000000     0.000000     1.438398 
2459069.751103 0.000000 0.000000     0.000000     1.438398 
2459070.682401 0.000000 0.000000     0.000000     1.438398 
2459071.613699 0.000000 0.000000     0.000000     1.438398 
2459072.544997 0.000000 0.000000     0.000000     1.438398 
2459073.476294 0.000000 0.000000     0.000000     1.438398 
2459074.407592 0.000000 0.000000     0.000000     1.438398 
2459075.338890 0.000000 0.000000     0.000000     1.438398 
2459076.270188 0.000000 0.000000     0.000000     1.438398 
2459077.201486 0.000000 0.000000     0.000000     1.438398 
2459078.132784 0.000000 0.000000     0.000000     1.438398 
2459079.064081 0.000000 0.000000     0.000000     1.438398 
2459079.995379 0.000000 0.000000     0.000000     1.438398 
2459080.926677 0.000000 0.000000     0.000000     1.438398 
2459081.857975 0.000000 0.000000     0.000000     1.438398 
2459082.789273 0.000000 0.000000     0.000000     1.438398 
2459083.720571 0.000000 0.000000     0.000000     1.438398 
2459084.651869 0.000000 0.000000     0.000000     1.438398 
2459085.583166 0.000000 0.000000    -0.000000     1.438398 
2459086.514464 0.000000 0.000000    -0.000000     1.438398 
2459087.445762 0.000000 0.000000    -0.000000     1.438398 
2459088.377060 0.000000 0.000000     0.000000     1.438398 
2459089.308358 0.000000 0.000000     0.000000     1.438398 
2459090.239656 0.000000 0.000000     0.000000     1.438398 
2459091.170954 0.000000 0.000000     0.000000     1.438398 
2459092.102251 0.000000 0.000000     0.000000     1.438398 
2459093.033549 0.000000 0.000000     0.000000     1.438398 
2459093.964847 0.000000 0.000000     0.000000     1.438398 
2459094.896145 0.000000 0.000000     0.000000     1.438398 
2459095.827443 0.000000 0.000000     0.000000     1.438398 
2459096.758741 0.000000 0.000000     0.000000     1.438398 
2459097.690039 0.000000 0.000000     0.000000     1.438398 
2459098.621336 0.000000 0.000000     0.000000     1.438398 
2459099.552634 0.000000 0.000000     0.000000     1.438398 
2459100.483932 0.000000 0.000000     0.000000     1.438398 
2459101.415230 0.000000 0.000000     0.000000     1.438398 
2459102.346528 0.000000 0.000000     0.000000     1.438398 
2459103.277826 0.000000 0.000000     0.000000     1.438398 
2459104.209123 0.000000 0.000000     0.000000     1.438398 
2459105.140421 0.000000 0.000000     0.000000     1.438398 
2459106.071719 0.000000 0.000000     0.000000     1.438398 
2459107.003017 0.000000 0.000000     0.000000     1.438398 
2459107.934315 0.000000 0.000000     0.000000     1.438398 
2459108.865613 0.000000 0.000000     0.000000     1.438398 
2459109.796911 0.000000 0.000000     0.000000     1.438398 
2459110.728208 0.000000 0.000000    -0.000000     1.438398 
2459111.659506 0.000000 0.000000    -0.000000     1.438398 
2459112.590804 0.000000 0.000000    -0.000000     1.438398 
2459113.522102 0.000000 0.000000     0.000000     1.438398 
2459114.453400 0.000000 0.000000     0.000000     1.438398 
2459115.384698 0.000000 0.000000     0.000000     1.438398 
2459116.315996 0.000000 0.000000     0.000000     1.438398 
2459117.247293 0.000000 0.000000     0.000000     1.438398 
2459118.178591 0.000000 0.000000     0.000000     1.438398 
2459119.109889 0.000000 0.000000     0.000000     1.438398 
2459120.041187 0.000000 0.000000     0.000000     1.438398 
2459120.972485 0.000000 0.000000     0.000000     1.438398 
2459121.903783 0.000000 0.000000     0.000000     1.438398 
2459122.835080 0.000000 0.000000     0.000000     1.438398 
2459123.766378 0.000000 0.000000     0.000000     1.438398 
2459124.697676 0.000000 0.000000     0.000000     1.438398 
2459125.628974 0.000000 0.000000     0.000000     1.438398 
2459126.560272 0.000000 0.000000     0.000000     1.438398 
2459127.491570 0.000000 0.000000     0.000000     1.438398 
2459128.422868 0.000000 0.000000     0.000000     1.438398 
2459129.354165 0.000000 0.000000     0.000000     1.438398 
2459130.285463 0.000000 0.000000     0.000000     1.438398 
2459131.216761 0.000000 0.000000     0.000000     1.438398 
2459132.148059 0.000000 0.000000     0.000000     1.438398 
2459133.079357 0.000000 0.000000     0.000000     1.438398 
2459134.010655 0.000000 0.000000     0.000000     1.438398 
2459134.941953 0.000000 0.000000     0.000000     1.438398 
2459135.873250 0.000000 0.000000     0.000000     1.438398 
2459136.804548 0.000000 0.000000    -0.000000     1.438398 
2459137.735846 0.000000 0.000000    -0.000000     1.438398 
2459138.667144 0.000000 0.000000     0.000000     1.438398 
2459139.598442 0.000000 0.000000     0.000000     1.438398 
2459140.529740 0.000000 0.000000     0.000000     1.438398 
2459141.461037 0.000000 0.000000     0.000000     1.438398 
2459142.392335 0.000000 0.000000     0.000000     1.438398 
2459143.323633 0.000000 0.000000     0.000000     1.438398 
2459144.254931 0.000000 0.000000     0.000000     1.438398 
2459145.186229 0.000000 0.000000     0.000000     1.438398 
2459146.117527 0.000000 0.000000     0.000000     1.438398 
2459147.048825 0.000000 0.000000     0.000000     1.438398 
2459147.980122 0.000000 0.000000     0.000000     1.438398 
2459148.911420 0.000000 0.000000     0.000000     1.438398 
2459149.842718 0.000000 0.000000     0.000000     1.438398 
2459150.774016 0.000000 0.000000     0.000000     1.438398 
2459151.705314 0.000000 0.000000     0.000000     1.438398 
2459152.636612 0.000000 0.000000     0.000000     1.438398 
2459153.567910 0.000000 0.000000     0.000000     1.438398 
2459154.499207 0.000000 0.000000     0.000000     1.438398 
2459155.430505 0.000000 0.000000     0.000000     1.438398 
2459156.361803 0.000000 0.000000     0.000000     1.438398 
2459157.293101 0.000000 0.000000     0.000000     1.438398 
2459158.224399 0.000000 0.000000     0.000000     1.438398 
2459159.155697 0.000000 0.000000     0.000000     1.438398 
2459160.086995 0.000000 0.000000     0.000000     1.438398 
2459161.018292 0.000000 0.000000     0.000000     1.438398 
2459161.949590 0.000000 0.000000     0.000000     1.438398 
2459162.880888 0.000000 0.000000     0.000000     1.438398 
2459163.812186 0.000000 0.000000     0.000000     1.438398 
2459164.743484 0.000000 0.000000     0.000000     1.438398 
2459165.674782 0.000000 0.000000     0.000000     1.438398 
2459166.606079 0.000000 0.000000     0.000000     1.438398 
2459167.537377 0.000000 0.000000     0.000000     1.438398 
2459168.468675 0.000000 0.000000     0.000000     1.438398 
2459169.399973 0.000000 0.000000     0.000000     1.438398 
2459170.331271 0.000000 0.000000     0.000000     1.438398 
2459171.262569 0.000000 0.000000     0.000000     1.438398 
2459172.193867 0.000000 0.000000     0.000000     1.438398 
2459173.125164 0.000000 0.000000     0.000000     1.438398 
2459174.056462 0.000000 0.000000     0.000000     1.438398 
2459174.987760 0.000000 0.000000     0.000000     1.438398 
2459175.919058 0.000000 0.000000     0.000000     1.438398 
2459176.850356 0.000000 0.000000     0.000000     1.438398 
2459177.781654 0.000000 0.000000     0.000000     1.438398 
2459178.712952 0.000000 0.000000     0.000000     1.438398 
2459179.644249 0.000000 0.000000     0.000000     1.438398 
2459180.575547 0.000000 0.000000     0.000000     1.438398 
2459181.506845 0.000000 0.000000     0.000000     1.438398 
2459182.438143 0.000000 0.000000     0.000000     1.438398 
2459183.369441 0.000000 0.000000     0.000000     1.438398 
2459184.300739 0.000000 0.000000     0.000000     1.438398 
2459185.232036 0.000000 0.000000     0.000000     1.438398 
2459186.163334 0.000000 0.000000     0.000000     1.438398 
2459187.094632 0.000000 0.000000     0.000000     1.438398 
2459188.025930 0.000000 0.000000     0.000000     1.438398 
2459188.957228 0.000000 0.000000    -0.000000     1.438398 
2459189.888526 0.000000 0.000000    -0.000000     1.438398 
2459190.819824 0.000000 0.000000    -0.000000     1.438398 
2459191.751121 0.000000 0.000000    -0.000000     1.438398 
2459192.682419 0.000000 0.000000    -0.000000     1.438398 
2459193.613717 0.000000 0.000000    -0.000000     1.438398 
2459194.545015 0.000000 0.000000    -0.000000     1.438398 
2459195.476313 0.000000 0.000000    -0.000000     1.438398 
2459196.407611 0.000000 0.000000     0.000000     1.438398 
2459197.338909 0.000000 0.000000     0.000000     1.438398 
2459198.270206 0.000000 0.000000     0.000000     1.438398 
2459199.201504 0.000000 0.000000     0.000000     1.438398 
2459200.132802 0.000000 0.000000     0.000000     1.438398 
2459201.064100 0.000000 0.000000     0.000000     1.438398 
2459201.995398 0.000000 0.000000     0.000000     1.438398 
2459202.926696 0.000000 0.000000     0.000000     1.438398 
2459203.857993 0.000000 0.000000     0.000000     1.438398 
2459204.789291 0.000000 0.000000     0.000000     1.438398 
2459205.720589 0.000000 0.000000     0.000000     1.438398 
2459206.651887 0.000000 0.000000     0.000000     1.438398 
2459207.583185 0.000000 0.000000     0.000000     1.438398 
2459208.514483 0.000000 0.000000     0.000000     1.438398 
2459209.445781 0.000000 0.000000     0.000000     1.438398 
2459210.377078 0.000000 0.000000     0.000000     1.438398 
2459211.308376 0.000000 0.000000     0.000000     1.438398 
2459212.239674 0.000000 0.000000     0.000000     1.438398 
2459213.170972 0.000000 0.000000    -0.000000     1.438398 
2459214.102270 0.000000 0.000000    -0.000000     1.438398 
2459215.033568 0.000000 0.000000    -0.000000     1.438398 
2459215.964866 0.000000 0.000000    -0.000000     1.438398 
2459216.896163 0.000000 0.000000    -0.000000     1.438398 
2459217.827461 0.000000 0.000000    -0.000000     1.438398 
2459218.758759 0.000000 0.000000    -0.000000     1.438398 
2459219.690057 0.000000 0.000000    -0.000000     1.438398 
2459220.621355 0.000000 0.000000    -0.000000     1.438398 
2459221.552653 0.000000 0.000000     0.000000     1.438398 
2459222.483951 0.000000 0.000000     0.000000     1.438398 
2459223.415248 0.000000 0.000000     0.000000     1.438398 
2459224.346546 0.000000 0.000000     0.000000     1.438398 
2459225.277844 0.000000 0.000000     0.000000     1.438398 
2459226.209142 0.000000 0.000000     0.000000     1.438398 
2459227.140440 0.000000 0.000000     0.000000     1.438398 
2459228.071738 0.000000 0.000000     0.000000     1.438398 
2459229.003035 0.000000 0.000000     0.000000     1.438398 
2459229.934333 0.000000 0.000000     0.000000     1.438398 
2459230.865631 0.000000 0.000000     0.000000     1.438398 
2459231.796929 0.000000 0.000000     0.000000     1.438398 
2459232.728227 0.000000 0.000000     0.000000     1.438398 
2459233.659525 0.000000 0.000000     0.000000     1.438398 
2459234.590823 0.000000 0.000000     0.000000     1.438398 
2459235.522120 0.000000 0.000000     0.000000     1.438398 
2459236.453418 0.000000 0.000000    -0.000000     1.438398 
2459237.384716 0.000000 0.000000    -0.000000     1.438398 
2459238.316014 0.000000 0.000000    -0.000000     1.438398 
2459239.247312 0.000000 0.000000    -0.000000     1.438398 
2459240.178610 0.000000 0.000000     0.000000     1.438398 
2459241.109908 0.000000 0.000000     0.000000     1.438398 
2459242.041205 0.000000 0.000000     0.000000     1.438398 
2459242.972503 0.000000 0.000000     0.000000     1.438398 
2459243.903801 0.000000 0.000000     0.000000     1.438398 
2459244.835099 0.000000 0.000000     0.000000     1.438398 
2459245.766397 0.000000 0.000000     0.000000     1.438398 
2459246.697695 0.000000 0.000000     0.000000     1.438398 
2459247.628992 0.000000 0.000000     0.000000     1.438398 
2459248.560290 0.000000 0.000000     0.000000     1.438398 
2459249.491588 0.000000 0.000000     0.000000     1.438398 
2459250.422886 0.000000 0.000000     0.000000     1.438398 
2459251.354184 0.000000 0.000000     0.000000     1.438398 
2459252.285482 0.000000 0.000000     0.000000     1.438398 
2459253.216780 0.000000 0.000000     0.000000     1.438398 
2459254.148077 0.000000 0.000000     0.000000     1.438398 
2459255.079375 0.000000 0.000000     0.000000     1.438398 
2459256.010673 0.000000 0.000000     0.000000     1.438398 
2459256.941971 0.000000 0.000000     0.000000     1.438398 
2459257.873269 0.000000 0.000000     0.000000     1.438398 
2459258.804567 0.000000 0.000000     0.000000     1.438398 
2459259.735865 0.000000 0.000000     0.000000     1.438398 
2459260.667162 0.000000 0.000000     0.000000     1.438398 
2459261.598460 0.000000 0.000000    -0.000000     1.438398 
2459262.529758 0.000000 0.000000    -0.000000     1.438398 
2459263.461056 0.000000 0.000000    -0.000000     1.438398 
2459264.392354 0.000000 0.000000    -0.000000     1.438398 
2459265.323652 0.000000 0.000000     0.000000     1.438398 
2459266.254950 0.000000 0.000000     0.000000     1.438398 
2459267.186247 0.000000 0.000000     0.000000     1.438398 
2459268.117545 0.000000 0.000000     0.000000     1.438398 
2459269.048843 0.000000 0.000000     0.000000     1.438398 
2459269.980141 0.000000 0.000000     0.000000     1.438398 
2459270.911439 0.000000 0.000000     0.000000     1.438398 
2459271.842737 0.000000 0.000000     0.000000     1.438398 
2459272.774034 0.000000 0.000000     0.000000     1.438398 
2459273.705332 0.000000 0.000000     0.000000     1.438398 
2459274.636630 0.000000 0.000000     0.000000     1.438398 
2459275.567928 0.000000 0.000000     0.000000     1.438398 
2459276.499226 0.000000 0.000000     0.000000     1.438398 
2459277.430524 0.000000 0.000000     0.000000     1.438398 
2459278.361822 0.000000 0.000000     0.000000     1.438398 
2459279.293119 0.000000 0.000000     0.000000     1.438398 
2459280.224417 0.000000 0.000000     0.000000     1.438398 
2459281.155715 0.000000 0.000000     0.000000     1.438398 
2459282.087013 0.000000 0.000000     0.000000     1.438398 
2459283.018311 0.000000 0.000000     0.000000     1.438398 
2459283.949609 0.000000 0.000000     0.000000     1.438398 
2459284.880907 0.000000 0.000000     0.000000     1.438398 
2459285.812204 0.000000 0.000000     0.000000     1.438398 
2459286.743502 0.000000 0.000000    -0.000000     1.438398 
2459287.674800 0.000000 0.000000    -0.000000     1.438398 
2459288.606098 0.000000 0.000000    -0.000000     1.438398 
2459289.537396 0.000000 0.000000    -0.000000     1.438398 
2459290.468694 0.000000 0.000000     0.000000     1.438398 
2459291.399991 0.000000 0.000000     0.000000     1.438398 
2459292.331289 0.000000 0.000000     0.000000     1.438398 
2459293.262587 0.000000 0.000000     0.000000     1.438398 
2459294.193885 0.000000 0.000000     0.000000     1.438398 
2459295.125183 0.000000 0.000000     0.000000     1.438398 
2459296.056481 0.000000 0.000000     0.000000     1.438398 
2459296.987779 0.000000 0.000000     0.000000     1.438398 
2459297.919076 0.000000 0.000000     0.000000     1.438398 
2459298.850374 0.000000 0.000000     0.000000     1.438398 
2459299.781672 0.000000 0.000000     0.000000     1.438398 
2459300.712970 0.000000 0.000000     0.000000     1.438398 
2459301.644268 0.000000 0.000000     0.000000     1.438398 
2459302.575566 0.000000 0.000000     0.000000     1.438398 
2459303.506864 0.000000 0.000000     0.000000     1.438398 
2459304.438161 0.000000 0.000000     0.000000     1.438398 
2459305.369459 0.000000 0.000000     0.000000     1.438398 
2459306.300757 0.000000 0.000000     0.000000     1.438398 
2459307.232055 0.000000 0.000000     0.000000     1.438398 
2459308.163353 0.000000 0.000000     0.000000     1.438398 
2459309.094651 0.000000 0.000000     0.000000     1.438398 
2459310.025948 0.000000 0.000000     0.000000     1.438398 
2459310.957246 0.000000 0.000000     0.000000     1.438398 
2459311.888544 0.000000 0.000000     0.000000     1.438398 
2459312.819842 0.000000 0.000000    -0.000000     1.438398 
2459313.751140 0.000000 0.000000    -0.000000     1.438398 
2459314.682438 0.000000 0.000000     0.000000     1.438398 
2459315.613736 0.000000 0.000000     0.000000     1.438398 
2459316.545033 0.000000 0.000000     0.000000     1.438398 
2459317.476331 0.000000 0.000000     0.000001     1.438398 
2459318.407629 0.000000 0.000000     0.000001     1.438398 
2459319.338927 0.000000 0.000000     0.000000     1.438398 
2459320.270225 0.000000 0.000000     0.000000     1.438398 
2459321.201523 0.000000 0.000000     0.000000     1.438398 
2459322.132821 0.000000 0.000000     0.000000     1.438398 
2459323.064118 0.000000 0.000000     0.000000     1.438398 
2459323.995416 0.000000 0.000000     0.000000     1.438398 
2459324.926714 0.000000 0.000000     0.000000     1.438398 
2459325.858012 0.000000 0.000000     0.000000     1.438398 
2459326.789310 0.000000 0.000000     0.000000     1.438398 
2459327.720608 0.000000 0.000000     0.000000     1.438398 
2459328.651906 0.000000 0.000000     0.000000     1.438398 
2459329.583203 0.000000 0.000000     0.000000     1.438398 
2459330.514501 0.000000 0.000000     0.000000     1.438398 
2459331.445799 0.000000 0.000000     0.000000     1.438398 
2459332.377097 0.000000 0.000000     0.000001     1.438398 
2459333.308395 0.000000 0.000000     0.000001     1.438398 
2459334.239693 0.000000 0.000000     0.000001     1.438398 
2459335.170990 0.000000 0.000000     0.000001     1.438398 
2459336.102288 0.000000 0.000000     0.000000     1.438398 
2459337.033586 0.000000 0.000000     0.000000     1.438398 
2459337.964884 0.000000 0.000000    -0.000000     1.438398 
2459338.896182 0.000000 0.000000    -0.000000     1.438398 
2459339.827480 0.000000 0.000000     0.000000     1.438398 
2459340.758778 0.000000 0.000000     0.000000     1.438398 
2459341.690075 0.000000 0.000000     0.000001     1.438398 
2459342.621373 0.000000 0.000000     0.000001     1.438398 
2459343.552671 0.000000 0.000000     0.000001     1.438398 
2459344.483969 0.000000 0.000000     0.000001     1.438398 
2459345.415267 0.000000 0.000000     0.000000     1.438398 
2459346.346565 0.000000 0.000000     0.000000     1.438398 
2459347.277863 0.000000 0.000000     0.000000     1.438398 
2459348.209160 0.000000 0.000000     0.000000     1.438398 
2459349.140458 0.000000 0.000000     0.000000     1.438398 
2459350.071756 0.000000 0.000000     0.000000     1.438398 
2459351.003054 0.000000 0.000000     0.000000     1.438398 
2459351.934352 0.000000 0.000000     0.000000     1.438398 
2459352.865650 0.000000 0.000000     0.000000     1.438398 
2459353.796947 0.000000 0.000000     0.000000     1.438398 
2459354.728245 0.000000 0.000000     0.000001     1.438398 
2459355.659543 0.000000 0.000000     0.000001     1.438398 
2459356.590841 0.000000 0.000000     0.000001     1.438398 
2459357.522139 0.000000 0.000000     0.000001     1.438398 
2459358.453437 0.000000 0.000000     0.000001     1.438398 
2459359.384735 0.000000 0.000000     0.000001     1.438398 
2459360.316032 0.000000 0.000000     0.000001     1.438398 
2459361.247330 0.000000 0.000000     0.000001     1.438398 
2459362.178628 0.000000 0.000000     0.000000     1.438398 
2459363.109926 0.000000 0.000000     0.000000     1.438398 
2459364.041224 0.000000 0.000000    -0.000000     1.438398 
2459364.972522 0.000000 0.000000     0.000000     1.438398 
2459365.903820 0.000000 0.000000     0.000000     1.438398 
2459366.835117 0.000000 0.000000     0.000000     1.438398 
2459367.766415 0.000000 0.000000     0.000001     1.438398 
2459368.697713 0.000000 0.000000     0.000000     1.438398 
2459369.629011 0.000000 0.000000     0.000000     1.438398 
2459370.560309 0.000000 0.000000     0.000000     1.438398 
2459371.491607 0.000000 0.000000     0.000000     1.438398 
2459372.422904 0.000000 0.000000     0.000000     1.438398 
2459373.354202 0.000000 0.000000     0.000000     1.438398 
2459374.285500 0.000000 0.000000     0.000000     1.438398 
2459375.216798 0.000000 0.000000     0.000000     1.438398 
2459376.148096 0.000000 0.000000     0.000000     1.438398 
2459377.079394 0.000000 0.000000     0.000000     1.438398 
2459378.010692 0.000000 0.000000     0.000000     1.438398 
2459378.941989 0.000000 0.000000     0.000001     1.438398 
2459379.873287 0.000000 0.000000     0.000001     1.438398 
2459380.804585 0.000000 0.000000     0.000001     1.438398 
2459381.735883 0.000000 0.000000     0.000002     1.438398 
2459382.667181 0.000000 0.000000     0.000002     1.438398 
2459383.598479 0.000000 0.000000     0.000001     1.438398 
2459384.529777 0.000000 0.000000     0.000001     1.438398 
2459385.461074 0.000000 0.000000     0.000001     1.438398 
2459386.392372 0.000000 0.000000     0.000001     1.438398 
2459387.323670 0.000000 0.000000     0.000000     1.438398 
2459388.254968 0.000000 0.000000     0.000000     1.438398 
2459389.186266 0.000000 0.000000     0.000000     1.438398 
2459390.117564 0.000000 0.000000     0.000000     1.438398 
2459391.048862 0.000000 0.000000     0.000000     1.438398 
2459391.980159 0.000000 0.000000    -0.000000     1.438398 
2459392.911457 0.000000 0.000000    -0.000000     1.438398 
2459393.842755 0.000000 0.000000    -0.000000     1.438398 
2459394.774053 0.000000 0.000000    -0.000000     1.438398 
2459395.705351 0.000000 0.000000    -0.000000     1.438398 
2459396.636649 0.000000 0.000000     0.000000     1.438398 
2459397.567946 0.000000 0.000000     0.000000     1.438398 
2459398.499244 0.000000 0.000000     0.000000     1.438398 
2459399.430542 0.000000 0.000000     0.000000     1.438398 
2459400.361840 0.000000 0.000000     0.000000     1.438398 
2459401.293138 0.000000 0.000000     0.000000     1.438398 
2459402.224436 0.000000 0.000000     0.000000     1.438398 
2459403.155734 0.000000 0.000000     0.000001     1.438398 
2459404.087031 0.000000 0.000000     0.000001     1.438398 
2459405.018329 0.000000 0.000000     0.000002     1.438398 
2459405.949627 0.000000 0.000000     0.000002     1.438398 
2459406.880925 0.000000 0.000000     0.000002     1.438398 
2459407.812223 0.000000 0.000000     0.000002     1.438398 
2459408.743521 0.000000 0.000000     0.000002     1.438398 
2459409.674819 0.000000 0.000000     0.000001     1.438398 
2459410.606116 0.000000 0.000000     0.000001     1.438398 
2459411.537414 0.000000 0.000000     0.000000     1.438398 
2459412.468712 0.000000 0.000000     0.000000     1.438398 
2459413.400010 0.000000 0.000000     0.000000     1.438398 
2459414.331308 0.000000 0.000000     0.000000     1.438398 
2459415.262606 0.000000 0.000000     0.000000     1.438398 
2459416.193903 0.000000 0.000000    -0.000000     1.438398 
2459417.125201 0.000000 0.000000    -0.000001     1.438398 
2459418.056499 0.000000 0.000000    -0.000001     1.438398 
2459418.987797 0.000000 0.000000    -0.000001     1.438398 
2459419.919095 0.000000 0.000000    -0.000001     1.438398 
2459420.850393 0.000000 0.000000    -0.000001     1.438398 
2459421.781691 0.000000 0.000000    -0.000000     1.438398 
2459422.712988 0.000000 0.000000    -0.000000     1.438398 
2459423.644286 0.000000 0.000000     0.000000     1.438398 
2459424.575584 0.000000 0.000000     0.000000     1.438398 
2459425.506882 0.000000 0.000000     0.000001     1.438398 
2459426.438180 0.000000 0.000000     0.000001     1.438398 
2459427.369478 0.000000 0.000000     0.000001     1.438398 
2459428.300776 0.000000 0.000000     0.000001     1.438398 
2459429.232073 0.000000 0.000000     0.000001     1.438398 
2459430.163371 0.000000 0.000000     0.000002     1.438398 
2459431.094669 0.000000 0.000000     0.000002     1.438398 
2459432.025967 0.000000 0.000000     0.000003     1.438398 
2459432.957265 0.000000 0.000000     0.000002     1.438398 
2459433.888563 0.000000 0.000000     0.000002     1.438398 
2459434.819860 0.000000 0.000000     0.000001     1.438398 
2459435.751158 0.000000 0.000000     0.000001     1.438398 
2459436.682456 0.000000 0.000000     0.000000     1.438398 
2459437.613754 0.000000 0.000000     0.000000     1.438398 
2459438.545052 0.000000 0.000000     0.000000     1.438398 
2459439.476350 0.000000 0.000000    -0.000000     1.438398 
2459440.407648 0.000000 0.000000    -0.000000     1.438398 
2459441.338945 0.000000 0.000000    -0.000001     1.438398 
2459442.270243 0.000000 0.000000    -0.000001     1.438398 
2459443.201541 0.000000 0.000000    -0.000000     1.438398 
2459444.132839 0.000000 0.000000    -0.000000     1.438398 
2459445.064137 0.000000 0.000000    -0.000000     1.438398 
2459445.995435 0.000000 0.000000    -0.000000     1.438398 
2459446.926733 0.000000 0.000000     0.000000     1.438398 
2459447.858030 0.000000 0.000000     0.000000     1.438398 
2459448.789328 0.000000 0.000000     0.000001     1.438398 
2459449.720626 0.000000 0.000000     0.000001     1.438398 
2459450.651924 0.000000 0.000000     0.000001     1.438398 
2459451.583222 0.000000 0.000000     0.000000     1.438398 
2459452.514520 0.000000 0.000000     0.000000     1.438398 
2459453.445818 0.000000 0.000000     0.000001     1.438398 
2459454.377115 0.000000 0.000000     0.000001     1.438398 
2459455.308413 0.000000 0.000000     0.000002     1.438398 
2459456.239711 0.000000 0.000000     0.000002     1.438398 
2459457.171009 0.000000 0.000000     0.000003     1.438398 
2459458.102307 0.000000 0.000000     0.000003     1.438398 
2459459.033605 0.000000 0.000000     0.000003     1.438398 
2459459.964902 0.000000 0.000000     0.000003     1.438398 
2459460.896200 0.000000 0.000000     0.000002     1.438398 
2459461.827498 0.000000 0.000000     0.000002     1.438398 
2459462.758796 0.000000 0.000000     0.000000     1.438398 
2459463.690094 0.000000 0.000000    -0.000001     1.438398 
2459464.621392 0.000000 0.000000    -0.000002     1.438398 
2459465.552690 0.000000 0.000000    -0.000002     1.438398 
2459466.483987 0.000000 0.000000     0.000000     1.438398 
2459467.415285 0.000000 0.000000     0.000002     1.438398 
2459468.346583 0.000000 0.000000     0.000004     1.438398 
2459469.277881 0.000000 0.000000     0.000005     1.438398 
2459470.209179 0.000000 0.000000     0.000004     1.438398 
2459471.140477 0.000000 0.000000     0.000004     1.438398 
2459472.071775 0.000000 0.000000     0.000003     1.438398 
2459473.003072 0.000000 0.000000     0.000003     1.438398 
2459473.934370 0.000000 0.000000     0.000003     1.438398 
2459474.865668 0.000000 0.000000     0.000002     1.438398 
2459475.796966 0.000000 0.000000     0.000001     1.438398 
2459476.728264 0.000000 0.000000     0.000000     1.438398 
2459477.659562 0.000000 0.000000     0.000000     1.438398 
2459478.590859 0.000000 0.000000     0.000001     1.438398 
2459479.522157 0.000000 0.000000     0.000002     1.438398 
2459480.453455 0.000000 0.000000     0.000003     1.438398 
2459481.384753 0.000000 0.000000     0.000003     1.438398 
2459482.316051 0.000000 0.000000     0.000003     1.438398 
2459483.247349 0.000000 0.000000     0.000004     1.438398 
2459484.178647 0.000000 0.000000     0.000006     1.438398 
2459485.109944 0.000000 0.000000     0.000008     1.438398 
2459486.041242 0.000000 0.000000     0.000009     1.438398 
2459486.972540 0.000000 0.000000     0.000006     1.438398 
2459487.903838 0.000000 0.000000     0.000001     1.438398 
2459488.835136 0.000000 0.000000    -0.000004     1.438398 
2459489.766434 0.000000 0.000000    -0.000006     1.438398 
2459490.697732 0.000000 0.000000    -0.000004     1.438398 
2459491.629029 0.000000 0.000000     0.000003     1.438398 
2459492.560327 0.000000 0.000000     0.000011     1.438398 
2459493.491625 0.000000 0.000000     0.000016     1.438398 
2459494.422923 0.000000 0.000000     0.000018     1.438398 
2459495.354221 0.000000 0.000000     0.000016     1.438398 
2459496.285519 0.000000 0.000000     0.000013     1.438398 
2459497.216816 0.000000 0.000000     0.000011     1.438398 
2459498.148114 0.000000 0.000000     0.000010     1.438398 
2459499.079412 0.000000 0.000000     0.000009     1.438398 
2459500.010710 0.000000 0.000000     0.000007     1.438398 
2459500.942008 0.000000 0.000000     0.000004     1.438398 
2459501.873306 0.000000 0.000000     0.000001     1.438398 
2459502.804604 0.000000 0.000000     0.000001     1.438398 
2459503.735901 0.000000 0.000000     0.000003     1.438398 
2459504.667199 0.000000 0.000000     0.000006     1.438398 
2459505.598497 0.000000 0.000000     0.000008     1.438398 
2459506.529795 0.000000 0.000000     0.000008     1.438398 
2459507.461093 0.000000 0.000000     0.000009     1.438398 
2459508.392391 0.000000 0.000000     0.000012     1.438398 
2459509.323689 0.000000 0.000000     0.000017     1.438398 
2459510.254986 0.000000 0.000000     0.000023     1.438398 
2459511.186284 0.000000 0.000000     0.000024     1.438398 
2459512.117582 0.000000 0.000000     0.000017     1.438398 
2459513.048880 0.000000 0.000000     0.000005     1.438398 
2459513.980178 0.000000 0.000000    -0.000008     1.438398 
2459514.911476 0.000000 0.000000    -0.000013     1.438398 
2459515.842774 0.000000 0.000000    -0.000007     1.438398 
2459516.774071 0.000000 0.000000     0.000009     1.438398 
2459517.705369 0.000000 0.000000     0.000026     1.438398 
2459518.636667 0.000000 0.000000     0.000038     1.438398 
2459519.567965 0.000000 0.000000     0.000040     1.438398 
2459520.499263 0.000000 0.000000     0.000036     1.438398 
2459521.430561 0.000000 0.000000     0.000029     1.438398 
2459522.361858 0.000000 0.000000     0.000024     1.438398 
2459523.293156 0.000000 0.000000     0.000023     1.438398 
2459524.224454 0.000000 0.000000     0.000021     1.438398 
2459525.155752 0.000000 0.000000     0.000016     1.438398 
2459526.087050 0.000000 0.000000     0.000010     1.438398 
2459527.018348 0.000000 0.000000     0.000004     1.438398 
2459527.949646 0.000000 0.000000     0.000003     1.438398 
2459528.880943 0.000000 0.000000     0.000007     1.438398 
2459529.812241 0.000000 0.000000     0.000014     1.438398 
2459530.743539 0.000000 0.000000     0.000020     1.438398 
2459531.674837 0.000000 0.000000     0.000023     1.438398 
2459532.606135 0.000000 0.000000     0.000026     1.438398 
2459533.537433 0.000000 0.000000     0.000032     1.438398 
2459534.468731 0.000000 0.000000     0.000041     1.438398 
2459535.400028 0.000000 0.000000     0.000050     1.438398 
2459536.331326 0.000000 0.000000     0.000050     1.438398 
2459537.262624 0.000000 0.000000     0.000037     1.438398 
2459538.193922 0.000000 0.000000     0.000014     1.438398 
2459539.125220 0.000000 0.000000    -0.000008     1.438398 
2459540.056518 0.000000 0.000000    -0.000018     1.438398 
2459540.987815 0.000000 0.000000    -0.000008     1.438398 
2459541.919113 0.000000 0.000000     0.000017     1.438398 
2459542.850411 0.000000 0.000000     0.000045     1.438398 
2459543.781709 0.000000 0.000000     0.000063     1.438398 
2459544.713007 0.000000 0.000000     0.000066     1.438398 
2459545.644305 0.000000 0.000000     0.000058     1.438398 
2459546.575603 0.000000 0.000000     0.000047     1.438398 
2459547.506900 0.000000 0.000000     0.000041     1.438398 
2459548.438198 0.000000 0.000000     0.000040     1.438398 
2459549.369496 0.000000 0.000000     0.000038     1.438398 
2459550.300794 0.000000 0.000000     0.000031     1.438398 
2459551.232092 0.000000 0.000000     0.000020     1.438398 
2459552.163390 0.000000 0.000000     0.000010     1.438398 
2459553.094688 0.000000 0.000000     0.000008     1.438398 
2459554.025985 0.000000 0.000000     0.000016     1.438398 
2459554.957283 0.000000 0.000000     0.000030     1.438398 
2459555.888581 0.000000 0.000000     0.000044     1.438398 
2459556.819879 0.000000 0.000000     0.000055     1.438398 
2459557.751177 0.000000 0.000000     0.000063     1.438398 
2459558.682475 0.000000 0.000000     0.000072     1.438398 
2459559.613773 0.000000 0.000000     0.000083     1.438398 
2459560.545070 0.000000 0.000000     0.000089     1.438398 
2459561.476368 0.000000 0.000000     0.000084     1.438398 
2459562.407666 0.000000 0.000000     0.000062     1.438398 
2459563.338964 0.000000 0.000000     0.000029     1.438398 
2459564.270262 0.000000 0.000000    -0.000002     1.438398 
2459565.201560 0.000000 0.000000    -0.000016     1.438398 
2459566.132857 0.000000 0.000000    -0.000005     1.438398 
2459567.064155 0.000000 0.000000     0.000023     1.438398 
2459567.995453 0.000000 0.000000     0.000055     1.438398 
2459568.926751 0.000000 0.000000     0.000075     1.438398 
2459569.858049 0.000000 0.000000     0.000077     1.438398 
2459570.789347 0.000000 0.000000     0.000066     1.438398 
2459571.720645 0.000000 0.000000     0.000055     1.438398 
2459572.651942 0.000000 0.000000     0.000050     1.438398 
2459573.583240 0.000000 0.000000     0.000051     1.438398 
2459574.514538 0.000000 0.000000     0.000052     1.438398 
2459575.445836 0.000000 0.000000     0.000047     1.438398 
2459576.377134 0.000000 0.000000     0.000035     1.438398 
2459577.308432 0.000000 0.000000     0.000023     1.438398 
2459578.239730 0.000000 0.000000     0.000020     1.438398 
2459579.171027 0.000000 0.000000     0.000031     1.438398 
2459580.102325 0.000000 0.000000     0.000054     1.438398 
2459581.033623 0.000000 0.000000     0.000082     1.438398 
2459581.964921 0.000000 0.000000     0.000107     1.438398 
2459582.896219 0.000000 0.000000     0.000125     1.438398 
2459583.827517 0.000000 0.000000     0.000136     1.438398 
2459584.758814 0.000000 0.000000     0.000138     1.438398 
2459585.690112 0.000000 0.000000     0.000131     1.438398 
2459586.621410 0.000000 0.000000     0.000111     1.438398 
2459587.552708 0.000000 0.000000     0.000081     1.438398 
2459588.484006 0.000000 0.000000     0.000046     1.438398 
2459589.415304 0.000000 0.000000     0.000016     1.438398 
2459590.346602 0.000000 0.000000     0.000002     1.438398 
2459591.277899 0.000000 0.000000     0.000005     1.438398 
2459592.209197 0.000000 0.000000     0.000021     1.438398 
2459593.140495 0.000000 0.000000     0.000038     1.438398 
2459594.071793 0.000000 0.000000     0.000047     1.438398 
2459595.003091 0.000000 0.000000     0.000044     1.438398 
2459595.934389 0.000000 0.000000     0.000037     1.438398 
2459596.865687 0.000000 0.000000     0.000031     1.438398 
2459597.796984 0.000000 0.000000     0.000034     1.438398 
2459598.728282 0.000000 0.000000     0.000043     1.438398 
2459599.659580 0.000000 0.000000     0.000052     1.438398 
2459600.590878 0.000000 0.000000     0.000055     1.438398 
2459601.522176 0.000000 0.000000     0.000049     1.438398 
2459602.453474 0.000000 0.000000     0.000039     1.438398 
2459603.384771 0.000000 0.000000     0.000036     1.438398 
2459604.316069 0.000000 0.000000     0.000048     1.438398 
2459605.247367 0.000000 0.000000     0.000080     1.438398 
2459606.178665 0.000000 0.000000     0.000125     1.438398 
2459607.109963 0.000000 0.000000     0.000170     1.438398 
2459608.041261 0.000000 0.000000     0.000203     1.438398 
2459608.972559 0.000000 0.000000     0.000211     1.438398 
2459609.903856 0.000000 0.000000     0.000193     1.438398 
2459610.835154 0.000000 0.000000     0.000156     1.438398 
2459611.766452 0.000000 0.000000     0.000114     1.438398 
2459612.697750 0.000000 0.000000     0.000078     1.438398 
2459613.629048 0.000000 0.000000     0.000055     1.438398 
2459614.560346 0.000000 0.000000     0.000041     1.438398 
2459615.491644 0.000000 0.000000     0.000032     1.438398 
2459616.422941 0.000000 0.000000     0.000019     1.438398 
2459617.354239 0.000000 0.000000     0.000002     1.438398 
2459618.285537 0.000000 0.000000    -0.000016     1.438398 
2459619.216835 0.000000 0.000000    -0.000031     1.438398 
2459620.148133 0.000000 0.000000    -0.000039     1.438398 
2459621.079431 0.000000 0.000000    -0.000037     1.438398 
2459622.010729 0.000000 0.000000    -0.000028     1.438398 
2459622.942026 0.000000 0.000000    -0.000012     1.438398 
2459623.873324 0.000000 0.000000     0.000008     1.438398 
2459624.804622 0.000000 0.000000     0.000030     1.438398 
2459625.735920 0.000000 0.000000     0.000047     1.438398 
2459626.667218 0.000000 0.000000     0.000055     1.438398 
2459627.598516 0.000000 0.000000     0.000054     1.438398 
2459628.529813 0.000000 0.000000     0.000052     1.438398 
2459629.461111 0.000000 0.000000     0.000063     1.438398 
2459630.392409 0.000000 0.000000     0.000099     1.438398 
2459631.323707 0.000000 0.000000     0.000158     1.438398 
2459632.255005 0.000000 0.000000     0.000223     1.438398 
2459633.186303 0.000000 0.000000     0.000268     1.438398 
2459634.117601 0.000000 0.000000     0.000269     1.438398 
2459635.048898 0.000000 0.000000     0.000226     1.438398 
2459635.980196 0.000000 0.000000     0.000157     1.438398 
2459636.911494 0.000000 0.000000     0.000093     1.438398 
2459637.842792 0.000000 0.000000     0.000056     1.438398 
2459638.774090 0.000000 0.000000     0.000048     1.438398 
2459639.705388 0.000000 0.000000     0.000052     1.438398 
2459640.636686 0.000000 0.000000     0.000044     1.438398 
2459641.567983 0.000000 0.000000     0.000012     1.438398 
2459642.499281 0.000000 0.000000    -0.000035     1.438398 
2459643.430579 0.000000 0.000000    -0.000079     1.438398 
2459644.361877 0.000000 0.000000    -0.000105     1.438398 
2459645.293175 0.000000 0.000000    -0.000106     1.438398 
2459646.224473 0.000000 0.000000    -0.000092     1.438398 
2459647.155770 0.000000 0.000000    -0.000071     1.438398 
2459648.087068 0.000000 0.000000    -0.000048     1.438398 
2459649.018366 0.000000 0.000000    -0.000021     1.438398 
2459649.949664 0.000000 0.000000     0.000010     1.438398 
2459650.880962 0.000000 0.000000     0.000039     1.438398 
2459651.812260 0.000000 0.000000     0.000057     1.438398 
2459652.743558 0.000000 0.000000     0.000060     1.438398 
2459653.674855 0.000000 0.000000     0.000056     1.438398 
2459654.606153 0.000000 0.000000     0.000066     1.438398 
2459655.537451 0.000000 0.000000     0.000105     1.438398 
2459656.468749 0.000000 0.000000     0.000173     1.438398 
2459657.400047 0.000000 0.000000     0.000244     1.438398 
2459658.331345 0.000000 0.000000     0.000288     1.438398 
2459659.262643 0.000000 0.000000     0.000285     1.438398 
2459660.193940 0.000000 0.000000     0.000240     1.438398 
2459661.125238 0.000000 0.000000     0.000177     1.438398 
2459662.056536 0.000000 0.000000     0.000122     1.438398 
2459662.987834 0.000000 0.000000     0.000083     1.438398 
2459663.919132 0.000000 0.000000     0.000050     1.438398 
2459664.850430 0.000000 0.000000     0.000010     1.438398 
2459665.781727 0.000000 0.000000    -0.000036     1.438398 
2459666.713025 0.000000 0.000000    -0.000073     1.438398 
2459667.644323 0.000000 0.000000    -0.000078     1.438398 
2459668.575621 0.000000 0.000000    -0.000044     1.438398 
2459669.506919 0.000000 0.000000     0.000011     1.438398 
2459670.438217 0.000000 0.000000     0.000057     1.438398 
2459671.369515 0.000000 0.000000     0.000074     1.438398 
2459672.300812 0.000000 0.000000     0.000067     1.438398 
2459673.232110 0.000000 0.000000     0.000059     1.438398 
2459674.163408 0.000000 0.000000     0.000067     1.438398 
2459675.094706 0.000000 0.000000     0.000090     1.438398 
2459676.026004 0.000000 0.000000     0.000104     1.438398 
2459676.957302 0.000000 0.000000     0.000093     1.438398 
2459677.888600 0.000000 0.000000     0.000061     1.438398 
2459678.819897 0.000000 0.000000     0.000040     1.438398 
2459679.751195 0.000000 0.000000     0.000059     1.438398 
2459680.682493 0.000000 0.000000     0.000124     1.438398 
2459681.613791 0.000000 0.000000     0.000205     1.438398 
2459682.545089 0.000000 0.000000     0.000265     1.438398 
2459683.476387 0.000000 0.000000     0.000289     1.438398 
2459684.407685 0.000000 0.000000     0.000301     1.438398 
2459685.338982 0.000000 0.000000     0.000333     1.438398 
2459686.270280 0.000000 0.000000     0.000389     1.438398 
2459687.201578 0.000000 0.000000     0.000419     1.438398 
2459688.132876 0.000000 0.000000     0.000353     1.438398 
2459689.064174 0.000000 0.000000     0.000158     1.438398 
2459689.995472 0.000000 0.000000    -0.000109     1.438398 
2459690.926769 0.000000 0.000000    -0.000314     1.438398 
2459691.858067 0.000000 0.000000    -0.000322     1.438398 
2459692.789365 0.000000 0.000000    -0.000090     1.438398 
2459693.720663 0.000000 0.000000     0.000290     1.438398 
2459694.651961 0.000000 0.000000     0.000648     1.438398 
2459695.583259 0.000000 0.000000     0.000836     1.438398 
2459696.514557 0.000000 0.000000     0.000821     1.438398 
2459697.445854 0.000000 0.000000     0.000685     1.438398 
2459698.377152 0.000000 0.000000     0.000554     1.438398 
2459699.308450 0.000000 0.000000     0.000493     1.438398 
2459700.239748 0.000000 0.000000     0.000471     1.438398 
2459701.171046 0.000000 0.000000     0.000409     1.438398 
2459702.102344 0.000000 0.000000     0.000269     1.438398 
2459703.033642 0.000000 0.000000     0.000105     1.438398 
2459703.964939 0.000000 0.000000     0.000020     1.438398 
2459704.896237 0.000000 0.000000     0.000079     1.438398 
2459705.827535 0.000000 0.000000     0.000242     1.438398 
2459706.758833 0.000000 0.000000     0.000396     1.438398 
2459707.690131 0.000000 0.000000     0.000460     1.438398 
2459708.621429 0.000000 0.000000     0.000467     1.438398 
2459709.552726 0.000000 0.000000     0.000547     1.438398 
2459710.484024 0.000000 0.000000     0.000799     1.438398 
2459711.415322 0.000000 0.000000     0.001158     1.438398 
2459712.346620 0.000000 0.000000     0.001385     1.438397 
2459713.277918 0.000000 0.000000     0.001217     1.438397 
2459714.209216 0.000000 0.000000     0.000586     1.438397 
2459715.140514 0.000000 0.000000    -0.000259     1.438397 
2459716.071811 0.000000 0.000000    -0.000851     1.438397 
2459717.003109 0.000000 0.000000    -0.000791     1.438397 
2459717.934407 0.000000 0.000000    -0.000013     1.438397 
2459718.865705 0.000000 0.000000     0.001151     1.438397 
2459719.797003 0.000000 0.000000     0.002170     1.438397 
2459720.728301 0.000000 0.000000     0.002643     1.438397 
2459721.659599 0.000000 0.000000     0.002525     1.438397 
2459722.590896 0.000000 0.000000     0.002096     1.438397 
2459723.522194 0.000000 0.000000     0.001705     1.438397 
2459724.453492 0.000000 0.000000     0.001511     1.438397 
2459725.384790 0.000000 0.000000     0.001411     1.438397 
2459726.316088 0.000000 0.000000     0.001191     1.438397 
2459727.247386 0.000000 0.000000     0.000772     1.438398 
2459728.178683 0.000000 0.000000     0.000310     1.438398 
2459729.109981 0.000000 0.000000     0.000077     1.438398 
2459730.041279 0.000000 0.000000     0.000223     1.438398 
2459730.972577 0.000000 0.000000     0.000638     1.438398 
2459731.903875 0.000000 0.000000     0.001042     1.438398 
2459732.835173 0.000000 0.000000     0.001242     1.438398 
2459733.766471 0.000000 0.000000     0.001323     1.438398 
2459734.697768 0.000000 0.000000     0.001576     1.438398 
2459735.629066 0.000000 0.000000     0.002202     1.438397 
2459736.560364 0.000000 0.000000     0.003026     1.438397 
2459737.491662 0.000000 0.000000     0.003500     1.438396 
2459738.422960 0.000000 0.000000     0.003064     1.438395 
2459739.354258 0.000000 0.000000     0.001621     1.438395 
2459740.285556 0.000000 0.000000    -0.000244     1.438394 
2459741.216853 0.000000 0.000000    -0.001521     1.438395 
2459742.148151 0.000000 0.000000    -0.001393     1.438395 
2459743.079449 0.000000 0.000000     0.000223     1.438394 
2459744.010747 0.000000 0.000000     0.002589     1.438394 
2459744.942045 0.000000 0.000000     0.004601     1.438394 
2459745.873343 0.000000 0.000000     0.005475     1.438394 
2459746.804641 0.000000 0.000000     0.005171     1.438394 
2459747.735938 0.000000 0.000000     0.004287     1.438394 
2459748.667236 0.000000 0.000000     0.003528     1.438394 
2459749.598534 0.000000 0.000000     0.003188     1.438395 
2459750.529832 0.000000 0.000000     0.003032     1.438395 
2459751.461130 0.000000 0.000000     0.002624     1.438395 
2459752.392428 0.000000 0.000000     0.001802     1.438396 
2459753.323725 0.000000 0.000000     0.000873     1.438397 
2459754.255023 0.000000 0.000000     0.000387     1.438397 
2459755.186321 0.000000 0.000000     0.000672     1.438397 
2459756.117619 0.000000 0.000000     0.001564     1.438397 
2459757.048917 0.000000 0.000000     0.002557     1.438397 
2459757.980215 0.000000 0.000000     0.003250     1.438397 
2459758.911513 0.000000 0.000000     0.003690     1.438397 
2459759.842810 0.000000 0.000000     0.004278     1.438397 
2459760.774108 0.000000 0.000000     0.005303     1.438396 
2459761.705406 0.000000 0.000000     0.006481     1.438394 
2459762.636704 0.000000 0.000000     0.006981     1.438391 
2459763.568002 0.000000 0.000000     0.005987     1.438389 
2459764.499300 0.000000 0.000000     0.003431     1.438388 
2459765.430598 0.000000 0.000000     0.000294     1.438387 
2459766.361895 0.000000 0.000000    -0.001839     1.438388 
2459767.293193 0.000000 0.000000    -0.001738     1.438388 
2459768.224491 0.000000 0.000000     0.000657     1.438387 
2459769.155789 0.000000 0.000000     0.004157     1.438387 
2459770.087087 0.000000 0.000000     0.007076     1.438387 
2459771.018385 0.000000 0.000000     0.008261     1.438387 
2459771.949682 0.000000 0.000000     0.007718     1.438387 
2459772.880980 0.000000 0.000000     0.006394     1.438387 
2459773.812278 0.000000 0.000000     0.005355     1.438388 
2459774.743576 0.000000 0.000000     0.005017     1.438388 
2459775.674874 0.000000 0.000000     0.004977     1.438389 
2459776.606172 0.000000 0.000000     0.004530     1.438390 
2459777.537470 0.000000 0.000000     0.003386     1.438392 
2459778.468767 0.000000 0.000000     0.001988     1.438394 
2459779.400065 0.000000 0.000000     0.001201     1.438395 
2459780.331363 0.000000 0.000000     0.001639     1.438396 
2459781.262661 0.000000 0.000000     0.003218     1.438396 
2459782.193959 0.000000 0.000000     0.005266     1.438396 
2459783.125257 0.000000 0.000000     0.007087     1.438396 
2459784.056555 0.000000 0.000000     0.008442     1.438396 
2459784.987852 0.000000 0.000000     0.009559     1.438395 
2459785.919150 0.000000 0.000000     0.010660     1.438392 
2459786.850448 0.000000 0.000000     0.011476     1.438388 
2459787.781746 0.000000 0.000000     0.011241     1.438383 
2459788.713044 0.000000 0.000000     0.009271     1.438380 
2459789.644342 0.000000 0.000000     0.005691     1.438378 
2459790.575639 0.000000 0.000000     0.001694     1.438377 
2459791.506937 0.000000 0.000000    -0.000993     1.438377 
2459792.438235 0.000000 0.000000    -0.001131     1.438377 
2459793.369533 0.000000 0.000000     0.001216     1.438377 
2459794.300831 0.000000 0.000000     0.004691     1.438377 
2459795.232129 0.000000 0.000000     0.007491     1.438377 
2459796.163427 0.000000 0.000000     0.008472     1.438377 
2459797.094724 0.000000 0.000000     0.007745     1.438377 
2459798.026022 0.000000 0.000000     0.006394     1.438377 
2459798.957320 0.000000 0.000000     0.005566     1.438378 
2459799.888618 0.000000 0.000000     0.005650     1.438378 
2459800.819916 0.000000 0.000000     0.006118     1.438380 
2459801.751214 0.000000 0.000000     0.006088     1.438382 
2459802.682512 0.000000 0.000000     0.005122     1.438385 
2459803.613809 0.000000 0.000000     0.003644     1.438388 
2459804.545107 0.000000 0.000000     0.002693     1.438389 
2459805.476405 0.000000 0.000000     0.003226     1.438390 
2459806.407703 0.000000 0.000000     0.005514     1.438390 
2459807.339001 0.000000 0.000000     0.009012     1.438390 
2459808.270299 0.000000 0.000000     0.012726     1.438390 
2459809.201597 0.000000 0.000000     0.015740     1.438390 
2459810.132894 0.000000 0.000000     0.017521     1.438389 
2459811.064192 0.000000 0.000000     0.017900     1.438387 
2459811.995490 0.000000 0.000000     0.016879     1.438382 
2459812.926788 0.000000 0.000000     0.014542     1.438377 
2459813.858086 0.000000 0.000000     0.011153     1.438373 
2459814.789384 0.000000 0.000000     0.007299     1.438371 
2459815.720681 0.000000 0.000000     0.003841     1.438371 
2459816.651979 0.000000 0.000000     0.001601     1.438371 
2459817.583277 0.000000 0.000000     0.000944     1.438371 
2459818.514575 0.000000 0.000000     0.001557     1.438371 
2459819.445873 0.000000 0.000000     0.002615     1.438371 
2459820.377171 0.000000 0.000000     0.003269     1.438371 
2459821.308469 0.000000 0.000000     0.003136     1.438371 
2459822.239766 0.000000 0.000000     0.002482     1.438371 
2459823.171064 0.000000 0.000000     0.001988     1.438371 
2459824.102362 0.000000 0.000000     0.002257     1.438372 
2459825.033660 0.000000 0.000000     0.003391     1.438372 
2459825.964958 0.000000 0.000000     0.004900     1.438373 
2459826.896256 0.000000 0.000000     0.006001     1.438374 
2459827.827554 0.000000 0.000000     0.006136     1.438376 
2459828.758851 0.000000 0.000000     0.005408     1.438378 
2459829.690149 0.000000 0.000000     0.004668     1.438380 
2459830.621447 0.000000 0.000000     0.005164     1.438380 
2459831.552745 0.000000 0.000000     0.007866     1.438380 
2459832.484043 0.000000 0.000000     0.012817     1.438380 
2459833.415341 0.000000 0.000000     0.018870     1.438380 
2459834.346638 0.000000 0.000000     0.024045     1.438380 
2459835.277936 0.000000 0.000000     0.026409     1.438380 
2459836.209234 0.000000 0.000000     0.025054     1.438379 
2459837.140532 0.000000 0.000000     0.020592     1.438377 
2459838.071830 0.000000 0.000000     0.014852     1.438374 
2459839.003128 0.000000 0.000000     0.009890     1.438372 
2459839.934426 0.000000 0.000000     0.006896     1.438371 
2459840.865723 0.000000 0.000000     0.005669     1.438371 
2459841.797021 0.000000 0.000000     0.004976     1.438371 
2459842.728319 0.000000 0.000000     0.003505     1.438371 
2459843.659617 0.000000 0.000000     0.000768     1.438371 
2459844.590915 0.000000 0.000000    -0.002665     1.438371 
2459845.522213 0.000000 0.000000    -0.005653     1.438371 
2459846.453511 0.000000 0.000000    -0.007277     1.438371 
2459847.384808 0.000000 0.000000    -0.007310     1.438371 
2459848.316106 0.000000 0.000000    -0.006102     1.438371 
2459849.247404 0.000000 0.000000    -0.004121     1.438371 
2459850.178702 0.000000 0.000000    -0.001634     1.438371 
2459851.110000 0.000000 0.000000     0.001180     1.438371 
2459852.041298 0.000000 0.000000     0.003912     1.438371 
2459852.972596 0.000000 0.000000     0.005866     1.438371 
2459853.903893 0.000000 0.000000     0.006535     1.438371 
2459854.835191 0.000000 0.000000     0.006294     1.438371 
2459855.766489 0.000000 0.000000     0.006609     1.438371 
2459856.697787 0.000000 0.000000     0.009317     1.438371 
2459857.629085 0.000000 0.000000     0.015245     1.438371 
2459858.560383 0.000000 0.000000     0.023158     1.438372 
2459859.491680 0.000000 0.000000     0.029989     1.438372 
2459860.422978 0.000000 0.000000     0.032477     1.438372 
2459861.354276 0.000000 0.000000     0.029207     1.438372 
2459862.285574 0.000000 0.000000     0.021637     1.438373 
2459863.216872 0.000000 0.000000     0.013262     1.438373 
2459864.148170 0.000000 0.000000     0.007429     1.438373 
2459865.079468 0.000000 0.000000     0.005291     1.438374 
2459866.010765 0.000000 0.000000     0.005355     1.438375 
2459866.942063 0.000000 0.000000     0.004876     1.438375 
2459867.873361 0.000000 0.000000     0.001986     1.438375 
2459868.804659 0.000000 0.000000    -0.003024     1.438375 
2459869.735957 0.000000 0.000000    -0.008139     1.438374 
2459870.667255 0.000000 0.000000    -0.011259     1.438374 
2459871.598553 0.000000 0.000000    -0.011649     1.438374 
2459872.529850 0.000000 0.000000    -0.010110     1.438374 
2459873.461148 0.000000 0.000000    -0.007934     1.438374 
2459874.392446 0.000000 0.000000    -0.005726     1.438374 
2459875.323744 0.000000 0.000000    -0.003174     1.438374 
2459876.255042 0.000000 0.000000     0.000126     1.438374 
2459877.186340 0.000000 0.000000     0.003732     1.438374 
2459878.117637 0.000000 0.000000     0.006368     1.438374 
2459879.048935 0.000000 0.000000     0.007051     1.438374 
2459879.980233 0.000000 0.000000     0.006340     1.438374 
2459880.911531 0.000000 0.000000     0.006407     1.438374 
2459881.842829 0.000000 0.000000     0.009583     1.438374 
2459882.774127 0.000000 0.000000     0.016396     1.438374 
2459883.705425 0.000000 0.000000     0.024769     1.438374 
2459884.636722 0.000000 0.000000     0.031198     1.438374 
2459885.568020 0.000000 0.000000     0.033116     1.438373 
2459886.499318 0.000000 0.000000     0.030543     1.438370 
2459887.430616 0.000000 0.000000     0.025676     1.438360 
2459888.361914 0.000000 0.000000     0.020767     1.438344 
2459889.293212 0.000000 0.000000     0.016189     1.438324 
2459890.224510 0.000000 0.000000     0.010471     1.438305 
2459891.155807 0.000000 0.000000     0.002379     1.438294 
2459892.087105 0.000000 0.000000    -0.006837     1.438292 
2459893.018403 0.000000 0.000000    -0.013252     1.438294 
2459893.949701 0.000000 0.000000    -0.012745     1.438295 
2459894.880999 0.000000 0.000000    -0.004345     1.438292 
2459895.812297 0.000000 0.000000     0.008375     1.438288 
2459896.743594 0.000000 0.000000     0.019305     1.438287 
2459897.674892 0.000000 0.000000     0.023895     1.438288 
2459898.606190 0.000000 0.000000     0.022153     1.438289 
2459899.537488 0.000000 0.000000     0.018084     1.438291 
2459900.468786 0.000000 0.000000     0.016036     1.438293 
2459901.400084 0.000000 0.000000     0.017033     1.438298 
2459902.331382 0.000000 0.000000     0.018258     1.438308 
2459903.262679 0.000000 0.000000     0.016152     1.438325 
2459904.193977 0.000000 0.000000     0.010342     1.438346 
2459905.125275 0.000000 0.000000     0.004725     1.438364 
2459906.056573 0.000000 0.000000     0.004477     1.438374 
2459906.987871 0.000000 0.000000     0.011449     1.438376 
2459907.919169 0.000000 0.000000     0.022201     1.438375 
2459908.850467 0.000000 0.000000     0.030831     1.438373 
2459909.781764 0.000000 0.000000     0.034395     1.438367 
2459910.713062 0.000000 0.000000     0.035938     1.438336 
2459911.644360 0.000000 0.000000     0.041681     1.438231 
2459912.575658 0.000000 0.000000     0.054046     1.437981 
2459913.506956 0.000000 0.000000     0.066577     1.437568 
2459914.438254 0.000000 0.000000     0.066335     1.437080 
2459915.369552 0.000000 0.000000     0.043637     1.436677 
2459916.300849 0.000000 0.000000     0.002241     1.436483 
2459917.232147 0.000000 0.000000    -0.038739     1.436485 
2459918.163445 0.000000 0.000000    -0.054643     1.436549 
2459919.094743 0.000000 0.000000    -0.031174     1.436540 
2459920.026041 0.000000 0.000000     0.024862     1.436447 
2459920.957339 0.000000 0.000000     0.088482     1.436365 
2459921.888636 0.000000 0.000000     0.131878     1.436355 
2459922.819934 0.000000 0.000000     0.141468     1.436382 
2459923.751232 0.000000 0.000000     0.124392     1.436406 
2459924.682530 0.000000 0.000000     0.100143     1.436433 
2459925.613828 0.000000 0.000000     0.084483     1.436491 
2459926.545126 0.000000 0.000000     0.078563     1.436616 
2459927.476424 0.000000 0.000000     0.071530     1.436864 
2459928.407721 0.000000 0.000000     0.053465     1.437258 
2459929.339019 0.000000 0.000000     0.026815     1.437710 
2459930.270317 0.000000 0.000000     0.005922     1.438064 
2459931.201615 0.000000 0.000000     0.004817     1.438237 
2459932.132913 0.000000 0.000000     0.024210     1.438282 
2459933.064211 0.000000 0.000000     0.050001     1.438282 
2459933.995509 0.000000 0.000000     0.065763     1.438267 
2459934.926806 0.000000 0.000000     0.068728     1.438207 
2459935.858104 0.000000 0.000000     0.074080     1.437924 
2459936.789402 0.000000 0.000000     0.101334     1.436959 
2459937.720700 0.000000 0.000000     0.152469     1.434773 
2459938.651998 0.000000 0.000000     0.201086     1.431361 
2459939.583296 0.000000 0.000000     0.205551     1.427575 
2459940.514593 0.000000 0.000000     0.140246     1.424658 
2459941.445891 0.000000 0.000000     0.022220     1.423368 
2459942.377189 0.000000 0.000000    -0.089653     1.423460 
2459943.308487 0.000000 0.000000    -0.127196     1.423907 
2459944.239785 0.000000 0.000000    -0.056921     1.423796 
2459945.171083 0.000000 0.000000     0.095671     1.423130 
2459946.102381 0.000000 0.000000     0.260233     1.422592 
2459947.033678 0.000000 0.000000     0.365380     1.422554 
2459947.964976 0.000000 0.000000     0.381397     1.422761 
2459948.896274 0.000000 0.000000     0.331928     1.422947 
2459949.827572 0.000000 0.000000     0.268324     1.423190 
2459950.758870 0.000000 0.000000     0.228433     1.423676 
2459951.690168 0.000000 0.000000     0.212257     1.424675 
2459952.621466 0.000000 0.000000     0.191765     1.426639 
2459953.552763 0.000000 0.000000     0.143704     1.429694 
2459954.484061 0.000000 0.000000     0.075792     1.433091 
2459955.415359 0.000000 0.000000     0.023345     1.435668 
2459956.346657 0.000000 0.000000     0.019574     1.436915 
2459957.277955 0.000000 0.000000     0.066180     1.437245 
2459958.209253 0.000000 0.000000     0.131240     1.437270 
2459959.140550 0.000000 0.000000     0.177682     1.437220 
2459960.071848 0.000000 0.000000     0.197675     1.436952 
2459961.003146 0.000000 0.000000     0.220711     1.435597 
2459961.934444 0.000000 0.000000     0.284262     1.430946 
2459962.865742 0.000000 0.000000     0.389438     1.420569 
2459963.797040 0.000000 0.000000     0.481431     1.404732 
2459964.728338 0.000000 0.000000     0.478669     1.387709 
2459965.659635 0.000000 0.000000     0.335536     1.375152 
2459966.590933 0.000000 0.000000     0.091956     1.369881 
2459967.522231 0.000000 0.000000    -0.133281     1.370235 
2459968.453529 0.000000 0.000000    -0.209277     1.371902 
2459969.384827 0.000000 0.000000    -0.077198     1.371440 
2459970.316125 0.000000 0.000000     0.207914     1.368922 
2459971.247423 0.000000 0.000000     0.509648     1.366932 
2459972.178720 0.000000 0.000000     0.695627     1.366869 
2459973.110018 0.000000 0.000000     0.715790     1.367770 
2459974.041316 0.000000 0.000000     0.619522     1.368705 
2459974.972614 0.000000 0.000000     0.504077     1.369989 
2459975.903912 0.000000 0.000000     0.437700     1.372275 
2459976.835210 0.000000 0.000000     0.416935     1.376756 
2459977.766508 0.000000 0.000000     0.387194     1.385451 
2459978.697805 0.000000 0.000000     0.303865     1.398677 
2459979.629103 0.000000 0.000000     0.180047     1.412911 
2459980.560401 0.000000 0.000000     0.080912     1.423402 
2459981.491699 0.000000 0.000000     0.071181     1.428410 
2459982.422997 0.000000 0.000000     0.162061     1.429765 
2459983.354295 0.000000 0.000000     0.303759     1.429925 
2459984.285592 0.000000 0.000000     0.429755     1.429861 
2459985.216890 0.000000 0.000000     0.513248     1.429194 
2459986.148188 0.000000 0.000000     0.584319     1.425318 
2459987.079486 0.000000 0.000000     0.689826     1.411582 
2459988.010784 0.000000 0.000000     0.829687     1.380400 
2459988.942082 0.000000 0.000000     0.928782     1.331662 
2459989.873380 0.000000 0.000000     0.878763     1.277971 
2459990.804677 0.000000 0.000000     0.626137     1.238207 
2459991.735975 0.000000 0.000000     0.238737     1.221830 
2459992.667273 0.000000 0.000000    -0.109140     1.222234 
2459993.598571 0.000000 0.000000    -0.234369     1.226246 
2459994.529869 0.000000 0.000000    -0.061915     1.225033 
2459995.461167 0.000000 0.000000     0.322512     1.218811 
2459996.392465 0.000000 0.000000     0.724485     1.213953 
2459997.323762 0.000000 0.000000     0.962719     1.214084 
2459998.255060 0.000000 0.000000     0.975334     1.216949 
2459999.186358 0.000000 0.000000     0.838104     1.220497 
2460000.117656 0.000000 0.000000     0.688669     1.225518 
2460001.048954 0.000000 0.000000     0.619325     1.233359 
2460001.980252 0.000000 0.000000     0.619713     1.247630 
2460002.911549 0.000000 0.000000     0.607117     1.274370 
2460003.842847 0.000000 0.000000     0.512232     1.312931 
2460004.774145 0.000000 0.000000     0.347641     1.351822 
2460005.705443 0.000000 0.000000     0.204905     1.379018 
2460006.636741 0.000000 0.000000     0.186457     1.391694 
2460007.568039 0.000000 0.000000     0.330210     1.395173 
2460008.499337 0.000000 0.000000     0.586899     1.395679 
2460009.430634 0.000000 0.000000     0.863493     1.395811 
2460010.361932 0.000000 0.000000     1.091120     1.395028 
2460011.293230 0.000000 0.000000     1.258734     1.388244 
2460012.224528 0.000000 0.000000     1.387391     1.362417 
2460013.155826 0.000000 0.000000     1.474477     1.301210 
2460014.087124 0.000000 0.000000     1.465324     1.198390 
2460015.018422 0.000000 0.000000     1.286474     1.070990 
2460015.949719 0.000000 0.000000     0.919307     0.963039 
2460016.881017 0.000000 0.000000     0.451836     0.914220 
2460017.812315 0.000000 0.000000     0.056437     0.910691 
2460018.743613 0.000000 0.000000    -0.103098     0.916237 
2460019.674911 0.000000 0.000000     0.026064     0.913843 
2460020.606209 0.000000 0.000000     0.348455     0.904065 
2460021.537506 0.000000 0.000000     0.678394     0.896931 
2460022.468804 0.000000 0.000000     0.855216     0.898889 
2460023.400102 0.000000 0.000000     0.836078     0.907145 
2460024.331400 0.000000 0.000000     0.704224     0.919836 
2460025.262698 0.000000 0.000000     0.592811     0.937823 
2460026.193996 0.000000 0.000000     0.584101     0.961199 
2460027.125294 0.000000 0.000000     0.657275     0.998083 
2460028.056591 0.000000 0.000000     0.717952     1.060610 
2460028.987889 0.000000 0.000000     0.681404     1.140296 
2460029.919187 0.000000 0.000000     0.545306     1.211678 
2460030.850485 0.000000 0.000000     0.400478     1.257762 
2460031.781783 0.000000 0.000000     0.375831     1.278597 
2460032.713081 0.000000 0.000000     0.558812     1.284425 
2460033.644379 0.000000 0.000000     0.943943     1.285361 
2460034.575676 0.000000 0.000000     1.436629     1.286209 
2460035.506974 0.000000 0.000000     1.900859     1.286924 
2460036.438272 0.000000 0.000000     2.216439     1.280810 
2460037.369570 0.000000 0.000000     2.315746     1.251584 
2460038.300868 0.000000 0.000000     2.191377     1.178939 
2460039.232166 0.000000 0.000000     1.884558     1.050283 
2460040.163464 0.000000 0.000000     1.467783     0.869790 
2460041.094761 0.000000 0.000000     1.027362     0.666253 
2460042.026059 0.000000 0.000000     0.644362     0.512032 
2460042.957357 0.000000 0.000000     0.373756     0.468875 
2460043.888655 0.000000 0.000000     0.228457     0.463295 
2460044.819953 0.000000 0.000000     0.178158     0.460922 
2460045.751251 0.000000 0.000000     0.167169     0.464251 
2460046.682548 0.000000 0.000000     0.144042     0.470609 
2460047.613846 0.000000 0.000000     0.087864     0.482324 
2460048.545144 0.000000 0.000000     0.017488     0.503910 
2460049.476442 0.000000 0.000000    -0.020655     0.540330 
2460050.407740 0.000000 0.000000     0.020188     0.586027 
2460051.339038 0.000000 0.000000     0.157655     0.631642 
2460052.270336 0.000000 0.000000     0.362824     0.688615 
2460053.201633 0.000000 0.000000     0.565880     0.771725 
2460054.132931 0.000000 0.000000     0.688325     0.864233 
2460055.064229 0.000000 0.000000     0.691959     0.938822 
2460055.995527 0.000000 0.000000     0.619888     0.984435 
2460056.926825 0.000000 0.000000     0.598472     1.005615 
2460057.858123 0.000000 0.000000     0.782933     1.012227 
2460058.789421 0.000000 0.000000     1.263082     1.013117 
2460059.720718 0.000000 0.000000     1.980884     1.015879 
2460060.652016 0.000000 0.000000     2.720191     1.023332 
2460061.583314 0.000000 0.000000     3.194559     1.027807 
2460062.514612 0.000000 0.000000     3.196078     1.015900 
2460063.445910 0.000000 0.000000     2.718134     0.977762 
2460064.377208 0.000000 0.000000     1.968867     0.908799 
2460065.308505 0.000000 0.000000     1.256500     0.808863 
2460066.239803 0.000000 0.000000     0.813184     0.695904 
2460067.171101 0.000000 0.000000     0.669697     0.640820 
2460068.102399 0.000000 0.000000     0.662202     0.681203 
2460069.033697 0.000000 0.000000     0.562458     0.722956 
2460069.964995 0.000000 0.000000     0.238351     0.710387 
2460070.896293 0.000000 0.000000    -0.265379     0.648403 
2460071.827590 0.000000 0.000000    -0.773358     0.587661 
2460072.758888 0.000000 0.000000    -1.105989     0.579724 
2460073.690186 0.000000 0.000000    -1.186575     0.583869 
2460074.621484 0.000000 0.000000    -1.056758     0.554487 
2460075.552782 0.000000 0.000000    -0.808401     0.504798 
2460076.484080 0.000000 0.000000    -0.505326     0.477089 
2460077.415378 0.000000 0.000000    -0.164738     0.474898 
2460078.346675 0.000000 0.000000     0.197575     0.477659 
2460079.277973 0.000000 0.000000     0.520517     0.488674 
2460080.209271 0.000000 0.000000     0.716203     0.507699 
2460081.140569 0.000000 0.000000     0.755360     0.530164 
2460082.071867 0.000000 0.000000     0.743917     0.555213 
2460083.003165 0.000000 0.000000     0.899789     0.569979 
2460083.934462 0.000000 0.000000     1.410937     0.569077 
2460084.865760 0.000000 0.000000     2.262954     0.583129 
2460085.797058 0.000000 0.000000     3.175251     0.631364 
2460086.728356 0.000000 0.000000     3.724829     0.682037 
2460087.659654 0.000000 0.000000     3.599710     0.724988 
2460088.590952 0.000000 0.000000     2.813582     0.782578 
2460089.522250 0.000000 0.000000     1.721734     0.850628 
2460090.453547 0.000000 0.000000     0.810922     0.899248 
2460091.384845 0.000000 0.000000     0.398708     0.923851 
2460092.316143 0.000000 0.000000     0.447920     0.951920 
2460093.247441 0.000000 0.000000     0.622485     0.995125 
2460094.178739 0.000000 0.000000     0.538617     1.023323 
2460095.110037 0.000000 0.000000     0.028758     1.009196 
2460096.041335 0.000000 0.000000    -0.764018     0.962667 
2460096.972632 0.000000 0.000000    -1.510422     0.926186 
2460097.903930 0.000000 0.000000    -1.927063     0.922954 
2460098.835228 0.000000 0.000000    -1.939560     0.926100 
2460099.766526 0.000000 0.000000    -1.672490     0.914212 
2460100.697824 0.000000 0.000000    -1.306235     0.898072 
2460101.629122 0.000000 0.000000    -0.937428     0.894293 
2460102.560420 0.000000 0.000000    -0.555243     0.903593 
2460103.491717 0.000000 0.000000    -0.129847     0.921958 
2460104.423015 0.000000 0.000000     0.293283     0.947429 
2460105.354313 0.000000 0.000000     0.599561     0.973221 
2460106.285611 0.000000 0.000000     0.717527     0.991992 
2460107.216909 0.000000 0.000000     0.731852     1.002580 
2460108.148207 0.000000 0.000000     0.873008     1.006789 
2460109.079504 0.000000 0.000000     1.357002     1.007010 
2460110.010802 0.000000 0.000000     2.184608     1.008920 
2460110.942100 0.000000 0.000000     3.066968     1.016708 
2460111.873398 0.000000 0.000000     3.564969     1.026404 
2460112.804696 0.000000 0.000000     3.367125     1.037040 
2460113.735994 0.000000 0.000000     2.512040     1.061431 
2460114.667292 0.000000 0.000000     1.386255     1.106735 
2460115.598589 0.000000 0.000000     0.485746     1.157076 
2460116.529887 0.000000 0.000000     0.102992     1.195659 
2460117.461185 0.000000 0.000000     0.158411     1.222734 
2460118.392483 0.000000 0.000000     0.290096     1.242663 
2460119.323781 0.000000 0.000000     0.128265     1.248235 
2460120.255079 0.000000 0.000000    -0.447699     1.230880 
2460121.186377 0.000000 0.000000    -1.247095     1.199803 
2460122.117674 0.000000 0.000000    -1.925221     1.178098 
2460123.048972 0.000000 0.000000    -2.224935     1.174432 
2460123.980270 0.000000 0.000000    -2.121016     1.175578 
2460124.911568 0.000000 0.000000    -1.779576     1.171973 
2460125.842866 0.000000 0.000000    -1.394893     1.167620 
2460126.774164 0.000000 0.000000    -1.050709     1.168067 
2460127.705461 0.000000 0.000000    -0.711192     1.174115 
2460128.636759 0.000000 0.000000    -0.323211     1.185962 
2460129.568057 0.000000 0.000000     0.084257     1.202840 
2460130.499355 0.000000 0.000000     0.406073     1.219977 
2460131.430653 0.000000 0.000000     0.569859     1.232155 
2460132.361951 0.000000 0.000000     0.642302     1.238294 
2460133.293249 0.000000 0.000000     0.818499     1.240429 
2460134.224546 0.000000 0.000000     1.277266     1.240866 
2460135.155844 0.000000 0.000000     2.007908     1.241695 
2460136.087142 0.000000 0.000000     2.755732     1.244046 
2460137.018440 0.000000 0.000000     3.152557     1.246851 
2460137.949738 0.000000 0.000000     2.954107     1.250681 
2460138.881036 0.000000 0.000000     2.213749     1.262351 
2460139.812334 0.000000 0.000000     1.259126     1.287585 
2460140.743631 0.000000 0.000000     0.481068     1.319897 
2460141.674929 0.000000 0.000000     0.084011     1.346954 
2460142.606227 0.000000 0.000000    -0.024161     1.362594 
2460143.537525 0.000000 0.000000    -0.129631     1.364164 
2460144.468823 0.000000 0.000000    -0.481571     1.345717 
2460145.400121 0.000000 0.000000    -1.106107     1.304818 
2460146.331419 0.000000 0.000000    -1.795738     1.255083 
2460147.262716 0.000000 0.000000    -2.267037     1.220680 
2460148.194014 0.000000 0.000000    -2.356691     1.209719 
2460149.125312 0.000000 0.000000    -2.110119     1.208725 
2460150.056610 0.000000 0.000000    -1.712451     1.207087 
2460150.987908 0.000000 0.000000    -1.336149     1.205380 
2460151.919206 0.000000 0.000000    -1.033649     1.205786 
2460152.850503 0.000000 0.000000    -0.750320     1.208395 
2460153.781801 0.000000 0.000000    -0.424466     1.213677 
2460154.713099 0.000000 0.000000    -0.070803     1.221514 
2460155.644397 0.000000 0.000000     0.231669     1.229546 
2460156.575695 0.000000 0.000000     0.432883     1.235194 
2460157.506993 0.000000 0.000000     0.592518     1.238003 
2460158.438291 0.000000 0.000000     0.860498     1.239212 
2460159.369588 0.000000 0.000000     1.356130     1.240112 
2460160.300886 0.000000 0.000000     2.039199     1.241585 
2460161.232184 0.000000 0.000000     2.686150     1.244032 
2460162.163482 0.000000 0.000000     3.008305     1.247728 
2460163.094780 0.000000 0.000000     2.835762     1.256724 
2460164.026078 0.000000 0.000000     2.232124     1.280323 
2460164.957376 0.000000 0.000000     1.451515     1.321040 
2460165.888673 0.000000 0.000000     0.766774     1.365584 
2460166.819971 0.000000 0.000000     0.295094     1.397980 
2460167.751269 0.000000 0.000000    -0.051780     1.411024 
2460168.682567 0.000000 0.000000    -0.461823     1.398877 
2460169.613865 0.000000 0.000000    -1.048406     1.349637 
2460170.545163 0.000000 0.000000    -1.742582     1.256076 
2460171.476460 0.000000 0.000000    -2.330817     1.135773 
2460172.407758 0.000000 0.000000    -2.603036     1.037615 
2460173.339056 0.000000 0.000000    -2.494446     0.997486 
2460174.270354 0.000000 0.000000    -2.116891     0.991078 
2460175.201652 0.000000 0.000000    -1.666598     0.988165 
2460176.132950 0.000000 0.000000    -1.289439     0.985479 
2460177.064248 0.000000 0.000000    -1.008358     0.985070 
2460177.995545 0.000000 0.000000    -0.756897     0.985738 
2460178.926843 0.000000 0.000000    -0.472801     0.987695 
2460179.858141 0.000000 0.000000    -0.161731     0.991252 
2460180.789439 0.000000 0.000000     0.123202     0.994726 
2460181.720737 0.000000 0.000000     0.359526     0.996694 
2460182.652035 0.000000 0.000000     0.609819     0.997813 
2460183.583333 0.000000 0.000000     0.990208     0.999596 
2460184.514630 0.000000 0.000000     1.567448     1.002836 
2460185.445928 0.000000 0.000000     2.267750     1.008309 
2460186.377226 0.000000 0.000000     2.880843     1.016505 
2460187.308524 0.000000 0.000000     3.171156     1.029777 
2460188.239822 0.000000 0.000000     3.021243     1.064080 
2460189.171120 0.000000 0.000000     2.501864     1.140444 
2460190.102417 0.000000 0.000000     1.815542     1.244928 
2460191.033715 0.000000 0.000000     1.155994     1.338180 
2460191.965013 0.000000 0.000000     0.589372     1.396770 
2460192.896311 0.000000 0.000000     0.044543     1.418275 
2460193.827609 0.000000 0.000000    -0.586386     1.401136 
2460194.758907 0.000000 0.000000    -1.321315     1.331745 
2460195.690205 0.000000 0.000000    -2.037177     1.194708 
2460196.621502 0.000000 0.000000    -2.534969     0.991256 
2460197.552800 0.000000 0.000000    -2.669902     0.754361 
2460198.484098 0.000000 0.000000    -2.447096     0.575352 
2460199.415396 0.000000 0.000000    -2.013315     0.524666 
2460200.346694 0.000000 0.000000    -1.556949     0.499442 
2460201.277992 0.000000 0.000000    -1.195809     0.472953 
2460202.209290 0.000000 0.000000    -0.933523     0.464193 
2460203.140587 0.000000 0.000000    -0.704055     0.462569 
2460204.071885 0.000000 0.000000    -0.453083     0.467623 
2460205.003183 0.000000 0.000000    -0.182355     0.482137 
2460205.934481 0.000000 0.000000     0.076063     0.493324 
2460206.865779 0.000000 0.000000     0.322371     0.494298 
2460207.797077 0.000000 0.000000     0.621033     0.497172 
2460208.728375 0.000000 0.000000     1.061744     0.513958 
2460209.659672 0.000000 0.000000     1.673590     0.542227 
2460210.590970 0.000000 0.000000     2.363435     0.582849 
2460211.522268 0.000000 0.000000     2.937425     0.632797 
2460212.453566 0.000000 0.000000     3.201242     0.697131 
2460213.384864 0.000000 0.000000     3.071104     0.819768 
2460214.316162 0.000000 0.000000     2.615504     1.001427 
2460215.247459 0.000000 0.000000     1.998273     1.180760 
2460216.178757 0.000000 0.000000     1.367387     1.313975 
2460217.110055 0.000000 0.000000     0.773143     1.390579 
2460218.041353 0.000000 0.000000     0.173541     1.419528 
2460218.972651 0.000000 0.000000    -0.484778     1.409068 
2460219.903949 0.000000 0.000000    -1.179826     1.356284 
2460220.835247 0.000000 0.000000    -1.793430     1.259899 
2460221.766544 0.000000 0.000000    -2.173847     1.142211 
2460222.697842 0.000000 0.000000    -2.233492     1.051538 
2460223.629140 0.000000 0.000000    -2.007350     1.015706 
2460224.560438 0.000000 0.000000    -1.629908     1.009521 
2460225.491736 0.000000 0.000000    -1.251234     1.007020 
2460226.423034 0.000000 0.000000    -0.955997     1.004738 
2460227.354332 0.000000 0.000000    -0.740570     1.004014 
2460228.285629 0.000000 0.000000    -0.553441     1.004067 
2460229.216927 0.000000 0.000000    -0.355292     1.004801 
2460230.148225 0.000000 0.000000    -0.146172     1.006420 
2460231.079523 0.000000 0.000000     0.057658     1.007787 
2460232.010821 0.000000 0.000000     0.267460     1.008058 
2460232.942119 0.000000 0.000000     0.537877     1.008497 
2460233.873416 0.000000 0.000000     0.931593     1.010292 
2460234.804714 0.000000 0.000000     1.456459     1.013352 
2460235.736012 0.000000 0.000000     2.027393     1.018676 
2460236.667310 0.000000 0.000000     2.490676     1.026903 
2460237.598608 0.000000 0.000000     2.701072     1.040414 
2460238.529906 0.000000 0.000000     2.600179     1.076769 
2460239.461204 0.000000 0.000000     2.241444     1.155735 
2460240.392501 0.000000 0.000000     1.746174     1.259371 
2460241.323799 0.000000 0.000000     1.225211     1.348851 
2460242.255097 0.000000 0.000000     0.723952     1.403874 
2460243.186395 0.000000 0.000000     0.227026     1.426163 
2460244.117693 0.000000 0.000000    -0.288607     1.423611 
2460245.048991 0.000000 0.000000    -0.799697     1.400000 
2460245.980289 0.000000 0.000000    -1.226970     1.360836 
2460246.911586 0.000000 0.000000    -1.477498     1.321080 
2460247.842884 0.000000 0.000000    -1.505525     1.296386 
2460248.774182 0.000000 0.000000    -1.344734     1.287958 
2460249.705480 0.000000 0.000000    -1.088469     1.286535 
2460250.636778 0.000000 0.000000    -0.834486     1.285979 
2460251.568076 0.000000 0.000000    -0.635476     1.285468 
2460252.499373 0.000000 0.000000    -0.488029     1.285299 
2460253.430671 0.000000 0.000000    -0.360092     1.285349 
2460254.361969 0.000000 0.000000    -0.227989     1.285589 
2460255.293267 0.000000 0.000000    -0.091214     1.286052 
2460256.224565 0.000000 0.000000     0.043279     1.286447 
2460257.155863 0.000000 0.000000     0.187109     1.286550 
2460258.087161 0.000000 0.000000     0.377370     1.286688 
2460259.018458 0.000000 0.000000     0.652264     1.287130 
2460259.949756 0.000000 0.000000     1.012045     1.287824 
2460260.881054 0.000000 0.000000     1.397578     1.289060 
2460261.812352 0.000000 0.000000     1.708010     1.291024 
2460262.743650 0.000000 0.000000     1.849835     1.294344 
2460263.674948 0.000000 0.000000     1.785257     1.303925 
2460264.606246 0.000000 0.000000     1.547364     1.327304 
2460265.537543 0.000000 0.000000     1.213529     1.363208 
2460266.468841 0.000000 0.000000     0.858077     1.398854 
2460267.400139 0.000000 0.000000     0.518087     1.422811 
2460268.331437 0.000000 0.000000     0.193455     1.433211 
2460269.262735 0.000000 0.000000    -0.124913     1.433499 
2460270.194033 0.000000 0.000000    -0.425210     1.426640 
2460271.125331 0.000000 0.000000    -0.668165     1.415682 
2460272.056628 0.000000 0.000000    -0.808278     1.405419 
2460272.987926 0.000000 0.000000    -0.824954     1.399484 
2460273.919224 0.000000 0.000000    -0.738696     1.397526 
2460274.850522 0.000000 0.000000    -0.600244     1.397188 
2460275.781820 0.000000 0.000000    -0.461687     1.397061 
2460276.713118 0.000000 0.000000    -0.351094     1.396943 
2460277.644415 0.000000 0.000000    -0.267300     1.396901 
2460278.575713 0.000000 0.000000    -0.194360     1.396917 
2460279.507011 0.000000 0.000000    -0.120462     1.396982 
2460280.438309 0.000000 0.000000    -0.045138     1.397100 
2460281.369607 0.000000 0.000000     0.029012     1.397199 
2460282.300905 0.000000 0.000000     0.109404     1.397222 
2460283.232203 0.000000 0.000000     0.216348     1.397257 
2460284.163500 0.000000 0.000000     0.369895     1.397368 
2460285.094798 0.000000 0.000000     0.569444     1.397530 
2460286.026096 0.000000 0.000000     0.782743     1.397824 
2460286.957394 0.000000 0.000000     0.955199     1.398297 
2460287.888692 0.000000 0.000000     1.035576     1.399104 
2460288.819990 0.000000 0.000000     1.001768     1.401488 
2460289.751288 0.000000 0.000000     0.869907     1.407447 
2460290.682585 0.000000 0.000000     0.681865     1.416969 
2460291.613883 0.000000 0.000000     0.480991     1.426884 
2460292.545181 0.000000 0.000000     0.292891     1.433808 
2460293.476479 0.000000 0.000000     0.122517     1.436932 
2460294.407777 0.000000 0.000000    -0.034036     1.437311 
2460295.339075 0.000000 0.000000    -0.174865     1.436036 
2460296.270372 0.000000 0.000000    -0.286873     1.433984 
2460297.201670 0.000000 0.000000    -0.352986     1.432136 
2460298.132968 0.000000 0.000000    -0.364988     1.431105 
2460299.064266 0.000000 0.000000    -0.331125     1.430769 
2460299.995564 0.000000 0.000000    -0.272532     1.430709 
2460300.926862 0.000000 0.000000    -0.211593     1.430688 
2460301.858160 0.000000 0.000000    -0.161115     1.430667 
2460302.789457 0.000000 0.000000    -0.121611     1.430659 
2460303.720755 0.000000 0.000000    -0.086956     1.430662 
2460304.652053 0.000000 0.000000    -0.052291     1.430673 
2460305.583351 0.000000 0.000000    -0.017317     1.430692 
2460306.514649 0.000000 0.000000     0.016951     1.430707 
2460307.445947 0.000000 0.000000     0.053688     1.430708 
2460308.377245 0.000000 0.000000     0.101706     1.430714 
2460309.308542 0.000000 0.000000     0.170039     1.430735 
2460310.239840 0.000000 0.000000     0.259078     1.430763 
2460311.171138 0.000000 0.000000     0.355268     1.430816 
2460312.102436 0.000000 0.000000     0.434435     1.430902 
2460313.033734 0.000000 0.000000     0.472704     1.431050 
2460313.965032 0.000000 0.000000     0.458387     1.431494 
2460314.896329 0.000000 0.000000     0.397343     1.432604 
2460315.827627 0.000000 0.000000     0.308752     1.434377 
2460316.758925 0.000000 0.000000     0.214583     1.436229 
2460317.690223 0.000000 0.000000     0.129775     1.437527 
2460318.621521 0.000000 0.000000     0.058774     1.438121 
2460319.552819 0.000000 0.000000    -0.000854     1.438232 
2460320.484117 0.000000 0.000000    -0.051841     1.438094 
2460321.415414 0.000000 0.000000    -0.092963     1.437862 
2460322.346712 0.000000 0.000000    -0.119773     1.437658 
2460323.278010 0.000000 0.000000    -0.128775     1.437547 
2460324.209308 0.000000 0.000000    -0.121124     1.437512 
2460325.140606 0.000000 0.000000    -0.102830     1.437505 
2460326.071904 0.000000 0.000000    -0.081521     1.437503 
2460327.003202 0.000000 0.000000    -0.062473     1.437500 
2460327.934499 0.000000 0.000000    -0.046849     1.437499 
2460328.865797 0.000000 0.000000    -0.032996     1.437499 
2460329.797095 0.000000 0.000000    -0.019167     1.437500 
2460330.728393 0.000000 0.000000    -0.005145     1.437502 
2460331.659691 0.000000 0.000000     0.008469     1.437503 
2460332.590989 0.000000 0.000000     0.022272     1.437503 
2460333.522287 0.000000 0.000000     0.039101     1.437504 
2460334.453584 0.000000 0.000000     0.062583     1.437506 
2460335.384882 0.000000 0.000000     0.093878     1.437510 
2460336.316180 0.000000 0.000000     0.129045     1.437516 
2460337.247478 0.000000 0.000000     0.159389     1.437526 
2460338.178776 0.000000 0.000000     0.175154     1.437543 
2460339.110074 0.000000 0.000000     0.170503     1.437596 
2460340.041371 0.000000 0.000000     0.146671     1.437726 
2460340.972669 0.000000 0.000000     0.111271     1.437932 
2460341.903967 0.000000 0.000000     0.074262     1.438144 
2460342.835265 0.000000 0.000000     0.043139     1.438291 
2460343.766563 0.000000 0.000000     0.020263     1.438359 
2460344.697861 0.000000 0.000000     0.003580     1.438375 
2460345.629159 0.000000 0.000000    -0.010318     1.438367 
2460346.560456 0.000000 0.000000    -0.023170     1.438349 
2460347.491754 0.000000 0.000000    -0.034053     1.438333 
2460348.423052 0.000000 0.000000    -0.040678     1.438324 
2460349.354350 0.000000 0.000000    -0.041596     1.438321 
2460350.285648 0.000000 0.000000    -0.037502     1.438320 
2460351.216946 0.000000 0.000000    -0.030787     1.438320 
2460352.148244 0.000000 0.000000    -0.023917     1.438320 
2460353.079541 0.000000 0.000000    -0.018044     1.438320 
2460354.010839 0.000000 0.000000    -0.012864     1.438320 
2460354.942137 0.000000 0.000000    -0.007587     1.438320 
2460355.873435 0.000000 0.000000    -0.001992     1.438320 
2460356.804733 0.000000 0.000000     0.003415     1.438321 
2460357.736031 0.000000 0.000000     0.008222     1.438321 
2460358.667328 0.000000 0.000000     0.013019     1.438322 
2460359.598626 0.000000 0.000000     0.019374     1.438322 
2460360.529924 0.000000 0.000000     0.028619     1.438322 
2460361.461222 0.000000 0.000000     0.040290     1.438323 
2460362.392520 0.000000 0.000000     0.051545     1.438324 
2460363.323818 0.000000 0.000000     0.058276     1.438325 
2460364.255116 0.000000 0.000000     0.057388     1.438329 
2460365.186413 0.000000 0.000000     0.048731     1.438339 
2460366.117711 0.000000 0.000000     0.035330     1.438355 
2460367.049009 0.000000 0.000000     0.021671     1.438372 
2460367.980307 0.000000 0.000000     0.011177     1.438385 
2460368.911605 0.000000 0.000000     0.004567     1.438391 
2460369.842903 0.000000 0.000000     0.000100     1.438393 
2460370.774201 0.000000 0.000000    -0.004626     1.438391 
2460371.705498 0.000000 0.000000    -0.010707     1.438387 
2460372.636796 0.000000 0.000000    -0.017204     1.438383 
2460373.568094 0.000000 0.000000    -0.022005     1.438379 
2460374.499392 0.000000 0.000000    -0.023480     1.438378 
2460375.430690 0.000000 0.000000    -0.021612     1.438378 
2460376.361988 0.000000 0.000000    -0.017843     1.438378 
2460377.293286 0.000000 0.000000    -0.013922     1.438378 
2460378.224583 0.000000 0.000000    -0.010747     1.438377 
2460379.155881 0.000000 0.000000    -0.008108     1.438378 
2460380.087179 0.000000 0.000000    -0.005341     1.438378 
2460381.018477 0.000000 0.000000    -0.002203     1.438378 
2460381.949775 0.000000 0.000000     0.000884     1.438378 
2460382.881073 0.000000 0.000000     0.003387     1.438378 
2460383.812370 0.000000 0.000000     0.005451     1.438378 
2460384.743668 0.000000 0.000000     0.008079     1.438379 
2460385.674966 0.000000 0.000000     0.012399     1.438379 
2460386.606264 0.000000 0.000000     0.018523     1.438379 
2460387.537562 0.000000 0.000000     0.024981     1.438379 
2460388.468860 0.000000 0.000000     0.029311     1.438379 
2460389.400158 0.000000 0.000000     0.029521     1.438380 
2460390.331455 0.000000 0.000000     0.025373     1.438382 
2460391.262753 0.000000 0.000000     0.018543     1.438385 
2460392.194051 0.000000 0.000000     0.011494     1.438390 
2460393.125349 0.000000 0.000000     0.005893     1.438394 
2460394.056647 0.000000 0.000000     0.001712     1.438396 
2460394.987945 0.000000 0.000000    -0.002347     1.438396 
2460395.919243 0.000000 0.000000    -0.007507     1.438393 
2460396.850540 0.000000 0.000000    -0.013715     1.438388 
2460397.781838 0.000000 0.000000    -0.019496     1.438381 
2460398.713136 0.000000 0.000000    -0.022941     1.438377 
2460399.644434 0.000000 0.000000    -0.023025     1.438374 
2460400.575732 0.000000 0.000000    -0.020256     1.438374 
2460401.507030 0.000000 0.000000    -0.016233     1.438374 
2460402.438327 0.000000 0.000000    -0.012518     1.438374 
2460403.369625 0.000000 0.000000    -0.009743     1.438374 
2460404.300923 0.000000 0.000000    -0.007551     1.438374 
2460405.232221 0.000000 0.000000    -0.005282     1.438374 
2460406.163519 0.000000 0.000000    -0.002699     1.438374 
2460407.094817 0.000000 0.000000    -0.000110     1.438374 
2460408.026115 0.000000 0.000000     0.002147     1.438374 
2460408.957412 0.000000 0.000000     0.004312     1.438374 
2460409.888710 0.000000 0.000000     0.007249     1.438374 
2460410.820008 0.000000 0.000000     0.011760     1.438374 
2460411.751306 0.000000 0.000000     0.017704     1.438374 
2460412.682604 0.000000 0.000000     0.023675     1.438374 
2460413.613902 0.000000 0.000000     0.027618     1.438375 
2460414.545200 0.000000 0.000000     0.028023     1.438375 
2460415.476497 0.000000 0.000000     0.024828     1.438377 
2460416.407795 0.000000 0.000000     0.019370     1.438382 
2460417.339093 0.000000 0.000000     0.013417     1.438388 
2460418.270391 0.000000 0.000000     0.008018     1.438393 
2460419.201689 0.000000 0.000000     0.003027     1.438396 
2460420.132987 0.000000 0.000000    -0.002381     1.438396 
2460421.064284 0.000000 0.000000    -0.008657     1.438393 
2460421.995582 0.000000 0.000000    -0.015162     1.438387 
2460422.926880 0.000000 0.000000    -0.020361     1.438380 
2460423.858178 0.000000 0.000000    -0.022767     1.438374 
2460424.789476 0.000000 0.000000    -0.021933     1.438372 
2460425.720774 0.000000 0.000000    -0.018725     1.438371 
2460426.652072 0.000000 0.000000    -0.014726     1.438371 
2460427.583369 0.000000 0.000000    -0.011253     1.438371 
2460428.514667 0.000000 0.000000    -0.008720     1.438371 
2460429.445965 0.000000 0.000000    -0.006738     1.438371 
2460430.377263 0.000000 0.000000    -0.004744     1.438371 
2460431.308561 0.000000 0.000000    -0.002542     1.438371 
2460432.239859 0.000000 0.000000    -0.000325     1.438371 
2460433.171157 0.000000 0.000000     0.001768     1.438371 
2460434.102454 0.000000 0.000000     0.004069     1.438371 
2460435.033752 0.000000 0.000000     0.007301     1.438371 
2460435.965050 0.000000 0.000000     0.011974     1.438371 
2460436.896348 0.000000 0.000000     0.017733     1.438371 
2460437.827646 0.000000 0.000000     0.023236     1.438372 
2460438.758944 0.000000 0.000000     0.026756     1.438372 
2460439.690242 0.000000 0.000000     0.027130     1.438373 
2460440.621539 0.000000 0.000000     0.024398     1.438375 
2460441.552837 0.000000 0.000000     0.019660     1.438380 
2460442.484135 0.000000 0.000000     0.014288     1.438387 
2460443.415433 0.000000 0.000000     0.009093     1.438393 
2460444.346731 0.000000 0.000000     0.004048     1.438396 
2460445.278029 0.000000 0.000000    -0.001283     1.438397 
2460446.209326 0.000000 0.000000    -0.007002     1.438395 
2460447.140624 0.000000 0.000000    -0.012451     1.438390 
2460448.071922 0.000000 0.000000    -0.016454     1.438385 
2460449.003220 0.000000 0.000000    -0.018040     1.438382 
2460449.934518 0.000000 0.000000    -0.017087     1.438380 
2460450.865816 0.000000 0.000000    -0.014413     1.438380 
2460451.797114 0.000000 0.000000    -0.011256     1.438380 
2460452.728411 0.000000 0.000000    -0.008564     1.438380 
2460453.659709 0.000000 0.000000    -0.006594     1.438380 
2460454.591007 0.000000 0.000000    -0.005044     1.438380 
2460455.522305 0.000000 0.000000    -0.003518     1.438380 
2460456.453603 0.000000 0.000000    -0.001882     1.438380 
2460457.384901 0.000000 0.000000    -0.000241     1.438380 
2460458.316199 0.000000 0.000000     0.001381     1.438380 
2460459.247496 0.000000 0.000000     0.003287     1.438380 
2460460.178794 0.000000 0.000000     0.005999     1.438380 
2460461.110092 0.000000 0.000000     0.009810     1.438380 
2460462.041390 0.000000 0.000000     0.014362     1.438380 
2460462.972688 0.000000 0.000000     0.018610     1.438380 
2460463.903986 0.000000 0.000000     0.021290     1.438381 
2460464.835283 0.000000 0.000000     0.021588     1.438381 
2460465.766581 0.000000 0.000000     0.019547     1.438383 
2460466.697879 0.000000 0.000000     0.015952     1.438386 
2460467.629177 0.000000 0.000000     0.011788     1.438391 
2460468.560475 0.000000 0.000000     0.007683     1.438395 
2460469.491773 0.000000 0.000000     0.003725     1.438397 
2460470.423071 0.000000 0.000000    -0.000271     1.438397 
2460471.354368 0.000000 0.000000    -0.004308     1.438396 
2460472.285666 0.000000 0.000000    -0.007960     1.438395 
2460473.216964 0.000000 0.000000    -0.010531     1.438393 
2460474.148262 0.000000 0.000000    -0.011488     1.438391 
2460475.079560 0.000000 0.000000    -0.010833     1.438391 
2460476.010858 0.000000 0.000000    -0.009118     1.438390 
2460476.942156 0.000000 0.000000    -0.007120     1.438390 
2460477.873453 0.000000 0.000000    -0.005412     1.438390 
2460478.804751 0.000000 0.000000    -0.004142     1.438390 
2460479.736049 0.000000 0.000000    -0.003132     1.438390 
2460480.667347 0.000000 0.000000    -0.002153     1.438390 
2460481.598645 0.000000 0.000000    -0.001127     1.438390 
2460482.529943 0.000000 0.000000    -0.000105     1.438390 
2460483.461240 0.000000 0.000000     0.000928     1.438390 
2460484.392538 0.000000 0.000000     0.002178     1.438390 
2460485.323836 0.000000 0.000000     0.003962     1.438390 
2460486.255134 0.000000 0.000000     0.006437     1.438390 
2460487.186432 0.000000 0.000000     0.009353     1.438390 
2460488.117730 0.000000 0.000000     0.012055     1.438391 
2460489.049028 0.000000 0.000000     0.013762     1.438391 
2460489.980325 0.000000 0.000000     0.013972     1.438391 
2460490.911623 0.000000 0.000000     0.012697     1.438392 
2460491.842921 0.000000 0.000000     0.010409     1.438393 
2460492.774219 0.000000 0.000000     0.007724     1.438395 
2460493.705517 0.000000 0.000000     0.005077     1.438396 
2460494.636815 0.000000 0.000000     0.002594     1.438397 
2460495.568113 0.000000 0.000000     0.000219     1.438398 
2460496.499410 0.000000 0.000000    -0.002052     1.438397 
2460497.430708 0.000000 0.000000    -0.004032     1.438397 
2460498.362006 0.000000 0.000000    -0.005402     1.438396 
2460499.293304 0.000000 0.000000    -0.005922     1.438396 
2460500.224602 0.000000 0.000000    -0.005610     1.438396 
2460501.155900 0.000000 0.000000    -0.004749     1.438396 
2460502.087198 0.000000 0.000000    -0.003729     1.438396 
2460503.018495 0.000000 0.000000    -0.002841     1.438396 
2460503.949793 0.000000 0.000000    -0.002163     1.438396 
2460504.881091 0.000000 0.000000    -0.001615     1.438396 
2460505.812389 0.000000 0.000000    -0.001089     1.438396 
2460506.743687 0.000000 0.000000    -0.000549     1.438396 
2460507.674985 0.000000 0.000000    -0.000014     1.438396 
2460508.606282 0.000000 0.000000     0.000530     1.438396 
2460509.537580 0.000000 0.000000     0.001191     1.438396 
2460510.468878 0.000000 0.000000     0.002130     1.438396 
2460511.400176 0.000000 0.000000     0.003424     1.438396 
2460512.331474 0.000000 0.000000     0.004947     1.438396 
2460513.262772 0.000000 0.000000     0.006364     1.438396 
2460514.194070 0.000000 0.000000     0.007271     1.438396 
2460515.125367 0.000000 0.000000     0.007398     1.438396 
2460516.056665 0.000000 0.000000     0.006736     1.438396 
2460516.987963 0.000000 0.000000     0.005518     1.438397 
2460517.919261 0.000000 0.000000     0.004076     1.438397 
2460518.850559 0.000000 0.000000     0.002671     1.438397 
2460519.781857 0.000000 0.000000     0.001411     1.438398 
2460520.713155 0.000000 0.000000     0.000286     1.438398 
2460521.644452 0.000000 0.000000    -0.000725     1.438398 
2460522.575750 0.000000 0.000000    -0.001583     1.438398 
2460523.507048 0.000000 0.000000    -0.002183     1.438398 
2460524.438346 0.000000 0.000000    -0.002439     1.438398 
2460525.369644 0.000000 0.000000    -0.002352     1.438398 
2460526.300942 0.000000 0.000000    -0.002026     1.438398 
2460527.232239 0.000000 0.000000    -0.001614     1.438398 
2460528.163537 0.000000 0.000000    -0.001238     1.438398 
2460529.094835 0.000000 0.000000    -0.000939     1.438398 
2460530.026133 0.000000 0.000000    -0.000692     1.438398 
2460530.957431 0.000000 0.000000    -0.000456     1.438398 
2460531.888729 0.000000 0.000000    -0.000216     1.438398 
2460532.820027 0.000000 0.000000     0.000021     1.438398 
2460533.751324 0.000000 0.000000     0.000258     1.438398 
2460534.682622 0.000000 0.000000     0.000539     1.438398 
2460535.613920 0.000000 0.000000     0.000930     1.438398 
2460536.545218 0.000000 0.000000     0.001468     1.438398 
2460537.476516 0.000000 0.000000     0.002110     1.438398 
2460538.407814 0.000000 0.000000     0.002719     1.438398 
2460539.339112 0.000000 0.000000     0.003121     1.438398 
2460540.270409 0.000000 0.000000     0.003188     1.438398 
2460541.201707 0.000000 0.000000     0.002902     1.438398 
2460542.133005 0.000000 0.000000     0.002359     1.438398 
2460543.064303 0.000000 0.000000     0.001713     1.438398 
2460543.995601 0.000000 0.000000     0.001100     1.438398 
2460544.926899 0.000000 0.000000     0.000589     1.438398 
2460545.858196 0.000000 0.000000     0.000177     1.438398 
2460546.789494 0.000000 0.000000    -0.000164     1.438398 
2460547.720792 0.000000 0.000000    -0.000453     1.438398 
2460548.652090 0.000000 0.000000    -0.000672     1.438398 
2460549.583388 0.000000 0.000000    -0.000794     1.438398 
2460550.514686 0.000000 0.000000    -0.000805     1.438398 
2460551.445984 0.000000 0.000000    -0.000724     1.438398 
2460552.377281 0.000000 0.000000    -0.000596     1.438398 
2460553.308579 0.000000 0.000000    -0.000464     1.438398 
2460554.239877 0.000000 0.000000    -0.000352     1.438398 
2460555.171175 0.000000 0.000000    -0.000257     1.438398 
2460556.102473 0.000000 0.000000    -0.000167     1.438398 
2460557.033771 0.000000 0.000000    -0.000073     1.438398 
2460557.965069 0.000000 0.000000     0.000019     1.438398 
2460558.896366 0.000000 0.000000     0.000108     1.438398 
2460559.827664 0.000000 0.000000     0.000203     1.438398 
2460560.758962 0.000000 0.000000     0.000328     1.438398 
2460561.690260 0.000000 0.000000     0.000501     1.438398 
2460562.621558 0.000000 0.000000     0.000718     1.438398 
2460563.552856 0.000000 0.000000     0.000937     1.438398 
2460564.484154 0.000000 0.000000     0.001092     1.438398 
2460565.415451 0.000000 0.000000     0.001126     1.438398 
2460566.346749 0.000000 0.000000     0.001023     1.438398 
2460567.278047 0.000000 0.000000     0.000814     1.438398 
2460568.209345 0.000000 0.000000     0.000566     1.438398 
2460569.140643 0.000000 0.000000     0.000343     1.438398 
2460570.071941 0.000000 0.000000     0.000177     1.438398 
2460571.003238 0.000000 0.000000     0.000064     1.438398 
2460571.934536 0.000000 0.000000    -0.000022     1.438398 
2460572.865834 0.000000 0.000000    -0.000105     1.438398 
2460573.797132 0.000000 0.000000    -0.000187     1.438398 
2460574.728430 0.000000 0.000000    -0.000254     1.438398 
2460575.659728 0.000000 0.000000    -0.000286     1.438398 
2460576.591026 0.000000 0.000000    -0.000277     1.438398 
2460577.522323 0.000000 0.000000    -0.000239     1.438398 
2460578.453621 0.000000 0.000000    -0.000190     1.438398 
2460579.384919 0.000000 0.000000    -0.000146     1.438398 
2460580.316217 0.000000 0.000000    -0.000108     1.438398 
2460581.247515 0.000000 0.000000    -0.000073     1.438398 
2460582.178813 0.000000 0.000000    -0.000034     1.438398 
2460583.110111 0.000000 0.000000     0.000005     1.438398 
2460584.041408 0.000000 0.000000     0.000041     1.438398 
2460584.972706 0.000000 0.000000     0.000071     1.438398 
2460585.904004 0.000000 0.000000     0.000105     1.438398 
2460586.835302 0.000000 0.000000     0.000154     1.438398 
2460587.766600 0.000000 0.000000     0.000226     1.438398 
2460588.697898 0.000000 0.000000     0.000308     1.438398 
2460589.629195 0.000000 0.000000     0.000374     1.438398 
2460590.560493 0.000000 0.000000     0.000396     1.438398 
2460591.491791 0.000000 0.000000     0.000360     1.438398 
2460592.423089 0.000000 0.000000     0.000279     1.438398 
2460593.354387 0.000000 0.000000     0.000182     1.438398 
2460594.285685 0.000000 0.000000     0.000098     1.438398 
2460595.216983 0.000000 0.000000     0.000043     1.438398 
2460596.148280 0.000000 0.000000     0.000007     1.438398 
2460597.079578 0.000000 0.000000    -0.000028     1.438398 
2460598.010876 0.000000 0.000000    -0.000074     1.438398 
2460598.942174 0.000000 0.000000    -0.000128     1.438398 
2460599.873472 0.000000 0.000000    -0.000176     1.438398 
2460600.804770 0.000000 0.000000    -0.000199     1.438398 
2460601.736068 0.000000 0.000000    -0.000192     1.438398 
2460602.667365 0.000000 0.000000    -0.000164     1.438398 
2460603.598663 0.000000 0.000000    -0.000130     1.438398 
2460604.529961 0.000000 0.000000    -0.000100     1.438398 
2460605.461259 0.000000 0.000000    -0.000078     1.438398 
2460606.392557 0.000000 0.000000    -0.000057     1.438398 
2460607.323855 0.000000 0.000000    -0.000032     1.438398 
2460608.255152 0.000000 0.000000    -0.000007     1.438398 
2460609.186450 0.000000 0.000000     0.000016     1.438398 
2460610.117748 0.000000 0.000000     0.000035     1.438398 
2460611.049046 0.000000 0.000000     0.000054     1.438398 
2460611.980344 0.000000 0.000000     0.000083     1.438398 
2460612.911642 0.000000 0.000000     0.000129     1.438398 
2460613.842940 0.000000 0.000000     0.000184     1.438398 
2460614.774237 0.000000 0.000000     0.000231     1.438398 
2460615.705535 0.000000 0.000000     0.000250     1.438398 
2460616.636833 0.000000 0.000000     0.000232     1.438398 
2460617.568131 0.000000 0.000000     0.000185     1.438398 
2460618.499429 0.000000 0.000000     0.000127     1.438398 
2460619.430727 0.000000 0.000000     0.000075     1.438398 
2460620.362025 0.000000 0.000000     0.000033     1.438398 
2460621.293322 0.000000 0.000000    -0.000004     1.438398 
2460622.224620 0.000000 0.000000    -0.000049     1.438398 
2460623.155918 0.000000 0.000000    -0.000103     1.438398 
2460624.087216 0.000000 0.000000    -0.000157     1.438398 
2460625.018514 0.000000 0.000000    -0.000196     1.438398 
2460625.949812 0.000000 0.000000    -0.000207     1.438398 
2460626.881110 0.000000 0.000000    -0.000190     1.438398 
2460627.812407 0.000000 0.000000    -0.000156     1.438398 
2460628.743705 0.000000 0.000000    -0.000121     1.438398 
2460629.675003 0.000000 0.000000    -0.000094     1.438398 
2460630.606301 0.000000 0.000000    -0.000073     1.438398 
2460631.537599 0.000000 0.000000    -0.000055     1.438398 
2460632.468897 0.000000 0.000000    -0.000034     1.438398 
2460633.400194 0.000000 0.000000    -0.000011     1.438398 
2460634.331492 0.000000 0.000000     0.000009     1.438398 
2460635.262790 0.000000 0.000000     0.000028     1.438398 
2460636.194088 0.000000 0.000000     0.000051     1.438398 
2460637.125386 0.000000 0.000000     0.000086     1.438398 
2460638.056684 0.000000 0.000000     0.000134     1.438398 
2460638.987982 0.000000 0.000000     0.000188     1.438398 
2460639.919279 0.000000 0.000000     0.000232     1.438398 
2460640.850577 0.000000 0.000000     0.000250     1.438398 
2460641.781875 0.000000 0.000000     0.000236     1.438398 
2460642.713173 0.000000 0.000000     0.000196     1.438398 
2460643.644471 0.000000 0.000000     0.000145     1.438398 
2460644.575769 0.000000 0.000000     0.000096     1.438398 
2460645.507067 0.000000 0.000000     0.000050     1.438398 
2460646.438364 0.000000 0.000000     0.000004     1.438398 
2460647.369662 0.000000 0.000000    -0.000049     1.438398 
2460648.300960 0.000000 0.000000    -0.000105     1.438398 
2460649.232258 0.000000 0.000000    -0.000156     1.438398 
2460650.163556 0.000000 0.000000    -0.000186     1.438398 
2460651.094854 0.000000 0.000000    -0.000190     1.438398 
2460652.026151 0.000000 0.000000    -0.000169     1.438398 
2460652.957449 0.000000 0.000000    -0.000137     1.438398 
2460653.888747 0.000000 0.000000    -0.000105     1.438398 
2460654.820045 0.000000 0.000000    -0.000080     1.438398 
2460655.751343 0.000000 0.000000    -0.000063     1.438398 
2460656.682641 0.000000 0.000000    -0.000047     1.438398 
2460657.613939 0.000000 0.000000    -0.000029     1.438398 
2460658.545236 0.000000 0.000000    -0.000011     1.438398 
2460659.476534 0.000000 0.000000     0.000007     1.438398 
2460660.407832 0.000000 0.000000     0.000025     1.438398 
2460661.339130 0.000000 0.000000     0.000048     1.438398 
2460662.270428 0.000000 0.000000     0.000083     1.438398 
2460663.201726 0.000000 0.000000     0.000128     1.438398 
2460664.133024 0.000000 0.000000     0.000177     1.438398 
2460665.064321 0.000000 0.000000     0.000215     1.438398 
2460665.995619 0.000000 0.000000     0.000230     1.438398 
2460666.926917 0.000000 0.000000     0.000218     1.438398 
2460667.858215 0.000000 0.000000     0.000185     1.438398 
2460668.789513 0.000000 0.000000     0.000142     1.438398 
2460669.720811 0.000000 0.000000     0.000097     1.438398 
2460670.652109 0.000000 0.000000     0.000055     1.438398 
2460671.583406 0.000000 0.000000     0.000012     1.438398 
2460672.514704 0.000000 0.000000    -0.000034     1.438398 
2460673.446002 0.000000 0.000000    -0.000080     1.438398 
2460674.377300 0.000000 0.000000    -0.000118     1.438398 
2460675.308598 0.000000 0.000000    -0.000140     1.438398 
2460676.239896 0.000000 0.000000    -0.000140     1.438398 
2460677.171193 0.000000 0.000000    -0.000124     1.438398 
2460678.102491 0.000000 0.000000    -0.000099     1.438398 
2460679.033789 0.000000 0.000000    -0.000076     1.438398 
2460679.965087 0.000000 0.000000    -0.000058     1.438398 
2460680.896385 0.000000 0.000000    -0.000045     1.438398 
2460681.827683 0.000000 0.000000    -0.000033     1.438398 
2460682.758981 0.000000 0.000000    -0.000020     1.438398 
2460683.690278 0.000000 0.000000    -0.000007     1.438398 
2460684.621576 0.000000 0.000000     0.000005     1.438398 
2460685.552874 0.000000 0.000000     0.000019     1.438398 
2460686.484172 0.000000 0.000000     0.000037     1.438398 
2460687.415470 0.000000 0.000000     0.000064     1.438398 
2460688.346768 0.000000 0.000000     0.000098     1.438398 
2460689.278066 0.000000 0.000000     0.000134     1.438398 
2460690.209363 0.000000 0.000000     0.000161     1.438398 
2460691.140661 0.000000 0.000000     0.000172     1.438398 
2460692.071959 0.000000 0.000000     0.000164     1.438398 
2460693.003257 0.000000 0.000000     0.000140     1.438398 
2460693.934555 0.000000 0.000000     0.000109     1.438398 
2460694.865853 0.000000 0.000000     0.000076     1.438398 
2460695.797150 0.000000 0.000000     0.000044     1.438398 
2460696.728448 0.000000 0.000000     0.000013     1.438398 
2460697.659746 0.000000 0.000000    -0.000018     1.438398 
2460698.591044 0.000000 0.000000    -0.000048     1.438398 
2460699.522342 0.000000 0.000000    -0.000071     1.438398 
2460700.453640 0.000000 0.000000    -0.000084     1.438398 
2460701.384938 0.000000 0.000000    -0.000084     1.438398 
2460702.316235 0.000000 0.000000    -0.000074     1.438398 
2460703.247533 0.000000 0.000000    -0.000060     1.438398 
2460704.178831 0.000000 0.000000    -0.000046     1.438398 
2460705.110129 0.000000 0.000000    -0.000035     1.438398 
2460706.041427 0.000000 0.000000    -0.000026     1.438398 
2460706.972725 0.000000 0.000000    -0.000019     1.438398 
2460707.904023 0.000000 0.000000    -0.000012     1.438398 
2460708.835320 0.000000 0.000000    -0.000004     1.438398 
2460709.766618 0.000000 0.000000     0.000004     1.438398 
2460710.697916 0.000000 0.000000     0.000012     1.438398 
2460711.629214 0.000000 0.000000     0.000023     1.438398 
2460712.560512 0.000000 0.000000     0.000039     1.438398 
2460713.491810 0.000000 0.000000     0.000060     1.438398 
2460714.423107 0.000000 0.000000     0.000082     1.438398 
2460715.354405 0.000000 0.000000     0.000098     1.438398 
2460716.285703 0.000000 0.000000     0.000105     1.438398 
2460717.217001 0.000000 0.000000     0.000100     1.438398 
2460718.148299 0.000000 0.000000     0.000086     1.438398 
2460719.079597 0.000000 0.000000     0.000067     1.438398 
2460720.010895 0.000000 0.000000     0.000047     1.438398 
2460720.942192 0.000000 0.000000     0.000028     1.438398 
2460721.873490 0.000000 0.000000     0.000010     1.438398 
2460722.804788 0.000000 0.000000    -0.000007     1.438398 
2460723.736086 0.000000 0.000000    -0.000022     1.438398 
2460724.667384 0.000000 0.000000    -0.000034     1.438398 
2460725.598682 0.000000 0.000000    -0.000040     1.438398 
2460726.529980 0.000000 0.000000    -0.000041     1.438398 
2460727.461277 0.000000 0.000000    -0.000036     1.438398 
2460728.392575 0.000000 0.000000    -0.000029     1.438398 
2460729.323873 0.000000 0.000000    -0.000023     1.438398 
2460730.255171 0.000000 0.000000    -0.000017     1.438398 
2460731.186469 0.000000 0.000000    -0.000013     1.438398 
2460732.117767 0.000000 0.000000    -0.000009     1.438398 
2460733.049065 0.000000 0.000000    -0.000005     1.438398 
2460733.980362 0.000000 0.000000    -0.000002     1.438398 
2460734.911660 0.000000 0.000000     0.000002     1.438398 
2460735.842958 0.000000 0.000000     0.000006     1.438398 
2460736.774256 0.000000 0.000000     0.000012     1.438398 
2460737.705554 0.000000 0.000000     0.000020     1.438398 
2460738.636852 0.000000 0.000000     0.000030     1.438398 
2460739.568149 0.000000 0.000000     0.000041     1.438398 
2460740.499447 0.000000 0.000000     0.000049     1.438398 
2460741.430745 0.000000 0.000000     0.000053     1.438398 
2460742.362043 0.000000 0.000000     0.000050     1.438398 
2460743.293341 0.000000 0.000000     0.000043     1.438398 
2460744.224639 0.000000 0.000000     0.000033     1.438398 
2460745.155937 0.000000 0.000000     0.000023     1.438398 
2460746.087234 0.000000 0.000000     0.000014     1.438398 
2460747.018532 0.000000 0.000000     0.000006     1.438398 
2460747.949830 0.000000 0.000000    -0.000002     1.438398 
2460748.881128 0.000000 0.000000    -0.000008     1.438398 
2460749.812426 0.000000 0.000000    -0.000013     1.438398 
2460750.743724 0.000000 0.000000    -0.000015     1.438398 
2460751.675022 0.000000 0.000000    -0.000016     1.438398 
2460752.606319 0.000000 0.000000    -0.000015     1.438398 
2460753.537617 0.000000 0.000000    -0.000012     1.438398 
2460754.468915 0.000000 0.000000    -0.000009     1.438398 
2460755.400213 0.000000 0.000000    -0.000007     1.438398 
2460756.331511 0.000000 0.000000    -0.000005     1.438398 
2460757.262809 0.000000 0.000000    -0.000004     1.438398 
2460758.194106 0.000000 0.000000    -0.000002     1.438398 
2460759.125404 0.000000 0.000000    -0.000001     1.438398 
2460760.056702 0.000000 0.000000     0.000001     1.438398 
2460760.988000 0.000000 0.000000     0.000003     1.438398 
2460761.919298 0.000000 0.000000     0.000005     1.438398 
2460762.850596 0.000000 0.000000     0.000008     1.438398 
2460763.781894 0.000000 0.000000     0.000012     1.438398 
2460764.713191 0.000000 0.000000     0.000016     1.438398 
2460765.644489 0.000000 0.000000     0.000020     1.438398 
2460766.575787 0.000000 0.000000     0.000021     1.438398 
2460767.507085 0.000000 0.000000     0.000020     1.438398 
2460768.438383 0.000000 0.000000     0.000017     1.438398 
2460769.369681 0.000000 0.000000     0.000013     1.438398 
2460770.300979 0.000000 0.000000     0.000009     1.438398 
2460771.232276 0.000000 0.000000     0.000005     1.438398 
2460772.163574 0.000000 0.000000     0.000002     1.438398 
2460773.094872 0.000000 0.000000     0.000000     1.438398 
2460774.026170 0.000000 0.000000    -0.000002     1.438398 
2460774.957468 0.000000 0.000000    -0.000003     1.438398 
2460775.888766 0.000000 0.000000    -0.000005     1.438398 
2460776.820063 0.000000 0.000000    -0.000005     1.438398 
2460777.751361 0.000000 0.000000    -0.000005     1.438398 
2460778.682659 0.000000 0.000000    -0.000004     1.438398 
2460779.613957 0.000000 0.000000    -0.000003     1.438398 
2460780.545255 0.000000 0.000000    -0.000003     1.438398 
2460781.476553 0.000000 0.000000    -0.000002     1.438398 
2460782.407851 0.000000 0.000000    -0.000001     1.438398 
2460783.339148 0.000000 0.000000    -0.000001     1.438398 
2460784.270446 0.000000 0.000000    -0.000000     1.438398 
2460785.201744 0.000000 0.000000     0.000000     1.438398 
2460786.133042 0.000000 0.000000     0.000001     1.438398 
2460787.064340 0.000000 0.000000     0.000002     1.438398 
2460787.995638 0.000000 0.000000     0.000003     1.438398 
2460788.926936 0.000000 0.000000     0.000004     1.438398 
2460789.858233 0.000000 0.000000     0.000005     1.438398 
2460790.789531 0.000000 0.000000     0.000007     1.438398 
2460791.720829 0.000000 0.000000     0.000007     1.438398 
2460792.652127 0.000000 0.000000     0.000007     1.438398 
2460793.583425 0.000000 0.000000     0.000006     1.438398 
2460794.514723 0.000000 0.000000     0.000004     1.438398 
2460795.446021 0.000000 0.000000     0.000003     1.438398 
2460796.377318 0.000000 0.000000     0.000001     1.438398 
2460797.308616 0.000000 0.000000     0.000001     1.438398 
2460798.239914 0.000000 0.000000     0.000000     1.438398 
2460799.171212 0.000000 0.000000    -0.000000     1.438398 
2460800.102510 0.000000 0.000000    -0.000001     1.438398 
2460801.033808 0.000000 0.000000    -0.000002     1.438398 
2460801.965105 0.000000 0.000000    -0.000002     1.438398 
2460802.896403 0.000000 0.000000    -0.000002     1.438398 
2460803.827701 0.000000 0.000000    -0.000002     1.438398 
2460804.758999 0.000000 0.000000    -0.000002     1.438398 
2460805.690297 0.000000 0.000000    -0.000001     1.438398 
2460806.621595 0.000000 0.000000    -0.000001     1.438398 
2460807.552893 0.000000 0.000000    -0.000001     1.438398 
2460808.484190 0.000000 0.000000    -0.000000     1.438398 
2460809.415488 0.000000 0.000000    -0.000000     1.438398 
2460810.346786 0.000000 0.000000     0.000000     1.438398 
2460811.278084 0.000000 0.000000     0.000000     1.438398 
2460812.209382 0.000000 0.000000     0.000001     1.438398 
2460813.140680 0.000000 0.000000     0.000001     1.438398 
2460814.071978 0.000000 0.000000     0.000001     1.438398 
2460815.003275 0.000000 0.000000     0.000002     1.438398 
2460815.934573 0.000000 0.000000     0.000002     1.438398 
2460816.865871 0.000000 0.000000     0.000003     1.438398 
2460817.797169 0.000000 0.000000     0.000003     1.438398 
2460818.728467 0.000000 0.000000     0.000002     1.438398 
2460819.659765 0.000000 0.000000     0.000002     1.438398 
2460820.591062 0.000000 0.000000     0.000001     1.438398 
2460821.522360 0.000000 0.000000     0.000000     1.438398 
2460822.453658 0.000000 0.000000     0.000000     1.438398 
2460823.384956 0.000000 0.000000    -0.000000     1.438398 
2460824.316254 0.000000 0.000000    -0.000001     1.438398 
2460825.247552 0.000000 0.000000    -0.000001     1.438398 
2460826.178850 0.000000 0.000000    -0.000001     1.438398 
2460827.110147 0.000000 0.000000    -0.000002     1.438398 
2460828.041445 0.000000 0.000000    -0.000002     1.438398 
2460828.972743 0.000000 0.000000    -0.000002     1.438398 
2460829.904041 0.000000 0.000000    -0.000001     1.438398 
2460830.835339 0.000000 0.000000    -0.000001     1.438398 
2460831.766637 0.000000 0.000000    -0.000001     1.438398 
2460832.697935 0.000000 0.000000    -0.000001     1.438398 
2460833.629232 0.000000 0.000000    -0.000000     1.438398 
2460834.560530 0.000000 0.000000    -0.000000     1.438398 
2460835.491828 0.000000 0.000000     0.000000     1.438398 
2460836.423126 0.000000 0.000000     0.000000     1.438398 
2460837.354424 0.000000 0.000000     0.000000     1.438398 
2460838.285722 0.000000 0.000000     0.000001     1.438398 
2460839.217019 0.000000 0.000000     0.000001     1.438398 
2460840.148317 0.000000 0.000000     0.000001     1.438398 
2460841.079615 0.000000 0.000000     0.000002     1.438398 
2460842.010913 0.000000 0.000000     0.000002     1.438398 
2460842.942211 0.000000 0.000000     0.000002     1.438398 
2460843.873509 0.000000 0.000000     0.000002     1.438398 
2460844.804807 0.000000 0.000000     0.000001     1.438398 
2460845.736104 0.000000 0.000000     0.000001     1.438398 
2460846.667402 0.000000 0.000000     0.000000     1.438398 
2460847.598700 0.000000 0.000000     0.000000     1.438398 
2460848.529998 0.000000 0.000000    -0.000000     1.438398 
2460849.461296 0.000000 0.000000    -0.000001     1.438398 
2460850.392594 0.000000 0.000000    -0.000001     1.438398 
2460851.323892 0.000000 0.000000    -0.000002     1.438398 
2460852.255189 0.000000 0.000000    -0.000002     1.438398 
2460853.186487 0.000000 0.000000    -0.000002     1.438398 
2460854.117785 0.000000 0.000000    -0.000001     1.438398 
2460855.049083 0.000000 0.000000    -0.000001     1.438398 
2460855.980381 0.000000 0.000000    -0.000001     1.438398 
2460856.911679 0.000000 0.000000    -0.000001     1.438398 
2460857.842977 0.000000 0.000000    -0.000001     1.438398 
2460858.774274 0.000000 0.000000    -0.000000     1.438398 
2460859.705572 0.000000 0.000000    -0.000000     1.438398 
2460860.636870 0.000000 0.000000    -0.000000     1.438398 
2460861.568168 0.000000 0.000000     0.000000     1.438398 
2460862.499466 0.000000 0.000000     0.000000     1.438398 
2460863.430764 0.000000 0.000000     0.000001     1.438398 
2460864.362061 0.000000 0.000000     0.000001     1.438398 
2460865.293359 0.000000 0.000000     0.000001     1.438398 
2460866.224657 0.000000 0.000000     0.000002     1.438398 
2460867.155955 0.000000 0.000000     0.000002     1.438398 
2460868.087253 0.000000 0.000000     0.000002     1.438398 
2460869.018551 0.000000 0.000000     0.000002     1.438398 
2460869.949849 0.000000 0.000000     0.000001     1.438398 
2460870.881146 0.000000 0.000000     0.000001     1.438398 
2460871.812444 0.000000 0.000000     0.000001     1.438398 
2460872.743742 0.000000 0.000000     0.000000     1.438398 
2460873.675040 0.000000 0.000000    -0.000000     1.438398 
2460874.606338 0.000000 0.000000    -0.000001     1.438398 
2460875.537636 0.000000 0.000000    -0.000001     1.438398 
2460876.468934 0.000000 0.000000    -0.000001     1.438398 
2460877.400231 0.000000 0.000000    -0.000002     1.438398 
2460878.331529 0.000000 0.000000    -0.000001     1.438398 
2460879.262827 0.000000 0.000000    -0.000001     1.438398 
2460880.194125 0.000000 0.000000    -0.000001     1.438398 
2460881.125423 0.000000 0.000000    -0.000001     1.438398 
2460882.056721 0.000000 0.000000    -0.000001     1.438398 
2460882.988018 0.000000 0.000000    -0.000000     1.438398 
2460883.919316 0.000000 0.000000    -0.000000     1.438398 
2460884.850614 0.000000 0.000000    -0.000000     1.438398 
2460885.781912 0.000000 0.000000    -0.000000     1.438398 
2460886.713210 0.000000 0.000000     0.000000     1.438398 
2460887.644508 0.000000 0.000000     0.000000     1.438398 
2460888.575806 0.000000 0.000000     0.000001     1.438398 
2460889.507103 0.000000 0.000000     0.000001     1.438398 
2460890.438401 0.000000 0.000000     0.000001     1.438398 
2460891.369699 0.000000 0.000000     0.000002     1.438398 
2460892.300997 0.000000 0.000000     0.000002     1.438398 
2460893.232295 0.000000 0.000000     0.000002     1.438398 
2460894.163593 0.000000 0.000000     0.000002     1.438398 
2460895.094891 0.000000 0.000000     0.000001     1.438398 
2460896.026188 0.000000 0.000000     0.000001     1.438398 
2460896.957486 0.000000 0.000000     0.000001     1.438398 
2460897.888784 0.000000 0.000000     0.000000     1.438398 
2460898.820082 0.000000 0.000000    -0.000000     1.438398 
2460899.751380 0.000000 0.000000    -0.000000     1.438398 
2460900.682678 0.000000 0.000000    -0.000001     1.438398 
2460901.613975 0.000000 0.000000    -0.000001     1.438398 
2460902.545273 0.000000 0.000000    -0.000001     1.438398 
2460903.476571 0.000000 0.000000    -0.000001     1.438398 
2460904.407869 0.000000 0.000000    -0.000001     1.438398 
2460905.339167 0.000000 0.000000    -0.000001     1.438398 
2460906.270465 0.000000 0.000000    -0.000001     1.438398 
2460907.201763 0.000000 0.000000    -0.000000     1.438398 
2460908.133060 0.000000 0.000000    -0.000000     1.438398 
2460909.064358 0.000000 0.000000    -0.000000     1.438398 
2460909.995656 0.000000 0.000000    -0.000000     1.438398 
2460910.926954 0.000000 0.000000    -0.000000     1.438398 
2460911.858252 0.000000 0.000000     0.000000     1.438398 
2460912.789550 0.000000 0.000000     0.000000     1.438398 
2460913.720848 0.000000 0.000000     0.000000     1.438398 
2460914.652145 0.000000 0.000000     0.000001     1.438398 
2460915.583443 0.000000 0.000000     0.000001     1.438398 
2460916.514741 0.000000 0.000000     0.000001     1.438398 
2460917.446039 0.000000 0.000000     0.000001     1.438398 
2460918.377337 0.000000 0.000000     0.000001     1.438398 
2460919.308635 0.000000 0.000000     0.000001     1.438398 
2460920.239933 0.000000 0.000000     0.000001     1.438398 
2460921.171230 0.000000 0.000000     0.000001     1.438398 
2460922.102528 0.000000 0.000000     0.000000     1.438398 
2460923.033826 0.000000 0.000000     0.000000     1.438398 
2460923.965124 0.000000 0.000000    -0.000000     1.438398 
2460924.896422 0.000000 0.000000    -0.000000     1.438398 
2460925.827720 0.000000 0.000000    -0.000000     1.438398 
2460926.759017 0.000000 0.000000    -0.000001     1.438398 
2460927.690315 0.000000 0.000000    -0.000001     1.438398 
2460928.621613 0.000000 0.000000    -0.000001     1.438398 
2460929.552911 0.000000 0.000000    -0.000000     1.438398 
2460930.484209 0.000000 0.000000    -0.000000     1.438398 
2460931.415507 0.000000 0.000000    -0.000000     1.438398 
2460932.346805 0.000000 0.000000    -0.000000     1.438398 
2460933.278102 0.000000 0.000000    -0.000000     1.438398 
2460934.209400 0.000000 0.000000    -0.000000     1.438398 
2460935.140698 0.000000 0.000000    -0.000000     1.438398 
2460936.071996 0.000000 0.000000     0.000000     1.438398 
2460937.003294 0.000000 0.000000     0.000000     1.438398 
2460937.934592 0.000000 0.000000     0.000000     1.438398 
2460938.865890 0.000000 0.000000     0.000000     1.438398 
2460939.797187 0.000000 0.000000     0.000000     1.438398 
2460940.728485 0.000000 0.000000     0.000001     1.438398 
2460941.659783 0.000000 0.000000     0.000001     1.438398 
2460942.591081 0.000000 0.000000     0.000001     1.438398 
2460943.522379 0.000000 0.000000     0.000001     1.438398 
2460944.453677 0.000000 0.000000     0.000001     1.438398 
2460945.384974 0.000000 0.000000     0.000001     1.438398 
2460946.316272 0.000000 0.000000     0.000000     1.438398 
2460947.247570 0.000000 0.000000     0.000000     1.438398 
2460948.178868 0.000000 0.000000     0.000000     1.438398 
2460949.110166 0.000000 0.000000     0.000000     1.438398 
2460950.041464 0.000000 0.000000    -0.000000     1.438398 
2460950.972762 0.000000 0.000000    -0.000000     1.438398 
2460951.904059 0.000000 0.000000    -0.000000     1.438398 
2460952.835357 0.000000 0.000000    -0.000000     1.438398 
2460953.766655 0.000000 0.000000    -0.000000     1.438398 
2460954.697953 0.000000 0.000000    -0.000000     1.438398 
2460955.629251 0.000000 0.000000    -0.000000     1.438398 
2460956.560549 0.000000 0.000000    -0.000000     1.438398 
2460957.491847 0.000000 0.000000    -0.000000     1.438398 
2460958.423144 0.000000 0.000000    -0.000000     1.438398 
2460959.354442 0.000000 0.000000    -0.000000     1.438398 
2460960.285740 0.000000 0.000000    -0.000000     1.438398 
2460961.217038 0.000000 0.000000     0.000000     1.438398 
2460962.148336 0.000000 0.000000     0.000000     1.438398 
2460963.079634 0.000000 0.000000     0.000000     1.438398 
2460964.010932 0.000000 0.000000     0.000000     1.438398 
2460964.942229 0.000000 0.000000     0.000000     1.438398 
2460965.873527 0.000000 0.000000     0.000000     1.438398 
2460966.804825 0.000000 0.000000     0.000000     1.438398 
2460967.736123 0.000000 0.000000     0.000000     1.438398 
2460968.667421 0.000000 0.000000     0.000000     1.438398 
2460969.598719 0.000000 0.000000     0.000000     1.438398 
2460970.530016 0.000000 0.000000     0.000000     1.438398 
2460971.461314 0.000000 0.000000     0.000000     1.438398 
2460972.392612 0.000000 0.000000     0.000000     1.438398 
2460973.323910 0.000000 0.000000     0.000000     1.438398 
2460974.255208 0.000000 0.000000     0.000000     1.438398 
2460975.186506 0.000000 0.000000    -0.000000     1.438398 
2460976.117804 0.000000 0.000000    -0.000000     1.438398 
2460977.049101 0.000000 0.000000    -0.000000     1.438398 
2460977.980399 0.000000 0.000000    -0.000000     1.438398 
2460978.911697 0.000000 0.000000    -0.000000     1.438398 
2460979.842995 0.000000 0.000000    -0.000000     1.438398 
2460980.774293 0.000000 0.000000    -0.000000     1.438398 
2460981.705591 0.000000 0.000000    -0.000000     1.438398 
2460982.636889 0.000000 0.000000    -0.000000     1.438398 
2460983.568186 0.000000 0.000000    -0.000000     1.438398 
2460984.499484 0.000000 0.000000    -0.000000     1.438398 
2460985.430782 0.000000 0.000000    -0.000000     1.438398 
2460986.362080 0.000000 0.000000     0.000000     1.438398 
2460987.293378 0.000000 0.000000     0.000000     1.438398 
2460988.224676 0.000000 0.000000     0.000000     1.438398 
2460989.155973 0.000000 0.000000     0.000000     1.438398 
2460990.087271 0.000000 0.000000     0.000000     1.438398 
2460991.018569 0.000000 0.000000     0.000000     1.438398 
2460991.949867 0.000000 0.000000     0.000000     1.438398 
2460992.881165 0.000000 0.000000     0.000000     1.438398 
2460993.812463 0.000000 0.000000     0.000000     1.438398 
2460994.743761 0.000000 0.000000     0.000000     1.438398 
2460995.675058 0.000000 0.000000     0.000000     1.438398 
2460996.606356 0.000000 0.000000     0.000000     1.438398 
2460997.537654 0.000000 0.000000     0.000000     1.438398 
2460998.468952 0.000000 0.000000     0.000000     1.438398 
2460999.400250 0.000000 0.000000     0.000000     1.438398 
2461000.331548 0.000000 0.000000    -0.000000     1.438398 
2461001.262846 0.000000 0.000000    -0.000000     1.438398 
2461002.194143 0.000000 0.000000    -0.000000     1.438398 
2461003.125441 0.000000 0.000000    -0.000000     1.438398 
2461004.056739 0.000000 0.000000    -0.000000     1.438398 
2461004.988037 0.000000 0.000000    -0.000000     1.438398 
2461005.919335 0.000000 0.000000    -0.000000     1.438398 
2461006.850633 0.000000 0.000000    -0.000000     1.438398 
2461007.781930 0.000000 0.000000    -0.000000     1.438398 
2461008.713228 0.000000 0.000000    -0.000000     1.438398 
2461009.644526 0.000000 0.000000    -0.000000     1.438398 
2461010.575824 0.000000 0.000000    -0.000000     1.438398 
2461011.507122 0.000000 0.000000     0.000000     1.438398 
2461012.438420 0.000000 0.000000     0.000000     1.438398 
2461013.369718 0.000000 0.000000     0.000000     1.438398 
2461014.301015 0.000000 0.000000     0.000000     1.438398 
2461015.232313 0.000000 0.000000     0.000000     1.438398 
2461016.163611 0.000000 0.000000     0.000000     1.438398 
2461017.094909 0.000000 0.000000     0.000000     1.438398 
2461018.026207 0.000000 0.000000     0.000000     1.438398 
2461018.957505 0.000000 0.000000     0.000000     1.438398 
2461019.888803 0.000000 0.000000     0.000000     1.438398 
2461020.820100 0.000000 0.000000     0.000000     1.438398 
2461021.751398 0.000000 0.000000     0.000000     1.438398 
2461022.682696 0.000000 0.000000     0.000000     1.438398 
2461023.613994 0.000000 0.000000     0.000000     1.438398 
2461024.545292 0.000000 0.000000     0.000000     1.438398 
2461025.476590 0.000000 0.000000    -0.000000     1.438398 
2461026.407888 0.000000 0.000000    -0.000000     1.438398 
2461027.339185 0.000000 0.000000    -0.000000     1.438398 
2461028.270483 0.000000 0.000000    -0.000000     1.438398 
2461029.201781 0.000000 0.000000    -0.000000     1.438398 
2461030.133079 0.000000 0.000000    -0.000000     1.438398 
2461031.064377 0.000000 0.000000    -0.000000     1.438398 
2461031.995675 0.000000 0.000000    -0.000000     1.438398 
2461032.926972 0.000000 0.000000    -0.000000     1.438398 
2461033.858270 0.000000 0.000000    -0.000000     1.438398 
2461034.789568 0.000000 0.000000    -0.000000     1.438398 
2461035.720866 0.000000 0.000000    -0.000000     1.438398 
2461036.652164 0.000000 0.000000     0.000000     1.438398 
2461037.583462 0.000000 0.000000     0.000000     1.438398 
2461038.514760 0.000000 0.000000     0.000000     1.438398 
2461039.446057 0.000000 0.000000     0.000000     1.438398 
2461040.377355 0.000000 0.000000     0.000000     1.438398 
2461041.308653 0.000000 0.000000     0.000000     1.438398 
2461042.239951 0.000000 0.000000     0.000000     1.438398 
2461043.171249 0.000000 0.000000     0.000000     1.438398 
2461044.102547 0.000000 0.000000     0.000000     1.438398 
2461045.033845 0.000000 0.000000     0.000000     1.438398 
2461045.965142 0.000000 0.000000     0.000000     1.438398 
2461046.896440 0.000000 0.000000     0.000000     1.438398 
2461047.827738 0.000000 0.000000     0.000000     1.438398 
2461048.759036 0.000000 0.000000     0.000000     1.438398 
2461049.690334 0.000000 0.000000    -0.000000     1.438398 
2461050.621632 0.000000 0.000000    -0.000000     1.438398 
2461051.552929 0.000000 0.000000    -0.000000     1.438398 
2461052.484227 0.000000 0.000000    -0.000000     1.438398 
2461053.415525 0.000000 0.000000    -0.000000     1.438398 
2461054.346823 0.000000 0.000000    -0.000000     1.438398 
2461055.278121 0.000000 0.000000    -0.000000     1.438398 
2461056.209419 0.000000 0.000000    -0.000000     1.438398 
2461057.140717 0.000000 0.000000    -0.000000     1.438398 
2461058.072014 0.000000 0.000000    -0.000000     1.438398 
2461059.003312 0.000000 0.000000    -0.000000     1.438398 
2461059.934610 0.000000 0.000000    -0.000000     1.438398 
2461060.865908 0.000000 0.000000    -0.000000     1.438398 
2461061.797206 0.000000 0.000000    -0.000000     1.438398 
2461062.728504 0.000000 0.000000     0.000000     1.438398 
2461063.659802 0.000000 0.000000     0.000000     1.438398 
2461064.591099 0.000000 0.000000     0.000000     1.438398 
2461065.522397 0.000000 0.000000     0.000000     1.438398 
2461066.453695 0.000000 0.000000     0.000000     1.438398 
2461067.384993 0.000000 0.000000     0.000000     1.438398 
2461068.316291 0.000000 0.000000     0.000000     1.438398 
2461069.247589 0.000000 0.000000     0.000000     1.438398 
2461070.178886 0.000000 0.000000     0.000000     1.438398 
2461071.110184 0.000000 0.000000     0.000000     1.438398 
2461072.041482 0.000000 0.000000     0.000000     1.438398 
2461072.972780 0.000000 0.000000     0.000000     1.438398 
2461073.904078 0.000000 0.000000     0.000000     1.438398 
2461074.835376 0.000000 0.000000    -0.000000     1.438398 
2461075.766674 0.000000 0.000000    -0.000000     1.438398 
2461076.697971 0.000000 0.000000    -0.000000     1.438398 
2461077.629269 0.000000 0.000000    -0.000000     1.438398 
2461078.560567 0.000000 0.000000    -0.000000     1.438398 
2461079.491865 0.000000 0.000000    -0.000000     1.438398 
2461080.423163 0.000000 0.000000    -0.000000     1.438398 
2461081.354461 0.000000 0.000000    -0.000000     1.438398 
2461082.285759 0.000000 0.000000    -0.000000     1.438398 
2461083.217056 0.000000 0.000000    -0.000000     1.438398 
2461084.148354 0.000000 0.000000    -0.000000     1.438398 
2461085.079652 0.000000 0.000000    -0.000000     1.438398 
2461086.010950 0.000000 0.000000    -0.000000     1.438398 
2461086.942248 0.000000 0.000000    -0.000000     1.438398 
2461087.873546 0.000000 0.000000     0.000000     1.438398 
2461088.804844 0.000000 0.000000     0.000000     1.438398 
2461089.736141 0.000000 0.000000     0.000000     1.438398 
2461090.667439 0.000000 0.000000     0.000000     1.438398 
2461091.598737 0.000000 0.000000     0.000000     1.438398 
2461092.530035 0.000000 0.000000     0.000000     1.438398 
2461093.461333 0.000000 0.000000     0.000000     1.438398 
2461094.392631 0.000000 0.000000     0.000000     1.438398 
2461095.323928 0.000000 0.000000     0.000000     1.438398 
2461096.255226 0.000000 0.000000     0.000000     1.438398 
2461097.186524 0.000000 0.000000     0.000000     1.438398 
2461098.117822 0.000000 0.000000     0.000000     1.438398 
2461099.049120 0.000000 0.000000     0.000000     1.438398 
2461099.980418 0.000000 0.000000     0.000000     1.438398 
2461100.911716 0.000000 0.000000    -0.000000     1.438398 
2461101.843013 0.000000 0.000000    -0.000000     1.438398 
2461102.774311 0.000000 0.000000    -0.000000     1.438398 
2461103.705609 0.000000 0.000000    -0.000000     1.438398 
2461104.636907 0.000000 0.000000    -0.000000     1.438398 
2461105.568205 0.000000 0.000000    -0.000000     1.438398 
2461106.499503 0.000000 0.000000    -0.000000     1.438398 
2461107.430801 0.000000 0.000000    -0.000000     1.438398 
2461108.362098 0.000000 0.000000    -0.000000     1.438398 
2461109.293396 0.000000 0.000000    -0.000000     1.438398 
2461110.224694 0.000000 0.000000    -0.000000     1.438398 
2461111.155992 0.000000 0.000000    -0.000000     1.438398 
2461112.087290 0.000000 0.000000    -0.000000     1.438398 
2461113.018588 0.000000 0.000000     0.000000     1.438398 
2461113.949885 0.000000 0.000000     0.000000     1.438398 
2461114.881183 0.000000 0.000000     0.000000     1.438398 
2461115.812481 0.000000 0.000000     0.000000     1.438398 
2461116.743779 0.000000 0.000000     0.000000     1.438398 
2461117.675077 0.000000 0.000000     0.000000     1.438398 
2461118.606375 0.000000 0.000000     0.000000     1.438398 
2461119.537673 0.000000 0.000000     0.000000     1.438398 
2461120.468970 0.000000 0.000000     0.000000     1.438398 
2461121.400268 0.000000 0.000000     0.000000     1.438398 
2461122.331566 0.000000 0.000000     0.000000     1.438398 
2461123.262864 0.000000 0.000000     0.000000     1.438398 
2461124.194162 0.000000 0.000000     0.000000     1.438398 
2461125.125460 0.000000 0.000000     0.000000     1.438398 
2461126.056758 0.000000 0.000000    -0.000000     1.438398 
2461126.988055 0.000000 0.000000    -0.000000     1.438398 
2461127.919353 0.000000 0.000000    -0.000000     1.438398 
2461128.850651 0.000000 0.000000    -0.000000     1.438398 
2461129.781949 0.000000 0.000000    -0.000000     1.438398 
2461130.713247 0.000000 0.000000    -0.000000     1.438398 
2461131.644545 0.000000 0.000000    -0.000000     1.438398 
2461132.575842 0.000000 0.000000    -0.000000     1.438398 
2461133.507140 0.000000 0.000000    -0.000000     1.438398 
2461134.438438 0.000000 0.000000    -0.000000     1.438398 
2461135.369736 0.000000 0.000000    -0.000000     1.438398 
2461136.301034 0.000000 0.000000    -0.000000     1.438398 
2461137.232332 0.000000 0.000000    -0.000000     1.438398 
2461138.163630 0.000000 0.000000     0.000000     1.438398 
2461139.094927 0.000000 0.000000     0.000000     1.438398 
2461140.026225 0.000000 0.000000     0.000000     1.438398 
2461140.957523 0.000000 0.000000     0.000000     1.438398 
2461141.888821 0.000000 0.000000     0.000000     1.438398 
2461142.820119 0.000000 0.000000     0.000000     1.438398 
2461143.751417 0.000000 0.000000     0.000000     1.438398 
2461144.682715 0.000000 0.000000     0.000000     1.438398 
2461145.614012 0.000000 0.000000     0.000000     1.438398 
2461146.545310 0.000000 0.000000     0.000000     1.438398 
2461147.476608 0.000000 0.000000     0.000000     1.438398 
2461148.407906 0.000000 0.000000     0.000000     1.438398 
2461149.339204 0.000000 0.000000     0.000000     1.438398 
2461150.270502 0.000000 0.000000     0.000000     1.438398 
2461151.201800 0.000000 0.000000    -0.000000     1.438398 
2461152.133097 0.000000 0.000000    -0.000000     1.438398 
2461153.064395 0.000000 0.000000    -0.000000     1.438398 
2461153.995693 0.000000 0.000000    -0.000000     1.438398 
2461154.926991 0.000000 0.000000    -0.000000     1.438398 
2461155.858289 0.000000 0.000000    -0.000000     1.438398 
2461156.789587 0.000000 0.000000    -0.000000     1.438398 
2461157.720884 0.000000 0.000000    -0.000000     1.438398 
2461158.652182 0.000000 0.000000    -0.000000     1.438398 
2461159.583480 0.000000 0.000000    -0.000000     1.438398 
2461160.514778 0.000000 0.000000    -0.000000     1.438398 
2461161.446076 0.000000 0.000000    -0.000000     1.438398 
2461162.377374 0.000000 0.000000    -0.000000     1.438398 
2461163.308672 0.000000 0.000000     0.000000     1.438398 
2461164.239969 0.000000 0.000000     0.000000     1.438398 
2461165.171267 0.000000 0.000000     0.000000     1.438398 
2461166.102565 0.000000 0.000000     0.000000     1.438398 
2461167.033863 0.000000 0.000000     0.000000     1.438398 
2461167.965161 0.000000 0.000000     0.000000     1.438398 
2461168.896459 0.000000 0.000000     0.000000     1.438398 
2461169.827757 0.000000 0.000000     0.000000     1.438398 
2461170.759054 0.000000 0.000000     0.000000     1.438398 
2461171.690352 0.000000 0.000000     0.000000     1.438398 
2461172.621650 0.000000 0.000000     0.000000     1.438398 
2461173.552948 0.000000 0.000000     0.000000     1.438398 
2461174.484246 0.000000 0.000000     0.000000     1.438398 
2461175.415544 0.000000 0.000000     0.000000     1.438398 
2461176.346841 0.000000 0.000000    -0.000000     1.438398 
2461177.278139 0.000000 0.000000    -0.000000     1.438398 
2461178.209437 0.000000 0.000000    -0.000000     1.438398 
2461179.140735 0.000000 0.000000    -0.000000     1.438398 
2461180.072033 0.000000 0.000000    -0.000000     1.438398 
2461181.003331 0.000000 0.000000    -0.000000     1.438398 
2461181.934629 0.000000 0.000000    -0.000000     1.438398 
2461182.865926 0.000000 0.000000    -0.000000     1.438398 
2461183.797224 0.000000 0.000000    -0.000000     1.438398 
2461184.728522 0.000000 0.000000    -0.000000     1.438398 
2461185.659820 0.000000 0.000000    -0.000000     1.438398 
2461186.591118 0.000000 0.000000    -0.000000     1.438398 
2461187.522416 0.000000 0.000000    -0.000000     1.438398 
2461188.453714 0.000000 0.000000     0.000000     1.438398 
2461189.385011 0.000000 0.000000     0.000000     1.438398 
2461190.316309 0.000000 0.000000     0.000000     1.438398 
2461191.247607 0.000000 0.000000     0.000000     1.438398 
2461192.178905 0.000000 0.000000     0.000000     1.438398 
2461193.110203 0.000000 0.000000     0.000000     1.438398 
2461194.041501 0.000000 0.000000     0.000000     1.438398 
2461194.972798 0.000000 0.000000     0.000000     1.438398 
2461195.904096 0.000000 0.000000     0.000000     1.438398 
2461196.835394 0.000000 0.000000     0.000000     1.438398 
2461197.766692 0.000000 0.000000     0.000000     1.438398 
2461198.697990 0.000000 0.000000     0.000000     1.438398 
2461199.629288 0.000000 0.000000     0.000000     1.438398 
2461200.560586 0.000000 0.000000     0.000000     1.438398 
2461201.491883 0.000000 0.000000    -0.000000     1.438398 
2461202.423181 0.000000 0.000000    -0.000000     1.438398 
2461203.354479 0.000000 0.000000    -0.000000     1.438398 
2461204.285777 0.000000 0.000000    -0.000000     1.438398 
2461205.217075 0.000000 0.000000    -0.000000     1.438398 
2461206.148373 0.000000 0.000000    -0.000000     1.438398 
2461207.079671 0.000000 0.000000    -0.000000     1.438398 
2461208.010968 0.000000 0.000000    -0.000000     1.438398 
2461208.942266 0.000000 0.000000    -0.000000     1.438398 
2461209.873564 0.000000 0.000000    -0.000000     1.438398 
2461210.804862 0.000000 0.000000    -0.000000     1.438398 
2461211.736160 0.000000 0.000000    -0.000000     1.438398 
2461212.667458 0.000000 0.000000    -0.000000     1.438398 
2461213.598756 0.000000 0.000000     0.000000     1.438398 
2461214.530053 0.000000 0.000000     0.000000     1.438398 
2461215.461351 0.000000 0.000000     0.000000     1.438398 
2461216.392649 0.000000 0.000000     0.000000     1.438398 
2461217.323947 0.000000 0.000000     0.000000     1.438398 
2461218.255245 0.000000 0.000000     0.000000     1.438398 
2461219.186543 0.000000 0.000000     0.000000     1.438398 
2461220.117840 0.000000 0.000000     0.000000     1.438398 
2461221.049138 0.000000 0.000000     0.000000     1.438398 
2461221.980436 0.000000 0.000000     0.000000     1.438398 
2461222.911734 0.000000 0.000000     0.000000     1.438398 
2461223.843032 0.000000 0.000000     0.000000     1.438398 
2461224.774330 0.000000 0.000000     0.000000     1.438398 
2461225.705628 0.000000 0.000000     0.000000     1.438398 
2461226.636925 0.000000 0.000000     0.000000     1.438398 
2461227.568223 0.000000 0.000000    -0.000000     1.438398 
2461228.499521 0.000000 0.000000    -0.000000     1.438398 
2461229.430819 0.000000 0.000000    -0.000000     1.438398 
2461230.362117 0.000000 0.000000    -0.000000     1.438398 
2461231.293415 0.000000 0.000000    -0.000000     1.438398 
2461232.224713 0.000000 0.000000    -0.000000     1.438398 
2461233.156010 0.000000 0.000000    -0.000000     1.438398 
2461234.087308 0.000000 0.000000    -0.000000     1.438398 
2461235.018606 0.000000 0.000000    -0.000000     1.438398 
2461235.949904 0.000000 0.000000    -0.000000     1.438398 
2461236.881202 0.000000 0.000000    -0.000000     1.438398 
2461237.812500 0.000000 0.000000    -0.000000     1.438398 
2461238.743797 0.000000 0.000000     0.000000     1.438398 
2461239.675095 0.000000 0.000000     0.000000     1.438398 
2461240.606393 0.000000 0.000000     0.000000     1.438398 
2461241.537691 0.000000 0.000000     0.000000     1.438398 
2461242.468989 0.000000 0.000000     0.000000     1.438398 
2461243.400287 0.000000 0.000000     0.000000     1.438398 
2461244.331585 0.000000 0.000000     0.000000     1.438398 
2461245.262882 0.000000 0.000000     0.000000     1.438398 
2461246.194180 0.000000 0.000000     0.000000     1.438398 
2461247.125478 0.000000 0.000000     0.000000     1.438398 
2461248.056776 0.000000 0.000000     0.000000     1.438398 
2461248.988074 0.000000 0.000000     0.000000     1.438398 
2461249.919372 0.000000 0.000000     0.000000     1.438398 
2461250.850670 0.000000 0.000000     0.000000     1.438398 
2461251.781967 0.000000 0.000000    -0.000000     1.438398 
2461252.713265 0.000000 0.000000    -0.000000     1.438398 
2461253.644563 0.000000 0.000000    -0.000000     1.438398 
2461254.575861 0.000000 0.000000    -0.000000     1.438398 
2461255.507159 0.000000 0.000000    -0.000000     1.438398 
2461256.438457 0.000000 0.000000    -0.000000     1.438398 
2461257.369755 0.000000 0.000000    -0.000000     1.438398 
2461258.301052 0.000000 0.000000    -0.000000     1.438398 
2461259.232350 0.000000 0.000000    -0.000000     1.438398 
2461260.163648 0.000000 0.000000    -0.000000     1.438398 
2461261.094946 0.000000 0.000000    -0.000000     1.438398 
2461262.026244 0.000000 0.000000    -0.000000     1.438398 
2461262.957542 0.000000 0.000000    -0.000000     1.438398 
2461263.888839 0.000000 0.000000     0.000000     1.438398 
2461264.820137 0.000000 0.000000     0.000000     1.438398 
2461265.751435 0.000000 0.000000     0.000000     1.438398 
2461266.682733 0.000000 0.000000     0.000000     1.438398 
2461267.614031 0.000000 0.000000     0.000000     1.438398 
2461268.545329 0.000000 0.000000     0.000000     1.438398 
2461269.476627 0.000000 0.000000     0.000000     1.438398 
2461270.407924 0.000000 0.000000     0.000000     1.438398 
2461271.339222 0.000000 0.000000     0.000000     1.438398 
2461272.270520 0.000000 0.000000     0.000000     1.438398 
2461273.201818 0.000000 0.000000     0.000000     1.438398 
2461274.133116 0.000000 0.000000     0.000000     1.438398 
2461275.064414 0.000000 0.000000     0.000000     1.438398 
2461275.995712 0.000000 0.000000     0.000000     1.438398 
2461276.927009 0.000000 0.000000    -0.000000     1.438398 
2461277.858307 0.000000 0.000000    -0.000000     1.438398 
2461278.789605 0.000000 0.000000    -0.000000     1.438398 
2461279.720903 0.000000 0.000000    -0.000000     1.438398 
2461280.652201 0.000000 0.000000    -0.000000     1.438398 
2461281.583499 0.000000 0.000000    -0.000000     1.438398 
2461282.514796 0.000000 0.000000    -0.000000     1.438398 
2461283.446094 0.000000 0.000000    -0.000000     1.438398 
2461284.377392 0.000000 0.000000    -0.000000     1.438398 
2461285.308690 0.000000 0.000000    -0.000000     1.438398 
2461286.239988 0.000000 0.000000    -0.000000     1.438398 
2461287.171286 0.000000 0.000000    -0.000000     1.438398 
2461288.102584 0.000000 0.000000    -0.000000     1.438398 
2461289.033881 0.000000 0.000000     0.000000     1.438398 
2461289.965179 0.000000 0.000000     0.000000     1.438398 
2461290.896477 0.000000 0.000000     0.000000     1.438398 
2461291.827775 0.000000 0.000000     0.000000     1.438398 
2461292.759073 0.000000 0.000000     0.000000     1.438398 
2461293.690371 0.000000 0.000000     0.000000     1.438398 
2461294.621669 0.000000 0.000000     0.000000     1.438398 
2461295.552966 0.000000 0.000000     0.000000     1.438398 
2461296.484264 0.000000 0.000000     0.000000     1.438398 
2461297.415562 0.000000 0.000000     0.000000     1.438398 
2461298.346860 0.000000 0.000000     0.000000     1.438398 
2461299.278158 0.000000 0.000000     0.000000     1.438398 
2461300.209456 0.000000 0.000000     0.000000     1.438398 
2461301.140753 0.000000 0.000000     0.000000     1.438398 
2461302.072051 0.000000 0.000000    -0.000000     1.438398 
2461303.003349 0.000000 0.000000    -0.000000     1.438398 
2461303.934647 0.000000 0.000000    -0.000000     1.438398 
2461304.865945 0.000000 0.000000    -0.000000     1.438398 
2461305.797243 0.000000 0.000000    -0.000000     1.438398 
2461306.728541 0.000000 0.000000    -0.000000     1.438398 
2461307.659838 0.000000 0.000000    -0.000000     1.438398 
2461308.591136 0.000000 0.000000    -0.000000     1.438398 
2461309.522434 0.000000 0.000000    -0.000000     1.438398 
2461310.453732 0.000000 0.000000    -0.000000     1.438398 
2461311.385030 0.000000 0.000000    -0.000000     1.438398 
2461312.316328 0.000000 0.000000    -0.000000     1.438398 
2461313.247626 0.000000 0.000000    -0.000000     1.438398 
2461314.178923 0.000000 0.000000     0.000000     1.438398 
2461315.110221 0.000000 0.000000     0.000000     1.438398 
2461316.041519 0.000000 0.000000     0.000000     1.438398 
2461316.972817 0.000000 0.000000     0.000000     1.438398 
2461317.904115 0.000000 0.000000     0.000000     1.438398 
2461318.835413 0.000000 0.000000     0.000000     1.438398 
2461319.766711 0.000000 0.000000     0.000000     1.438398 
2461320.698008 0.000000 0.000000     0.000000     1.438398 
2461321.629306 0.000000 0.000000     0.000000     1.438398 
2461322.560604 0.000000 0.000000     0.000000     1.438398 
2461323.491902 0.000000 0.000000     0.000000     1.438398 
2461324.423200 0.000000 0.000000     0.000000     1.438398 
2461325.354498 0.000000 0.000000     0.000000     1.438398 
2461326.285795 0.000000 0.000000     0.000000     1.438398 
2461327.217093 0.000000 0.000000    -0.000000     1.438398 
2461328.148391 0.000000 0.000000    -0.000000     1.438398 
2461329.079689 0.000000 0.000000    -0.000000     1.438398 
2461330.010987 0.000000 0.000000    -0.000000     1.438398 
2461330.942285 0.000000 0.000000    -0.000000     1.438398 
2461331.873583 0.000000 0.000000    -0.000000     1.438398 
2461332.804880 0.000000 0.000000    -0.000000     1.438398 
2461333.736178 0.000000 0.000000    -0.000000     1.438398 
2461334.667476 0.000000 0.000000    -0.000000     1.438398 
2461335.598774 0.000000 0.000000    -0.000000     1.438398 
2461336.530072 0.000000 0.000000    -0.000000     1.438398 
2461337.461370 0.000000 0.000000    -0.000000     1.438398 
2461338.392668 0.000000 0.000000    -0.000000     1.438398 
2461339.323965 0.000000 0.000000     0.000000     1.438398 
2461340.255263 0.000000 0.000000     0.000000     1.438398 
2461341.186561 0.000000 0.000000     0.000000     1.438398 
2461342.117859 0.000000 0.000000     0.000000     1.438398 
2461343.049157 0.000000 0.000000     0.000000     1.438398 
2461343.980455 0.000000 0.000000     0.000000     1.438398 
2461344.911752 0.000000 0.000000     0.000000     1.438398 
2461345.843050 0.000000 0.000000     0.000000     1.438398 
2461346.774348 0.000000 0.000000     0.000000     1.438398 
2461347.705646 0.000000 0.000000     0.000000     1.438398 
2461348.636944 0.000000 0.000000     0.000000     1.438398 
2461349.568242 0.000000 0.000000     0.000000     1.438398 
2461350.499540 0.000000 0.000000     0.000000     1.438398 
2461351.430837 0.000000 0.000000     0.000000     1.438398 
2461352.362135 0.000000 0.000000    -0.000000     1.438398 
2461353.293433 0.000000 0.000000    -0.000000     1.438398 
2461354.224731 0.000000 0.000000    -0.000000     1.438398 
2461355.156029 0.000000 0.000000    -0.000000     1.438398 
2461356.087327 0.000000 0.000000    -0.000000     1.438398 
2461357.018625 0.000000 0.000000    -0.000000     1.438398 
2461357.949922 0.000000 0.000000    -0.000000     1.438398 
2461358.881220 0.000000 0.000000    -0.000000     1.438398 
2461359.812518 0.000000 0.000000    -0.000000     1.438398 
2461360.743816 0.000000 0.000000    -0.000000     1.438398 
2461361.675114 0.000000 0.000000    -0.000000     1.438398 
2461362.606412 0.000000 0.000000    -0.000000     1.438398 
2461363.537709 0.000000 0.000000    -0.000000     1.438398 
2461364.469007 0.000000 0.000000     0.000000     1.438398 
2461365.400305 0.000000 0.000000     0.000000     1.438398 
2461366.331603 0.000000 0.000000     0.000000     1.438398 
2461367.262901 0.000000 0.000000     0.000000     1.438398 
2461368.194199 0.000000 0.000000     0.000000     1.438398 
2461369.125497 0.000000 0.000000     0.000000     1.438398 
2461370.056794 0.000000 0.000000     0.000000     1.438398 
2461370.988092 0.000000 0.000000     0.000000     1.438398 
2461371.919390 0.000000 0.000000     0.000000     1.438398 
2461372.850688 0.000000 0.000000     0.000000     1.438398 
2461373.781986 0.000000 0.000000     0.000000     1.438398 
2461374.713284 0.000000 0.000000     0.000000     1.438398 
2461375.644582 0.000000 0.000000     0.000000     1.438398 
2461376.575879 0.000000 0.000000     0.000000     1.438398 
2461377.507177 0.000000 0.000000    -0.000000     1.438398 
2461378.438475 0.000000 0.000000    -0.000000     1.438398 
2461379.369773 0.000000 0.000000    -0.000000     1.438398 
2461380.301071 0.000000 0.000000    -0.000000     1.438398 
2461381.232369 0.000000 0.000000    -0.000000     1.438398 
2461382.163667 0.000000 0.000000    -0.000000     1.438398 
2461383.094964 0.000000 0.000000    -0.000000     1.438398 
2461384.026262 0.000000 0.000000    -0.000000     1.438398 
2461384.957560 0.000000 0.000000    -0.000000     1.438398 
2461385.888858 0.000000 0.000000    -0.000000     1.438398 
2461386.820156 0.000000 0.000000    -0.000000     1.438398 
2461387.751454 0.000000 0.000000    -0.000000     1.438398 
2461388.682751 0.000000 0.000000    -0.000000     1.438398 
2461389.614049 0.000000 0.000000     0.000000     1.438398 
2461390.545347 0.000000 0.000000     0.000000     1.438398 
2461391.476645 0.000000 0.000000     0.000000     1.438398 
2461392.407943 0.000000 0.000000     0.000000     1.438398 
2461393.339241 0.000000 0.000000     0.000000     1.438398 
2461394.270539 0.000000 0.000000     0.000000     1.438398 
2461395.201836 0.000000 0.000000     0.000000     1.438398 
2461396.133134 0.000000 0.000000     0.000000     1.438398 
2461397.064432 0.000000 0.000000     0.000000     1.438398 
2461397.995730 0.000000 0.000000     0.000000     1.438398 
2461398.927028 0.000000 0.000000     0.000000     1.438398 
2461399.858326 0.000000 0.000000     0.000000     1.438398 
2461400.789624 0.000000 0.000000     0.000000     1.438398 
2461401.720921 0.000000 0.000000     0.000000     1.438398 
2461402.652219 0.000000 0.000000     0.000000     1.438398 
2461403.583517 0.000000 0.000000    -0.000000     1.438398 
2461404.514815 0.000000 0.000000    -0.000000     1.438398 
2461405.446113 0.000000 0.000000    -0.000000     1.438398 
2461406.377411 0.000000 0.000000    -0.000000     1.438398 
2461407.308708 0.000000 0.000000    -0.000000     1.438398 
2461408.240006 0.000000 0.000000    -0.000000     1.438398 
2461409.171304 0.000000 0.000000    -0.000000     1.438398 
2461410.102602 0.000000 0.000000    -0.000000     1.438398 
2461411.033900 0.000000 0.000000    -0.000000     1.438398 
2461411.965198 0.000000 0.000000    -0.000000     1.438398 
2461412.896496 0.000000 0.000000    -0.000000     1.438398 
2461413.827793 0.000000 0.000000    -0.000000     1.438398 
2461414.759091 0.000000 0.000000     0.000000     1.438398 
2461415.690389 0.000000 0.000000     0.000000     1.438398 
2461416.621687 0.000000 0.000000     0.000000     1.438398 
2461417.552985 0.000000 0.000000     0.000000     1.438398 
2461418.484283 0.000000 0.000000     0.000000     1.438398 
2461419.415581 0.000000 0.000000     0.000000     1.438398 
2461420.346878 0.000000 0.000000     0.000000     1.438398 
2461421.278176 0.000000 0.000000     0.000000     1.438398 
2461422.209474 0.000000 0.000000     0.000000     1.438398 
2461423.140772 0.000000 0.000000     0.000000     1.438398 
2461424.072070 0.000000 0.000000     0.000000     1.438398 
2461425.003368 0.000000 0.000000     0.000000     1.438398 
2461425.934665 0.000000 0.000000     0.000000     1.438398 
2461426.865963 0.000000 0.000000     0.000000     1.438398 
2461427.797261 0.000000 0.000000     0.000000     1.438398 
2461428.728559 0.000000 0.000000    -0.000000     1.438398 
2461429.659857 0.000000 0.000000    -0.000000     1.438398 
2461430.591155 0.000000 0.000000    -0.000000     1.438398 
2461431.522453 0.000000 0.000000    -0.000000     1.438398 
2461432.453750 0.000000 0.000000    -0.000000     1.438398 
2461433.385048 0.000000 0.000000    -0.000000     1.438398 
2461434.316346 0.000000 0.000000    -0.000000     1.438398 
2461435.247644 0.000000 0.000000    -0.000000     1.438398 
2461436.178942 0.000000 0.000000    -0.000000     1.438398 
2461437.110240 0.000000 0.000000    -0.000000     1.438398 
2461438.041538 0.000000 0.000000    -0.000000     1.438398 
2461438.972835 0.000000 0.000000    -0.000000     1.438398 
2461439.904133 0.000000 0.000000     0.000000     1.438398 
2461440.835431 0.000000 0.000000     0.000000     1.438398 
2461441.766729 0.000000 0.000000     0.000000     1.438398 
2461442.698027 0.000000 0.000000     0.000000     1.438398 
2461443.629325 0.000000 0.000000     0.000000     1.438398 
2461444.560623 0.000000 0.000000     0.000000     1.438398 
2461445.491920 0.000000 0.000000     0.000000     1.438398 
2461446.423218 0.000000 0.000000     0.000000     1.438398 
2461447.354516 0.000000 0.000000     0.000000     1.438398 
2461448.285814 0.000000 0.000000     0.000000     1.438398 
2461449.217112 0.000000 0.000000     0.000000     1.438398 
2461450.148410 0.000000 0.000000     0.000000     1.438398 
2461451.079707 0.000000 0.000000     0.000000     1.438398 
2461452.011005 0.000000 0.000000     0.000000     1.438398 
2461452.942303 0.000000 0.000000     0.000000     1.438398 
2461453.873601 0.000000 0.000000    -0.000000     1.438398 
2461454.804899 0.000000 0.000000    -0.000000     1.438398 
2461455.736197 0.000000 0.000000    -0.000000     1.438398 
2461456.667495 0.000000 0.000000    -0.000000     1.438398 
2461457.598792 0.000000 0.000000    -0.000000     1.438398 
2461458.530090 0.000000 0.000000    -0.000000     1.438398 
2461459.461388 0.000000 0.000000    -0.000000     1.438398 
2461460.392686 0.000000 0.000000    -0.000000     1.438398 
2461461.323984 0.000000 0.000000    -0.000000     1.438398 
2461462.255282 0.000000 0.000000    -0.000000     1.438398 
2461463.186580 0.000000 0.000000    -0.000000     1.438398 
2461464.117877 0.000000 0.000000    -0.000000     1.438398 
2461465.049175 0.000000 0.000000     0.000000     1.438398 
2461465.980473 0.000000 0.000000     0.000000     1.438398 
2461466.911771 0.000000 0.000000     0.000000     1.438398 
2461467.843069 0.000000 0.000000     0.000000     1.438398 
2461468.774367 0.000000 0.000000     0.000000     1.438398 
2461469.705664 0.000000 0.000000     0.000000     1.438398 
2461470.636962 0.000000 0.000000     0.000000     1.438398 
2461471.568260 0.000000 0.000000     0.000000     1.438398 
2461472.499558 0.000000 0.000000     0.000000     1.438398 
2461473.430856 0.000000 0.000000     0.000000     1.438398 
2461474.362154 0.000000 0.000000     0.000000     1.438398 
2461475.293452 0.000000 0.000000     0.000000     1.438398 
2461476.224749 0.000000 0.000000     0.000000     1.438398 
2461477.156047 0.000000 0.000000     0.000000     1.438398 
2461478.087345 0.000000 0.000000    -0.000000     1.438398 
2461479.018643 0.000000 0.000000    -0.000000     1.438398 
2461479.949941 0.000000 0.000000    -0.000000     1.438398 
2461480.881239 0.000000 0.000000    -0.000000     1.438398 
2461481.812537 0.000000 0.000000    -0.000000     1.438398 
2461482.743834 0.000000 0.000000    -0.000000     1.438398 
2461483.675132 0.000000 0.000000    -0.000000     1.438398 
2461484.606430 0.000000 0.000000    -0.000000     1.438398 
2461485.537728 0.000000 0.000000    -0.000000     1.438398 
2461486.469026 0.000000 0.000000    -0.000000     1.438398 
2461487.400324 0.000000 0.000000    -0.000000     1.438398 
2461488.331621 0.000000 0.000000    -0.000000     1.438398 
2461489.262919 0.000000 0.000000    -0.000000     1.438398 
2461490.194217 0.000000 0.000000    -0.000000     1.438398 
2461491.125515 0.000000 0.000000     0.000000     1.438398 
2461492.056813 0.000000 0.000000     0.000000     1.438398 
2461492.988111 0.000000 0.000000     0.000000     1.438398 
2461493.919409 0.000000 0.000000     0.000000     1.438398 
2461494.850706 0.000000 0.000000     0.000000     1.438398 
2461495.782004 0.000000 0.000000     0.000000     1.438398 
2461496.713302 0.000000 0.000000     0.000000     1.438398 
2461497.644600 0.000000 0.000000     0.000000     1.438398 
2461498.575898 0.000000 0.000000     0.000000     1.438398 
2461499.507196 0.000000 0.000000     0.000000     1.438398 
2461500.438494 0.000000 0.000000     0.000000     1.438398 
2461501.369791 0.000000 0.000000     0.000000     1.438398 
2461502.301089 0.000000 0.000000     0.000000     1.438398 
2461503.232387 0.000000 0.000000    -0.000000     1.438398 
2461504.163685 0.000000 0.000000    -0.000000     1.438398 
2461505.094983 0.000000 0.000000    -0.000000     1.438398 
2461506.026281 0.000000 0.000000    -0.000000     1.438398 
2461506.957579 0.000000 0.000000    -0.000000     1.438398 
2461507.888876 0.000000 0.000000    -0.000000     1.438398 
2461508.820174 0.000000 0.000000    -0.000000     1.438398 
2461509.751472 0.000000 0.000000    -0.000000     1.438398 
2461510.682770 0.000000 0.000000    -0.000000     1.438398 
2461511.614068 0.000000 0.000000    -0.000000     1.438398 
2461512.545366 0.000000 0.000000    -0.000000     1.438398 
2461513.476663 0.000000 0.000000    -0.000000     1.438398 
2461514.407961 0.000000 0.000000    -0.000000     1.438398 
2461515.339259 0.000000 0.000000    -0.000000     1.438398 
2461516.270557 0.000000 0.000000     0.000000     1.438398 
2461517.201855 0.000000 0.000000     0.000000     1.438398 
2461518.133153 0.000000 0.000000     0.000000     1.438398 
2461519.064451 0.000000 0.000000     0.000000     1.438398 
2461519.995748 0.000000 0.000000     0.000000     1.438398 
2461520.927046 0.000000 0.000000     0.000000     1.438398 
2461521.858344 0.000000 0.000000     0.000000     1.438398 
2461522.789642 0.000000 0.000000     0.000000     1.438398 
2461523.720940 0.000000 0.000000     0.000000     1.438398 
2461524.652238 0.000000 0.000000     0.000000     1.438398 
2461525.583536 0.000000 0.000000     0.000000     1.438398 
2461526.514833 0.000000 0.000000     0.000000     1.438398 
2461527.446131 0.000000 0.000000     0.000000     1.438398 
2461528.377429 0.000000 0.000000    -0.000000     1.438398 
2461529.308727 0.000000 0.000000    -0.000000     1.438398 
2461530.240025 0.000000 0.000000    -0.000000     1.438398 
2461531.171323 0.000000 0.000000    -0.000000     1.438398 
2461532.102620 0.000000 0.000000    -0.000000     1.438398 
2461533.033918 0.000000 0.000000    -0.000000     1.438398 
2461533.965216 0.000000 0.000000    -0.000000     1.438398 
2461534.896514 0.000000 0.000000    -0.000000     1.438398 
2461535.827812 0.000000 0.000000    -0.000000     1.438398 
2461536.759110 0.000000 0.000000    -0.000000     1.438398 
2461537.690408 0.000000 0.000000    -0.000000     1.438398 
2461538.621705 0.000000 0.000000    -0.000000     1.438398 
2461539.553003 0.000000 0.000000    -0.000000     1.438398 
2461540.484301 0.000000 0.000000    -0.000000     1.438398 
2461541.415599 0.000000 0.000000     0.000000     1.438398 
2461542.346897 0.000000 0.000000     0.000000     1.438398 
2461543.278195 0.000000 0.000000     0.000000     1.438398 
2461544.209493 0.000000 0.000000     0.000000     1.438398 
2461545.140790 0.000000 0.000000     0.000000     1.438398 
2461546.072088 0.000000 0.000000     0.000000     1.438398 
2461547.003386 0.000000 0.000000     0.000000     1.438398 
2461547.934684 0.000000 0.000000     0.000000     1.438398 
2461548.865982 0.000000 0.000000     0.000000     1.438398 
2461549.797280 0.000000 0.000000     0.000000     1.438398 
2461550.728578 0.000000 0.000000     0.000000     1.438398 
2461551.659875 0.000000 0.000000     0.000000     1.438398 
2461552.591173 0.000000 0.000000     0.000000     1.438398 
2461553.522471 0.000000 0.000000     0.000000     1.438398 
2461554.453769 0.000000 0.000000    -0.000000     1.438398 
2461555.385067 0.000000 0.000000    -0.000000     1.438398 
2461556.316365 0.000000 0.000000    -0.000000     1.438398 
2461557.247662 0.000000 0.000000    -0.000000     1.438398 
2461558.178960 0.000000 0.000000    -0.000000     1.438398 
2461559.110258 0.000000 0.000000    -0.000000     1.438398 
2461560.041556 0.000000 0.000000    -0.000000     1.438398 
2461560.972854 0.000000 0.000000    -0.000000     1.438398 
2461561.904152 0.000000 0.000000    -0.000000     1.438398 
2461562.835450 0.000000 0.000000    -0.000000     1.438398 
2461563.766747 0.000000 0.000000    -0.000000     1.438398 
2461564.698045 0.000000 0.000000    -0.000000     1.438398 
2461565.629343 0.000000 0.000000    -0.000000     1.438398 
2461566.560641 0.000000 0.000000     0.000000     1.438398 
2461567.491939 0.000000 0.000000     0.000000     1.438398 
2461568.423237 0.000000 0.000000     0.000000     1.438398 
2461569.354535 0.000000 0.000000     0.000000     1.438398 
2461570.285832 0.000000 0.000000     0.000000     1.438398 
2461571.217130 0.000000 0.000000     0.000000     1.438398 
2461572.148428 0.000000 0.000000     0.000000     1.438398 
2461573.079726 0.000000 0.000000     0.000000     1.438398 
2461574.011024 0.000000 0.000000     0.000000     1.438398 
2461574.942322 0.000000 0.000000     0.000000     1.438398 
2461575.873619 0.000000 0.000000     0.000000     1.438398 
2461576.804917 0.000000 0.000000     0.000000     1.438398 
2461577.736215 0.000000 0.000000     0.000000     1.438398 
2461578.667513 0.000000 0.000000     0.000000     1.438398 
2461579.598811 0.000000 0.000000    -0.000000     1.438398 
2461580.530109 0.000000 0.000000    -0.000000     1.438398 
2461581.461407 0.000000 0.000000    -0.000000     1.438398 
2461582.392704 0.000000 0.000000    -0.000000     1.438398 
2461583.324002 0.000000 0.000000    -0.000000     1.438398 
2461584.255300 0.000000 0.000000    -0.000000     1.438398 
2461585.186598 0.000000 0.000000    -0.000000     1.438398 
2461586.117896 0.000000 0.000000    -0.000000     1.438398 
2461587.049194 0.000000 0.000000    -0.000000     1.438398 
2461587.980492 0.000000 0.000000    -0.000000     1.438398 
2461588.911789 0.000000 0.000000    -0.000000     1.438398 
2461589.843087 0.000000 0.000000    -0.000000     1.438398 
2461590.774385 0.000000 0.000000    -0.000000     1.438398 
2461591.705683 0.000000 0.000000     0.000000     1.438398 
2461592.636981 0.000000 0.000000     0.000000     1.438398 
2461593.568279 0.000000 0.000000     0.000000     1.438398 
2461594.499576 0.000000 0.000000     0.000000     1.438398 
2461595.430874 0.000000 0.000000     0.000000     1.438398 
2461596.362172 0.000000 0.000000     0.000000     1.438398 
2461597.293470 0.000000 0.000000     0.000000     1.438398 
2461598.224768 0.000000 0.000000     0.000000     1.438398 
2461599.156066 0.000000 0.000000     0.000000     1.438398 
2461600.087364 0.000000 0.000000     0.000000     1.438398 
2461601.018661 0.000000 0.000000     0.000000     1.438398 
2461601.949959 0.000000 0.000000     0.000000     1.438398 
2461602.881257 0.000000 0.000000     0.000000     1.438398 
2461603.812555 0.000000 0.000000     0.000000     1.438398 
2461604.743853 0.000000 0.000000    -0.000000     1.438398 
2461605.675151 0.000000 0.000000    -0.000000     1.438398 
2461606.606449 0.000000 0.000000    -0.000000     1.438398 
2461607.537746 0.000000 0.000000    -0.000000     1.438398 
2461608.469044 0.000000 0.000000    -0.000000     1.438398 
2461609.400342 0.000000 0.000000    -0.000000     1.438398 
2461610.331640 0.000000 0.000000    -0.000000     1.438398 
2461611.262938 0.000000 0.000000    -0.000000     1.438398 
2461612.194236 0.000000 0.000000    -0.000000     1.438398 
2461613.125534 0.000000 0.000000    -0.000000     1.438398 
2461614.056831 0.000000 0.000000    -0.000000     1.438398 
2461614.988129 0.000000 0.000000    -0.000000     1.438398 
2461615.919427 0.000000 0.000000    -0.000000     1.438398 
2461616.850725 0.000000 0.000000     0.000000     1.438398 
2461617.782023 0.000000 0.000000     0.000000     1.438398 
2461618.713321 0.000000 0.000000     0.000000     1.438398 
2461619.644618 0.000000 0.000000     0.000000     1.438398 
2461620.575916 0.000000 0.000000     0.000000     1.438398 
2461621.507214 0.000000 0.000000     0.000000     1.438398 
2461622.438512 0.000000 0.000000     0.000000     1.438398 
2461623.369810 0.000000 0.000000     0.000000     1.438398 
2461624.301108 0.000000 0.000000     0.000000     1.438398 
2461625.232406 0.000000 0.000000     0.000000     1.438398 
2461626.163703 0.000000 0.000000     0.000000     1.438398 
2461627.095001 0.000000 0.000000     0.000000     1.438398 
2461628.026299 0.000000 0.000000     0.000000     1.438398 
2461628.957597 0.000000 0.000000     0.000000     1.438398 
2461629.888895 0.000000 0.000000    -0.000000     1.438398 
2461630.820193 0.000000 0.000000    -0.000000     1.438398 
2461631.751491 0.000000 0.000000    -0.000000     1.438398 
2461632.682788 0.000000 0.000000    -0.000000     1.438398 
2461633.614086 0.000000 0.000000    -0.000000     1.438398 
2461634.545384 0.000000 0.000000    -0.000000     1.438398 
2461635.476682 0.000000 0.000000    -0.000000     1.438398 
2461636.407980 0.000000 0.000000    -0.000000     1.438398 
2461637.339278 0.000000 0.000000    -0.000000     1.438398 
2461638.270575 0.000000 0.000000    -0.000000     1.438398 
2461639.201873 0.000000 0.000000    -0.000000     1.438398 
2461640.133171 0.000000 0.000000    -0.000000     1.438398 
2461641.064469 0.000000 0.000000    -0.000000     1.438398 
2461641.995767 0.000000 0.000000     0.000000     1.438398 
2461642.927065 0.000000 0.000000     0.000000     1.438398 
2461643.858363 0.000000 0.000000     0.000000     1.438398 
2461644.789660 0.000000 0.000000     0.000000     1.438398 
2461645.720958 0.000000 0.000000     0.000000     1.438398 
2461646.652256 0.000000 0.000000     0.000000     1.438398 
2461647.583554 0.000000 0.000000     0.000000     1.438398 
2461648.514852 0.000000 0.000000     0.000000     1.438398 
2461649.446150 0.000000 0.000000     0.000000     1.438398 
2461650.377448 0.000000 0.000000     0.000000     1.438398 
2461651.308745 0.000000 0.000000     0.000000     1.438398 
2461652.240043 0.000000 0.000000     0.000000     1.438398 
2461653.171341 0.000000 0.000000     0.000000     1.438398 
2461654.102639 0.000000 0.000000     0.000000     1.438398 
2461655.033937 0.000000 0.000000    -0.000000     1.438398 
2461655.965235 0.000000 0.000000    -0.000000     1.438398 
2461656.896532 0.000000 0.000000    -0.000000     1.438398 
2461657.827830 0.000000 0.000000    -0.000000     1.438398 
2461658.759128 0.000000 0.000000    -0.000000     1.438398 
2461659.690426 0.000000 0.000000    -0.000000     1.438398 
2461660.621724 0.000000 0.000000    -0.000000     1.438398 
2461661.553022 0.000000 0.000000    -0.000000     1.438398 
2461662.484320 0.000000 0.000000    -0.000000     1.438398 
2461663.415617 0.000000 0.000000    -0.000000     1.438398 
2461664.346915 0.000000 0.000000    -0.000000     1.438398 
2461665.278213 0.000000 0.000000    -0.000000     1.438398 
2461666.209511 0.000000 0.000000     0.000000     1.438398 
2461667.140809 0.000000 0.000000     0.000000     1.438398 
2461668.072107 0.000000 0.000000     0.000000     1.438398 
2461669.003405 0.000000 0.000000     0.000000     1.438398 
2461669.934702 0.000000 0.000000     0.000000     1.438398 
2461670.866000 0.000000 0.000000     0.000000     1.438398 
2461671.797298 0.000000 0.000000     0.000000     1.438398 
2461672.728596 0.000000 0.000000     0.000000     1.438398 
2461673.659894 0.000000 0.000000     0.000000     1.438398 
2461674.591192 0.000000 0.000000     0.000000     1.438398 
2461675.522490 0.000000 0.000000     0.000000     1.438398 
2461676.453787 0.000000 0.000000     0.000000     1.438398 
2461677.385085 0.000000 0.000000     0.000000     1.438398 
2461678.316383 0.000000 0.000000     0.000000     1.438398 
2461679.247681 0.000000 0.000000     0.000000     1.438398 
2461680.178979 0.000000 0.000000    -0.000000     1.438398 
2461681.110277 0.000000 0.000000    -0.000000     1.438398 
2461682.041574 0.000000 0.000000    -0.000000     1.438398 
2461682.972872 0.000000 0.000000    -0.000000     1.438398 
2461683.904170 0.000000 0.000000    -0.000000     1.438398 
2461684.835468 0.000000 0.000000    -0.000000     1.438398 
2461685.766766 0.000000 0.000000    -0.000000     1.438398 
2461686.698064 0.000000 0.000000    -0.000000     1.438398 
2461687.629362 0.000000 0.000000    -0.000000     1.438398 
2461688.560659 0.000000 0.000000    -0.000000     1.438398 
2461689.491957 0.000000 0.000000    -0.000000     1.438398 
2461690.423255 0.000000 0.000000    -0.000000     1.438398 
2461691.354553 0.000000 0.000000    -0.000000     1.438398 
2461692.285851 0.000000 0.000000     0.000000     1.438398 
2461693.217149 0.000000 0.000000     0.000000     1.438398 
2461694.148447 0.000000 0.000000     0.000000     1.438398 
2461695.079744 0.000000 0.000000     0.000000     1.438398 
2461696.011042 0.000000 0.000000     0.000000     1.438398 
2461696.942340 0.000000 0.000000     0.000000     1.438398 
2461697.873638 0.000000 0.000000     0.000000     1.438398 
2461698.804936 0.000000 0.000000     0.000000     1.438398 
2461699.736234 0.000000 0.000000     0.000000     1.438398 
2461700.667531 0.000000 0.000000     0.000000     1.438398 
2461701.598829 0.000000 0.000000     0.000000     1.438398 
2461702.530127 0.000000 0.000000     0.000000     1.438398 
2461703.461425 0.000000 0.000000     0.000000     1.438398 
2461704.392723 0.000000 0.000000     0.000000     1.438398 
2461705.324021 0.000000 0.000000    -0.000000     1.438398 
2461706.255319 0.000000 0.000000    -0.000000     1.438398 
2461707.186616 0.000000 0.000000    -0.000000     1.438398 
2461708.117914 0.000000 0.000000    -0.000000     1.438398 
2461709.049212 0.000000 0.000000    -0.000000     1.438398 
2461709.980510 0.000000 0.000000    -0.000000     1.438398 
2461710.911808 0.000000 0.000000    -0.000000     1.438398 
2461711.843106 0.000000 0.000000    -0.000000     1.438398 
2461712.774404 0.000000 0.000000    -0.000000     1.438398 
2461713.705701 0.000000 0.000000    -0.000000     1.438398 
2461714.636999 0.000000 0.000000    -0.000000     1.438398 
2461715.568297 0.000000 0.000000    -0.000000     1.438398 
2461716.499595 0.000000 0.000000    -0.000000     1.438398 
2461717.430893 0.000000 0.000000     0.000000     1.438398 
2461718.362191 0.000000 0.000000     0.000000     1.438398 
2461719.293488 0.000000 0.000000     0.000000     1.438398 
2461720.224786 0.000000 0.000000     0.000000     1.438398 
2461721.156084 0.000000 0.000000     0.000000     1.438398 
2461722.087382 0.000000 0.000000     0.000000     1.438398 
2461723.018680 0.000000 0.000000     0.000000     1.438398 
2461723.949978 0.000000 0.000000     0.000000     1.438398 
2461724.881276 0.000000 0.000000     0.000000     1.438398 
2461725.812573 0.000000 0.000000     0.000000     1.438398 
2461726.743871 0.000000 0.000000     0.000000     1.438398 
2461727.675169 0.000000 0.000000     0.000000     1.438398 
2461728.606467 0.000000 0.000000     0.000000     1.438398 
2461729.537765 0.000000 0.000000     0.000000     1.438398 
2461730.469063 0.000000 0.000000    -0.000000     1.438398 
2461731.400361 0.000000 0.000000    -0.000000     1.438398 
2461732.331658 0.000000 0.000000    -0.000000     1.438398 
2461733.262956 0.000000 0.000000    -0.000000     1.438398 
2461734.194254 0.000000 0.000000    -0.000000     1.438398 
2461735.125552 0.000000 0.000000    -0.000000     1.438398 
2461736.056850 0.000000 0.000000    -0.000000     1.438398 
2461736.988148 0.000000 0.000000    -0.000000     1.438398 
2461737.919446 0.000000 0.000000    -0.000000     1.438398 
2461738.850743 0.000000 0.000000    -0.000000     1.438398 
2461739.782041 0.000000 0.000000    -0.000000     1.438398 
2461740.713339 0.000000 0.000000    -0.000000     1.438398 
2461741.644637 0.000000 0.000000    -0.000000     1.438398 
2461742.575935 0.000000 0.000000     0.000000     1.438398 
2461743.507233 0.000000 0.000000     0.000000     1.438398 
2461744.438530 0.000000 0.000000     0.000000     1.438398 
2461745.369828 0.000000 0.000000     0.000000     1.438398 
2461746.301126 0.000000 0.000000     0.000000     1.438398 
2461747.232424 0.000000 0.000000     0.000000     1.438398 
2461748.163722 0.000000 0.000000     0.000000     1.438398 
2461749.095020 0.000000 0.000000     0.000000     1.438398 
2461750.026318 0.000000 0.000000     0.000000     1.438398 
2461750.957615 0.000000 0.000000     0.000000     1.438398 
2461751.888913 0.000000 0.000000     0.000000     1.438398 
2461752.820211 0.000000 0.000000     0.000000     1.438398 
2461753.751509 0.000000 0.000000     0.000000     1.438398 
2461754.682807 0.000000 0.000000     0.000000     1.438398 
2461755.614105 0.000000 0.000000    -0.000000     1.438398 
2461756.545403 0.000000 0.000000    -0.000000     1.438398 
2461757.476700 0.000000 0.000000    -0.000000     1.438398 
2461758.407998 0.000000 0.000000    -0.000000     1.438398 
2461759.339296 0.000000 0.000000    -0.000000     1.438398 
2461760.270594 0.000000 0.000000    -0.000000     1.438398 
2461761.201892 0.000000 0.000000    -0.000000     1.438398 
2461762.133190 0.000000 0.000000    -0.000000     1.438398 
2461763.064487 0.000000 0.000000    -0.000000     1.438398 
2461763.995785 0.000000 0.000000    -0.000000     1.438398 
2461764.927083 0.000000 0.000000    -0.000000     1.438398 
2461765.858381 0.000000 0.000000    -0.000000     1.438398 
2461766.789679 0.000000 0.000000    -0.000000     1.438398 
2461767.720977 0.000000 0.000000     0.000000     1.438398 
2461768.652275 0.000000 0.000000     0.000000     1.438398 
2461769.583572 0.000000 0.000000     0.000000     1.438398 
2461770.514870 0.000000 0.000000     0.000000     1.438398 
2461771.446168 0.000000 0.000000     0.000000     1.438398 
2461772.377466 0.000000 0.000000     0.000000     1.438398 
2461773.308764 0.000000 0.000000     0.000000     1.438398 
2461774.240062 0.000000 0.000000     0.000000     1.438398 
2461775.171360 0.000000 0.000000     0.000000     1.438398 
2461776.102657 0.000000 0.000000     0.000000     1.438398 
2461777.033955 0.000000 0.000000     0.000000     1.438398 
2461777.965253 0.000000 0.000000     0.000000     1.438398 
2461778.896551 0.000000 0.000000     0.000000     1.438398 
2461779.827849 0.000000 0.000000     0.000000     1.438398 
2461780.759147 0.000000 0.000000    -0.000000     1.438398 
2461781.690444 0.000000 0.000000    -0.000000     1.438398 
2461782.621742 0.000000 0.000000    -0.000000     1.438398 
2461783.553040 0.000000 0.000000    -0.000000     1.438398 
2461784.484338 0.000000 0.000000    -0.000000     1.438398 
2461785.415636 0.000000 0.000000    -0.000000     1.438398 
2461786.346934 0.000000 0.000000    -0.000000     1.438398 
2461787.278232 0.000000 0.000000    -0.000000     1.438398 
2461788.209529 0.000000 0.000000    -0.000000     1.438398 
2461789.140827 0.000000 0.000000    -0.000000     1.438398 
2461790.072125 0.000000 0.000000    -0.000000     1.438398 
2461791.003423 0.000000 0.000000    -0.000000     1.438398 
2461791.934721 0.000000 0.000000    -0.000000     1.438398 
2461792.866019 0.000000 0.000000     0.000000     1.438398 
2461793.797317 0.000000 0.000000     0.000000     1.438398 
2461794.728614 0.000000 0.000000     0.000000     1.438398 
2461795.659912 0.000000 0.000000     0.000000     1.438398 
2461796.591210 0.000000 0.000000     0.000000     1.438398 
2461797.522508 0.000000 0.000000     0.000000     1.438398 
2461798.453806 0.000000 0.000000     0.000000     1.438398 
2461799.385104 0.000000 0.000000     0.000000     1.438398 
2461800.316402 0.000000 0.000000     0.000000     1.438398 
2461801.247699 0.000000 0.000000     0.000000     1.438398 
2461802.178997 0.000000 0.000000     0.000000     1.438398 
2461803.110295 0.000000 0.000000     0.000000     1.438398 
2461804.041593 0.000000 0.000000     0.000000     1.438398 
2461804.972891 0.000000 0.000000     0.000000     1.438398 
2461805.904189 0.000000 0.000000    -0.000000     1.438398 
2461806.835486 0.000000 0.000000    -0.000000     1.438398 
2461807.766784 0.000000 0.000000    -0.000000     1.438398 
2461808.698082 0.000000 0.000000    -0.000000     1.438398 
2461809.629380 0.000000 0.000000    -0.000000     1.438398 
2461810.560678 0.000000 0.000000    -0.000000     1.438398 
2461811.491976 0.000000 0.000000    -0.000000     1.438398 
2461812.423274 0.000000 0.000000    -0.000000     1.438398 
2461813.354571 0.000000 0.000000    -0.000000     1.438398 
2461814.285869 0.000000 0.000000    -0.000000     1.438398 
2461815.217167 0.000000 0.000000    -0.000000     1.438398 
2461816.148465 0.000000 0.000000    -0.000000     1.438398 
2461817.079763 0.000000 0.000000    -0.000000     1.438398 
2461818.011061 0.000000 0.000000     0.000000     1.438398 
2461818.942359 0.000000 0.000000     0.000000     1.438398 
2461819.873656 0.000000 0.000000     0.000000     1.438398 
2461820.804954 0.000000 0.000000     0.000000     1.438398 
2461821.736252 0.000000 0.000000     0.000000     1.438398 
2461822.667550 0.000000 0.000000     0.000000     1.438398 
2461823.598848 0.000000 0.000000     0.000000     1.438398 
2461824.530146 0.000000 0.000000     0.000000     1.438398 
2461825.461443 0.000000 0.000000     0.000000     1.438398 
2461826.392741 0.000000 0.000000     0.000000     1.438398 
2461827.324039 0.000000 0.000000     0.000000     1.438398 
2461828.255337 0.000000 0.000000     0.000000     1.438398 
2461829.186635 0.000000 0.000000     0.000000     1.438398 
2461830.117933 0.000000 0.000000     0.000000     1.438398 
2461831.049231 0.000000 0.000000    -0.000000     1.438398 
2461831.980528 0.000000 0.000000    -0.000000     1.438398 
2461832.911826 0.000000 0.000000    -0.000000     1.438398 
2461833.843124 0.000000 0.000000    -0.000000     1.438398 
2461834.774422 0.000000 0.000000    -0.000000     1.438398 
2461835.705720 0.000000 0.000000    -0.000000     1.438398 
2461836.637018 0.000000 0.000000    -0.000000     1.438398 
2461837.568316 0.000000 0.000000    -0.000000     1.438398 
2461838.499613 0.000000 0.000000    -0.000000     1.438398 
2461839.430911 0.000000 0.000000    -0.000000     1.438398 
2461840.362209 0.000000 0.000000    -0.000000     1.438398 
2461841.293507 0.000000 0.000000    -0.000000     1.438398 
2461842.224805 0.000000 0.000000    -0.000000     1.438398 
2461843.156103 0.000000 0.000000     0.000000     1.438398 
2461844.087401 0.000000 0.000000     0.000000     1.438398 
2461845.018698 0.000000 0.000000     0.000000     1.438398 
2461845.949996 0.000000 0.000000     0.000000     1.438398 
2461846.881294 0.000000 0.000000     0.000000     1.438398 
2461847.812592 0.000000 0.000000     0.000000     1.438398 
2461848.743890 0.000000 0.000000     0.000000     1.438398 
2461849.675188 0.000000 0.000000     0.000000     1.438398 
2461850.606485 0.000000 0.000000     0.000000     1.438398 
2461851.537783 0.000000 0.000000     0.000000     1.438398 
2461852.469081 0.000000 0.000000     0.000000     1.438398 
2461853.400379 0.000000 0.000000     0.000000     1.438398 
2461854.331677 0.000000 0.000000     0.000000     1.438398 
2461855.262975 0.000000 0.000000     0.000000     1.438398 
2461856.194273 0.000000 0.000000     0.000000     1.438398 
2461857.125570 0.000000 0.000000    -0.000000     1.438398 
2461858.056868 0.000000 0.000000    -0.000000     1.438398 
2461858.988166 0.000000 0.000000    -0.000000     1.438398 
2461859.919464 0.000000 0.000000    -0.000000     1.438398 
2461860.850762 0.000000 0.000000    -0.000000     1.438398 
2461861.782060 0.000000 0.000000    -0.000000     1.438398 
2461862.713358 0.000000 0.000000    -0.000000     1.438398 
2461863.644655 0.000000 0.000000    -0.000000     1.438398 
2461864.575953 0.000000 0.000000    -0.000000     1.438398 
2461865.507251 0.000000 0.000000    -0.000000     1.438398 
2461866.438549 0.000000 0.000000    -0.000000     1.438398 
2461867.369847 0.000000 0.000000    -0.000000     1.438398 
2461868.301145 0.000000 0.000000     0.000000     1.438398 
2461869.232442 0.000000 0.000000     0.000000     1.438398 
2461870.163740 0.000000 0.000000     0.000000     1.438398 
2461871.095038 0.000000 0.000000     0.000000     1.438398 
2461872.026336 0.000000 0.000000     0.000000     1.438398 
2461872.957634 0.000000 0.000000     0.000000     1.438398 
2461873.888932 0.000000 0.000000     0.000000     1.438398 
2461874.820230 0.000000 0.000000     0.000000     1.438398 
2461875.751527 0.000000 0.000000     0.000000     1.438398 
2461876.682825 0.000000 0.000000     0.000000     1.438398 
2461877.614123 0.000000 0.000000     0.000000     1.438398 
2461878.545421 0.000000 0.000000     0.000000     1.438398 
2461879.476719 0.000000 0.000000     0.000000     1.438398 
2461880.408017 0.000000 0.000000     0.000000     1.438398 
2461881.339315 0.000000 0.000000     0.000000     1.438398 
2461882.270612 0.000000 0.000000    -0.000000     1.438398 
2461883.201910 0.000000 0.000000    -0.000000     1.438398 
2461884.133208 0.000000 0.000000    -0.000000     1.438398 
2461885.064506 0.000000 0.000000    -0.000000     1.438398 
2461885.995804 0.000000 0.000000    -0.000000     1.438398 
2461886.927102 0.000000 0.000000    -0.000000     1.438398 
2461887.858399 0.000000 0.000000    -0.000000     1.438398 
2461888.789697 0.000000 0.000000    -0.000000     1.438398 
2461889.720995 0.000000 0.000000    -0.000000     1.438398 
2461890.652293 0.000000 0.000000    -0.000000     1.438398 
2461891.583591 0.000000 0.000000    -0.000000     1.438398 
2461892.514889 0.000000 0.000000    -0.000000     1.438398 
2461893.446187 0.000000 0.000000     0.000000     1.438398 
2461894.377484 0.000000 0.000000     0.000000     1.438398 
2461895.308782 0.000000 0.000000     0.000000     1.438398 
2461896.240080 0.000000 0.000000     0.000000     1.438398 
2461897.171378 0.000000 0.000000     0.000000     1.438398 
2461898.102676 0.000000 0.000000     0.000000     1.438398 
2461899.033974 0.000000 0.000000     0.000000     1.438398 
2461899.965272 0.000000 0.000000     0.000000     1.438398 
2461900.896569 0.000000 0.000000     0.000000     1.438398 
2461901.827867 0.000000 0.000000     0.000000     1.438398 
2461902.759165 0.000000 0.000000     0.000000     1.438398 
2461903.690463 0.000000 0.000000     0.000000     1.438398 
2461904.621761 0.000000 0.000000     0.000000     1.438398 
2461905.553059 0.000000 0.000000     0.000000     1.438398 
2461906.484357 0.000000 0.000000     0.000000     1.438398 
2461907.415654 0.000000 0.000000    -0.000000     1.438398 
2461908.346952 0.000000 0.000000    -0.000000     1.438398 
2461909.278250 0.000000 0.000000    -0.000000     1.438398 
2461910.209548 0.000000 0.000000    -0.000000     1.438398 
2461911.140846 0.000000 0.000000    -0.000000     1.438398 
2461912.072144 0.000000 0.000000    -0.000000     1.438398 
2461913.003441 0.000000 0.000000    -0.000000     1.438398 
2461913.934739 0.000000 0.000000    -0.000000     1.438398 
2461914.866037 0.000000 0.000000    -0.000000     1.438398 
2461915.797335 0.000000 0.000000    -0.000000     1.438398 
2461916.728633 0.000000 0.000000    -0.000000     1.438398 
2461917.659931 0.000000 0.000000    -0.000000     1.438398 
2461918.591229 0.000000 0.000000     0.000000     1.438398 
2461919.522526 0.000000 0.000000     0.000000     1.438398 
2461920.453824 0.000000 0.000000     0.000000     1.438398 
2461921.385122 0.000000 0.000000     0.000000     1.438398 
2461922.316420 0.000000 0.000000     0.000000     1.438398 
2461923.247718 0.000000 0.000000     0.000000     1.438398 
2461924.179016 0.000000 0.000000     0.000000     1.438398 
2461925.110314 0.000000 0.000000     0.000000     1.438398 
2461926.041611 0.000000 0.000000     0.000000     1.438398 
2461926.972909 0.000000 0.000000     0.000000     1.438398 
2461927.904207 0.000000 0.000000     0.000000     1.438398 
2461928.835505 0.000000 0.000000     0.000000     1.438398 
2461929.766803 0.000000 0.000000     0.000000     1.438398 
2461930.698101 0.000000 0.000000     0.000000     1.438398 
2461931.629398 0.000000 0.000000    -0.000000     1.438398 
2461932.560696 0.000000 0.000000    -0.000000     1.438398 
2461933.491994 0.000000 0.000000    -0.000000     1.438398 
2461934.423292 0.000000 0.000000    -0.000000     1.438398 
2461935.354590 0.000000 0.000000    -0.000000     1.438398 
2461936.285888 0.000000 0.000000    -0.000000     1.438398 
2461937.217186 0.000000 0.000000    -0.000000     1.438398 
2461938.148483 0.000000 0.000000    -0.000000     1.438398 
2461939.079781 0.000000 0.000000    -0.000000     1.438398 
2461940.011079 0.000000 0.000000    -0.000000     1.438398 
2461940.942377 0.000000 0.000000    -0.000000     1.438398 
2461941.873675 0.000000 0.000000    -0.000000     1.438398 
2461942.804973 0.000000 0.000000    -0.000000     1.438398 
2461943.736271 0.000000 0.000000    -0.000000     1.438398 
2461944.667568 0.000000 0.000000     0.000000     1.438398 
2461945.598866 0.000000 0.000000     0.000000     1.438398 
2461946.530164 0.000000 0.000000     0.000000     1.438398 
2461947.461462 0.000000 0.000000     0.000000     1.438398 
2461948.392760 0.000000 0.000000     0.000000     1.438398 
2461949.324058 0.000000 0.000000     0.000000     1.438398 
2461950.255355 0.000000 0.000000     0.000000     1.438398 
2461951.186653 0.000000 0.000000     0.000000     1.438398 
2461952.117951 0.000000 0.000000     0.000000     1.438398 
2461953.049249 0.000000 0.000000     0.000000     1.438398 
2461953.980547 0.000000 0.000000     0.000000     1.438398 
2461954.911845 0.000000 0.000000     0.000000     1.438398 
2461955.843143 0.000000 0.000000     0.000000     1.438398 
2461956.774440 0.000000 0.000000    -0.000000     1.438398 
2461957.705738 0.000000 0.000000    -0.000000     1.438398 
2461958.637036 0.000000 0.000000    -0.000000     1.438398 
2461959.568334 0.000000 0.000000    -0.000000     1.438398 
2461960.499632 0.000000 0.000000    -0.000000     1.438398 
2461961.430930 0.000000 0.000000    -0.000000     1.438398 
2461962.362228 0.000000 0.000000    -0.000000     1.438398 
2461963.293525 0.000000 0.000000    -0.000000     1.438398 
2461964.224823 0.000000 0.000000    -0.000000     1.438398 
2461965.156121 0.000000 0.000000    -0.000000     1.438398 
2461966.087419 0.000000 0.000000    -0.000000     1.438398 
2461967.018717 0.000000 0.000000    -0.000000     1.438398 
2461967.950015 0.000000 0.000000    -0.000000     1.438398 
2461968.881313 0.000000 0.000000    -0.000000     1.438398 
2461969.812610 0.000000 0.000000     0.000000     1.438398 
2461970.743908 0.000000 0.000000     0.000000     1.438398 
2461971.675206 0.000000 0.000000     0.000000     1.438398 
2461972.606504 0.000000 0.000000     0.000000     1.438398 
2461973.537802 0.000000 0.000000     0.000000     1.438398 
2461974.469100 0.000000 0.000000     0.000000     1.438398 
2461975.400397 0.000000 0.000000     0.000000     1.438398 
2461976.331695 0.000000 0.000000     0.000000     1.438398 
2461977.262993 0.000000 0.000000     0.000000     1.438398 
2461978.194291 0.000000 0.000000     0.000000     1.438398 
2461979.125589 0.000000 0.000000     0.000000     1.438398 
2461980.056887 0.000000 0.000000     0.000000     1.438398 
2461980.988185 0.000000 0.000000     0.000000     1.438398 
2461981.919482 0.000000 0.000000    -0.000000     1.438398 
2461982.850780 0.000000 0.000000    -0.000000     1.438398 
2461983.782078 0.000000 0.000000    -0.000000     1.438398 
2461984.713376 0.000000 0.000000    -0.000000     1.438398 
2461985.644674 0.000000 0.000000    -0.000000     1.438398 
2461986.575972 0.000000 0.000000    -0.000000     1.438398 
2461987.507270 0.000000 0.000000    -0.000000     1.438398 
2461988.438567 0.000000 0.000000    -0.000000     1.438398 
2461989.369865 0.000000 0.000000    -0.000000     1.438398 
2461990.301163 0.000000 0.000000    -0.000000     1.438398 
2461991.232461 0.000000 0.000000    -0.000000     1.438398 
2461992.163759 0.000000 0.000000    -0.000000     1.438398 
2461993.095057 0.000000 0.000000    -0.000000     1.438398 
2461994.026354 0.000000 0.000000    -0.000000     1.438398 
2461994.957652 0.000000 0.000000     0.000000     1.438398 
2461995.888950 0.000000 0.000000     0.000000     1.438398 
2461996.820248 0.000000 0.000000     0.000000     1.438398 
2461997.751546 0.000000 0.000000     0.000000     1.438398 
2461998.682844 0.000000 0.000000     0.000000     1.438398 
2461999.614142 0.000000 0.000000     0.000000     1.438398 
2462000.545439 0.000000 0.000000     0.000000     1.438398 
2462001.476737 0.000000 0.000000     0.000000     1.438398 
2462002.408035 0.000000 0.000000     0.000000     1.438398 
2462003.339333 0.000000 0.000000     0.000000     1.438398 
2462004.270631 0.000000 0.000000     0.000000     1.438398 
2462005.201929 0.000000 0.000000     0.000000     1.438398 
2462006.133227 0.000000 0.000000     0.000000     1.438398 
2462007.064524 0.000000 0.000000     0.000000     1.438398 
2462007.995822 0.000000 0.000000    -0.000000     1.438398 
2462008.927120 0.000000 0.000000    -0.000000     1.438398 
2462009.858418 0.000000 0.000000    -0.000000     1.438398 
2462010.789716 0.000000 0.000000    -0.000000     1.438398 
2462011.721014 0.000000 0.000000    -0.000000     1.438398 
2462012.652311 0.000000 0.000000    -0.000000     1.438398 
2462013.583609 0.000000 0.000000    -0.000000     1.438398 
2462014.514907 0.000000 0.000000    -0.000000     1.438398 
2462015.446205 0.000000 0.000000    -0.000000     1.438398 
2462016.377503 0.000000 0.000000    -0.000000     1.438398 
2462017.308801 0.000000 0.000000    -0.000000     1.438398 
2462018.240099 0.000000 0.000000    -0.000000     1.438398 
2462019.171396 0.000000 0.000000    -0.000000     1.438398 
2462020.102694 0.000000 0.000000     0.000000     1.438398 
2462021.033992 0.000000 0.000000     0.000000     1.438398 
2462021.965290 0.000000 0.000000     0.000000     1.438398 
2462022.896588 0.000000 0.000000     0.000000     1.438398 
2462023.827886 0.000000 0.000000     0.000000     1.438398 
2462024.759184 0.000000 0.000000     0.000000     1.438398 
2462025.690481 0.000000 0.000000     0.000000     1.438398 
2462026.621779 0.000000 0.000000     0.000000     1.438398 
2462027.553077 0.000000 0.000000     0.000000     1.438398 
2462028.484375 0.000000 0.000000     0.000000     1.438398 
2462029.415673 0.000000 0.000000     0.000000     1.438398 
2462030.346971 0.000000 0.000000     0.000000     1.438398 
2462031.278269 0.000000 0.000000     0.000000     1.438398 
2462032.209566 0.000000 0.000000     0.000000     1.438398 
2462033.140864 0.000000 0.000000    -0.000000     1.438398 
2462034.072162 0.000000 0.000000    -0.000000     1.438398 
2462035.003460 0.000000 0.000000    -0.000000     1.438398 
2462035.934758 0.000000 0.000000    -0.000000     1.438398 
2462036.866056 0.000000 0.000000    -0.000000     1.438398 
2462037.797353 0.000000 0.000000    -0.000000     1.438398 
2462038.728651 0.000000 0.000000    -0.000000     1.438398 
2462039.659949 0.000000 0.000000    -0.000000     1.438398 
2462040.591247 0.000000 0.000000    -0.000000     1.438398 
2462041.522545 0.000000 0.000000    -0.000000     1.438398 
2462042.453843 0.000000 0.000000    -0.000000     1.438398 
2462043.385141 0.000000 0.000000    -0.000000     1.438398 
2462044.316438 0.000000 0.000000    -0.000000     1.438398 
2462045.247736 0.000000 0.000000     0.000000     1.438398 
2462046.179034 0.000000 0.000000     0.000000     1.438398 
2462047.110332 0.000000 0.000000     0.000000     1.438398 
2462048.041630 0.000000 0.000000     0.000000     1.438398 
2462048.972928 0.000000 0.000000     0.000000     1.438398 
2462049.904226 0.000000 0.000000     0.000000     1.438398 
2462050.835523 0.000000 0.000000     0.000000     1.438398 
2462051.766821 0.000000 0.000000     0.000000     1.438398 
2462052.698119 0.000000 0.000000     0.000000     1.438398 
2462053.629417 0.000000 0.000000     0.000000     1.438398 
2462054.560715 0.000000 0.000000     0.000000     1.438398 
2462055.492013 0.000000 0.000000     0.000000     1.438398 
2462056.423310 0.000000 0.000000     0.000000     1.438398 
2462057.354608 0.000000 0.000000     0.000000     1.438398 
2462058.285906 0.000000 0.000000    -0.000000     1.438398 
2462059.217204 0.000000 0.000000    -0.000000     1.438398 
2462060.148502 0.000000 0.000000    -0.000000     1.438398 
2462061.079800 0.000000 0.000000    -0.000000     1.438398 
2462062.011098 0.000000 0.000000    -0.000000     1.438398 
2462062.942395 0.000000 0.000000    -0.000000     1.438398 
2462063.873693 0.000000 0.000000    -0.000000     1.438398 
2462064.804991 0.000000 0.000000    -0.000000     1.438398 
2462065.736289 0.000000 0.000000    -0.000000     1.438398 
2462066.667587 0.000000 0.000000    -0.000000     1.438398 
2462067.598885 0.000000 0.000000    -0.000000     1.438398 
2462068.530183 0.000000 0.000000    -0.000000     1.438398 
2462069.461480 0.000000 0.000000    -0.000000     1.438398 
2462070.392778 0.000000 0.000000     0.000000     1.438398 
2462071.324076 0.000000 0.000000     0.000000     1.438398 
2462072.255374 0.000000 0.000000     0.000000     1.438398 
2462073.186672 0.000000 0.000000     0.000000     1.438398 
2462074.117970 0.000000 0.000000     0.000000     1.438398 
2462075.049267 0.000000 0.000000     0.000000     1.438398 
2462075.980565 0.000000 0.000000     0.000000     1.438398 
2462076.911863 0.000000 0.000000     0.000000     1.438398 
2462077.843161 0.000000 0.000000     0.000000     1.438398 
2462078.774459 0.000000 0.000000     0.000000     1.438398 
2462079.705757 0.000000 0.000000     0.000000     1.438398 
2462080.637055 0.000000 0.000000     0.000000     1.438398 
2462081.568352 0.000000 0.000000     0.000000     1.438398 
2462082.499650 0.000000 0.000000     0.000000     1.438398 
2462083.430948 0.000000 0.000000    -0.000000     1.438398 
2462084.362246 0.000000 0.000000    -0.000000     1.438398 
2462085.293544 0.000000 0.000000    -0.000000     1.438398 
2462086.224842 0.000000 0.000000    -0.000000     1.438398 
2462087.156140 0.000000 0.000000    -0.000000     1.438398 
2462088.087437 0.000000 0.000000    -0.000000     1.438398 
2462089.018735 0.000000 0.000000    -0.000000     1.438398 
2462089.950033 0.000000 0.000000    -0.000000     1.438398 
2462090.881331 0.000000 0.000000    -0.000000     1.438398 
2462091.812629 0.000000 0.000000    -0.000000     1.438398 
2462092.743927 0.000000 0.000000    -0.000000     1.438398 
2462093.675225 0.000000 0.000000    -0.000000     1.438398 
2462094.606522 0.000000 0.000000     0.000000     1.438398 
2462095.537820 0.000000 0.000000     0.000000     1.438398 
2462096.469118 0.000000 0.000000     0.000000     1.438398 
2462097.400416 0.000000 0.000000     0.000000     1.438398 
2462098.331714 0.000000 0.000000     0.000000     1.438398 
2462099.263012 0.000000 0.000000     0.000000     1.438398 
2462100.194309 0.000000 0.000000     0.000000     1.438398 
2462101.125607 0.000000 0.000000     0.000000     1.438398 
2462102.056905 0.000000 0.000000     0.000000     1.438398 
2462102.988203 0.000000 0.000000     0.000000     1.438398 
2462103.919501 0.000000 0.000000     0.000000     1.438398 
2462104.850799 0.000000 0.000000     0.000000     1.438398 
2462105.782097 0.000000 0.000000     0.000000     1.438398 
2462106.713394 0.000000 0.000000     0.000000     1.438398 
2462107.644692 0.000000 0.000000     0.000000     1.438398 
2462108.575990 0.000000 0.000000    -0.000000     1.438398 
2462109.507288 0.000000 0.000000    -0.000000     1.438398 
2462110.438586 0.000000 0.000000    -0.000000     1.438398 
2462111.369884 0.000000 0.000000    -0.000000     1.438398 
2462112.301182 0.000000 0.000000    -0.000000     1.438398 
2462113.232479 0.000000 0.000000    -0.000000     1.438398 
2462114.163777 0.000000 0.000000    -0.000000     1.438398 
2462115.095075 0.000000 0.000000    -0.000000     1.438398 
2462116.026373 0.000000 0.000000    -0.000000     1.438398 
2462116.957671 0.000000 0.000000    -0.000000     1.438398 
2462117.888969 0.000000 0.000000    -0.000000     1.438398 
2462118.820266 0.000000 0.000000    -0.000000     1.438398 
2462119.751564 0.000000 0.000000     0.000000     1.438398 
2462120.682862 0.000000 0.000000     0.000000     1.438398 
2462121.614160 0.000000 0.000000     0.000000     1.438398 
2462122.545458 0.000000 0.000000     0.000000     1.438398 
2462123.476756 0.000000 0.000000     0.000000     1.438398 
2462124.408054 0.000000 0.000000     0.000000     1.438398 
2462125.339351 0.000000 0.000000     0.000000     1.438398 
2462126.270649 0.000000 0.000000     0.000000     1.438398 
2462127.201947 0.000000 0.000000     0.000000     1.438398 
2462128.133245 0.000000 0.000000     0.000000     1.438398 
2462129.064543 0.000000 0.000000     0.000000     1.438398 
2462129.995841 0.000000 0.000000     0.000000     1.438398 
2462130.927139 0.000000 0.000000     0.000000     1.438398 
2462131.858436 0.000000 0.000000     0.000000     1.438398 
2462132.789734 0.000000 0.000000     0.000000     1.438398 
2462133.721032 0.000000 0.000000    -0.000000     1.438398 
2462134.652330 0.000000 0.000000    -0.000000     1.438398 
2462135.583628 0.000000 0.000000    -0.000000     1.438398 
2462136.514926 0.000000 0.000000    -0.000000     1.438398 
2462137.446224 0.000000 0.000000    -0.000000     1.438398 
2462138.377521 0.000000 0.000000    -0.000000     1.438398 
2462139.308819 0.000000 0.000000    -0.000000     1.438398 
2462140.240117 0.000000 0.000000    -0.000000     1.438398 
2462141.171415 0.000000 0.000000    -0.000000     1.438398 
2462142.102713 0.000000 0.000000    -0.000000     1.438398 
2462143.034011 0.000000 0.000000    -0.000000     1.438398 
2462143.965308 0.000000 0.000000    -0.000000     1.438398 
2462144.896606 0.000000 0.000000    -0.000000     1.438398 
2462145.827904 0.000000 0.000000     0.000000     1.438398 
2462146.759202 0.000000 0.000000     0.000000     1.438398 
2462147.690500 0.000000 0.000000     0.000000     1.438398 
2462148.621798 0.000000 0.000000     0.000000     1.438398 
2462149.553096 0.000000 0.000000     0.000000     1.438398 
2462150.484393 0.000000 0.000000     0.000000     1.438398 
2462151.415691 0.000000 0.000000     0.000000     1.438398 
2462152.346989 0.000000 0.000000     0.000000     1.438398 
2462153.278287 0.000000 0.000000     0.000000     1.438398 
2462154.209585 0.000000 0.000000     0.000000     1.438398 
2462155.140883 0.000000 0.000000     0.000000     1.438398 
2462156.072181 0.000000 0.000000     0.000000     1.438398 
2462157.003478 0.000000 0.000000     0.000000     1.438398 
2462157.934776 0.000000 0.000000    -0.000000     1.438398 
2462158.866074 0.000000 0.000000    -0.000000     1.438398 
2462159.797372 0.000000 0.000000    -0.000000     1.438398 
2462160.728670 0.000000 0.000000    -0.000000     1.438398 
2462161.659968 0.000000 0.000000    -0.000000     1.438398 
2462162.591265 0.000000 0.000000    -0.000000     1.438398 
2462163.522563 0.000000 0.000000    -0.000000     1.438398 
2462164.453861 0.000000 0.000000    -0.000000     1.438398 
2462165.385159 0.000000 0.000000    -0.000000     1.438398 
2462166.316457 0.000000 0.000000    -0.000000     1.438398 
2462167.247755 0.000000 0.000000    -0.000000     1.438398 
2462168.179053 0.000000 0.000000    -0.000000     1.438398 
2462169.110350 0.000000 0.000000    -0.000000     1.438398 
2462170.041648 0.000000 0.000000    -0.000000     1.438398 
2462170.972946 0.000000 0.000000     0.000000     1.438398 
2462171.904244 0.000000 0.000000     0.000000     1.438398 
2462172.835542 0.000000 0.000000     0.000000     1.438398 
2462173.766840 0.000000 0.000000     0.000000     1.438398 
2462174.698138 0.000000 0.000000     0.000000     1.438398 
2462175.629435 0.000000 0.000000     0.000000     1.438398 
2462176.560733 0.000000 0.000000     0.000000     1.438398 
2462177.492031 0.000000 0.000000     0.000000     1.438398 
2462178.423329 0.000000 0.000000     0.000000     1.438398 
2462179.354627 0.000000 0.000000     0.000000     1.438398 
2462180.285925 0.000000 0.000000     0.000000     1.438398 
2462181.217222 0.000000 0.000000     0.000000     1.438398 
2462182.148520 0.000000 0.000000     0.000000     1.438398 
2462183.079818 0.000000 0.000000     0.000000     1.438398 
2462184.011116 0.000000 0.000000    -0.000000     1.438398 
2462184.942414 0.000000 0.000000    -0.000000     1.438398 
2462185.873712 0.000000 0.000000    -0.000000     1.438398 
2462186.805010 0.000000 0.000000    -0.000000     1.438398 
2462187.736307 0.000000 0.000000    -0.000000     1.438398 
2462188.667605 0.000000 0.000000    -0.000000     1.438398 
2462189.598903 0.000000 0.000000    -0.000000     1.438398 
2462190.530201 0.000000 0.000000    -0.000000     1.438398 
2462191.461499 0.000000 0.000000    -0.000000     1.438398 
2462192.392797 0.000000 0.000000    -0.000000     1.438398 
2462193.324095 0.000000 0.000000    -0.000000     1.438398 
2462194.255392 0.000000 0.000000    -0.000000     1.438398 
2462195.186690 0.000000 0.000000    -0.000000     1.438398 
2462196.117988 0.000000 0.000000     0.000000     1.438398 
2462197.049286 0.000000 0.000000     0.000000     1.438398 
2462197.980584 0.000000 0.000000     0.000000     1.438398 
2462198.911882 0.000000 0.000000     0.000000     1.438398 
2462199.843180 0.000000 0.000000     0.000000     1.438398 
2462200.774477 0.000000 0.000000     0.000000     1.438398 
2462201.705775 0.000000 0.000000     0.000000     1.438398 
2462202.637073 0.000000 0.000000     0.000000     1.438398 
2462203.568371 0.000000 0.000000     0.000000     1.438398 
2462204.499669 0.000000 0.000000     0.000000     1.438398 
2462205.430967 0.000000 0.000000     0.000000     1.438398 
2462206.362264 0.000000 0.000000     0.000000     1.438398 
2462207.293562 0.000000 0.000000     0.000000     1.438398 
2462208.224860 0.000000 0.000000     0.000000     1.438398 
2462209.156158 0.000000 0.000000    -0.000000     1.438398 
2462210.087456 0.000000 0.000000    -0.000000     1.438398 
2462211.018754 0.000000 0.000000    -0.000000     1.438398 
2462211.950052 0.000000 0.000000    -0.000000     1.438398 
2462212.881349 0.000000 0.000000    -0.000000     1.438398 
2462213.812647 0.000000 0.000000    -0.000000     1.438398 
2462214.743945 0.000000 0.000000    -0.000000     1.438398 
2462215.675243 0.000000 0.000000    -0.000000     1.438398 
2462216.606541 0.000000 0.000000    -0.000000     1.438398 
2462217.537839 0.000000 0.000000    -0.000000     1.438398 
2462218.469137 0.000000 0.000000    -0.000000     1.438398 
2462219.400434 0.000000 0.000000    -0.000000     1.438398 
2462220.331732 0.000000 0.000000    -0.000000     1.438398 
2462221.263030 0.000000 0.000000     0.000000     1.438398 
2462222.194328 0.000000 0.000000     0.000000     1.438398 
2462223.125626 0.000000 0.000000     0.000000     1.438398 
2462224.056924 0.000000 0.000000     0.000000     1.438398 
2462224.988221 0.000000 0.000000     0.000000     1.438398 
2462225.919519 0.000000 0.000000     0.000000     1.438398 
2462226.850817 0.000000 0.000000     0.000000     1.438398 
2462227.782115 0.000000 0.000000     0.000000     1.438398 
2462228.713413 0.000000 0.000000     0.000000     1.438398 
2462229.644711 0.000000 0.000000     0.000000     1.438398 
2462230.576009 0.000000 0.000000     0.000000     1.438398 
2462231.507306 0.000000 0.000000     0.000000     1.438398 
2462232.438604 0.000000 0.000000     0.000000     1.438398 
2462233.369902 0.000000 0.000000     0.000000     1.438398 
2462234.301200 0.000000 0.000000    -0.000000     1.438398 
2462235.232498 0.000000 0.000000    -0.000000     1.438398 
2462236.163796 0.000000 0.000000    -0.000000     1.438398 
2462237.095094 0.000000 0.000000    -0.000000     1.438398 
2462238.026391 0.000000 0.000000    -0.000000     1.438398 
2462238.957689 0.000000 0.000000    -0.000000     1.438398 
2462239.888987 0.000000 0.000000    -0.000000     1.438398 
2462240.820285 0.000000 0.000000    -0.000000     1.438398 
2462241.751583 0.000000 0.000000    -0.000000     1.438398 
2462242.682881 0.000000 0.000000    -0.000000     1.438398 
2462243.614178 0.000000 0.000000    -0.000000     1.438398 
2462244.545476 0.000000 0.000000    -0.000000     1.438398 
2462245.476774 0.000000 0.000000    -0.000000     1.438398 
2462246.408072 0.000000 0.000000     0.000000     1.438398 
2462247.339370 0.000000 0.000000     0.000000     1.438398 
2462248.270668 0.000000 0.000000     0.000000     1.438398 
2462249.201966 0.000000 0.000000     0.000000     1.438398 
2462250.133263 0.000000 0.000000     0.000000     1.438398 
2462251.064561 0.000000 0.000000     0.000000     1.438398 
2462251.995859 0.000000 0.000000     0.000000     1.438398 
2462252.927157 0.000000 0.000000     0.000000     1.438398 
2462253.858455 0.000000 0.000000     0.000000     1.438398 
2462254.789753 0.000000 0.000000     0.000000     1.438398 
2462255.721051 0.000000 0.000000     0.000000     1.438398 
2462256.652348 0.000000 0.000000     0.000000     1.438398 
2462257.583646 0.000000 0.000000     0.000000     1.438398 
2462258.514944 0.000000 0.000000     0.000000     1.438398 
2462259.446242 0.000000 0.000000    -0.000000     1.438398 
2462260.377540 0.000000 0.000000    -0.000000     1.438398 
2462261.308838 0.000000 0.000000    -0.000000     1.438398 
2462262.240136 0.000000 0.000000    -0.000000     1.438398 
2462263.171433 0.000000 0.000000    -0.000000     1.438398 
2462264.102731 0.000000 0.000000    -0.000000     1.438398 
2462265.034029 0.000000 0.000000    -0.000000     1.438398 
2462265.965327 0.000000 0.000000    -0.000000     1.438398 
2462266.896625 0.000000 0.000000    -0.000000     1.438398 
2462267.827923 0.000000 0.000000    -0.000000     1.438398 
2462268.759220 0.000000 0.000000    -0.000000     1.438398 
2462269.690518 0.000000 0.000000    -0.000000     1.438398 
2462270.621816 0.000000 0.000000    -0.000000     1.438398 
2462271.553114 0.000000 0.000000     0.000000     1.438398 
2462272.484412 0.000000 0.000000     0.000000     1.438398 
2462273.415710 0.000000 0.000000     0.000000     1.438398 
2462274.347008 0.000000 0.000000     0.000000     1.438398 
2462275.278305 0.000000 0.000000     0.000000     1.438398 
2462276.209603 0.000000 0.000000     0.000000     1.438398 
2462277.140901 0.000000 0.000000     0.000000     1.438398 
2462278.072199 0.000000 0.000000     0.000000     1.438398 
2462279.003497 0.000000 0.000000     0.000000     1.438398 
2462279.934795 0.000000 0.000000     0.000000     1.438398 
2462280.866093 0.000000 0.000000     0.000000     1.438398 
2462281.797390 0.000000 0.000000     0.000000     1.438398 
2462282.728688 0.000000 0.000000     0.000000     1.438398 
2462283.659986 0.000000 0.000000     0.000000     1.438398 
2462284.591284 0.000000 0.000000    -0.000000     1.438398 
2462285.522582 0.000000 0.000000    -0.000000     1.438398 
2462286.453880 0.000000 0.000000    -0.000000     1.438398 
2462287.385177 0.000000 0.000000    -0.000000     1.438398 
2462288.316475 0.000000 0.000000    -0.000000     1.438398 
2462289.247773 0.000000 0.000000    -0.000000     1.438398 
2462290.179071 0.000000 0.000000    -0.000000     1.438398 
2462291.110369 0.000000 0.000000    -0.000000     1.438398 
2462292.041667 0.000000 0.000000    -0.000000     1.438398 
2462292.972965 0.000000 0.000000    -0.000000     1.438398 
2462293.904262 0.000000 0.000000    -0.000000     1.438398 
2462294.835560 0.000000 0.000000    -0.000000     1.438398 
2462295.766858 0.000000 0.000000    -0.000000     1.438398 
2462296.698156 0.000000 0.000000     0.000000     1.438398 
2462297.629454 0.000000 0.000000     0.000000     1.438398 
2462298.560752 0.000000 0.000000     0.000000     1.438398 
2462299.492050 0.000000 0.000000     0.000000     1.438398 
2462300.423347 0.000000 0.000000     0.000000     1.438398 
2462301.354645 0.000000 0.000000     0.000000     1.438398 
2462302.285943 0.000000 0.000000     0.000000     1.438398 
2462303.217241 0.000000 0.000000     0.000000     1.438398 
2462304.148539 0.000000 0.000000     0.000000     1.438398 
2462305.079837 0.000000 0.000000     0.000000     1.438398 
2462306.011134 0.000000 0.000000     0.000000     1.438398 
2462306.942432 0.000000 0.000000     0.000000     1.438398 
2462307.873730 0.000000 0.000000     0.000000     1.438398 
2462308.805028 0.000000 0.000000     0.000000     1.438398 
2462309.736326 0.000000 0.000000     0.000000     1.438398 
2462310.667624 0.000000 0.000000    -0.000000     1.438398 
2462311.598922 0.000000 0.000000    -0.000000     1.438398 
2462312.530219 0.000000 0.000000    -0.000000     1.438398 
2462313.461517 0.000000 0.000000    -0.000000     1.438398 
2462314.392815 0.000000 0.000000    -0.000000     1.438398 
2462315.324113 0.000000 0.000000    -0.000000     1.438398 
2462316.255411 0.000000 0.000000    -0.000000     1.438398 
2462317.186709 0.000000 0.000000    -0.000000     1.438398 
2462318.118007 0.000000 0.000000    -0.000000     1.438398 
2462319.049304 0.000000 0.000000    -0.000000     1.438398 
2462319.980602 0.000000 0.000000    -0.000000     1.438398 
2462320.911900 0.000000 0.000000    -0.000000     1.438398 
2462321.843198 0.000000 0.000000     0.000000     1.438398 
2462322.774496 0.000000 0.000000     0.000000     1.438398 
2462323.705794 0.000000 0.000000     0.000000     1.438398 
2462324.637092 0.000000 0.000000     0.000000     1.438398 
2462325.568389 0.000000 0.000000     0.000000     1.438398 
2462326.499687 0.000000 0.000000     0.000000     1.438398 
2462327.430985 0.000000 0.000000     0.000000     1.438398 
2462328.362283 0.000000 0.000000     0.000000     1.438398 
2462329.293581 0.000000 0.000000     0.000000     1.438398 
2462330.224879 0.000000 0.000000     0.000000     1.438398 
2462331.156176 0.000000 0.000000     0.000000     1.438398 
2462332.087474 0.000000 0.000000     0.000000     1.438398 
2462333.018772 0.000000 0.000000     0.000000     1.438398 
2462333.950070 0.000000 0.000000     0.000000     1.438398 
2462334.881368 0.000000 0.000000     0.000000     1.438398 
2462335.812666 0.000000 0.000000    -0.000000     1.438398 
2462336.743964 0.000000 0.000000    -0.000000     1.438398 
2462337.675261 0.000000 0.000000    -0.000000     1.438398 
2462338.606559 0.000000 0.000000    -0.000000     1.438398 
2462339.537857 0.000000 0.000000    -0.000000     1.438398 
2462340.469155 0.000000 0.000000    -0.000000     1.438398 
2462341.400453 0.000000 0.000000    -0.000000     1.438398 
2462342.331751 0.000000 0.000000    -0.000000     1.438398 
2462343.263049 0.000000 0.000000    -0.000000     1.438398 
2462344.194346 0.000000 0.000000    -0.000000     1.438398 
2462345.125644 0.000000 0.000000    -0.000000     1.438398 
2462346.056942 0.000000 0.000000    -0.000000     1.438398 
2462346.988240 0.000000 0.000000     0.000000     1.438398 
2462347.919538 0.000000 0.000000     0.000000     1.438398 
2462348.850836 0.000000 0.000000     0.000000     1.438398 
2462349.782133 0.000000 0.000000     0.000000     1.438398 
2462350.713431 0.000000 0.000000     0.000000     1.438398 
2462351.644729 0.000000 0.000000     0.000000     1.438398 
2462352.576027 0.000000 0.000000     0.000000     1.438398 
2462353.507325 0.000000 0.000000     0.000000     1.438398 
2462354.438623 0.000000 0.000000     0.000000     1.438398 
2462355.369921 0.000000 0.000000     0.000000     1.438398 
2462356.301218 0.000000 0.000000     0.000000     1.438398 
2462357.232516 0.000000 0.000000     0.000000     1.438398 
2462358.163814 0.000000 0.000000     0.000000     1.438398 
2462359.095112 0.000000 0.000000     0.000000     1.438398 
2462360.026410 0.000000 0.000000    -0.000000     1.438398 
2462360.957708 0.000000 0.000000    -0.000000     1.438398 
2462361.889006 0.000000 0.000000    -0.000000     1.438398 
2462362.820303 0.000000 0.000000    -0.000000     1.438398 
2462363.751601 0.000000 0.000000    -0.000000     1.438398 
2462364.682899 0.000000 0.000000    -0.000000     1.438398 
2462365.614197 0.000000 0.000000    -0.000000     1.438398 
2462366.545495 0.000000 0.000000    -0.000000     1.438398 
2462367.476793 0.000000 0.000000    -0.000000     1.438398 
2462368.408091 0.000000 0.000000    -0.000000     1.438398 
2462369.339388 0.000000 0.000000    -0.000000     1.438398 
2462370.270686 0.000000 0.000000    -0.000000     1.438398 
2462371.201984 0.000000 0.000000    -0.000000     1.438398 
2462372.133282 0.000000 0.000000     0.000000     1.438398 
2462373.064580 0.000000 0.000000     0.000000     1.438398 
2462373.995878 0.000000 0.000000     0.000000     1.438398 
2462374.927175 0.000000 0.000000     0.000000     1.438398 
2462375.858473 0.000000 0.000000     0.000000     1.438398 
2462376.789771 0.000000 0.000000     0.000000     1.438398 
2462377.721069 0.000000 0.000000     0.000000     1.438398 
2462378.652367 0.000000 0.000000     0.000000     1.438398 
2462379.583665 0.000000 0.000000     0.000000     1.438398 
2462380.514963 0.000000 0.000000     0.000000     1.438398 
2462381.446260 0.000000 0.000000     0.000000     1.438398 
2462382.377558 0.000000 0.000000     0.000000     1.438398 
2462383.308856 0.000000 0.000000     0.000000     1.438398 
2462384.240154 0.000000 0.000000     0.000000     1.438398 
2462385.171452 0.000000 0.000000    -0.000000     1.438398 
2462386.102750 0.000000 0.000000    -0.000000     1.438398 
2462387.034048 0.000000 0.000000    -0.000000     1.438398 
2462387.965345 0.000000 0.000000    -0.000000     1.438398 
2462388.896643 0.000000 0.000000    -0.000000     1.438398 
2462389.827941 0.000000 0.000000    -0.000000     1.438398 
2462390.759239 0.000000 0.000000    -0.000000     1.438398 
2462391.690537 0.000000 0.000000    -0.000000     1.438398 
2462392.621835 0.000000 0.000000    -0.000000     1.438398 
2462393.553132 0.000000 0.000000    -0.000000     1.438398 
2462394.484430 0.000000 0.000000    -0.000000     1.438398 
2462395.415728 0.000000 0.000000    -0.000000     1.438398 
2462396.347026 0.000000 0.000000    -0.000000     1.438398 
2462397.278324 0.000000 0.000000    -0.000000     1.438398 
2462398.209622 0.000000 0.000000     0.000000     1.438398 
2462399.140920 0.000000 0.000000     0.000000     1.438398 
2462400.072217 0.000000 0.000000     0.000000     1.438398 
2462401.003515 0.000000 0.000000     0.000000     1.438398 
2462401.934813 0.000000 0.000000     0.000000     1.438398 
2462402.866111 0.000000 0.000000     0.000000     1.438398 
2462403.797409 0.000000 0.000000     0.000000     1.438398 
2462404.728707 0.000000 0.000000     0.000000     1.438398 
2462405.660005 0.000000 0.000000     0.000000     1.438398 
2462406.591302 0.000000 0.000000     0.000000     1.438398 
2462407.522600 0.000000 0.000000     0.000000     1.438398 
2462408.453898 0.000000 0.000000     0.000000     1.438398 
2462409.385196 0.000000 0.000000     0.000000     1.438398 
2462410.316494 0.000000 0.000000    -0.000000     1.438398 
2462411.247792 0.000000 0.000000    -0.000000     1.438398 
2462412.179089 0.000000 0.000000    -0.000000     1.438398 
2462413.110387 0.000000 0.000000    -0.000000     1.438398 
2462414.041685 0.000000 0.000000    -0.000000     1.438398 
2462414.972983 0.000000 0.000000    -0.000000     1.438398 
2462415.904281 0.000000 0.000000    -0.000000     1.438398 
2462416.835579 0.000000 0.000000    -0.000000     1.438398 
2462417.766877 0.000000 0.000000    -0.000000     1.438398 
2462418.698174 0.000000 0.000000    -0.000000     1.438398 
2462419.629472 0.000000 0.000000    -0.000000     1.438398 
2462420.560770 0.000000 0.000000    -0.000000     1.438398 
2462421.492068 0.000000 0.000000    -0.000000     1.438398 
2462422.423366 0.000000 0.000000    -0.000000     1.438398 
2462423.354664 0.000000 0.000000     0.000000     1.438398 
2462424.285962 0.000000 0.000000     0.000000     1.438398 
2462425.217259 0.000000 0.000000     0.000000     1.438398 
2462426.148557 0.000000 0.000000     0.000000     1.438398 
2462427.079855 0.000000 0.000000     0.000000     1.438398 
2462428.011153 0.000000 0.000000     0.000000     1.438398 
2462428.942451 0.000000 0.000000     0.000000     1.438398 
2462429.873749 0.000000 0.000000     0.000000     1.438398 
2462430.805047 0.000000 0.000000     0.000000     1.438398 
2462431.736344 0.000000 0.000000     0.000000     1.438398 
2462432.667642 0.000000 0.000000     0.000000     1.438398 
2462433.598940 0.000000 0.000000     0.000000     1.438398 
2462434.530238 0.000000 0.000000     0.000000     1.438398 
2462435.461536 0.000000 0.000000    -0.000000     1.438398 
2462436.392834 0.000000 0.000000    -0.000000     1.438398 
2462437.324131 0.000000 0.000000    -0.000000     1.438398 
2462438.255429 0.000000 0.000000    -0.000000     1.438398 
2462439.186727 0.000000 0.000000    -0.000000     1.438398 
2462440.118025 0.000000 0.000000    -0.000000     1.438398 
2462441.049323 0.000000 0.000000    -0.000000     1.438398 
2462441.980621 0.000000 0.000000    -0.000000     1.438398 
2462442.911919 0.000000 0.000000    -0.000000     1.438398 
2462443.843216 0.000000 0.000000    -0.000000     1.438398 
2462444.774514 0.000000 0.000000    -0.000000     1.438398 
2462445.705812 0.000000 0.000000    -0.000000     1.438398 
2462446.637110 0.000000 0.000000    -0.000000     1.438398 
2462447.568408 0.000000 0.000000    -0.000000     1.438398 
2462448.499706 0.000000 0.000000     0.000000     1.438398 
2462449.431004 0.000000 0.000000     0.000000     1.438398 
2462450.362301 0.000000 0.000000     0.000000     1.438398 
2462451.293599 0.000000 0.000000     0.000000     1.438398 
2462452.224897 0.000000 0.000000     0.000000     1.438398 
2462453.156195 0.000000 0.000000     0.000000     1.438398 
2462454.087493 0.000000 0.000000     0.000000     1.438398 
2462455.018791 0.000000 0.000000     0.000000     1.438398 
2462455.950088 0.000000 0.000000     0.000000     1.438398 
2462456.881386 0.000000 0.000000     0.000000     1.438398 
2462457.812684 0.000000 0.000000     0.000000     1.438398 
2462458.743982 0.000000 0.000000     0.000000     1.438398 
2462459.675280 0.000000 0.000000     0.000000     1.438398 
2462460.606578 0.000000 0.000000     0.000000     1.438398 
2462461.537876 0.000000 0.000000    -0.000000     1.438398 
2462462.469173 0.000000 0.000000    -0.000000     1.438398 
2462463.400471 0.000000 0.000000    -0.000000     1.438398 
2462464.331769 0.000000 0.000000    -0.000000     1.438398 
2462465.263067 0.000000 0.000000    -0.000000     1.438398 
2462466.194365 0.000000 0.000000    -0.000000     1.438398 
2462467.125663 0.000000 0.000000    -0.000000     1.438398 
2462468.056961 0.000000 0.000000    -0.000000     1.438398 
2462468.988258 0.000000 0.000000    -0.000000     1.438398 
2462469.919556 0.000000 0.000000    -0.000000     1.438398 
2462470.850854 0.000000 0.000000    -0.000000     1.438398 
2462471.782152 0.000000 0.000000    -0.000000     1.438398 
2462472.713450 0.000000 0.000000    -0.000000     1.438398 
2462473.644748 0.000000 0.000000     0.000000     1.438398 
2462474.576045 0.000000 0.000000     0.000000     1.438398 
2462475.507343 0.000000 0.000000     0.000000     1.438398 
2462476.438641 0.000000 0.000000     0.000000     1.438398 
2462477.369939 0.000000 0.000000     0.000000     1.438398 
2462478.301237 0.000000 0.000000     0.000000     1.438398 
2462479.232535 0.000000 0.000000     0.000000     1.438398 
2462480.163833 0.000000 0.000000     0.000000     1.438398 
2462481.095130 0.000000 0.000000     0.000000     1.438398 
2462482.026428 0.000000 0.000000     0.000000     1.438398 
2462482.957726 0.000000 0.000000     0.000000     1.438398 
2462483.889024 0.000000 0.000000     0.000000     1.438398 
2462484.820322 0.000000 0.000000     0.000000     1.438398 
2462485.751620 0.000000 0.000000     0.000000     1.438398 
2462486.682918 0.000000 0.000000    -0.000000     1.438398 
2462487.614215 0.000000 0.000000    -0.000000     1.438398 
2462488.545513 0.000000 0.000000    -0.000000     1.438398 
2462489.476811 0.000000 0.000000    -0.000000     1.438398 
2462490.408109 0.000000 0.000000    -0.000000     1.438398 
2462491.339407 0.000000 0.000000    -0.000000     1.438398 
2462492.270705 0.000000 0.000000    -0.000000     1.438398 
2462493.202003 0.000000 0.000000    -0.000000     1.438398 
2462494.133300 0.000000 0.000000    -0.000000     1.438398 
2462495.064598 0.000000 0.000000    -0.000000     1.438398 
2462495.995896 0.000000 0.000000    -0.000000     1.438398 
2462496.927194 0.000000 0.000000    -0.000000     1.438398 
2462497.858492 0.000000 0.000000     0.000000     1.438398 
2462498.789790 0.000000 0.000000     0.000000     1.438398 
2462499.721087 0.000000 0.000000     0.000000     1.438398 
2462500.652385 0.000000 0.000000     0.000000     1.438398 
2462501.583683 0.000000 0.000000     0.000000     1.438398 
2462502.514981 0.000000 0.000000     0.000000     1.438398 
2462503.446279 0.000000 0.000000     0.000000     1.438398 
2462504.377577 0.000000 0.000000     0.000000     1.438398 
2462505.308875 0.000000 0.000000     0.000000     1.438398 
2462506.240172 0.000000 0.000000     0.000000     1.438398 
2462507.171470 0.000000 0.000000     0.000000     1.438398 
2462508.102768 0.000000 0.000000     0.000000     1.438398 
2462509.034066 0.000000 0.000000     0.000000     1.438398 
2462509.965364 0.000000 0.000000     0.000000     1.438398 
2462510.896662 0.000000 0.000000     0.000000     1.438398 
2462511.827960 0.000000 0.000000    -0.000000     1.438398 
2462512.759257 0.000000 0.000000    -0.000000     1.438398 
2462513.690555 0.000000 0.000000    -0.000000     1.438398 
2462514.621853 0.000000 0.000000    -0.000000     1.438398 
2462515.553151 0.000000 0.000000    -0.000000     1.438398 
2462516.484449 0.000000 0.000000    -0.000000     1.438398 
2462517.415747 0.000000 0.000000    -0.000000     1.438398 
2462518.347044 0.000000 0.000000    -0.000000     1.438398 
2462519.278342 0.000000 0.000000    -0.000000     1.438398 
2462520.209640 0.000000 0.000000    -0.000000     1.438398 
2462521.140938 0.000000 0.000000    -0.000000     1.438398 
2462522.072236 0.000000 0.000000    -0.000000     1.438398 
2462523.003534 0.000000 0.000000     0.000000     1.438398 
2462523.934832 0.000000 0.000000     0.000000     1.438398 
2462524.866129 0.000000 0.000000     0.000000     1.438398 
2462525.797427 0.000000 0.000000     0.000000     1.438398 
2462526.728725 0.000000 0.000000     0.000000     1.438398 
2462527.660023 0.000000 0.000000     0.000000     1.438398 
2462528.591321 0.000000 0.000000     0.000000     1.438398 
2462529.522619 0.000000 0.000000     0.000000     1.438398 
2462530.453917 0.000000 0.000000     0.000000     1.438398 
2462531.385214 0.000000 0.000000     0.000000     1.438398 
2462532.316512 0.000000 0.000000     0.000000     1.438398 
2462533.247810 0.000000 0.000000     0.000000     1.438398 
2462534.179108 0.000000 0.000000     0.000000     1.438398 
2462535.110406 0.000000 0.000000     0.000000     1.438398 
2462536.041704 0.000000 0.000000     0.000000     1.438398 
2462536.973001 0.000000 0.000000    -0.000000     1.438398 
2462537.904299 0.000000 0.000000    -0.000000     1.438398 
2462538.835597 0.000000 0.000000    -0.000000     1.438398 
2462539.766895 0.000000 0.000000    -0.000000     1.438398 
2462540.698193 0.000000 0.000000    -0.000000     1.438398 
2462541.629491 0.000000 0.000000    -0.000000     1.438398 
2462542.560789 0.000000 0.000000    -0.000000     1.438398 
2462543.492086 0.000000 0.000000    -0.000000     1.438398 
2462544.423384 0.000000 0.000000    -0.000000     1.438398 
2462545.354682 0.000000 0.000000    -0.000000     1.438398 
2462546.285980 0.000000 0.000000    -0.000000     1.438398 
2462547.217278 0.000000 0.000000    -0.000000     1.438398 
2462548.148576 0.000000 0.000000     0.000000     1.438398 
2462549.079874 0.000000 0.000000     0.000000     1.438398 
2462550.011171 0.000000 0.000000     0.000000     1.438398 
2462550.942469 0.000000 0.000000     0.000000     1.438398 
2462551.873767 0.000000 0.000000     0.000000     1.438398 
2462552.805065 0.000000 0.000000     0.000000     1.438398 
2462553.736363 0.000000 0.000000     0.000000     1.438398 
2462554.667661 0.000000 0.000000     0.000000     1.438398 
2462555.598959 0.000000 0.000000     0.000000     1.438398 
2462556.530256 0.000000 0.000000     0.000000     1.438398 
2462557.461554 0.000000 0.000000     0.000000     1.438398 
2462558.392852 0.000000 0.000000     0.000000     1.438398 
2462559.324150 0.000000 0.000000     0.000000     1.438398 
2462560.255448 0.000000 0.000000     0.000000     1.438398 
2462561.186746 0.000000 0.000000     0.000000     1.438398 
2462562.118043 0.000000 0.000000    -0.000000     1.438398 
2462563.049341 0.000000 0.000000    -0.000000     1.438398 
2462563.980639 0.000000 0.000000    -0.000000     1.438398 
2462564.911937 0.000000 0.000000    -0.000000     1.438398 
2462565.843235 0.000000 0.000000    -0.000000     1.438398 
2462566.774533 0.000000 0.000000    -0.000000     1.438398 
2462567.705831 0.000000 0.000000    -0.000000     1.438398 
2462568.637128 0.000000 0.000000    -0.000000     1.438398 
2462569.568426 0.000000 0.000000    -0.000000     1.438398 
2462570.499724 0.000000 0.000000    -0.000000     1.438398 
2462571.431022 0.000000 0.000000    -0.000000     1.438398 
2462572.362320 0.000000 0.000000    -0.000000     1.438398 
2462573.293618 0.000000 0.000000    -0.000000     1.438398 
2462574.224916 0.000000 0.000000     0.000000     1.438398 
2462575.156213 0.000000 0.000000     0.000000     1.438398 
2462576.087511 0.000000 0.000000     0.000000     0.107064 
