# time model 
2453115.032645 2.636062 
2453115.963943 2.445751 
2453116.895241 2.051127 
2453117.826539 1.461780 
2453118.757836 0.681241 
2453119.689134 -0.280641 
2453120.620432 -1.377472 
2453121.551730 -2.468971 
2453122.483028 -3.270612 
2453123.414326 -3.456007 
2453124.345624 -2.964388 
2453125.276921 -2.091742 
2453126.208219 -1.186533 
2453127.139517 -0.435637 
2453128.070815 0.110161 
2453129.002113 0.457840 
2453129.933411 0.626754 
2453130.864708 0.631276 
2453131.796006 0.476386 
2453132.727304 0.159396 
2453133.658602 -0.321653 
2453134.589900 -0.945777 
2453135.521198 -1.621498 
2453136.452496 -2.124305 
2453137.383793 -2.125649 
2453138.315091 -1.453106 
2453139.246389 -0.316011 
2453140.177687 0.901976 
2453141.108985 1.939084 
2453142.040283 2.695958 
2453142.971581 3.159097 
2453143.902878 3.343284 
2453144.834176 3.266703 
2453145.765474 2.942841 
2453146.696772 2.379578 
2453147.628070 1.583961 
2453148.559368 0.577731 
2453149.490665 -0.565315 
2453150.421963 -1.656792 
2453151.353261 -2.371101 
2453152.284559 -2.425928 
2453153.215857 -1.882777 
2453154.147155 -1.090265 
2453155.078453 -0.353392 
2453156.009750 0.193462 
2453156.941048 0.525809 
2453157.872346 0.658570 
2453158.803644 0.611484 
2453159.734942 0.397263 
2453160.666240 0.019674 
2453161.597538 -0.522752 
2453162.528835 -1.224820 
2453163.460133 -2.045443 
2453164.391431 -2.851364 
2453165.322729 -3.365296 
2453166.254027 -3.261086 
2453167.185325 -2.469358 
2453168.116622 -1.283477 
2453169.047920 -0.061862 
2453169.979218 0.994401 
2453170.910516 1.820828 
2453171.841814 2.410998 
2453172.773112 2.770658 
2453173.704410 2.900865 
2453174.635707 2.794815 
2453175.567005 2.441045 
2453176.498303 1.833004 
2453177.429601 0.991619 
2453178.360899 0.012231 
2453179.292197 -0.872783 
2453180.223495 -1.318113 
2453181.154792 -1.120486 
2453182.086090 -0.455687 
2453183.017388 0.314890 
2453183.948686 0.944354 
2453184.879984 1.346545 
2453185.811282 1.519010 
2453186.742580 1.483608 
2453187.673877 1.260941 
2453188.605175 0.862661 
2453189.536473 0.291569 
2453190.467771 -0.452548 
2453191.399069 -1.356720 
2453192.330367 -2.357427 
2453193.261664 -3.277906 
2453194.192962 -3.801632 
2453195.124260 -3.644667 
2453196.055558 -2.859645 
2453196.986856 -1.794565 
2453197.918154 -0.762306 
2453198.849452 0.094946 
2453199.780749 0.747231 
2453200.712047 1.204892 
2453201.643345 1.482523 
2453202.574643 1.586235 
2453203.505941 1.511232 
2453204.437239 1.245252 
2453205.368537 0.780362 
2453206.299834 0.142137 
2453207.231132 -0.553700 
2453208.162430 -1.046176 
2453209.093728 -1.015107 
2453210.025026 -0.382540 
2453210.956324 0.568104 
2453211.887621 1.483139 
2453212.818919 2.169054 
2453213.750217 2.575934 
2453214.681515 2.717226 
2453215.612813 2.621080 
2453216.544111 2.311102 
2453217.475409 1.801135 
2453218.406706 1.096689 
2453219.338004 0.203040 
2453220.269302 -0.853350 
2453221.200600 -1.978619 
2453222.131898 -2.947720 
2453223.063196 -3.421717 
2453223.994494 -3.194697 
2453224.925791 -2.438917 
2453225.857089 -1.523200 
2453226.788387 -0.707036 
2453227.719685 -0.086567 
2453228.650983 0.329325 
2453229.582281 0.558291 
2453230.513578 0.617865 
2453231.444876 0.517106 
2453232.376174 0.256147 
2453233.307472 -0.168590 
2453234.238770 -0.749102 
2453235.170068 -1.429752 
2453236.101366 -2.045425 
2453237.032663 -2.291868 
2453237.963961 -1.889968 
2453238.895259 -0.892137 
2453239.826557 0.344272 
2453240.757855 1.488122 
2453241.689153 2.380591 
2453242.620451 2.981219 
2453243.551748 3.296415 
2453244.483046 3.343232 
2453245.414344 3.136311 
2453246.345642 2.684758 
2453247.276940 1.994409 
2453248.208238 1.077890 
2453249.139536 -0.018536 
2453250.070833 -1.160919 
2453251.002131 -2.072717 
2453251.933429 -2.415081 
2453252.864727 -2.086173 
2453253.796025 -1.354572 
2453254.727323 -0.575347 
2453255.658620 0.049547 
2453256.589918 0.461255 
2453257.521216 0.664815 
2453258.452514 0.680408 
2453259.383812 0.524284 
2453260.315110 0.203763 
2453261.246408 -0.281284 
2453262.177705 -0.930599 
2453263.109003 -1.722847 
2453264.040301 -2.570569 
2453264.971599 -3.256458 
2453265.902897 -3.445610 
2453266.834195 -2.925852 
2453267.765493 -1.861997 
2453268.696790 -0.627801 
2453269.628088 0.504359 
2453270.559386 1.424966 
2453271.490684 2.112314 
2453272.421982 2.570912 
2453273.353280 2.804777 
2453274.284577 2.809935 
2453275.215875 2.575367 
2453276.147173 2.089635 
2453277.078471 1.357069 
2453278.009769 0.433776 
2453278.941067 -0.510921 
2453279.872365 -1.162110 
2453280.803662 -1.216493 
2453281.734960 -0.692240 
2453282.666258 0.080568 
2453283.597556 0.788176 
2453284.528854 1.286499 
2453285.460152 1.548721 
2453286.391450 1.591795 
2453287.322747 1.438752 
2453288.254045 1.105454 
2453289.185343 0.598164 
2453290.116641 -0.083141 
2453291.047939 -0.933781 
2453291.979237 -1.917161 
2453292.910535 -2.910775 
2453293.841832 -3.649412 
2453294.773130 -3.798041 
2453295.704428 -3.247426 
2453296.635726 -2.261116 
2453297.567024 -1.199827 
2453298.498322 -0.274064 
2453299.429619 0.451094 
2453300.360917 0.976193 
2453301.292215 1.317025 
2453302.223513 1.484433 
2453303.154811 1.478634 
2453304.086109 1.290287 
2453305.017407 0.908062 
2453305.948704 0.339117 
2453306.880002 -0.345936 
2453307.811300 -0.947866 
2453308.742598 -1.144279 
2453309.673896 -0.721116 
2453310.605194 0.166317 
2453311.536492 1.148644 
2453312.467789 1.957138 
2453313.399087 2.492525 
2453314.330385 2.750095 
2453315.261683 2.755491 
2453316.192981 2.535491 
2453317.124279 2.108359 
2453318.055576 1.482851 
2453318.986874 0.663116 
2453319.918172 -0.336601 
2453320.849470 -1.457132 
2453321.780768 -2.533123 
2453322.712066 -3.256668 
2453323.643364 -3.325139 
2453324.574661 -2.751273 
2453325.505959 -1.867929 
2453326.437257 -1.000901 
2453327.368555 -0.306076 
2453328.299853 0.181650 
2453329.231151 0.473976 
2453330.162449 0.590274 
2453331.093746 0.543561 
2453332.025044 0.337516 
2453332.956342 -0.030757 
2453333.887640 -0.560497 
2453334.818938 -1.221233 
2453335.750236 -1.900077 
2453336.681533 -2.344041 
2453337.612831 -2.226114 
2453338.544129 -1.436703 
2453339.475427 -0.243255 
2453340.406725 0.977561 
2453341.338023 1.996430 
2453342.269321 2.734037 
2453343.200618 3.182799 
2453344.131916 3.356558 
2453345.063214 3.270364 
2453345.994512 2.934508 
2453346.925810 2.354766 
2453347.857108 1.538599 
2453348.788406 0.513623 
2453349.719703 -0.629996 
2453350.651001 -1.676073 
2453351.582299 -2.284611 
2453352.513597 -2.217370 
2453353.444895 -1.607376 
2453354.376193 -0.817728 
2453355.307491 -0.122600 
2453356.238788 0.370655 
2453357.170086 0.649262 
2453358.101384 0.730902 
2453359.032682 0.634633 
2453359.963980 0.371587 
2453360.895278 -0.055800 
2453361.826575 -0.648925 
2453362.757873 -1.398794 
2453363.689171 -2.252199 
2453364.620469 -3.051320 
2453365.551767 -3.494825 
2453366.483065 -3.278002 
2453367.414363 -2.404150 
2453368.345660 -1.205130 
2453369.276958 -0.017056 
2453370.208256 0.991210 
2453371.139554 1.772474 
2453372.070852 2.326044 
2453373.002150 2.658174 
2453373.933448 2.768416 
2453374.864745 2.647757 
2453375.796043 2.282829 
2453376.727341 1.667390 
2453377.658639 0.828917 
2453378.589937 -0.118950 
2453379.521235 -0.917655 
2453380.452532 -1.223619 
2453381.383830 -0.896265 
2453382.315128 -0.171753 
2453383.246426 0.593925 
2453384.177724 1.187355 
2453385.109022 1.544683 
2453386.040320 1.671937 
2453386.971617 1.592592 
2453387.902915 1.326431 
2453388.834213 0.883769 
2453389.765511 0.266556 
2453390.696809 -0.524407 
2453391.628107 -1.470308 
2453392.559405 -2.491825 
2453393.490702 -3.384966 
2453394.422000 -3.818080 
2453395.353298 -3.549725 
2453396.284596 -2.705108 
2453397.215894 -1.649241 
2453398.147192 -0.664855 
2453399.078489 0.133399 
2453400.009787 0.727900 
2453400.941085 1.132349 
2453401.872383 1.361337 
2453402.803681 1.420198 
2453403.734979 1.303694 
2453404.666277 1.000476 
2453405.597574 0.506978 
2453406.528872 -0.139100 
2453407.460170 -0.798058 
2453408.391468 -1.185246 
2453409.322766 -1.001525 
2453410.254064 -0.243394 
2453411.185362 0.762371 
2453412.116659 1.680488 
2453413.047957 2.347567 
2453413.979255 2.729551 
2453414.910553 2.844598 
2453415.841851 2.720936 
2453416.773149 2.380979 
2453417.704447 1.837451 
2453418.635744 1.095702 
2453419.567042 0.163460 
2453420.498340 -0.924122 
2453421.429638 -2.053050 
2453422.360936 -2.970174 
2453423.292234 -3.335321 
2453424.223531 -3.003082 
2453425.154829 -2.207524 
2453426.086127 -1.314125 
2453427.017425 -0.549340 
2453427.948723 0.013037 
2453428.880021 0.372469 
2453429.811319 0.547960 
2453430.742616 0.555989 
2453431.673914 0.404144 
2453432.605212 0.091718 
2453433.536510 -0.383713 
2453434.467808 -1.008098 
2453435.399106 -1.709760 
2453436.330404 -2.295753 
2453437.261701 -2.444638 
2453438.192999 -1.916810 
2453439.124297 -0.837086 
2453440.055595 0.418232 
2453440.986893 1.547262 
2453441.918191 2.418159 
2453442.849488 3.001445 
2453443.780786 3.304714 
2453444.712084 3.342398 
2453445.643382 3.125696 
2453446.574680 2.660877 
2453447.505978 1.952754 
2453448.437276 1.016946 
2453449.368573 -0.088954 
2453450.299871 -1.207020 
2453451.231169 -2.035319 
2453452.162467 -2.252106 
2453453.093765 -1.827052 
2453454.025063 -1.071825 
2453454.956361 -0.322149 
2453455.887658 0.252188 
2453456.818956 0.609865 
2453457.750254 0.761485 
2453458.681552 0.727527 
2453459.612850 0.522853 
2453460.544148 0.153242 
2453461.475445 -0.382122 
2453462.406743 -1.081120 
2453463.338041 -1.914396 
2453464.269339 -2.775037 
2453465.200637 -3.417674 
2453466.131935 -3.504425 
2453467.063233 -2.881751 
2453467.994530 -1.777335 
2453468.925828 -0.562851 
2453469.857126 0.523091 
2453470.788424 1.394766 
2453471.719722 2.040049 
2453472.651020 2.465629 
2453473.582318 2.674773 
2453474.513615 2.661682 
2453475.444913 2.413361 
2453476.376211 1.917599 
2453477.307509 1.182152 
2453478.238807 0.276076 
2453479.170105 -0.606356 
2453480.101403 -1.134301 
2453481.032700 -1.043675 
2453481.963998 -0.426627 
2453482.895296 0.365173 
2453483.826594 1.047001 
2453484.757892 1.503452 
2453485.689190 1.721023 
2453486.620487 1.720368 
2453487.551785 1.524382 
2453488.483083 1.147685 
2453489.414381 0.595394 
2453490.345679 -0.132476 
2453491.276977 -1.027867 
2453492.208275 -2.043109 
2453493.139572 -3.032339 
2453494.070870 -3.704877 
2453495.002168 -3.741215 
2453495.933466 -3.103333 
2453496.864764 -2.100372 
2453497.796062 -1.075300 
2453498.727360 -0.206293 
2453499.658657 0.459677 
2453500.589955 0.929257 
2453501.521253 1.219104 
2453502.452551 1.339364 
2453503.383849 1.289542 
2453504.315147 1.060489 
2453505.246444 0.643496 
2453506.177742 0.054126 
2453507.109040 -0.617754 
2453508.040338 -1.145229 
2453508.971636 -1.202467 
2453509.902934 -0.634256 
2453510.834232 0.337360 
2453511.765529 1.340425 
2453512.696827 2.137200 
2453513.628125 2.650431 
2453514.559423 2.883578 
2453515.490721 2.863532 
2453516.422019 2.616062 
2453517.353317 2.158122 
2453518.284614 1.497766 
2453519.215912 0.640230 
2453520.147210 -0.394680 
2453521.078508 -1.532825 
2453522.009806 -2.581998 
2453522.941104 -3.215668 
2453523.872401 -3.167232 
2453524.803699 -2.523220 
2453525.734997 -1.640311 
2453526.666295 -0.816247 
2453527.597593 -0.178216 
2453528.528891 0.252148 
2453529.460189 0.489993 
2453530.391486 0.554254 
2453531.322784 0.456479 
2453532.254082 0.199097 
2453533.185380 -0.220719 
2453534.116678 -0.798709 
2453535.047976 -1.493168 
2453535.979274 -2.167551 
2453536.910571 -2.542108 
2453537.841869 -2.302385 
2453538.773167 -1.408276 
2453539.704465 -0.174278 
2453540.635763 1.039452 
2453541.567061 2.035675 
2453542.498359 2.752442 
2453543.429656 3.186591 
2453544.360954 3.350448 
2453545.292252 3.255689 
2453546.223550 2.909262 
2453547.154848 2.314832 
2453548.086146 1.480665 
2453549.017443 0.441504 
2453549.948741 -0.693876 
2453550.880039 -1.681014 
2453551.811337 -2.173521 
2453552.742635 -1.988261 
2453553.673933 -1.323962 
2453554.605231 -0.545915 
2453555.536528 0.104630 
2453556.467826 0.544472 
2453557.399124 0.770379 
2453558.330422 0.801885 
2453559.261720 0.657099 
2453560.193018 0.345559 
2453561.124316 -0.131467 
2453562.055613 -0.774861 
2453562.986911 -1.570726 
2453563.918209 -2.451627 
2453564.849507 -3.233382 
2453565.780805 -3.595136 
2453566.712103 -3.265952 
2453567.643400 -2.322830 
2453568.574698 -1.123225 
2453569.505996 0.024719 
2453570.437294 0.982138 
2453571.368592 1.716471 
2453572.299890 2.231539 
2453573.231188 2.533826 
2453574.162485 2.621541 
2453575.093783 2.483857 
2453576.025081 2.106101 
2453576.956379 1.483364 
2453577.887677 0.651512 
2453578.818975 -0.255261 
2453579.750273 -0.953834 
2453580.681570 -1.113391 
2453581.612868 -0.663530 
2453582.544166 0.109566 
2453583.475464 0.864787 
2453584.406762 1.421657 
2453585.338060 1.735633 
2453586.269358 1.819489 
2453587.200655 1.697674 
2453588.131953 1.389008 
2453589.063251 0.902535 
2453589.994549 0.239613 
2453590.925847 -0.597306 
2453591.857145 -1.582134 
2453592.788442 -2.617377 
2453593.719740 -3.471090 
2453594.651038 -3.804156 
2453595.582336 -3.428912 
2453596.513634 -2.537955 
2453597.444932 -1.500883 
2453598.376230 -0.567951 
2453599.307527 0.170807 
2453600.238825 0.707805 
2453601.170123 1.059071 
2453602.101421 1.238820 
2453603.032719 1.251512 
2453603.964017 1.091581 
2453604.895315 0.749043 
2453605.826612 0.225869 
2453606.757910 -0.425830 
2453607.689208 -1.040214 
2453608.620506 -1.312814 
2453609.551804 -0.977498 
2453610.483102 -0.106634 
2453611.414399 0.942583 
2453612.345697 1.859279 
2453613.276995 2.507916 
2453614.208293 2.867349 
2453615.139591 2.958878 
2453616.070889 2.810163 
2453617.002187 2.442207 
2453617.933484 1.866635 
2453618.864782 1.088933 
2453619.796080 0.120097 
2453620.727378 -0.994255 
2453621.658676 -2.117600 
2453622.589974 -2.969835 
2453623.521272 -3.220064 
2453624.452569 -2.791096 
2453625.383867 -1.968634 
2453626.315165 -1.104857 
2453627.246463 -0.393434 
2453628.177761 0.111210 
2453629.109059 0.415088 
2453630.040356 0.537847 
2453630.971654 0.494700 
2453631.902952 0.291758 
2453632.834250 -0.072360 
2453633.765548 -0.598394 
2453634.696846 -1.264935 
2453635.628144 -1.982002 
2453636.559441 -2.528022 
2453637.490739 -2.571739 
2453638.422037 -1.924535 
2453639.353335 -0.778938 
2453640.284633 0.482599 
2453641.215931 1.590394 
2453642.147229 2.437050 
2453643.078526 3.002053 
2453644.009824 3.293357 
2453644.941122 3.322494 
2453645.872420 3.097081 
2453646.803718 2.620485 
2453647.735016 1.896678 
2453648.666314 0.945098 
2453649.597611 -0.163435 
2453650.528909 -1.245160 
2453651.460207 -1.976663 
2453652.391505 -2.065499 
2453653.322803 -1.555058 
2453654.254101 -0.787301 
2453655.185398 -0.072099 
2453656.116696 0.451016 
2453657.047994 0.755546 
2453657.979292 0.856312 
2453658.910590 0.773624 
2453659.841888 0.520868 
2453660.773186 0.102372 
2453661.704483 -0.483064 
2453662.635781 -1.230683 
2453663.567079 -2.101411 
2453664.498377 -2.966534 
2453665.429675 -3.553605 
2453666.360973 -3.532105 
2453667.292271 -2.815404 
2453668.223568 -1.684394 
2453669.154866 -0.498475 
2453670.086164 0.537411 
2453671.017462 1.358313 
2453671.948760 1.959874 
2453672.880058 2.350353 
2453673.811355 2.532264 
2453674.742653 2.498277 
2453675.673951 2.233934 
2453676.605249 1.727084 
2453677.536547 0.990415 
2453678.467845 0.108278 
2453679.399143 -0.699226 
2453680.330440 -1.092539 
2453681.261738 -0.858725 
2453682.193036 -0.160154 
2453683.124334 0.642488 
2453684.055632 1.296411 
2453684.986930 1.712046 
2453685.918228 1.886857 
2453686.849525 1.844189 
2453687.780823 1.606504 
2453688.712121 1.187176 
2453689.643419 0.590349 
2453690.574717 -0.183482 
2453691.506015 -1.121827 
2453692.437312 -2.163882 
2453693.368610 -3.138372 
2453694.299908 -3.732690 
2453695.231206 -3.654944 
2453696.162504 -2.941191 
2453697.093802 -1.933551 
2453698.025100 -0.950430 
2453698.956397 -0.139525 
2453699.887695 0.467467 
2453700.818993 0.881818 
2453701.750291 1.120469 
2453702.681589 1.192690 
2453703.612887 1.097285 
2453704.544185 0.825560 
2453705.475482 0.372223 
2453706.406780 -0.236966 
2453707.338078 -0.890299 
2453708.269376 -1.333625 
2453709.200674 -1.247398 
2453710.131972 -0.543656 
2453711.063270 0.498262 
2453711.994567 1.514394 
2453712.925865 2.298068 
2453713.857163 2.790834 
2453714.788461 3.002199 
2453715.719759 2.959338 
2453716.651057 2.686638 
2453717.582354 2.199652 
2453718.513652 1.505886 
2453719.444950 0.612211 
2453720.376248 -0.454677 
2453721.307546 -1.603333 
2453722.238844 -2.613525 
2453723.170142 -3.146743 
2453724.101439 -2.984225 
2453725.032737 -2.282919 
2453725.964035 -1.410434 
2453726.895333 -0.633110 
2453727.826631 -0.052160 
2453728.757929 0.321667 
2453729.689227 0.505896 
2453730.620524 0.518674 
2453731.551822 0.370003 
2453732.483120 0.061158 
2453733.414418 -0.410277 
2453734.345716 -1.035600 
2453735.277014 -1.759946 
2453736.208311 -2.421085 
2453737.139609 -2.715814 
2453738.070907 -2.354251 
2453739.002205 -1.369207 
2453739.933503 -0.109651 
2453740.864801 1.088193 
2453741.796099 2.057767 
2453742.727396 2.751983 
2453743.658694 3.170887 
2453744.589992 3.324905 
2453745.521290 3.222208 
2453746.452588 2.866331 
2453747.383886 2.258892 
2453748.315184 1.409456 
2453749.246481 0.361319 
2453750.177779 -0.755903 
2453751.109077 -1.670084 
2453752.040375 -2.038238 
2453752.971673 -1.741415 
2453753.902971 -1.035203 
2453754.834268 -0.276180 
2453755.765566 0.327813 
2453756.696864 0.714764 
2453757.628162 0.889091 
2453758.559460 0.871434 
2453759.490758 0.678754 
2453760.422056 0.319021 
2453761.353353 -0.207467 
2453762.284651 -0.900534 
2453763.215949 -1.740108 
2453764.147247 -2.642261 
2453765.078545 -3.395217 
2453766.009843 -3.664983 
2453766.941141 -3.226443 
2453767.872438 -2.227640 
2453768.803736 -1.038737 
2453769.735034 0.063698 
2453770.666332 0.968068 
2453771.597630 1.654005 
2453772.528928 2.128793 
2453773.460226 2.398922 
2453774.391523 2.461431 
2453775.322821 2.304083 
2453776.254119 1.911587 
2453777.185417 1.281581 
2453778.116715 0.460417 
2453779.048013 -0.395030 
2453779.979310 -0.980181 
2453780.910608 -0.989075 
2453781.841906 -0.425800 
2453782.773204 0.385473 
2453783.704502 1.125945 
2453784.635800 1.646458 
2453785.567098 1.918899 
2453786.498395 1.961283 
2453787.429693 1.798511 
2453788.360991 1.448347 
2453789.292289 0.918662 
2453790.223587 0.210529 
2453791.154885 -0.671199 
2453792.086183 -1.691527 
2453793.017480 -2.732371 
2453793.948778 -3.534132 
2453794.880076 -3.759677 
2453795.811374 -3.284602 
2453796.742672 -2.360560 
2453797.673970 -1.350602 
2453798.605267 -0.471827 
2453799.536565 0.207313 
2453800.467863 0.687242 
2453801.399161 0.985450 
2453802.330459 1.115470 
2453803.261757 1.080829 
2453804.193055 0.875761 
2453805.124352 0.492156 
2453806.055650 -0.061168 
2453806.986948 -0.715296 
2453807.918246 -1.276644 
2453808.849544 -1.426646 
2453809.780842 -0.943989 
2453810.712140 0.025414 
2453811.643437 1.107081 
2453812.574735 2.018538 
2453813.506033 2.649332 
2453814.437331 2.988535 
2453815.368629 3.059218 
2453816.299927 2.887896 
2453817.231224 2.493954 
2453818.162522 1.887948 
2453819.093820 1.075838 
2453820.025118 0.072835 
2453820.956416 -1.063019 
2453821.887714 -2.170443 
2453822.819012 -2.945015 
2453823.750309 -3.076811 
2453824.681607 -2.561483 
2453825.612905 -1.724333 
2453826.544203 -0.896275 
2453827.475501 -0.239545 
2453828.406799 0.207937 
2453829.338097 0.457188 
2453830.269394 0.527932 
2453831.200692 0.433956 
2453832.131990 0.179921 
2453833.063288 -0.236001 
2453833.994586 -0.812226 
2453834.925884 -1.518481 
2453835.857182 -2.244160 
2453836.788479 -2.739242 
2453837.719777 -2.671866 
2453838.651075 -1.914267 
2453839.582373 -0.718783 
2453840.513671 0.537545 
2453841.444969 1.618445 
2453842.376266 2.438277 
2453843.307564 2.983763 
2453844.238862 3.262619 
2453845.170160 3.283331 
2453846.101458 3.049888 
2453847.032756 2.562768 
2453847.964054 1.825376 
2453848.895351 0.861951 
2453849.826649 -0.241427 
2453850.757947 -1.273824 
2453851.689245 -1.896109 
2453852.620543 -1.857359 
2453853.551841 -1.273238 
2453854.483139 -0.502909 
2453855.414436 0.174018 
2453856.345734 0.645774 
2453857.277032 0.898204 
2453858.208330 0.949214 
2453859.139628 0.818583 
2453860.070926 0.518176 
2453861.002223 0.050992 
2453861.933521 -0.584184 
2453862.864819 -1.379038 
2453863.796117 -2.282881 
2453864.727415 -3.142982 
2453865.658713 -3.662243 
2453866.590011 -3.529112 
2453867.521308 -2.729161 
2453868.452606 -1.584800 
2453869.383904 -0.434926 
2453870.315202 0.547926 
2453871.246500 1.316630 
2453872.177798 1.873015 
2453873.109096 2.226387 
2453874.040393 2.378523 
2453874.971691 2.320854 
2453875.902989 2.038008 
2453876.834287 1.518865 
2453877.765585 0.782797 
2453878.696883 -0.068075 
2453879.628181 -0.787800 
2453880.559478 -1.037136 
2453881.490776 -0.664738 
2453882.422074 0.103879 
2453883.353372 0.910487 
2453884.284670 1.535338 
2453885.215968 1.911655 
2453886.147265 2.045770 
2453887.078563 1.962872 
2453888.009861 1.684762 
2453888.941159 1.223598 
2453889.872457 0.582757 
2453890.803755 -0.236259 
2453891.735053 -1.215310 
2453892.666350 -2.278222 
2453893.597648 -3.226705 
2453894.528946 -3.731567 
2453895.460244 -3.540783 
2453896.391542 -2.763679 
2453897.322840 -1.762293 
2453898.254138 -0.825749 
2453899.185435 -0.073753 
2453900.116733 0.474679 
2453901.048031 0.834183 
2453901.979329 1.021519 
2453902.910627 1.044932 
2453903.841925 0.902562 
2453904.773222 0.586481 
2453905.704520 0.095708 
2453906.635818 -0.531852 
2453907.567116 -1.160212 
2453908.498414 -1.509868 
2453909.429712 -1.278634 
2453910.361010 -0.451312 
2453911.292307 0.647135 
2453912.223605 1.669476 
2453913.154903 2.439016 
2453914.086201 2.913009 
2453915.017499 3.105143 
2453915.948797 3.042034 
2453916.880095 2.746339 
2453917.811392 2.232130 
2453918.742690 1.506534 
2453919.673988 0.578692 
2453920.605286 -0.516298 
2453921.536584 -1.667274 
2453922.467882 -2.625685 
2453923.399179 -3.049547 
2453924.330477 -2.778442 
2453925.261775 -2.032928 
2453926.193073 -1.179627 
2453927.124371 -0.451917 
2453928.055669 0.072021 
2453928.986967 0.390210 
2453929.918264 0.521672 
2453930.849562 0.483485 
2453931.780860 0.284078 
2453932.712158 -0.076302 
2453933.643456 -0.599221 
2453934.574754 -1.270442 
2453935.506052 -2.019817 
2453936.437349 -2.657831 
2453937.368647 -2.862923 
2453938.299945 -2.382107 
2453939.231243 -1.320944 
2453940.162541 -0.049726 
2453941.093839 1.124522 
2453942.025137 2.063818 
2453942.956434 2.733637 
2453943.887732 3.136284 
2453944.819030 3.280055 
2453945.750328 3.169599 
2453946.681626 2.805056 
2453947.612924 2.186144 
2453948.544221 1.324361 
2453949.475519 0.273160 
2453950.406817 -0.814890 
2453951.338115 -1.641982 
2453952.269413 -1.879781 
2453953.200711 -1.479891 
2453954.132009 -0.743594 
2453955.063306 -0.009718 
2453955.994604 0.546518 
2453956.925902 0.881384 
2453957.857200 1.005309 
2453958.788498 0.939441 
2453959.719796 0.699450 
2453960.651094 0.291801 
2453961.582391 -0.283932 
2453962.513689 -1.025873 
2453963.444987 -1.906308 
2453964.376285 -2.822451 
2453965.307583 -3.534524 
2453966.238881 -3.703653 
2453967.170178 -3.161421 
2453968.101476 -2.120760 
2453969.032774 -0.952494 
2453969.964072 0.100140 
2453970.895370 0.949822 
2453971.826668 1.586173 
2453972.757966 2.019046 
2453973.689263 2.254752 
2453974.620561 2.289318 
2453975.551859 2.109520 
2453976.483157 1.700212 
2453977.414455 1.062988 
2453978.345753 0.257021 
2453979.277051 -0.536316 
2453980.208348 -0.995793 
2453981.139646 -0.852789 
2453982.070944 -0.186610 
2453983.002242 0.653387 
2453983.933540 1.375984 
2453984.864838 1.860963 
2453985.796135 2.093939 
2453986.727433 2.096879 
2453987.658731 1.894710 
2453988.590029 1.504083 
2453989.521327 0.931828 
2453990.452625 0.179096 
2453991.383923 -0.745977 
2453992.315220 -1.797658 
2453993.246518 -2.834925 
2453994.177816 -3.572113 
2453995.109114 -3.685025 
2453996.040412 -3.119387 
2453996.971710 -2.175101 
2453997.903008 -1.199326 
2453998.834305 -0.376656 
2453999.765603 0.243046 
2454000.696901 0.666450 
2454001.628199 0.911797 
2454002.559497 0.991696 
2454003.490795 0.908702 
2454004.422093 0.657017 
2454005.353390 0.230989 
2454006.284688 -0.352262 
2454007.215986 -1.004550 
2454008.147284 -1.503762 
2454009.078582 -1.524878 
2454010.009880 -0.902195 
2454010.941177 0.150732 
2454011.872475 1.254620 
2454012.803773 2.157562 
2454013.735071 2.771186 
2454014.666369 3.092367 
2454015.597667 3.144766 
2454016.528965 2.953233 
2454017.460262 2.535339 
2454018.391560 1.900607 
2454019.322858 1.055860 
2454020.254156 0.021610 
2454021.185454 -1.129535 
2454022.116752 -2.209660 
2454023.048050 -2.894381 
2454023.979347 -2.906976 
2454024.910645 -2.317037 
2454025.841943 -1.476480 
2454026.773241 -0.689101 
2454027.704539 -0.087845 
2454028.635837 0.303204 
2454029.567134 0.498764 
2454030.498432 0.518171 
2454031.429730 0.373685 
2454032.361028 0.068582 
2454033.292326 -0.399135 
2454034.223624 -1.024780 
2454035.154922 -1.767509 
2454036.086219 -2.493813 
2454037.017517 -2.926658 
2454037.948815 -2.744368 
2454038.880113 -1.887442 
2454039.811411 -0.657564 
2454040.742709 0.583442 
2454041.674007 1.632493 
2454042.605304 2.422998 
2454043.536602 2.947464 
2454044.467900 3.212954 
2454045.399198 3.224888 
2454046.330496 2.983680 
2454047.261794 2.487020 
2454048.193091 1.738142 
2454049.124389 0.767243 
2454050.055687 -0.322207 
2454050.986985 -1.291522 
2454051.918283 -1.793542 
2454052.849581 -1.630258 
2454053.780879 -0.984579 
2454054.712176 -0.220365 
2454055.643474 0.415515 
2454056.574772 0.836222 
2454057.506070 1.037728 
2454058.437368 1.040087 
2454059.368666 0.862267 
2454060.299964 0.514607 
2454061.231261 -0.001061 
2454062.162559 -0.685527 
2454063.093857 -1.525843 
2454064.025155 -2.457616 
2454064.956453 -3.302191 
2454065.887751 -3.741922 
2454066.819049 -3.496487 
2454067.750346 -2.625475 
2454068.681644 -1.480012 
2454069.612942 -0.372370 
2454070.544240 0.555210 
2454071.475538 1.270658 
2454072.406836 1.780607 
2454073.338133 2.094975 
2454074.269431 2.214815 
2454075.200729 2.130608 
2454076.132027 1.826651 
2454077.063325 1.293960 
2454077.994623 0.560582 
2454078.925921 -0.251077 
2454079.857218 -0.870333 
2454080.788516 -0.968870 
2454081.719814 -0.465016 
2454082.651112 0.362369 
2454083.582410 1.167318 
2454084.513708 1.762764 
2454085.445006 2.101626 
2454086.376303 2.197256 
2454087.307601 2.075975 
2454088.238899 1.758751 
2454089.170197 1.256583 
2454090.101495 0.572330 
2454091.032793 -0.290878 
2454091.964090 -1.307849 
2454092.895388 -2.384677 
2454093.826686 -3.295139 
2454094.757984 -3.700695 
2454095.689282 -3.400725 
2454096.620580 -2.573393 
2454097.551878 -1.588013 
2454098.483175 -0.701680 
2454099.414473 -0.008955 
2454100.345771 0.481489 
2454101.277069 0.786599 
2454102.208367 0.922569 
2454103.139665 0.896517 
2454104.070963 0.705986 
2454105.002260 0.344171 
2454105.933558 -0.184568 
2454106.864856 -0.828081 
2454107.796154 -1.423991 
2454108.727452 -1.670994 
2454109.658750 -1.296150 
2454110.590048 -0.359115 
2454111.521345 0.782514 
2454112.452643 1.804939 
2454113.383941 2.559522 
2454114.315239 3.016330 
2454115.246537 3.191623 
2454116.177835 3.110727 
2454117.109132 2.794245 
2454118.040430 2.254687 
2454118.971728 1.498999 
2454119.903026 0.539329 
2454120.834324 -0.579135 
2454121.765622 -1.723113 
2454122.696920 -2.616596 
2454123.628217 -2.924314 
2454124.559515 -2.552487 
2454125.490813 -1.775634 
2454126.422111 -0.949016 
2454127.353409 -0.273005 
2454128.284707 0.194273 
2454129.216005 0.457773 
2454130.147302 0.537288 
2454131.078600 0.448616 
2454132.009898 0.198620 
2454132.941196 -0.213302 
2454133.872494 -0.787342 
2454134.803792 -1.502435 
2454135.735089 -2.270904 
2454136.666387 -2.874981 
2454137.597685 -2.981741 
2454138.528983 -2.386888 
2454139.460281 -1.264929 
2454140.391579 0.005341 
2454141.322877 1.149325 
2454142.254174 2.055061 
2454143.185472 2.698527 
2454144.116770 3.083547 
2454145.048068 3.216202 
2454145.979366 3.097704 
2454146.910664 2.724910 
2454147.841962 2.095899 
2454148.773259 1.224892 
2454149.704557 0.177294 
2454150.635855 -0.869536 
2454151.567153 -1.595733 
2454152.498451 -1.699777 
2454153.429749 -1.206883 
2454154.361046 -0.451446 
2454155.292344 0.252417 
2454156.223642 0.760356 
2454157.154940 1.044174 
2454158.086238 1.118923 
2454159.017536 1.005776 
2454159.948834 0.719026 
2454160.880131 0.263723 
2454161.811429 -0.360980 
2454162.742727 -1.150744 
2454163.674025 -2.068548 
2454164.605323 -2.990368 
2454165.536621 -3.649113 
2454166.467919 -3.711012 
2454167.399216 -3.073156 
2454168.330514 -2.004245 
2454169.261812 -0.865185 
2454170.193110 0.134318 
2454171.124408 0.928152 
2454172.055706 1.513978 
2454172.987004 1.903455 
2454173.918301 2.102553 
2454174.849599 2.106445 
2454175.780897 1.901344 
2454176.712195 1.473091 
2454177.643493 0.828834 
2454178.574791 0.043104 
2454179.506088 -0.676954 
2454180.437386 -1.000076 
2454181.368684 -0.707038 
2454182.299982 0.050605 
2454183.231280 0.910951 
2454184.162578 1.613592 
2454185.093876 2.064374 
2454186.025173 2.260166 
2454186.956471 2.225779 
2454187.887769 1.985820 
2454188.819067 1.555805 
2454189.750365 0.941682 
2454190.681663 0.145113 
2454191.612961 -0.821459 
2454192.544258 -1.899531 
2454193.475556 -2.923011 
2454194.406854 -3.583319 
2454195.338152 -3.581147 
2454196.269450 -2.935970 
2454197.200748 -1.983538 
2454198.132045 -1.047820 
2454199.063343 -0.282560 
2454199.994641 0.278118 
2454200.925939 0.645621 
2454201.857237 0.838357 
2454202.788535 0.867823 
2454203.719833 0.735596 
2454204.651130 0.436052 
2454205.582428 -0.033314 
2454206.513726 -0.645461 
2454207.445024 -1.290478 
2454208.376322 -1.718038 
2454209.307620 -1.606099 
2454210.238918 -0.853468 
2454211.170215 0.267658 
2454212.101513 1.384361 
2454213.032811 2.275919 
2454213.964109 2.873000 
2454214.895407 3.178172 
2454215.826705 3.214681 
2454216.758002 3.005248 
2454217.689300 2.565436 
2454218.620598 1.903785 
2454219.551896 1.028431 
2454220.483194 -0.033571 
2454221.414492 -1.192768 
2454222.345790 -2.233301 
2454223.277087 -2.817044 
2454224.208385 -2.712471 
2454225.139683 -2.060516 
2454226.070981 -1.226704 
2454227.002279 -0.483925 
2454227.933577 0.061533 
2454228.864875 0.397000 
2454229.796172 0.539794 
2454230.727470 0.508502 
2454231.658768 0.313794 
2454232.590066 -0.042334 
2454233.521364 -0.561697 
2454234.452662 -1.235586 
2454235.383960 -2.010674 
2454236.315257 -2.728459 
2454237.246555 -3.087846 
2454238.177853 -2.789252 
2454239.109151 -1.845711 
2454240.040449 -0.596065 
2454240.971747 0.620819 
2454241.903044 1.633716 
2454242.834342 2.392481 
2454243.765640 2.894187 
2454244.696938 3.144988 
2454245.628236 3.147324 
2454246.559534 2.898180 
2454247.490832 2.392670 
2454248.422129 1.634398 
2454249.353427 0.660878 
2454250.284725 -0.404872 
2454251.216023 -1.296864 
2454252.147321 -1.669430 
2454253.078619 -1.387138 
2454254.009917 -0.691953 
2454254.941214 0.058793 
2454255.872512 0.651772 
2454256.803810 1.022121 
2454257.735108 1.173987 
2454258.666406 1.128800 
2454259.597704 0.904518 
2454260.529001 0.509979 
2454261.460299 -0.053950 
2454262.391597 -0.787101 
2454263.322895 -1.670647 
2454264.254193 -2.624241 
2454265.185491 -3.441906 
2454266.116789 -3.791399 
2454267.048086 -3.435791 
2454267.979384 -2.506807 
2454268.910682 -1.371316 
2454269.841980 -0.310910 
2454270.773278 0.559799 
2454271.704576 1.221245 
2454272.635874 1.683689 
2454273.567171 1.957284 
2454274.498469 2.042374 
2454275.429767 1.928771 
2454276.361065 1.601061 
2454277.292363 1.053629 
2454278.223661 0.325420 
2454279.154958 -0.438468 
2454280.086256 -0.945141 
2454281.017554 -0.888966 
2454281.948852 -0.262938 
2454282.880150 0.612450 
2454283.811448 1.411298 
2454284.742746 1.977702 
2454285.674043 2.281273 
2454286.605341 2.340751 
2454287.536639 2.182998 
2454288.467937 1.828016 
2454289.399235 1.285728 
2454290.330533 0.558769 
2454291.261831 -0.347370 
2454292.193128 -1.398851 
2454293.124426 -2.481610 
2454294.055724 -3.341531 
2454294.987022 -3.639787 
2454295.918320 -3.237106 
2454296.849618 -2.372780 
2454297.780916 -1.411919 
2454298.712213 -0.578552 
2454299.643511 0.054900 
2454300.574809 0.488041 
2454301.506107 0.739253 
2454302.437405 0.823863 
2454303.368703 0.747790 
2454304.300000 0.508080 
2454305.231298 0.099495 
2454306.162596 -0.467101 
2454307.093894 -1.123074 
2454308.025192 -1.678062 
2454308.956490 -1.814390 
2454309.887788 -1.300316 
2454310.819085 -0.268771 
2454311.750383 0.903363 
2454312.681681 1.920389 
2454313.612979 2.659272 
2454314.544277 3.100286 
2454315.475575 3.260904 
2454316.406873 3.164525 
2454317.338170 2.829407 
2454318.269468 2.266414 
2454319.200766 1.482548 
2454320.132064 0.493803 
2454321.063362 -0.642658 
2454321.994660 -1.769187 
2454322.925957 -2.584617 
2454323.857255 -2.771866 
2454324.788553 -2.309144 
2454325.719851 -1.513214 
2454326.651149 -0.719549 
2454327.582447 -0.096638 
2454328.513745 0.314558 
2454329.445042 0.524342 
2454330.376340 0.552692 
2454331.307638 0.413977 
2454332.238936 0.113528 
2454333.170234 -0.349872 
2454334.101532 -0.974402 
2454335.032830 -1.730691 
2454335.964127 -2.511196 
2454336.895425 -3.069840 
2454337.826723 -3.071185 
2454338.758021 -2.369980 
2454339.689319 -1.202549 
2454340.620617 0.055559 
2454341.551914 1.163588 
2454342.483212 2.032808 
2454343.414510 2.647881 
2454344.345808 3.013594 
2454345.277106 3.133831 
2454346.208404 3.006546 
2454347.139702 2.625527 
2454348.070999 1.987610 
2454349.002297 1.110726 
2454349.933595 0.074188 
2454350.864893 -0.918467 
2454351.796191 -1.530775 
2454352.727489 -1.500410 
2454353.658787 -0.925626 
2454354.590084 -0.160875 
2454355.521382 0.509279 
2454356.452680 0.968955 
2454357.383978 1.202961 
2454358.315276 1.229795 
2454359.246574 1.070283 
2454360.177872 0.737299 
2454361.109169 0.234602 
2454362.040467 -0.438712 
2454362.971765 -1.274940 
2454363.903063 -2.225888 
2454364.834361 -3.144021 
2454365.765659 -3.737002 
2454366.696956 -3.687513 
2454367.628254 -2.964132 
2454368.559552 -1.879988 
2454369.490850 -0.777371 
2454370.422148 0.166508 
2454371.353446 0.903737 
2454372.284744 1.438323 
2454373.216041 1.783080 
2454374.147339 1.943499 
2454375.078637 1.914047 
2454376.009935 1.680801 
2454376.941233 1.231509 
2454377.872531 0.580672 
2454378.803829 -0.179166 
2454379.735126 -0.814610 
2454380.666424 -0.992791 
2454381.597722 -0.554595 
2454382.529020 0.282591 
2454383.460318 1.156043 
2454384.391616 1.837543 
2454385.322913 2.255884 
2454386.254211 2.416940 
2454387.185509 2.347423 
2454388.116807 2.071335 
2454389.048105 1.603058 
2454389.979403 0.947849 
2454390.910701 0.108393 
2454391.841998 -0.897374 
2454392.773296 -1.995970 
2454393.704594 -2.994501 
2454394.635892 -3.566399 
2454395.567190 -3.449513 
2454396.498488 -2.737065 
2454397.429786 -1.787598 
2454398.361083 -0.896703 
2454399.292381 -0.189625 
2454400.223679 0.312622 
2454401.154977 0.624900 
2454402.086275 0.765310 
2454403.017573 0.744098 
2454403.948871 0.561891 
2454404.880168 0.213502 
2454405.811466 -0.299627 
2454406.742764 -0.938732 
2454407.674062 -1.569845 
2454408.605360 -1.916113 
2454409.536658 -1.669399 
2454410.467955 -0.799234 
2454411.399253 0.374910 
2454412.330551 1.495853 
2454413.261849 2.373444 
2454414.193147 2.954461 
2454415.124445 3.245373 
2454416.055743 3.268158 
2454416.987040 3.043006 
2454417.918338 2.583289 
2454418.849636 1.896623 
2454419.780934 0.992986 
2454420.712232 -0.092620 
2454421.643530 -1.251534 
2454422.574828 -2.239459 
2454423.506125 -2.712643 
2454424.437423 -2.495618 
2454425.368721 -1.794568 
2454426.300019 -0.976422 
2454427.231317 -0.281224 
2454428.162615 0.208491 
2454429.093912 0.489309 
2454430.025210 0.580239 
2454430.956508 0.498842 
2454431.887806 0.254173 
2454432.819104 -0.152913 
2454433.750402 -0.723614 
2454434.681700 -1.444109 
2454435.612997 -2.246494 
2454436.544295 -2.945545 
2454437.475593 -3.220807 
2454438.406891 -2.807145 
2454439.338189 -1.790841 
2454440.269487 -0.534914 
2454441.200785 0.650313 
2454442.132082 1.623356 
2454443.063380 2.348069 
2454443.994678 2.825086 
2454444.925976 3.059513 
2454445.857274 3.050981 
2454446.788572 2.793290 
2454447.719869 2.279313 
2454448.651167 1.513732 
2454449.582465 0.542965 
2454450.513763 -0.488338 
2454451.445061 -1.288647 
2454452.376359 -1.524852 
2454453.307657 -1.131209 
2454454.238954 -0.398078 
2454455.170252 0.333180 
2454456.101550 0.882221 
2454457.032848 1.203223 
2454457.964146 1.306821 
2454458.895444 1.215197 
2454459.826742 0.945155 
2454460.758039 0.504096 
2454461.689337 -0.107830 
2454462.620635 -0.888868 
2454463.551933 -1.812877 
2454464.483231 -2.781187 
2454465.414529 -3.559877 
2454466.345827 -3.809936 
2454467.277124 -3.349018 
2454468.208422 -2.375546 
2454469.139720 -1.259816 
2454470.071018 -0.250593 
2454471.002316 0.562181 
2454471.933614 1.169150 
2454472.864911 1.583195 
2454473.796209 1.814389 
2454474.727507 1.862383 
2454475.658805 1.716589 
2454476.590103 1.362539 
2454477.521401 0.799364 
2454478.452699 0.079324 
2454479.383996 -0.627672 
2454480.315294 -1.010691 
2454481.246592 -0.799048 
2454482.177890 -0.061838 
2454483.109188 0.851529 
2454484.040486 1.640903 
2454484.971784 2.179198 
2454485.903081 2.449870 
2454486.834379 2.475631 
2454487.765677 2.283378 
2454488.696975 1.892045 
2454489.628273 1.310589 
2454490.559571 0.541769 
2454491.490868 -0.405713 
2454492.422166 -1.487575 
2454493.353464 -2.567213 
2454494.284762 -3.363884 
2454495.216060 -3.549124 
2454496.147358 -3.052502 
2454497.078656 -2.164095 
2454498.009953 -1.235021 
2454498.941251 -0.456617 
2454499.872549 0.117845 
2454500.803847 0.494446 
2454501.735145 0.692282 
2454502.666443 0.725577 
2454503.597741 0.599015 
2454504.529038 0.309297 
2454505.460336 -0.146730 
2454506.391634 -0.750352 
2454507.322932 -1.414125 
2454508.254230 -1.918868 
2454509.185528 -1.937895 
2454510.116825 -1.291842 
2454511.048123 -0.181746 
2454511.979421 1.009059 
2454512.910719 2.015750 
2454513.842017 2.738166 
2454514.773315 3.164504 
2454515.704613 3.312320 
2454516.635910 3.202560 
2454517.567208 2.850858 
2454518.498506 2.266370 
2454519.429804 1.456427 
2454520.361102 0.441844 
2454521.292400 -0.706199 
2454522.223698 -1.803748 
2454523.154995 -2.528449 
2454524.086293 -2.593596 
2454525.017591 -2.051276 
2454525.948889 -1.247630 
2454526.880187 -0.492017 
2454527.811485 0.076972 
2454528.742783 0.432841 
2454529.674080 0.589891 
2454530.605378 0.567817 
2454531.536676 0.379457 
2454532.467974 0.028686 
2454533.399272 -0.486043 
2454534.330570 -1.160127 
2454535.261867 -1.954203 
2454536.193165 -2.738550 
2454537.124463 -3.239907 
2454538.055761 -3.130810 
2454538.987059 -2.333119 
2454539.918357 -1.135090 
2454540.849655 0.101070 
2454541.780952 1.168354 
2454542.712250 1.998416 
2454543.643548 2.583013 
2454544.574846 2.927476 
2454545.506144 3.033598 
2454546.437442 2.896330 
2454547.368740 2.506722 
2454548.300037 1.860910 
2454549.231335 0.981741 
2454550.162633 -0.035459 
2454551.093931 -0.960285 
2454552.025229 -1.447041 
2454552.956527 -1.284352 
2454553.887824 -0.639323 
2454554.819122 0.126186 
2454555.750420 0.760010 
2454556.681718 1.171952 
2454557.613016 1.357544 
2454558.544314 1.337756 
2454559.475612 1.132781 
2454560.406909 0.754067 
2454561.338207 0.204248 
2454562.269505 -0.517201 
2454563.200803 -1.398163 
2454564.132101 -2.377210 
2454565.063399 -3.281288 
2454565.994697 -3.796513 
2454566.925994 -3.634179 
2454567.857292 -2.836939 
2454568.788590 -1.749691 
2454569.719888 -0.689498 
2454570.651186 0.196972 
2454571.582484 0.877182 
2454572.513781 1.360008 
2454573.445079 1.658876 
2454574.376377 1.778683 
2454575.307675 1.713321 
2454576.238973 1.449176 
2454577.170271 0.976909 
2454578.101569 0.320358 
2454579.032866 -0.407247 
2454579.964164 -0.946866 
2454580.895462 -0.974081 
2454581.826760 -0.398384 
2454582.758058 0.506355 
2454583.689356 1.386772 
2454584.620654 2.046699 
2454585.551951 2.434673 
2454586.483249 2.563570 
2454587.414547 2.461188 
2454588.345845 2.150687 
2454589.277143 1.645334 
2454590.208441 0.949927 
2454591.139739 0.068766 
2454592.071036 -0.973350 
2454593.002334 -2.085616 
2454593.933632 -3.047233 
2454594.864930 -3.520453 
2454595.796228 -3.292047 
2454596.727526 -2.525316 
2454597.658823 -1.588778 
2454598.590121 -0.746469 
2454599.521419 -0.097904 
2454600.452717 0.346635 
2454601.384015 0.604390 
2454602.315313 0.692780 
2454603.246611 0.620702 
2454604.177908 0.387894 
2454605.109206 -0.010058 
2454606.040504 -0.566826 
2454606.971802 -1.229948 
2454607.903100 -1.839336 
2454608.834398 -2.094930 
2454609.765696 -1.714395 
2454610.696993 -0.740919 
2454611.628291 0.471587 
2454612.559589 1.589006 
2454613.490887 2.450227 
2454614.422185 3.015435 
2454615.353483 3.293500 
2454616.284780 3.304449 
2454617.216078 3.065583 
2454618.147376 2.587919 
2454619.078674 1.878241 
2454620.009972 0.948974 
2454620.941270 -0.155348 
2454621.872568 -1.304500 
2454622.803865 -2.226357 
2454623.735163 -2.581397 
2454624.666461 -2.259060 
2454625.597759 -1.521687 
2454626.529057 -0.726851 
2454627.460355 -0.081389 
2454628.391653 0.352947 
2454629.322950 0.580107 
2454630.254248 0.620047 
2454631.185546 0.489092 
2454632.116844 0.194693 
2454633.048142 -0.263250 
2454633.979440 -0.884788 
2454634.910737 -1.649728 
2454635.842035 -2.473336 
2454636.773333 -3.142525 
2454637.704631 -3.324048 
2454638.635929 -2.799228 
2454639.567227 -1.724634 
2454640.498525 -0.474594 
2454641.429822 0.672636 
2454642.361120 1.602677 
2454643.292418 2.291146 
2454644.223716 2.741405 
2454645.155014 2.957462 
2454646.086312 2.936379 
2454647.017610 2.669103 
2454647.948907 2.146729 
2454648.880205 1.375937 
2454649.811503 0.413854 
2454650.742801 -0.571351 
2454651.674099 -1.265938 
2454652.605397 -1.361482 
2454653.536695 -0.865843 
2454654.467992 -0.105496 
2454655.399290 0.601542 
2454656.330588 1.106321 
2454657.261886 1.379261 
2454658.193184 1.436038 
2454659.124482 1.299089 
2454660.055779 0.983973 
2454660.987077 0.496751 
2454661.918375 -0.162848 
2454662.849673 -0.990732 
2454663.780971 -1.951811 
2454664.712269 -2.926699 
2454665.643567 -3.653934 
2454666.574864 -3.797348 
2454667.506162 -3.238494 
2454668.437460 -2.233942 
2454669.368758 -1.146451 
2454670.300056 -0.191426 
2454671.231354 0.562794 
2454672.162652 1.115037 
2454673.093949 1.479953 
2454674.025247 1.667267 
2454674.956545 1.675954 
2454675.887843 1.495295 
2454676.819141 1.112472 
2454677.750439 0.532879 
2454678.681736 -0.175338 
2454679.613034 -0.815854 
2454680.544332 -1.065675 
2454681.475630 -0.701059 
2454682.406928 0.135111 
2454683.338226 1.077312 
2454684.269524 1.854761 
2454685.200821 2.366323 
2454686.132119 2.606658 
2454687.063417 2.601213 
2454687.994715 2.376486 
2454688.926013 1.950271 
2454689.857311 1.330683 
2454690.788609 0.521015 
2454691.719906 -0.465828 
2454692.651204 -1.573125 
2454693.582502 -2.639529 
2454694.513800 -3.360449 
2454695.445098 -3.429554 
2454696.376396 -2.849621 
2454697.307694 -1.949370 
2454698.238991 -1.058154 
2454699.170289 -0.336062 
2454700.101587 0.179912 
2454701.032885 0.500783 
2454701.964183 0.645775 
2454702.895481 0.627826 
2454703.826778 0.450393 
2454704.758076 0.110023 
2454705.689374 -0.393712 
2454706.620672 -1.032732 
2454707.551970 -1.698421 
2454708.483268 -2.142969 
2454709.414566 -2.039898 
2454710.345863 -1.271720 
2454711.277161 -0.099236 
2454712.208459 1.099359 
2454713.139757 2.091240 
2454714.071055 2.796319 
2454715.002353 3.208760 
2454715.933651 3.345303 
2454716.864948 3.224003 
2454717.796246 2.857637 
2454718.727544 2.253600 
2454719.658842 1.419886 
2454720.590140 0.383243 
2454721.521438 -0.768947 
2454722.452735 -1.825011 
2454723.384033 -2.447238 
2454724.315331 -2.391421 
2454725.246629 -1.781738 
2454726.177927 -0.980623 
2454727.109225 -0.267080 
2454728.040523 0.247656 
2454728.971820 0.549085 
2454729.903118 0.654380 
2454730.834416 0.582578 
2454731.765714 0.344931 
2454732.697012 -0.056032 
2454733.628310 -0.621834 
2454734.559608 -1.344181 
2454735.490905 -2.171828 
2454736.422203 -2.950709 
2454737.353501 -3.382966 
2454738.284799 -3.160818 
2454739.216097 -2.278278 
2454740.147395 -1.063710 
2454741.078692 0.142115 
2454742.009990 1.164685 
2454742.941288 1.953249 
2454743.872586 2.505281 
2454744.803884 2.826348 
2454745.735182 2.916312 
2454746.666480 2.767452 
2454747.597777 2.368507 
2454748.529075 1.715639 
2454749.460373 0.838059 
2454750.391671 -0.150703 
2454751.322969 -0.993628 
2454752.254267 -1.345016 
2454753.185565 -1.054662 
2454754.116862 -0.351071 
2454755.048160 0.407975 
2454755.979458 1.003817 
2454756.910756 1.368976 
2454757.842054 1.507692 
2454758.773352 1.442602 
2454759.704650 1.193059 
2454760.635947 0.769111 
2454761.567245 0.172470 
2454762.498543 -0.596488 
2454763.429841 -1.520012 
2454764.361139 -2.521207 
2454765.292437 -3.399961 
2454766.223734 -3.826362 
2454767.155032 -3.552554 
2454768.086330 -2.694175 
2454769.017628 -1.614856 
2454769.948926 -0.601919 
2454770.880224 0.225961 
2454771.811522 0.849013 
2454772.742819 1.279731 
2454773.674117 1.531693 
2454774.605415 1.609103 
2454775.536713 1.505412 
2454776.468011 1.207778 
2454777.399309 0.710875 
2454778.330607 0.050040 
2454779.261904 -0.638257 
2454780.193202 -1.071317 
2454781.124500 -0.944475 
2454782.055798 -0.241342 
2454782.987096 0.719215 
2454783.918394 1.601487 
2454784.849691 2.240003 
2454785.780989 2.599912 
2454786.712287 2.699316 
2454787.643585 2.566388 
2454788.574883 2.223245 
2454789.506181 1.682077 
2454790.437479 0.947487 
2454791.368776 0.026088 
2454792.300074 -1.048902 
2454793.231372 -2.166930 
2454794.162670 -3.079085 
2454795.093968 -3.445108 
2454796.025266 -3.111044 
2454796.956564 -2.303232 
2454797.887861 -1.388360 
2454798.819159 -0.597509 
2454799.750457 -0.007432 
2454800.681755 0.380213 
2454801.613053 0.584157 
2454802.544351 0.620840 
2454803.475648 0.497752 
2454804.406946 0.213850 
2454805.338244 -0.234099 
2454806.269542 -0.833776 
2454807.200840 -1.516888 
2454808.132138 -2.095616 
2454809.063436 -2.251850 
2454809.994733 -1.741212 
2454810.926031 -0.679876 
2454811.857329 0.557156 
2454812.788627 1.664055 
2454813.719925 2.506606 
2454814.651223 3.055974 
2454815.582521 3.322221 
2454816.513818 3.322882 
2454817.445116 3.072085 
2454818.376414 2.578350 
2454819.307712 1.847750 
2454820.239010 0.895879 
2454821.170308 -0.221453 
2454822.101606 -1.350215 
2454823.032903 -2.192454 
2454823.964201 -2.424132 
2454824.895499 -2.005654 
2454825.826797 -1.244177 
2454826.758095 -0.479034 
2454827.689393 0.115260 
2454828.620690 0.494828 
2454829.551988 0.669358 
2454830.483286 0.659148 
2454831.414584 0.479135 
2454832.345882 0.135213 
2454833.277180 -0.373436 
2454834.208478 -1.045088 
2454835.139775 -1.851713 
2454836.071073 -2.689407 
2454837.002371 -3.316918 
2454837.933669 -3.396652 
2454838.864967 -2.767146 
2454839.796265 -1.648854 
2454840.727563 -0.415452 
2454841.658860 0.688535 
2454842.590158 1.572933 
2454843.521456 2.223101 
2454844.452754 2.644448 
2454845.384052 2.839889 
2454846.315350 2.804206 
2454847.246647 2.525905 
2454848.177945 1.994915 
2454849.109243 1.221048 
2454850.040541 0.274172 
2454850.971839 -0.652513 
2454851.903137 -1.228167 
2454852.834435 -1.181551 
2454853.765732 -0.594469 
2454854.697030 0.183434 
2454855.628328 0.862729 
2454856.559626 1.323542 
2454857.490924 1.549936 
2454858.422222 1.561404 
2454859.353520 1.380249 
2454860.284817 1.020737 
2454861.216115 0.487718 
2454862.147413 -0.219138 
2454863.078711 -1.092525 
2454864.010009 -2.086571 
2454864.941307 -3.058850 
2454865.872604 -3.722086 
2454866.803902 -3.754027 
2454867.735200 -3.106765 
2454868.666498 -2.084070 
2454869.597796 -1.032001 
2454870.529094 -0.133386 
2454871.460392 0.562025 
2454872.391689 1.059482 
2454873.322987 1.374685 
2454874.254285 1.516791 
2454875.185583 1.484119 
2454876.116881 1.266097 
2454877.048179 0.852314 
2454877.979477 0.256099 
2454878.910774 -0.435859 
2454879.842072 -1.000002 
2454880.773370 -1.109089 
2454881.704668 -0.597165 
2454882.635966 0.324989 
2454883.567264 1.287813 
2454884.498562 2.051657 
2454885.429859 2.538176 
2454886.361157 2.750843 
2454887.292455 2.716754 
2454888.223753 2.461632 
2454889.155051 2.002068 
2454890.086349 1.345487 
2454891.017646 0.496190 
2454891.948944 -0.527563 
2454892.880242 -1.654440 
2454893.811540 -2.696502 
2454894.742838 -3.329823 
2454895.674136 -3.282463 
2454896.605434 -2.631207 
2454897.536731 -1.730408 
2454898.468029 -0.881998 
2454899.399327 -0.217023 
2454900.330625 0.241133 
2454901.261923 0.507111 
2454902.193221 0.599784 
2454903.124519 0.530682 
2454904.055816 0.302068 
2454904.987114 -0.089402 
2454905.918412 -0.640671 
2454906.849710 -1.312576 
2454907.781008 -1.973050 
2454908.712306 -2.347145 
2454909.643603 -2.119376 
2454910.574901 -1.241137 
2454911.506199 -0.022148 
2454912.437497 1.174366 
2454913.368795 2.147351 
2454914.300093 2.834058 
2454915.231391 3.233000 
2454916.162688 3.359398 
2454917.093986 3.228090 
2454918.025284 2.848798 
2454918.956582 2.227141 
2454919.887880 1.372178 
2454920.819178 0.317860 
2454921.750476 -0.829960 
2454922.681773 -1.831245 
2454923.613071 -2.340664 
2454924.544369 -2.167713 
2454925.475667 -1.503304 
2454926.406965 -0.713724 
2454927.338263 -0.045288 
2454928.269560 0.415278 
2454929.200858 0.663260 
2454930.132156 0.717766 
2454931.063454 0.596894 
2454931.994752 0.310285 
2454932.926050 -0.140732 
2454933.857348 -0.757221 
2454934.788645 -1.526130 
2454935.719943 -2.382251 
2454936.651241 -3.145322 
2454937.582539 -3.497171 
2454938.513837 -3.162021 
2454939.445135 -2.207564 
2454940.376433 -0.989438 
2454941.307730 0.178996 
2454942.239028 1.153614 
2454943.170326 1.898623 
2454944.101624 2.416027 
2454945.032922 2.711401 
2454945.964220 2.782872 
2454946.895518 2.620433 
2454947.826815 2.211051 
2454948.758113 1.551830 
2454949.689411 0.680046 
2454950.620709 -0.270377 
2454951.552007 -1.017270 
2454952.483305 -1.225771 
2454953.414602 -0.814682 
2454954.345900 -0.063818 
2454955.277198 0.682904 
2454956.208496 1.239986 
2454957.139794 1.559683 
2454958.071092 1.653183 
2454959.002390 1.544139 
2454959.933687 1.250910 
2454960.864985 0.782216 
2454961.796283 0.139094 
2454962.727581 -0.676564 
2454963.658879 -1.639968 
2454964.590177 -2.656398 
2454965.521475 -3.497847 
2454966.452772 -3.825784 
2454967.384070 -3.444670 
2454968.315368 -2.538425 
2454969.246666 -1.476869 
2454970.177964 -0.515008 
2454971.109262 0.253583 
2454972.040559 0.819559 
2454972.971857 1.197967 
2454973.903155 1.402154 
2454974.834453 1.435548 
2454975.765751 1.291295 
2454976.697049 0.957821 
2454977.628347 0.435035 
2454978.559644 -0.227908 
2454979.490942 -0.869043 
2454980.422240 -1.185650 
2454981.353538 -0.904805 
2454982.284836 -0.086247 
2454983.216134 0.918910 
2454984.147432 1.798826 
2454985.078729 2.416525 
2454986.010027 2.750798 
2454986.941325 2.823400 
2454987.872623 2.662264 
2454988.803921 2.288282 
2454989.735219 1.712626 
2454990.666517 0.940009 
2454991.597814 -0.019829 
2454992.529112 -1.123513 
2454993.460410 -2.238333 
2454994.391708 -3.088233 
2454995.323006 -3.340749 
2454996.254304 -2.909283 
2454997.185601 -2.073360 
2454998.116899 -1.187644 
2454999.048197 -0.450345 
2454999.979495 0.081549 
2455000.910793 0.413171 
2455001.842091 0.564019 
2455002.773389 0.549336 
2455003.704686 0.375184 
2455004.635984 0.039879 
2455005.567282 -0.458138 
2455006.498580 -1.099291 
2455007.429878 -1.797197 
2455008.361176 -2.335374 
2455009.292474 -2.384731 
2455010.223771 -1.750424 
2455011.155069 -0.617341 
2455012.086367 0.631389 
2455013.017665 1.721461 
2455013.948963 2.543059 
2455014.880261 3.076214 
2455015.811558 3.331235 
2455016.742856 3.322764 
2455017.674154 3.061524 
2455018.605452 2.553432 
2455019.536750 1.804039 
2455020.468048 0.832960 
2455021.399346 -0.290793 
2455022.330643 -1.387441 
2455023.261941 -2.136847 
2455024.193239 -2.242581 
2455025.124537 -1.738707 
2455026.055835 -0.964486 
2455026.987133 -0.234199 
2455027.918431 0.308156 
2455028.849728 0.633829 
2455029.781026 0.756841 
2455030.712324 0.697331 
2455031.643622 0.468743 
2455032.574920 0.075501 
2455033.506218 -0.483634 
2455034.437515 -1.204400 
2455035.368813 -2.049276 
2455036.300111 -2.892841 
2455037.231409 -3.466502 
2455038.162707 -3.438448 
2455039.094005 -2.713053 
2455040.025303 -1.565333 
2455040.956600 -0.357880 
2455041.887898 0.698610 
2455042.819196 1.535167 
2455043.750494 2.145103 
2455044.681792 2.535314 
2455045.613090 2.707682 
2455046.544388 2.655028 
2455047.475685 2.363896 
2455048.406983 1.823791 
2455049.338281 1.049042 
2455050.269579 0.124494 
2455051.200877 -0.730698 
2455052.132175 -1.175564 
2455053.063473 -0.988116 
2455053.994770 -0.320806 
2455054.926068 0.466249 
2455055.857366 1.115400 
2455056.788664 1.533087 
2455057.719962 1.714663 
2455058.651260 1.682417 
2455059.582557 1.458205 
2455060.513855 1.054990 
2455061.445153 0.476569 
2455062.376451 -0.277013 
2455063.307749 -1.194198 
2455064.239047 -2.216294 
2455065.170345 -3.175743 
2455066.101642 -3.762769 
2455067.032940 -3.681064 
2455067.964238 -2.956606 
2455068.895536 -1.927898 
2455069.826834 -0.917203 
2455070.758132 -0.076528 
2455071.689430 0.560102 
2455072.620727 1.002836 
2455073.552025 1.267849 
2455074.483323 1.363552 
2455075.414621 1.287639 
2455076.345919 1.029974 
2455077.277217 0.583371 
2455078.208514 -0.029088 
2455079.139812 -0.699512 
2455080.071110 -1.177351 
2455081.002408 -1.140624 
2455081.933706 -0.489972 
2455082.865004 0.504898 
2455083.796302 1.481082 
2455084.727599 2.230254 
2455085.658897 2.693631 
2455086.590195 2.881358 
2455087.521493 2.821241 
2455088.452791 2.537879 
2455089.384089 2.046595 
2455090.315387 1.354298 
2455091.246684 0.466862 
2455092.177982 -0.590766 
2455093.109280 -1.730308 
2455094.040578 -2.735989 
2455094.971876 -3.270962 
2455095.903174 -3.109638 
2455096.834471 -2.399909 
2455097.765769 -1.508765 
2455098.697067 -0.707056 
2455099.628365 -0.099469 
2455100.559663 0.301761 
2455101.490961 0.513732 
2455102.422259 0.554557 
2455103.353556 0.434289 
2455104.284854 0.154143 
2455105.216152 -0.288720 
2455106.147450 -0.886837 
2455107.078748 -1.588096 
2455108.010046 -2.234968 
2455108.941344 -2.528458 
2455109.872641 -2.175935 
2455110.803939 -1.201471 
2455111.735237 0.048814 
2455112.666535 1.234417 
2455113.597833 2.184757 
2455114.529131 2.851827 
2455115.460429 3.237181 
2455116.391726 3.354072 
2455117.323024 3.213926 
2455118.254322 2.823263 
2455119.185620 2.185897 
2455120.116918 1.312393 
2455121.048216 0.245348 
2455121.979513 -0.888546 
2455122.910811 -1.821193 
2455123.842109 -2.209134 
2455124.773407 -1.925015 
2455125.704705 -1.218144 
2455126.636003 -0.447645 
2455127.567301 0.173534 
2455128.498598 0.580322 
2455129.429896 0.775989 
2455130.361194 0.780861 
2455131.292492 0.611807 
2455132.223790 0.276725 
2455133.155088 -0.224182 
2455134.086386 -0.891001 
2455135.017683 -1.704574 
2455135.948981 -2.583372 
2455136.880279 -3.319581 
2455137.811577 -3.580893 
2455138.742875 -3.135751 
2455139.674173 -2.123393 
2455140.605470 -0.913741 
2455141.536768 0.211210 
2455142.468066 1.135074 
2455143.399364 1.834506 
2455144.330662 2.314944 
2455145.261960 2.581806 
2455146.193258 2.631849 
2455147.124555 2.453401 
2455148.055853 2.032426 
2455148.987151 1.368013 
2455149.918449 0.507266 
2455150.849747 -0.393640 
2455151.781045 -1.030374 
2455152.712343 -1.090763 
2455153.643640 -0.567169 
2455154.574938 0.221263 
2455155.506236 0.952089 
2455156.437534 1.471205 
2455157.368832 1.747448 
2455158.300130 1.797359 
2455159.231427 1.645216 
2455160.162725 1.308513 
2455161.094023 0.794885 
2455162.025321 0.104999 
2455162.956619 -0.757057 
2455163.887917 -1.757868 
2455164.819215 -2.782407 
2455165.750512 -3.574838 
2455166.681810 -3.797265 
2455167.613108 -3.316406 
2455168.544406 -2.376684 
2455169.475704 -1.342745 
2455170.407002 -0.436114 
2455171.338300 0.272105 
2455172.269597 0.781184 
2455173.200895 1.107772 
2455174.132193 1.264323 
2455175.063491 1.253077 
2455175.994789 1.066960 
2455176.926087 0.696488 
2455177.857385 0.148540 
2455178.788682 -0.511309 
2455179.719980 -1.094158 
2455180.651278 -1.283348 
2455181.582576 -0.850231 
2455182.513874 0.070807 
2455183.445172 1.109625 
2455184.376469 1.982805 
2455185.307767 2.579377 
2455186.239065 2.889092 
2455187.170363 2.935949 
2455188.101661 2.747156 
2455189.032959 2.342451 
2455189.964257 1.732274 
2455190.895554 0.921768 
2455191.826852 -0.075629 
2455192.758150 -1.204892 
2455193.689448 -2.309026 
2455194.620746 -3.086817 
2455195.552044 -3.224361 
2455196.483342 -2.706854 
2455197.414639 -1.855113 
2455198.345937 -1.004092 
2455199.277235 -0.321054 
2455200.208533 0.153660 
2455201.139831 0.430884 
2455202.071129 0.531155 
2455203.002426 0.468884 
2455203.933724 0.248402 
2455204.865022 -0.133520 
2455205.796320 -0.677416 
2455206.727618 -1.355708 
2455207.658916 -2.061506 
2455208.590214 -2.549090 
2455209.521511 -2.486822 
2455210.452809 -1.739396 
2455211.384107 -0.553036 
2455212.315405 0.692845 
2455213.246703 1.757410 
2455214.178001 2.553236 
2455215.109299 3.067725 
2455216.040596 3.310285 
2455216.971894 3.291449 
2455217.903192 3.017661 
2455218.834490 2.492369 
2455219.765788 1.721969 
2455220.697086 0.732403 
2455221.628383 -0.391477 
2455222.559681 -1.443238 
2455223.490979 -2.087227 
2455224.422277 -2.067638 
2455225.353575 -1.490810 
2455226.284873 -0.713585 
2455227.216171 -0.019130 
2455228.147468 0.476841 
2455229.078766 0.756902 
2455230.010064 0.836203 
2455230.941362 0.732782 
2455231.872660 0.458237 
2455232.803958 0.016403 
2455233.735256 -0.593106 
2455234.666553 -1.362321 
2455235.597851 -2.242776 
2455236.529149 -3.085694 
2455237.460447 -3.597023 
2455238.391745 -3.461121 
2455239.323043 -2.652891 
2455240.254341 -1.490346 
2455241.185638 -0.317550 
2455242.116936 0.686041 
2455243.048234 1.469030 
2455243.979532 2.031825 
2455244.910830 2.383986 
2455245.842128 2.527756 
2455246.773425 2.454326 
2455247.704723 2.147571 
2455248.636021 1.596133 
2455249.567319 0.820322 
2455250.498617 -0.076301 
2455251.429915 -0.846563 
2455252.361213 -1.147099 
2455253.292510 -0.816552 
2455254.223808 -0.073427 
2455255.155106 0.721280 
2455256.086404 1.342207 
2455257.017702 1.719687 
2455257.949000 1.859410 
2455258.880298 1.786187 
2455259.811595 1.520776 
2455260.742893 1.074016 
2455261.674191 0.448597 
2455262.605489 -0.353722 
2455263.536787 -1.314546 
2455264.468085 -2.359263 
2455265.399382 -3.293859 
2455266.330680 -3.792473 
2455267.261978 -3.598283 
2455268.193276 -2.811124 
2455269.124574 -1.790353 
2455270.055872 -0.828358 
2455270.987170 -0.048341 
2455271.918467 0.528193 
2455272.849765 0.914121 
2455273.781063 1.125335 
2455274.712361 1.170126 
2455275.643659 1.046907 
2455276.574957 0.747139 
2455277.506255 0.267526 
2455278.437552 -0.358199 
2455279.368850 -0.999446 
2455280.300148 -1.380482 
2455281.231446 -1.194887 
2455282.162744 -0.415149 
2455283.094042 0.641537 
2455284.025340 1.627199 
2455284.956637 2.363002 
2455285.887935 2.806276 
2455286.819233 2.972383 
2455287.750531 2.889754 
2455288.681829 2.581982 
2455289.613127 2.062983 
2455290.544424 1.339038 
2455291.475722 0.418141 
2455292.407020 -0.666470 
2455293.338318 -1.807317 
2455294.269616 -2.761153 
2455295.200914 -3.187645 
2455296.132212 -2.918902 
2455297.063509 -2.166814 
2455297.994807 -1.296996 
2455298.926105 -0.545686 
2455299.857403 0.005907 
2455300.788701 0.352490 
2455301.719999 0.509897 
2455302.651297 0.493806 
2455303.582594 0.314158 
2455304.513892 -0.025292 
2455305.445190 -0.523297 
2455306.376488 -1.166246 
2455307.307786 -1.889095 
2455308.239084 -2.510178 
2455309.170381 -2.712730 
2455310.101679 -2.238222 
2455311.032977 -1.181449 
2455311.964275 0.089339 
2455312.895573 1.260746 
2455313.826871 2.188277 
2455314.758169 2.835245 
2455315.689466 3.206841 
2455316.620764 3.317146 
2455317.552062 3.175638 
2455318.483360 2.783470 
2455319.414658 2.138034 
2455320.345956 1.248558 
2455321.277254 0.169298 
2455322.208551 -0.943841 
2455323.139849 -1.789795 
2455324.071147 -2.036460 
2455325.002445 -1.632139 
2455325.933743 -0.883212 
2455326.865041 -0.138880 
2455327.796338 0.422221 
2455328.727636 0.762554 
2455329.658934 0.901278 
2455330.590232 0.862550 
2455331.521530 0.656573 
2455332.452828 0.280184 
2455333.384126 -0.273355 
2455334.315423 -1.000902 
2455335.246721 -1.868573 
2455336.178019 -2.769952 
2455337.109317 -3.469099 
2455338.040615 -3.633114 
2455338.971913 -3.091177 
2455339.903211 -2.048214 
2455340.834508 -0.870377 
2455341.765806 0.199634 
2455342.697104 1.070013 
2455343.628402 1.720625 
2455344.559700 2.151919 
2455345.490998 2.369280 
2455346.422296 2.379120 
2455347.353593 2.183495 
2455348.284891 1.775814 
2455349.216189 1.151710 
2455350.147487 0.352602 
2455351.078785 -0.457555 
2455352.010083 -0.959687 
2455352.941380 -0.864351 
2455353.872678 -0.221252 
2455354.803976 0.631689 
2455355.735274 1.389812 
2455356.666572 1.907566 
2455357.597870 2.150228 
2455358.529168 2.135843 
2455359.460465 1.901311 
2455360.391763 1.479755 
2455361.323061 0.886226 
2455362.254359 0.117860 
2455363.185657 -0.826722 
2455364.116955 -1.906999 
2455365.048253 -2.979794 
2455365.979550 -3.754841 
2455366.910848 -3.904866 
2455367.842146 -3.375371 
2455368.773444 -2.471549 
2455369.704742 -1.542117 
2455370.636040 -0.756628 
2455371.567337 -0.138940 
2455372.498635 0.334774 
2455373.429933 0.675806 
2455374.361231 0.868723 
2455375.292529 0.886983 
2455376.223827 0.716199 
2455377.155125 0.367802 
2455378.086422 -0.115202 
2455379.017720 -0.636645 
2455379.949018 -0.998939 
2455380.880316 -0.920937 
2455381.811614 -0.269080 
2455382.742912 0.738674 
2455383.674210 1.741206 
2455384.605507 2.515141 
2455385.536805 2.993975 
2455386.468103 3.180092 
2455387.399401 3.093295 
2455388.330699 2.759693 
2455389.261997 2.208482 
2455390.193294 1.460537 
2455391.124592 0.517684 
2455392.055890 -0.624464 
2455392.987188 -1.921172 
2455393.918486 -3.188985 
2455394.849784 -4.069267 
2455395.781082 -4.222729 
2455396.712379 -3.667862 
2455397.643677 -2.757914 
2455398.574975 -1.846237 
2455399.506273 -1.119833 
2455400.437571 -0.617367 
2455401.368869 -0.287247 
2455402.300167 -0.051987 
2455403.231464 0.128847 
2455404.162762 0.223499 
2455405.094060 0.143061 
2455406.025358 -0.198487 
2455406.956656 -0.806380 
2455407.887954 -1.535117 
2455408.819252 -2.063484 
2455409.750549 -2.029483 
2455410.681847 -1.355889 
2455411.613145 -0.345978 
2455412.544443 0.642830 
2455413.475741 1.436785 
2455414.407039 2.005196 
2455415.338336 2.344364 
2455416.269634 2.415954 
2455417.200932 2.159405 
2455418.132230 1.546124 
2455419.063528 0.621353 
2455419.994826 -0.504496 
2455420.926124 -1.702564 
2455421.857421 -2.848562 
2455422.788719 -3.773727 
2455423.720017 -4.229605 
2455424.651315 -4.054567 
2455425.582613 -3.367787 
2455426.513911 -2.414776 
2455427.445209 -1.358752 
2455428.376506 -0.312278 
2455429.307804 0.582088 
2455430.239102 1.169107 
2455431.170400 1.354926 
2455432.101698 1.147774 
2455433.032996 0.624553 
2455433.964293 -0.142604 
2455434.895591 -1.125101 
2455435.826889 -2.287708 
2455436.758187 -3.464928 
2455437.689485 -4.288561 
2455438.620783 -4.378815 
2455439.552081 -3.724772 
2455440.483378 -2.711373 
2455441.414676 -1.776487 
2455442.345974 -1.182181 
2455443.277272 -0.972314 
2455444.208570 -1.019997 
2455445.139868 -1.142951 
2455446.071166 -1.241772 
2455447.002463 -1.373037 
2455447.933761 -1.699469 
2455448.865059 -2.346190 
2455449.796357 -3.258615 
2455450.727655 -4.146724 
2455451.658953 -4.550653 
2455452.590250 -4.076008 
2455453.521548 -2.759364 
2455454.452846 -1.119948 
2455455.384144 0.281198 
2455456.315442 1.189414 
2455457.246740 1.637299 
2455458.178038 1.757718 
2455459.109335 1.623642 
2455460.040633 1.207283 
2455460.971931 0.453777 
2455461.903229 -0.617342 
2455462.834527 -1.880966 
2455463.765825 -3.167893 
2455464.697123 -4.339707 
2455465.628420 -5.276355 
2455466.559718 -5.820848 
2455467.491016 -5.881907 
2455468.422314 -5.584312 
2455469.353612 -5.122028 
2455470.284910 -4.588131 
2455471.216208 -4.050236 
2455472.147505 -3.641928 
2455473.078803 -3.507768 
2455474.010101 -3.677182 
2455474.941399 -4.011288 
2455475.872697 -4.288544 
2455476.803995 -4.367123 
2455477.735292 -4.287410 
2455478.666590 -4.211730 
2455479.597888 -4.217977 
2455480.529186 -4.119733 
2455481.460484 -3.587305 
2455482.391782 -2.541723 
2455483.323080 -1.262649 
2455484.254377 -0.117484 
2455485.185675 0.641946 
2455486.116973 0.938017 
2455487.048271 0.859553 
2455487.979569 0.582141 
2455488.910867 0.240691 
2455489.842165 -0.161241 
2455490.773462 -0.736945 
2455491.704760 -1.608722 
2455492.636058 -2.783664 
2455493.567356 -4.082568 
2455494.498654 -5.152571 
2455495.429952 -5.628390 
2455496.361249 -5.450631 
2455497.292547 -4.945439 
2455498.223845 -4.466739 
2455499.155143 -4.135929 
2455500.086441 -3.910739 
2455501.017739 -3.749034 
2455501.949037 -3.687385 
2455502.880334 -3.805568 
2455503.811632 -4.141246 
2455504.742930 -4.644827 
2455505.674228 -5.214582 
2455506.605526 -5.766451 
2455507.536824 -6.245453 
2455508.468122 -6.535340 
2455509.399419 -6.387958 
2455510.330717 -5.601490 
2455511.262015 -4.289824 
2455512.193313 -2.782453 
2455513.124611 -1.358344 
2455514.055909 -0.162800 
2455514.987206 0.777100 
2455515.918504 1.517588 
2455516.849802 2.121730 
2455517.781100 2.562418 
2455518.712398 2.686133 
2455519.643696 2.294848 
2455520.574994 1.308981 
2455521.506291 -0.100337 
2455522.437589 -1.504667 
2455523.368887 -2.372554 
2455524.300185 -2.405437 
2455525.231483 -1.869364 
2455526.162781 -1.415368 
2455527.094079 -1.503663 
2455528.025376 -2.117501 
2455528.956674 -2.908164 
2455529.887972 -3.516494 
2455530.819270 -3.821772 
2455531.750568 -3.971425 
2455532.681866 -4.208629 
2455533.613164 -4.660053 
2455534.544461 -5.256419 
2455535.475759 -5.820861 
2455536.407057 -6.193789 
2455537.338355 -6.243635 
2455538.269653 -5.825605 
2455539.200951 -4.885179 
2455540.132248 -3.523152 
2455541.063546 -1.841543 
2455541.994844 0.065582 
2455542.926142 1.952838 
2455543.857440 3.425603 
2455544.788738 4.168787 
2455545.720036 4.186859 
2455546.651333 3.818854 
2455547.582631 3.482979 
2455548.513929 3.339642 
2455549.445227 3.151278 
2455550.376525 2.487291 
2455551.307823 1.156772 
2455552.239121 -0.498875 
2455553.170418 -1.833661 
2455554.101716 -2.447802 
2455555.033014 -2.386055 
2455555.964312 -1.970707 
2455556.895610 -1.588743 
2455557.826908 -1.478571 
2455558.758205 -1.608887 
2455559.689503 -1.767166 
2455560.620801 -1.797234 
2455561.552099 -1.777618 
2455562.483397 -1.975727 
2455563.414695 -2.604782 
2455564.345993 -3.576152 
2455565.277290 -4.438995 
2455566.208588 -4.575852 
2455567.139886 -3.627561 
2455568.071184 -1.892309 
2455569.002482 -0.143861 
2455569.933780 1.024877 
2455570.865078 1.573832 
2455571.796375 1.879777 
2455572.727673 2.340845 
2455573.658971 3.032050 
2455574.590269 3.638838 
2455575.521567 3.693088 
2455576.452865 2.918007 
2455577.384163 1.421946 
2455578.315460 -0.378493 
2455579.246758 -1.995629 
2455580.178056 -3.052665 
2455581.109354 -3.360219 
2455582.040652 -3.010286 
2455582.971950 -2.321647 
2455583.903247 -1.524367 
2455584.834545 -0.651632 
2455585.765843 0.257200 
2455586.697141 1.006931 
2455587.628439 1.333482 
2455588.559737 1.119033 
2455589.491035 0.517528 
2455590.422332 -0.139015 
2455591.353630 -0.589345 
2455592.284928 -0.839425 
2455593.216226 -1.119660 
2455594.147524 -1.599375 
2455595.078822 -2.113465 
2455596.010120 -2.269538 
2455596.941417 -1.846381 
2455597.872715 -0.923344 
2455598.804013 0.239207 
2455599.735311 1.289309 
2455600.666609 1.905478 
2455601.597907 1.948307 
2455602.529204 1.505974 
2455603.460502 0.782211 
2455604.391800 -0.076572 
2455605.323098 -1.066669 
2455606.254396 -2.255662 
2455607.185694 -3.613405 
2455608.116992 -4.874600 
2455609.048289 -5.560597 
2455609.979587 -5.270072 
2455610.910885 -4.099841 
2455611.842183 -2.629110 
2455612.773481 -1.421566 
2455613.704779 -0.675399 
2455614.636077 -0.233558 
2455615.567374 0.196993 
2455616.498672 0.786210 
2455617.429970 1.436736 
2455618.361268 1.839216 
2455619.292566 1.679774 
2455620.223864 0.852443 
2455621.155161 -0.457095 
2455622.086459 -1.836668 
2455623.017757 -2.785864 
2455623.949055 -2.909992 
2455624.880353 -2.200466 
2455625.811651 -1.094055 
2455626.742949 -0.091996 
2455627.674246 0.551998 
2455628.605544 0.799713 
2455629.536842 0.683144 
2455630.468140 0.231127 
2455631.399438 -0.514525 
2455632.330736 -1.460043 
2455633.262034 -2.468834 
2455634.193331 -3.431097 
2455635.124629 -4.331861 
2455636.055927 -5.226977 
2455636.987225 -6.096016 
2455637.918523 -6.703058 
2455638.849821 -6.725004 
2455639.781119 -6.064271 
2455640.712416 -4.869768 
2455641.643714 -3.371141 
2455642.575012 -1.850064 
2455643.506310 -0.626034 
2455644.437608 0.054021 
2455645.368906 0.137753 
2455646.300203 -0.211670 
2455647.231501 -0.721803 
2455648.162799 -1.173589 
2455649.094097 -1.509571 
2455650.025395 -1.809776 
2455650.956693 -2.138415 
2455651.887991 -2.377539 
2455652.819288 -2.280121 
2455653.750586 -1.785166 
2455654.681884 -1.117258 
2455655.613182 -0.528847 
2455656.544480 -0.144652 
2455657.475778 0.005996 
2455658.407076 -0.068115 
2455659.338373 -0.354555 
2455660.269671 -0.857242 
2455661.200969 -1.597249 
2455662.132267 -2.586137 
2455663.063565 -3.781503 
2455663.994863 -5.049470 
2455664.926160 -6.150296 
2455665.857458 -6.756816 
2455666.788756 -6.579272 
2455667.720054 -5.657411 
2455668.651352 -4.471265 
2455669.582650 -3.561788 
2455670.513948 -3.146335 
2455671.445245 -3.090483 
2455672.376543 -3.094043 
2455673.307841 -2.913583 
2455674.239139 -2.512097 
2455675.170437 -2.069991 
2455676.101735 -1.861896 
2455677.033033 -2.079602 
2455677.964330 -2.706808 
2455678.895628 -3.502472 
2455679.826926 -4.071295 
2455680.758224 -4.003695 
2455681.689522 -3.145288 
2455682.620820 -1.818892 
2455683.552117 -0.580179 
2455684.483415 0.221467 
2455685.414713 0.558651 
2455686.346011 0.583617 
2455687.277309 0.460410 
2455688.208607 0.277182 
2455689.139905 0.046079 
2455690.071202 -0.257893 
2455691.002500 -0.675840 
2455691.933798 -1.274300 
2455692.865096 -2.136844 
2455693.796394 -3.275183 
2455694.727692 -4.489621 
2455695.658990 -5.389400 
2455696.590287 -5.685843 
2455697.521585 -5.358465 
2455698.452883 -4.527093 
2455699.384181 -3.401487 
2455700.315479 -2.304168 
2455701.246777 -1.572435 
2455702.178075 -1.378216 
2455703.109372 -1.629238 
2455704.040670 -2.048755 
2455704.971968 -2.384220 
2455705.903266 -2.588541 
2455706.834564 -2.827320 
2455707.765862 -3.282864 
2455708.697159 -3.884277 
2455709.628457 -4.236364 
2455710.559755 -3.951161 
2455711.491053 -3.019928 
2455712.422351 -1.727775 
2455713.353649 -0.393980 
2455714.284947 0.751511 
2455715.216244 1.606246 
2455716.147542 2.168140 
2455717.078840 2.440143 
2455718.010138 2.340190 
2455718.941436 1.712851 
2455719.872734 0.460011 
2455720.804032 -1.301000 
2455721.735329 -3.176573 
2455722.666627 -4.586634 
2455723.597925 -4.990813 
2455724.529223 -4.239610 
2455725.460521 -2.803712 
2455726.391819 -1.439509 
2455727.323116 -0.610352 
2455728.254414 -0.302121 
2455729.185712 -0.233320 
2455730.117010 -0.168954 
2455731.048308 -0.106777 
2455731.979606 -0.237287 
2455732.910904 -0.745887 
2455733.842201 -1.635190 
2455734.773499 -2.709790 
2455735.704797 -3.710107 
2455736.636095 -4.440114 
2455737.567393 -4.764865 
2455738.498691 -4.589176 
2455739.429989 -3.971617 
2455740.361286 -3.111311 
2455741.292584 -2.142519 
2455742.223882 -1.140042 
2455743.155180 -0.274841 
2455744.086478 0.188554 
2455745.017776 0.080452 
2455745.949073 -0.495374 
2455746.880371 -1.179855 
2455747.811669 -1.588914 
2455748.742967 -1.585213 
2455749.674265 -1.367763 
2455750.605563 -1.279017 
2455751.536861 -1.452513 
2455752.468158 -1.633518 
2455753.399456 -1.457993 
2455754.330754 -0.867636 
2455755.262052 -0.101732 
2455756.193350 0.537791 
2455757.124648 0.849866 
2455758.055946 0.833007 
2455758.987243 0.672160 
2455759.918541 0.572514 
2455760.849839 0.547056 
2455761.781137 0.341819 
2455762.712435 -0.409373 
2455763.643733 -1.892739 
2455764.575031 -3.891213 
2455765.506328 -5.788332 
2455766.437626 -6.835382 
2455767.368924 -6.634630 
2455768.300222 -5.509565 
2455769.231520 -4.228525 
2455770.162818 -3.357639 
2455771.094115 -2.953362 
2455772.025413 -2.700107 
2455772.956711 -2.251565 
2455773.888009 -1.518273 
2455774.819307 -0.724560 
2455775.750605 -0.229165 
2455776.681903 -0.270233 
2455777.613200 -0.827215 
2455778.544498 -1.666769 
2455779.475796 -2.471459 
2455780.407094 -2.917676 
2455781.338392 -2.752936 
2455782.269690 -1.972559 
2455783.200988 -0.815192 
2455784.132285 0.489578 
2455785.063583 1.772330 
2455785.994881 2.782103 
2455786.926179 3.169157 
2455787.857477 2.665570 
2455788.788775 1.301488 
2455789.720072 -0.542623 
2455790.651370 -2.318562 
2455791.582668 -3.613022 
2455792.513966 -4.351608 
2455793.445264 -4.741145 
2455794.376562 -4.980093 
2455795.307860 -5.014485 
2455796.239157 -4.665895 
2455797.170455 -3.930017 
2455798.101753 -2.967399 
2455799.033051 -1.974715 
2455799.964349 -1.161006 
2455800.895647 -0.702472 
2455801.826945 -0.656509 
2455802.758242 -0.935157 
2455803.689540 -1.378178 
2455804.620838 -1.864763 
2455805.552136 -2.370424 
2455806.483434 -2.925735 
2455807.414732 -3.508642 
2455808.346029 -3.943883 
2455809.277327 -3.913511 
2455810.208625 -3.206431 
2455811.139923 -2.042044 
2455812.071221 -0.945819 
2455813.002519 -0.301600 
2455813.933817 -0.141559 
2455814.865114 -0.227053 
2455815.796412 -0.246586 
2455816.727710 -0.010641 
2455817.659008 0.444908 
2455818.590306 0.889436 
2455819.521604 1.031016 
2455820.452902 0.669823 
2455821.384199 -0.201193 
2455822.315497 -1.364678 
2455823.246795 -2.411394 
2455824.178093 -2.916504 
2455825.109391 -2.774627 
2455826.040689 -2.278920 
2455826.971987 -1.783078 
2455827.903284 -1.460990 
2455828.834582 -1.333801 
2455829.765880 -1.365387 
2455830.697178 -1.519227 
2455831.628476 -1.773376 
2455832.559774 -2.115727 
2455833.491071 -2.538272 
2455834.422369 -3.035132 
2455835.353667 -3.592438 
2455836.284965 -4.148835 
2455837.216263 -4.529265 
2455838.147561 -4.456299 
2455839.078859 -3.787012 
2455840.010156 -2.727417 
2455840.941454 -1.625784 
2455841.872752 -0.682861 
2455842.804050 0.067919 
2455843.735348 0.653351 
2455844.666646 1.080566 
2455845.597944 1.313146 
2455846.529241 1.289453 
2455847.460539 0.959970 
2455848.391837 0.319964 
2455849.323135 -0.574014 
2455850.254433 -1.592369 
2455851.185731 -2.505234 
2455852.117028 -2.982555 
2455853.048326 -2.773866 
2455853.979624 -1.996986 
2455854.910922 -1.068330 
2455855.842220 -0.349108 
2455856.773518 0.010124 
2455857.704816 0.031456 
2455858.636113 -0.154191 
2455859.567411 -0.366572 
2455860.498709 -0.451267 
2455861.430007 -0.364023 
2455862.361305 -0.224134 
2455863.292603 -0.289346 
2455864.223901 -0.831361 
2455865.155198 -1.940401 
2455866.086496 -3.361052 
2455867.017794 -4.563700 
2455867.949092 -5.135038 
2455868.880390 -5.038643 
2455869.811688 -4.450292 
2455870.742986 -3.580046 
2455871.674283 -2.645700 
2455872.605581 -1.849397 
2455873.536879 -1.322334 
2455874.468177 -1.086666 
2455875.399475 -1.065915 
2455876.330773 -1.138930 
2455877.262070 -1.209646 
2455878.193368 -1.253939 
2455879.124666 -1.302207 
2455880.055964 -1.345270 
2455880.987262 -1.265388 
2455881.918560 -0.972136 
2455882.849858 -0.562410 
2455883.781155 -0.140275 
2455884.712453 0.375853 
2455885.643751 1.133521 
2455886.575049 2.127684 
2455887.506347 3.109890 
2455888.437645 3.669255 
2455889.368943 3.419640 
2455890.300240 2.183824 
2455891.231538 0.081224 
2455892.162836 -2.510257 
2455893.094134 -5.071384 
2455894.025432 -7.054555 
2455894.956730 -7.976437 
2455895.888027 -7.613408 
2455896.819325 -6.246050 
2455897.750623 -4.511715 
2455898.681921 -2.952282 
2455899.613219 -1.789711 
2455900.544517 -0.970472 
2455901.475815 -0.305784 
2455902.407112 0.370481 
2455903.338410 1.073927 
2455904.269708 1.626829 
2455905.201006 1.731899 
2455906.132304 1.138462 
2455907.063602 -0.173685 
2455907.994900 -1.877529 
2455908.926197 -3.323134 
2455909.857495 -3.804614 
2455910.788793 -3.049577 
2455911.720091 -1.436842 
2455912.651389 0.344146 
2455913.582687 1.689881 
2455914.513984 2.248943 
2455915.445282 1.954110 
2455916.376580 0.981399 
2455917.307878 -0.346982 
2455918.239176 -1.683659 
2455919.170474 -2.763761 
2455920.101772 -3.471632 
2455921.033069 -3.845288 
2455921.964367 -3.998587 
2455922.895665 -3.970535 
2455923.826963 -3.625593 
2455924.758261 -2.808484 
2455925.689559 -1.585815 
2455926.620857 -0.158939 
2455927.552154 1.307055 
2455928.483452 2.640498 
2455929.414750 3.596626 
2455930.346048 3.920948 
2455931.277346 3.488904 
2455932.208644 2.398833 
2455933.139942 0.940016 
2455934.071239 -0.547688 
2455935.002537 -1.826983 
2455935.933835 -2.819065 
2455936.865133 -3.515732 
2455937.796431 -3.840186 
2455938.727729 -3.694789 
2455939.659026 -3.210332 
2455940.590324 -2.727829 
2455941.521622 -2.491342 
2455942.452920 -2.514157 
2455943.384218 -2.645882 
2455944.315516 -2.682228 
2455945.246814 -2.471479 
2455946.178111 -1.997413 
2455947.109409 -1.396932 
2455948.040707 -0.888050 
2455948.972005 -0.639596 
2455949.903303 -0.656014 
2455950.834601 -0.736412 
2455951.765899 -0.529634 
2455952.697196 0.263513 
2455953.628494 1.555119 
2455954.559792 2.821413 
2455955.491090 3.546657 
2455956.422388 3.585307 
2455957.353686 3.137014 
2455958.284983 2.522634 
2455959.216281 1.965670 
2455960.147579 1.494801 
2455961.078877 0.992881 
2455962.010175 0.324209 
2455962.941473 -0.567132 
2455963.872771 -1.645423 
2455964.804068 -2.817802 
2455965.735366 -3.929965 
2455966.666664 -4.747395 
2455967.597962 -5.092652 
2455968.529260 -5.023071 
2455969.460558 -4.689258 
2455970.391856 -4.141552 
2455971.323153 -3.395579 
2455972.254451 -2.545369 
2455973.185749 -1.740108 
2455974.117047 -1.074174 
2455975.048345 -0.524454 
2455975.979643 -0.009428 
2455976.910940 0.476475 
2455977.842238 0.782320 
2455978.773536 0.681028 
2455979.704834 0.099397 
2455980.636132 -0.679507 
2455981.567430 -1.135623 
2455982.498728 -0.958183 
2455983.430025 -0.251273 
2455984.361323 0.670112 
2455985.292621 1.485381 
2455986.223919 1.986089 
2455987.155217 2.148572 
2455988.086515 2.101658 
2455989.017813 1.981085 
2455989.949110 1.776959 
2455990.880408 1.304590 
2455991.811706 0.336781 
2455992.743004 -1.188598 
2455993.674302 -3.022314 
2455994.605600 -4.619049 
2455995.536898 -5.388148 
2455996.468195 -5.134736 
2455997.399493 -4.217018 
2455998.330791 -3.145275 
2455999.262089 -2.187830 
2456000.193387 -1.343557 
2456001.124685 -0.527510 
2456002.055982 0.237273 
2456002.987280 0.758154 
2456003.918578 0.777606 
2456004.849876 0.157213 
2456005.781174 -1.006204 
2456006.712472 -2.418274 
2456007.643770 -3.726170 
2456008.575067 -4.620734 
2456009.506365 -4.863496 
2456010.437663 -4.387622 
2456011.368961 -3.401326 
2456012.300259 -2.183141 
2456013.231557 -0.859888 
2456014.162855 0.503674 
2456015.094152 1.743354 
2456016.025450 2.600772 
2456016.956748 2.872034 
2456017.888046 2.544975 
2456018.819344 1.799317 
2456019.750642 0.870324 
2456020.681939 -0.104523 
2456021.613237 -1.115214 
2456022.544535 -2.139426 
2456023.475833 -2.961474 
2456024.407131 -3.233173 
2456025.338429 -2.827572 
2456026.269727 -1.975302 
2456027.201024 -1.030348 
2456028.132322 -0.284415 
2456029.063620 0.093206 
2456029.994918 0.081504 
2456030.926216 -0.222185 
2456031.857514 -0.698392 
2456032.788812 -1.301355 
2456033.720109 -2.073458 
2456034.651407 -3.063013 
2456035.582705 -4.208217 
2456036.514003 -5.267336 
2456037.445301 -5.842704 
2456038.376599 -5.560714 
2456039.307896 -4.411716 
2456040.239194 -2.849975 
2456041.170492 -1.393540 
2456042.101790 -0.264264 
2456043.033088 0.598221 
2456043.964386 1.334435 
2456044.895684 1.985350 
2456045.826981 2.439739 
2456046.758279 2.515108 
2456047.689577 2.092542 
2456048.620875 1.201171 
2456049.552173 0.006227 
2456050.483471 -1.251724 
2456051.414769 -2.282290 
2456052.346066 -2.758682 
2456053.277364 -2.488263 
2456054.208662 -1.633033 
2456055.139960 -0.572745 
2456056.071258 0.377577 
2456057.002556 1.024557 
2456057.933854 1.258234 
2456058.865151 1.065728 
2456059.796449 0.558111 
2456060.727747 -0.067166 
2456061.659045 -0.636612 
2456062.590343 -1.110986 
2456063.521641 -1.600246 
2456064.452938 -2.242118 
2456065.384236 -2.997878 
2456066.315534 -3.521578 
2456067.246832 -3.332568 
2456068.178130 -2.268575 
2456069.109428 -0.656170 
2456070.040726 0.978716 
2456070.972023 2.191523 
2456071.903321 2.745752 
2456072.834619 2.656121 
2456073.765917 2.138469 
2456074.697215 1.472706 
2456075.628513 0.854417 
2456076.559811 0.322983 
2456077.491108 -0.200790 
2456078.422406 -0.802410 
2456079.353704 -1.449341 
2456080.285002 -1.917174 
2456081.216300 -1.876785 
2456082.147598 -1.209188 
2456083.078895 -0.179976 
2456084.010193 0.845853 
2456084.941491 1.691949 
2456085.872789 2.358931 
2456086.804087 2.888448 
2456087.735385 3.265282 
2456088.666683 3.406311 
2456089.597980 3.222581 
2456090.529278 2.699241 
2456091.460576 1.930031 
2456092.391874 1.082191 
2456093.323172 0.332251 
2456094.254470 -0.156999 
2456095.185768 -0.234419 
2456096.117065 0.117792 
2456097.048363 0.639166 
2456097.979661 1.004634 
2456098.910959 1.141723 
2456099.842257 1.213190 
2456100.773555 1.399943 
2456101.704852 1.734488 
2456102.636150 2.073451 
2456103.567448 2.188262 
2456104.498746 1.898848 
2456105.430044 1.166863 
2456106.361342 0.105157 
2456107.292640 -1.072614 
2456108.223937 -2.092781 
2456109.155235 -2.630929 
2456110.086533 -2.419643 
2456111.017831 -1.498249 
2456111.949129 -0.210344 
2456112.880427 1.110232 
2456113.811725 2.280345 
2456114.743022 3.193684 
2456115.674320 3.762962 
2456116.605618 3.944066 
2456117.536916 3.779213 
2456118.468214 3.385814 
2456119.399512 2.876497 
2456120.330810 2.269937 
2456121.262107 1.484739 
2456122.193405 0.467454 
2456123.124703 -0.608333 
2456124.056001 -1.297652 
2456124.987299 -1.200932 
2456125.918597 -0.314360 
2456126.849894 1.040372 
2456127.781192 2.434710 
2456128.712490 3.461016 
2456129.643788 3.857351 
2456130.575086 3.606537 
2456131.506384 2.910206 
2456132.437682 2.034677 
2456133.368979 1.139136 
2456134.300277 0.214074 
2456135.231575 -0.828147 
2456136.162873 -1.979692 
2456137.094171 -3.004260 
2456138.025469 -3.480827 
2456138.956767 -3.130536 
2456139.888064 -2.171341 
2456140.819362 -1.153805 
2456141.750660 -0.485020 
2456142.681958 -0.215698 
2456143.613256 -0.135524 
2456144.544554 0.001099 
2456145.475851 0.276754 
2456146.407149 0.561822 
2456147.338447 0.636373 
2456148.269745 0.379170 
2456149.201043 -0.126537 
2456150.132341 -0.639223 
2456151.063639 -0.885273 
2456151.994936 -0.651378 
2456152.926234 0.121424 
2456153.857532 1.197382 
2456154.788830 2.165338 
2456155.720128 2.800250 
2456156.651426 3.143790 
2456157.582724 3.297934 
2456158.514021 3.263133 
2456159.445319 2.957514 
2456160.376617 2.339797 
2456161.307915 1.487754 
2456162.239213 0.549345 
2456163.170511 -0.384475 
2456164.101809 -1.349372 
2456165.033106 -2.416060 
2456165.964404 -3.480670 
2456166.895702 -4.179449 
2456167.827000 -4.169778 
2456168.758298 -3.474796 
2456169.689596 -2.408885 
2456170.620893 -1.333987 
2456171.552191 -0.521014 
2456172.483489 -0.061247 
2456173.414787 0.151842 
2456174.346085 0.313329 
2456175.277383 0.527714 
2456176.208681 0.702097 
2456177.139978 0.608378 
2456178.071276 0.077934 
2456179.002574 -0.808413 
2456179.933872 -1.662657 
2456180.865170 -1.935524 
2456181.796468 -1.296875 
2456182.727766 0.018909 
2456183.659063 1.418894 
2456184.590361 2.466556 
2456185.521659 3.089654 
2456186.452957 3.448935 
2456187.384255 3.702920 
2456188.315553 3.855185 
2456189.246850 3.772960 
2456190.178148 3.334001 
2456191.109446 2.562149 
2456192.040744 1.633688 
2456192.972042 0.764702 
2456193.903340 0.111068 
2456194.834638 -0.217092 
2456195.765935 -0.140716 
2456196.697233 0.263440 
2456197.628531 0.779901 
2456198.559829 1.287651 
2456199.491127 1.783044 
2456200.422425 2.214486 
2456201.353723 2.425680 
2456202.285020 2.266295 
2456203.216318 1.732622 
2456204.147616 0.993727 
2456205.078914 0.274959 
2456206.010212 -0.300712 
2456206.941510 -0.771514 
2456207.872807 -1.225571 
2456208.804105 -1.591271 
2456209.735403 -1.561823 
2456210.666701 -0.868713 
2456211.597999 0.400710 
2456212.529297 1.915895 
2456213.460595 3.363359 
2456214.391892 4.538521 
2456215.323190 5.353721 
2456216.254488 5.821200 
2456217.185786 6.001828 
2456218.117084 5.942651 
2456219.048382 5.647923 
2456219.979680 5.100321 
2456220.910977 4.309341 
2456221.842275 3.358098 
2456222.773573 2.440991 
2456223.704871 1.852506 
2456224.636169 1.801675 
2456225.567467 2.160462 
2456226.498765 2.587978 
2456227.430062 2.871066 
2456228.361360 2.999146 
2456229.292658 3.036941 
2456230.223956 3.017905 
2456231.155254 2.923701 
2456232.086552 2.717185 
2456233.017849 2.375504 
2456233.949147 1.894891 
2456234.880445 1.281482 
2456235.811743 0.568037 
2456236.743041 -0.119493 
2456237.674339 -0.497414 
2456238.605637 -0.237277 
2456239.536934 0.688968 
2456240.468232 1.890351 
2456241.399530 2.886396 
2456242.330828 3.406528 
2456243.262126 3.459366 
2456244.193424 3.275486 
2456245.124722 3.165026 
2456246.056019 3.329848 
2456246.987317 3.728467 
2456247.918615 4.087274 
2456248.849913 4.064548 
2456249.781211 3.473000 
2456250.712509 2.435165 
2456251.643806 1.391214 
2456252.575104 0.902393 
2456253.506402 1.240781 
2456254.437700 2.139889 
2456255.368998 3.103467 
2456256.300296 3.827509 
2456257.231594 4.283700 
2456258.162891 4.574135 
2456259.094189 4.763509 
2456260.025487 4.807152 
2456260.956785 4.602601 
2456261.888083 4.097628 
2456262.819381 3.346301 
2456263.750679 2.461030 
2456264.681976 1.522571 
2456265.613274 0.572471 
2456266.544572 -0.291947 
2456267.475870 -0.917264 
2456268.407168 -1.242067 
2456269.338466 -1.252928 
2456270.269763 -0.853187 
2456271.201061 0.008142 
2456272.132359 1.149306 
2456273.063657 2.184781 
2456273.994955 2.747055 
2456274.926253 2.704687 
2456275.857551 2.205490 
2456276.788848 1.526389 
2456277.720146 0.866561 
2456278.651444 0.263210 
2456279.582742 -0.289618 
2456280.514040 -0.628551 
2456281.445338 -0.409221 
2456282.376636 0.550057 
2456283.307933 2.024100 
2456284.239231 3.572841 
2456285.170529 4.796812 
2456286.101827 5.471643 
2456287.033125 5.613170 
2456287.964423 5.429700 
2456288.895721 5.144748 
2456289.827018 4.802062 
2456290.758316 4.211418 
2456291.689614 3.098699 
2456292.620912 1.366759 
2456293.552210 -0.711928 
2456294.483508 -2.507605 
2456295.414805 -3.311063 
2456296.346103 -2.835050 
2456297.277401 -1.503422 
2456298.208699 -0.079846 
2456299.139997 0.899505 
2456300.071295 1.330308 
2456301.002593 1.408264 
2456301.933890 1.370158 
2456302.865188 1.301242 
2456303.796486 1.126813 
2456304.727784 0.757326 
2456305.659082 0.233953 
2456306.590380 -0.265237 
2456307.521678 -0.553352 
2456308.452975 -0.548198 
2456309.384273 -0.260503 
2456310.315571 0.226336 
2456311.246869 0.720421 
2456312.178167 1.091517 
2456313.109465 1.467829 
2456314.040762 2.060668 
2456314.972060 2.852273 
2456315.903358 3.525468 
2456316.834656 3.687960 
2456317.765954 3.179537 
2456318.697252 2.201819 
2456319.628550 1.166410 
2456320.559847 0.390366 
2456321.491145 -0.102385 
2456322.422443 -0.492194 
2456323.353741 -0.858251 
2456324.285039 -1.010049 
2456325.216337 -0.732333 
2456326.147635 -0.069697 
2456327.078932 0.740316 
2456328.010230 1.422710 
2456328.941528 1.790578 
2456329.872826 1.883078 
2456330.804124 1.985108 
2456331.735422 2.421981 
2456332.666719 3.240600 
2456333.598017 4.039772 
2456334.529315 4.138825 
2456335.460613 3.023393 
2456336.391911 0.781899 
2456337.323209 -1.780161 
2456338.254507 -3.513977 
2456339.185804 -3.695842 
2456340.117102 -2.580907 
2456341.048400 -1.097107 
2456341.979698 -0.088769 
2456342.910996 0.168124 
2456343.842294 -0.018533 
2456344.773592 -0.111663 
2456345.704889 0.203314 
2456346.636187 0.795733 
2456347.567485 1.237496 
2456348.498783 1.168398 
2456349.430081 0.569235 
2456350.361379 -0.253184 
2456351.292677 -0.891023 
2456352.223974 -1.047964 
2456353.155272 -0.666494 
2456354.086570 0.056791 
2456355.017868 0.966203 
2456355.949166 2.232726 
2456356.880464 4.112179 
2456357.811761 6.449971 
2456358.743059 8.501346 
2456359.674357 9.281475 
2456360.605655 8.205957 
2456361.536953 5.538301 
2456362.468251 2.283892 
2456363.399549 -0.420549 
2456364.330846 -1.980913 
2456365.262144 -2.575169 
2456366.193442 -2.778988 
2456367.124740 -2.987068 
2456368.056038 -3.214072 
2456368.987336 -3.238618 
2456369.918634 -2.782055 
2456370.849931 -1.784686 
2456371.781229 -0.576319 
2456372.712527 0.327917 
2456373.643825 0.627748 
2456374.575123 0.442575 
2456375.506421 0.136691 
2456376.437718 -0.056816 
2456377.369016 -0.249516 
2456378.300314 -0.728945 
2456379.231612 -1.530217 
2456380.162910 -2.124110 
2456381.094208 -1.595952 
2456382.025506 0.610097 
2456382.956803 3.998204 
2456383.888101 7.217985 
2456384.819399 8.928750 
2456385.750697 8.576361 
2456386.681995 6.667347 
2456387.613293 4.407305 
2456388.544591 2.919835 
2456389.475888 2.564345 
2456390.407186 2.811894 
2456391.338484 2.730663 
2456392.269782 1.697352 
2456393.201080 -0.172742 
2456394.132378 -2.122362 
2456395.063676 -3.245525 
2456395.994973 -3.095316 
2456396.926271 -2.032260 
2456397.857569 -0.866040 
2456398.788867 -0.125855 
2456399.720165 0.210623 
2456400.651463 0.437214 
2456401.582760 0.712545 
2456402.514058 0.898780 
2456403.445356 0.743301 
2456404.376654 0.199876 
2456405.307952 -0.431397 
2456406.239250 -0.700804 
2456407.170548 -0.384474 
2456408.101845 0.311230 
2456409.033143 0.936802 
2456409.964441 1.182226 
2456410.895739 1.031208 
2456411.827037 0.718450 
2456412.758335 0.678115 
2456413.689633 1.271485 
2456414.620930 2.446241 
2456415.552228 3.724949 
2456416.483526 4.539036 
2456417.414824 4.603674 
2456418.346122 4.041919 
2456419.277420 3.204065 
2456420.208717 2.369726 
2456421.140015 1.586142 
2456422.071313 0.763699 
2456423.002611 -0.066191 
2456423.933909 -0.607667 
2456424.865207 -0.541435 
2456425.796505 0.087656 
2456426.727802 0.916174 
2456427.659100 1.581481 
2456428.590398 1.895048 
2456429.521696 1.866872 
2456430.452994 1.642524 
2456431.384292 1.380056 
2456432.315590 1.138932 
2456433.246887 0.856978 
2456434.178185 0.422442 
2456435.109483 -0.222895 
2456436.040781 -1.016426 
2456436.972079 -1.753567 
2456437.903377 -2.113055 
2456438.834674 -1.824839 
2456439.765972 -0.943363 
2456440.697270 0.195588 
2456441.628568 1.301627 
2456442.559866 2.239852 
2456443.491164 2.933556 
2456444.422462 3.304756 
2456445.353759 3.314482 
2456446.285057 3.025621 
2456447.216355 2.596311 
2456448.147653 2.183552 
2456449.078951 1.829815 
2456450.010249 1.443410 
2456450.941547 0.928582 
2456451.872844 0.387424 
2456452.804142 0.150083 
2456453.735440 0.456902 
2456454.666738 1.180397 
2456455.598036 1.988584 
2456456.529334 2.603441 
2456457.460632 2.908798 
2456458.391929 2.976034 
2456459.323227 3.003331 
2456460.254525 3.156232 
2456461.185823 3.402024 
2456462.117121 3.476221 
2456463.048419 3.037849 
2456463.979716 1.926111 
2456464.911014 0.348689 
2456465.842312 -1.126878 
2456466.773610 -1.827196 
2456467.704908 -1.445796 
2456468.636206 -0.362416 
2456469.567504 0.689580 
2456470.498801 1.229979 
2456471.430099 1.275026 
2456472.361397 1.180479 
2456473.292695 1.305571 
2456474.223993 1.732282 
2456475.155291 2.214922 
2456476.086589 2.374553 
2456477.017886 1.980104 
2456477.949184 1.109053 
2456478.880482 0.096594 
2456479.811780 -0.637697 
2456480.743078 -0.742378 
2456481.674376 -0.079586 
2456482.605673 1.130371 
2456483.536971 2.473691 
2456484.468269 3.708102 
2456485.399567 4.802519 
2456486.330865 5.713563 
2456487.262163 6.254405 
2456488.193461 6.186770 
2456489.124758 5.428698 
2456490.056056 4.178089 
2456490.987354 2.825566 
2456491.918652 1.707793 
2456492.849950 0.898755 
2456493.781248 0.232886 
2456494.712546 -0.429204 
2456495.643843 -0.968720 
2456496.575141 -1.137037 
2456497.506439 -0.818048 
2456498.437737 -0.039585 
2456499.369035 1.044321 
2456500.300333 2.123141 
2456501.231630 2.840165 
2456502.162928 3.004989 
2456503.094226 2.711366 
2456504.025524 2.249220 
2456504.956822 1.879127 
2456505.888120 1.648531 
2456506.819418 1.394546 
2456507.750715 0.938826 
2456508.682013 0.337580 
2456509.613311 -0.044576 
2456510.544609 0.162111 
2456511.475907 0.907948 
2456512.407205 1.777790 
2456513.338503 2.378831 
2456514.269800 2.572015 
2456515.201098 2.492319 
2456516.132396 2.424688 
2456517.063694 2.594818 
2456517.994992 2.994810 
2456518.926290 3.365526 
2456519.857588 3.356094 
2456520.788885 2.756244 
2456521.720183 1.654217 
2456522.651481 0.441757 
2456523.582779 -0.330131 
2456524.514077 -0.257688 
2456525.445375 0.567538 
2456526.376672 1.638575 
2456527.307970 2.516105 
2456528.239268 3.087103 
2456529.170566 3.464711 
2456530.101864 3.774353 
2456531.033162 4.011420 
2456531.964460 4.041007 
2456532.895757 3.706427 
2456533.827055 2.944908 
2456534.758353 1.821970 
2456535.689651 0.482083 
2456536.620949 -0.900029 
2456537.552247 -2.094209 
2456538.483545 -2.807857 
2456539.414842 -2.869715 
2456540.346140 -2.369689 
2456541.277438 -1.473571 
2456542.208736 -0.287612 
2456543.140034 1.050756 
2456544.071332 2.303512 
2456545.002629 3.201698 
2456545.933927 3.576352 
2456546.865225 3.432463 
2456547.796523 2.912634 
2456548.727821 2.190827 
2456549.659119 1.389865 
2456550.590417 0.597509 
2456551.521714 -0.024961 
2456552.453012 -0.179848 
2456553.384310 0.368758 
2456554.315608 1.480781 
2456555.246906 2.722318 
2456556.178204 3.704156 
2456557.109502 4.235959 
2456558.040799 4.315782 
2456558.972097 4.064022 
2456559.903395 3.624550 
2456560.834693 3.068959 
2456561.765991 2.363704 
2456562.697289 1.427636 
2456563.628586 0.243337 
2456564.559884 -1.049790 
2456565.491182 -2.130275 
2456566.422480 -2.563549 
2456567.353778 -2.038128 
2456568.285076 -0.702590 
2456569.216374 0.867263 
2456570.147671 2.118633 
2456571.078969 2.804431 
2456572.010267 2.949135 
2456572.941565 2.703646 
2456573.872863 2.226245 
2456574.804161 1.634299 
2456575.735459 1.012175 
2456576.666756 0.426548 
2456577.598054 -0.086182 
2456578.529352 -0.541762 
2456579.460650 -0.976500 
2456580.391948 -1.335761 
2456581.323246 -1.415515 
2456582.254544 -1.051320 
2456583.185841 -0.314680 
2456584.117139 0.623172 
2456585.048437 1.632302 
2456585.979735 2.576832 
2456586.911033 3.291278 
2456587.842331 3.662158 
2456588.773628 3.716089 
2456589.704926 3.609338 
2456590.636224 3.509458 
2456591.567522 3.457847 
2456592.498820 3.329002 
2456593.430118 2.942289 
2456594.361416 2.272577 
2456595.292713 1.576672 
2456596.224011 1.198214 
2456597.155309 1.194221 
2456598.086607 1.335896 
2456599.017905 1.400116 
2456599.949203 1.309070 
2456600.880501 1.114949 
2456601.811798 0.929684 
2456602.743096 0.824283 
2456603.674394 0.744061 
2456604.605692 0.507564 
2456605.536990 -0.090089 
2456606.468288 -1.127751 
2456607.399585 -2.456731 
2456608.330883 -3.700498 
2456609.262181 -4.359793 
2456610.193479 -4.064226 
2456611.124777 -2.899923 
2456612.056075 -1.362298 
2456612.987373 0.107158 
2456613.918670 1.387400 
2456614.849968 2.578938 
2456615.781266 3.780197 
2456616.712564 4.933111 
2456617.643862 5.819400 
2456618.575160 6.184496 
2456619.506458 5.887052 
2456620.437755 4.969208 
2456621.369053 3.621245 
2456622.300351 2.110697 
2456623.231649 0.759763 
2456624.162947 -0.087534 
2456625.094245 -0.265208 
2456626.025542 0.065255 
2456626.956840 0.625335 
2456627.888138 1.223822 
2456628.819436 1.717733 
2456629.750734 1.950972 
2456630.682032 1.798260 
2456631.613330 1.250954 
2456632.544627 0.440833 
2456633.475925 -0.437072 
2456634.407223 -1.248395 
2456635.338521 -1.986394 
2456636.269819 -2.707523 
2456637.201117 -3.356545 
2456638.132415 -3.643215 
2456639.063712 -3.219126 
2456639.995010 -2.053992 
2456640.926308 -0.468501 
2456641.857606 1.136367 
2456642.788904 2.438033 
2456643.720202 3.245500 
2456644.651500 3.530630 
2456645.582797 3.406106 
2456646.514095 3.036428 
2456647.445393 2.535389 
2456648.376691 1.921320 
2456649.307989 1.158723 
2456650.239287 0.256875 
2456651.170584 -0.630904 
2456652.101882 -1.178866 
2456653.033180 -1.056544 
2456653.964478 -0.276090 
2456654.895776 0.752713 
2456655.827074 1.602967 
2456656.758372 2.099525 
2456657.689669 2.290393 
2456658.620967 2.303837 
2456659.552265 2.222091 
2456660.483563 2.029394 
2456661.414861 1.646156 
2456662.346159 1.010902 
2456663.277457 0.145865 
2456664.208754 -0.832423 
2456665.140052 -1.736959 
2456666.071350 -2.323834 
2456667.002648 -2.346469 
2456667.933946 -1.769534 
2456668.865244 -0.900062 
2456669.796541 -0.112706 
2456670.727839 0.431331 
2456671.659137 0.755301 
2456672.590435 0.923074 
2456673.521733 0.958459 
2456674.453031 0.847706 
2456675.384329 0.578068 
2456676.315626 0.161630 
2456677.246924 -0.374171 
2456678.178222 -1.005530 
2456679.109520 -1.694143 
2456680.040818 -2.309145 
2456680.972116 -2.569642 
2456681.903414 -2.204558 
2456682.834711 -1.257389 
2456683.766009 -0.053984 
2456684.697307 1.090995 
2456685.628605 1.990719 
2456686.559903 2.560341 
2456687.491201 2.796308 
2456688.422499 2.763799 
2456689.353796 2.558911 
2456690.285094 2.249405 
2456691.216392 1.830817 
2456692.147690 1.235352 
2456693.078988 0.405585 
2456694.010286 -0.588474 
2456694.941583 -1.463545 
2456695.872881 -1.834961 
2456696.804179 -1.567430 
2456697.735477 -0.910635 
2456698.666775 -0.209617 
2456699.598073 0.328485 
2456700.529371 0.639486 
2456701.460668 0.739707 
2456702.391966 0.671925 
2456703.323264 0.466434 
2456704.254562 0.123052 
2456705.185860 -0.381073 
2456706.117158 -1.064393 
2456707.048456 -1.905668 
2456707.979753 -2.801193 
2456708.911051 -3.519491 
2456709.842349 -3.741208 
2456710.773647 -3.309344 
2456711.704945 -2.428979 
2456712.636243 -1.437926 
2456713.567540 -0.513942 
2456714.498838 0.330147 
2456715.430136 1.120712 
2456716.361434 1.835573 
2456717.292732 2.389899 
2456718.224030 2.674901 
2456719.155328 2.610810 
2456720.086625 2.180010 
2456721.017923 1.431548 
2456721.949221 0.481351 
2456722.880519 -0.459578 
2456723.811817 -1.071135 
2456724.743115 -1.086426 
2456725.674413 -0.567537 
2456726.605710 0.160636 
2456727.537008 0.829781 
2456728.468306 1.332933 
2456729.399604 1.647874 
2456730.330902 1.768358 
2456731.262200 1.684616 
2456732.193497 1.385839 
2456733.124795 0.861530 
2456734.056093 0.099968 
2456734.987391 -0.901900 
2456735.918689 -2.099667 
2456736.849987 -3.329251 
2456737.781285 -4.248776 
2456738.712582 -4.450441 
2456739.643880 -3.803408 
2456740.575178 -2.596979 
2456741.506476 -1.251930 
2456742.437774 -0.068062 
2456743.369072 0.807231 
2456744.300370 1.342673 
2456745.231667 1.583547 
2456746.162965 1.603266 
2456747.094263 1.454207 
2456748.025561 1.142197 
2456748.956859 0.641617 
2456749.888157 -0.051412 
2456750.819455 -0.843122 
2456751.750752 -1.475215 
2456752.682050 -1.571508 
2456753.613348 -0.923965 
2456754.544646 0.253367 
2456755.475944 1.527468 
2456756.407242 2.575848 
2456757.338539 3.260658 
2456758.269837 3.562690 
2456759.201135 3.517014 
2456760.132433 3.177887 
2456761.063731 2.606120 
2456761.995029 1.866680 
2456762.926327 1.024271 
2456763.857624 0.135971 
2456764.788922 -0.739203 
2456765.720220 -1.489217 
2456766.651518 -1.901800 
2456767.582816 -1.788275 
2456768.514114 -1.238999 
2456769.445412 -0.565355 
2456770.376709 0.004854 
2456771.308007 0.410309 
2456772.239305 0.653474 
2456773.170603 0.723910 
2456774.101901 0.599556 
2456775.033199 0.284909 
2456775.964496 -0.165833 
2456776.895794 -0.665834 
2456777.827092 -1.137959 
2456778.758390 -1.536899 
2456779.689688 -1.807046 
2456780.620986 -1.796848 
2456781.552284 -1.290647 
2456782.483581 -0.266841 
2456783.414879 0.992576 
2456784.346177 2.174070 
2456785.277475 3.135792 
2456786.208773 3.871897 
2456787.140071 4.424055 
2456788.071369 4.826491 
2456789.002666 5.075431 
2456789.933964 5.114011 
2456790.865262 4.841685 
2456791.796560 4.157710 
2456792.727858 3.033250 
2456793.659156 1.592359 
2456794.590453 0.165962 
2456795.521751 -0.781055 
2456796.453049 -0.965813 
2456797.384347 -0.569309 
2456798.315645 -0.030517 
2456799.246943 0.331587 
2456800.178241 0.439780 
2456801.109538 0.394267 
2456802.040836 0.354986 
2456802.972134 0.425715 
2456803.903432 0.584966 
2456804.834730 0.695290 
2456805.766028 0.581870 
2456806.697326 0.135268 
2456807.628623 -0.606239 
2456808.559921 -1.411288 
2456809.491219 -1.880923 
2456810.422517 -1.660949 
2456811.353815 -0.760848 
2456812.285113 0.488488 
2456813.216411 1.780458 
2456814.147708 2.968057 
2456815.079006 3.980849 
2456816.010304 4.740062 
2456816.941602 5.151408 
2456817.872900 5.153500 
2456818.804198 4.763958 
2456819.735495 4.074484 
2456820.666793 3.193711 
2456821.598091 2.193618 
2456822.529389 1.134383 
2456823.460687 0.171726 
2456824.391985 -0.422008 
2456825.323283 -0.483418 
2456826.254580 -0.107813 
2456827.185878 0.533394 
2456828.117176 1.315639 
2456829.048474 2.101619 
2456829.979772 2.714708 
2456830.911070 3.005045 
2456831.842368 2.923058 
2456832.773665 2.522148 
2456833.704963 1.889268 
2456834.636261 1.069899 
2456835.567559 0.063634 
2456836.498857 -1.082907 
2456837.430155 -2.141237 
2456838.361452 -2.688565 
2456839.292750 -2.398396 
2456840.224048 -1.381993 
2456841.155346 -0.068725 
2456842.086644 1.142077 
2456843.017942 2.039727 
2456843.949240 2.604537 
2456844.880537 2.938306 
2456845.811835 3.147955 
2456846.743133 3.239961 
2456847.674431 3.099163 
2456848.605729 2.573783 
2456849.537027 1.611652 
2456850.468325 0.360848 
2456851.399622 -0.816206 
2456852.330920 -1.437786 
2456853.262218 -1.171037 
2456854.193516 -0.153236 
2456855.124814 1.110401 
2456856.056112 2.196083 
2456856.987409 2.967634 
2456857.918707 3.471272 
2456858.850005 3.757008 
2456859.781303 3.780362 
2456860.712601 3.430708 
2456861.643899 2.641553 
2456862.575197 1.482586 
2456863.506494 0.155353 
2456864.437792 -1.095753 
2456865.369090 -2.060305 
2456866.300388 -2.549935 
2456867.231686 -2.397325 
2456868.162984 -1.621847 
2456869.094282 -0.497303 
2456870.025579 0.691871 
2456870.956877 1.787989 
2456871.888175 2.664494 
2456872.819473 3.157744 
2456873.750771 3.128889 
2456874.682069 2.569430 
2456875.613367 1.633347 
2456876.544664 0.555312 
2456877.475962 -0.482588 
2456878.407260 -1.422720 
2456879.338558 -2.266995 
2456880.269856 -2.908303 
2456881.201154 -3.043347 
2456882.132451 -2.401693 
2456883.063749 -1.093344 
2456883.995047 0.453376 
2456884.926345 1.798768 
2456885.857643 2.657123 
2456886.788941 2.952129 
2456887.720239 2.813148 
2456888.651536 2.484028 
2456889.582834 2.172105 
2456890.514132 1.932061 
2456891.445430 1.665579 
2456892.376728 1.236068 
2456893.308026 0.621445 
2456894.239324 0.014137 
2456895.170621 -0.210360 
2456896.101919 0.247841 
2456897.033217 1.248209 
2456897.964515 2.259820 
2456898.895813 2.817560 
2456899.827111 2.789012 
2456900.758408 2.322906 
2456901.689706 1.667944 
2456902.621004 1.004680 
2456903.552302 0.373384 
2456904.483600 -0.284433 
2456905.414898 -1.027454 
2456906.346196 -1.844353 
2456907.277493 -2.652257 
2456908.208791 -3.324111 
2456909.140089 -3.687301 
2456910.071387 -3.562174 
2456911.002685 -2.954922 
2456911.933983 -2.124541 
2456912.865281 -1.303167 
2456913.796578 -0.521771 
2456914.727876 0.274994 
2456915.659174 1.084420 
2456916.590472 1.824840 
2456917.521770 2.407410 
2456918.453068 2.804251 
2456919.384365 3.044146 
2456920.315663 3.143915 
2456921.246961 3.050960 
2456922.178259 2.680397 
2456923.109557 2.058560 
2456924.040855 1.431179 
2456924.972153 1.097141 
2456925.903450 1.102702 
2456926.834748 1.279208 
2456927.766046 1.468131 
2456928.697344 1.575114 
2456929.628642 1.546248 
2456930.559940 1.372967 
2456931.491238 1.091792 
2456932.422535 0.744321 
2456933.353833 0.321272 
2456934.285131 -0.256208 
2456935.216429 -1.086437 
2456936.147727 -2.182722 
2456937.079025 -3.363584 
2456938.010323 -4.225961 
2456938.941620 -4.349948 
2456939.872918 -3.677984 
2456940.804216 -2.556268 
2456941.735514 -1.371967 
2456942.666812 -0.321414 
2456943.598110 0.572235 
2456944.529407 1.355688 
2456945.460705 2.046421 
2456946.392003 2.580088 
2456947.323301 2.826875 
2456948.254599 2.662258 
2456949.185897 2.045882 
2456950.117195 1.067518 
2456951.048492 -0.041855 
2456951.979790 -0.921589 
2456952.911088 -1.190296 
2456953.842386 -0.732722 
2456954.773684 0.165916 
2456955.704982 1.118158 
2456956.636280 1.908313 
2456957.567577 2.477242 
2456958.498875 2.812977 
2456959.430173 2.892052 
2456960.361471 2.683604 
2456961.292769 2.179667 
2456962.224067 1.412529 
2456963.155364 0.444097 
2456964.086662 -0.653079 
2456965.017960 -1.781802 
2456965.949258 -2.753905 
2456966.880556 -3.259107 
2456967.811854 -3.054898 
2456968.743152 -2.241442 
2456969.674449 -1.161798 
2456970.605747 -0.111541 
2456971.537045 0.737751 
2456972.468343 1.291253 
2456973.399641 1.508111 
2456974.330939 1.403839 
2456975.262237 1.040747 
2456976.193534 0.496170 
2456977.124832 -0.172270 
2456978.056130 -0.935115 
2456978.987428 -1.752907 
2456979.918726 -2.494254 
2456980.850024 -2.875233 
2456981.781322 -2.588857 
2456982.712619 -1.628849 
2456983.643917 -0.338441 
2456984.575215 0.911946 
2456985.506513 1.920423 
2456986.437811 2.627782 
2456987.369109 3.045652 
2456988.300406 3.205596 
2456989.231704 3.129373 
2456990.163002 2.818732 
2456991.094300 2.264311 
2456992.025598 1.468587 
2456992.956896 0.478193 
2456993.888194 -0.571308 
2456994.819491 -1.411980 
2456995.750789 -1.709757 
2456996.682087 -1.346406 
2456997.613385 -0.590105 
2456998.544683 0.172969 
2456999.475981 0.722882 
2457000.407279 1.016901 
2457001.338576 1.093543 
2457002.269874 1.000443 
2457003.201172 0.763412 
2457004.132470 0.384092 
2457005.063768 -0.148191 
2457005.995066 -0.840557 
2457006.926363 -1.676675 
2457007.857661 -2.580099 
2457008.788959 -3.355269 
2457009.720257 -3.679859 
2457010.651555 -3.309927 
2457011.582853 -2.358766 
2457012.514151 -1.185892 
2457013.445448 -0.076850 
2457014.376746 0.846073 
2457015.308044 1.553491 
2457016.239342 2.046954 
2457017.170640 2.335090 
2457018.101938 2.426839 
2457019.033236 2.326039 
2457019.964533 2.025978 
2457020.895831 1.514425 
2457021.827129 0.806303 
2457022.758427 0.013983 
2457023.689725 -0.592066 
2457024.621023 -0.694977 
2457025.552320 -0.243182 
2457026.483618 0.485072 
2457027.414916 1.182478 
2457028.346214 1.692423 
2457029.277512 1.972085 
2457030.208810 2.024888 
2457031.140108 1.868324 
2457032.071405 1.521994 
2457033.002703 0.999984 
2457033.934001 0.306411 
2457034.865299 -0.558144 
2457035.796597 -1.569121 
2457036.727895 -2.621641 
2457037.659193 -3.466793 
2457038.590490 -3.760454 
2457039.521788 -3.345743 
2457040.453086 -2.452535 
2457041.384384 -1.454295 
2457042.315682 -0.579078 
2457043.246980 0.116410 
2457044.178278 0.659016 
2457045.109575 1.083608 
2457046.040873 1.390895 
2457046.972171 1.538021 
2457047.903469 1.458695 
2457048.834767 1.101593 
2457049.766065 0.472183 
2457050.697362 -0.327171 
2457051.628660 -1.058105 
2457052.559958 -1.365991 
2457053.491256 -0.998959 
2457054.422554 -0.088813 
2457055.353852 0.970481 
2457056.285150 1.872441 
2457057.216447 2.504973 
2457058.147745 2.867903 
2457059.079043 2.986243 
2457060.010341 2.872313 
2457060.941639 2.526072 
2457061.872937 1.949635 
2457062.804235 1.156112 
2457063.735532 0.170853 
2457064.666830 -0.953559 
2457065.598128 -2.081634 
2457066.529426 -2.930244 
2457067.460724 -3.158731 
2457068.392022 -2.672016 
2457069.323319 -1.713880 
2457070.254617 -0.602237 
2457071.185915 0.434286 
2457072.117213 1.231590 
2457073.048511 1.668827 
2457073.979809 1.696571 
2457074.911107 1.360059 
2457075.842404 0.774720 
2457076.773702 0.061111 
2457077.705000 -0.713552 
2457078.636298 -1.534629 
2457079.567596 -2.358045 
2457080.498894 -2.990940 
2457081.430192 -3.094598 
2457082.361489 -2.465999 
2457083.292787 -1.290496 
2457084.224085 0.047434 
2457085.155383 1.251087 
2457086.086681 2.175860 
2457087.017979 2.787884 
2457087.949276 3.112626 
2457088.880574 3.182090 
2457089.811872 2.996558 
2457090.743170 2.527731 
2457091.674468 1.766555 
2457092.605766 0.784525 
2457093.537064 -0.229516 
2457094.468361 -0.972487 
2457095.399659 -1.103263 
2457096.330957 -0.484519 
2457097.262255 0.568799 
2457098.193553 1.493474 
2457099.124851 1.929618 
2457100.056149 1.870851 
2457100.987446 1.524162 
2457101.918744 1.104119 
2457102.850042 0.696150 
2457103.781340 0.242845 
2457104.712638 -0.367937 
2457105.643936 -1.192872 
2457106.575234 -2.179774 
2457107.506531 -3.185811 
2457108.437829 -4.009718 
2457109.369127 -4.396232 
2457110.300425 -4.118983 
2457111.231723 -3.213932 
2457112.163021 -2.003930 
2457113.094318 -0.800099 
2457114.025616 0.245858 
2457114.956914 1.065276 
2457115.888212 1.613103 
2457116.819510 1.897987 
2457117.750808 2.024679 
2457118.682106 2.161590 
2457119.613403 2.423072 
2457120.544701 2.748090 
2457121.475999 2.891689 
2457122.407297 2.589169 
2457123.338595 1.820534 
2457124.269893 0.931485 
2457125.201191 0.364124 
2457126.132488 0.273129 
2457127.063786 0.529669 
2457127.995084 0.900886 
2457128.926382 1.140073 
2457129.857680 1.075104 
2457130.788978 0.694992 
2457131.720275 0.141475 
2457132.651573 -0.409001 
2457133.582871 -0.882748 
2457134.514169 -1.355334 
2457135.445467 -1.968448 
2457136.376765 -2.772465 
2457137.308063 -3.595654 
2457138.239360 -4.057323 
2457139.170658 -3.843443 
2457140.101956 -3.055858 
2457141.033254 -2.101781 
2457141.964552 -1.263005 
2457142.895850 -0.521551 
2457143.827148 0.307569 
2457144.758445 1.341250 
2457145.689743 2.458288 
2457146.621041 3.305188 
2457147.552339 3.483139 
2457148.483637 2.795404 
2457149.414935 1.386270 
2457150.346232 -0.316078 
2457151.277530 -1.787563 
2457152.208828 -2.589482 
2457153.140126 -2.528392 
2457154.071424 -1.821132 
2457155.002722 -0.965003 
2457155.934020 -0.295727 
2457156.865317 0.190455 
2457157.796615 0.643960 
2457158.727913 1.126986 
2457159.659211 1.541477 
2457160.590509 1.718437 
2457161.521807 1.550746 
2457162.453105 1.048312 
2457163.384402 0.286642 
2457164.315700 -0.670713 
2457165.246998 -1.760747 
2457166.178296 -2.793661 
2457167.109594 -3.380276 
2457168.040892 -3.165149 
2457168.972190 -2.157125 
2457169.903487 -0.690610 
2457170.834785 0.780377 
2457171.766083 1.801781 
2457172.697381 2.058520 
2457173.628679 1.525012 
2457174.559977 0.487006 
2457175.491274 -0.624501 
2457176.422572 -1.490932 
2457177.353870 -2.078322 
2457178.285168 -2.600554 
2457179.216466 -3.290360 
2457180.147764 -4.122179 
2457181.079062 -4.703274 
2457182.010359 -4.541041 
2457182.941657 -3.522352 
2457183.872955 -1.986862 
2457184.804253 -0.384860 
2457185.735551 0.968813 
2457186.666849 1.948629 
2457187.598147 2.571468 
2457188.529444 2.896933 
2457189.460742 2.939885 
2457190.392040 2.660300 
2457191.323338 2.032135 
2457192.254636 1.123395 
2457193.185934 0.115908 
2457194.117231 -0.738737 
2457195.048529 -1.183621 
2457195.979827 -1.079018 
2457196.911125 -0.605256 
2457197.842423 -0.198990 
2457198.773721 -0.134637 
2457199.705019 -0.322858 
2457200.636316 -0.491858 
2457201.567614 -0.457573 
2457202.498912 -0.261012 
2457203.430210 -0.120714 
2457204.361508 -0.271564 
2457205.292806 -0.817297 
2457206.224104 -1.689841 
2457207.155401 -2.711586 
2457208.086699 -3.670465 
2457209.017997 -4.324278 
2457209.949295 -4.400036 
2457210.880593 -3.772616 
2457211.811891 -2.649860 
2457212.743188 -1.386910 
2457213.674486 -0.227673 
2457214.605784 0.712629 
2457215.537082 1.385637 
2457216.468380 1.796029 
2457217.399678 2.003237 
2457218.330976 2.086316 
2457219.262273 2.075020 
2457220.193571 1.900994 
2457221.124869 1.426701 
2457222.056167 0.566416 
2457222.987465 -0.550152 
2457223.918763 -1.504668 
2457224.850061 -1.806594 
2457225.781358 -1.309863 
2457226.712656 -0.281388 
2457227.643954 0.896987 
2457228.575252 1.919970 
2457229.506550 2.596696 
2457230.437848 2.853555 
2457231.369146 2.714403 
2457232.300443 2.253011 
2457233.231741 1.542438 
2457234.163039 0.631183 
2457235.094337 -0.444484 
2457236.025635 -1.620786 
2457236.956933 -2.749324 
2457237.888230 -3.553465 
2457238.819528 -3.721713 
2457239.750826 -3.200296 
2457240.682124 -2.293055 
2457241.613422 -1.351298 
2457242.544720 -0.541855 
2457243.476018 0.111067 
2457244.407315 0.612452 
2457245.338613 0.935968 
2457246.269911 1.027994 
2457247.201209 0.848022 
2457248.132507 0.407577 
2457249.063805 -0.218570 
2457249.995103 -0.905982 
2457250.926400 -1.486925 
2457251.857698 -1.726628 
2457252.788996 -1.347457 
2457253.720294 -0.251626 
2457254.651592 1.267072 
2457255.582890 2.733987 
2457256.514187 3.822747 
2457257.445485 4.420815 
2457258.376783 4.552573 
2457259.308081 4.307686 
2457260.239379 3.793995 
2457261.170677 3.102493 
2457262.101975 2.283342 
2457263.033272 1.342049 
2457263.964570 0.265431 
2457264.895868 -0.918322 
2457265.827166 -2.055245 
2457266.758464 -2.827384 
2457267.689762 -2.925102 
2457268.621060 -2.373608 
2457269.552357 -1.524485 
2457270.483655 -0.721655 
2457271.414953 -0.135985 
2457272.346251 0.198671 
2457273.277549 0.319252 
2457274.208847 0.287957 
2457275.140145 0.161983 
2457276.071442 -0.024639 
2457277.002740 -0.265576 
2457277.934038 -0.571668 
2457278.865336 -0.941197 
2457279.796634 -1.303068 
2457280.727932 -1.456131 
2457281.659229 -1.135186 
2457282.590527 -0.290578 
2457283.521825 0.791878 
2457284.453123 1.779187 
2457285.384421 2.522562 
2457286.315719 3.023305 
2457287.247017 3.325682 
2457288.178314 3.453299 
2457289.109612 3.395766 
2457290.040910 3.124292 
2457290.972208 2.614161 
2457291.903506 1.861028 
2457292.834804 0.894763 
2457293.766102 -0.189362 
2457294.697399 -1.175275 
2457295.628697 -1.733409 
2457296.559995 -1.647757 
2457297.491293 -1.064644 
2457298.422591 -0.330837 
2457299.353889 0.308469 
2457300.285186 0.764346 
2457301.216484 1.028694 
2457302.147782 1.120416 
2457303.079080 1.066781 
2457304.010378 0.893674 
2457304.941676 0.611081 
2457305.872974 0.200221 
2457306.804271 -0.378371 
2457307.735569 -1.135594 
2457308.666867 -1.961995 
2457309.598165 -2.564295 
2457310.529463 -2.609301 
2457311.460761 -2.050652 
2457312.392059 -1.157523 
2457313.323356 -0.215852 
2457314.254654 0.619752 
2457315.185952 1.288318 
2457316.117250 1.771240 
2457317.048548 2.068901 
2457317.979846 2.186045 
2457318.911143 2.117741 
2457319.842441 1.843619 
2457320.773739 1.340956 
2457321.705037 0.622619 
2457322.636335 -0.200045 
2457323.567633 -0.861173 
2457324.498931 -1.020870 
2457325.430228 -0.567875 
2457326.361526 0.231913 
2457327.292824 1.022234 
2457328.224122 1.619659 
2457329.155420 2.008139 
2457330.086718 2.236824 
2457331.018016 2.339453 
2457331.949313 2.297645 
2457332.880611 2.046892 
2457333.811909 1.513443 
2457334.743207 0.660721 
2457335.674505 -0.472607 
2457336.605803 -1.741925 
2457337.537101 -2.867061 
2457338.468398 -3.470144 
2457339.399696 -3.317737 
2457340.330994 -2.573566 
2457341.262292 -1.625887 
2457342.193590 -0.755813 
2457343.124888 -0.065676 
2457344.056185 0.436005 
2457344.987483 0.761396 
2457345.918781 0.915715 
2457346.850079 0.897187 
2457347.781377 0.703474 
2457348.712675 0.334108 
2457349.643973 -0.204951 
2457350.575270 -0.873989 
2457351.506568 -1.533914 
2457352.437866 -1.894011 
2457353.369164 -1.643828 
2457354.300462 -0.765570 
2457355.231760 0.435951 
2457356.163058 1.633845 
2457357.094355 2.631845 
2457358.025653 3.327632 
2457358.956951 3.668878 
2457359.888249 3.645837 
2457360.819547 3.290370 
2457361.750845 2.660201 
2457362.682142 1.812831 
2457363.613440 0.789908 
2457364.544738 -0.364963 
2457365.476036 -1.543219 
2457366.407334 -2.495659 
2457367.338632 -2.885406 
2457368.269930 -2.579804 
2457369.201227 -1.824175 
2457370.132525 -0.984404 
2457371.063823 -0.286699 
2457371.995121 0.193558 
2457372.926419 0.457677 
2457373.857717 0.529895 
2457374.789015 0.429295 
2457375.720312 0.159389 
2457376.651610 -0.287037 
2457377.582908 -0.910365 
2457378.514206 -1.676855 
2457379.445504 -2.478908 
2457380.376802 -3.086132 
2457381.308099 -3.163583 
2457382.239397 -2.502954 
2457383.170695 -1.286429 
2457384.101993 0.069863 
2457385.033291 1.255991 
2457385.964589 2.156342 
2457386.895887 2.769531 
2457387.827184 3.127119 
2457388.758482 3.251075 
2457389.689780 3.142559 
2457390.621078 2.789508 
2457391.552376 2.181948 
2457392.483674 1.330719 
2457393.414972 0.297663 
2457394.346269 -0.751139 
2457395.277567 -1.509707 
2457396.208865 -1.668030 
2457397.140163 -1.219025 
2457398.071461 -0.481599 
2457399.002759 0.221109 
2457399.934057 0.732297 
2457400.865354 1.014978 
2457401.796652 1.078996 
2457402.727950 0.946526 
2457403.659248 0.641477 
2457404.590546 0.184281 
2457405.521844 -0.413287 
2457406.453141 -1.146663 
2457407.384439 -1.996013 
2457408.315737 -2.869019 
2457409.247035 -3.530797 
2457410.178333 -3.651426 
2457411.109631 -3.089076 
2457412.040929 -2.072569 
2457412.972226 -0.955836 
2457413.903524 0.041432 
2457414.834822 0.842674 
2457415.766120 1.438706 
2457416.697418 1.838997 
2457417.628716 2.051443 
2457418.560014 2.074475 
2457419.491311 1.895483 
2457420.422609 1.497521 
2457421.353907 0.880809 
2457422.285205 0.108671 
2457423.216503 -0.625901 
2457424.147801 -0.995761 
2457425.079098 -0.756547 
2457426.010396 -0.026796 
2457426.941694 0.834076 
2457427.872992 1.550150 
2457428.804290 2.018139 
2457429.735588 2.235098 
2457430.666886 2.228845 
2457431.598183 2.024261 
2457432.529481 1.632733 
2457433.460779 1.053593 
2457434.392077 0.282689 
2457435.323375 -0.671019 
2457436.254673 -1.752513 
2457437.185971 -2.803322 
2457438.117268 -3.521711 
2457439.048566 -3.593198 
2457439.979864 -3.001400 
2457440.911162 -2.067208 
2457441.842460 -1.127125 
2457442.773758 -0.349143 
2457443.705055 0.226060 
2457444.636353 0.607858 
2457445.567651 0.813919 
2457446.498949 0.855437 
2457447.430247 0.734289 
2457448.361545 0.445565 
2457449.292843 -0.013434 
2457450.224140 -0.619333 
2457451.155438 -1.272144 
2457452.086736 -1.734462 
2457453.018034 -1.680578 
2457453.949332 -0.975662 
2457454.880630 0.135936 
2457455.811928 1.275759 
2457456.743225 2.205086 
2457457.674523 2.842035 
2457458.605821 3.183309 
2457459.537119 3.250424 
2457460.468417 3.066744 
2457461.399715 2.649535 
2457462.331013 2.008850 
2457463.262310 1.152860 
2457464.193608 0.105551 
2457465.124906 -1.052053 
2457466.056204 -2.117661 
2457466.987502 -2.758430 
2457467.918800 -2.718411 
2457468.850097 -2.103391 
2457469.781395 -1.273574 
2457470.712693 -0.517508 
2457471.643991 0.045538 
2457472.575289 0.397349 
2457473.506587 0.553910 
2457474.437885 0.534111 
2457475.369182 0.349471 
2457476.300480 0.002933 
2457477.231778 -0.506861 
2457478.163076 -1.172625 
2457479.094374 -1.946946 
2457480.025672 -2.683768 
2457480.956970 -3.093534 
2457481.888267 -2.864286 
2457482.819565 -1.972504 
2457483.750863 -0.739142 
2457484.682161 0.486433 
2457485.613459 1.519146 
2457486.544757 2.302105 
2457487.476054 2.830355 
2457488.407352 3.109619 
2457489.338650 3.142159 
2457490.269948 2.924641 
2457491.201246 2.451413 
2457492.132544 1.724035 
2457493.063842 0.774829 
2457493.995139 -0.284008 
2457494.926437 -1.200199 
2457495.857735 -1.625985 
2457496.789033 -1.393706 
2457497.720331 -0.717117 
2457498.651629 0.042053 
2457499.582927 0.653963 
2457500.514224 1.043464 
2457501.445522 1.211427 
2457502.376820 1.179563 
2457503.308118 0.967303 
2457504.239416 0.584858 
2457505.170714 0.033594 
2457506.102011 -0.687373 
2457507.033309 -1.563007 
2457507.964607 -2.521612 
2457508.895905 -3.370790 
2457509.827203 -3.784086 
2457510.758501 -3.500882 
2457511.689799 -2.617038 
2457512.621096 -1.492720 
2457513.552394 -0.424648 
2457514.483692 0.459729 
2457515.414990 1.135614 
2457516.346288 1.612479 
2457517.277586 1.901413 
2457518.208884 2.004158 
2457519.140181 1.911817 
2457520.071479 1.609539 
2457521.002777 1.090152 
2457521.934075 0.386275 
2457522.865373 -0.370386 
2457523.796671 -0.900535 
2457524.727969 -0.889398 
2457525.659266 -0.295772 
2457526.590564 0.577251 
2457527.521862 1.393222 
2457528.453160 1.982610 
2457529.384458 2.308959 
2457530.315756 2.389674 
2457531.247053 2.251502 
2457532.178351 1.914304 
2457533.109649 1.387893 
2457534.040947 0.674917 
2457534.972245 -0.219810 
2457535.903543 -1.266055 
2457536.834841 -2.359281 
2457537.766138 -3.258661 
2457538.697436 -3.624081 
2457539.628734 -3.284713 
2457540.560032 -2.450626 
2457541.491330 -1.490182 
2457542.422628 -0.643640 
2457543.353926 0.006428 
2457544.285223 0.456878 
2457545.216521 0.727313 
2457546.147819 0.835332 
2457547.079117 0.787890 
2457548.010415 0.580223 
2457548.941713 0.201898 
2457549.873010 -0.344480 
2457550.804308 -1.001482 
2457551.735606 -1.591424 
2457552.666904 -1.798658 
2457553.598202 -1.362736 
2457554.529500 -0.375541 
2457555.460798 0.795352 
2457556.392095 1.837377 
2457557.323393 2.610528 
2457558.254691 3.085961 
2457559.185989 3.278028 
2457560.117287 3.210069 
2457561.048585 2.901097 
2457561.979883 2.362335 
2457562.911180 1.600423 
2457563.842478 0.629791 
2457564.773776 -0.497232 
2457565.705074 -1.633736 
2457566.636372 -2.489573 
2457567.567670 -2.736587 
2457568.498968 -2.315518 
2457569.430265 -1.520164 
2457570.361563 -0.691302 
2457571.292861 -0.008968 
2457572.224159 0.475984 
2457573.155457 0.761364 
2457574.086755 0.850846 
2457575.018052 0.743556 
2457575.949350 0.437751 
2457576.880648 -0.062804 
2457577.811946 -0.742101 
2457578.743244 -1.556566 
2457579.674542 -2.395271 
2457580.605840 -3.021928 
2457581.537137 -3.104835 
2457582.468435 -2.474624 
2457583.399733 -1.341926 
2457584.331031 -0.085170 
2457585.262329 1.039906 
2457586.193627 1.934093 
2457587.124925 2.576607 
2457588.056222 2.969990 
2457588.987520 3.118825 
2457589.918818 3.023758 
2457590.850116 2.680797 
2457591.781414 2.086256 
2457592.712712 1.254599 
2457593.644009 0.259969 
2457594.575307 -0.699043 
2457595.506605 -1.281745 
2457596.437903 -1.198476 
2457597.369201 -0.520348 
2457598.300499 0.379256 
2457599.231797 1.162642 
2457600.163094 1.667947 
2457601.094392 1.863891 
2457602.025690 1.785761 
2457602.956988 1.492644 
2457603.888286 1.037606 
2457604.819584 0.449120 
2457605.750882 -0.270977 
2457606.682179 -1.128765 
2457607.613477 -2.096130 
2457608.544775 -3.045012 
2457609.476073 -3.695440 
2457610.407371 -3.718877 
2457611.338669 -3.049558 
2457612.269966 -1.984513 
2457613.201264 -0.878841 
2457614.132562 0.076926 
2457615.063860 0.832670 
2457615.995158 1.394990 
2457616.926456 1.778109 
2457617.857754 1.989436 
2457618.789051 2.032464 
2457619.720349 1.912190 
2457620.651647 1.636523 
2457621.582945 1.221943 
2457622.514243 0.725811 
2457623.445541 0.309553 
2457624.376839 0.234162 
2457625.308136 0.636733 
2457626.239434 1.324483 
2457627.170732 1.976824 
2457628.102030 2.420932 
2457629.033328 2.640017 
2457629.964626 2.668908 
2457630.895924 2.530069 
2457631.827221 2.223702 
2457632.758519 1.741706 
2457633.689817 1.080077 
2457634.621115 0.242392 
2457635.552413 -0.754155 
2457636.483711 -1.847831 
2457637.415008 -2.866862 
2457638.346306 -3.496273 
2457639.277604 -3.448934 
2457640.208902 -2.772233 
2457641.140200 -1.808804 
2457642.071498 -0.868431 
2457643.002796 -0.088337 
2457643.934093 0.518735 
2457644.865391 0.995185 
2457645.796689 1.387397 
2457646.727987 1.705885 
2457647.659285 1.902745 
2457648.590583 1.880955 
2457649.521881 1.541364 
2457650.453178 0.858862 
2457651.384476 -0.030770 
2457652.315774 -0.783123 
2457653.247072 -0.974392 
2457654.178370 -0.453462 
2457655.109668 0.514608 
2457656.040965 1.546678 
2457656.972263 2.398216 
2457657.903561 2.976311 
2457658.834859 3.273648 
2457659.766157 3.313843 
2457660.697455 3.117963 
2457661.628753 2.692139 
2457662.560050 2.033978 
2457663.491348 1.150134 
2457664.422646 0.080349 
2457665.353944 -1.063932 
2457666.285242 -2.046063 
2457667.216540 -2.524493 
2457668.147838 -2.291105 
2457669.079135 -1.500246 
2457670.010433 -0.484207 
2457670.941731 0.527607 
2457671.873029 1.427569 
2457672.804327 2.136380 
2457673.735625 2.559775 
2457674.666922 2.610061 
2457675.598220 2.250758 
2457676.529518 1.521719 
2457677.460816 0.526106 
2457678.392114 -0.605043 
2457679.323412 -1.728728 
2457680.254710 -2.652088 
2457681.186007 -3.091362 
2457682.117305 -2.805583 
2457683.048603 -1.873324 
2457683.979901 -0.653518 
2457684.911199 0.533172 
2457685.842497 1.530747 
2457686.773795 2.287734 
2457687.705092 2.793767 
2457688.636390 3.054030 
2457689.567688 3.078449 
2457690.498986 2.871720 
2457691.430284 2.429187 
2457692.361582 1.750789 
2457693.292880 0.881286 
2457694.224177 -0.025464 
2457695.155475 -0.659286 
2457696.086773 -0.662380 
2457697.018071 0.041379 
2457697.949369 1.109223 
2457698.880667 2.089375 
2457699.811964 2.703412 
2457700.743262 2.876265 
2457701.674560 2.668904 
2457702.605858 2.203798 
2457703.537156 1.598133 
2457704.468454 0.918189 
2457705.399752 0.169055 
2457706.331049 -0.679348 
2457707.262347 -1.640982 
2457708.193645 -2.647124 
2457709.124943 -3.480882 
2457710.056241 -3.802930 
2457710.987539 -3.405176 
2457711.918837 -2.462138 
2457712.850134 -1.349981 
2457713.781432 -0.331472 
2457714.712730 0.500672 
2457715.644028 1.140131 
2457716.575326 1.599982 
2457717.506624 1.889109 
2457718.437921 2.013406 
2457719.369219 1.980742 
2457720.300517 1.798518 
2457721.231815 1.470170 
2457722.163113 1.014555 
2457723.094411 0.528837 
2457724.025709 0.243722 
2457724.957006 0.398762 
2457725.888304 0.959796 
2457726.819602 1.635935 
2457727.750900 2.184382 
2457728.682198 2.526165 
2457729.613496 2.668229 
2457730.544794 2.627305 
2457731.476091 2.407542 
2457732.407389 2.006580 
2457733.338687 1.423542 
2457734.269985 0.660429 
2457735.201283 -0.274891 
2457736.132581 -1.346494 
2457737.063878 -2.434514 
2457737.995176 -3.273674 
2457738.926474 -3.526220 
2457739.857772 -3.081630 
2457740.789070 -2.203405 
2457741.720368 -1.251858 
2457742.651666 -0.435655 
2457743.582963 0.187506 
2457744.514261 0.632745 
2457745.445559 0.931219 
2457746.376857 1.098310 
2457747.308155 1.120040 
2457748.239453 0.957593 
2457749.170751 0.569735 
2457750.102048 -0.048845 
2457751.033346 -0.812920 
2457751.964644 -1.486798 
2457752.895942 -1.708239 
2457753.827240 -1.240477 
2457754.758538 -0.239354 
2457755.689836 0.909948 
2457756.621133 1.916314 
2457757.552431 2.658609 
2457758.483729 3.115049 
2457759.415027 3.298895 
2457760.346325 3.227438 
2457761.277623 2.912158 
2457762.208920 2.359365 
2457763.140218 1.576182 
2457764.071516 0.583844 
2457765.002814 -0.550727 
2457765.934112 -1.656123 
2457766.865410 -2.420782 
2457767.796708 -2.540915 
2457768.728005 -2.027668 
2457769.659303 -1.207134 
2457770.590601 -0.397168 
2457771.521899 0.246870 
2457772.453197 0.680571 
2457773.384495 0.900405 
2457774.315793 0.912308 
2457775.247090 0.723676 
2457776.178388 0.341882 
2457777.109686 -0.225678 
2457778.040984 -0.965278 
2457778.972282 -1.832873 
2457779.903580 -2.701081 
2457780.834877 -3.301430 
2457781.766175 -3.294138 
2457782.697473 -2.564004 
2457783.628771 -1.377766 
2457784.560069 -0.113200 
2457785.491367 0.996908 
2457786.422665 1.868409 
2457787.353962 2.488975 
2457788.285260 2.866864 
2457789.216558 3.008376 
2457790.147856 2.910930 
2457791.079154 2.565317 
2457792.010452 1.965704 
2457792.941750 1.131085 
2457793.873047 0.147979 
2457794.804345 -0.768211 
2457795.735643 -1.278920 
2457796.666941 -1.150241 
2457797.598239 -0.517569 
2457798.529537 0.261509 
2457799.460834 0.921834 
2457800.392132 1.360164 
2457801.323430 1.559067 
2457802.254728 1.525822 
2457803.186026 1.272042 
2457804.117324 0.813546 
2457805.048622 0.172599 
2457805.979919 -0.623677 
2457806.911217 -1.541752 
2457807.842515 -2.518887 
2457808.773813 -3.405161 
2457809.705111 -3.918298 
2457810.636409 -3.774671 
2457811.567707 -2.990994 
2457812.499004 -1.897006 
2457813.430302 -0.814535 
2457814.361600 0.104588 
2457815.292898 0.828062 
2457816.224196 1.367287 
2457817.155494 1.737040 
2457818.086792 1.938846 
2457819.018089 1.955885 
2457819.949387 1.758058 
2457820.880685 1.320625 
2457821.811983 0.660943 
2457822.743281 -0.103592 
2457823.674579 -0.702563 
2457824.605876 -0.789185 
2457825.537174 -0.243328 
2457826.468472 0.658563 
2457827.399770 1.519165 
2457828.331068 2.103420 
2457829.262366 2.360140 
2457830.193664 2.340545 
2457831.124961 2.125536 
2457832.056259 1.777340 
2457832.987557 1.315985 
2457833.918855 0.721674 
2457834.850153 -0.040907 
2457835.781451 -0.982643 
2457836.712749 -2.034868 
2457837.644046 -2.985020 
2457838.575344 -3.482808 
2457839.506642 -3.268975 
2457840.437940 -2.454809 
2457841.369238 -1.395090 
2457842.300536 -0.374124 
2457843.231833 0.471166 
2457844.163131 1.082192 
2457845.094429 1.429099 
2457846.025727 1.504654 
2457846.957025 1.332379 
2457847.888323 0.962944 
2457848.819621 0.452694 
2457849.750918 -0.158450 
2457850.682216 -0.836647 
2457851.613514 -1.487326 
2457852.544812 -1.880403 
2457853.476110 -1.744873 
2457854.407408 -1.059313 
2457855.338706 -0.093076 
2457856.270003 0.881157 
2457857.201301 1.728856 
2457858.132599 2.395646 
2457859.063897 2.843530 
2457859.995195 3.037610 
2457860.926493 2.956120 
2457861.857791 2.598055 
2457862.789088 1.983074 
2457863.720386 1.152300 
2457864.651684 0.183113 
2457865.582982 -0.771778 
2457866.514280 -1.441327 
2457867.445578 -1.507802 
2457868.376875 -0.895642 
2457869.308173 0.066447 
2457870.239471 0.936877 
2457871.170769 1.470815 
2457872.102067 1.649083 
2457873.033365 1.576209 
2457873.964663 1.373619 
2457874.895960 1.104342 
2457875.827258 0.746796 
2457876.758556 0.221874 
2457877.689854 -0.544834 
2457878.621152 -1.555707 
2457879.552450 -2.687120 
2457880.483748 -3.654249 
2457881.415045 -4.053372 
2457882.346343 -3.611572 
2457883.277641 -2.473448 
2457884.208939 -1.062430 
2457885.140237 0.272924 
2457886.071535 1.371807 
2457887.002832 2.199766 
2457887.934130 2.781923 
2457888.865428 3.167153 
2457889.796726 3.406680 
2457890.728024 3.531297 
2457891.659322 3.527211 
2457892.590620 3.329501 
2457893.521917 2.862832 
2457894.453215 2.144575 
2457895.384513 1.390526 
2457896.315811 0.934155 
2457897.247109 0.914015 
2457898.178407 1.175647 
2457899.109705 1.514182 
2457900.041002 1.805118 
2457900.972300 1.962030 
2457901.903598 1.907257 
2457902.834896 1.594314 
2457903.766194 1.033350 
2457904.697492 0.284449 
2457905.628789 -0.577582 
2457906.560087 -1.496698 
2457907.491385 -2.433433 
2457908.422683 -3.308655 
2457909.353981 -3.920676 
2457910.285279 -3.971012 
2457911.216577 -3.329181 
2457912.147874 -2.218810 
2457913.079172 -0.975254 
2457914.010470 0.222069 
2457914.941768 1.346764 
2457915.873066 2.413149 
2457916.804364 3.390702 
2457917.735662 4.175058 
2457918.666959 4.614064 
2457919.598257 4.571307 
2457920.529555 3.994319 
2457921.460853 2.956589 
2457922.392151 1.668073 
2457923.323449 0.470465 
2457924.254747 -0.220110 
2457925.186044 -0.147665 
2457926.117342 0.518254 
2457927.048640 1.337883 
2457927.979938 1.976188 
2457928.911236 2.321232 
2457929.842534 2.401754 
2457930.773831 2.288592 
2457931.705129 2.036395 
2457932.636427 1.663294 
2457933.567725 1.155658 
2457934.499023 0.486396 
2457935.430321 -0.357127 
2457936.361619 -1.329516 
2457937.292916 -2.262735 
2457938.224214 -2.825223 
2457939.155512 -2.659558 
2457940.086810 -1.721244 
2457941.018108 -0.361843 
2457941.949406 0.985172 
2457942.880704 2.028719 
2457943.812001 2.633411 
2457944.743299 2.784934 
2457945.674597 2.559150 
2457946.605895 2.080164 
2457947.537193 1.467660 
2457948.468491 0.794547 
2457949.399788 0.077655 
2457950.331086 -0.687237 
2457951.262384 -1.447990 
2457952.193682 -2.008818 
2457953.124980 -2.059133 
2457954.056278 -1.446303 
2457954.987576 -0.385406 
2457955.918873 0.763670 
2457956.850171 1.769276 
2457957.781469 2.544646 
2457958.712767 3.066746 
2457959.644065 3.328729 
2457960.575363 3.333907 
2457961.506661 3.104159 
2457962.437958 2.678696 
2457963.369256 2.095902 
2457964.300554 1.375426 
2457965.231852 0.536909 
2457966.163150 -0.322557 
2457967.094448 -0.966513 
2457968.025745 -1.162288 
2457968.957043 -0.946825 
2457969.888341 -0.560013 
2457970.819639 -0.173641 
2457971.750937 0.159817 
2457972.682235 0.418750 
2457973.613533 0.564822 
2457974.544830 0.554122 
2457975.476128 0.360829 
2457976.407426 -0.018150 
2457977.338724 -0.575907 
2457978.270022 -1.301275 
2457979.201320 -2.151177 
2457980.132618 -2.982176 
2457981.063915 -3.494009 
2457981.995213 -3.346730 
2457982.926511 -2.487004 
2457983.857809 -1.233487 
2457984.789107 0.042372 
2457985.720405 1.143383 
2457986.651703 2.030773 
2457987.583000 2.733811 
2457988.514298 3.268762 
2457989.445596 3.589241 
2457990.376894 3.586115 
2457991.308192 3.140087 
2457992.239490 2.201256 
2457993.170787 0.855908 
2457994.102085 -0.642076 
2457995.033383 -1.881871 
2457995.964681 -2.415800 
2457996.895979 -2.070942 
2457997.827277 -1.143908 
2457998.758575 -0.116574 
2457999.689872 0.695472 
2458000.621170 1.198018 
2458001.552468 1.418836 
2458002.483766 1.411373 
2458003.415064 1.206249 
2458004.346362 0.808457 
2458005.277660 0.217914 
2458006.208957 -0.552220 
2458007.140255 -1.466438 
2458008.071553 -2.446111 
2458009.002851 -3.314210 
2458009.934149 -3.764354 
2458010.865447 -3.528566 
2458011.796744 -2.665780 
2458012.728042 -1.508009 
2458013.659340 -0.365895 
2458014.590638 0.568019 
2458015.521936 1.175118 
2458016.453234 1.396107 
2458017.384532 1.253187 
2458018.315829 0.854172 
2458019.247127 0.349279 
2458020.178425 -0.141336 
2458021.109723 -0.579590 
2458022.041021 -0.992422 
2458022.972319 -1.371634 
2458023.903617 -1.556233 
2458024.834914 -1.286542 
2458025.766212 -0.505952 
2458026.697510 0.520057 
2458027.628808 1.472866 
2458028.560106 2.177531 
2458029.491404 2.584923 
2458030.422701 2.710172 
2458031.353999 2.593486 
2458032.285297 2.273144 
2458033.216595 1.767069 
2458034.147893 1.071666 
2458035.079191 0.182225 
2458036.010489 -0.869855 
2458036.941786 -1.968120 
2458037.873084 -2.865857 
2458038.804382 -3.238328 
2458039.735680 -2.949742 
2458040.666978 -2.255697 
2458041.598276 -1.555001 
2458042.529574 -1.064791 
2458043.460871 -0.785317 
2458044.392169 -0.616843 
2458045.323467 -0.470111 
2458046.254765 -0.324570 
2458047.186063 -0.230902 
2458048.117361 -0.273781 
2458049.048659 -0.522506 
2458049.979956 -0.991045 
2458050.911254 -1.605824 
2458051.842552 -2.166707 
2458052.773850 -2.346149 
2458053.705148 -1.876148 
2458054.636446 -0.839582 
2458055.567743 0.399318 
2458056.499041 1.528373 
2458057.430339 2.407607 
2458058.361637 3.002201 
2458059.292935 3.313612 
2458060.224233 3.353450 
2458061.155531 3.138447 
2458062.086828 2.685624 
2458063.018126 2.003823 
2458063.949424 1.093944 
2458064.880722 -0.021575 
2458065.812020 -1.227466 
2458066.743318 -2.243405 
2458067.674616 -2.708956 
2458068.605913 -2.497502 
2458069.537211 -1.844166 
2458070.468509 -1.072202 
2458071.399807 -0.382235 
2458072.331105 0.135798 
2458073.262403 0.446010 
2458074.193700 0.540532 
2458075.124998 0.429092 
2458076.056296 0.127941 
2458076.987594 -0.350875 
2458077.918892 -0.999765 
2458078.850190 -1.794029 
2458079.781488 -2.639939 
2458080.712785 -3.307603 
2458081.644083 -3.455476 
2458082.575381 -2.888968 
2458083.506679 -1.798123 
2458084.437977 -0.560857 
2458085.369275 0.560512 
2458086.300573 1.466892 
2458087.231870 2.143296 
2458088.163168 2.594871 
2458089.094466 2.818677 
2458090.025764 2.799123 
2458090.957062 2.516460 
2458091.888360 1.961240 
2458092.819657 1.153425 
2458093.750955 0.174595 
2458094.682253 -0.779594 
2458095.613551 -1.382275 
2458096.544849 -1.351184 
2458097.476147 -0.747722 
2458098.407445 0.073730 
2458099.338742 0.801779 
2458100.270040 1.302967 
2458101.201338 1.559532 
2458102.132636 1.593662 
2458103.063934 1.429987 
2458103.995232 1.084079 
2458104.926530 0.562191 
2458105.857827 -0.134288 
2458106.789125 -0.997868 
2458107.720423 -1.987481 
2458108.651721 -2.973100 
2458109.583019 -3.681205 
2458110.514317 -3.781791 
2458111.445615 -3.190851 
2458112.376912 -2.189319 
2458113.308210 -1.132472 
2458114.239508 -0.220557 
2458115.170806 0.485790 
2458116.102104 0.988093 
2458117.033402 1.303565 
2458117.964699 1.446085 
2458118.895997 1.419343 
2458119.827295 1.216134 
2458120.758593 0.825410 
2458121.689891 0.254520 
2458122.621189 -0.422290 
2458123.552487 -0.997653 
2458124.483784 -1.147252 
2458125.415082 -0.676796 
2458126.346380 0.234059 
2458127.277678 1.214712 
2458128.208976 2.008621 
2458129.140274 2.525842 
2458130.071572 2.765856 
2458131.002869 2.755692 
2458131.934167 2.522155 
2458132.865465 2.082792 
2458133.796763 1.445416 
2458134.728061 0.613820 
2458135.659359 -0.396240 
2458136.590656 -1.520361 
2458137.521954 -2.583257 
2458138.453252 -3.269316 
2458139.384550 -3.287797 
2458140.315848 -2.679068 
2458141.247146 -1.786686 
2458142.178444 -0.927103 
2458143.109741 -0.245929 
2458144.041039 0.226560 
2458144.972337 0.503188 
2458145.903635 0.603398 
2458146.834933 0.540294 
2458147.766231 0.317861 
2458148.697529 -0.066275 
2458149.628826 -0.610147 
2458150.560124 -1.279860 
2458151.491422 -1.954820 
2458152.422720 -2.372587 
2458153.354018 -2.209878 
2458154.285316 -1.382296 
2458155.216614 -0.175977 
2458156.147911 1.037705 
2458157.079209 2.041617 
2458158.010507 2.763427 
2458158.941805 3.197705 
2458159.873103 3.358294 
2458160.804401 3.259678 
2458161.735698 2.911691 
2458162.666996 2.320090 
2458163.598294 1.493138 
2458164.529592 0.461061 
2458165.460890 -0.679794 
2458166.392188 -1.703723 
2458167.323486 -2.268445 
2458168.254783 -2.155764 
2458169.186081 -1.524125 
2458170.117379 -0.738425 
2458171.048677 -0.060032 
2458171.979975 0.413737 
2458172.911273 0.674301 
2458173.842571 0.740118 
2458174.773868 0.629629 
2458175.705166 0.353004 
2458176.636464 -0.088058 
2458177.567762 -0.694977 
2458178.499060 -1.457126 
2458179.430358 -2.316253 
2458180.361655 -3.104882 
2458181.292953 -3.513757 
2458182.224251 -3.249259 
2458183.155549 -2.342264 
2458184.086847 -1.136044 
2458185.018145 0.042623 
2458185.949443 1.035942 
2458186.880740 1.802310 
2458187.812038 2.342782 
2458188.743336 2.663479 
2458189.674634 2.762853 
2458190.605932 2.630422 
2458191.537230 2.251793 
2458192.468528 1.621398 
2458193.399825 0.770840 
2458194.331123 -0.177023 
2458195.262421 -0.952470 
2458196.193719 -1.214174 
2458197.125017 -0.846645 
2458198.056315 -0.106439 
2458198.987612 0.654163 
2458199.918910 1.233478 
2458200.850208 1.574894 
2458201.781506 1.687066 
2458202.712804 1.593814 
2458203.644102 1.314404 
2458204.575400 0.858509 
2458205.506697 0.227798 
2458206.437995 -0.576296 
2458207.369293 -1.532365 
2458208.300591 -2.554711 
2458209.231889 -3.429228 
2458210.163187 -3.820648 
2458211.094485 -3.506098 
2458212.025782 -2.636250 
2458212.957080 -1.579089 
2458213.888378 -0.605874 
2458214.819676 0.177296 
2458215.750974 0.755672 
2458216.682272 1.143229 
2458217.613570 1.354603 
2458218.544867 1.395748 
2458219.476165 1.262453 
2458220.407463 0.944482 
2458221.338761 0.439918 
2458222.270059 -0.209499 
2458223.201357 -0.855800 
2458224.132654 -1.207115 
2458225.063952 -0.974943 
2458225.995250 -0.183056 
2458226.926548 0.830028 
2458227.857846 1.738340 
2458228.789144 2.389662 
2458229.720442 2.755417 
2458230.651739 2.855386 
2458231.583037 2.717875 
2458232.514335 2.364829 
2458233.445633 1.808361 
2458234.376931 1.053497 
2458235.308229 0.108809 
2458236.239527 -0.986955 
2458237.170824 -2.111692 
2458238.102122 -3.002192 
2458239.033420 -3.320913 
2458239.964718 -2.947728 
2458240.896016 -2.137814 
2458241.827314 -1.252919 
2458242.758611 -0.506619 
2458243.689909 0.035997 
2458244.621207 0.378156 
2458245.552505 0.539682 
2458246.483803 0.536260 
2458247.415101 0.373969 
2458248.346399 0.050777 
2458249.277696 -0.435896 
2458250.208994 -1.069692 
2458251.140292 -1.772434 
2458252.071590 -2.340681 
2458253.002888 -2.448663 
2458253.934186 -1.874773 
2458254.865484 -0.769958 
2458255.796781 0.485616 
2458256.728079 1.601824 
2458257.659377 2.456442 
2458258.590675 3.023929 
2458259.521973 3.312646 
2458260.453271 3.336699 
2458261.384568 3.106785 
2458262.315866 2.628800 
2458263.247164 1.907561 
2458264.178462 0.959883 
2458265.109760 -0.152397 
2458266.041058 -1.262386 
2458266.972356 -2.059703 
2458267.903653 -2.231623 
2458268.834951 -1.774425 
2458269.766249 -1.012074 
2458270.697547 -0.271385 
2458271.628845 0.288819 
2458272.560143 0.632274 
2458273.491441 0.770659 
2458274.422738 0.724123 
2458275.354036 0.506997 
2458276.285334 0.124668 
2458277.216632 -0.423732 
2458278.147930 -1.135186 
2458279.079228 -1.976999 
2458280.010526 -2.834510 
2458280.941823 -3.452160 
2458281.873121 -3.493545 
2458282.804419 -2.829185 
2458283.735717 -1.707942 
2458284.667015 -0.498349 
2458285.598313 0.573200 
2458286.529610 1.428704 
2458287.460908 2.058780 
2458288.392206 2.470379 
2458289.323504 2.666109 
2458290.254802 2.639352 
2458291.186100 2.376651 
2458292.117398 1.866316 
2458293.048695 1.118728 
2458293.979993 0.209431 
2458294.911291 -0.656871 
2458295.842589 -1.144620 
2458296.773887 -1.007173 
2458297.705185 -0.363405 
2458298.636483 0.430043 
2458299.567780 1.099841 
2458300.499078 1.540364 
2458301.430376 1.742310 
2458302.361674 1.727295 
2458303.292972 1.517915 
2458304.224270 1.128168 
2458305.155567 0.562674 
2458306.086865 -0.178498 
2458307.018163 -1.085826 
2458307.949461 -2.107085 
2458308.880759 -3.087288 
2458309.812057 -3.727185 
2458310.743355 -3.716067 
2458311.674652 -3.043179 
2458312.605950 -2.031399 
2458313.537248 -1.015368 
2458314.468546 -0.161868 
2458315.399844 0.487929 
2458316.331142 0.942381 
2458317.262440 1.218174 
2458318.193737 1.325004 
2458319.125035 1.261900 
2458320.056333 1.019531 
2458320.987631 0.589945 
2458321.918929 -0.008146 
2458322.850227 -0.677380 
2458323.781524 -1.180698 
2458324.712822 -1.193139 
2458325.644120 -0.583020 
2458326.575418 0.405873 
2458327.506716 1.404157 
2458328.438014 2.186348 
2458329.369312 2.683078 
2458330.300609 2.900652 
2458331.231907 2.866350 
2458332.163205 2.605482 
2458333.094503 2.134377 
2458334.025801 1.460679 
2458334.957099 0.589951 
2458335.888397 -0.455817 
2458336.819694 -1.596536 
2458337.750992 -2.629879 
2458338.682290 -3.224138 
2458339.613588 -3.129188 
2458340.544886 -2.458274 
2458341.476184 -1.573634 
2458342.407482 -0.761702 
2458343.338779 -0.139732 
2458344.270077 0.274922 
2458345.201375 0.498377 
2458346.132673 0.549274 
2458347.063971 0.438531 
2458347.995269 0.168055 
2458348.926566 -0.264990 
2458349.857864 -0.854973 
2458350.789162 -1.555772 
2458351.720460 -2.221831 
2458352.651758 -2.564580 
2458353.583056 -2.277589 
2458354.514354 -1.347877 
2458355.445651 -0.104512 
2458356.376949 1.100279 
2458357.308247 2.080841 
2458358.239545 2.781273 
2458359.170843 3.200231 
2458360.102141 3.350050 
2458361.033439 3.241861 
2458361.964736 2.882042 
2458362.896034 2.274036 
2458363.827332 1.426869 
2458364.758630 0.378426 
2458365.689928 -0.755078 
2458366.621226 -1.718934 
2458367.552523 -2.166977 
2458368.483821 -1.939095 
2458369.415119 -1.256428 
2458370.346417 -0.482398 
2458371.277715 0.153981 
2458372.209013 0.577576 
2458373.140311 0.788110 
2458374.071608 0.805537 
2458375.002906 0.647510 
2458375.934204 0.322942 
2458376.865502 -0.167311 
2458377.796800 -0.823833 
2458378.728098 -1.630622 
2458379.659396 -2.514447 
2458380.590693 -3.281069 
2458381.521991 -3.604006 
2458382.453289 -3.228028 
2458383.384587 -2.257083 
2458384.315885 -1.055022 
2458385.247183 0.081095 
2458386.178481 1.022492 
2458387.109778 1.741022 
2458388.041076 2.241538 
2458388.972374 2.530252 
2458389.903672 2.604757 
2458390.834970 2.453696 
2458391.766268 2.062369 
2458392.697565 1.427181 
2458393.628863 0.588308 
2458394.560161 -0.311150 
2458395.491459 -0.979004 
2458396.422757 -1.091651 
2458397.354055 -0.605601 
2458398.285353 0.177582 
2458399.216650 0.924264 
2458400.147948 1.465661 
2458401.079246 1.763448 
2458402.010544 1.832296 
2458402.941842 1.696676 
2458403.873140 1.374852 
2458404.804438 0.875273 
2458405.735735 0.199035 
2458406.667033 -0.650703 
2458407.598331 -1.644827 
2458408.529629 -2.678554 
2458409.460927 -3.509648 
2458410.392225 -3.798561 
2458411.323522 -3.380070 
2458412.254820 -2.469761 
2458413.186118 -1.436056 
2458414.117416 -0.517003 
2458415.048714 0.205614 
2458415.980012 0.727267 
2458416.911310 1.064445 
2458417.842607 1.230923 
2458418.773905 1.230548 
2458419.705203 1.057333 
2458420.636501 0.701557 
2458421.567799 0.167205 
2458422.499097 -0.487979 
2458423.430395 -1.088190 
2458424.361692 -1.322912 
2458425.292990 -0.940935 
2458426.224288 -0.041756 
2458427.155586 1.010223 
2458428.086884 1.915013 
2458429.018182 2.547361 
2458429.949479 2.890710 
2458430.880777 2.967474 
2458431.812075 2.805074 
2458432.743373 2.423904 
2458433.674671 1.835055 
2458434.605969 1.043955 
2458435.537267 0.062838 
2458436.468564 -1.058518 
2458437.399862 -2.174845 
2458438.331160 -2.996798 
2458439.262458 -3.199955 
2458440.193756 -2.733807 
2458441.125054 -1.900254 
2458442.056352 -1.044465 
2458442.987649 -0.348301 
2458443.918947 0.140233 
2458444.850245 0.429157 
2458445.781543 0.538184 
2458446.712841 0.481970 
2458447.644139 0.266021 
2458448.575437 -0.111331 
2458449.506734 -0.650173 
2458450.438032 -1.326176 
2458451.369330 -2.042227 
2458452.300628 -2.566436 
2458453.231926 -2.566504 
2458454.163224 -1.875661 
2458455.094521 -0.709994 
2458456.025819 0.548505 
2458456.957117 1.642331 
2458457.888415 2.472541 
2458458.819713 3.021824 
2458459.751011 3.298667 
2458460.682309 3.314192 
2458461.613606 3.075416 
2458462.544904 2.585287 
2458463.476202 1.848017 
2458464.407500 0.884982 
2458465.338798 -0.227498 
2458466.270096 -1.295779 
2458467.201394 -1.989994 
2458468.132691 -2.031842 
2458469.063989 -1.492011 
2458469.995287 -0.720527 
2458470.926585 -0.016645 
2458471.857883 0.490538 
2458472.789181 0.779245 
2458473.720478 0.865468 
2458474.651776 0.769294 
2458475.583074 0.503505 
2458476.514372 0.071893 
2458477.445670 -0.526817 
2458478.376968 -1.286691 
2458479.308266 -2.164615 
2458480.239563 -3.023273 
2458481.170861 -3.580789 
2458482.102159 -3.512344 
2458483.033457 -2.757707 
2458483.964755 -1.614748 
2458484.896053 -0.436367 
2458485.827351 0.584385 
2458486.758648 1.389141 
2458487.689946 1.975630 
2458488.621244 2.352197 
2458489.552542 2.520813 
2458490.483840 2.473540 
2458491.415138 2.195629 
2458492.346435 1.675556 
2458493.277733 0.928849 
2458494.209031 0.046861 
2458495.140329 -0.739954 
2458496.071627 -1.090371 
2458497.002925 -0.812661 
2458497.934223 -0.093271 
2458498.865520 0.706850 
2458499.796818 1.347035 
2458500.728116 1.746361 
2458501.659414 1.905610 
2458502.590712 1.848696 
2458503.522010 1.597666 
2458504.453308 1.165270 
2458505.384605 0.555202 
2458506.315903 -0.231845 
2458507.247201 -1.181527 
2458508.178499 -2.227684 
2458509.109797 -3.189245 
2458510.041095 -3.746777 
2458510.972393 -3.621751 
2458511.903690 -2.877640 
2458512.834988 -1.865479 
2458513.766286 -0.893322 
2458514.697584 -0.098259 
2458515.628882 0.492904 
2458516.560180 0.892686 
2458517.491477 1.117833 
2458518.422775 1.177010 
2458519.354073 1.068470 
2458520.285371 0.783411 
2458521.216669 0.317651 
2458522.147967 -0.299146 
2458523.079265 -0.946819 
2458524.010562 -1.361628 
2458524.941860 -1.228967 
2458525.873158 -0.486939 
2458526.804456 0.567385 
2458527.735754 1.576042 
2458528.667052 2.344360 
2458529.598350 2.820680 
2458530.529647 3.016716 
2458531.460945 2.959783 
2458532.392243 2.673738 
2458533.323541 2.173533 
2458534.254839 1.466354 
2458535.186137 0.559641 
2458536.117434 -0.517196 
2458537.048732 -1.665891 
2458537.980030 -2.655882 
2458538.911328 -3.146424 
2458539.842626 -2.939322 
2458540.773924 -2.216096 
2458541.705222 -1.345369 
2458542.636519 -0.581421 
2458543.567817 -0.016625 
2458544.499115 0.341722 
2458545.430413 0.511773 
2458546.361711 0.511276 
2458547.293009 0.349614 
2458548.224307 0.027602 
2458549.155604 -0.457013 
2458550.086902 -1.093753 
2458551.018200 -1.822541 
2458551.949498 -2.471459 
2458552.880796 -2.730126 
2458553.812094 -2.321238 
2458554.743391 -1.305108 
2458555.674689 -0.040472 
2458556.605987 1.146501 
2458557.537285 2.100027 
2458558.468583 2.778076 
2458559.399881 3.182034 
2458560.331179 3.322168 
2458561.262476 3.206071 
2458562.193774 2.836742 
2458563.125072 2.215690 
2458564.056370 1.353552 
2458564.987668 0.297420 
2458565.918966 -0.814777 
2458566.850264 -1.701172 
2458567.781561 -2.022988 
2458568.712859 -1.686997 
2458569.644157 -0.967292 
2458570.575455 -0.215022 
2458571.506753 0.374029 
2458572.438051 0.744806 
2458573.369349 0.904028 
2458574.300646 0.872503 
2458575.231944 0.666671 
2458576.163242 0.293897 
2458577.094540 -0.245851 
2458578.025838 -0.951871 
2458578.957136 -1.801469 
2458579.888433 -2.704047 
2458580.819731 -3.437507 
2458581.751029 -3.665056 
2458582.682327 -3.181475 
2458583.613625 -2.159839 
2458584.544923 -0.972087 
2458585.476221 0.117177 
2458586.407518 1.005381 
2458587.338816 1.675735 
2458588.270114 2.136198 
2458589.201412 2.392876 
2458590.132710 2.442179 
2458591.064008 2.271404 
2458591.995306 1.865399 
2458592.926603 1.223515 
2458593.857901 0.397191 
2458594.789199 -0.447090 
2458595.720497 -0.997214 
2458596.651795 -0.958979 
2458597.583093 -0.363994 
2458598.514390 0.452972 
2458599.445688 1.182864 
2458600.376986 1.687454 
2458601.308284 1.943846 
2458602.239582 1.971457 
2458603.170880 1.795039 
2458604.102178 1.431759 
2458605.033475 0.888927 
2458605.964773 0.167466 
2458606.896071 -0.726767 
2458607.827369 -1.755109 
2458608.758667 -2.791310 
2458609.689965 -3.565905 
2458610.621263 -3.745233 
2458611.552560 -3.230217 
2458612.483858 -2.291746 
2458613.415156 -1.288007 
2458614.346454 -0.423980 
2458615.277752 0.239036 
2458616.209050 0.703866 
2458617.140347 0.988210 
2458618.071645 1.105086 
2458619.002943 1.057406 
2458619.934241 0.839054 
2458620.865539 0.442395 
2458621.796837 -0.121235 
2458622.728135 -0.776410 
2458623.659432 -1.319254 
2458624.590730 -1.427856 
2458625.522028 -0.900099 
2458626.453326 0.092662 
2458627.384624 1.173410 
2458628.315922 2.071555 
2458629.247220 2.685880 
2458630.178517 3.009198 
2458631.109815 3.065329 
2458632.041113 2.880430 
2458632.972411 2.473267 
2458633.903709 1.853918 
2458634.835007 1.028441 
2458635.766305 0.013673 
2458636.697602 -1.127417 
2458637.628900 -2.224074 
2458638.560198 -2.964046 
2458639.491496 -3.048389 
2458640.422794 -2.500277 
2458641.354092 -1.656467 
2458642.285389 -0.838464 
2458643.216687 -0.197425 
2458644.147985 0.234120 
2458645.079283 0.468675 
2458646.010581 0.525845 
2458646.941879 0.418832 
2458647.873177 0.151729 
2458648.804474 -0.277460 
2458649.735772 -0.866206 
2458650.667070 -1.580683 
2458651.598368 -2.302275 
2458652.529666 -2.770987 
2458653.460964 -2.657723 
2458654.392262 -1.859623 
2458655.323559 -0.648984 
2458656.254857 0.601419 
2458657.186155 1.667480 
2458658.117453 2.470900 
2458659.048751 3.000923 
2458659.980049 3.265529 
2458660.911346 3.272721 
2458661.842644 3.025893 
2458662.773942 2.525180 
2458663.705240 1.774446 
2458664.636538 0.800370 
2458665.567836 -0.304602 
2458666.499134 -1.319270 
2458667.430431 -1.900638 
2458668.361729 -1.816279 
2458669.293027 -1.207701 
2458670.224325 -0.437411 
2458671.155623 0.226718 
2458672.086921 0.682322 
2458673.018219 0.919112 
2458673.949516 0.955789 
2458674.880814 0.811789 
2458675.812112 0.498357 
2458676.743410 0.018005 
2458677.674708 -0.630410 
2458678.606006 -1.437016 
2458679.537304 -2.346331 
2458680.468601 -3.196263 
2458681.399899 -3.681588 
2458682.331197 -3.500937 
2458683.262495 -2.667355 
2458684.193793 -1.515550 
2458685.125091 -0.375378 
2458686.056388 0.591845 
2458686.987686 1.344548 
2458687.918984 1.886120 
2458688.850282 2.225771 
2458689.781580 2.364691 
2458690.712878 2.293734 
2458691.644176 1.997340 
2458692.575473 1.465291 
2458693.506771 0.720412 
2458694.438069 -0.127299 
2458695.369367 -0.821797 
2458696.300665 -1.025878 
2458697.231963 -0.612622 
2458698.163261 0.171824 
2458699.094558 0.972894 
2458700.025856 1.583044 
2458700.957154 1.943032 
2458701.888452 2.061810 
2458702.819750 1.964859 
2458703.751048 1.673488 
2458704.682345 1.199237 
2458705.613643 0.545106 
2458706.544941 -0.287001 
2458707.476239 -1.276605 
2458708.407537 -2.341323 
2458709.338835 -3.272645 
2458710.270133 -3.737013 
2458711.201430 -3.500165 
2458712.132728 -2.697618 
2458713.064026 -1.695550 
2458713.995324 -0.771493 
2458714.926622 -0.035556 
2458715.857920 0.497256 
2458716.789218 0.842434 
2458717.720515 1.016412 
2458718.651813 1.026814 
2458719.583111 0.871275 
2458720.514409 0.541905 
2458721.445707 0.039205 
2458722.377005 -0.594274 
2458723.308302 -1.213314 
2458724.239600 -1.530011 
2458725.170898 -1.251567 
2458726.102196 -0.390156 
2458727.033494 0.716139 
2458727.964792 1.728764 
2458728.896090 2.482404 
2458729.827387 2.940064 
2458730.758685 3.117098 
2458731.689983 3.040073 
2458732.621281 2.731072 
2458733.552579 2.203593 
2458734.483877 1.464549 
2458735.415175 0.523921 
2458736.346472 -0.579872 
2458737.277770 -1.727961 
2458738.209068 -2.661646 
2458739.140366 -3.040310 
2458740.071664 -2.727483 
2458741.002962 -1.965033 
2458741.934260 -1.116559 
2458742.865557 -0.403214 
2458743.796855 0.104550 
2458744.728153 0.407494 
2458745.659451 0.524983 
2458746.590749 0.473615 
2458747.522047 0.261204 
2458748.453344 -0.112389 
2458749.384642 -0.648370 
2458750.315940 -1.330249 
2458751.247238 -2.081826 
2458752.178536 -2.703422 
2458753.109834 -2.868636 
2458754.041132 -2.341513 
2458754.972429 -1.254120 
2458755.903727 0.018287 
2458756.835025 1.180106 
2458757.766323 2.103135 
2458758.697621 2.757007 
2458759.628919 3.144957 
2458760.560217 3.274991 
2458761.491514 3.151160 
2458762.422812 2.773113 
2458763.354110 2.140603 
2458764.285408 1.266559 
2458765.216706 0.208966 
2458766.148004 -0.870496 
2458767.079301 -1.665365 
2458768.010599 -1.855906 
2458768.941897 -1.420973 
2458769.873195 -0.675815 
2458770.804493 0.048985 
2458771.735791 0.589696 
2458772.667089 0.908496 
2458773.598386 1.017557 
2458774.529684 0.937994 
2458775.460982 0.684910 
2458776.392280 0.264185 
2458777.323578 -0.324835 
2458778.254876 -1.079483 
2458779.186174 -1.968829 
2458780.117471 -2.882530 
2458781.048769 -3.570591 
2458781.980067 -3.694834 
2458782.911365 -3.110264 
2458783.842663 -2.051763 
2458784.773961 -0.887793 
2458785.705258 0.150640 
2458786.636556 0.984131 
2458787.567854 1.605150 
2458788.499152 2.023929 
2458789.430450 2.246305 
2458790.361748 2.267683 
2458791.293046 2.074436 
2458792.224343 1.651748 
2458793.155641 1.003385 
2458794.086939 0.194443 
2458795.018237 -0.583587 
2458795.949535 -1.004150 
2458796.880833 -0.814880 
2458797.812131 -0.121839 
2458798.743428 0.719846 
2458799.674726 1.430201 
2458800.606024 1.898971 
2458801.537322 2.116076 
2458802.468620 2.104467 
2458803.399918 1.888783 
2458804.331216 1.485059 
2458805.262513 0.899605 
2458806.193811 0.133560 
2458807.125109 -0.803588 
2458808.056407 -1.861718 
2458808.987705 -2.890830 
2458809.919003 -3.596371 
2458810.850300 -3.661957 
2458811.781598 -3.060387 
2458812.712896 -2.106349 
2458813.644194 -1.139184 
2458814.575492 -0.331875 
2458815.506790 0.271804 
2458816.438088 0.680356 
2458817.369385 0.912022 
2458818.300683 0.978846 
2458819.231981 0.882792 
2458820.163279 0.617807 
2458821.094577 0.178974 
2458822.025875 -0.413490 
2458822.957173 -1.064002 
2458823.888470 -1.540188 
2458824.819768 -1.517070 
2458825.751066 -0.851812 
2458826.682364 0.219481 
2458827.613662 1.319229 
2458828.544960 2.207770 
2458829.476257 2.804866 
2458830.407555 3.110382 
2458831.338853 3.148426 
2458832.270151 2.943403 
2458833.201449 2.512267 
2458834.132747 1.864129 
2458835.064045 1.006099 
2458835.995342 -0.039236 
2458836.926640 -1.193512 
2458837.857938 -2.258788 
2458838.789236 -2.904941 
2458839.720534 -2.870754 
2458840.651832 -2.252821 
2458841.583130 -1.409666 
2458842.514427 -0.634055 
2458843.445725 -0.048788 
2458844.377023 0.326508 
2458845.308321 0.507607 
2458846.239619 0.513584 
2458847.170917 0.356089 
2458848.102214 0.037872 
2458849.033512 -0.443098 
2458849.964810 -1.080849 
2458850.896108 -1.830280 
2458851.827406 -2.549042 
2458852.758704 -2.951001 
2458853.690002 -2.721526 
2458854.621299 -1.827978 
2458855.552597 -0.587648 
2458856.483895 0.644990 
2458857.415193 1.678574 
2458858.346491 2.452782 
2458859.277789 2.962051 
2458860.209087 3.213489 
2458861.140384 3.211979 
2458862.071682 2.957357 
2458863.002980 2.447067 
2458863.934278 1.685050 
2458864.865576 0.704517 
2458865.796874 -0.383810 
2458866.728172 -1.330938 
2458867.659469 -1.789113 
2458868.590767 -1.582618 
2458869.522065 -0.917506 
2458870.453363 -0.156648 
2458871.384661 0.465285 
2458872.315959 0.869762 
2458873.247256 1.055853 
2458874.178554 1.044090 
2458875.109852 0.853006 
2458876.041150 0.492318 
2458876.972448 -0.036569 
2458877.903746 -0.734187 
2458878.835044 -1.585595 
2458879.766341 -2.520787 
2458880.697639 -3.351156 
2458881.628937 -3.752901 
2458882.560235 -3.460428 
2458883.491533 -2.560515 
2458884.422831 -1.411738 
2458885.354129 -0.315566 
2458886.285426 0.596070 
2458887.216724 1.295708 
2458888.148022 1.791100 
2458889.079320 2.091917 
2458890.010618 2.198596 
2458890.941916 2.101082 
2458891.873213 1.783610 
2458892.804511 1.238425 
2458893.735809 0.497717 
2458894.667107 -0.307389 
2458895.598405 -0.896893 
2458896.529703 -0.948726 
2458897.461001 -0.407807 
2458898.392298 0.430620 
2458899.323596 1.227472 
2458900.254894 1.807509 
2458901.186192 2.130105 
2458902.117490 2.210630 
2458903.048788 2.075472 
2458903.980086 1.745049 
2458904.911383 1.229760 
2458905.842681 0.532177 
2458906.773979 -0.343924 
2458907.705277 -1.370458 
2458908.636575 -2.446426 
2458909.567873 -3.335281 
2458910.499170 -3.697273 
2458911.430468 -3.353460 
2458912.361766 -2.505700 
2458913.293064 -1.523029 
2458914.224362 -0.650376 
2458915.155660 0.026199 
2458916.086958 0.501249 
2458917.018255 0.792254 
2458917.949553 0.914982 
2458918.880851 0.875927 
2458919.812149 0.672187 
2458920.743447 0.297176 
2458921.674745 -0.242841 
2458922.606043 -0.890259 
2458923.537340 -1.472841 
2458924.468638 -1.682739 
2458925.399936 -1.260958 
2458926.331234 -0.294486 
2458927.262532 0.850803 
2458928.193830 1.861678 
2458929.125128 2.600006 
2458930.056425 3.040643 
2458930.987723 3.201063 
2458931.919021 3.106386 
2458932.850319 2.776618 
2458933.781617 2.223730 
2458934.712915 1.454583 
2458935.644212 0.482483 
2458936.575510 -0.643378 
2458937.506808 -1.781159 
2458938.438106 -2.645383 
2458939.369404 -2.906282 
2458940.300702 -2.496395 
2458941.232000 -1.707422 
2458942.163297 -0.888253 
2458943.094595 -0.227340 
2458944.025893 0.223827 
2458944.957191 0.472325 
2458945.888489 0.538054 
2458946.819787 0.436276 
2458947.751085 0.173251 
2458948.682382 -0.251921 
2458949.613680 -0.838833 
2458950.544978 -1.563628 
2458951.476276 -2.331692 
2458952.407574 -2.914926 
2458953.338872 -2.978604 
2458954.270169 -2.339480 
2458955.201467 -1.196282 
2458956.132765 0.071731 
2458957.064063 1.202063 
2458957.995361 2.091445 
2458958.926659 2.719210 
2458959.857957 3.089774 
2458960.789254 3.208821 
2458961.720552 3.076958 
2458962.651850 2.690609 
2458963.583148 2.048061 
2458964.514446 1.165384 
2458965.445744 0.113312 
2458966.377042 -0.921019 
2458967.308339 -1.610823 
2458968.239637 -1.667735 
2458969.170935 -1.144417 
2458970.102233 -0.384401 
2458971.033531 0.308468 
2458971.964829 0.800491 
2458972.896127 1.068404 
2458973.827424 1.128525 
2458974.758722 1.001835 
2458975.690020 0.702029 
2458976.621318 0.233606 
2458977.552616 -0.404388 
2458978.483914 -1.206510 
2458979.415211 -2.131857 
2458980.346509 -3.047985 
2458981.277807 -3.678170 
2458982.209105 -3.693391 
2458983.140403 -3.016726 
2458984.071701 -1.934824 
2458985.002999 -0.802752 
2458985.934296 0.181784 
2458986.865594 0.959488 
2458987.796892 1.530240 
2458988.728190 1.905833 
2458989.659488 2.091702 
2458990.590786 2.082409 
2458991.522084 1.863846 
2458992.453381 1.422411 
2458993.384679 0.767952 
2458994.315977 -0.018203 
2458995.247275 -0.718564 
2458996.178573 -0.999461 
2458997.109871 -0.662045 
2458998.041168 0.117448 
2458998.972466 0.975918 
2458999.903764 1.664996 
2459000.835062 2.099421 
2459001.766360 2.279546 
2459002.697658 2.230821 
2459003.628956 1.977457 
2459004.560253 1.534344 
2459005.491551 0.906966 
2459006.422849 0.097140 
2459007.354147 -0.880934 
2459008.285445 -1.963580 
2459009.216743 -2.975038 
2459010.148041 -3.599455 
2459011.079338 -3.549887 
2459012.010636 -2.873314 
2459012.941934 -1.915468 
2459013.873232 -0.990339 
2459014.804530 -0.240856 
2459015.735828 0.303956 
2459016.667125 0.656850 
2459017.598423 0.836067 
2459018.529721 0.852506 
2459019.461019 0.707185 
2459020.392317 0.394346 
2459021.323615 -0.087481 
2459022.254913 -0.707500 
2459023.186210 -1.347535 
2459024.117508 -1.747489 
2459025.048806 -1.589338 
2459025.980104 -0.797507 
2459026.911402 0.337118 
2459027.842700 1.446919 
2459028.773998 2.323263 
2459029.705295 2.903850 
2459030.636593 3.193591 
2459031.567891 3.215926 
2459032.499189 2.993069 
2459033.430487 2.539979 
2459034.361785 1.864865 
2459035.293083 0.976375 
2459036.224380 -0.095842 
2459037.155678 -1.255709 
2459038.086976 -2.277052 
2459039.018274 -2.818805 
2459039.949572 -2.669159 
2459040.880870 -1.994197 
2459041.812167 -1.161417 
2459042.743465 -0.431767 
2459043.674763 0.097545 
2459044.606061 0.417472 
2459045.537359 0.546029 
2459046.468657 0.501429 
2459047.399955 0.293722 
2459048.331252 -0.075569 
2459049.262550 -0.608133 
2459050.193848 -1.293577 
2459051.125146 -2.073542 
2459052.056444 -2.779969 
2459052.987742 -3.104164 
2459053.919040 -2.758116 
2459054.850337 -1.782395 
2459055.781635 -0.526681 
2459056.712933 0.679810 
2459057.644231 1.676818 
2459058.575529 2.419460 
2459059.506827 2.906235 
2459060.438124 3.143165 
2459061.369422 3.132114 
2459062.300720 2.869521 
2459063.232018 2.350366 
2459064.163316 1.579257 
2459065.094614 0.597364 
2459066.025912 -0.464161 
2459066.957209 -1.329430 
2459067.888507 -1.656055 
2459068.819805 -1.333826 
2459069.751103 -0.624137 
2459070.682401 0.120389 
2459071.613699 0.698552 
2459072.544997 1.052689 
2459073.476294 1.189376 
2459074.407592 1.130263 
2459075.338890 0.892800 
2459076.270188 0.485213 
2459077.201486 -0.091978 
2459078.132784 -0.838135 
2459079.064081 -1.731928 
2459079.995379 -2.686533 
2459080.926677 -3.485684 
2459081.857975 -3.793656 
2459082.789273 -3.392537 
2459083.720571 -2.439612 
2459084.651869 -1.304507 
2459085.583166 -0.256985 
2459086.514464 0.597611 
2459087.445762 1.243470 
2459088.377060 1.691599 
2459089.308358 1.951788 
2459090.239656 2.023754 
2459091.170954 1.896820 
2459092.102251 1.555665 
2459093.033549 0.996286 
2459093.964847 0.262532 
2459094.896145 -0.491043 
2459095.827443 -0.963614 
2459096.758741 -0.860299 
2459097.690039 -0.201589 
2459098.621336 0.680361 
2459099.552634 1.468978 
2459100.483932 2.019476 
2459101.415230 2.306904 
2459102.346528 2.351507 
2459103.277826 2.180031 
2459104.209123 1.811891 
2459105.140421 1.256436 
2459106.071719 0.516127 
2459107.003017 -0.402616 
2459107.934315 -1.462432 
2459108.865613 -2.541284 
2459109.796911 -3.375052 
2459110.728208 -3.627478 
2459111.659506 -3.184074 
2459112.590804 -2.304266 
2459113.522102 -1.349047 
2459114.453400 -0.530269 
2459115.384698 0.087042 
2459116.315996 0.505030 
2459117.247293 0.742341 
2459118.178591 0.813802 
2459119.109889 0.724715 
2459120.041187 0.471763 
2459120.972485 0.050129 
2459121.903783 -0.526917 
2459122.835080 -1.184429 
2459123.766378 -1.721800 
2459124.697676 -1.817359 
2459125.628974 -1.257672 
2459126.560272 -0.201602 
2459127.491570 0.970427 
2459128.422868 1.974435 
2459129.354165 2.696865 
2459130.285463 3.121909 
2459131.216761 3.267872 
2459132.148059 3.157829 
2459133.079357 2.809424 
2459134.010655 2.233036 
2459134.941953 1.435732 
2459135.873250 0.435044 
2459136.804548 -0.707114 
2459137.735846 -1.823768 
2459138.667144 -2.605554 
2459139.598442 -2.745369 
2459140.529740 -2.248875 
2459141.461037 -1.445353 
2459142.392335 -0.661329 
2459143.323633 -0.054034 
2459144.254931 0.341180 
2459145.186229 0.536205 
2459146.117527 0.550938 
2459147.048825 0.399169 
2459147.980122 0.085655 
2459148.911420 -0.391015 
2459149.842718 -1.028141 
2459150.774016 -1.792941 
2459151.705314 -2.570055 
2459152.636612 -3.103310 
2459153.567910 -3.059145 
2459154.499207 -2.316630 
2459155.430505 -1.132911 
2459156.361803 0.119948 
2459157.293101 1.213394 
2459158.224399 2.066279 
2459159.155697 2.665914 
2459160.086995 3.017397 
2459161.018292 3.124137 
2459161.949590 2.983483 
2459162.880888 2.588867 
2459163.812186 1.937533 
2459164.743484 1.049746 
2459165.674782 0.011002 
2459166.606079 -0.964950 
2459167.537377 -1.537145 
2459168.468675 -1.460832 
2459169.399973 -0.860541 
2459170.331271 -0.095080 
2459171.262569 0.562533 
2459172.193867 1.006061 
2459173.125164 1.224357 
2459174.056462 1.236790 
2459174.987760 1.063867 
2459175.919058 0.717843 
2459176.850356 0.201977 
2459177.781654 -0.484599 
2459178.712952 -1.332712 
2459179.644249 -2.289547 
2459180.575547 -3.198363 
2459181.506845 -3.758355 
2459182.438143 -3.661386 
2459183.369441 -2.903384 
2459184.300739 -1.810829 
2459185.232036 -0.717458 
2459186.163334 0.210908 
2459187.094632 0.932138 
2459188.025930 1.451906 
2459188.957228 1.782969 
2459189.888526 1.930237 
2459190.819824 1.887589 
2459191.751121 1.640883 
2459192.682419 1.178693 
2459193.613717 0.518821 
2459194.545015 -0.238510 
2459195.476313 -0.849720 
2459196.407611 -0.983110 
2459197.338909 -0.503363 
2459198.270206 0.350676 
2459199.201504 1.219144 
2459200.132802 1.886064 
2459201.064100 2.288007 
2459201.995398 2.433617 
2459202.926696 2.349956 
2459203.857993 2.060549 
2459204.789291 1.579155 
2459205.720589 0.910639 
2459206.651887 0.058035 
2459207.583185 -0.958492 
2459208.514483 -2.059445 
2459209.445781 -3.041781 
2459210.377078 -3.573963 
2459211.308376 -3.410667 
2459212.239674 -2.671691 
2459213.170972 -1.720745 
2459214.102270 -0.842040 
2459215.033568 -0.150989 
2459215.964866 0.335587 
2459216.896163 0.633490 
2459217.827461 0.760521 
2459218.758759 0.726310 
2459219.690057 0.530967 
2459220.621355 0.169316 
2459221.552653 -0.355810 
2459222.483951 -1.001164 
2459223.415248 -1.623713 
2459224.346546 -1.937890 
2459225.277844 -1.643958 
2459226.209142 -0.738655 
2459227.140440 0.444373 
2459228.071738 1.556093 
2459229.003035 2.417893 
2459229.934333 2.982525 
2459230.865631 3.258243 
2459231.796929 3.267020 
2459232.728227 3.028489 
2459233.659525 2.555444 
2459234.590823 1.855273 
2459235.522120 0.938728 
2459236.453418 -0.156003 
2459237.384716 -1.312747 
2459238.316014 -2.276980 
2459239.247312 -2.705475 
2459240.178610 -2.446047 
2459241.109908 -1.726994 
2459242.041205 -0.913054 
2459242.972503 -0.232040 
2459243.903801 0.241486 
2459244.835099 0.506997 
2459245.766397 0.583899 
2459246.697695 0.489294 
2459247.628992 0.231618 
2459248.560290 -0.188679 
2459249.491588 -0.772475 
2459250.422886 -1.503810 
2459251.354184 -2.308912 
2459252.285482 -2.992474 
2459253.216780 -3.228624 
2459254.148077 -2.768300 
2459255.079375 -1.724626 
2459256.010673 -0.466622 
2459256.941971 0.706572 
2459257.873269 1.663472 
2459258.804567 2.372277 
2459259.735865 2.834623 
2459260.667162 3.055342 
2459261.598460 3.033465 
2459262.529758 2.762286 
2459263.461056 2.234680 
2459264.392354 1.456684 
2459265.323652 0.479085 
2459266.254950 -0.544512 
2459267.186247 -1.313624 
2459268.117545 -1.502749 
2459269.048843 -1.073164 
2459269.980141 -0.330229 
2459270.911439 0.392387 
2459271.842737 0.925980 
2459272.774034 1.230862 
2459273.705332 1.319520 
2459274.636630 1.214147 
2459275.567928 0.930985 
2459276.499226 0.476846 
2459277.430524 -0.148375 
2459278.361822 -0.942192 
2459279.293119 -1.875387 
2459280.224417 -2.841927 
2459281.155715 -3.597613 
2459282.087013 -3.803307 
2459283.018311 -3.299383 
2459283.949609 -2.306978 
2459284.880907 -1.194883 
2459285.812204 -0.199642 
2459286.743502 0.596966 
2459287.674800 1.188590 
2459288.606098 1.588547 
2459289.537396 1.806457 
2459290.468694 1.841345 
2459291.399991 1.682196 
2459292.331289 1.314821 
2459293.262587 0.740407 
2459294.193885 0.016939 
2459295.125183 -0.675653 
2459296.056481 -1.020568 
2459296.987779 -0.762405 
2459297.919076 0.002706 
2459298.850374 0.918543 
2459299.781672 1.695941 
2459300.712970 2.218011 
2459301.644268 2.472707 
2459302.575566 2.483814 
2459303.506864 2.277971 
2459304.438161 1.873500 
2459305.369459 1.278823 
2459306.300757 0.496658 
2459307.232055 -0.463027 
2459308.163353 -1.551724 
2459309.094651 -2.624026 
2459310.025948 -3.390034 
2459310.957246 -3.528116 
2459311.888544 -2.994640 
2459312.819842 -2.095488 
2459313.751140 -1.174544 
2459314.682438 -0.411391 
2459315.613736 0.147015 
2459316.545033 0.508708 
2459317.476331 0.692827 
2459318.407629 0.713043 
2459319.338927 0.573445 
2459320.270225 0.270458 
2459321.201523 -0.198393 
2459322.132821 -0.811430 
2459323.064118 -1.474008 
2459323.995416 -1.956644 
2459324.926714 -1.931902 
2459325.858012 -1.242552 
2459326.789310 -0.112921 
2459327.720608 1.074469 
2459328.651906 2.067001 
2459329.583203 2.772892 
2459330.514501 3.183487 
2459331.445799 3.316856 
2459332.377097 3.193526 
2459333.308395 2.828522 
2459334.239693 2.230573 
2459335.170990 1.407261 
2459336.102288 0.381374 
2459337.033586 -0.770340 
2459337.964884 -1.854001 
2459338.896182 -2.540998 
2459339.827480 -2.559150 
2459340.758778 -1.987781 
2459341.690075 -1.180698 
2459342.621373 -0.436522 
2459343.552671 0.116516 
2459344.483969 0.456577 
2459345.415267 0.599105 
2459346.346565 0.563562 
2459347.277863 0.362180 
2459348.209160 -0.001701 
2459349.140458 -0.529693 
2459350.071756 -1.215987 
2459351.003054 -2.017121 
2459351.934352 -2.794707 
2459352.865650 -3.266142 
2459353.796947 -3.110026 
2459354.728245 -2.274763 
2459355.659543 -1.065213 
2459356.590841 0.163153 
2459357.522139 1.215174 
2459358.453437 2.029000 
2459359.384735 2.598429 
2459360.316032 2.928874 
2459361.247330 3.021589 
2459362.178628 2.870941 
2459363.109926 2.467706 
2459364.041224 1.808673 
2459364.972522 0.919575 
2459365.903820 -0.097195 
2459366.835117 -1.000894 
2459367.766415 -1.444451 
2459368.697713 -1.238005 
2459369.629011 -0.572495 
2459370.560309 0.190301 
2459371.491607 0.810367 
2459372.422904 1.206055 
2459373.354202 1.376156 
2459374.285500 1.342180 
2459375.216798 1.123904 
2459376.148096 0.732149 
2459377.079394 0.169109 
2459378.010692 -0.565528 
2459378.941989 -1.457752 
2459379.873287 -2.440708 
2459380.804585 -3.331502 
2459381.735883 -3.809600 
2459382.667181 -3.600036 
2459383.598479 -2.772830 
2459384.529777 -1.681391 
2459385.461074 -0.632300 
2459386.392372 0.238302 
2459387.323670 0.902690 
2459388.254968 1.370949 
2459389.186266 1.656290 
2459390.117564 1.763001 
2459391.048862 1.684421 
2459391.980159 1.406842 
2459392.911457 0.922067 
2459393.842755 0.257909 
2459394.774053 -0.463870 
2459395.705351 -0.974701 
2459396.636649 -0.955452 
2459397.567946 -0.341830 
2459398.499244 0.574927 
2459399.430542 1.447708 
2459400.361840 2.092295 
2459401.293138 2.463916 
2459402.224436 2.577596 
2459403.155734 2.461245 
2459404.087031 2.137488 
2459405.018329 1.618986 
2459405.949627 0.910226 
2459406.880925 0.016096 
2459407.812223 -1.035840 
2459408.743521 -2.147882 
2459409.674819 -3.088896 
2459410.606116 -3.519176 
2459411.537414 -3.246368 
2459412.468712 -2.458116 
2459413.400010 -1.523590 
2459414.331308 -0.694733 
2459415.262606 -0.062315 
2459416.193903 0.366775 
2459417.125201 0.610376 
2459418.056499 0.685505 
2459418.987797 0.600435 
2459419.919095 0.354448 
2459420.850393 -0.056693 
2459421.781691 -0.624850 
2459422.712988 -1.292287 
2459423.644286 -1.889179 
2459424.575584 -2.108458 
2459425.506882 -1.680744 
2459426.438180 -0.676692 
2459427.369478 0.540432 
2459428.300776 1.646720 
2459429.232073 2.491770 
2459430.163371 3.040760 
2459431.094669 3.303868 
2459432.025967 3.300955 
2459432.957265 3.048736 
2459433.888563 2.557687 
2459434.819860 1.834482 
2459435.751158 0.892638 
2459436.682456 -0.219467 
2459437.613754 -1.363226 
2459438.545052 -2.256851 
2459439.476350 -2.565376 
2459440.407648 -2.204139 
2459441.338945 -1.453628 
2459442.270243 -0.665720 
2459443.201541 -0.035230 
2459444.132839 0.382963 
2459445.064137 0.595057 
2459445.995435 0.621161 
2459446.926733 0.477075 
2459447.858030 0.169646 
2459448.789328 -0.301547 
2459449.720626 -0.936010 
2459450.651924 -1.710880 
2459451.583222 -2.534684 
2459452.514520 -3.184005 
2459453.445818 -3.323067 
2459454.377115 -2.753410 
2459455.308413 -1.656430 
2459456.239711 -0.407865 
2459457.171009 0.726033 
2459458.102307 1.639816 
2459459.033605 2.312619 
2459459.964902 2.748456 
2459460.896200 2.950949 
2459461.827498 2.916547 
2459462.758796 2.635745 
2459463.690094 2.099805 
2459464.621392 1.317163 
2459465.552690 0.350100 
2459466.483987 -0.623560 
2459467.415285 -1.282708 
2459468.346583 -1.331069 
2459469.277881 -0.804019 
2459470.209179 -0.038239 
2459471.140477 0.658151 
2459472.071775 1.147051 
2459473.003072 1.404020 
2459473.934370 1.446094 
2459474.865668 1.295553 
2459475.796966 0.967356 
2459476.728264 0.467010 
2459477.659562 -0.205894 
2459478.590859 -1.046234 
2459479.522157 -2.015190 
2459480.453455 -2.985143 
2459481.384753 -3.684822 
2459482.316051 -3.781877 
2459483.247349 -3.183380 
2459484.178647 -2.164790 
2459485.109944 -1.083725 
2459486.041242 -0.143507 
2459486.972540 0.594587 
2459487.903838 1.131736 
2459488.835136 1.482773 
2459489.766434 1.656905 
2459490.697732 1.652486 
2459491.629029 1.458452 
2459492.560327 1.062482 
2459493.491625 0.472541 
2459494.422923 -0.236630 
2459495.354221 -0.858386 
2459496.285519 -1.066631 
2459497.216816 -0.657143 
2459498.148114 0.201952 
2459499.079412 1.142970 
2459500.010710 1.907054 
2459500.942008 2.402209 
2459501.873306 2.626763 
2459502.804604 2.606873 
2459503.735901 2.368666 
2459504.667199 1.929310 
2459505.598497 1.296442 
2459506.529795 0.473469 
2459507.461093 -0.525040 
2459508.392391 -1.637370 
2459509.323689 -2.692644 
2459510.254986 -3.378588 
2459511.186284 -3.400231 
2459512.117582 -2.787880 
2459513.048880 -1.881302 
2459513.980178 -1.000279 
2459514.911476 -0.293891 
2459515.842774 0.206172 
2459516.774071 0.512370 
2459517.705369 0.643796 
2459518.636667 0.612803 
2459519.567965 0.422290 
2459520.499263 0.068649 
2459521.430561 -0.447581 
2459522.361858 -1.094721 
2459523.293156 -1.756084 
2459524.224454 -2.173947 
2459525.155752 -2.024932 
2459526.087050 -1.216662 
2459527.018348 -0.029550 
2459527.949646 1.162775 
2459528.880943 2.139640 
2459529.812241 2.828219 
2459530.743539 3.225157 
2459531.674837 3.347442 
2459532.606135 3.212647 
2459533.537433 2.832949 
2459534.468731 2.215398 
2459535.400028 1.368450 
2459536.331326 0.321329 
2459537.262624 -0.832149 
2459538.193922 -1.870031 
2459539.125220 -2.450992 
2459540.056518 -2.349666 
2459540.987815 -1.715899 
2459541.919113 -0.915095 
2459542.850411 -0.214453 
2459543.781709 0.284124 
2459544.713007 0.569943 
2459545.644305 0.660951 
2459546.575603 0.575832 
2459547.506900 0.325205 
2459548.438198 -0.088898 
2459549.369496 -0.667916 
2459550.300794 -1.401962 
2459551.232092 -2.234925 
2459552.163390 -3.003317 
2459553.094688 -3.401290 
2459554.025985 -3.131632 
2459554.957283 -2.215864 
2459555.888581 -0.994251 
2459556.819879 0.201654 
2459557.751177 1.208492 
2459558.682475 1.980986 
2459559.613773 2.518131 
2459560.545070 2.825387 
2459561.476368 2.902030 
2459562.407666 2.739781 
2459563.338964 2.327213 
2459564.270262 1.661421 
2459565.201560 0.775124 
2459566.132857 -0.210206 
2459567.064155 -1.027504 
2459567.995453 -1.333440 
2459568.926751 -1.002456 
2459569.858049 -0.283360 
2459570.789347 0.470022 
2459571.720645 1.051207 
2459572.651942 1.400138 
2459573.583240 1.523611 
2459574.514538 1.444532 
2459575.445836 1.181762 
2459576.377134 0.744746 
2459577.308432 0.134833 
2459578.239730 -0.647180 
2459579.171027 -1.581162 
2459580.102325 -2.583943 
2459581.033623 -3.445165 
2459581.964921 -3.830782 
2459582.896219 -3.511044 
2459583.827517 -2.627614 
2459584.758814 -1.547881 
2459585.690112 -0.547509 
2459586.621410 0.264329 
2459587.552708 0.871792 
2459588.484006 1.288194 
2459589.415304 1.526770 
2459590.346602 1.591097 
2459591.277899 1.474126 
2459592.209197 1.163074 
2459593.140495 0.654142 
2459594.071793 -0.012603 
2459595.003091 -0.691386 
2459595.934389 -1.091230 
2459596.865687 -0.917232 
2459597.796984 -0.180422 
2459598.728282 0.787611 
2459599.659580 1.660020 
2459600.590878 2.282649 
2459601.522176 2.626314 
2459602.453474 2.710733 
2459603.384771 2.564003 
2459604.316069 2.207655 
2459605.247367 1.653296 
2459606.178665 0.905321 
2459607.109963 -0.028785 
2459608.041261 -1.112421 
2459608.972559 -2.227243 
2459609.903856 -3.114223 
2459610.835154 -3.434800 
2459611.766452 -3.059222 
2459612.697750 -2.234835 
2459613.629048 -1.325010 
2459614.560346 -0.548610 
2459615.491644 0.025260 
2459616.422941 0.397644 
2459617.354239 0.587605 
2459618.285537 0.611101 
2459619.216835 0.475000 
2459620.148133 0.177866 
2459621.079431 -0.283160 
2459622.010729 -0.893471 
2459622.942026 -1.578640 
2459623.873324 -2.140658 
2459624.804622 -2.256799 
2459625.735920 -1.700071 
2459626.667218 -0.613014 
2459627.598516 0.624803 
2459628.529813 1.719061 
2459629.461111 2.545247 
2459630.392409 3.078620 
2459631.323707 3.330146 
2459632.255005 3.317072 
2459633.186303 3.052935 
2459634.117601 2.545779 
2459635.048898 1.801719 
2459635.980196 0.837792 
2459636.911494 -0.285633 
2459637.842792 -1.405386 
2459638.774090 -2.214991 
2459639.705388 -2.399375 
2459640.636686 -1.946235 
2459641.567983 -1.176270 
2459642.499281 -0.420358 
2459643.430579 0.158400 
2459644.361877 0.521931 
2459645.293175 0.681606 
2459646.224473 0.657683 
2459647.155770 0.464544 
2459648.087068 0.107524 
2459649.018366 -0.414410 
2459649.949664 -1.098720 
2459650.880962 -1.914121 
2459651.812260 -2.749084 
2459652.743558 -3.352173 
2459653.674855 -3.386808 
2459654.606153 -2.715209 
2459655.537451 -1.579491 
2459656.468749 -0.350658 
2459657.400047 0.738996 
2459658.331345 1.607137 
2459659.262643 2.241936 
2459660.193940 2.649160 
2459661.125238 2.831234 
2459662.056536 2.782296 
2459662.987834 2.490446 
2459663.919132 1.945970 
2459664.850430 1.160926 
2459665.781727 0.211201 
2459666.713025 -0.699845 
2459667.644323 -1.236275 
2459668.575621 -1.143479 
2459669.506919 -0.529904 
2459670.438217 0.249437 
2459671.369515 0.916458 
2459672.300812 1.361160 
2459673.232110 1.571818 
2459674.163408 1.568853 
2459675.094706 1.374254 
2459676.026004 1.001680 
2459676.957302 0.455483 
2459677.888600 -0.264650 
2459678.819897 -1.150033 
2459679.751195 -2.150358 
2459680.682493 -3.114170 
2459681.613791 -3.745403 
2459682.545089 -3.729967 
2459683.476387 -3.047094 
2459684.407685 -2.014951 
2459685.338982 -0.971594 
2459686.270280 -0.088322 
2459687.201578 0.591112 
2459688.132876 1.073756 
2459689.064174 1.375300 
2459689.995472 1.504306 
2459690.926769 1.458445 
2459691.858067 1.226859 
2459692.789365 0.799915 
2459693.720663 0.194203 
2459694.651961 -0.495974 
2459695.583259 -1.036716 
2459696.514557 -1.101145 
2459697.445854 -0.546565 
2459698.377152 0.393820 
2459699.308450 1.352378 
2459700.239748 2.101720 
2459701.171046 2.571636 
2459702.102344 2.768626 
2459703.033642 2.720230 
2459703.964939 2.451671 
2459704.896237 1.978866 
2459705.827535 1.308829 
2459706.758833 0.446229 
2459707.690131 -0.588491 
2459708.621429 -1.718163 
2459709.552726 -2.744849 
2459710.484024 -3.339164 
2459711.415322 -3.245046 
2459712.346620 -2.566103 
2459713.277918 -1.662825 
2459714.209216 -0.826043 
2459715.140514 -0.176930 
2459716.071811 0.265286 
2459717.003109 0.516175 
2459717.934407 0.594524 
2459718.865705 0.511674 
2459719.797003 0.269792 
2459720.728301 -0.134324 
2459721.659599 -0.696533 
2459722.590896 -1.373850 
2459723.522194 -2.025773 
2459724.453492 -2.368542 
2459725.384790 -2.093918 
2459726.316088 -1.179939 
2459727.247386 0.048703 
2459728.178683 1.236377 
2459729.109981 2.193566 
2459730.041279 2.863606 
2459730.972577 3.246965 
2459731.903875 3.359087 
2459732.835173 3.214410 
2459733.766471 2.822043 
2459734.697768 2.187178 
2459735.629066 1.319445 
2459736.560364 0.255881 
2459737.491662 -0.890162 
2459738.422960 -1.868262 
2459739.354258 -2.332991 
2459740.285556 -2.116893 
2459741.216853 -1.434202 
2459742.148151 -0.649898 
2459743.079449 0.002514 
2459744.010747 0.445497 
2459744.942045 0.678163 
2459745.873343 0.720172 
2459746.804641 0.588483 
2459747.735938 0.291042 
2459748.667236 -0.172062 
2459749.598534 -0.801761 
2459750.529832 -1.582473 
2459751.461130 -2.442638 
2459752.392428 -3.191633 
2459753.323725 -3.505418 
2459754.255023 -3.123634 
2459755.186321 -2.141248 
2459756.117619 -0.920767 
2459757.048917 0.235733 
2459757.980215 1.194597 
2459758.911513 1.924471 
2459759.842810 2.428124 
2459760.774108 2.710633 
2459761.705406 2.769552 
2459762.636704 2.594541 
2459763.568002 2.172523 
2459764.499300 1.501409 
2459765.430598 0.621939 
2459766.361895 -0.323659 
2459767.293193 -1.043669 
2459768.224491 -1.208640 
2459769.155789 -0.762583 
2459770.087087 -0.000385 
2459771.018385 0.740890 
2459771.949682 1.286193 
2459772.880980 1.592523 
2459773.812278 1.672072 
2459774.743576 1.548660 
2459775.674874 1.241010 
2459776.606172 0.758199 
2459777.537470 0.101354 
2459778.468767 -0.727268 
2459779.400065 -1.700453 
2459780.331363 -2.716507 
2459781.262661 -3.536766 
2459782.193959 -3.821178 
2459783.125257 -3.395779 
2459784.056555 -2.467995 
2459784.987852 -1.407440 
2459785.919150 -0.457348 
2459786.850448 0.296912 
2459787.781746 0.849050 
2459788.713044 1.214321 
2459789.644342 1.405040 
2459790.575639 1.423420 
2459791.506937 1.262138 
2459792.438235 0.910745 
2459793.369533 0.372688 
2459794.300831 -0.295840 
2459795.232129 -0.922412 
2459796.163427 -1.198690 
2459797.094724 -0.867694 
2459798.026022 -0.017976 
2459798.957320 0.990841 
2459799.888618 1.858099 
2459800.819916 2.458333 
2459801.751214 2.775925 
2459802.682512 2.833945 
2459803.613809 2.659574 
2459804.545107 2.272447 
2459805.476405 1.682984 
2459806.407703 0.896249 
2459807.339001 -0.076031 
2459808.270299 -1.185733 
2459809.201597 -2.291337 
2459810.132894 -3.107806 
2459811.064192 -3.309369 
2459811.995490 -2.836855 
2459812.926788 -1.987449 
2459813.858086 -1.109741 
2459814.789384 -0.390129 
2459815.720681 0.121435 
2459816.651979 0.433140 
2459817.583277 0.565756 
2459818.514575 0.534937 
2459819.445873 0.346501 
2459820.377171 -0.001875 
2459821.308469 -0.511945 
2459822.239766 -1.162126 
2459823.171064 -1.859467 
2459824.102362 -2.377059 
2459825.033660 -2.383782 
2459825.964958 -1.705575 
2459826.896256 -0.551000 
2459827.827554 0.696546 
2459828.758851 1.774348 
2459829.690149 2.580543 
2459830.621447 3.098134 
2459831.552745 3.338316 
2459832.484043 3.316321 
2459833.415341 3.043495 
2459834.346638 2.526057 
2459835.277936 1.769338 
2459836.209234 0.793123 
2459837.140532 -0.330506 
2459838.071830 -1.413716 
2459839.003128 -2.129822 
2459839.934426 -2.194411 
2459840.865723 -1.666558 
2459841.797021 -0.892364 
2459842.728319 -0.175291 
2459843.659617 0.350168 
2459844.590915 0.658526 
2459845.522213 0.764112 
2459846.453511 0.687185 
2459847.384808 0.441807 
2459848.316106 0.033067 
2459849.247404 -0.539891 
2459850.178702 -1.271965 
2459851.110000 -2.122270 
2459852.041298 -2.957277 
2459852.972596 -3.499018 
2459853.903893 -3.421129 
2459854.835191 -2.654828 
2459855.766489 -1.493374 
2459856.697787 -0.293140 
2459857.629085 0.748465 
2459858.560383 1.571162 
2459859.491680 2.171623 
2459860.422978 2.556023 
2459861.354276 2.722790 
2459862.285574 2.660657 
2459863.216872 2.353963 
2459864.148170 1.793793 
2459865.079468 1.000526 
2459866.010765 0.069367 
2459866.942063 -0.768681 
2459867.873361 -1.171694 
2459868.804659 -0.940994 
2459869.735957 -0.255443 
2459870.667255 0.524131 
2459871.598553 1.154074 
2459872.529850 1.551778 
2459873.461148 1.716926 
2459874.392446 1.671787 
2459875.323744 1.436571 
2459876.255042 1.022886 
2459877.186340 0.434145 
2459878.117637 -0.329230 
2459879.048935 -1.254363 
2459879.980233 -2.278430 
2459880.911531 -3.224902 
2459881.842829 -3.776212 
2459882.774127 -3.646715 
2459883.705425 -2.887769 
2459884.636722 -1.847064 
2459885.568020 -0.838709 
2459886.499318 -0.007211 
2459887.430616 0.615946 
2459888.361914 1.041875 
2459889.293212 1.288004 
2459890.224510 1.363766 
2459891.155807 1.266818 
2459892.087105 0.986599 
2459893.018403 0.517403 
2459893.949701 -0.111542 
2459894.880999 -0.780423 
2459895.812297 -1.226540 
2459896.743594 -1.133260 
2459897.674892 -0.431477 
2459898.606190 0.585419 
2459899.537488 1.557272 
2459900.468786 2.289093 
2459901.400084 2.732861 
2459902.331382 2.904018 
2459903.262679 2.830424 
2459904.193977 2.533617 
2459905.125275 2.026341 
2459906.056573 1.316234 
2459906.987871 0.413333 
2459907.919169 -0.651666 
2459908.850467 -1.784079 
2459909.781764 -2.761321 
2459910.713062 -3.247311 
2459911.644360 -3.036568 
2459912.575658 -2.298868 
2459913.506956 -1.400935 
2459914.438254 -0.605579 
2459915.369552 -0.018193 
2459916.300849 0.343701 
2459917.232147 0.498929 
2459918.163445 0.480253 
2459919.094743 0.320226 
2459920.026041 0.037290 
2459920.957339 -0.371183 
2459921.888636 -0.915296 
2459922.819934 -1.565558 
2459923.751232 -2.174603 
2459924.682530 -2.437391 
2459925.613828 -2.058877 
2459926.545126 -1.073292 
2459927.476424 0.170670 
2459928.407721 1.337945 
2459929.339019 2.260290 
2459930.270317 2.892855 
2459931.201615 3.246506 
2459932.132913 3.345338 
2459933.064211 3.203718 
2459933.995509 2.819832 
2459934.926806 2.185499 
2459935.858104 1.308353 
2459936.789402 0.243461 
2459937.720700 -0.861808 
2459938.651998 -1.730041 
2459939.583296 -2.044078 
2459940.514593 -1.736604 
2459941.445891 -1.096439 
2459942.377189 -0.460495 
2459943.308487 0.025646 
2459944.239785 0.369203 
2459945.171083 0.610729 
2459946.102381 0.750799 
2459947.033678 0.740694 
2459947.964976 0.516142 
2459948.896274 0.040085 
2459949.827572 -0.673789 
2459950.758870 -1.559008 
2459951.690168 -2.487474 
2459952.621466 -3.231111 
2459953.552763 -3.471418 
2459954.484061 -3.015345 
2459955.415359 -2.025907 
2459956.346657 -0.852345 
2459957.277955 0.258992 
2459958.209253 1.203297 
2459959.140550 1.939869 
2459960.071848 2.450803 
2459961.003146 2.737671 
2459961.934444 2.816229 
2459962.865742 2.692234 
2459963.797040 2.336158 
2459964.728338 1.692434 
2459965.659635 0.748671 
2459966.590933 -0.348045 
2459967.522231 -1.224255 
2459968.453529 -1.456348 
2459969.384827 -0.947690 
2459970.316125 0.008539 
2459971.247423 1.029779 
2459972.178720 1.836385 
2459973.110018 2.280164 
2459974.041316 2.338012 
2459974.972614 2.083014 
2459975.903912 1.621108 
2459976.835210 1.021537 
2459977.766508 0.286349 
2459978.697805 -0.619075 
2459979.629103 -1.689251 
2459980.560401 -2.789745 
2459981.491699 -3.608410 
2459982.422997 -3.768792 
2459983.354295 -3.160231 
2459984.285592 -2.081864 
2459985.216890 -0.932180 
2459986.148188 0.069800 
2459987.079486 0.876337 
2459988.010784 1.493477 
2459988.942082 1.894455 
2459989.873380 2.006262 
2459990.804677 1.761792 
2459991.735975 1.171163 
2459992.667273 0.353286 
2459993.598571 -0.497205 
2459994.529869 -1.170114 
2459995.461167 -1.462119 
2459996.392465 -1.189902 
2459997.323762 -0.340882 
2459998.255060 0.782148 
2459999.186358 1.789957 
2460000.117656 2.506182 
2460001.048954 2.952267 
2460001.980252 3.186736 
2460002.911549 3.213392 
2460003.842847 2.993662 
2460004.774145 2.506007 
2460005.705443 1.784136 
2460006.636741 0.904179 
2460007.568039 -0.054441 
2460008.499337 -1.017546 
2460009.430634 -1.856384 
2460010.361932 -2.318804 
2460011.293230 -2.146259 
2460012.224528 -1.381785 
2460013.155826 -0.395795 
2460014.087124 0.427607 
2460015.018422 0.875439 
2460015.949719 0.908615 
2460016.881017 0.627614 
2460017.812315 0.219028 
2460018.743613 -0.133372 
2460019.674911 -0.344647 
2460020.606209 -0.474581 
2460021.537506 -0.685214 
2460022.468804 -1.119879 
2460023.400102 -1.754294 
2460024.331400 -2.302496 
2460025.262698 -2.324867 
2460026.193996 -1.604461 
2460027.125294 -0.373487 
2460028.056591 0.946144 
2460028.987889 2.046499 
2460029.919187 2.801245 
2460030.850485 3.225514 
2460031.781783 3.415269 
2460032.713081 3.479656 
2460033.644379 3.480906 
2460034.575676 3.401840 
2460035.506974 3.152863 
2460036.438272 2.621019 
2460037.369570 1.759880 
2460038.300868 0.701224 
2460039.232166 -0.215234 
2460040.163464 -0.665592 
2460041.094761 -0.642727 
2460042.026059 -0.369241 
2460042.957357 -0.031991 
2460043.888655 0.270225 
2460044.819953 0.468782 
2460045.751251 0.503387 
2460046.682548 0.336619 
2460047.613846 -0.033263 
2460048.545144 -0.577938 
2460049.476442 -1.254987 
2460050.407740 -2.015704 
2460051.339038 -2.787551 
2460052.270336 -3.424667 
2460053.201633 -3.673094 
2460054.132931 -3.299433 
2460055.064229 -2.366611 
2460055.995527 -1.204294 
2460056.926825 -0.054804 
2460057.858123 1.071460 
2460058.789421 2.261799 
2460059.720718 3.519308 
2460060.652016 4.673084 
2460061.583314 5.424449 
2460062.514612 5.498477 
2460063.445910 4.805528 
2460064.377208 3.506948 
2460065.308505 1.946376 
2460066.239803 0.512808 
2460067.171101 -0.459564 
2460068.102399 -0.773549 
2460069.033697 -0.531936 
2460069.964995 -0.131483 
2460070.896293 0.099706 
2460071.827590 0.129468 
2460072.758888 0.094772 
2460073.690186 0.098351 
2460074.621484 0.128956 
2460075.552782 0.108494 
2460076.484080 -0.027064 
2460077.415378 -0.300449 
2460078.346675 -0.729876 
2460079.277973 -1.359433 
2460080.209271 -2.199192 
2460081.140569 -3.072982 
2460082.071867 -3.536511 
2460083.003165 -3.121520 
2460083.934462 -1.761135 
2460084.865760 0.159919 
2460085.797058 2.066444 
2460086.728356 3.413075 
2460087.659654 3.876559 
2460088.590952 3.502616 
2460089.522250 2.675828 
2460090.453547 1.881722 
2460091.384845 1.401241 
2460092.316143 1.146756 
2460093.247441 0.759203 
2460094.178739 -0.089973 
2460095.110037 -1.381351 
2460096.041335 -2.637784 
2460096.972632 -3.207407 
2460097.903930 -2.813713 
2460098.835228 -1.737078 
2460099.766526 -0.460113 
2460100.697824 0.665332 
2460101.629122 1.506052 
2460102.560420 2.078945 
2460103.491717 2.418392 
2460104.423015 2.483902 
2460105.354313 2.185648 
2460106.285611 1.503126 
2460107.216909 0.581445 
2460108.148207 -0.295308 
2460109.079504 -0.835622 
2460110.010802 -0.860960 
2460110.942100 -0.378079 
2460111.873398 0.328333 
2460112.804696 0.794036 
2460113.735994 0.795137 
2460114.667292 0.541871 
2460115.598589 0.410472 
2460116.529887 0.573129 
2460117.461185 0.850233 
2460118.392483 0.853171 
2460119.323781 0.276181 
2460120.255079 -0.887424 
2460121.186377 -2.349904 
2460122.117674 -3.720325 
2460123.048972 -4.703537 
2460123.980270 -5.137001 
2460124.911568 -4.898122 
2460125.842866 -3.940903 
2460126.774164 -2.463711 
2460127.705461 -0.815590 
2460128.636759 0.725102 
2460129.568057 1.975758 
2460130.499355 2.820297 
2460131.430653 3.253373 
2460132.361951 3.416013 
2460133.293249 3.522481 
2460134.224546 3.694637 
2460135.155844 3.829021 
2460136.087142 3.625794 
2460137.018440 2.802884 
2460137.949738 1.381858 
2460138.881036 -0.165680 
2460139.812334 -1.149628 
2460140.743631 -1.219343 
2460141.674929 -0.623491 
2460142.606227 0.085345 
2460143.537525 0.417511 
2460144.468823 0.152977 
2460145.400121 -0.601076 
2460146.331419 -1.517544 
2460147.262716 -2.269616 
2460148.194014 -2.723325 
2460149.125312 -2.979719 
2460150.056610 -3.255514 
2460150.987908 -3.697958 
2460151.919206 -4.247943 
2460152.850503 -4.614518 
2460153.781801 -4.420376 
2460154.713099 -3.538776 
2460155.644397 -2.255142 
2460156.575695 -0.940316 
2460157.506993 0.273604 
2460158.438291 1.456485 
2460159.369588 2.671793 
2460160.300886 3.824307 
2460161.232184 4.663721 
2460162.163482 4.926790 
2460163.094780 4.507034 
2460164.026078 3.524081 
2460164.957376 2.246500 
2460165.888673 0.946900 
2460166.819971 -0.172441 
2460167.751269 -0.955692 
2460168.682567 -1.344164 
2460169.613865 -1.488113 
2460170.545163 -1.580464 
2460171.476460 -1.620073 
2460172.407758 -1.488798 
2460173.339056 -1.156309 
2460174.270354 -0.751024 
2460175.201652 -0.472990 
2460176.132950 -0.461806 
2460177.064248 -0.734997 
2460177.995545 -1.229366 
2460178.926843 -1.882596 
2460179.858141 -2.655158 
2460180.789439 -3.441487 
2460181.720737 -3.948220 
2460182.652035 -3.772039 
2460183.583333 -2.757874 
2460184.514630 -1.168596 
2460185.445928 0.553319 
2460186.377226 2.010505 
2460187.308524 2.939298 
2460188.239822 3.264777 
2460189.171120 3.100269 
2460190.102417 2.650421 
2460191.033715 2.064087 
2460191.965013 1.340519 
2460192.896311 0.362795 
2460193.827609 -0.955058 
2460194.758907 -2.494655 
2460195.690205 -3.846252 
2460196.621502 -4.444350 
2460197.552800 -3.985114 
2460198.484098 -2.722094 
2460199.415396 -1.208503 
2460200.346694 0.106762 
2460201.277992 1.023864 
2460202.209290 1.548433 
2460203.140587 1.778075 
2460204.071885 1.791227 
2460205.003183 1.599495 
2460205.934481 1.181172 
2460206.865779 0.552244 
2460207.797077 -0.190715 
2460208.728375 -0.879621 
2460209.659672 -1.300800 
2460210.590970 -1.233778 
2460211.522268 -0.611940 
2460212.453566 0.292312 
2460213.384864 1.057000 
2460214.316162 1.465092 
2460215.247459 1.544136 
2460216.178757 1.389966 
2460217.110055 1.033202 
2460218.041353 0.434974 
2460218.972651 -0.430473 
2460219.903949 -1.498542 
2460220.835247 -2.613421 
2460221.766544 -3.602001 
2460222.697842 -4.348562 
2460223.629140 -4.782586 
2460224.560438 -4.784367 
2460225.491736 -4.193980 
2460226.423034 -3.040599 
2460227.354332 -1.613857 
2460228.285629 -0.210716 
2460229.216927 1.007954 
2460230.148225 1.970620 
2460231.079523 2.653487 
2460232.010821 3.084643 
2460232.942119 3.336097 
2460233.873416 3.473000 
2460234.804714 3.488873 
2460235.736012 3.285057 
2460236.667310 2.732878 
2460237.598608 1.807209 
2460238.529906 0.719397 
2460239.461204 -0.110809 
2460240.392501 -0.381203 
2460241.323799 -0.203454 
2460242.255097 0.075399 
2460243.186395 0.189882 
2460244.117693 0.052356 
2460245.048991 -0.282066 
2460245.980289 -0.687007 
2460246.911586 -1.050769 
2460247.842884 -1.344728 
2460248.774182 -1.636720 
2460249.705480 -2.041672 
2460250.636778 -2.638116 
2460251.568076 -3.387655 
2460252.499373 -4.079547 
2460253.430671 -4.352921 
2460254.361969 -3.920519 
2460255.293267 -2.868615 
2460256.224565 -1.560637 
2460257.155863 -0.281252 
2460258.087161 0.878065 
2460259.018458 1.918761 
2460259.949756 2.825100 
2460260.881054 3.522316 
2460261.812352 3.901235 
2460262.743650 3.874348 
2460263.674948 3.419486 
2460264.606246 2.587567 
2460265.537543 1.490631 
2460266.468841 0.313092 
2460267.400139 -0.654162 
2460268.331437 -1.094363 
2460269.262735 -0.936555 
2460270.194033 -0.431231 
2460271.125331 0.137565 
2460272.056628 0.630978 
2460272.987926 1.001252 
2460273.919224 1.213829 
2460274.850522 1.230904 
2460275.781820 1.029084 
2460276.713118 0.611124 
2460277.644415 -0.002942 
2460278.575713 -0.791199 
2460279.507011 -1.722857 
2460280.438309 -2.705975 
2460281.369607 -3.507653 
2460282.300905 -3.771257 
2460283.232203 -3.284084 
2460284.163500 -2.228315 
2460285.094798 -0.995501 
2460286.026096 0.111854 
2460286.957394 0.945508 
2460287.888692 1.464681 
2460288.819990 1.693272 
2460289.751288 1.685354 
2460290.682585 1.491298 
2460291.613883 1.134184 
2460292.545181 0.610149 
2460293.476479 -0.082189 
2460294.407777 -0.885819 
2460295.339075 -1.615029 
2460296.270372 -1.940365 
2460297.201670 -1.583595 
2460298.132968 -0.628395 
2460299.064266 0.538803 
2460299.995564 1.575719 
2460300.926862 2.327776 
2460301.858160 2.771318 
2460302.789457 2.934411 
2460303.720755 2.850070 
2460304.652053 2.538652 
2460305.583351 2.009472 
2460306.514649 1.271625 
2460307.445947 0.347815 
2460308.377245 -0.703457 
2460309.308542 -1.742949 
2460310.239840 -2.504642 
2460311.171138 -2.684439 
2460312.102436 -2.231183 
2460313.033734 -1.441198 
2460313.965032 -0.657013 
2460314.896329 -0.050323 
2460315.827627 0.345333 
2460316.758925 0.546303 
2460317.690223 0.571855 
2460318.621521 0.433469 
2460319.552819 0.138129 
2460320.484117 -0.307909 
2460321.415414 -0.895627 
2460322.346712 -1.598648 
2460323.278010 -2.330107 
2460324.209308 -2.876917 
2460325.140606 -2.915792 
2460326.071904 -2.261284 
2460327.003202 -1.103586 
2460327.934499 0.179626 
2460328.865797 1.321339 
2460329.797095 2.213243 
2460330.728393 2.832731 
2460331.659691 3.187446 
2460332.590989 3.290534 
2460333.522287 3.149914 
2460334.453584 2.764021 
2460335.384882 2.125757 
2460336.316180 1.241050 
2460337.247478 0.171081 
2460338.178776 -0.901417 
2460339.110074 -1.645742 
2460340.041371 -1.759090 
2460340.972669 -1.277146 
2460341.903967 -0.538991 
2460342.835265 0.144524 
2460343.766563 0.632124 
2460344.697861 0.897940 
2460345.629159 0.960368 
2460346.560456 0.843984 
2460347.491754 0.564206 
2460348.423052 0.123957 
2460349.354350 -0.481509 
2460350.285648 -1.250582 
2460351.216946 -2.145181 
2460352.148244 -3.035548 
2460353.079541 -3.647752 
2460354.010839 -3.651094 
2460354.942137 -2.960077 
2460355.873435 -1.855638 
2460356.804733 -0.694542 
2460357.736031 0.322513 
2460358.667328 1.134181 
2460359.598626 1.737215 
2460360.529924 2.138183 
2460361.461222 2.336664 
2460362.392520 2.323468 
2460363.323818 2.084679 
2460364.255116 1.610355 
2460365.186413 0.914786 
2460366.117711 0.081211 
2460367.049009 -0.674489 
2460367.980307 -1.018739 
2460368.911605 -0.744148 
2460369.842903 -0.015648 
2460370.774201 0.807421 
2460371.705498 1.475379 
2460372.636796 1.900916 
2460373.568094 2.081868 
2460374.499392 2.040691 
2460375.430690 1.799061 
2460376.361988 1.370580 
2460377.293286 0.760512 
2460378.224583 -0.029472 
2460379.155881 -0.986312 
2460380.087179 -2.049083 
2460381.018477 -3.046063 
2460381.949775 -3.663526 
2460382.881073 -3.608617 
2460383.812370 -2.917392 
2460384.743668 -1.932717 
2460385.674966 -0.974455 
2460386.606264 -0.192086 
2460387.537562 0.381927 
2460388.468860 0.760090 
2460389.400158 0.962278 
2460390.331455 1.001010 
2460391.262753 0.877300 
2460392.194051 0.583304 
2460393.125349 0.114129 
2460394.056647 -0.503150 
2460394.987945 -1.153973 
2460395.919243 -1.580718 
2460396.850540 -1.462057 
2460397.781838 -0.711750 
2460398.713136 0.386399 
2460399.644434 1.463004 
2460400.575732 2.306229 
2460401.507030 2.853717 
2460402.438327 3.112648 
2460403.369625 3.109001 
2460404.300923 2.866503 
2460405.232221 2.400466 
2460406.163519 1.718909 
2460407.094817 0.830222 
2460408.026115 -0.236724 
2460408.957412 -1.388528 
2460409.888710 -2.404109 
2460410.820008 -2.945708 
2460411.751306 -2.796631 
2460412.682604 -2.115374 
2460413.613902 -1.268899 
2460414.545200 -0.521391 
2460415.476497 0.027902 
2460416.407795 0.368956 
2460417.339093 0.518809 
2460418.270391 0.494843 
2460419.201689 0.307181 
2460420.132987 -0.041385 
2460421.064284 -0.550857 
2460421.995582 -1.210323 
2460422.926880 -1.963713 
2460423.858178 -2.648518 
2460424.789476 -2.961523 
2460425.720774 -2.612694 
2460426.652072 -1.634033 
2460427.583369 -0.372397 
2460428.514667 0.838466 
2460429.445965 1.833272 
2460430.377263 2.564529 
2460431.308561 3.030613 
2460432.239859 3.239533 
2460433.171157 3.196482 
2460434.102454 2.901368 
2460435.033752 2.351582 
2460435.965050 1.552428 
2460436.896348 0.543951 
2460437.827646 -0.545498 
2460438.758944 -1.442936 
2460439.690242 -1.803607 
2460440.621539 -1.507316 
2460441.552837 -0.808828 
2460442.484135 -0.063789 
2460443.415433 0.520974 
2460444.346731 0.884774 
2460445.278029 1.033853 
2460446.209326 0.990723 
2460447.140624 0.773486 
2460448.071922 0.390054 
2460449.003220 -0.160295 
2460449.934518 -0.878573 
2460450.865816 -1.745263 
2460451.797114 -2.676031 
2460452.728411 -3.458061 
2460453.659709 -3.756566 
2460454.591007 -3.346665 
2460455.522305 -2.376818 
2460456.453603 -1.216295 
2460457.384901 -0.139555 
2460458.316199 0.744256 
2460459.247496 1.416871 
2460460.178794 1.886964 
2460461.110092 2.161707 
2460462.041390 2.238431 
2460462.972688 2.105072 
2460463.903986 1.746262 
2460464.835283 1.158817 
2460465.766581 0.387085 
2460466.697879 -0.415203 
2460467.629177 -0.947290 
2460468.560475 -0.907272 
2460469.491773 -0.302595 
2460470.423071 0.541297 
2460471.354368 1.306128 
2460472.285666 1.843658 
2460473.216964 2.126330 
2460474.148262 2.172407 
2460475.079560 2.007101 
2460476.010858 1.648862 
2460476.942156 1.106587 
2460477.873453 0.382423 
2460478.804751 -0.517947 
2460479.736049 -1.558966 
2460480.667347 -2.621993 
2460481.598645 -3.446715 
2460482.529943 -3.695604 
2460483.461240 -3.244720 
2460484.392538 -2.346367 
2460485.323836 -1.363833 
2460486.255134 -0.514394 
2460487.186432 0.133387 
2460488.117730 0.580300 
2460489.049028 0.844871 
2460489.980325 0.942179 
2460490.911623 0.877489 
2460491.842921 0.646796 
2460492.774219 0.243823 
2460493.705517 -0.320531 
2460494.636815 -0.975006 
2460495.568113 -1.523797 
2460496.499410 -1.647245 
2460497.430708 -1.125230 
2460498.362006 -0.106797 
2460499.293304 1.029894 
2460500.224602 1.998587 
2460501.155900 2.685089 
2460502.087198 3.075227 
2460503.018495 3.189674 
2460503.949793 3.053481 
2460504.881091 2.685469 
2460505.812389 2.096433 
2460506.743687 1.293215 
2460507.674985 0.292311 
2460508.606282 -0.846831 
2460509.537580 -1.961645 
2460510.468878 -2.746841 
2460511.400176 -2.892542 
2460512.331474 -2.395100 
2460513.262772 -1.579826 
2460514.194070 -0.776727 
2460515.125367 -0.147060 
2460516.056665 0.271867 
2460516.987963 0.491330 
2460517.919261 0.531130 
2460518.850559 0.405171 
2460519.781857 0.118403 
2460520.713155 -0.330521 
2460521.644452 -0.939372 
2460522.575750 -1.677065 
2460523.507048 -2.431879 
2460524.438346 -2.952329 
2460525.369644 -2.905139 
2460526.300942 -2.161554 
2460527.232239 -0.972585 
2460528.163537 0.286795 
2460529.094835 1.382160 
2460530.026133 2.228628 
2460530.957431 2.812327 
2460531.888729 3.139015 
2460532.820027 3.214063 
2460533.751324 3.037597 
2460534.682622 2.606057 
2460535.613920 1.919270 
2460536.545218 0.998883 
2460537.476516 -0.070312 
2460538.407814 -1.077403 
2460539.339112 -1.682627 
2460540.270409 -1.634733 
2460541.201707 -1.049184 
2460542.133005 -0.284179 
2460543.064303 0.382096 
2460543.995601 0.839112 
2460544.926899 1.073638 
2460545.858196 1.104265 
2460546.789494 0.951244 
2460547.720792 0.626731 
2460548.652090 0.133876 
2460549.583388 -0.528440 
2460550.514686 -1.351762 
2460551.445984 -2.285109 
2460552.377281 -3.175248 
2460553.308579 -3.724546 
2460554.239877 -3.621461 
2460555.171175 -2.852062 
2460556.102473 -1.738494 
2460557.033771 -0.618301 
2460557.965069 0.337755 
2460558.896366 1.084414 
2460559.827664 1.625431 
2460560.758962 1.972053 
2460561.690260 2.127825 
2460562.621558 2.085470 
2460563.552856 1.830056 
2460564.484154 1.349743 
2460565.415451 0.661935 
2460566.346749 -0.134216 
2460567.278047 -0.796317 
2460568.209345 -0.989120 
2460569.140643 -0.565497 
2460570.071941 0.245894 
2460571.003238 1.085650 
2460571.934536 1.734137 
2460572.865834 2.125242 
2460573.797132 2.266221 
2460574.728430 2.183312 
2460575.659728 1.899392 
2460576.591026 1.427626 
2460577.522323 0.772272 
2460578.453621 -0.064421 
2460579.384919 -1.063663 
2460580.316217 -2.148635 
2460581.247515 -3.120357 
2460582.178813 -3.649224 
2460583.110111 -3.483648 
2460584.041408 -2.733789 
2460584.972706 -1.761761 
2460585.904004 -0.856153 
2460586.835302 -0.136118 
2460587.766600 0.379828 
2460588.697898 0.706895 
2460589.629195 0.862616 
2460590.560493 0.856270 
2460591.491791 0.687336 
2460592.423089 0.349548 
2460593.354387 -0.156107 
2460594.285685 -0.789550 
2460595.216983 -1.412622 
2460596.148280 -1.744215 
2460597.079578 -1.482126 
2460598.010876 -0.613081 
2460598.942174 0.535177 
2460599.873472 1.612346 
2460600.804770 2.438200 
2460601.736068 2.966317 
2460602.667365 3.207187 
2460603.598663 3.185131 
2460604.529961 2.921564 
2460605.461259 2.430266 
2460606.392557 1.718795 
2460607.323855 0.797208 
2460608.255152 -0.298199 
2460609.186450 -1.454887 
2460610.117748 -2.422935 
2460611.049046 -2.859524 
2460611.980344 -2.604381 
2460612.911642 -1.878298 
2460613.842940 -1.047377 
2460614.774237 -0.344232 
2460615.705535 0.153469 
2460616.636833 0.444005 
2460617.568131 0.546523 
2460618.499429 0.478200 
2460619.430727 0.247607 
2460620.362025 -0.144767 
2460621.293322 -0.700099 
2460622.224620 -1.403523 
2460623.155918 -2.183909 
2460624.087216 -2.850326 
2460625.018514 -3.079651 
2460625.949812 -2.617786 
2460626.881110 -1.569307 
2460627.812407 -0.302700 
2460628.743705 0.877213 
2460629.675003 1.834005 
2460630.606301 2.533513 
2460631.537599 2.977019 
2460632.468897 3.170445 
2460633.400194 3.114995 
2460634.331492 2.806832 
2460635.262790 2.241807 
2460636.194088 1.428258 
2460637.125386 0.417588 
2460638.056684 -0.638439 
2460638.987982 -1.441878 
2460639.919279 -1.664173 
2460640.850577 -1.256997 
2460641.781875 -0.521084 
2460642.713173 0.206111 
2460643.644471 0.750792 
2460644.575769 1.070317 
2460645.507067 1.175903 
2460646.438364 1.089255 
2460647.369662 0.826439 
2460648.300960 0.394184 
2460649.232258 -0.207748 
2460650.163556 -0.977314 
2460651.094854 -1.886570 
2460652.026151 -2.832333 
2460652.957449 -3.574283 
2460653.888747 -3.773300 
2460654.820045 -3.261419 
2460655.751343 -2.251829 
2460656.682641 -1.114494 
2460657.613939 -0.091108 
2460658.545236 0.732724 
2460659.476534 1.348460 
2460660.407832 1.767919 
2460661.339130 1.999386 
2460662.270428 2.040615 
2460663.201726 1.879486 
2460664.133024 1.500977 
2460665.064321 0.905586 
2460665.995619 0.150217 
2460666.926917 -0.586900 
2460667.858215 -0.988302 
2460668.789513 -0.789744 
2460669.720811 -0.074609 
2460670.652109 0.805417 
2460671.583406 1.558489 
2460672.514704 2.064633 
2460673.446002 2.310154 
2460674.377300 2.317975 
2460675.308598 2.114095 
2460676.239896 1.716236 
2460677.171193 1.132208 
2460678.102491 0.364010 
2460679.033789 -0.579485 
2460679.965087 -1.651860 
2460680.896385 -2.711374 
2460681.827683 -3.471744 
2460682.758981 -3.608818 
2460683.690278 -3.069140 
2460684.621576 -2.153060 
2460685.552874 -1.207351 
2460686.484172 -0.416023 
2460687.415470 0.171537 
2460688.346768 0.562459 
2460689.278066 0.775568 
2460690.209363 0.824286 
2460691.140661 0.712271 
2460692.071959 0.435162 
2460693.003257 -0.010909 
2460693.934555 -0.606741 
2460694.865853 -1.261881 
2460695.797150 -1.752127 
2460696.728448 -1.751384 
2460697.659746 -1.094761 
2460698.591044 0.002043 
2460699.522342 1.157180 
2460700.453640 2.115614 
2460701.384938 2.785286 
2460702.316235 3.159413 
2460703.247533 3.258648 
2460704.178831 3.105823 
2460705.110129 2.717542 
2460706.041427 2.103265 
2460706.972725 1.270406 
2460707.904023 0.240505 
2460708.835320 -0.912531 
2460709.766618 -1.999346 
2460710.697916 -2.694352 
2460711.629214 -2.720534 
2460712.560512 -2.147792 
2460713.491810 -1.327792 
2460714.423107 -0.563548 
2460715.354405 0.012651 
2460716.285703 0.377089 
2460717.217001 0.544666 
2460718.148299 0.534832 
2460719.079597 0.359955 
2460720.010895 0.023473 
2460720.942192 -0.476347 
2460721.873490 -1.134370 
2460722.804788 -1.909007 
2460723.736086 -2.665588 
2460724.667384 -3.125596 
2460725.598682 -2.966108 
2460726.529980 -2.126796 
2460727.461277 -0.907950 
2460728.392575 0.330838 
2460729.323873 1.388584 
2460730.255171 2.199896 
2460731.186469 2.757239 
2460732.117767 3.066258 
2460733.049065 3.129656 
2460733.980362 2.944193 
2460734.911660 2.503553 
2460735.842958 1.807269 
2460736.774256 0.882696 
2460737.705554 -0.168346 
2460738.636852 -1.107649 
2460739.568149 -1.587987 
2460740.499447 -1.411507 
2460741.430745 -0.761000 
2460742.362043 0.000785 
2460743.293341 0.628499 
2460744.224639 1.036580 
2460745.155937 1.221939 
2460746.087234 1.205306 
2460747.018532 1.006145 
2460747.949830 0.635145 
2460748.881128 0.094394 
2460749.812426 -0.616702 
2460750.743724 -1.484984 
2460751.675022 -2.445742 
2460752.606319 -3.319829 
2460753.537617 -3.789182 
2460754.468915 -3.573706 
2460755.400213 -2.733558 
2460756.331511 -1.619546 
2460757.262809 -0.542685 
2460758.194106 0.356341 
2460759.125404 1.047140 
2460760.056702 1.538196 
2460760.988000 1.841413 
2460761.919298 1.959792 
2460762.850596 1.885421 
2460763.781894 1.603475 
2460764.713191 1.104785 
2460765.644489 0.416003 
2460766.575787 -0.342960 
2460767.507085 -0.904765 
2460768.438383 -0.945291 
2460769.369681 -0.387485 
2460770.300979 0.486317 
2460771.232276 1.328573 
2460772.163574 1.951878 
2460773.094872 2.309477 
2460774.026170 2.415466 
2460774.957468 2.297161 
2460775.888766 1.976616 
2460776.820063 1.465881 
2460777.751361 0.768762 
2460778.682659 -0.110782 
2460779.613957 -1.146816 
2460780.545255 -2.244687 
2460781.476553 -3.177436 
2460782.407851 -3.606193 
2460783.339148 -3.330911 
2460784.270446 -2.530491 
2460785.201744 -1.574146 
2460786.133042 -0.718395 
2460787.064340 -0.057300 
2460787.995638 0.400877 
2460788.926936 0.673537 
2460789.858233 0.777500 
2460790.789531 0.720760 
2460791.720829 0.502053 
2460792.652127 0.116117 
2460793.583425 -0.430794 
2460794.514723 -1.084331 
2460795.446021 -1.679811 
2460796.377318 -1.914104 
2460797.308616 -1.513951 
2460798.239914 -0.540337 
2460799.171212 0.647143 
2460800.102510 1.722163 
2460801.033808 2.532726 
2460801.965105 3.045086 
2460802.896403 3.271939 
2460803.827701 3.235833 
2460804.758999 2.955645 
2460805.690297 2.443183 
2460806.621595 1.705539 
2460807.552893 0.755608 
2460808.484190 -0.360272 
2460809.415488 -1.507410 
2460810.346786 -2.408384 
2460811.278084 -2.727149 
2460812.209382 -2.370073 
2460813.140680 -1.611694 
2460814.071978 -0.806579 
2460815.003275 -0.154312 
2460815.934573 0.287481 
2460816.865871 0.524017 
2460817.797169 0.575229 
2460818.728467 0.457016 
2460819.659765 0.176357 
2460820.591062 -0.267163 
2460821.522360 -0.873420 
2460822.453658 -1.620801 
2460823.384956 -2.420723 
2460824.316254 -3.054120 
2460825.247552 -3.186744 
2460826.178850 -2.613467 
2460827.110147 -1.507839 
2460828.041445 -0.246686 
2460828.972743 0.897765 
2460829.904041 1.815392 
2460830.835339 2.483004 
2460831.766637 2.903996 
2460832.697935 3.082647 
2460833.629232 3.017152 
2460834.560530 2.700558 
2460835.491828 2.126969 
2460836.423126 1.307118 
2460837.354424 0.303918 
2460838.285722 -0.706530 
2460839.217019 -1.404696 
2460840.148317 -1.489293 
2460841.079615 -0.985786 
2460842.010913 -0.227905 
2460842.942211 0.471701 
2460843.873509 0.970131 
2460844.804807 1.240305 
2460845.736104 1.298097 
2460846.667402 1.165292 
2460847.598700 0.856632 
2460848.529998 0.377491 
2460849.461296 -0.272737 
2460850.392594 -1.089500 
2460851.323892 -2.035509 
2460852.255189 -2.986320 
2460853.186487 -3.674347 
2460854.117785 -3.765760 
2460855.049083 -3.158266 
2460855.980381 -2.120773 
2460856.911679 -1.013316 
2460857.842977 -0.044209 
2460858.774274 0.721953 
2460859.705572 1.284510 
2460860.636870 1.657001 
2460861.568168 1.847392 
2460862.499466 1.852749 
2460863.430764 1.660733 
2460864.362061 1.257819 
2460865.293359 0.650677 
2460866.224657 -0.087827 
2460867.155955 -0.753266 
2460868.087253 -1.018104 
2460869.018551 -0.667794 
2460869.949849 0.141713 
2460870.881146 1.045858 
2460871.812444 1.783151 
2460872.743742 2.259256 
2460873.675040 2.471440 
2460874.606338 2.445321 
2460875.537636 2.206533 
2460876.468934 1.771675 
2460877.400231 1.147729 
2460878.331529 0.337279 
2460879.262827 -0.646409 
2460880.194125 -1.744049 
2460881.125423 -2.788746 
2460882.056721 -3.471310 
2460882.988018 -3.492612 
2460883.919316 -2.872950 
2460884.850614 -1.948336 
2460885.781912 -1.042270 
2460886.713210 -0.307954 
2460887.644508 0.220891 
2460888.575806 0.556043 
2460889.507103 0.716390 
2460890.438401 0.714112 
2460891.369699 0.551744 
2460892.300997 0.224955 
2460893.232295 -0.267104 
2460894.163593 -0.895368 
2460895.094891 -1.547612 
2460896.026188 -1.971264 
2460896.957486 -1.842998 
2460897.888784 -1.062014 
2460898.820082 0.098101 
2460899.751380 1.262575 
2460900.682678 2.207947 
2460901.613975 2.861269 
2460902.545273 3.221254 
2460903.476571 3.307733 
2460904.407869 3.140921 
2460905.339167 2.734939 
2460906.270465 2.097886 
2460907.201763 1.238239 
2460908.133060 0.183960 
2460909.064358 -0.974213 
2460909.995656 -2.018941 
2460910.926954 -2.610935 
2460911.858252 -2.518449 
2460912.789550 -1.882593 
2460913.720848 -1.068405 
2460914.652145 -0.347902 
2460915.583443 0.173289 
2460916.514741 0.482865 
2460917.446039 0.598335 
2460918.377337 0.538404 
2460919.308635 0.313840 
2460920.239933 -0.073229 
2460921.171230 -0.624395 
2460922.102528 -1.330557 
2460923.033826 -2.137709 
2460923.965124 -2.886282 
2460924.896422 -3.273890 
2460925.827720 -3.000009 
2460926.759017 -2.077017 
2460927.690315 -0.842268 
2460928.621613 0.367726 
2460929.552911 1.384004 
2460930.484209 2.157955 
2460931.415507 2.687126 
2460932.346805 2.976860 
2460933.278102 3.027435 
2460934.209400 2.832553 
2460935.140698 2.383414 
2460936.071996 1.679734 
2460937.003294 0.755807 
2460937.934592 -0.267459 
2460938.865890 -1.125035 
2460939.797187 -1.471697 
2460940.728485 -1.172525 
2460941.659783 -0.469368 
2460942.591081 0.281656 
2460943.522379 0.868762 
2460944.453677 1.228383 
2460945.384974 1.365651 
2460946.316272 1.302737 
2460947.247570 1.058155 
2460948.178868 0.641155 
2460949.110166 0.052906 
2460950.041464 -0.706183 
2460950.972762 -1.617040 
2460951.904059 -2.598961 
2460952.835357 -3.445478 
2460953.766655 -3.824046 
2460954.697953 -3.498171 
2460955.629251 -2.600168 
2460956.560549 -1.496514 
2460957.491847 -0.467630 
2460958.423144 0.373249 
2460959.354442 1.008055 
2460960.285740 1.448752 
2460961.217038 1.707415 
2460962.148336 1.786380 
2460963.079634 1.677271 
2460964.010932 1.365949 
2460964.942229 0.847172 
2460965.873527 0.159131 
2460966.804825 -0.554996 
2460967.736123 -1.005362 
2460968.667421 -0.890628 
2460969.598719 -0.208673 
2460970.530016 0.716284 
2460971.461314 1.556367 
2460972.392612 2.154848 
2460973.323910 2.481268 
2460974.255208 2.554861 
2460975.186506 2.403358 
2460976.117804 2.047814 
2460977.049101 1.499235 
2460977.980399 0.761266 
2460978.911697 -0.159693 
2460979.842995 -1.228963 
2460980.774293 -2.331638 
2460981.705591 -3.212812 
2460982.636889 -3.533422 
2460983.568186 -3.154854 
2460984.499484 -2.316999 
2460985.430782 -1.384713 
2460986.362080 -0.581462 
2460987.293378 0.020767 
2460988.224676 0.421910 
2460989.155973 0.640720 
2460990.087271 0.693045 
2460991.018569 0.585553 
2460991.949867 0.316343 
2460992.881165 -0.118428 
2460993.812463 -0.706103 
2460994.743761 -1.375884 
2460995.675058 -1.935025 
2460996.606356 -2.063894 
2460997.537654 -1.530181 
2460998.468952 -0.467550 
2460999.400250 0.745910 
2461000.331548 1.812554 
2461001.262846 2.606271 
2461002.194143 3.103525 
2461003.125441 3.317962 
2461004.056739 3.269776 
2461004.988037 2.974996 
2461005.919335 2.443336 
2461006.850633 1.681598 
2461007.781930 0.706318 
2461008.713228 -0.424278 
2461009.644526 -1.551124 
2461010.575824 -2.371648 
2461011.507122 -2.568094 
2461012.438420 -2.118795 
2461013.369718 -1.340294 
2461014.301015 -0.567207 
2461015.232313 0.032798 
2461016.163611 0.419267 
2461017.094909 0.602773 
2461018.026207 0.603445 
2461018.957505 0.435755 
2461019.888803 0.105138 
2461020.820100 -0.389465 
2461021.751398 -1.045959 
2461022.682696 -1.834479 
2461023.613994 -2.646651 
2461024.545292 -3.235230 
2461025.476590 -3.263731 
2461026.407888 -2.586348 
2461027.339185 -1.438448 
2461028.270483 -0.193518 
2461029.201781 0.910133 
2461030.133079 1.785816 
2461031.064377 2.419420 
2461031.995675 2.815856 
2461032.926972 2.977820 
2461033.858270 2.900766 
2461034.789568 2.574976 
2461035.720866 1.993320 
2461036.652164 1.169995 
2461037.583462 0.181411 
2461038.514760 -0.770633 
2461039.446057 -1.350533 
2461040.377355 -1.296700 
2461041.308653 -0.707812 
2461042.239951 0.062419 
2461043.171249 0.730927 
2461044.102547 1.183282 
2461045.033845 1.405438 
2461045.965142 1.416776 
2461046.896440 1.238802 
2461047.827738 0.884898 
2461048.759036 0.359208 
2461049.690334 -0.338886 
2461050.621632 -1.201426 
2461051.552929 -2.179907 
2461052.484227 -3.126345 
2461053.415525 -3.747960 
2461054.346823 -3.727565 
2461055.278121 -3.034467 
2461056.209419 -1.981920 
2461057.140717 -0.911342 
2461058.072014 0.001291 
2461059.003312 0.709404 
2461059.934610 1.218512 
2461060.865908 1.543184 
2461061.797206 1.690867 
2461062.728504 1.658002 
2461063.659802 1.432376 
2461064.591099 1.002816 
2461065.522397 0.383943 
2461066.453695 -0.332723 
2461067.384993 -0.915999 
2461068.316291 -1.036600 
2461069.247589 -0.540239 
2461070.178886 0.351126 
2461071.110184 1.271813 
2461072.041482 1.992038 
2461072.972780 2.439933 
2461073.904078 2.621418 
2461074.835376 2.563801 
2461075.766674 2.292017 
2461076.697971 1.821520 
2461077.629269 1.158644 
2461078.560567 0.307064 
2461079.491865 -0.714367 
2461080.423163 -1.831285 
2461081.354461 -2.849908 
2461082.285759 -3.443085 
2461083.217056 -3.348965 
2461084.148354 -2.661542 
2461085.079652 -1.739429 
2461086.010950 -0.877694 
2461086.942248 -0.201089 
2461087.873546 0.269704 
2461088.804844 0.549848 
2461089.736141 0.657838 
2461090.667439 0.604493 
2461091.598737 0.391267 
2461092.530035 0.014122 
2461093.461333 -0.523978 
2461094.392631 -1.182330 
2461095.323928 -1.824659 
2461096.255226 -2.171799 
2461097.186524 -1.914216 
2461098.117822 -1.021444 
2461099.049120 0.186396 
2461099.980418 1.350989 
2461100.911716 2.279912 
2461101.843013 2.916539 
2461102.774311 3.263412 
2461103.705609 3.338785 
2461104.636907 3.159876 
2461105.568205 2.738126 
2461106.499503 2.080282 
2461107.430801 1.196360 
2461108.362098 0.122098 
2461109.293396 -1.032607 
2461110.224694 -2.021987 
2461111.155992 -2.501202 
2461112.087290 -2.294633 
2461113.018588 -1.608465 
2461113.949885 -0.808911 
2461114.881183 -0.135067 
2461115.812481 0.331205 
2461116.743779 0.586870 
2461117.675077 0.651145 
2461118.606375 0.541717 
2461119.537673 0.267738 
2461120.468970 -0.169819 
2461121.400268 -0.771958 
2461122.331566 -1.524511 
2461123.262864 -2.358949 
2461124.194162 -3.089070 
2461125.125460 -3.393335 
2461126.056758 -3.005985 
2461126.988055 -2.012774 
2461127.919353 -0.775164 
2461128.850651 0.398917 
2461129.781949 1.370323 
2461130.713247 2.104699 
2461131.644545 2.603605 
2461132.575842 2.871920 
2461133.507140 2.907719 
2461134.438438 2.701988 
2461135.369736 2.243913 
2461136.301034 1.534228 
2461137.232332 0.615830 
2461138.163630 -0.369177 
2461139.094927 -1.130744 
2461140.026225 -1.336781 
2461140.957523 -0.922431 
2461141.888821 -0.177958 
2461142.820119 0.556525 
2461143.751417 1.102204 
2461144.682715 1.414561 
2461145.614012 1.505259 
2461146.545310 1.397289 
2461147.476608 1.108078 
2461148.407906 0.645505 
2461149.339204 0.010072 
2461150.270502 -0.796175 
2461151.201800 -1.746802 
2461152.133097 -2.742742 
2461153.064395 -3.549581 
2461153.995693 -3.828144 
2461154.926991 -3.396696 
2461155.858289 -2.454214 
2461156.789587 -1.370534 
2461157.720884 -0.393343 
2461158.652182 0.388618 
2461159.583480 0.967312 
2461160.514778 1.357170 
2461161.446076 1.570080 
2461162.377374 1.607673 
2461163.308672 1.461303 
2461164.239969 1.118088 
2461165.171267 0.578030 
2461166.102565 -0.106739 
2461167.033863 -0.767608 
2461167.965161 -1.096312 
2461168.896459 -0.826428 
2461169.827757 -0.032027 
2461170.759054 0.933589 
2461171.690352 1.767881 
2461172.621650 2.342425 
2461173.552948 2.640157 
2461174.484246 2.683976 
2461175.415544 2.501474 
2461176.346841 2.112572 
2461177.278139 1.527315 
2461178.209437 0.749525 
2461179.140735 -0.211106 
2461180.072033 -1.309355 
2461181.003331 -2.407676 
2461181.934629 -3.224504 
2461182.865926 -3.431237 
2461183.797224 -2.958149 
2461184.728522 -2.095735 
2461185.659820 -1.194736 
2461186.591118 -0.445938 
2461187.522416 0.097759 
2461188.453714 0.442706 
2461189.385011 0.608298 
2461190.316309 0.609189 
2461191.247607 0.450701 
2461192.178905 0.130446 
2461193.110203 -0.353467 
2461194.041501 -0.980662 
2461194.972798 -1.661587 
2461195.904096 -2.174678 
2461196.835394 -2.191262 
2461197.766692 -1.531227 
2461198.697990 -0.395760 
2461199.629288 0.831363 
2461200.560586 1.883980 
2461201.491883 2.659250 
2461202.423181 3.141698 
2461203.354479 3.344919 
2461204.285777 3.286289 
2461205.217075 2.978734 
2461206.148373 2.429777 
2461207.079671 1.646155 
2461208.010968 0.648959 
2461208.942266 -0.489695 
2461209.873564 -1.584472 
2461210.804862 -2.311671 
2461211.736160 -2.384020 
2461212.667458 -1.853665 
2461213.598756 -1.066275 
2461214.530053 -0.330215 
2461215.461351 0.216775 
2461216.392649 0.548718 
2461217.323947 0.680208 
2461218.255245 0.631106 
2461219.186543 0.414361 
2461220.117840 0.033950 
2461221.049138 -0.511536 
2461221.980436 -1.217249 
2461222.911734 -2.043375 
2461223.843032 -2.859420 
2461224.774330 -3.391098 
2461225.705628 -3.310185 
2461226.636925 -2.538225 
2461227.568223 -1.362507 
2461228.499521 -0.143146 
2461229.430819 0.915300 
2461230.362117 1.746643 
2461231.293415 2.344182 
2461232.224713 2.713874 
2461233.156010 2.856928 
2461234.087308 2.766381 
2461235.018606 2.430186 
2461235.949904 1.840669 
2461236.881202 1.016810 
2461237.812500 0.050691 
2461238.743797 -0.829503 
2461239.675095 -1.279521 
2461240.606393 -1.089263 
2461241.537691 -0.426445 
2461242.468989 0.347824 
2461243.400287 0.982857 
2461244.331585 1.389879 
2461245.262882 1.565595 
2461246.194180 1.531915 
2461247.125478 1.309783 
2461248.056776 0.911225 
2461248.988074 0.339317 
2461249.919372 -0.406123 
2461250.850670 -1.312674 
2461251.781967 -2.318545 
2461252.713265 -3.250202 
2461253.644563 -3.793386 
2461254.575861 -3.659712 
2461255.507159 -2.892614 
2461256.438457 -1.837008 
2461257.369755 -0.809106 
2461258.301052 0.045513 
2461259.232350 0.695468 
2461260.163648 1.150977 
2461261.094946 1.427079 
2461262.026244 1.530542 
2461262.957542 1.457255 
2461263.888839 1.195492 
2461264.820137 0.737358 
2461265.751435 0.107356 
2461266.682733 -0.581663 
2461267.614031 -1.072321 
2461268.545329 -1.043539 
2461269.476627 -0.409612 
2461270.407924 0.550983 
2461271.339222 1.481666 
2461272.270520 2.184204 
2461273.201818 2.605957 
2461274.133116 2.759447 
2461275.064414 2.672799 
2461275.995712 2.369967 
2461276.927009 1.865248 
2461277.858307 1.164534 
2461278.789605 0.273186 
2461279.720903 -0.782995 
2461280.652201 -1.912214 
2461281.583499 -2.892708 
2461282.514796 -3.386193 
2461283.446094 -3.179840 
2461284.377392 -2.437619 
2461285.308690 -1.527930 
2461286.239988 -0.714249 
2461287.171286 -0.095646 
2461288.102584 0.317875 
2461289.033881 0.543797 
2461289.965179 0.599858 
2461290.896477 0.495433 
2461291.827775 0.230969 
2461292.759073 -0.196940 
2461293.690371 -0.780576 
2461294.621669 -1.465646 
2461295.552966 -2.089803 
2461296.484264 -2.350701 
2461297.415562 -1.964582 
2461298.346860 -0.974284 
2461299.278158 0.266342 
2461300.209456 1.422733 
2461301.140753 2.332043 
2461302.072051 2.951384 
2461303.003349 3.285770 
2461303.934647 3.351299 
2461304.865945 3.161898 
2461305.797243 2.726161 
2461306.728541 2.049535 
2461307.659838 1.144129 
2461308.591136 0.054987 
2461309.522434 -1.086524 
2461310.453732 -2.006864 
2461311.385030 -2.365542 
2461312.316328 -2.051888 
2461313.247626 -1.328035 
2461314.178923 -0.550637 
2461315.110221 0.074481 
2461316.041519 0.486257 
2461316.972817 0.689042 
2461317.904115 0.703023 
2461318.835413 0.544669 
2461319.766711 0.221534 
2461320.698008 -0.266371 
2461321.629306 -0.918925 
2461322.560604 -1.715614 
2461323.491902 -2.571122 
2461324.423200 -3.271471 
2461325.354498 -3.482554 
2461326.285795 -2.985365 
2461327.217093 -1.936034 
2461328.148391 -0.707291 
2461329.079689 0.424965 
2461330.010987 1.348704 
2461330.942285 2.041505 
2461331.873583 2.508034 
2461332.804880 2.752612 
2461333.736178 2.771359 
2461334.667476 2.552959 
2461335.598774 2.085174 
2461336.530072 1.370808 
2461337.461370 0.463276 
2461338.392668 -0.472189 
2461339.323965 -1.123876 
2461340.255263 -1.185003 
2461341.186561 -0.664706 
2461342.117859 0.110573 
2461343.049157 0.824034 
2461343.980455 1.328197 
2461344.911752 1.594777 
2461345.843050 1.640521 
2461346.774348 1.488741 
2461347.705646 1.155691 
2461348.636944 0.647976 
2461349.568242 -0.034259 
2461350.499540 -0.886580 
2461351.430837 -1.873548 
2461352.362135 -2.875331 
2461353.293433 -3.629981 
2461354.224731 -3.801319 
2461355.156029 -3.271643 
2461356.087327 -2.297999 
2461357.018625 -1.242620 
2461357.949922 -0.319938 
2461358.881220 0.402742 
2461359.812518 0.925399 
2461360.743816 1.264072 
2461361.675114 1.430173 
2461362.606412 1.424598 
2461363.537709 1.238630 
2461364.469007 0.861263 
2461365.400305 0.299189 
2461366.331603 -0.378988 
2461367.262901 -0.977616 
2461368.194199 -1.175926 
2461369.125497 -0.754272 
2461370.056794 0.139579 
2461370.988092 1.136139 
2461371.919390 1.961845 
2461372.850688 2.513690 
2461373.781986 2.785332 
2461374.713284 2.802038 
2461375.644582 2.590778 
2461376.575879 2.170220 
2461377.507177 1.549546 
2461378.438475 0.733149 
2461379.369773 -0.265000 
2461380.301071 -1.387140 
2461381.232369 -2.470880 
2461382.163667 -3.210792 
2461383.094964 -3.300515 
2461384.026262 -2.743520 
2461384.957560 -1.868746 
2461385.888858 -1.005063 
2461386.820156 -0.312031 
2461387.751454 0.173678 
2461388.682751 0.463301 
2461389.614049 0.576299 
2461390.545347 0.525965 
2461391.476645 0.316289 
2461392.407943 -0.055392 
2461393.339241 -0.588385 
2461394.270539 -1.253070 
2461395.201836 -1.938816 
2461396.133134 -2.395492 
2461397.064432 -2.294697 
2461397.995730 -1.518072 
2461398.927028 -0.326021 
2461399.858326 0.903525 
2461400.789624 1.937018 
2461401.720921 2.692169 
2461402.652219 3.159748 
2461403.583517 3.352528 
2461404.514815 3.284728 
2461405.446113 2.965978 
2461406.377411 2.401547 
2461407.308708 1.598396 
2461408.240006 0.583228 
2461409.171304 -0.555819 
2461410.102602 -1.605778 
2461411.033900 -2.227697 
2461411.965198 -2.176931 
2461412.896496 -1.577600 
2461413.827793 -0.791425 
2461414.759091 -0.096299 
2461415.690389 0.397423 
2461416.621687 0.675781 
2461417.552985 0.756268 
2461418.484283 0.658115 
2461419.415581 0.392698 
2461420.346878 -0.037349 
2461421.278176 -0.633418 
2461422.209474 -1.386991 
2461423.140772 -2.246400 
2461424.072070 -3.056854 
2461425.003368 -3.519624 
2461425.934665 -3.326459 
2461426.865963 -2.471246 
2461427.797261 -1.281366 
2461428.728559 -0.095517 
2461429.659857 0.914170 
2461430.591155 1.699148 
2461431.522453 2.258668 
2461432.453750 2.599354 
2461433.385048 2.721056 
2461434.316346 2.614751 
2461435.247644 2.266591 
2461436.178942 1.669214 
2461437.110240 0.847964 
2461438.041538 -0.087125 
2461438.972835 -0.881707 
2461439.904133 -1.192160 
2461440.835431 -0.870110 
2461441.766729 -0.144880 
2461442.698027 0.626445 
2461443.629325 1.226594 
2461444.560623 1.589459 
2461445.491920 1.720467 
2461446.423218 1.643250 
2461447.354516 1.377980 
2461448.285814 0.935357 
2461449.217112 0.317604 
2461450.148410 -0.474504 
2461451.079707 -1.422851 
2461452.011005 -2.450124 
2461452.942303 -3.355696 
2461453.873601 -3.809366 
2461454.804899 -3.563778 
2461455.736197 -2.735343 
2461456.667495 -1.687596 
2461457.598792 -0.707041 
2461458.530090 0.088592 
2461459.461388 0.680524 
2461460.392686 1.082426 
2461461.323984 1.309339 
2461462.255282 1.367224 
2461463.186580 1.251499 
2461464.117877 0.951309 
2461465.049175 0.463059 
2461465.980473 -0.176772 
2461466.911771 -0.831480 
2461467.843069 -1.219463 
2461468.774367 -1.039064 
2461469.705664 -0.278500 
2461470.636962 0.738877 
2461471.568260 1.673934 
2461472.499558 2.358656 
2461473.430856 2.756485 
2461474.362154 2.884717 
2461475.293452 2.771532 
2461476.224749 2.439646 
2461477.156047 1.902199 
2461478.087345 1.164883 
2461479.018643 0.235427 
2461479.949941 -0.851864 
2461480.881239 -1.985338 
2461481.812537 -2.915057 
2461482.743834 -3.300287 
2461483.675132 -2.987551 
2461484.606430 -2.203699 
2461485.537728 -1.315128 
2461486.469026 -0.552337 
2461487.400324 0.008324 
2461488.331621 0.365432 
2461489.262919 0.537912 
2461490.194217 0.542461 
2461491.125515 0.386964 
2461492.056813 0.070977 
2461492.988111 -0.407848 
2461493.919409 -1.035940 
2461494.850706 -1.743285 
2461495.782004 -2.339897 
2461496.713302 -2.505486 
2461497.644600 -1.994300 
2461498.575898 -0.921844 
2461499.507196 0.337579 
2461500.438494 1.478338 
2461501.369791 2.365050 
2461502.301089 2.966247 
2461503.232387 3.288342 
2461504.163685 3.344867 
2461505.094983 3.146250 
2461506.026281 2.698121 
2461506.957579 2.004736 
2461507.888876 1.080959 
2461508.820174 -0.017164 
2461509.751472 -1.134616 
2461510.682770 -1.972135 
2461511.614068 -2.204874 
2461512.545366 -1.793145 
2461513.476663 -1.043664 
2461514.407961 -0.294668 
2461515.339259 0.280391 
2461516.270557 0.638350 
2461517.201855 0.789329 
2461518.133153 0.753889 
2461519.064451 0.547134 
2461519.995748 0.175075 
2461520.927046 -0.362997 
2461521.858344 -1.065191 
2461522.789642 -1.903177 
2461523.720940 -2.772496 
2461524.652238 -3.431094 
2461525.583536 -3.540753 
2461526.514833 -2.939950 
2461527.446131 -1.848739 
2461528.377429 -0.639192 
2461529.308727 0.446433 
2461530.240025 1.320257 
2461531.171323 1.969702 
2461532.102620 2.401772 
2461533.033918 2.620174 
2461533.965216 2.619345 
2461534.896514 2.386130 
2461535.827812 1.907580 
2461536.759110 1.189850 
2461537.690408 0.299027 
2461538.621705 -0.574948 
2461539.553003 -1.103814 
2461540.484301 -1.018627 
2461541.415599 -0.402855 
2461542.346897 0.393772 
2461543.278195 1.082928 
2461544.209493 1.546109 
2461545.140790 1.768645 
2461546.072088 1.771133 
2461547.003386 1.576811 
2461547.934684 1.200718 
2461548.865982 0.648316 
2461549.797280 -0.080243 
2461550.728578 -0.977245 
2461551.659875 -1.996410 
2461552.591173 -2.994808 
2461553.522471 -3.684703 
2461554.453769 -3.743988 
2461555.385067 -3.125591 
2461556.316365 -2.133638 
2461557.247662 -1.113618 
2461558.178960 -0.247487 
2461559.110258 0.415883 
2461560.041556 0.882732 
2461560.972854 1.169995 
2461561.904152 1.288369 
2461562.835450 1.237999 
2461563.766747 1.010317 
2461564.698045 0.596875 
2461565.629343 0.012640 
2461566.560641 -0.654714 
2461567.491939 -1.181698 
2461568.423237 -1.242826 
2461569.354535 -0.675943 
2461570.285832 0.303561 
2461571.217130 1.322193 
2461572.148428 2.137179 
2461573.079726 2.667785 
2461574.011024 2.915964 
2461574.942322 2.908226 
2461575.873619 2.670476 
2461576.804917 2.220025 
2461577.736215 1.565305 
2461578.667513 0.711735 
2461579.598811 -0.321295 
2461580.530109 -1.461311 
2461581.461407 -2.519236 
2461582.392704 -3.170311 
2461583.324002 -3.142668 
2461584.255300 -2.513725 
2461585.186598 -1.637842 
2461586.117896 -0.816383 
2461587.049194 -0.179891 
2461587.980492 0.248534 
2461588.911789 0.483717 
2461589.843087 0.544724 
2461590.774385 0.443370 
2461591.705683 0.182363 
2461592.636981 -0.240964 
2461593.568279 -0.822562 
2461594.499576 -1.521854 
2461595.430874 -2.204863 
2461596.362172 -2.594441 
2461597.293470 -2.373324 
2461598.224768 -1.491956 
2461599.156066 -0.259165 
2461600.087364 0.962706 
2461601.018661 1.972477 
2461601.949959 2.705740 
2461602.881257 3.158004 
2461603.812555 3.340663 
2461604.743853 3.264566 
2461605.675151 2.935916 
2461606.606449 2.357724 
2461607.537746 1.537547 
2461608.469044 0.508917 
2461609.400342 -0.621792 
2461610.331640 -1.613400 
2461611.262938 -2.119503 
2461612.194236 -1.949281 
2461613.125534 -1.293442 
2461614.056831 -0.517327 
2461614.988129 0.133950 
2461615.919427 0.574571 
2461616.850725 0.800395 
2461617.782023 0.830883 
2461618.713321 0.684358 
2461619.644618 0.370614 
2461620.575916 -0.108905 
2461621.507214 -0.755134 
2461622.438512 -1.554803 
2461623.369810 -2.442299 
2461624.301108 -3.236683 
2461625.232406 -3.619072 
2461626.163703 -3.313503 
2461627.095001 -2.387677 
2461628.026299 -1.196226 
2461628.957597 -0.050509 
2461629.888895 0.907616 
2461630.820193 1.644546 
2461631.751491 2.164220 
2461632.682788 2.473616 
2461633.614086 2.571370 
2461634.545384 2.446778 
2461635.476682 2.084800 
2461636.407980 1.479416 
2461637.339278 0.664184 
2461638.270575 -0.230607 
2461639.201873 -0.925879 
2461640.133171 -1.089486 
2461641.064469 -0.642622 
2461641.995767 0.133848 
2461642.927065 0.896567 
2461643.858363 1.461279 
2461644.789660 1.781532 
2461645.720958 1.869697 
2461646.652256 1.750470 
2461647.583554 1.443094 
2461648.514852 0.957014 
2461649.446150 0.293846 
2461650.377448 -0.544047 
2461651.308745 -1.531447 
2461652.240043 -2.573149 
2461653.171341 -3.440611 
2461654.102639 -3.795115 
2461655.033937 -3.441769 
2461655.965235 -2.565206 
2461656.896532 -1.535032 
2461657.827830 -0.605487 
2461658.759128 0.130658 
2461659.690426 0.664895 
2461660.621724 1.013295 
2461661.553022 1.190518 
2461662.484320 1.201617 
2461663.415617 1.041636 
2461664.346915 0.701021 
2461665.278213 0.181607 
2461666.209511 -0.465911 
2461667.140809 -1.078776 
2461668.072107 -1.354806 
2461669.003405 -1.023677 
2461669.934702 -0.149364 
2461670.866000 0.912797 
2461671.797298 1.847416 
2461672.728596 2.514532 
2461673.659894 2.890702 
2461674.591192 2.996392 
2461675.522490 2.859163 
2461676.453787 2.500257 
2461677.385085 1.931660 
2461678.316383 1.159143 
2461679.247681 0.193597 
2461680.178979 -0.920422 
2461681.110277 -2.049001 
2461682.041574 -2.915007 
2461682.972872 -3.185592 
2461683.904170 -2.774679 
2461684.835468 -1.962113 
2461685.766766 -1.102108 
2461686.698064 -0.392269 
2461687.629362 0.110787 
2461688.560659 0.412393 
2461689.491957 0.532193 
2461690.423255 0.485626 
2461691.354553 0.279077 
2461692.285851 -0.088619 
2461693.217149 -0.618237 
2461694.148447 -1.289061 
2461695.079744 -2.013107 
2461696.011042 -2.571854 
2461696.942340 -2.634214 
2461697.873638 -2.004075 
2461698.804936 -0.865370 
2461699.736234 0.400023 
2461700.667531 1.518567 
2461701.598829 2.379842 
2461702.530127 2.961760 
2461703.461425 3.271319 
2461704.392723 3.319226 
2461705.324021 3.112297 
2461706.255319 2.653151 
2461707.186616 1.945022 
2461708.117914 1.006334 
2461709.049212 -0.094008 
2461709.980510 -1.175444 
2461710.911808 -1.916698 
2461711.843106 -2.020716 
2461712.774404 -1.521453 
2461713.705701 -0.757511 
2461714.636999 -0.041941 
2461715.568297 0.482358 
2461716.499595 0.787390 
2461717.430893 0.887665 
2461718.362191 0.803643 
2461719.293488 0.548970 
2461720.224786 0.128201 
2461721.156084 -0.459793 
2461722.087382 -1.210591 
2461723.018680 -2.086372 
2461723.949978 -2.961172 
2461724.881276 -3.565689 
2461725.812573 -3.567741 
2461726.743871 -2.871878 
2461727.675169 -1.752726 
2461728.606467 -0.571289 
2461729.537765 0.463885 
2461730.469063 1.286030 
2461731.400361 1.890554 
2461732.331658 2.286149 
2461733.262956 2.475878 
2461734.194254 2.452771 
2461735.125552 2.202333 
2461736.056850 1.711751 
2461736.988148 0.992039 
2461737.919446 0.124322 
2461738.850743 -0.675750 
2461739.782041 -1.070327 
2461740.713339 -0.840358 
2461741.644637 -0.140333 
2461742.575935 0.669377 
2461743.507233 1.332037 
2461744.438530 1.755306 
2461745.369828 1.935738 
2461746.301126 1.896742 
2461747.232424 1.661175 
2461748.163722 1.242849 
2461749.095020 0.646254 
2461750.026318 -0.128016 
2461750.957615 -1.067937 
2461751.888913 -2.114341 
2461752.820211 -3.099111 
2461753.751509 -3.712043 
2461754.682807 -3.657132 
2461755.614105 -2.961224 
2461756.545403 -1.963032 
2461757.476700 -0.984221 
2461758.407998 -0.176027 
2461759.339296 0.428269 
2461760.270594 0.839659 
2461761.201892 1.075386 
2461762.133190 1.145242 
2461763.064487 1.048625 
2461763.995785 0.777364 
2461764.927083 0.326331 
2461765.858381 -0.279484 
2461766.789679 -0.930767 
2461767.720977 -1.376502 
2461768.652275 -1.296015 
2461769.583572 -0.593324 
2461770.514870 0.457699 
2461771.446168 1.490377 
2461772.377466 2.293008 
2461773.308764 2.803928 
2461774.240062 3.031235 
2461775.171360 3.001683 
2461776.102657 2.739722 
2461777.033955 2.261196 
2461777.965253 1.573925 
2461778.896551 0.684879 
2461779.827849 -0.379827 
2461780.759147 -1.530690 
2461781.690444 -2.550690 
2461782.621742 -3.102141 
2461783.553040 -2.959593 
2461784.484338 -2.271469 
2461785.415636 -1.404602 
2461786.346934 -0.629252 
2461787.278232 -0.049629 
2461788.209529 0.322332 
2461789.140827 0.503955 
2461790.072125 0.513544 
2461791.003423 0.361365 
2461791.934721 0.048933 
2461792.866019 -0.426083 
2461793.797317 -1.055357 
2461794.728614 -1.785442 
2461795.659912 -2.456958 
2461796.591210 -2.768842 
2461797.522508 -2.426911 
2461798.453806 -1.454282 
2461799.385104 -0.195798 
2461800.316402 1.009454 
2461801.247699 1.991356 
2461802.178997 2.700855 
2461803.110295 3.136979 
2461804.041593 3.309372 
2461804.972891 3.225412 
2461805.904189 2.887830 
2461806.835486 2.297448 
2461807.766784 1.462900 
2461808.698082 0.425940 
2461809.629380 -0.686607 
2461810.560678 -1.605822 
2461811.491976 -1.987450 
2461812.423274 -1.703879 
2461813.354571 -1.003902 
2461814.285869 -0.245381 
2461815.217167 0.360020 
2461816.148465 0.748058 
2461817.079763 0.922482 
2461818.011061 0.903962 
2461818.942359 0.709707 
2461819.873656 0.347948 
2461820.804954 -0.180861 
2461821.736252 -0.876667 
2461822.667550 -1.720199 
2461823.598848 -2.629641 
2461824.530146 -3.396592 
2461825.461443 -3.688161 
2461826.392741 -3.272798 
2461827.324039 -2.289807 
2461828.255337 -1.108136 
2461829.186635 -0.007953 
2461830.117933 0.896466 
2461831.049231 1.583977 
2461831.980528 2.062120 
2461832.911826 2.337968 
2461833.843124 2.409089 
2461834.774422 2.263491 
2461835.705720 1.885622 
2461836.637018 1.272017 
2461837.568316 0.466557 
2461838.499613 -0.378024 
2461839.430911 -0.960789 
2461840.362209 -0.973053 
2461841.293507 -0.410310 
2461842.224805 0.406900 
2461843.156103 1.156616 
2461844.087401 1.686077 
2461845.018698 1.965571 
2461845.949996 2.012878 
2461846.881294 1.853211 
2461847.812592 1.504786 
2461848.743890 0.975886 
2461849.675188 0.267821 
2461850.606485 -0.614721 
2461851.537783 -1.637811 
2461852.469081 -2.685939 
2461853.400379 -3.502793 
2461854.331677 -3.750384 
2461855.262975 -3.296032 
2461856.194273 -2.384606 
2461857.125570 -1.380462 
2461858.056868 -0.504703 
2461858.988166 0.171833 
2461859.919464 0.648850 
2461860.850762 0.943941 
2461861.782060 1.071074 
2461862.713358 1.034325 
2461863.644655 0.828483 
2461864.575953 0.445783 
2461865.507251 -0.105245 
2461866.438549 -0.757330 
2461867.369847 -1.320002 
2461868.301145 -1.475996 
2461869.232442 -0.998196 
2461870.163740 -0.024440 
2461871.095038 1.071148 
2461872.026336 2.001195 
2461872.957634 2.651106 
2461873.888932 3.007836 
2461874.820230 3.093625 
2461875.751527 2.934814 
2461876.682825 2.550946 
2461877.614123 1.952866 
2461878.545421 1.146740 
2461879.476719 0.147544 
2461880.408017 -0.987983 
2461881.339315 -2.101410 
2461882.270612 -2.890849 
2461883.201910 -3.042913 
2461884.133208 -2.543963 
2461885.064506 -1.714982 
2461885.995804 -0.889773 
2461886.927102 -0.234284 
2461887.858399 0.211723 
2461888.789697 0.458762 
2461889.720995 0.526614 
2461890.652293 0.429299 
2461891.583591 0.171732 
2461892.514889 -0.247757 
2461893.446187 -0.827736 
2461894.377484 -1.538863 
2461895.308782 -2.272859 
2461896.240080 -2.782720 
2461897.171378 -2.735562 
2461898.102676 -1.995038 
2461899.033974 -0.806000 
2461899.965272 0.453822 
2461900.896569 1.544371 
2461901.827867 2.377495 
2461902.759165 2.938736 
2461903.690463 3.235077 
2461904.621761 3.274281 
2461905.553059 3.059537 
2461906.484357 2.590482 
2461907.415654 1.869605 
2461908.346952 0.919844 
2461909.278250 -0.175032 
2461910.209548 -1.207523 
2461911.140846 -1.839886 
2461912.072144 -1.815139 
2461913.003441 -1.239891 
2461913.934739 -0.471534 
2461914.866037 0.206727 
2461915.797335 0.680108 
2461916.728633 0.933272 
2461917.659931 0.983962 
2461918.591229 0.852164 
2461919.522526 0.550020 
2461920.453824 0.080748 
2461921.385122 -0.556842 
2461922.316420 -1.354892 
2461923.247718 -2.264215 
2461924.179016 -3.135102 
2461925.110314 -3.673231 
2461926.041611 -3.563931 
2461926.972909 -2.783514 
2461927.904207 -1.649686 
2461928.835505 -0.503899 
2461929.766803 0.477869 
2461930.698101 1.246996 
2461931.629398 1.805246 
2461932.560696 2.162448 
2461933.491994 2.321003 
2461934.423292 2.272805 
2461935.354590 2.002559 
2461936.285888 1.498546 
2461937.217186 0.778393 
2461938.148483 -0.059233 
2461939.079781 -0.772785 
2461940.011079 -1.023618 
2461940.942377 -0.653235 
2461941.873675 0.119538 
2461942.804973 0.935317 
2461943.736271 1.570259 
2461944.667568 1.955131 
2461945.598866 2.095577 
2461946.530164 2.016941 
2461947.461462 1.741458 
2461948.392760 1.281740 
2461949.324058 0.641504 
2461950.255355 -0.177695 
2461951.186653 -1.158324 
2461952.117951 -2.226111 
2461953.049249 -3.186081 
2461953.980547 -3.710672 
2461954.911845 -3.542250 
2461955.843143 -2.781231 
2461956.774440 -1.787856 
2461957.705738 -0.854992 
2461958.637036 -0.105569 
2461959.568334 0.440093 
2461960.499632 0.796461 
2461961.430930 0.980607 
2461962.362228 1.001268 
2461963.293525 0.857127 
2461964.224823 0.540699 
2461965.156121 0.051045 
2461966.087419 -0.574919 
2461967.018717 -1.203803 
2461967.950015 -1.558774 
2461968.881313 -1.334911 
2461969.812610 -0.508306 
2461970.743908 0.600173 
2461971.675206 1.639682 
2461972.606504 2.428665 
2461973.537802 2.921436 
2461974.469100 3.130344 
2461975.400397 3.081529 
2461976.331695 2.797620 
2461977.262993 2.292889 
2461978.194291 1.574699 
2461979.125589 0.652184 
2461980.056887 -0.440342 
2461980.988185 -1.593939 
2461981.919482 -2.563230 
2461982.850780 -3.005884 
2461983.782078 -2.753579 
2461984.713376 -2.019338 
2461985.644674 -1.170386 
2461986.575972 -0.444114 
2461987.507270 0.078677 
2461988.438567 0.395074 
2461989.369865 0.523997 
2461990.301163 0.482706 
2461991.232461 0.279883 
2461992.163759 -0.084019 
2461993.095057 -0.610569 
2461994.026354 -1.286083 
2461994.957652 -2.042147 
2461995.888950 -2.692307 
2461996.820248 -2.916459 
2461997.751546 -2.455840 
2461998.682844 -1.406542 
2461999.614142 -0.136319 
2462000.545439 1.044498 
2462001.476737 1.994805 
2462002.408035 2.678567 
2462003.339333 3.097364 
2462004.270631 3.258879 
2462005.201929 3.167033 
2462006.133227 2.821126 
2462007.064524 2.219953 
2462007.995822 1.373847 
2462008.927120 0.334359 
2462009.858418 -0.749114 
2462010.789716 -1.581740 
2462011.721014 -1.832516 
2462012.652311 -1.443792 
2462013.583609 -0.711526 
2462014.514907 0.023180 
2462015.446205 0.581458 
2462016.377503 0.917723 
2462017.308801 1.041947 
2462018.240099 0.975393 
2462019.171396 0.734010 
2462020.102694 0.324527 
2462021.033992 -0.253353 
2462021.965290 -0.997958 
2462022.896588 -1.882567 
2462023.827886 -2.806807 
2462024.759184 -3.534284 
2462025.690481 -3.726129 
2462026.621779 -3.206268 
2462027.553077 -2.179864 
2462028.484375 -1.017988 
2462029.415673 0.032352 
2462030.346971 0.881488 
2462031.278269 1.518492 
2462032.209566 1.953573 
2462033.140864 2.193683 
2462034.072162 2.235459 
2462035.003460 2.066022 
2462035.934758 1.670053 
2462036.866056 1.048045 
2462037.797353 0.256544 
2462038.728651 -0.527362 
2462039.659949 -0.985427 
2462040.591247 -0.844881 
2462041.522545 -0.176696 
2462042.453843 0.671657 
2462043.385141 1.405139 
2462044.316438 1.900160 
2462045.247736 2.141009 
2462046.179034 2.149545 
2462047.110332 1.951059 
2462048.041630 1.562674 
2462048.972928 0.991635 
2462049.904226 0.239307 
2462050.835523 -0.686436 
2462051.766821 -1.741143 
2462052.698119 -2.786633 
2462053.629417 -3.540242 
2462054.560715 -3.675489 
2462055.492013 -3.129140 
2462056.423310 -2.195754 
2462057.354608 -1.224845 
2462058.285906 -0.404883 
2462059.217204 0.212224 
2462060.148502 0.632605 
2462061.079800 0.874648 
2462062.011098 0.951377 
2462062.942395 0.865857 
2462063.873693 0.612772 
2462064.804991 0.186714 
2462065.736289 -0.395676 
2462066.667587 -1.048118 
2462067.598885 -1.551552 
2462068.530183 -1.581060 
2462069.461480 -0.963696 
2462070.392778 0.094333 
2462071.324076 1.212755 
2462072.255374 2.134639 
2462073.186672 2.767806 
2462074.117970 3.107178 
2462075.049267 3.175573 
2462075.980565 2.997576 
2462076.911863 2.590813 
2462077.843161 1.965006 
2462078.774459 1.127084 
2462079.705757 0.097166 
2462080.637055 -1.053712 
2462081.568352 -2.140676 
2462082.499650 -2.841216 
2462083.430948 -2.873612 
2462084.362246 -2.298206 
2462085.293544 -1.464198 
2462086.224842 -0.678868 
2462087.156140 -0.078564 
2462088.087437 0.311114 
2462089.018735 0.504531 
2462089.950033 0.521129 
2462090.881331 0.373405 
2462091.812629 0.064866 
2462092.743927 -0.406387 
2462093.675225 -1.035951 
2462094.606522 -1.784171 
2462095.537820 -2.520184 
2462096.469118 -2.969766 
2462097.400416 -2.808859 
2462098.331714 -1.968650 
2462099.263012 -0.744738 
2462100.194309 0.499313 
2462101.125607 1.556834 
2462102.056905 2.359217 
2462102.988203 2.898142 
2462103.919501 3.180165 
2462104.850799 3.210107 
2462105.782097 2.987613 
2462106.713394 2.509464 
2462107.644692 1.777802 
2462108.575990 0.821218 
2462109.507288 -0.259548 
2462110.438586 -1.229384 
2462111.369884 -1.741549 
2462112.301182 -1.590694 
2462113.232479 -0.951485 
2462114.163777 -0.187496 
2462115.095075 0.450616 
2462116.026373 0.873383 
2462116.957671 1.075874 
2462117.888969 1.078110 
2462118.820266 0.899312 
2462119.751564 0.550112 
2462120.682862 0.032548 
2462121.614160 -0.654195 
2462122.545458 -1.497767 
2462123.476756 -2.435546 
2462124.408054 -3.292118 
2462125.339351 -3.752023 
2462126.270649 -3.530318 
2462127.201947 -2.677334 
2462128.133245 -1.541142 
2462129.064543 -0.437250 
2462129.995841 0.488905 
2462130.927139 1.204044 
2462131.858436 1.714871 
2462132.789734 2.031880 
2462133.721032 2.156805 
2462134.652330 2.080666 
2462135.583628 1.787928 
2462136.514926 1.269056 
2462137.446224 0.550273 
2462138.377521 -0.249655 
2462139.308819 -0.864207 
2462140.240117 -0.964337 
2462141.171415 -0.460505 
2462142.102713 0.373635 
2462143.034011 1.189705 
2462143.965308 1.796539 
2462144.896606 2.144902 
2462145.827904 2.247628 
2462146.759202 2.131264 
2462147.690500 1.817236 
2462148.621798 1.317007 
2462149.553096 0.633764 
2462150.484393 -0.229366 
2462151.415691 -1.247963 
2462152.346989 -2.330301 
2462153.278287 -3.253523 
2462154.209585 -3.679717 
2462155.140883 -3.401289 
2462156.072181 -2.588227 
2462157.003478 -1.609561 
2462157.934776 -0.726376 
2462158.866074 -0.036109 
2462159.797372 0.451513 
2462160.728670 0.753360 
2462161.659968 0.885943 
2462162.591265 0.856836 
2462163.522563 0.664067 
2462164.453861 0.301189 
2462165.385159 -0.227558 
2462166.316457 -0.871270 
2462167.247755 -1.470340 
2462168.179053 -1.725483 
2462169.110350 -1.359369 
2462170.041648 -0.422688 
2462170.972946 0.729588 
2462171.904244 1.769452 
2462172.835542 2.543698 
2462173.766840 3.019732 
2462174.698138 3.212533 
2462175.629435 3.146878 
2462176.560733 2.843237 
2462177.492031 2.314213 
2462178.423329 1.566889 
2462179.354627 0.613265 
2462180.285925 -0.502477 
2462181.217222 -1.649568 
2462182.148520 -2.554973 
2462183.079818 -2.881717 
2462184.011116 -2.527215 
2462184.942414 -1.759750 
2462185.873712 -0.936350 
2462186.805010 -0.261319 
2462187.736307 0.204969 
2462188.667605 0.466754 
2462189.598903 0.543808 
2462190.530201 0.452135 
2462191.461499 0.198835 
2462192.392797 -0.216526 
2462193.324095 -0.794236 
2462194.255392 -1.513985 
2462195.186690 -2.290150 
2462196.117988 -2.908147 
2462197.049286 -3.035588 
2462197.980584 -2.461045 
2462198.911882 -1.350237 
2462199.843180 -0.080941 
2462200.774477 1.068707 
2462201.705775 1.984079 
2462202.637073 2.640056 
2462203.568371 3.040013 
2462204.499669 3.189591 
2462205.430967 3.089366 
2462206.362264 2.735353 
2462207.293562 2.124597 
2462208.224860 1.269915 
2462209.156158 0.234421 
2462210.087456 -0.808045 
2462211.018754 -1.540163 
2462211.950052 -1.656288 
2462212.881349 -1.172234 
2462213.812647 -0.418677 
2462214.743945 0.287258 
2462215.675243 0.797847 
2462216.606541 1.083395 
2462217.537839 1.158670 
2462218.469137 1.045040 
2462219.400434 0.757102 
2462220.331732 0.300169 
2462221.263030 -0.326507 
2462222.194328 -1.118885 
2462223.125626 -2.041155 
2462224.056924 -2.971998 
2462224.988221 -3.647563 
2462225.919519 -3.732786 
2462226.850817 -3.116175 
2462227.782115 -2.059957 
2462228.713413 -0.926532 
2462229.644711 0.070626 
2462230.576009 0.863384 
2462231.507306 1.449046 
2462232.438604 1.839693 
2462233.369902 2.041974 
2462234.301200 2.051724 
2462235.232498 1.855575 
2462236.163796 1.439263 
2462237.095094 0.808822 
2462238.026391 0.035999 
2462238.957689 -0.676365 
2462239.888987 -0.999064 
2462240.820285 -0.707373 
2462241.751583 0.054792 
2462242.682881 0.925735 
2462243.614178 1.640791 
2462244.545476 2.102702 
2462245.476774 2.307230 
2462246.408072 2.279176 
2462247.339370 2.043542 
2462248.270668 1.616328 
2462249.201966 1.003896 
2462250.133263 0.208086 
2462251.064561 -0.759032 
2462251.995859 -1.840477 
2462252.927157 -2.873226 
2462253.858455 -3.551208 
2462254.789753 -3.571313 
2462255.721051 -2.943793 
2462256.652348 -2.000642 
2462257.583646 -1.068973 
2462258.514944 -0.306168 
2462259.446242 0.251929 
2462260.377540 0.616333 
2462261.308838 0.805631 
2462262.240136 0.831718 
2462263.171433 0.696632 
2462264.102731 0.395156 
2462265.034029 -0.075100 
2462265.965327 -0.687799 
2462266.896625 -1.335211 
2462267.827923 -1.769879 
2462268.759220 -1.668480 
2462269.690518 -0.921431 
2462270.621816 0.205357 
2462271.553114 1.336852 
2462272.484412 2.247397 
2462273.415710 2.864222 
2462274.347008 3.188105 
2462275.278305 3.241419 
2462276.209603 3.046522 
2462277.140901 2.618916 
2462278.072199 1.967227 
2462279.003497 1.099575 
2462279.934795 0.042428 
2462280.866093 -1.116625 
2462281.797390 -2.164875 
2462282.728688 -2.765181 
2462283.659986 -2.679558 
2462284.591284 -2.040186 
2462285.522582 -1.211428 
2462286.453880 -0.470004 
2462287.385177 0.074752 
2462288.316475 0.408946 
2462289.247773 0.549674 
2462290.179071 0.515671 
2462291.110369 0.317844 
2462292.041667 -0.041608 
2462292.972965 -0.564463 
2462293.904262 -1.242443 
2462294.835560 -2.023691 
2462295.766858 -2.752632 
2462296.698156 -3.130576 
2462297.629454 -2.854091 
2462298.560752 -1.926600 
2462299.492050 -0.682436 
2462300.423347 0.536980 
2462301.354645 1.557133 
2462302.285943 2.326312 
2462303.217241 2.841081 
2462304.148539 3.107304 
2462305.079837 3.126966 
2462306.011134 2.896341 
2462306.942432 2.409595 
2462307.873730 1.669071 
2462308.805028 0.710357 
2462309.736326 -0.346680 
2462310.667624 -1.239641 
2462311.598922 -1.622114 
2462312.530219 -1.350315 
2462313.461517 -0.659159 
2462314.392815 0.093012 
2462315.324113 0.689075 
2462316.255411 1.061924 
2462317.186709 1.215055 
2462318.118007 1.169971 
2462319.049304 0.944925 
2462319.980602 0.549061 
2462320.911900 -0.016564 
2462321.843198 -0.751870 
2462322.774496 -1.638786 
2462323.705794 -2.599019 
2462324.637092 -3.429978 
2462325.568389 -3.800778 
2462326.499687 -3.468422 
2462327.430985 -2.555832 
2462328.362283 -1.428435 
2462329.293581 -0.371497 
2462330.224879 0.497479 
2462331.156176 1.157974 
2462332.087474 1.620418 
2462333.018772 1.895575 
2462333.950070 1.984500 
2462334.881368 1.877593 
2462335.812666 1.559673 
2462336.743964 1.024600 
2462337.675261 0.309399 
2462338.606559 -0.444605 
2462339.537857 -0.948210 
2462340.469155 -0.893575 
2462341.400453 -0.265496 
2462342.331751 0.619079 
2462343.263049 1.430833 
2462344.194346 2.009868 
2462345.125644 2.323905 
2462346.056942 2.391301 
2462346.988240 2.239186 
2462347.919538 1.888031 
2462348.850836 1.348226 
2462349.782133 0.622719 
2462350.713431 -0.283081 
2462351.644729 -1.336289 
2462352.576027 -2.425303 
2462353.507325 -3.299290 
2462354.438623 -3.618827 
2462355.369921 -3.236552 
2462356.301218 -2.384685 
2462357.232516 -1.429384 
2462358.163814 -0.598722 
2462359.095112 0.032368 
2462360.026410 0.462657 
2462360.957708 0.710523 
2462361.889006 0.791607 
2462362.820303 0.712251 
2462363.751601 0.469926 
2462364.682899 0.059642 
2462365.614197 -0.508038 
2462366.545495 -1.166017 
2462367.476793 -1.726829 
2462368.408091 -1.873952 
2462369.339388 -1.369656 
2462370.270686 -0.338113 
2462371.201984 0.844974 
2462372.133282 1.879373 
2462373.064580 2.637876 
2462373.995878 3.098373 
2462374.927175 3.277106 
2462375.858473 3.196854 
2462376.789771 2.875619 
2462377.721069 2.324240 
2462378.652367 1.549729 
2462379.583665 0.567769 
2462380.514963 -0.565751 
2462381.446260 -1.695955 
2462382.377558 -2.524265 
2462383.308856 -2.730408 
2462384.240154 -2.283282 
2462385.171452 -1.494921 
2462386.102750 -0.703470 
2462387.034048 -0.081148 
2462387.965345 0.329202 
2462388.896643 0.537354 
2462389.827941 0.563336 
2462390.759239 0.421735 
2462391.690537 0.118111 
2462392.621835 -0.348633 
2462393.553132 -0.976873 
2462394.484430 -1.738215 
2462395.415728 -2.527495 
2462396.347026 -3.101813 
2462397.278324 -3.125124 
2462398.209622 -2.443924 
2462399.140920 -1.286821 
2462400.072217 -0.029720 
2462401.003515 1.083036 
2462401.934813 1.960500 
2462402.866111 2.586600 
2462403.797409 2.965920 
2462404.728707 3.102088 
2462405.660005 2.992532 
2462406.591302 2.630230 
2462407.522600 2.010892 
2462408.453898 1.150801 
2462409.385196 0.126582 
2462410.316494 -0.862041 
2462411.247792 -1.480497 
2462412.179089 -1.460918 
2462413.110387 -0.892476 
2462414.041685 -0.127528 
2462414.972983 0.545867 
2462415.904281 1.008795 
2462416.835579 1.244883 
2462417.766877 1.272504 
2462418.698174 1.112743 
2462419.629472 0.778796 
2462420.560770 0.274687 
2462421.492068 -0.400427 
2462422.423366 -1.239254 
2462423.354664 -2.195046 
2462424.285962 -3.123247 
2462425.217259 -3.734426 
2462426.148557 -3.708527 
2462427.079855 -3.005004 
2462428.011153 -1.932028 
2462428.942451 -0.834382 
2462429.873749 0.107093 
2462430.805047 0.842785 
2462431.736344 1.376491 
2462432.667642 1.721494 
2462433.598940 1.883981 
2462434.530238 1.859104 
2462435.461536 1.633411 
2462436.392834 1.194581 
2462437.324131 0.555960 
2462438.255429 -0.192839 
2462439.186727 -0.822594 
2462440.118025 -1.001313 
2462441.049323 -0.563202 
2462441.980621 0.280916 
2462442.911919 1.166994 
2462443.843216 1.862327 
2462444.774514 2.292870 
2462445.705812 2.463568 
2462446.637110 2.401183 
2462447.568408 2.130129 
2462448.499706 1.665271 
2462449.431004 1.012273 
2462450.362301 0.173951 
2462451.293599 -0.832262 
2462452.224897 -1.934667 
2462453.156195 -2.943607 
2462454.087493 -3.534295 
2462455.018791 -3.439265 
2462455.950088 -2.742712 
2462456.881386 -1.801031 
2462457.812684 -0.913488 
2462458.743982 -0.208657 
2462459.675280 0.291029 
2462460.606578 0.600162 
2462461.537876 0.737050 
2462462.469173 0.712314 
2462463.400471 0.526991 
2462464.331769 0.176220 
2462465.263067 -0.338592 
2462466.194365 -0.979645 
2462467.125663 -1.615427 
2462468.056961 -1.971611 
2462468.988258 -1.737260 
2462469.919556 -0.872757 
2462470.850854 0.307404 
2462471.782152 1.443062 
2462472.713450 2.339390 
2462473.644748 2.940123 
2462474.576045 3.250095 
2462475.507343 3.290391 
2462476.438641 3.080726 
2462477.369939 2.634288 
2462478.301237 1.958648 
2462479.232535 1.063613 
2462480.163833 -0.016627 
2462481.095130 -1.175584 
2462482.026428 -2.172115 
2462482.957726 -2.662336 
2462483.889024 -2.463046 
2462484.820322 -1.772581 
2462485.751620 -0.958123 
2462486.682918 -0.263678 
2462487.614215 0.225555 
2462488.545513 0.505200 
2462489.476811 0.594153 
2462490.408109 0.510157 
2462491.339407 0.262500 
2462492.270705 -0.147783 
2462493.202003 -0.721928 
2462494.133300 -1.446710 
2462495.064598 -2.255990 
2462495.995896 -2.967698 
2462496.927194 -3.263144 
2462497.858492 -2.871873 
2462498.789790 -1.870708 
2462499.721087 -0.619800 
2462500.652385 0.567411 
2462501.583683 1.546494 
2462502.514981 2.280143 
2462503.446279 2.768762 
2462504.377577 3.017369 
2462505.308875 3.025296 
2462506.240172 2.785719 
2462507.171470 2.290546 
2462508.102768 1.543047 
2462509.034066 0.587380 
2462509.965364 -0.435357 
2462510.896662 -1.237077 
2462511.827960 -1.482608 
2462512.759257 -1.097220 
2462513.690555 -0.365684 
2462514.621853 0.368558 
2462515.553151 0.921504 
2462516.484449 1.245465 
2462517.415747 1.350640 
2462518.347044 1.259378 
2462519.278342 0.988816 
2462520.209640 0.546665 
2462521.140938 -0.066751 
2462522.072236 -0.849839 
2462523.003534 -1.777392 
2462523.934832 -2.753094 
2462524.866129 -3.546433 
2462525.797427 -3.818703 
2462526.728725 -3.380204 
2462527.660023 -2.421430 
2462528.591321 -1.312726 
2462529.522619 -0.306736 
2462530.453917 0.504033 
2462531.385214 1.109496 
2462532.316512 1.522773 
2462533.247810 1.754565 
2462534.179108 1.805239 
2462535.110406 1.664824 
2462536.041704 1.319117 
2462536.973001 0.766716 
2462537.904299 0.057844 
2462538.835597 -0.641422 
2462539.766895 -1.023119 
2462540.698193 -0.812812 
2462541.629491 -0.071486 
2462542.560789 0.853275 
2462543.492086 1.657160 
2462544.423384 2.209269 
2462545.354682 2.491392 
2462546.285980 2.525947 
2462547.217278 2.340117 
2462548.148576 1.953308 
2462549.079874 1.374934 
2462550.011171 0.608041 
2462550.942469 -0.338841 
2462551.873767 -1.422592 
2462552.805065 -2.509337 
2462553.736363 -3.321366 
2462554.667661 -3.528217 
2462555.598959 -3.050595 
2462556.530256 -2.172888 
2462557.461554 -1.248365 
2462558.392852 -0.472298 
2462559.324150 0.099884 
2462560.255448 0.473622 
2462561.186746 0.668067 
2462562.118043 0.697751 
2462563.049341 0.567746 
2462563.980639 0.275109 
2462564.911937 -0.183178 
2462565.843235 -0.788923 
2462566.774533 -1.456525 
2462567.705831 -1.969742 
2462568.637128 -2.001964 
2462569.568426 -1.366408 
2462570.499724 -0.256002 
2462571.431022 0.945763 
2462572.362320 1.969454 
2462573.293618 2.711188 
2462574.224916 3.157059 
2462575.156213 3.323451 
2462576.087511 3.217526 
