# time Tc_folded Tref_folded model model_err 
2453115.032645 0.000000 0.000000    -0.000000     1.547547 
2453115.963943 0.000000 0.000000    -0.000000     1.547547 
2453116.895241 0.000000 0.000000    -0.000000     1.547547 
2453117.826539 0.000000 0.000000    -0.000000     1.547547 
2453118.757836 0.000000 0.000000    -0.000000     1.547547 
2453119.689134 0.000000 0.000000    -0.000000     1.547547 
2453120.620432 0.000000 0.000000    -0.000000     1.547547 
2453121.551730 0.000000 0.000000    -0.000000     1.547547 
2453122.483028 0.000000 0.000000     0.000000     1.547547 
2453123.414326 0.000000 0.000000     0.000000     1.547547 
2453124.345624 0.000000 0.000000     0.000000     1.547547 
2453125.276921 0.000000 0.000000    -0.000000     1.547547 
2453126.208219 0.000000 0.000000    -0.000000     1.547547 
2453127.139517 0.000000 0.000000     0.000000     1.547547 
2453128.070815 0.000000 0.000000     0.000000     1.547547 
2453129.002113 0.000000 0.000000     0.000000     1.547547 
2453129.933411 0.000000 0.000000     0.000000     1.547547 
2453130.864708 0.000000 0.000000    -0.000000     1.547547 
2453131.796006 0.000000 0.000000    -0.000000     1.547547 
2453132.727304 0.000000 0.000000    -0.000000     1.547547 
2453133.658602 0.000000 0.000000    -0.000000     1.547547 
2453134.589900 0.000000 0.000000    -0.000000     1.547547 
2453135.521198 0.000000 0.000000    -0.000000     1.547547 
2453136.452496 0.000000 0.000000    -0.000000     1.547547 
2453137.383793 0.000000 0.000000    -0.000000     1.547547 
2453138.315091 0.000000 0.000000    -0.000000     1.547547 
2453139.246389 0.000000 0.000000    -0.000000     1.547547 
2453140.177687 0.000000 0.000000    -0.000000     1.547547 
2453141.108985 0.000000 0.000000    -0.000000     1.547547 
2453142.040283 0.000000 0.000000    -0.000000     1.547547 
2453142.971581 0.000000 0.000000    -0.000000     1.547547 
2453143.902878 0.000000 0.000000    -0.000000     1.547547 
2453144.834176 0.000000 0.000000    -0.000000     1.547547 
2453145.765474 0.000000 0.000000    -0.000000     1.547547 
2453146.696772 0.000000 0.000000    -0.000000     1.547547 
2453147.628070 0.000000 0.000000     0.000000     1.547547 
2453148.559368 0.000000 0.000000    -0.000000     1.547547 
2453149.490665 0.000000 0.000000    -0.000000     1.547547 
2453150.421963 0.000000 0.000000    -0.000000     1.547547 
2453151.353261 0.000000 0.000000    -0.000000     1.547547 
2453152.284559 0.000000 0.000000     0.000000     1.547547 
2453153.215857 0.000000 0.000000     0.000000     1.547547 
2453154.147155 0.000000 0.000000     0.000000     1.547547 
2453155.078453 0.000000 0.000000     0.000000     1.547547 
2453156.009750 0.000000 0.000000     0.000000     1.547547 
2453156.941048 0.000000 0.000000     0.000000     1.547547 
2453157.872346 0.000000 0.000000     0.000000     1.547547 
2453158.803644 0.000000 0.000000     0.000000     1.547547 
2453159.734942 0.000000 0.000000     0.000000     1.547547 
2453160.666240 0.000000 0.000000     0.000000     1.547547 
2453161.597538 0.000000 0.000000     0.000000     1.547547 
2453162.528835 0.000000 0.000000     0.000000     1.547547 
2453163.460133 0.000000 0.000000     0.000000     1.547547 
2453164.391431 0.000000 0.000000     0.000000     1.547547 
2453165.322729 0.000000 0.000000     0.000000     1.547547 
2453166.254027 0.000000 0.000000     0.000000     1.547547 
2453167.185325 0.000000 0.000000    -0.000000     1.547547 
2453168.116622 0.000000 0.000000    -0.000000     1.547547 
2453169.047920 0.000000 0.000000    -0.000000     1.547547 
2453169.979218 0.000000 0.000000    -0.000000     1.547547 
2453170.910516 0.000000 0.000000    -0.000000     1.547547 
2453171.841814 0.000000 0.000000    -0.000000     1.547547 
2453172.773112 0.000000 0.000000    -0.000000     1.547547 
2453173.704410 0.000000 0.000000    -0.000000     1.547547 
2453174.635707 0.000000 0.000000    -0.000000     1.547547 
2453175.567005 0.000000 0.000000    -0.000000     1.547547 
2453176.498303 0.000000 0.000000    -0.000000     1.547547 
2453177.429601 0.000000 0.000000    -0.000000     1.547547 
2453178.360899 0.000000 0.000000    -0.000000     1.547547 
2453179.292197 0.000000 0.000000     0.000000     1.547547 
2453180.223495 0.000000 0.000000     0.000000     1.547547 
2453181.154792 0.000000 0.000000     0.000000     1.547547 
2453182.086090 0.000000 0.000000     0.000000     1.547547 
2453183.017388 0.000000 0.000000     0.000000     1.547547 
2453183.948686 0.000000 0.000000     0.000000     1.547547 
2453184.879984 0.000000 0.000000     0.000000     1.547547 
2453185.811282 0.000000 0.000000     0.000000     1.547547 
2453186.742580 0.000000 0.000000     0.000000     1.547547 
2453187.673877 0.000000 0.000000     0.000000     1.547547 
2453188.605175 0.000000 0.000000     0.000000     1.547547 
2453189.536473 0.000000 0.000000     0.000000     1.547547 
2453190.467771 0.000000 0.000000     0.000000     1.547547 
2453191.399069 0.000000 0.000000    -0.000000     1.547547 
2453192.330367 0.000000 0.000000    -0.000000     1.547547 
2453193.261664 0.000000 0.000000    -0.000000     1.547547 
2453194.192962 0.000000 0.000000    -0.000000     1.547547 
2453195.124260 0.000000 0.000000    -0.000000     1.547547 
2453196.055558 0.000000 0.000000    -0.000000     1.547547 
2453196.986856 0.000000 0.000000    -0.000000     1.547547 
2453197.918154 0.000000 0.000000    -0.000000     1.547547 
2453198.849452 0.000000 0.000000    -0.000000     1.547547 
2453199.780749 0.000000 0.000000    -0.000000     1.547547 
2453200.712047 0.000000 0.000000    -0.000000     1.547547 
2453201.643345 0.000000 0.000000    -0.000000     1.547547 
2453202.574643 0.000000 0.000000    -0.000000     1.547547 
2453203.505941 0.000000 0.000000    -0.000000     1.547547 
2453204.437239 0.000000 0.000000    -0.000000     1.547547 
2453205.368537 0.000000 0.000000    -0.000000     1.547547 
2453206.299834 0.000000 0.000000    -0.000000     1.547547 
2453207.231132 0.000000 0.000000     0.000000     1.547547 
2453208.162430 0.000000 0.000000     0.000000     1.547547 
2453209.093728 0.000000 0.000000     0.000000     1.547547 
2453210.025026 0.000000 0.000000     0.000000     1.547547 
2453210.956324 0.000000 0.000000     0.000000     1.547547 
2453211.887621 0.000000 0.000000     0.000000     1.547547 
2453212.818919 0.000000 0.000000     0.000000     1.547547 
2453213.750217 0.000000 0.000000     0.000000     1.547547 
2453214.681515 0.000000 0.000000     0.000000     1.547547 
2453215.612813 0.000000 0.000000     0.000000     1.547547 
2453216.544111 0.000000 0.000000    -0.000000     1.547547 
2453217.475409 0.000000 0.000000    -0.000000     1.547547 
2453218.406706 0.000000 0.000000    -0.000000     1.547547 
2453219.338004 0.000000 0.000000    -0.000000     1.547547 
2453220.269302 0.000000 0.000000    -0.000000     1.547547 
2453221.200600 0.000000 0.000000    -0.000000     1.547547 
2453222.131898 0.000000 0.000000    -0.000000     1.547547 
2453223.063196 0.000000 0.000000    -0.000000     1.547547 
2453223.994494 0.000000 0.000000    -0.000000     1.547547 
2453224.925791 0.000000 0.000000    -0.000000     1.547547 
2453225.857089 0.000000 0.000000    -0.000000     1.547547 
2453226.788387 0.000000 0.000000    -0.000000     1.547547 
2453227.719685 0.000000 0.000000    -0.000000     1.547547 
2453228.650983 0.000000 0.000000    -0.000000     1.547547 
2453229.582281 0.000000 0.000000    -0.000000     1.547547 
2453230.513578 0.000000 0.000000    -0.000000     1.547547 
2453231.444876 0.000000 0.000000    -0.000000     1.547547 
2453232.376174 0.000000 0.000000     0.000000     1.547547 
2453233.307472 0.000000 0.000000     0.000000     1.547547 
2453234.238770 0.000000 0.000000     0.000000     1.547547 
2453235.170068 0.000000 0.000000     0.000000     1.547547 
2453236.101366 0.000000 0.000000     0.000000     1.547547 
2453237.032663 0.000000 0.000000     0.000000     1.547547 
2453237.963961 0.000000 0.000000     0.000000     1.547547 
2453238.895259 0.000000 0.000000     0.000000     1.547547 
2453239.826557 0.000000 0.000000     0.000000     1.547547 
2453240.757855 0.000000 0.000000    -0.000000     1.547547 
2453241.689153 0.000000 0.000000    -0.000000     1.547547 
2453242.620451 0.000000 0.000000    -0.000000     1.547547 
2453243.551748 0.000000 0.000000    -0.000000     1.547547 
2453244.483046 0.000000 0.000000    -0.000000     1.547547 
2453245.414344 0.000000 0.000000    -0.000000     1.547547 
2453246.345642 0.000000 0.000000    -0.000000     1.547547 
2453247.276940 0.000000 0.000000    -0.000000     1.547547 
2453248.208238 0.000000 0.000000    -0.000000     1.547547 
2453249.139536 0.000000 0.000000    -0.000000     1.547547 
2453250.070833 0.000000 0.000000    -0.000000     1.547547 
2453251.002131 0.000000 0.000000    -0.000000     1.547547 
2453251.933429 0.000000 0.000000    -0.000000     1.547547 
2453252.864727 0.000000 0.000000    -0.000000     1.547547 
2453253.796025 0.000000 0.000000    -0.000000     1.547547 
2453254.727323 0.000000 0.000000    -0.000000     1.547547 
2453255.658620 0.000000 0.000000    -0.000000     1.547547 
2453256.589918 0.000000 0.000000    -0.000000     1.547547 
2453257.521216 0.000000 0.000000    -0.000000     1.547547 
2453258.452514 0.000000 0.000000     0.000000     1.547547 
2453259.383812 0.000000 0.000000     0.000000     1.547547 
2453260.315110 0.000000 0.000000     0.000000     1.547547 
2453261.246408 0.000000 0.000000     0.000000     1.547547 
2453262.177705 0.000000 0.000000     0.000000     1.547547 
2453263.109003 0.000000 0.000000     0.000000     1.547547 
2453264.040301 0.000000 0.000000    -0.000000     1.547547 
2453264.971599 0.000000 0.000000    -0.000000     1.547547 
2453265.902897 0.000000 0.000000    -0.000000     1.547547 
2453266.834195 0.000000 0.000000    -0.000000     1.547547 
2453267.765493 0.000000 0.000000    -0.000000     1.547547 
2453268.696790 0.000000 0.000000    -0.000000     1.547547 
2453269.628088 0.000000 0.000000    -0.000000     1.547547 
2453270.559386 0.000000 0.000000    -0.000000     1.547547 
2453271.490684 0.000000 0.000000    -0.000000     1.547547 
2453272.421982 0.000000 0.000000    -0.000000     1.547547 
2453273.353280 0.000000 0.000000    -0.000000     1.547547 
2453274.284577 0.000000 0.000000    -0.000000     1.547547 
2453275.215875 0.000000 0.000000    -0.000000     1.547547 
2453276.147173 0.000000 0.000000    -0.000000     1.547547 
2453277.078471 0.000000 0.000000    -0.000000     1.547547 
2453278.009769 0.000000 0.000000    -0.000000     1.547547 
2453278.941067 0.000000 0.000000    -0.000000     1.547547 
2453279.872365 0.000000 0.000000    -0.000000     1.547547 
2453280.803662 0.000000 0.000000    -0.000000     1.547547 
2453281.734960 0.000000 0.000000    -0.000000     1.547547 
2453282.666258 0.000000 0.000000    -0.000000     1.547547 
2453283.597556 0.000000 0.000000    -0.000000     1.547547 
2453284.528854 0.000000 0.000000    -0.000000     1.547547 
2453285.460152 0.000000 0.000000    -0.000000     1.547547 
2453286.391450 0.000000 0.000000    -0.000000     1.547547 
2453287.322747 0.000000 0.000000    -0.000000     1.547547 
2453288.254045 0.000000 0.000000    -0.000000     1.547547 
2453289.185343 0.000000 0.000000    -0.000000     1.547547 
2453290.116641 0.000000 0.000000    -0.000000     1.547547 
2453291.047939 0.000000 0.000000    -0.000000     1.547547 
2453291.979237 0.000000 0.000000    -0.000000     1.547547 
2453292.910535 0.000000 0.000000    -0.000000     1.547547 
2453293.841832 0.000000 0.000000    -0.000000     1.547547 
2453294.773130 0.000000 0.000000    -0.000000     1.547547 
2453295.704428 0.000000 0.000000    -0.000000     1.547547 
2453296.635726 0.000000 0.000000    -0.000000     1.547547 
2453297.567024 0.000000 0.000000    -0.000000     1.547547 
2453298.498322 0.000000 0.000000    -0.000000     1.547547 
2453299.429619 0.000000 0.000000    -0.000000     1.547547 
2453300.360917 0.000000 0.000000    -0.000000     1.547547 
2453301.292215 0.000000 0.000000    -0.000000     1.547547 
2453302.223513 0.000000 0.000000    -0.000000     1.547547 
2453303.154811 0.000000 0.000000    -0.000000     1.547547 
2453304.086109 0.000000 0.000000    -0.000000     1.547547 
2453305.017407 0.000000 0.000000    -0.000000     1.547547 
2453305.948704 0.000000 0.000000    -0.000000     1.547547 
2453306.880002 0.000000 0.000000    -0.000000     1.547547 
2453307.811300 0.000000 0.000000    -0.000000     1.547547 
2453308.742598 0.000000 0.000000    -0.000000     1.547547 
2453309.673896 0.000000 0.000000    -0.000000     1.547547 
2453310.605194 0.000000 0.000000    -0.000000     1.547547 
2453311.536492 0.000000 0.000000    -0.000000     1.547547 
2453312.467789 0.000000 0.000000    -0.000000     1.547547 
2453313.399087 0.000000 0.000000    -0.000000     1.547547 
2453314.330385 0.000000 0.000000    -0.000000     1.547547 
2453315.261683 0.000000 0.000000    -0.000000     1.547547 
2453316.192981 0.000000 0.000000    -0.000000     1.547547 
2453317.124279 0.000000 0.000000    -0.000000     1.547547 
2453318.055576 0.000000 0.000000    -0.000000     1.547547 
2453318.986874 0.000000 0.000000    -0.000000     1.547547 
2453319.918172 0.000000 0.000000    -0.000000     1.547547 
2453320.849470 0.000000 0.000000    -0.000000     1.547547 
2453321.780768 0.000000 0.000000    -0.000000     1.547547 
2453322.712066 0.000000 0.000000    -0.000000     1.547547 
2453323.643364 0.000000 0.000000    -0.000000     1.547547 
2453324.574661 0.000000 0.000000    -0.000000     1.547547 
2453325.505959 0.000000 0.000000    -0.000000     1.547547 
2453326.437257 0.000000 0.000000    -0.000000     1.547547 
2453327.368555 0.000000 0.000000    -0.000000     1.547547 
2453328.299853 0.000000 0.000000    -0.000000     1.547547 
2453329.231151 0.000000 0.000000    -0.000000     1.547547 
2453330.162449 0.000000 0.000000    -0.000000     1.547547 
2453331.093746 0.000000 0.000000    -0.000000     1.547547 
2453332.025044 0.000000 0.000000    -0.000000     1.547547 
2453332.956342 0.000000 0.000000    -0.000000     1.547547 
2453333.887640 0.000000 0.000000    -0.000000     1.547547 
2453334.818938 0.000000 0.000000    -0.000000     1.547547 
2453335.750236 0.000000 0.000000    -0.000000     1.547547 
2453336.681533 0.000000 0.000000    -0.000000     1.547547 
2453337.612831 0.000000 0.000000    -0.000000     1.547547 
2453338.544129 0.000000 0.000000    -0.000000     1.547547 
2453339.475427 0.000000 0.000000    -0.000000     1.547547 
2453340.406725 0.000000 0.000000    -0.000000     1.547547 
2453341.338023 0.000000 0.000000    -0.000000     1.547547 
2453342.269321 0.000000 0.000000    -0.000000     1.547547 
2453343.200618 0.000000 0.000000    -0.000000     1.547547 
2453344.131916 0.000000 0.000000    -0.000000     1.547547 
2453345.063214 0.000000 0.000000    -0.000000     1.547547 
2453345.994512 0.000000 0.000000    -0.000000     1.547547 
2453346.925810 0.000000 0.000000     0.000000     1.547547 
2453347.857108 0.000000 0.000000     0.000000     1.547547 
2453348.788406 0.000000 0.000000     0.000000     1.547547 
2453349.719703 0.000000 0.000000     0.000000     1.547547 
2453350.651001 0.000000 0.000000     0.000000     1.547547 
2453351.582299 0.000000 0.000000     0.000000     1.547547 
2453352.513597 0.000000 0.000000     0.000000     1.547547 
2453353.444895 0.000000 0.000000     0.000000     1.547547 
2453354.376193 0.000000 0.000000     0.000000     1.547547 
2453355.307491 0.000000 0.000000     0.000000     1.547547 
2453356.238788 0.000000 0.000000     0.000000     1.547547 
2453357.170086 0.000000 0.000000    -0.000000     1.547547 
2453358.101384 0.000000 0.000000    -0.000000     1.547547 
2453359.032682 0.000000 0.000000    -0.000000     1.547547 
2453359.963980 0.000000 0.000000     0.000000     1.547547 
2453360.895278 0.000000 0.000000     0.000000     1.547547 
2453361.826575 0.000000 0.000000    -0.000000     1.547547 
2453362.757873 0.000000 0.000000    -0.000000     1.547547 
2453363.689171 0.000000 0.000000    -0.000000     1.547547 
2453364.620469 0.000000 0.000000    -0.000000     1.547547 
2453365.551767 0.000000 0.000000    -0.000000     1.547547 
2453366.483065 0.000000 0.000000    -0.000000     1.547547 
2453367.414363 0.000000 0.000000    -0.000000     1.547547 
2453368.345660 0.000000 0.000000    -0.000000     1.547547 
2453369.276958 0.000000 0.000000    -0.000000     1.547547 
2453370.208256 0.000000 0.000000    -0.000000     1.547547 
2453371.139554 0.000000 0.000000    -0.000000     1.547547 
2453372.070852 0.000000 0.000000    -0.000000     1.547547 
2453373.002150 0.000000 0.000000    -0.000000     1.547547 
2453373.933448 0.000000 0.000000    -0.000000     1.547547 
2453374.864745 0.000000 0.000000    -0.000000     1.547547 
2453375.796043 0.000000 0.000000    -0.000000     1.547547 
2453376.727341 0.000000 0.000000     0.000000     1.547547 
2453377.658639 0.000000 0.000000     0.000000     1.547547 
2453378.589937 0.000000 0.000000     0.000000     1.547547 
2453379.521235 0.000000 0.000000     0.000000     1.547547 
2453380.452532 0.000000 0.000000     0.000000     1.547547 
2453381.383830 0.000000 0.000000     0.000000     1.547547 
2453382.315128 0.000000 0.000000     0.000000     1.547547 
2453383.246426 0.000000 0.000000     0.000000     1.547547 
2453384.177724 0.000000 0.000000     0.000000     1.547547 
2453385.109022 0.000000 0.000000     0.000000     1.547547 
2453386.040320 0.000000 0.000000     0.000000     1.547547 
2453386.971617 0.000000 0.000000     0.000000     1.547547 
2453387.902915 0.000000 0.000000     0.000000     1.547547 
2453388.834213 0.000000 0.000000     0.000000     1.547547 
2453389.765511 0.000000 0.000000     0.000000     1.547547 
2453390.696809 0.000000 0.000000     0.000000     1.547547 
2453391.628107 0.000000 0.000000    -0.000000     1.547547 
2453392.559405 0.000000 0.000000    -0.000000     1.547547 
2453393.490702 0.000000 0.000000    -0.000000     1.547547 
2453394.422000 0.000000 0.000000    -0.000000     1.547547 
2453395.353298 0.000000 0.000000    -0.000000     1.547547 
2453396.284596 0.000000 0.000000    -0.000000     1.547547 
2453397.215894 0.000000 0.000000    -0.000000     1.547547 
2453398.147192 0.000000 0.000000    -0.000000     1.547547 
2453399.078489 0.000000 0.000000    -0.000000     1.547547 
2453400.009787 0.000000 0.000000    -0.000000     1.547547 
2453400.941085 0.000000 0.000000    -0.000000     1.547547 
2453401.872383 0.000000 0.000000    -0.000000     1.547547 
2453402.803681 0.000000 0.000000    -0.000000     1.547547 
2453403.734979 0.000000 0.000000    -0.000000     1.547547 
2453404.666277 0.000000 0.000000     0.000000     1.547547 
2453405.597574 0.000000 0.000000     0.000000     1.547547 
2453406.528872 0.000000 0.000000     0.000000     1.547547 
2453407.460170 0.000000 0.000000     0.000000     1.547547 
2453408.391468 0.000000 0.000000     0.000000     1.547547 
2453409.322766 0.000000 0.000000     0.000000     1.547547 
2453410.254064 0.000000 0.000000     0.000000     1.547547 
2453411.185362 0.000000 0.000000     0.000000     1.547547 
2453412.116659 0.000000 0.000000     0.000000     1.547547 
2453413.047957 0.000000 0.000000     0.000000     1.547547 
2453413.979255 0.000000 0.000000     0.000000     1.547547 
2453414.910553 0.000000 0.000000     0.000000     1.547547 
2453415.841851 0.000000 0.000000    -0.000000     1.547547 
2453416.773149 0.000000 0.000000    -0.000000     1.547547 
2453417.704447 0.000000 0.000000    -0.000000     1.547547 
2453418.635744 0.000000 0.000000    -0.000000     1.547547 
2453419.567042 0.000000 0.000000    -0.000000     1.547547 
2453420.498340 0.000000 0.000000    -0.000000     1.547547 
2453421.429638 0.000000 0.000000    -0.000000     1.547547 
2453422.360936 0.000000 0.000000    -0.000000     1.547547 
2453423.292234 0.000000 0.000000    -0.000000     1.547547 
2453424.223531 0.000000 0.000000    -0.000000     1.547547 
2453425.154829 0.000000 0.000000    -0.000000     1.547547 
2453426.086127 0.000000 0.000000    -0.000000     1.547547 
2453427.017425 0.000000 0.000000    -0.000000     1.547547 
2453427.948723 0.000000 0.000000    -0.000000     1.547547 
2453428.880021 0.000000 0.000000    -0.000000     1.547547 
2453429.811319 0.000000 0.000000    -0.000000     1.547547 
2453430.742616 0.000000 0.000000    -0.000000     1.547547 
2453431.673914 0.000000 0.000000     0.000000     1.547547 
2453432.605212 0.000000 0.000000     0.000000     1.547547 
2453433.536510 0.000000 0.000000     0.000000     1.547547 
2453434.467808 0.000000 0.000000     0.000000     1.547547 
2453435.399106 0.000000 0.000000     0.000000     1.547547 
2453436.330404 0.000000 0.000000     0.000000     1.547547 
2453437.261701 0.000000 0.000000     0.000000     1.547547 
2453438.192999 0.000000 0.000000     0.000000     1.547547 
2453439.124297 0.000000 0.000000     0.000000     1.547547 
2453440.055595 0.000000 0.000000     0.000000     1.547547 
2453440.986893 0.000000 0.000000    -0.000000     1.547547 
2453441.918191 0.000000 0.000000    -0.000000     1.547547 
2453442.849488 0.000000 0.000000    -0.000000     1.547547 
2453443.780786 0.000000 0.000000    -0.000000     1.547547 
2453444.712084 0.000000 0.000000    -0.000000     1.547547 
2453445.643382 0.000000 0.000000    -0.000000     1.547547 
2453446.574680 0.000000 0.000000    -0.000000     1.547547 
2453447.505978 0.000000 0.000000    -0.000000     1.547547 
2453448.437276 0.000000 0.000000    -0.000000     1.547547 
2453449.368573 0.000000 0.000000    -0.000000     1.547547 
2453450.299871 0.000000 0.000000    -0.000000     1.547547 
2453451.231169 0.000000 0.000000    -0.000000     1.547547 
2453452.162467 0.000000 0.000000    -0.000000     1.547547 
2453453.093765 0.000000 0.000000    -0.000000     1.547547 
2453454.025063 0.000000 0.000000    -0.000000     1.547547 
2453454.956361 0.000000 0.000000    -0.000000     1.547547 
2453455.887658 0.000000 0.000000    -0.000000     1.547547 
2453456.818956 0.000000 0.000000    -0.000000     1.547547 
2453457.750254 0.000000 0.000000     0.000000     1.547547 
2453458.681552 0.000000 0.000000     0.000000     1.547547 
2453459.612850 0.000000 0.000000     0.000000     1.547547 
2453460.544148 0.000000 0.000000     0.000000     1.547547 
2453461.475445 0.000000 0.000000     0.000000     1.547547 
2453462.406743 0.000000 0.000000     0.000000     1.547547 
2453463.338041 0.000000 0.000000     0.000000     1.547547 
2453464.269339 0.000000 0.000000     0.000000     1.547547 
2453465.200637 0.000000 0.000000    -0.000000     1.547547 
2453466.131935 0.000000 0.000000    -0.000000     1.547547 
2453467.063233 0.000000 0.000000    -0.000000     1.547547 
2453467.994530 0.000000 0.000000    -0.000000     1.547547 
2453468.925828 0.000000 0.000000    -0.000000     1.547547 
2453469.857126 0.000000 0.000000    -0.000000     1.547547 
2453470.788424 0.000000 0.000000    -0.000000     1.547547 
2453471.719722 0.000000 0.000000    -0.000000     1.547547 
2453472.651020 0.000000 0.000000    -0.000000     1.547547 
2453473.582318 0.000000 0.000000    -0.000000     1.547547 
2453474.513615 0.000000 0.000000    -0.000000     1.547547 
2453475.444913 0.000000 0.000000    -0.000000     1.547547 
2453476.376211 0.000000 0.000000    -0.000000     1.547547 
2453477.307509 0.000000 0.000000    -0.000000     1.547547 
2453478.238807 0.000000 0.000000    -0.000000     1.547547 
2453479.170105 0.000000 0.000000    -0.000000     1.547547 
2453480.101403 0.000000 0.000000    -0.000000     1.547547 
2453481.032700 0.000000 0.000000    -0.000000     1.547547 
2453481.963998 0.000000 0.000000    -0.000000     1.547547 
2453482.895296 0.000000 0.000000    -0.000000     1.547547 
2453483.826594 0.000000 0.000000     0.000000     1.547547 
2453484.757892 0.000000 0.000000     0.000000     1.547547 
2453485.689190 0.000000 0.000000     0.000000     1.547547 
2453486.620487 0.000000 0.000000     0.000000     1.547547 
2453487.551785 0.000000 0.000000     0.000000     1.547547 
2453488.483083 0.000000 0.000000    -0.000000     1.547547 
2453489.414381 0.000000 0.000000    -0.000000     1.547547 
2453490.345679 0.000000 0.000000    -0.000000     1.547547 
2453491.276977 0.000000 0.000000    -0.000000     1.547547 
2453492.208275 0.000000 0.000000    -0.000000     1.547547 
2453493.139572 0.000000 0.000000    -0.000000     1.547547 
2453494.070870 0.000000 0.000000    -0.000000     1.547547 
2453495.002168 0.000000 0.000000    -0.000000     1.547547 
2453495.933466 0.000000 0.000000    -0.000000     1.547547 
2453496.864764 0.000000 0.000000    -0.000000     1.547547 
2453497.796062 0.000000 0.000000    -0.000000     1.547547 
2453498.727360 0.000000 0.000000    -0.000000     1.547547 
2453499.658657 0.000000 0.000000    -0.000000     1.547547 
2453500.589955 0.000000 0.000000    -0.000000     1.547547 
2453501.521253 0.000000 0.000000    -0.000000     1.547547 
2453502.452551 0.000000 0.000000    -0.000000     1.547547 
2453503.383849 0.000000 0.000000    -0.000000     1.547547 
2453504.315147 0.000000 0.000000    -0.000000     1.547547 
2453505.246444 0.000000 0.000000    -0.000000     1.547547 
2453506.177742 0.000000 0.000000    -0.000000     1.547547 
2453507.109040 0.000000 0.000000    -0.000000     1.547547 
2453508.040338 0.000000 0.000000    -0.000000     1.547547 
2453508.971636 0.000000 0.000000    -0.000000     1.547547 
2453509.902934 0.000000 0.000000    -0.000000     1.547547 
2453510.834232 0.000000 0.000000    -0.000000     1.547547 
2453511.765529 0.000000 0.000000    -0.000000     1.547547 
2453512.696827 0.000000 0.000000    -0.000000     1.547547 
2453513.628125 0.000000 0.000000    -0.000000     1.547547 
2453514.559423 0.000000 0.000000    -0.000000     1.547547 
2453515.490721 0.000000 0.000000    -0.000000     1.547547 
2453516.422019 0.000000 0.000000    -0.000000     1.547547 
2453517.353317 0.000000 0.000000    -0.000000     1.547547 
2453518.284614 0.000000 0.000000    -0.000000     1.547547 
2453519.215912 0.000000 0.000000    -0.000000     1.547547 
2453520.147210 0.000000 0.000000    -0.000000     1.547547 
2453521.078508 0.000000 0.000000    -0.000000     1.547547 
2453522.009806 0.000000 0.000000    -0.000000     1.547547 
2453522.941104 0.000000 0.000000    -0.000000     1.547547 
2453523.872401 0.000000 0.000000    -0.000000     1.547547 
2453524.803699 0.000000 0.000000    -0.000000     1.547547 
2453525.734997 0.000000 0.000000    -0.000000     1.547547 
2453526.666295 0.000000 0.000000    -0.000000     1.547547 
2453527.597593 0.000000 0.000000    -0.000000     1.547547 
2453528.528891 0.000000 0.000000    -0.000000     1.547547 
2453529.460189 0.000000 0.000000    -0.000000     1.547547 
2453530.391486 0.000000 0.000000    -0.000000     1.547547 
2453531.322784 0.000000 0.000000    -0.000000     1.547547 
2453532.254082 0.000000 0.000000    -0.000000     1.547547 
2453533.185380 0.000000 0.000000    -0.000000     1.547547 
2453534.116678 0.000000 0.000000    -0.000000     1.547547 
2453535.047976 0.000000 0.000000    -0.000000     1.547547 
2453535.979274 0.000000 0.000000    -0.000000     1.547547 
2453536.910571 0.000000 0.000000    -0.000000     1.547547 
2453537.841869 0.000000 0.000000    -0.000000     1.547547 
2453538.773167 0.000000 0.000000    -0.000000     1.547547 
2453539.704465 0.000000 0.000000    -0.000000     1.547547 
2453540.635763 0.000000 0.000000    -0.000000     1.547547 
2453541.567061 0.000000 0.000000    -0.000000     1.547547 
2453542.498359 0.000000 0.000000    -0.000000     1.547547 
2453543.429656 0.000000 0.000000    -0.000000     1.547547 
2453544.360954 0.000000 0.000000    -0.000000     1.547547 
2453545.292252 0.000000 0.000000    -0.000000     1.547547 
2453546.223550 0.000000 0.000000    -0.000000     1.547547 
2453547.154848 0.000000 0.000000    -0.000000     1.547547 
2453548.086146 0.000000 0.000000    -0.000000     1.547547 
2453549.017443 0.000000 0.000000    -0.000000     1.547547 
2453549.948741 0.000000 0.000000    -0.000000     1.547547 
2453550.880039 0.000000 0.000000    -0.000000     1.547547 
2453551.811337 0.000000 0.000000    -0.000000     1.547547 
2453552.742635 0.000000 0.000000    -0.000000     1.547547 
2453553.673933 0.000000 0.000000    -0.000000     1.547547 
2453554.605231 0.000000 0.000000    -0.000000     1.547547 
2453555.536528 0.000000 0.000000    -0.000000     1.547547 
2453556.467826 0.000000 0.000000    -0.000000     1.547547 
2453557.399124 0.000000 0.000000    -0.000000     1.547547 
2453558.330422 0.000000 0.000000    -0.000000     1.547547 
2453559.261720 0.000000 0.000000    -0.000000     1.547547 
2453560.193018 0.000000 0.000000    -0.000000     1.547547 
2453561.124316 0.000000 0.000000    -0.000000     1.547547 
2453562.055613 0.000000 0.000000    -0.000000     1.547547 
2453562.986911 0.000000 0.000000    -0.000000     1.547547 
2453563.918209 0.000000 0.000000    -0.000000     1.547547 
2453564.849507 0.000000 0.000000    -0.000000     1.547547 
2453565.780805 0.000000 0.000000    -0.000000     1.547547 
2453566.712103 0.000000 0.000000    -0.000000     1.547547 
2453567.643400 0.000000 0.000000    -0.000000     1.547547 
2453568.574698 0.000000 0.000000    -0.000000     1.547547 
2453569.505996 0.000000 0.000000    -0.000000     1.547547 
2453570.437294 0.000000 0.000000    -0.000000     1.547547 
2453571.368592 0.000000 0.000000     0.000000     1.547547 
2453572.299890 0.000000 0.000000     0.000000     1.547547 
2453573.231188 0.000000 0.000000     0.000000     1.547547 
2453574.162485 0.000000 0.000000     0.000000     1.547547 
2453575.093783 0.000000 0.000000     0.000000     1.547547 
2453576.025081 0.000000 0.000000     0.000000     1.547547 
2453576.956379 0.000000 0.000000     0.000000     1.547547 
2453577.887677 0.000000 0.000000     0.000000     1.547547 
2453578.818975 0.000000 0.000000     0.000000     1.547547 
2453579.750273 0.000000 0.000000     0.000000     1.547547 
2453580.681570 0.000000 0.000000     0.000000     1.547547 
2453581.612868 0.000000 0.000000     0.000000     1.547547 
2453582.544166 0.000000 0.000000     0.000000     1.547547 
2453583.475464 0.000000 0.000000     0.000000     1.547547 
2453584.406762 0.000000 0.000000     0.000000     1.547547 
2453585.338060 0.000000 0.000000     0.000000     1.547547 
2453586.269358 0.000000 0.000000     0.000000     1.547547 
2453587.200655 0.000000 0.000000     0.000000     1.547547 
2453588.131953 0.000000 0.000000     0.000000     1.547547 
2453589.063251 0.000000 0.000000    -0.000000     1.547547 
2453589.994549 0.000000 0.000000    -0.000000     1.547547 
2453590.925847 0.000000 0.000000    -0.000000     1.547547 
2453591.857145 0.000000 0.000000    -0.000000     1.547547 
2453592.788442 0.000000 0.000000    -0.000000     1.547547 
2453593.719740 0.000000 0.000000    -0.000000     1.547547 
2453594.651038 0.000000 0.000000    -0.000000     1.547547 
2453595.582336 0.000000 0.000000    -0.000000     1.547547 
2453596.513634 0.000000 0.000000    -0.000000     1.547547 
2453597.444932 0.000000 0.000000    -0.000000     1.547547 
2453598.376230 0.000000 0.000000    -0.000000     1.547547 
2453599.307527 0.000000 0.000000    -0.000000     1.547547 
2453600.238825 0.000000 0.000000    -0.000000     1.547547 
2453601.170123 0.000000 0.000000    -0.000000     1.547547 
2453602.101421 0.000000 0.000000     0.000000     1.547547 
2453603.032719 0.000000 0.000000     0.000000     1.547547 
2453603.964017 0.000000 0.000000     0.000000     1.547547 
2453604.895315 0.000000 0.000000     0.000000     1.547547 
2453605.826612 0.000000 0.000000     0.000000     1.547547 
2453606.757910 0.000000 0.000000     0.000000     1.547547 
2453607.689208 0.000000 0.000000     0.000000     1.547547 
2453608.620506 0.000000 0.000000     0.000000     1.547547 
2453609.551804 0.000000 0.000000     0.000000     1.547547 
2453610.483102 0.000000 0.000000     0.000000     1.547547 
2453611.414399 0.000000 0.000000     0.000000     1.547547 
2453612.345697 0.000000 0.000000     0.000000     1.547547 
2453613.276995 0.000000 0.000000     0.000000     1.547547 
2453614.208293 0.000000 0.000000     0.000000     1.547547 
2453615.139591 0.000000 0.000000     0.000000     1.547547 
2453616.070889 0.000000 0.000000    -0.000000     1.547547 
2453617.002187 0.000000 0.000000    -0.000000     1.547547 
2453617.933484 0.000000 0.000000    -0.000000     1.547547 
2453618.864782 0.000000 0.000000    -0.000000     1.547547 
2453619.796080 0.000000 0.000000    -0.000000     1.547547 
2453620.727378 0.000000 0.000000    -0.000000     1.547547 
2453621.658676 0.000000 0.000000    -0.000000     1.547547 
2453622.589974 0.000000 0.000000    -0.000000     1.547547 
2453623.521272 0.000000 0.000000    -0.000000     1.547547 
2453624.452569 0.000000 0.000000    -0.000000     1.547547 
2453625.383867 0.000000 0.000000    -0.000000     1.547547 
2453626.315165 0.000000 0.000000    -0.000000     1.547547 
2453627.246463 0.000000 0.000000    -0.000000     1.547547 
2453628.177761 0.000000 0.000000    -0.000000     1.547547 
2453629.109059 0.000000 0.000000    -0.000000     1.547547 
2453630.040356 0.000000 0.000000    -0.000000     1.547547 
2453630.971654 0.000000 0.000000     0.000000     1.547547 
2453631.902952 0.000000 0.000000     0.000000     1.547547 
2453632.834250 0.000000 0.000000     0.000000     1.547547 
2453633.765548 0.000000 0.000000     0.000000     1.547547 
2453634.696846 0.000000 0.000000     0.000000     1.547547 
2453635.628144 0.000000 0.000000     0.000000     1.547547 
2453636.559441 0.000000 0.000000     0.000000     1.547547 
2453637.490739 0.000000 0.000000     0.000000     1.547547 
2453638.422037 0.000000 0.000000     0.000000     1.547547 
2453639.353335 0.000000 0.000000     0.000000     1.547547 
2453640.284633 0.000000 0.000000     0.000000     1.547547 
2453641.215931 0.000000 0.000000    -0.000000     1.547547 
2453642.147229 0.000000 0.000000    -0.000000     1.547547 
2453643.078526 0.000000 0.000000    -0.000000     1.547547 
2453644.009824 0.000000 0.000000    -0.000000     1.547547 
2453644.941122 0.000000 0.000000    -0.000000     1.547547 
2453645.872420 0.000000 0.000000    -0.000000     1.547547 
2453646.803718 0.000000 0.000000    -0.000000     1.547547 
2453647.735016 0.000000 0.000000    -0.000000     1.547547 
2453648.666314 0.000000 0.000000    -0.000000     1.547547 
2453649.597611 0.000000 0.000000    -0.000000     1.547547 
2453650.528909 0.000000 0.000000    -0.000000     1.547547 
2453651.460207 0.000000 0.000000    -0.000000     1.547547 
2453652.391505 0.000000 0.000000    -0.000000     1.547547 
2453653.322803 0.000000 0.000000    -0.000000     1.547547 
2453654.254101 0.000000 0.000000    -0.000000     1.547547 
2453655.185398 0.000000 0.000000    -0.000000     1.547547 
2453656.116696 0.000000 0.000000    -0.000000     1.547547 
2453657.047994 0.000000 0.000000     0.000000     1.547547 
2453657.979292 0.000000 0.000000     0.000000     1.547547 
2453658.910590 0.000000 0.000000     0.000000     1.547547 
2453659.841888 0.000000 0.000000     0.000000     1.547547 
2453660.773186 0.000000 0.000000     0.000000     1.547547 
2453661.704483 0.000000 0.000000     0.000000     1.547547 
2453662.635781 0.000000 0.000000     0.000000     1.547547 
2453663.567079 0.000000 0.000000     0.000000     1.547547 
2453664.498377 0.000000 0.000000     0.000000     1.547547 
2453665.429675 0.000000 0.000000    -0.000000     1.547547 
2453666.360973 0.000000 0.000000    -0.000000     1.547547 
2453667.292271 0.000000 0.000000    -0.000000     1.547547 
2453668.223568 0.000000 0.000000    -0.000000     1.547547 
2453669.154866 0.000000 0.000000    -0.000000     1.547547 
2453670.086164 0.000000 0.000000    -0.000000     1.547547 
2453671.017462 0.000000 0.000000    -0.000000     1.547547 
2453671.948760 0.000000 0.000000    -0.000000     1.547547 
2453672.880058 0.000000 0.000000    -0.000000     1.547547 
2453673.811355 0.000000 0.000000    -0.000000     1.547547 
2453674.742653 0.000000 0.000000    -0.000000     1.547547 
2453675.673951 0.000000 0.000000    -0.000000     1.547547 
2453676.605249 0.000000 0.000000    -0.000000     1.547547 
2453677.536547 0.000000 0.000000    -0.000000     1.547547 
2453678.467845 0.000000 0.000000    -0.000000     1.547547 
2453679.399143 0.000000 0.000000    -0.000000     1.547547 
2453680.330440 0.000000 0.000000    -0.000000     1.547547 
2453681.261738 0.000000 0.000000    -0.000000     1.547547 
2453682.193036 0.000000 0.000000     0.000000     1.547547 
2453683.124334 0.000000 0.000000     0.000000     1.547547 
2453684.055632 0.000000 0.000000     0.000000     1.547547 
2453684.986930 0.000000 0.000000     0.000000     1.547547 
2453685.918228 0.000000 0.000000     0.000000     1.547547 
2453686.849525 0.000000 0.000000     0.000000     1.547547 
2453687.780823 0.000000 0.000000     0.000000     1.547547 
2453688.712121 0.000000 0.000000     0.000000     1.547547 
2453689.643419 0.000000 0.000000    -0.000000     1.547547 
2453690.574717 0.000000 0.000000    -0.000000     1.547547 
2453691.506015 0.000000 0.000000    -0.000000     1.547547 
2453692.437312 0.000000 0.000000    -0.000000     1.547547 
2453693.368610 0.000000 0.000000    -0.000000     1.547547 
2453694.299908 0.000000 0.000000    -0.000000     1.547547 
2453695.231206 0.000000 0.000000    -0.000000     1.547547 
2453696.162504 0.000000 0.000000    -0.000000     1.547547 
2453697.093802 0.000000 0.000000    -0.000000     1.547547 
2453698.025100 0.000000 0.000000    -0.000000     1.547547 
2453698.956397 0.000000 0.000000    -0.000000     1.547547 
2453699.887695 0.000000 0.000000    -0.000000     1.547547 
2453700.818993 0.000000 0.000000    -0.000000     1.547547 
2453701.750291 0.000000 0.000000    -0.000000     1.547547 
2453702.681589 0.000000 0.000000    -0.000000     1.547547 
2453703.612887 0.000000 0.000000    -0.000000     1.547547 
2453704.544185 0.000000 0.000000    -0.000000     1.547547 
2453705.475482 0.000000 0.000000    -0.000000     1.547547 
2453706.406780 0.000000 0.000000    -0.000000     1.547547 
2453707.338078 0.000000 0.000000    -0.000000     1.547547 
2453708.269376 0.000000 0.000000    -0.000000     1.547547 
2453709.200674 0.000000 0.000000    -0.000000     1.547547 
2453710.131972 0.000000 0.000000    -0.000000     1.547547 
2453711.063270 0.000000 0.000000    -0.000000     1.547547 
2453711.994567 0.000000 0.000000    -0.000000     1.547547 
2453712.925865 0.000000 0.000000    -0.000000     1.547547 
2453713.857163 0.000000 0.000000    -0.000000     1.547547 
2453714.788461 0.000000 0.000000    -0.000000     1.547547 
2453715.719759 0.000000 0.000000    -0.000000     1.547547 
2453716.651057 0.000000 0.000000    -0.000000     1.547547 
2453717.582354 0.000000 0.000000    -0.000000     1.547547 
2453718.513652 0.000000 0.000000    -0.000000     1.547547 
2453719.444950 0.000000 0.000000    -0.000000     1.547547 
2453720.376248 0.000000 0.000000    -0.000000     1.547547 
2453721.307546 0.000000 0.000000    -0.000000     1.547547 
2453722.238844 0.000000 0.000000    -0.000000     1.547547 
2453723.170142 0.000000 0.000000    -0.000000     1.547547 
2453724.101439 0.000000 0.000000    -0.000000     1.547547 
2453725.032737 0.000000 0.000000    -0.000000     1.547547 
2453725.964035 0.000000 0.000000    -0.000000     1.547547 
2453726.895333 0.000000 0.000000    -0.000000     1.547547 
2453727.826631 0.000000 0.000000    -0.000000     1.547547 
2453728.757929 0.000000 0.000000    -0.000000     1.547547 
2453729.689227 0.000000 0.000000    -0.000000     1.547547 
2453730.620524 0.000000 0.000000    -0.000000     1.547547 
2453731.551822 0.000000 0.000000    -0.000000     1.547547 
2453732.483120 0.000000 0.000000    -0.000000     1.547547 
2453733.414418 0.000000 0.000000    -0.000000     1.547547 
2453734.345716 0.000000 0.000000    -0.000000     1.547547 
2453735.277014 0.000000 0.000000    -0.000000     1.547547 
2453736.208311 0.000000 0.000000    -0.000000     1.547547 
2453737.139609 0.000000 0.000000    -0.000000     1.547547 
2453738.070907 0.000000 0.000000    -0.000000     1.547547 
2453739.002205 0.000000 0.000000    -0.000000     1.547547 
2453739.933503 0.000000 0.000000    -0.000000     1.547547 
2453740.864801 0.000000 0.000000    -0.000000     1.547547 
2453741.796099 0.000000 0.000000    -0.000000     1.547547 
2453742.727396 0.000000 0.000000    -0.000000     1.547547 
2453743.658694 0.000000 0.000000    -0.000000     1.547547 
2453744.589992 0.000000 0.000000    -0.000000     1.547547 
2453745.521290 0.000000 0.000000    -0.000000     1.547547 
2453746.452588 0.000000 0.000000    -0.000000     1.547547 
2453747.383886 0.000000 0.000000    -0.000000     1.547547 
2453748.315184 0.000000 0.000000    -0.000000     1.547547 
2453749.246481 0.000000 0.000000    -0.000000     1.547547 
2453750.177779 0.000000 0.000000    -0.000000     1.547547 
2453751.109077 0.000000 0.000000    -0.000000     1.547547 
2453752.040375 0.000000 0.000000    -0.000000     1.547547 
2453752.971673 0.000000 0.000000    -0.000000     1.547547 
2453753.902971 0.000000 0.000000    -0.000000     1.547547 
2453754.834268 0.000000 0.000000    -0.000000     1.547547 
2453755.765566 0.000000 0.000000    -0.000000     1.547547 
2453756.696864 0.000000 0.000000    -0.000000     1.547547 
2453757.628162 0.000000 0.000000    -0.000000     1.547547 
2453758.559460 0.000000 0.000000    -0.000000     1.547547 
2453759.490758 0.000000 0.000000    -0.000000     1.547547 
2453760.422056 0.000000 0.000000    -0.000000     1.547547 
2453761.353353 0.000000 0.000000    -0.000000     1.547547 
2453762.284651 0.000000 0.000000    -0.000000     1.547547 
2453763.215949 0.000000 0.000000    -0.000000     1.547547 
2453764.147247 0.000000 0.000000    -0.000000     1.547547 
2453765.078545 0.000000 0.000000    -0.000000     1.547547 
2453766.009843 0.000000 0.000000    -0.000000     1.547547 
2453766.941141 0.000000 0.000000    -0.000000     1.547547 
2453767.872438 0.000000 0.000000    -0.000000     1.547547 
2453768.803736 0.000000 0.000000    -0.000000     1.547547 
2453769.735034 0.000000 0.000000    -0.000000     1.547547 
2453770.666332 0.000000 0.000000    -0.000000     1.547547 
2453771.597630 0.000000 0.000000    -0.000000     1.547547 
2453772.528928 0.000000 0.000000    -0.000000     1.547547 
2453773.460226 0.000000 0.000000    -0.000000     1.547547 
2453774.391523 0.000000 0.000000    -0.000000     1.547547 
2453775.322821 0.000000 0.000000    -0.000000     1.547547 
2453776.254119 0.000000 0.000000    -0.000000     1.547547 
2453777.185417 0.000000 0.000000    -0.000000     1.547547 
2453778.116715 0.000000 0.000000    -0.000000     1.547547 
2453779.048013 0.000000 0.000000    -0.000000     1.547547 
2453779.979310 0.000000 0.000000    -0.000000     1.547547 
2453780.910608 0.000000 0.000000    -0.000000     1.547547 
2453781.841906 0.000000 0.000000    -0.000000     1.547547 
2453782.773204 0.000000 0.000000    -0.000000     1.547547 
2453783.704502 0.000000 0.000000    -0.000000     1.547547 
2453784.635800 0.000000 0.000000    -0.000000     1.547547 
2453785.567098 0.000000 0.000000    -0.000000     1.547547 
2453786.498395 0.000000 0.000000    -0.000000     1.547547 
2453787.429693 0.000000 0.000000    -0.000000     1.547547 
2453788.360991 0.000000 0.000000    -0.000000     1.547547 
2453789.292289 0.000000 0.000000    -0.000000     1.547547 
2453790.223587 0.000000 0.000000    -0.000000     1.547547 
2453791.154885 0.000000 0.000000    -0.000000     1.547547 
2453792.086183 0.000000 0.000000    -0.000000     1.547547 
2453793.017480 0.000000 0.000000    -0.000000     1.547547 
2453793.948778 0.000000 0.000000    -0.000000     1.547547 
2453794.880076 0.000000 0.000000    -0.000000     1.547547 
2453795.811374 0.000000 0.000000     0.000000     1.547547 
2453796.742672 0.000000 0.000000     0.000000     1.547547 
2453797.673970 0.000000 0.000000     0.000000     1.547547 
2453798.605267 0.000000 0.000000    -0.000000     1.547547 
2453799.536565 0.000000 0.000000    -0.000000     1.547547 
2453800.467863 0.000000 0.000000     0.000000     1.547547 
2453801.399161 0.000000 0.000000     0.000000     1.547547 
2453802.330459 0.000000 0.000000     0.000000     1.547547 
2453803.261757 0.000000 0.000000     0.000000     1.547547 
2453804.193055 0.000000 0.000000     0.000000     1.547547 
2453805.124352 0.000000 0.000000     0.000000     1.547547 
2453806.055650 0.000000 0.000000     0.000000     1.547547 
2453806.986948 0.000000 0.000000     0.000000     1.547547 
2453807.918246 0.000000 0.000000     0.000000     1.547547 
2453808.849544 0.000000 0.000000     0.000000     1.547547 
2453809.780842 0.000000 0.000000     0.000000     1.547547 
2453810.712140 0.000000 0.000000     0.000000     1.547547 
2453811.643437 0.000000 0.000000     0.000000     1.547547 
2453812.574735 0.000000 0.000000     0.000000     1.547547 
2453813.506033 0.000000 0.000000     0.000000     1.547547 
2453814.437331 0.000000 0.000000     0.000000     1.547547 
2453815.368629 0.000000 0.000000     0.000000     1.547547 
2453816.299927 0.000000 0.000000    -0.000000     1.547547 
2453817.231224 0.000000 0.000000    -0.000000     1.547547 
2453818.162522 0.000000 0.000000    -0.000000     1.547547 
2453819.093820 0.000000 0.000000    -0.000000     1.547547 
2453820.025118 0.000000 0.000000    -0.000000     1.547547 
2453820.956416 0.000000 0.000000    -0.000000     1.547547 
2453821.887714 0.000000 0.000000    -0.000000     1.547547 
2453822.819012 0.000000 0.000000    -0.000000     1.547547 
2453823.750309 0.000000 0.000000    -0.000000     1.547547 
2453824.681607 0.000000 0.000000    -0.000000     1.547547 
2453825.612905 0.000000 0.000000    -0.000000     1.547547 
2453826.544203 0.000000 0.000000    -0.000000     1.547547 
2453827.475501 0.000000 0.000000     0.000000     1.547547 
2453828.406799 0.000000 0.000000     0.000000     1.547547 
2453829.338097 0.000000 0.000000     0.000000     1.547547 
2453830.269394 0.000000 0.000000     0.000000     1.547547 
2453831.200692 0.000000 0.000000     0.000000     1.547547 
2453832.131990 0.000000 0.000000     0.000000     1.547547 
2453833.063288 0.000000 0.000000     0.000000     1.547547 
2453833.994586 0.000000 0.000000     0.000000     1.547547 
2453834.925884 0.000000 0.000000     0.000000     1.547547 
2453835.857182 0.000000 0.000000     0.000000     1.547547 
2453836.788479 0.000000 0.000000     0.000000     1.547547 
2453837.719777 0.000000 0.000000     0.000000     1.547547 
2453838.651075 0.000000 0.000000     0.000000     1.547547 
2453839.582373 0.000000 0.000000     0.000000     1.547547 
2453840.513671 0.000000 0.000000    -0.000000     1.547547 
2453841.444969 0.000000 0.000000    -0.000000     1.547547 
2453842.376266 0.000000 0.000000    -0.000000     1.547547 
2453843.307564 0.000000 0.000000    -0.000000     1.547547 
2453844.238862 0.000000 0.000000    -0.000000     1.547547 
2453845.170160 0.000000 0.000000    -0.000000     1.547547 
2453846.101458 0.000000 0.000000    -0.000000     1.547547 
2453847.032756 0.000000 0.000000    -0.000000     1.547547 
2453847.964054 0.000000 0.000000    -0.000000     1.547547 
2453848.895351 0.000000 0.000000    -0.000000     1.547547 
2453849.826649 0.000000 0.000000    -0.000000     1.547547 
2453850.757947 0.000000 0.000000    -0.000000     1.547547 
2453851.689245 0.000000 0.000000    -0.000000     1.547547 
2453852.620543 0.000000 0.000000    -0.000000     1.547547 
2453853.551841 0.000000 0.000000    -0.000000     1.547547 
2453854.483139 0.000000 0.000000    -0.000000     1.547547 
2453855.414436 0.000000 0.000000     0.000000     1.547547 
2453856.345734 0.000000 0.000000     0.000000     1.547547 
2453857.277032 0.000000 0.000000     0.000000     1.547547 
2453858.208330 0.000000 0.000000     0.000000     1.547547 
2453859.139628 0.000000 0.000000     0.000000     1.547547 
2453860.070926 0.000000 0.000000     0.000000     1.547547 
2453861.002223 0.000000 0.000000     0.000000     1.547547 
2453861.933521 0.000000 0.000000     0.000000     1.547547 
2453862.864819 0.000000 0.000000     0.000000     1.547547 
2453863.796117 0.000000 0.000000     0.000000     1.547547 
2453864.727415 0.000000 0.000000     0.000000     1.547547 
2453865.658713 0.000000 0.000000    -0.000000     1.547547 
2453866.590011 0.000000 0.000000    -0.000000     1.547547 
2453867.521308 0.000000 0.000000    -0.000000     1.547547 
2453868.452606 0.000000 0.000000    -0.000000     1.547547 
2453869.383904 0.000000 0.000000    -0.000000     1.547547 
2453870.315202 0.000000 0.000000    -0.000000     1.547547 
2453871.246500 0.000000 0.000000    -0.000000     1.547547 
2453872.177798 0.000000 0.000000    -0.000000     1.547547 
2453873.109096 0.000000 0.000000    -0.000000     1.547547 
2453874.040393 0.000000 0.000000    -0.000000     1.547547 
2453874.971691 0.000000 0.000000    -0.000000     1.547547 
2453875.902989 0.000000 0.000000    -0.000000     1.547547 
2453876.834287 0.000000 0.000000    -0.000000     1.547547 
2453877.765585 0.000000 0.000000    -0.000000     1.547547 
2453878.696883 0.000000 0.000000    -0.000000     1.547547 
2453879.628181 0.000000 0.000000    -0.000000     1.547547 
2453880.559478 0.000000 0.000000    -0.000000     1.547547 
2453881.490776 0.000000 0.000000     0.000000     1.547547 
2453882.422074 0.000000 0.000000     0.000000     1.547547 
2453883.353372 0.000000 0.000000     0.000000     1.547547 
2453884.284670 0.000000 0.000000     0.000000     1.547547 
2453885.215968 0.000000 0.000000     0.000000     1.547547 
2453886.147265 0.000000 0.000000     0.000000     1.547547 
2453887.078563 0.000000 0.000000     0.000000     1.547547 
2453888.009861 0.000000 0.000000     0.000000     1.547547 
2453888.941159 0.000000 0.000000     0.000000     1.547547 
2453889.872457 0.000000 0.000000    -0.000000     1.547547 
2453890.803755 0.000000 0.000000    -0.000000     1.547547 
2453891.735053 0.000000 0.000000    -0.000000     1.547547 
2453892.666350 0.000000 0.000000    -0.000000     1.547547 
2453893.597648 0.000000 0.000000    -0.000000     1.547547 
2453894.528946 0.000000 0.000000    -0.000000     1.547547 
2453895.460244 0.000000 0.000000    -0.000000     1.547547 
2453896.391542 0.000000 0.000000    -0.000000     1.547547 
2453897.322840 0.000000 0.000000    -0.000000     1.547547 
2453898.254138 0.000000 0.000000    -0.000000     1.547547 
2453899.185435 0.000000 0.000000    -0.000000     1.547547 
2453900.116733 0.000000 0.000000    -0.000000     1.547547 
2453901.048031 0.000000 0.000000    -0.000000     1.547547 
2453901.979329 0.000000 0.000000    -0.000000     1.547547 
2453902.910627 0.000000 0.000000    -0.000000     1.547547 
2453903.841925 0.000000 0.000000    -0.000000     1.547547 
2453904.773222 0.000000 0.000000    -0.000000     1.547547 
2453905.704520 0.000000 0.000000    -0.000000     1.547547 
2453906.635818 0.000000 0.000000    -0.000000     1.547547 
2453907.567116 0.000000 0.000000     0.000000     1.547547 
2453908.498414 0.000000 0.000000     0.000000     1.547547 
2453909.429712 0.000000 0.000000     0.000000     1.547547 
2453910.361010 0.000000 0.000000     0.000000     1.547547 
2453911.292307 0.000000 0.000000     0.000000     1.547547 
2453912.223605 0.000000 0.000000     0.000000     1.547547 
2453913.154903 0.000000 0.000000    -0.000000     1.547547 
2453914.086201 0.000000 0.000000    -0.000000     1.547547 
2453915.017499 0.000000 0.000000    -0.000000     1.547547 
2453915.948797 0.000000 0.000000    -0.000000     1.547547 
2453916.880095 0.000000 0.000000    -0.000000     1.547547 
2453917.811392 0.000000 0.000000    -0.000000     1.547547 
2453918.742690 0.000000 0.000000    -0.000000     1.547547 
2453919.673988 0.000000 0.000000    -0.000000     1.547547 
2453920.605286 0.000000 0.000000    -0.000000     1.547547 
2453921.536584 0.000000 0.000000    -0.000000     1.547547 
2453922.467882 0.000000 0.000000    -0.000000     1.547547 
2453923.399179 0.000000 0.000000    -0.000000     1.547547 
2453924.330477 0.000000 0.000000    -0.000000     1.547547 
2453925.261775 0.000000 0.000000    -0.000000     1.547547 
2453926.193073 0.000000 0.000000    -0.000000     1.547547 
2453927.124371 0.000000 0.000000    -0.000000     1.547547 
2453928.055669 0.000000 0.000000    -0.000000     1.547547 
2453928.986967 0.000000 0.000000    -0.000000     1.547547 
2453929.918264 0.000000 0.000000    -0.000000     1.547547 
2453930.849562 0.000000 0.000000    -0.000000     1.547547 
2453931.780860 0.000000 0.000000    -0.000000     1.547547 
2453932.712158 0.000000 0.000000    -0.000000     1.547547 
2453933.643456 0.000000 0.000000    -0.000000     1.547547 
2453934.574754 0.000000 0.000000    -0.000000     1.547547 
2453935.506052 0.000000 0.000000    -0.000000     1.547547 
2453936.437349 0.000000 0.000000    -0.000000     1.547547 
2453937.368647 0.000000 0.000000    -0.000000     1.547547 
2453938.299945 0.000000 0.000000    -0.000000     1.547547 
2453939.231243 0.000000 0.000000    -0.000000     1.547547 
2453940.162541 0.000000 0.000000    -0.000000     1.547547 
2453941.093839 0.000000 0.000000    -0.000000     1.547547 
2453942.025137 0.000000 0.000000    -0.000000     1.547547 
2453942.956434 0.000000 0.000000    -0.000000     1.547547 
2453943.887732 0.000000 0.000000    -0.000000     1.547547 
2453944.819030 0.000000 0.000000    -0.000000     1.547547 
2453945.750328 0.000000 0.000000    -0.000000     1.547547 
2453946.681626 0.000000 0.000000    -0.000000     1.547547 
2453947.612924 0.000000 0.000000    -0.000000     1.547547 
2453948.544221 0.000000 0.000000    -0.000000     1.547547 
2453949.475519 0.000000 0.000000    -0.000000     1.547547 
2453950.406817 0.000000 0.000000    -0.000000     1.547547 
2453951.338115 0.000000 0.000000    -0.000000     1.547547 
2453952.269413 0.000000 0.000000    -0.000000     1.547547 
2453953.200711 0.000000 0.000000    -0.000000     1.547547 
2453954.132009 0.000000 0.000000    -0.000000     1.547547 
2453955.063306 0.000000 0.000000    -0.000000     1.547547 
2453955.994604 0.000000 0.000000    -0.000000     1.547547 
2453956.925902 0.000000 0.000000    -0.000000     1.547547 
2453957.857200 0.000000 0.000000    -0.000000     1.547547 
2453958.788498 0.000000 0.000000    -0.000000     1.547547 
2453959.719796 0.000000 0.000000    -0.000000     1.547547 
2453960.651094 0.000000 0.000000    -0.000000     1.547547 
2453961.582391 0.000000 0.000000    -0.000000     1.547547 
2453962.513689 0.000000 0.000000    -0.000000     1.547547 
2453963.444987 0.000000 0.000000    -0.000000     1.547547 
2453964.376285 0.000000 0.000000    -0.000000     1.547547 
2453965.307583 0.000000 0.000000    -0.000000     1.547547 
2453966.238881 0.000000 0.000000    -0.000000     1.547547 
2453967.170178 0.000000 0.000000    -0.000000     1.547547 
2453968.101476 0.000000 0.000000    -0.000000     1.547547 
2453969.032774 0.000000 0.000000    -0.000000     1.547547 
2453969.964072 0.000000 0.000000    -0.000000     1.547547 
2453970.895370 0.000000 0.000000    -0.000000     1.547547 
2453971.826668 0.000000 0.000000    -0.000000     1.547547 
2453972.757966 0.000000 0.000000    -0.000000     1.547547 
2453973.689263 0.000000 0.000000    -0.000000     1.547547 
2453974.620561 0.000000 0.000000    -0.000000     1.547547 
2453975.551859 0.000000 0.000000    -0.000000     1.547547 
2453976.483157 0.000000 0.000000    -0.000000     1.547547 
2453977.414455 0.000000 0.000000    -0.000000     1.547547 
2453978.345753 0.000000 0.000000    -0.000000     1.547547 
2453979.277051 0.000000 0.000000    -0.000000     1.547547 
2453980.208348 0.000000 0.000000    -0.000000     1.547547 
2453981.139646 0.000000 0.000000    -0.000000     1.547547 
2453982.070944 0.000000 0.000000    -0.000000     1.547547 
2453983.002242 0.000000 0.000000    -0.000000     1.547547 
2453983.933540 0.000000 0.000000    -0.000000     1.547547 
2453984.864838 0.000000 0.000000    -0.000000     1.547547 
2453985.796135 0.000000 0.000000    -0.000000     1.547547 
2453986.727433 0.000000 0.000000    -0.000000     1.547547 
2453987.658731 0.000000 0.000000    -0.000000     1.547547 
2453988.590029 0.000000 0.000000    -0.000000     1.547547 
2453989.521327 0.000000 0.000000    -0.000000     1.547547 
2453990.452625 0.000000 0.000000    -0.000000     1.547547 
2453991.383923 0.000000 0.000000    -0.000000     1.547547 
2453992.315220 0.000000 0.000000    -0.000000     1.547547 
2453993.246518 0.000000 0.000000    -0.000000     1.547547 
2453994.177816 0.000000 0.000000    -0.000000     1.547547 
2453995.109114 0.000000 0.000000    -0.000000     1.547547 
2453996.040412 0.000000 0.000000     0.000000     1.547547 
2453996.971710 0.000000 0.000000     0.000000     1.547547 
2453997.903008 0.000000 0.000000     0.000000     1.547547 
2453998.834305 0.000000 0.000000    -0.000000     1.547547 
2453999.765603 0.000000 0.000000    -0.000000     1.547547 
2454000.696901 0.000000 0.000000     0.000000     1.547547 
2454001.628199 0.000000 0.000000     0.000000     1.547547 
2454002.559497 0.000000 0.000000     0.000000     1.547547 
2454003.490795 0.000000 0.000000     0.000000     1.547547 
2454004.422093 0.000000 0.000000     0.000000     1.547547 
2454005.353390 0.000000 0.000000    -0.000000     1.547547 
2454006.284688 0.000000 0.000000    -0.000000     1.547547 
2454007.215986 0.000000 0.000000    -0.000000     1.547547 
2454008.147284 0.000000 0.000000    -0.000000     1.547547 
2454009.078582 0.000000 0.000000    -0.000000     1.547547 
2454010.009880 0.000000 0.000000    -0.000000     1.547547 
2454010.941177 0.000000 0.000000    -0.000000     1.547547 
2454011.872475 0.000000 0.000000    -0.000000     1.547547 
2454012.803773 0.000000 0.000000    -0.000000     1.547547 
2454013.735071 0.000000 0.000000    -0.000000     1.547547 
2454014.666369 0.000000 0.000000    -0.000000     1.547547 
2454015.597667 0.000000 0.000000    -0.000000     1.547547 
2454016.528965 0.000000 0.000000    -0.000000     1.547547 
2454017.460262 0.000000 0.000000    -0.000000     1.547547 
2454018.391560 0.000000 0.000000    -0.000000     1.547547 
2454019.322858 0.000000 0.000000    -0.000000     1.547547 
2454020.254156 0.000000 0.000000    -0.000000     1.547547 
2454021.185454 0.000000 0.000000    -0.000000     1.547547 
2454022.116752 0.000000 0.000000    -0.000000     1.547547 
2454023.048050 0.000000 0.000000    -0.000000     1.547547 
2454023.979347 0.000000 0.000000    -0.000000     1.547547 
2454024.910645 0.000000 0.000000    -0.000000     1.547547 
2454025.841943 0.000000 0.000000     0.000000     1.547547 
2454026.773241 0.000000 0.000000     0.000000     1.547547 
2454027.704539 0.000000 0.000000     0.000000     1.547547 
2454028.635837 0.000000 0.000000     0.000000     1.547547 
2454029.567134 0.000000 0.000000     0.000000     1.547547 
2454030.498432 0.000000 0.000000     0.000000     1.547547 
2454031.429730 0.000000 0.000000     0.000000     1.547547 
2454032.361028 0.000000 0.000000     0.000000     1.547547 
2454033.292326 0.000000 0.000000     0.000000     1.547547 
2454034.223624 0.000000 0.000000     0.000000     1.547547 
2454035.154922 0.000000 0.000000     0.000000     1.547547 
2454036.086219 0.000000 0.000000     0.000000     1.547547 
2454037.017517 0.000000 0.000000     0.000000     1.547547 
2454037.948815 0.000000 0.000000     0.000000     1.547547 
2454038.880113 0.000000 0.000000     0.000000     1.547547 
2454039.811411 0.000000 0.000000     0.000000     1.547547 
2454040.742709 0.000000 0.000000    -0.000000     1.547547 
2454041.674007 0.000000 0.000000    -0.000000     1.547547 
2454042.605304 0.000000 0.000000    -0.000000     1.547547 
2454043.536602 0.000000 0.000000    -0.000000     1.547547 
2454044.467900 0.000000 0.000000    -0.000000     1.547547 
2454045.399198 0.000000 0.000000    -0.000000     1.547547 
2454046.330496 0.000000 0.000000    -0.000000     1.547547 
2454047.261794 0.000000 0.000000    -0.000000     1.547547 
2454048.193091 0.000000 0.000000    -0.000000     1.547547 
2454049.124389 0.000000 0.000000    -0.000000     1.547547 
2454050.055687 0.000000 0.000000    -0.000000     1.547547 
2454050.986985 0.000000 0.000000    -0.000000     1.547547 
2454051.918283 0.000000 0.000000    -0.000000     1.547547 
2454052.849581 0.000000 0.000000     0.000000     1.547547 
2454053.780879 0.000000 0.000000     0.000000     1.547547 
2454054.712176 0.000000 0.000000     0.000000     1.547547 
2454055.643474 0.000000 0.000000     0.000000     1.547547 
2454056.574772 0.000000 0.000000     0.000000     1.547547 
2454057.506070 0.000000 0.000000     0.000000     1.547547 
2454058.437368 0.000000 0.000000     0.000000     1.547547 
2454059.368666 0.000000 0.000000     0.000000     1.547547 
2454060.299964 0.000000 0.000000     0.000000     1.547547 
2454061.231261 0.000000 0.000000     0.000000     1.547547 
2454062.162559 0.000000 0.000000     0.000000     1.547547 
2454063.093857 0.000000 0.000000     0.000000     1.547547 
2454064.025155 0.000000 0.000000     0.000000     1.547547 
2454064.956453 0.000000 0.000000     0.000000     1.547547 
2454065.887751 0.000000 0.000000    -0.000000     1.547547 
2454066.819049 0.000000 0.000000    -0.000000     1.547547 
2454067.750346 0.000000 0.000000    -0.000000     1.547547 
2454068.681644 0.000000 0.000000    -0.000000     1.547547 
2454069.612942 0.000000 0.000000    -0.000000     1.547547 
2454070.544240 0.000000 0.000000    -0.000000     1.547547 
2454071.475538 0.000000 0.000000    -0.000000     1.547547 
2454072.406836 0.000000 0.000000    -0.000000     1.547547 
2454073.338133 0.000000 0.000000    -0.000000     1.547547 
2454074.269431 0.000000 0.000000    -0.000000     1.547547 
2454075.200729 0.000000 0.000000    -0.000000     1.547547 
2454076.132027 0.000000 0.000000    -0.000000     1.547547 
2454077.063325 0.000000 0.000000    -0.000000     1.547547 
2454077.994623 0.000000 0.000000    -0.000000     1.547547 
2454078.925921 0.000000 0.000000    -0.000000     1.547547 
2454079.857218 0.000000 0.000000    -0.000000     1.547547 
2454080.788516 0.000000 0.000000     0.000000     1.547547 
2454081.719814 0.000000 0.000000     0.000000     1.547547 
2454082.651112 0.000000 0.000000     0.000000     1.547547 
2454083.582410 0.000000 0.000000     0.000000     1.547547 
2454084.513708 0.000000 0.000000     0.000000     1.547547 
2454085.445006 0.000000 0.000000     0.000000     1.547547 
2454086.376303 0.000000 0.000000     0.000000     1.547547 
2454087.307601 0.000000 0.000000     0.000000     1.547547 
2454088.238899 0.000000 0.000000     0.000000     1.547547 
2454089.170197 0.000000 0.000000     0.000000     1.547547 
2454090.101495 0.000000 0.000000    -0.000000     1.547547 
2454091.032793 0.000000 0.000000    -0.000000     1.547547 
2454091.964090 0.000000 0.000000    -0.000000     1.547547 
2454092.895388 0.000000 0.000000    -0.000000     1.547547 
2454093.826686 0.000000 0.000000    -0.000000     1.547547 
2454094.757984 0.000000 0.000000    -0.000000     1.547547 
2454095.689282 0.000000 0.000000    -0.000000     1.547547 
2454096.620580 0.000000 0.000000    -0.000000     1.547547 
2454097.551878 0.000000 0.000000    -0.000000     1.547547 
2454098.483175 0.000000 0.000000    -0.000000     1.547547 
2454099.414473 0.000000 0.000000    -0.000000     1.547547 
2454100.345771 0.000000 0.000000    -0.000000     1.547547 
2454101.277069 0.000000 0.000000    -0.000000     1.547547 
2454102.208367 0.000000 0.000000    -0.000000     1.547547 
2454103.139665 0.000000 0.000000    -0.000000     1.547547 
2454104.070963 0.000000 0.000000    -0.000000     1.547547 
2454105.002260 0.000000 0.000000    -0.000000     1.547547 
2454105.933558 0.000000 0.000000    -0.000000     1.547547 
2454106.864856 0.000000 0.000000     0.000000     1.547547 
2454107.796154 0.000000 0.000000     0.000000     1.547547 
2454108.727452 0.000000 0.000000     0.000000     1.547547 
2454109.658750 0.000000 0.000000     0.000000     1.547547 
2454110.590048 0.000000 0.000000     0.000000     1.547547 
2454111.521345 0.000000 0.000000     0.000000     1.547547 
2454112.452643 0.000000 0.000000     0.000000     1.547547 
2454113.383941 0.000000 0.000000     0.000000     1.547547 
2454114.315239 0.000000 0.000000    -0.000000     1.547547 
2454115.246537 0.000000 0.000000    -0.000000     1.547547 
2454116.177835 0.000000 0.000000    -0.000000     1.547547 
2454117.109132 0.000000 0.000000    -0.000000     1.547547 
2454118.040430 0.000000 0.000000    -0.000000     1.547547 
2454118.971728 0.000000 0.000000    -0.000000     1.547547 
2454119.903026 0.000000 0.000000    -0.000000     1.547547 
2454120.834324 0.000000 0.000000    -0.000000     1.547547 
2454121.765622 0.000000 0.000000    -0.000000     1.547547 
2454122.696920 0.000000 0.000000    -0.000000     1.547547 
2454123.628217 0.000000 0.000000    -0.000000     1.547547 
2454124.559515 0.000000 0.000000    -0.000000     1.547547 
2454125.490813 0.000000 0.000000    -0.000000     1.547547 
2454126.422111 0.000000 0.000000    -0.000000     1.547547 
2454127.353409 0.000000 0.000000    -0.000000     1.547547 
2454128.284707 0.000000 0.000000    -0.000000     1.547547 
2454129.216005 0.000000 0.000000    -0.000000     1.547547 
2454130.147302 0.000000 0.000000    -0.000000     1.547547 
2454131.078600 0.000000 0.000000    -0.000000     1.547547 
2454132.009898 0.000000 0.000000    -0.000000     1.547547 
2454132.941196 0.000000 0.000000     0.000000     1.547547 
2454133.872494 0.000000 0.000000     0.000000     1.547547 
2454134.803792 0.000000 0.000000     0.000000     1.547547 
2454135.735089 0.000000 0.000000     0.000000     1.547547 
2454136.666387 0.000000 0.000000     0.000000     1.547547 
2454137.597685 0.000000 0.000000    -0.000000     1.547547 
2454138.528983 0.000000 0.000000    -0.000000     1.547547 
2454139.460281 0.000000 0.000000    -0.000000     1.547547 
2454140.391579 0.000000 0.000000    -0.000000     1.547547 
2454141.322877 0.000000 0.000000    -0.000000     1.547547 
2454142.254174 0.000000 0.000000    -0.000000     1.547547 
2454143.185472 0.000000 0.000000    -0.000000     1.547547 
2454144.116770 0.000000 0.000000    -0.000000     1.547547 
2454145.048068 0.000000 0.000000    -0.000000     1.547547 
2454145.979366 0.000000 0.000000    -0.000000     1.547547 
2454146.910664 0.000000 0.000000    -0.000000     1.547547 
2454147.841962 0.000000 0.000000    -0.000000     1.547547 
2454148.773259 0.000000 0.000000    -0.000000     1.547547 
2454149.704557 0.000000 0.000000    -0.000000     1.547547 
2454150.635855 0.000000 0.000000    -0.000000     1.547547 
2454151.567153 0.000000 0.000000    -0.000000     1.547547 
2454152.498451 0.000000 0.000000    -0.000000     1.547547 
2454153.429749 0.000000 0.000000    -0.000000     1.547547 
2454154.361046 0.000000 0.000000    -0.000000     1.547547 
2454155.292344 0.000000 0.000000    -0.000000     1.547547 
2454156.223642 0.000000 0.000000    -0.000000     1.547547 
2454157.154940 0.000000 0.000000    -0.000000     1.547547 
2454158.086238 0.000000 0.000000    -0.000000     1.547547 
2454159.017536 0.000000 0.000000    -0.000000     1.547547 
2454159.948834 0.000000 0.000000    -0.000000     1.547547 
2454160.880131 0.000000 0.000000    -0.000000     1.547547 
2454161.811429 0.000000 0.000000    -0.000000     1.547547 
2454162.742727 0.000000 0.000000    -0.000000     1.547547 
2454163.674025 0.000000 0.000000    -0.000000     1.547547 
2454164.605323 0.000000 0.000000    -0.000000     1.547547 
2454165.536621 0.000000 0.000000    -0.000000     1.547547 
2454166.467919 0.000000 0.000000    -0.000000     1.547547 
2454167.399216 0.000000 0.000000    -0.000000     1.547547 
2454168.330514 0.000000 0.000000    -0.000000     1.547547 
2454169.261812 0.000000 0.000000    -0.000000     1.547547 
2454170.193110 0.000000 0.000000    -0.000000     1.547547 
2454171.124408 0.000000 0.000000    -0.000000     1.547547 
2454172.055706 0.000000 0.000000    -0.000000     1.547547 
2454172.987004 0.000000 0.000000    -0.000000     1.547547 
2454173.918301 0.000000 0.000000    -0.000000     1.547547 
2454174.849599 0.000000 0.000000    -0.000000     1.547547 
2454175.780897 0.000000 0.000000    -0.000000     1.547547 
2454176.712195 0.000000 0.000000    -0.000000     1.547547 
2454177.643493 0.000000 0.000000    -0.000000     1.547547 
2454178.574791 0.000000 0.000000    -0.000000     1.547547 
2454179.506088 0.000000 0.000000    -0.000000     1.547547 
2454180.437386 0.000000 0.000000    -0.000000     1.547547 
2454181.368684 0.000000 0.000000    -0.000000     1.547547 
2454182.299982 0.000000 0.000000    -0.000000     1.547547 
2454183.231280 0.000000 0.000000    -0.000000     1.547547 
2454184.162578 0.000000 0.000000    -0.000000     1.547547 
2454185.093876 0.000000 0.000000    -0.000000     1.547547 
2454186.025173 0.000000 0.000000    -0.000000     1.547547 
2454186.956471 0.000000 0.000000    -0.000000     1.547547 
2454187.887769 0.000000 0.000000    -0.000000     1.547547 
2454188.819067 0.000000 0.000000    -0.000000     1.547547 
2454189.750365 0.000000 0.000000    -0.000000     1.547547 
2454190.681663 0.000000 0.000000    -0.000000     1.547547 
2454191.612961 0.000000 0.000000    -0.000000     1.547547 
2454192.544258 0.000000 0.000000    -0.000000     1.547547 
2454193.475556 0.000000 0.000000    -0.000000     1.547547 
2454194.406854 0.000000 0.000000    -0.000000     1.547547 
2454195.338152 0.000000 0.000000    -0.000000     1.547547 
2454196.269450 0.000000 0.000000    -0.000000     1.547547 
2454197.200748 0.000000 0.000000    -0.000000     1.547547 
2454198.132045 0.000000 0.000000    -0.000000     1.547547 
2454199.063343 0.000000 0.000000    -0.000000     1.547547 
2454199.994641 0.000000 0.000000    -0.000000     1.547547 
2454200.925939 0.000000 0.000000    -0.000000     1.547547 
2454201.857237 0.000000 0.000000    -0.000000     1.547547 
2454202.788535 0.000000 0.000000    -0.000000     1.547547 
2454203.719833 0.000000 0.000000    -0.000000     1.547547 
2454204.651130 0.000000 0.000000    -0.000000     1.547547 
2454205.582428 0.000000 0.000000    -0.000000     1.547547 
2454206.513726 0.000000 0.000000    -0.000000     1.547547 
2454207.445024 0.000000 0.000000    -0.000000     1.547547 
2454208.376322 0.000000 0.000000    -0.000000     1.547547 
2454209.307620 0.000000 0.000000    -0.000000     1.547547 
2454210.238918 0.000000 0.000000    -0.000000     1.547547 
2454211.170215 0.000000 0.000000    -0.000000     1.547547 
2454212.101513 0.000000 0.000000    -0.000000     1.547547 
2454213.032811 0.000000 0.000000    -0.000000     1.547547 
2454213.964109 0.000000 0.000000    -0.000000     1.547547 
2454214.895407 0.000000 0.000000    -0.000000     1.547547 
2454215.826705 0.000000 0.000000    -0.000000     1.547547 
2454216.758002 0.000000 0.000000    -0.000000     1.547547 
2454217.689300 0.000000 0.000000    -0.000000     1.547547 
2454218.620598 0.000000 0.000000    -0.000000     1.547547 
2454219.551896 0.000000 0.000000    -0.000000     1.547547 
2454220.483194 0.000000 0.000000     0.000000     1.547547 
2454221.414492 0.000000 0.000000     0.000000     1.547547 
2454222.345790 0.000000 0.000000     0.000000     1.547547 
2454223.277087 0.000000 0.000000     0.000000     1.547547 
2454224.208385 0.000000 0.000000     0.000000     1.547547 
2454225.139683 0.000000 0.000000     0.000000     1.547547 
2454226.070981 0.000000 0.000000     0.000000     1.547547 
2454227.002279 0.000000 0.000000     0.000000     1.547547 
2454227.933577 0.000000 0.000000     0.000000     1.547547 
2454228.864875 0.000000 0.000000     0.000000     1.547547 
2454229.796172 0.000000 0.000000     0.000000     1.547547 
2454230.727470 0.000000 0.000000    -0.000000     1.547547 
2454231.658768 0.000000 0.000000    -0.000000     1.547547 
2454232.590066 0.000000 0.000000    -0.000000     1.547547 
2454233.521364 0.000000 0.000000     0.000000     1.547547 
2454234.452662 0.000000 0.000000     0.000000     1.547547 
2454235.383960 0.000000 0.000000     0.000000     1.547547 
2454236.315257 0.000000 0.000000    -0.000000     1.547547 
2454237.246555 0.000000 0.000000    -0.000000     1.547547 
2454238.177853 0.000000 0.000000    -0.000000     1.547547 
2454239.109151 0.000000 0.000000    -0.000000     1.547547 
2454240.040449 0.000000 0.000000    -0.000000     1.547547 
2454240.971747 0.000000 0.000000    -0.000000     1.547547 
2454241.903044 0.000000 0.000000    -0.000000     1.547547 
2454242.834342 0.000000 0.000000    -0.000000     1.547547 
2454243.765640 0.000000 0.000000    -0.000000     1.547547 
2454244.696938 0.000000 0.000000    -0.000000     1.547547 
2454245.628236 0.000000 0.000000    -0.000000     1.547547 
2454246.559534 0.000000 0.000000    -0.000000     1.547547 
2454247.490832 0.000000 0.000000    -0.000000     1.547547 
2454248.422129 0.000000 0.000000    -0.000000     1.547547 
2454249.353427 0.000000 0.000000    -0.000000     1.547547 
2454250.284725 0.000000 0.000000    -0.000000     1.547547 
2454251.216023 0.000000 0.000000     0.000000     1.547547 
2454252.147321 0.000000 0.000000     0.000000     1.547547 
2454253.078619 0.000000 0.000000     0.000000     1.547547 
2454254.009917 0.000000 0.000000     0.000000     1.547547 
2454254.941214 0.000000 0.000000     0.000000     1.547547 
2454255.872512 0.000000 0.000000     0.000000     1.547547 
2454256.803810 0.000000 0.000000     0.000000     1.547547 
2454257.735108 0.000000 0.000000     0.000000     1.547547 
2454258.666406 0.000000 0.000000     0.000000     1.547547 
2454259.597704 0.000000 0.000000     0.000000     1.547547 
2454260.529001 0.000000 0.000000     0.000000     1.547547 
2454261.460299 0.000000 0.000000     0.000000     1.547547 
2454262.391597 0.000000 0.000000     0.000000     1.547547 
2454263.322895 0.000000 0.000000     0.000000     1.547547 
2454264.254193 0.000000 0.000000     0.000000     1.547547 
2454265.185491 0.000000 0.000000    -0.000000     1.547547 
2454266.116789 0.000000 0.000000    -0.000000     1.547547 
2454267.048086 0.000000 0.000000    -0.000000     1.547547 
2454267.979384 0.000000 0.000000    -0.000000     1.547547 
2454268.910682 0.000000 0.000000    -0.000000     1.547547 
2454269.841980 0.000000 0.000000    -0.000000     1.547547 
2454270.773278 0.000000 0.000000    -0.000000     1.547547 
2454271.704576 0.000000 0.000000    -0.000000     1.547547 
2454272.635874 0.000000 0.000000    -0.000000     1.547547 
2454273.567171 0.000000 0.000000    -0.000000     1.547547 
2454274.498469 0.000000 0.000000    -0.000000     1.547547 
2454275.429767 0.000000 0.000000    -0.000000     1.547547 
2454276.361065 0.000000 0.000000    -0.000000     1.547547 
2454277.292363 0.000000 0.000000    -0.000000     1.547547 
2454278.223661 0.000000 0.000000    -0.000000     1.547547 
2454279.154958 0.000000 0.000000     0.000000     1.547547 
2454280.086256 0.000000 0.000000     0.000000     1.547547 
2454281.017554 0.000000 0.000000     0.000000     1.547547 
2454281.948852 0.000000 0.000000     0.000000     1.547547 
2454282.880150 0.000000 0.000000     0.000000     1.547547 
2454283.811448 0.000000 0.000000     0.000000     1.547547 
2454284.742746 0.000000 0.000000     0.000000     1.547547 
2454285.674043 0.000000 0.000000     0.000000     1.547547 
2454286.605341 0.000000 0.000000     0.000000     1.547547 
2454287.536639 0.000000 0.000000     0.000000     1.547547 
2454288.467937 0.000000 0.000000     0.000000     1.547547 
2454289.399235 0.000000 0.000000     0.000000     1.547547 
2454290.330533 0.000000 0.000000    -0.000000     1.547547 
2454291.261831 0.000000 0.000000    -0.000000     1.547547 
2454292.193128 0.000000 0.000000    -0.000000     1.547547 
2454293.124426 0.000000 0.000000    -0.000000     1.547547 
2454294.055724 0.000000 0.000000    -0.000000     1.547547 
2454294.987022 0.000000 0.000000    -0.000000     1.547547 
2454295.918320 0.000000 0.000000    -0.000000     1.547547 
2454296.849618 0.000000 0.000000    -0.000000     1.547547 
2454297.780916 0.000000 0.000000    -0.000000     1.547547 
2454298.712213 0.000000 0.000000    -0.000000     1.547547 
2454299.643511 0.000000 0.000000    -0.000000     1.547547 
2454300.574809 0.000000 0.000000    -0.000000     1.547547 
2454301.506107 0.000000 0.000000    -0.000000     1.547547 
2454302.437405 0.000000 0.000000    -0.000000     1.547547 
2454303.368703 0.000000 0.000000    -0.000000     1.547547 
2454304.300000 0.000000 0.000000    -0.000000     1.547547 
2454305.231298 0.000000 0.000000     0.000000     1.547547 
2454306.162596 0.000000 0.000000     0.000000     1.547547 
2454307.093894 0.000000 0.000000     0.000000     1.547547 
2454308.025192 0.000000 0.000000     0.000000     1.547547 
2454308.956490 0.000000 0.000000     0.000000     1.547547 
2454309.887788 0.000000 0.000000     0.000000     1.547547 
2454310.819085 0.000000 0.000000     0.000000     1.547547 
2454311.750383 0.000000 0.000000     0.000000     1.547547 
2454312.681681 0.000000 0.000000     0.000000     1.547547 
2454313.612979 0.000000 0.000000     0.000000     1.547547 
2454314.544277 0.000000 0.000000    -0.000000     1.547547 
2454315.475575 0.000000 0.000000    -0.000000     1.547547 
2454316.406873 0.000000 0.000000    -0.000000     1.547547 
2454317.338170 0.000000 0.000000    -0.000000     1.547547 
2454318.269468 0.000000 0.000000    -0.000000     1.547547 
2454319.200766 0.000000 0.000000    -0.000000     1.547547 
2454320.132064 0.000000 0.000000    -0.000000     1.547547 
2454321.063362 0.000000 0.000000    -0.000000     1.547547 
2454321.994660 0.000000 0.000000    -0.000000     1.547547 
2454322.925957 0.000000 0.000000    -0.000000     1.547547 
2454323.857255 0.000000 0.000000    -0.000000     1.547547 
2454324.788553 0.000000 0.000000    -0.000000     1.547547 
2454325.719851 0.000000 0.000000    -0.000000     1.547547 
2454326.651149 0.000000 0.000000    -0.000000     1.547547 
2454327.582447 0.000000 0.000000    -0.000000     1.547547 
2454328.513745 0.000000 0.000000    -0.000000     1.547547 
2454329.445042 0.000000 0.000000    -0.000000     1.547547 
2454330.376340 0.000000 0.000000    -0.000000     1.547547 
2454331.307638 0.000000 0.000000     0.000000     1.547547 
2454332.238936 0.000000 0.000000     0.000000     1.547547 
2454333.170234 0.000000 0.000000     0.000000     1.547547 
2454334.101532 0.000000 0.000000     0.000000     1.547547 
2454335.032830 0.000000 0.000000     0.000000     1.547547 
2454335.964127 0.000000 0.000000     0.000000     1.547547 
2454336.895425 0.000000 0.000000     0.000000     1.547547 
2454337.826723 0.000000 0.000000     0.000000     1.547547 
2454338.758021 0.000000 0.000000    -0.000000     1.547547 
2454339.689319 0.000000 0.000000    -0.000000     1.547547 
2454340.620617 0.000000 0.000000    -0.000000     1.547547 
2454341.551914 0.000000 0.000000    -0.000000     1.547547 
2454342.483212 0.000000 0.000000    -0.000000     1.547547 
2454343.414510 0.000000 0.000000    -0.000000     1.547547 
2454344.345808 0.000000 0.000000    -0.000000     1.547547 
2454345.277106 0.000000 0.000000    -0.000000     1.547547 
2454346.208404 0.000000 0.000000    -0.000000     1.547547 
2454347.139702 0.000000 0.000000    -0.000000     1.547547 
2454348.070999 0.000000 0.000000    -0.000000     1.547547 
2454349.002297 0.000000 0.000000    -0.000000     1.547547 
2454349.933595 0.000000 0.000000    -0.000000     1.547547 
2454350.864893 0.000000 0.000000    -0.000000     1.547547 
2454351.796191 0.000000 0.000000    -0.000000     1.547547 
2454352.727489 0.000000 0.000000    -0.000000     1.547547 
2454353.658787 0.000000 0.000000    -0.000000     1.547547 
2454354.590084 0.000000 0.000000    -0.000000     1.547547 
2454355.521382 0.000000 0.000000    -0.000000     1.547547 
2454356.452680 0.000000 0.000000    -0.000000     1.547547 
2454357.383978 0.000000 0.000000    -0.000000     1.547547 
2454358.315276 0.000000 0.000000     0.000000     1.547547 
2454359.246574 0.000000 0.000000     0.000000     1.547547 
2454360.177872 0.000000 0.000000     0.000000     1.547547 
2454361.109169 0.000000 0.000000     0.000000     1.547547 
2454362.040467 0.000000 0.000000    -0.000000     1.547547 
2454362.971765 0.000000 0.000000    -0.000000     1.547547 
2454363.903063 0.000000 0.000000    -0.000000     1.547547 
2454364.834361 0.000000 0.000000    -0.000000     1.547547 
2454365.765659 0.000000 0.000000    -0.000000     1.547547 
2454366.696956 0.000000 0.000000    -0.000000     1.547547 
2454367.628254 0.000000 0.000000    -0.000000     1.547547 
2454368.559552 0.000000 0.000000    -0.000000     1.547547 
2454369.490850 0.000000 0.000000    -0.000000     1.547547 
2454370.422148 0.000000 0.000000    -0.000000     1.547547 
2454371.353446 0.000000 0.000000    -0.000000     1.547547 
2454372.284744 0.000000 0.000000    -0.000000     1.547547 
2454373.216041 0.000000 0.000000    -0.000000     1.547547 
2454374.147339 0.000000 0.000000    -0.000000     1.547547 
2454375.078637 0.000000 0.000000    -0.000000     1.547547 
2454376.009935 0.000000 0.000000    -0.000000     1.547547 
2454376.941233 0.000000 0.000000    -0.000000     1.547547 
2454377.872531 0.000000 0.000000    -0.000000     1.547547 
2454378.803829 0.000000 0.000000    -0.000000     1.547547 
2454379.735126 0.000000 0.000000    -0.000000     1.547547 
2454380.666424 0.000000 0.000000    -0.000000     1.547547 
2454381.597722 0.000000 0.000000    -0.000000     1.547547 
2454382.529020 0.000000 0.000000    -0.000000     1.547547 
2454383.460318 0.000000 0.000000    -0.000000     1.547547 
2454384.391616 0.000000 0.000000    -0.000000     1.547547 
2454385.322913 0.000000 0.000000    -0.000000     1.547547 
2454386.254211 0.000000 0.000000    -0.000000     1.547547 
2454387.185509 0.000000 0.000000    -0.000000     1.547547 
2454388.116807 0.000000 0.000000    -0.000000     1.547547 
2454389.048105 0.000000 0.000000    -0.000000     1.547547 
2454389.979403 0.000000 0.000000    -0.000000     1.547547 
2454390.910701 0.000000 0.000000    -0.000000     1.547547 
2454391.841998 0.000000 0.000000    -0.000000     1.547547 
2454392.773296 0.000000 0.000000    -0.000000     1.547547 
2454393.704594 0.000000 0.000000    -0.000000     1.547547 
2454394.635892 0.000000 0.000000    -0.000000     1.547547 
2454395.567190 0.000000 0.000000    -0.000000     1.547547 
2454396.498488 0.000000 0.000000    -0.000000     1.547547 
2454397.429786 0.000000 0.000000    -0.000000     1.547547 
2454398.361083 0.000000 0.000000    -0.000000     1.547547 
2454399.292381 0.000000 0.000000    -0.000000     1.547547 
2454400.223679 0.000000 0.000000    -0.000000     1.547547 
2454401.154977 0.000000 0.000000    -0.000000     1.547547 
2454402.086275 0.000000 0.000000    -0.000000     1.547547 
2454403.017573 0.000000 0.000000    -0.000000     1.547547 
2454403.948871 0.000000 0.000000    -0.000000     1.547547 
2454404.880168 0.000000 0.000000    -0.000000     1.547547 
2454405.811466 0.000000 0.000000    -0.000000     1.547547 
2454406.742764 0.000000 0.000000    -0.000000     1.547547 
2454407.674062 0.000000 0.000000    -0.000000     1.547547 
2454408.605360 0.000000 0.000000    -0.000000     1.547547 
2454409.536658 0.000000 0.000000    -0.000000     1.547547 
2454410.467955 0.000000 0.000000    -0.000000     1.547547 
2454411.399253 0.000000 0.000000    -0.000000     1.547547 
2454412.330551 0.000000 0.000000    -0.000000     1.547547 
2454413.261849 0.000000 0.000000    -0.000000     1.547547 
2454414.193147 0.000000 0.000000    -0.000000     1.547547 
2454415.124445 0.000000 0.000000    -0.000000     1.547547 
2454416.055743 0.000000 0.000000    -0.000000     1.547547 
2454416.987040 0.000000 0.000000    -0.000000     1.547547 
2454417.918338 0.000000 0.000000    -0.000000     1.547547 
2454418.849636 0.000000 0.000000    -0.000000     1.547547 
2454419.780934 0.000000 0.000000    -0.000000     1.547547 
2454420.712232 0.000000 0.000000    -0.000000     1.547547 
2454421.643530 0.000000 0.000000    -0.000000     1.547547 
2454422.574828 0.000000 0.000000    -0.000000     1.547547 
2454423.506125 0.000000 0.000000    -0.000000     1.547547 
2454424.437423 0.000000 0.000000    -0.000000     1.547547 
2454425.368721 0.000000 0.000000    -0.000000     1.547547 
2454426.300019 0.000000 0.000000    -0.000000     1.547547 
2454427.231317 0.000000 0.000000    -0.000000     1.547547 
2454428.162615 0.000000 0.000000    -0.000000     1.547547 
2454429.093912 0.000000 0.000000    -0.000000     1.547547 
2454430.025210 0.000000 0.000000    -0.000000     1.547547 
2454430.956508 0.000000 0.000000    -0.000000     1.547547 
2454431.887806 0.000000 0.000000    -0.000000     1.547547 
2454432.819104 0.000000 0.000000    -0.000000     1.547547 
2454433.750402 0.000000 0.000000    -0.000000     1.547547 
2454434.681700 0.000000 0.000000    -0.000000     1.547547 
2454435.612997 0.000000 0.000000    -0.000000     1.547547 
2454436.544295 0.000000 0.000000    -0.000000     1.547547 
2454437.475593 0.000000 0.000000    -0.000000     1.547547 
2454438.406891 0.000000 0.000000    -0.000000     1.547547 
2454439.338189 0.000000 0.000000    -0.000000     1.547547 
2454440.269487 0.000000 0.000000    -0.000000     1.547547 
2454441.200785 0.000000 0.000000    -0.000000     1.547547 
2454442.132082 0.000000 0.000000    -0.000000     1.547547 
2454443.063380 0.000000 0.000000    -0.000000     1.547547 
2454443.994678 0.000000 0.000000    -0.000000     1.547547 
2454444.925976 0.000000 0.000000     0.000000     1.547547 
2454445.857274 0.000000 0.000000     0.000000     1.547547 
2454446.788572 0.000000 0.000000     0.000000     1.547547 
2454447.719869 0.000000 0.000000     0.000000     1.547547 
2454448.651167 0.000000 0.000000    -0.000000     1.547547 
2454449.582465 0.000000 0.000000     0.000000     1.547547 
2454450.513763 0.000000 0.000000     0.000000     1.547547 
2454451.445061 0.000000 0.000000     0.000000     1.547547 
2454452.376359 0.000000 0.000000     0.000000     1.547547 
2454453.307657 0.000000 0.000000     0.000000     1.547547 
2454454.238954 0.000000 0.000000     0.000000     1.547547 
2454455.170252 0.000000 0.000000     0.000000     1.547547 
2454456.101550 0.000000 0.000000     0.000000     1.547547 
2454457.032848 0.000000 0.000000     0.000000     1.547547 
2454457.964146 0.000000 0.000000     0.000000     1.547547 
2454458.895444 0.000000 0.000000     0.000000     1.547547 
2454459.826742 0.000000 0.000000     0.000000     1.547547 
2454460.758039 0.000000 0.000000     0.000000     1.547547 
2454461.689337 0.000000 0.000000     0.000000     1.547547 
2454462.620635 0.000000 0.000000     0.000000     1.547547 
2454463.551933 0.000000 0.000000     0.000000     1.547547 
2454464.483231 0.000000 0.000000    -0.000000     1.547547 
2454465.414529 0.000000 0.000000    -0.000000     1.547547 
2454466.345827 0.000000 0.000000    -0.000000     1.547547 
2454467.277124 0.000000 0.000000    -0.000000     1.547547 
2454468.208422 0.000000 0.000000    -0.000000     1.547547 
2454469.139720 0.000000 0.000000    -0.000000     1.547547 
2454470.071018 0.000000 0.000000    -0.000000     1.547547 
2454471.002316 0.000000 0.000000    -0.000000     1.547547 
2454471.933614 0.000000 0.000000    -0.000000     1.547547 
2454472.864911 0.000000 0.000000    -0.000000     1.547547 
2454473.796209 0.000000 0.000000    -0.000000     1.547547 
2454474.727507 0.000000 0.000000    -0.000000     1.547547 
2454475.658805 0.000000 0.000000    -0.000000     1.547547 
2454476.590103 0.000000 0.000000     0.000000     1.547547 
2454477.521401 0.000000 0.000000     0.000000     1.547547 
2454478.452699 0.000000 0.000000     0.000000     1.547547 
2454479.383996 0.000000 0.000000     0.000000     1.547547 
2454480.315294 0.000000 0.000000     0.000000     1.547547 
2454481.246592 0.000000 0.000000     0.000000     1.547547 
2454482.177890 0.000000 0.000000     0.000000     1.547547 
2454483.109188 0.000000 0.000000     0.000000     1.547547 
2454484.040486 0.000000 0.000000     0.000000     1.547547 
2454484.971784 0.000000 0.000000     0.000000     1.547547 
2454485.903081 0.000000 0.000000     0.000000     1.547547 
2454486.834379 0.000000 0.000000     0.000000     1.547547 
2454487.765677 0.000000 0.000000     0.000000     1.547547 
2454488.696975 0.000000 0.000000     0.000000     1.547547 
2454489.628273 0.000000 0.000000     0.000000     1.547547 
2454490.559571 0.000000 0.000000    -0.000000     1.547547 
2454491.490868 0.000000 0.000000    -0.000000     1.547547 
2454492.422166 0.000000 0.000000    -0.000000     1.547547 
2454493.353464 0.000000 0.000000    -0.000000     1.547547 
2454494.284762 0.000000 0.000000    -0.000000     1.547547 
2454495.216060 0.000000 0.000000    -0.000000     1.547547 
2454496.147358 0.000000 0.000000    -0.000000     1.547547 
2454497.078656 0.000000 0.000000    -0.000000     1.547547 
2454498.009953 0.000000 0.000000    -0.000000     1.547547 
2454498.941251 0.000000 0.000000    -0.000000     1.547547 
2454499.872549 0.000000 0.000000    -0.000000     1.547547 
2454500.803847 0.000000 0.000000    -0.000000     1.547547 
2454501.735145 0.000000 0.000000    -0.000000     1.547547 
2454502.666443 0.000000 0.000000    -0.000000     1.547547 
2454503.597741 0.000000 0.000000    -0.000000     1.547547 
2454504.529038 0.000000 0.000000     0.000000     1.547547 
2454505.460336 0.000000 0.000000     0.000000     1.547547 
2454506.391634 0.000000 0.000000     0.000000     1.547547 
2454507.322932 0.000000 0.000000     0.000000     1.547547 
2454508.254230 0.000000 0.000000     0.000000     1.547547 
2454509.185528 0.000000 0.000000     0.000000     1.547547 
2454510.116825 0.000000 0.000000     0.000000     1.547547 
2454511.048123 0.000000 0.000000     0.000000     1.547547 
2454511.979421 0.000000 0.000000     0.000000     1.547547 
2454512.910719 0.000000 0.000000     0.000000     1.547547 
2454513.842017 0.000000 0.000000     0.000000     1.547547 
2454514.773315 0.000000 0.000000    -0.000000     1.547547 
2454515.704613 0.000000 0.000000    -0.000000     1.547547 
2454516.635910 0.000000 0.000000    -0.000000     1.547547 
2454517.567208 0.000000 0.000000    -0.000000     1.547547 
2454518.498506 0.000000 0.000000    -0.000000     1.547547 
2454519.429804 0.000000 0.000000    -0.000000     1.547547 
2454520.361102 0.000000 0.000000    -0.000000     1.547547 
2454521.292400 0.000000 0.000000    -0.000000     1.547547 
2454522.223698 0.000000 0.000000    -0.000000     1.547547 
2454523.154995 0.000000 0.000000    -0.000000     1.547547 
2454524.086293 0.000000 0.000000    -0.000000     1.547547 
2454525.017591 0.000000 0.000000    -0.000000     1.547547 
2454525.948889 0.000000 0.000000    -0.000000     1.547547 
2454526.880187 0.000000 0.000000    -0.000000     1.547547 
2454527.811485 0.000000 0.000000    -0.000000     1.547547 
2454528.742783 0.000000 0.000000    -0.000000     1.547547 
2454529.674080 0.000000 0.000000    -0.000000     1.547547 
2454530.605378 0.000000 0.000000     0.000000     1.547547 
2454531.536676 0.000000 0.000000     0.000000     1.547547 
2454532.467974 0.000000 0.000000     0.000000     1.547547 
2454533.399272 0.000000 0.000000     0.000000     1.547547 
2454534.330570 0.000000 0.000000     0.000000     1.547547 
2454535.261867 0.000000 0.000000     0.000000     1.547547 
2454536.193165 0.000000 0.000000     0.000000     1.547547 
2454537.124463 0.000000 0.000000     0.000000     1.547547 
2454538.055761 0.000000 0.000000     0.000000     1.547547 
2454538.987059 0.000000 0.000000    -0.000000     1.547547 
2454539.918357 0.000000 0.000000    -0.000000     1.547547 
2454540.849655 0.000000 0.000000    -0.000000     1.547547 
2454541.780952 0.000000 0.000000    -0.000000     1.547547 
2454542.712250 0.000000 0.000000    -0.000000     1.547547 
2454543.643548 0.000000 0.000000    -0.000000     1.547547 
2454544.574846 0.000000 0.000000    -0.000000     1.547547 
2454545.506144 0.000000 0.000000    -0.000000     1.547547 
2454546.437442 0.000000 0.000000    -0.000000     1.547547 
2454547.368740 0.000000 0.000000    -0.000000     1.547547 
2454548.300037 0.000000 0.000000    -0.000000     1.547547 
2454549.231335 0.000000 0.000000    -0.000000     1.547547 
2454550.162633 0.000000 0.000000    -0.000000     1.547547 
2454551.093931 0.000000 0.000000    -0.000000     1.547547 
2454552.025229 0.000000 0.000000    -0.000000     1.547547 
2454552.956527 0.000000 0.000000    -0.000000     1.547547 
2454553.887824 0.000000 0.000000    -0.000000     1.547547 
2454554.819122 0.000000 0.000000    -0.000000     1.547547 
2454555.750420 0.000000 0.000000    -0.000000     1.547547 
2454556.681718 0.000000 0.000000     0.000000     1.547547 
2454557.613016 0.000000 0.000000     0.000000     1.547547 
2454558.544314 0.000000 0.000000     0.000000     1.547547 
2454559.475612 0.000000 0.000000     0.000000     1.547547 
2454560.406909 0.000000 0.000000     0.000000     1.547547 
2454561.338207 0.000000 0.000000     0.000000     1.547547 
2454562.269505 0.000000 0.000000     0.000000     1.547547 
2454563.200803 0.000000 0.000000    -0.000000     1.547547 
2454564.132101 0.000000 0.000000    -0.000000     1.547547 
2454565.063399 0.000000 0.000000    -0.000000     1.547547 
2454565.994697 0.000000 0.000000    -0.000000     1.547547 
2454566.925994 0.000000 0.000000    -0.000000     1.547547 
2454567.857292 0.000000 0.000000    -0.000000     1.547547 
2454568.788590 0.000000 0.000000    -0.000000     1.547547 
2454569.719888 0.000000 0.000000    -0.000000     1.547547 
2454570.651186 0.000000 0.000000    -0.000000     1.547547 
2454571.582484 0.000000 0.000000    -0.000000     1.547547 
2454572.513781 0.000000 0.000000    -0.000000     1.547547 
2454573.445079 0.000000 0.000000    -0.000000     1.547547 
2454574.376377 0.000000 0.000000    -0.000000     1.547547 
2454575.307675 0.000000 0.000000    -0.000000     1.547547 
2454576.238973 0.000000 0.000000    -0.000000     1.547547 
2454577.170271 0.000000 0.000000    -0.000000     1.547547 
2454578.101569 0.000000 0.000000    -0.000000     1.547547 
2454579.032866 0.000000 0.000000    -0.000000     1.547547 
2454579.964164 0.000000 0.000000    -0.000000     1.547547 
2454580.895462 0.000000 0.000000    -0.000000     1.547547 
2454581.826760 0.000000 0.000000    -0.000000     1.547547 
2454582.758058 0.000000 0.000000    -0.000000     1.547547 
2454583.689356 0.000000 0.000000    -0.000000     1.547547 
2454584.620654 0.000000 0.000000    -0.000000     1.547547 
2454585.551951 0.000000 0.000000    -0.000000     1.547547 
2454586.483249 0.000000 0.000000    -0.000000     1.547547 
2454587.414547 0.000000 0.000000    -0.000000     1.547547 
2454588.345845 0.000000 0.000000    -0.000000     1.547547 
2454589.277143 0.000000 0.000000    -0.000000     1.547547 
2454590.208441 0.000000 0.000000    -0.000000     1.547547 
2454591.139739 0.000000 0.000000    -0.000000     1.547547 
2454592.071036 0.000000 0.000000    -0.000000     1.547547 
2454593.002334 0.000000 0.000000    -0.000000     1.547547 
2454593.933632 0.000000 0.000000    -0.000000     1.547547 
2454594.864930 0.000000 0.000000    -0.000000     1.547547 
2454595.796228 0.000000 0.000000    -0.000000     1.547547 
2454596.727526 0.000000 0.000000    -0.000000     1.547547 
2454597.658823 0.000000 0.000000    -0.000000     1.547547 
2454598.590121 0.000000 0.000000    -0.000000     1.547547 
2454599.521419 0.000000 0.000000    -0.000000     1.547547 
2454600.452717 0.000000 0.000000    -0.000000     1.547547 
2454601.384015 0.000000 0.000000    -0.000000     1.547547 
2454602.315313 0.000000 0.000000    -0.000000     1.547547 
2454603.246611 0.000000 0.000000    -0.000000     1.547547 
2454604.177908 0.000000 0.000000    -0.000000     1.547547 
2454605.109206 0.000000 0.000000    -0.000000     1.547547 
2454606.040504 0.000000 0.000000    -0.000000     1.547547 
2454606.971802 0.000000 0.000000    -0.000000     1.547547 
2454607.903100 0.000000 0.000000    -0.000000     1.547547 
2454608.834398 0.000000 0.000000    -0.000000     1.547547 
2454609.765696 0.000000 0.000000    -0.000000     1.547547 
2454610.696993 0.000000 0.000000    -0.000000     1.547547 
2454611.628291 0.000000 0.000000    -0.000000     1.547547 
2454612.559589 0.000000 0.000000    -0.000000     1.547547 
2454613.490887 0.000000 0.000000    -0.000000     1.547547 
2454614.422185 0.000000 0.000000    -0.000000     1.547547 
2454615.353483 0.000000 0.000000    -0.000000     1.547547 
2454616.284780 0.000000 0.000000    -0.000000     1.547547 
2454617.216078 0.000000 0.000000    -0.000000     1.547547 
2454618.147376 0.000000 0.000000    -0.000000     1.547547 
2454619.078674 0.000000 0.000000    -0.000000     1.547547 
2454620.009972 0.000000 0.000000    -0.000000     1.547547 
2454620.941270 0.000000 0.000000    -0.000000     1.547547 
2454621.872568 0.000000 0.000000    -0.000000     1.547547 
2454622.803865 0.000000 0.000000    -0.000000     1.547547 
2454623.735163 0.000000 0.000000    -0.000000     1.547547 
2454624.666461 0.000000 0.000000    -0.000000     1.547547 
2454625.597759 0.000000 0.000000    -0.000000     1.547547 
2454626.529057 0.000000 0.000000    -0.000000     1.547547 
2454627.460355 0.000000 0.000000    -0.000000     1.547547 
2454628.391653 0.000000 0.000000    -0.000000     1.547547 
2454629.322950 0.000000 0.000000    -0.000000     1.547547 
2454630.254248 0.000000 0.000000    -0.000000     1.547547 
2454631.185546 0.000000 0.000000    -0.000000     1.547547 
2454632.116844 0.000000 0.000000    -0.000000     1.547547 
2454633.048142 0.000000 0.000000    -0.000000     1.547547 
2454633.979440 0.000000 0.000000    -0.000000     1.547547 
2454634.910737 0.000000 0.000000    -0.000000     1.547547 
2454635.842035 0.000000 0.000000    -0.000000     1.547547 
2454636.773333 0.000000 0.000000    -0.000000     1.547547 
2454637.704631 0.000000 0.000000    -0.000000     1.547547 
2454638.635929 0.000000 0.000000    -0.000000     1.547547 
2454639.567227 0.000000 0.000000    -0.000000     1.547547 
2454640.498525 0.000000 0.000000    -0.000000     1.547547 
2454641.429822 0.000000 0.000000    -0.000000     1.547547 
2454642.361120 0.000000 0.000000    -0.000000     1.547547 
2454643.292418 0.000000 0.000000    -0.000000     1.547547 
2454644.223716 0.000000 0.000000    -0.000000     1.547547 
2454645.155014 0.000000 0.000000    -0.000000     1.547547 
2454646.086312 0.000000 0.000000     0.000000     1.547547 
2454647.017610 0.000000 0.000000    -0.000000     1.547547 
2454647.948907 0.000000 0.000000    -0.000000     1.547547 
2454648.880205 0.000000 0.000000    -0.000000     1.547547 
2454649.811503 0.000000 0.000000    -0.000000     1.547547 
2454650.742801 0.000000 0.000000    -0.000000     1.547547 
2454651.674099 0.000000 0.000000     0.000000     1.547547 
2454652.605397 0.000000 0.000000     0.000000     1.547547 
2454653.536695 0.000000 0.000000    -0.000000     1.547547 
2454654.467992 0.000000 0.000000    -0.000000     1.547547 
2454655.399290 0.000000 0.000000    -0.000000     1.547547 
2454656.330588 0.000000 0.000000    -0.000000     1.547547 
2454657.261886 0.000000 0.000000    -0.000000     1.547547 
2454658.193184 0.000000 0.000000    -0.000000     1.547547 
2454659.124482 0.000000 0.000000    -0.000000     1.547547 
2454660.055779 0.000000 0.000000    -0.000000     1.547547 
2454660.987077 0.000000 0.000000    -0.000000     1.547547 
2454661.918375 0.000000 0.000000    -0.000000     1.547547 
2454662.849673 0.000000 0.000000    -0.000000     1.547547 
2454663.780971 0.000000 0.000000    -0.000000     1.547547 
2454664.712269 0.000000 0.000000    -0.000000     1.547547 
2454665.643567 0.000000 0.000000    -0.000000     1.547547 
2454666.574864 0.000000 0.000000    -0.000000     1.547547 
2454667.506162 0.000000 0.000000    -0.000000     1.547547 
2454668.437460 0.000000 0.000000    -0.000000     1.547547 
2454669.368758 0.000000 0.000000     0.000000     1.547547 
2454670.300056 0.000000 0.000000     0.000000     1.547547 
2454671.231354 0.000000 0.000000     0.000000     1.547547 
2454672.162652 0.000000 0.000000    -0.000000     1.547547 
2454673.093949 0.000000 0.000000    -0.000000     1.547547 
2454674.025247 0.000000 0.000000    -0.000000     1.547547 
2454674.956545 0.000000 0.000000     0.000000     1.547547 
2454675.887843 0.000000 0.000000     0.000000     1.547547 
2454676.819141 0.000000 0.000000     0.000000     1.547547 
2454677.750439 0.000000 0.000000     0.000000     1.547547 
2454678.681736 0.000000 0.000000     0.000000     1.547547 
2454679.613034 0.000000 0.000000     0.000000     1.547547 
2454680.544332 0.000000 0.000000     0.000000     1.547547 
2454681.475630 0.000000 0.000000     0.000000     1.547547 
2454682.406928 0.000000 0.000000     0.000000     1.547547 
2454683.338226 0.000000 0.000000     0.000000     1.547547 
2454684.269524 0.000000 0.000000     0.000000     1.547547 
2454685.200821 0.000000 0.000000     0.000000     1.547547 
2454686.132119 0.000000 0.000000     0.000000     1.547547 
2454687.063417 0.000000 0.000000     0.000000     1.547547 
2454687.994715 0.000000 0.000000     0.000000     1.547547 
2454688.926013 0.000000 0.000000     0.000000     1.547547 
2454689.857311 0.000000 0.000000    -0.000000     1.547547 
2454690.788609 0.000000 0.000000    -0.000000     1.547547 
2454691.719906 0.000000 0.000000    -0.000000     1.547547 
2454692.651204 0.000000 0.000000    -0.000000     1.547547 
2454693.582502 0.000000 0.000000    -0.000000     1.547547 
2454694.513800 0.000000 0.000000    -0.000000     1.547547 
2454695.445098 0.000000 0.000000    -0.000000     1.547547 
2454696.376396 0.000000 0.000000    -0.000000     1.547547 
2454697.307694 0.000000 0.000000    -0.000000     1.547547 
2454698.238991 0.000000 0.000000    -0.000000     1.547547 
2454699.170289 0.000000 0.000000    -0.000000     1.547547 
2454700.101587 0.000000 0.000000    -0.000000     1.547547 
2454701.032885 0.000000 0.000000     0.000000     1.547547 
2454701.964183 0.000000 0.000000     0.000000     1.547547 
2454702.895481 0.000000 0.000000     0.000000     1.547547 
2454703.826778 0.000000 0.000000     0.000000     1.547547 
2454704.758076 0.000000 0.000000     0.000000     1.547547 
2454705.689374 0.000000 0.000000     0.000000     1.547547 
2454706.620672 0.000000 0.000000     0.000000     1.547547 
2454707.551970 0.000000 0.000000     0.000000     1.547547 
2454708.483268 0.000000 0.000000     0.000000     1.547547 
2454709.414566 0.000000 0.000000     0.000000     1.547547 
2454710.345863 0.000000 0.000000     0.000000     1.547547 
2454711.277161 0.000000 0.000000     0.000000     1.547547 
2454712.208459 0.000000 0.000000     0.000000     1.547547 
2454713.139757 0.000000 0.000000     0.000000     1.547547 
2454714.071055 0.000000 0.000000     0.000000     1.547547 
2454715.002353 0.000000 0.000000    -0.000000     1.547547 
2454715.933651 0.000000 0.000000    -0.000000     1.547547 
2454716.864948 0.000000 0.000000    -0.000000     1.547547 
2454717.796246 0.000000 0.000000    -0.000000     1.547547 
2454718.727544 0.000000 0.000000    -0.000000     1.547547 
2454719.658842 0.000000 0.000000    -0.000000     1.547547 
2454720.590140 0.000000 0.000000    -0.000000     1.547547 
2454721.521438 0.000000 0.000000    -0.000000     1.547547 
2454722.452735 0.000000 0.000000    -0.000000     1.547547 
2454723.384033 0.000000 0.000000    -0.000000     1.547547 
2454724.315331 0.000000 0.000000    -0.000000     1.547547 
2454725.246629 0.000000 0.000000    -0.000000     1.547547 
2454726.177927 0.000000 0.000000    -0.000000     1.547547 
2454727.109225 0.000000 0.000000    -0.000000     1.547547 
2454728.040523 0.000000 0.000000    -0.000000     1.547547 
2454728.971820 0.000000 0.000000    -0.000000     1.547547 
2454729.903118 0.000000 0.000000     0.000000     1.547547 
2454730.834416 0.000000 0.000000     0.000000     1.547547 
2454731.765714 0.000000 0.000000     0.000000     1.547547 
2454732.697012 0.000000 0.000000     0.000000     1.547547 
2454733.628310 0.000000 0.000000     0.000000     1.547547 
2454734.559608 0.000000 0.000000     0.000000     1.547547 
2454735.490905 0.000000 0.000000     0.000000     1.547547 
2454736.422203 0.000000 0.000000     0.000000     1.547547 
2454737.353501 0.000000 0.000000     0.000000     1.547547 
2454738.284799 0.000000 0.000000     0.000000     1.547547 
2454739.216097 0.000000 0.000000    -0.000000     1.547547 
2454740.147395 0.000000 0.000000    -0.000000     1.547547 
2454741.078692 0.000000 0.000000    -0.000000     1.547547 
2454742.009990 0.000000 0.000000    -0.000000     1.547547 
2454742.941288 0.000000 0.000000    -0.000000     1.547547 
2454743.872586 0.000000 0.000000    -0.000001     1.547547 
2454744.803884 0.000000 0.000000    -0.000001     1.547547 
2454745.735182 0.000000 0.000000    -0.000001     1.547547 
2454746.666480 0.000000 0.000000    -0.000001     1.547547 
2454747.597777 0.000000 0.000000    -0.000001     1.547547 
2454748.529075 0.000000 0.000000    -0.000001     1.547547 
2454749.460373 0.000000 0.000000    -0.000001     1.547547 
2454750.391671 0.000000 0.000000    -0.000001     1.547547 
2454751.322969 0.000000 0.000000    -0.000001     1.547547 
2454752.254267 0.000000 0.000000    -0.000001     1.547547 
2454753.185565 0.000000 0.000000    -0.000001     1.547547 
2454754.116862 0.000000 0.000000    -0.000000     1.547547 
2454755.048160 0.000000 0.000000     0.000000     1.547547 
2454755.979458 0.000000 0.000000     0.000000     1.547547 
2454756.910756 0.000000 0.000000     0.000000     1.547547 
2454757.842054 0.000000 0.000000     0.000001     1.547547 
2454758.773352 0.000000 0.000000     0.000001     1.547547 
2454759.704650 0.000000 0.000000     0.000000     1.547547 
2454760.635947 0.000000 0.000000     0.000000     1.547547 
2454761.567245 0.000000 0.000000     0.000000     1.547547 
2454762.498543 0.000000 0.000000     0.000000     1.547547 
2454763.429841 0.000000 0.000000    -0.000000     1.547547 
2454764.361139 0.000000 0.000000    -0.000000     1.547547 
2454765.292437 0.000000 0.000000    -0.000000     1.547547 
2454766.223734 0.000000 0.000000    -0.000001     1.547547 
2454767.155032 0.000000 0.000000    -0.000001     1.547547 
2454768.086330 0.000000 0.000000    -0.000001     1.547547 
2454769.017628 0.000000 0.000000    -0.000001     1.547547 
2454769.948926 0.000000 0.000000    -0.000001     1.547547 
2454770.880224 0.000000 0.000000    -0.000002     1.547547 
2454771.811522 0.000000 0.000000    -0.000002     1.547547 
2454772.742819 0.000000 0.000000    -0.000002     1.547547 
2454773.674117 0.000000 0.000000    -0.000002     1.547547 
2454774.605415 0.000000 0.000000    -0.000002     1.547547 
2454775.536713 0.000000 0.000000    -0.000002     1.547547 
2454776.468011 0.000000 0.000000    -0.000002     1.547547 
2454777.399309 0.000000 0.000000    -0.000002     1.547547 
2454778.330607 0.000000 0.000000    -0.000001     1.547547 
2454779.261904 0.000000 0.000000    -0.000001     1.547547 
2454780.193202 0.000000 0.000000    -0.000000     1.547547 
2454781.124500 0.000000 0.000000     0.000000     1.547547 
2454782.055798 0.000000 0.000000     0.000000     1.547547 
2454782.987096 0.000000 0.000000     0.000000     1.547547 
2454783.918394 0.000000 0.000000     0.000000     1.547547 
2454784.849691 0.000000 0.000000     0.000000     1.547547 
2454785.780989 0.000000 0.000000     0.000000     1.547547 
2454786.712287 0.000000 0.000000     0.000000     1.547547 
2454787.643585 0.000000 0.000000    -0.000000     1.547547 
2454788.574883 0.000000 0.000000    -0.000000     1.547547 
2454789.506181 0.000000 0.000000    -0.000001     1.547547 
2454790.437479 0.000000 0.000000    -0.000001     1.547547 
2454791.368776 0.000000 0.000000    -0.000001     1.547547 
2454792.300074 0.000000 0.000000    -0.000001     1.547547 
2454793.231372 0.000000 0.000000    -0.000001     1.547547 
2454794.162670 0.000000 0.000000    -0.000002     1.547547 
2454795.093968 0.000000 0.000000    -0.000002     1.547547 
2454796.025266 0.000000 0.000000    -0.000002     1.547547 
2454796.956564 0.000000 0.000000    -0.000003     1.547547 
2454797.887861 0.000000 0.000000    -0.000003     1.547547 
2454798.819159 0.000000 0.000000    -0.000003     1.547547 
2454799.750457 0.000000 0.000000    -0.000003     1.547547 
2454800.681755 0.000000 0.000000    -0.000003     1.547547 
2454801.613053 0.000000 0.000000    -0.000003     1.547547 
2454802.544351 0.000000 0.000000    -0.000003     1.547547 
2454803.475648 0.000000 0.000000    -0.000002     1.547547 
2454804.406946 0.000000 0.000000    -0.000002     1.547547 
2454805.338244 0.000000 0.000000    -0.000001     1.547547 
2454806.269542 0.000000 0.000000    -0.000001     1.547547 
2454807.200840 0.000000 0.000000    -0.000001     1.547547 
2454808.132138 0.000000 0.000000    -0.000000     1.547547 
2454809.063436 0.000000 0.000000    -0.000000     1.547547 
2454809.994733 0.000000 0.000000    -0.000000     1.547547 
2454810.926031 0.000000 0.000000    -0.000000     1.547547 
2454811.857329 0.000000 0.000000    -0.000001     1.547547 
2454812.788627 0.000000 0.000000    -0.000001     1.547547 
2454813.719925 0.000000 0.000000    -0.000001     1.547547 
2454814.651223 0.000000 0.000000    -0.000001     1.547547 
2454815.582521 0.000000 0.000000    -0.000001     1.547547 
2454816.513818 0.000000 0.000000    -0.000001     1.547547 
2454817.445116 0.000000 0.000000    -0.000001     1.547547 
2454818.376414 0.000000 0.000000    -0.000002     1.547547 
2454819.307712 0.000000 0.000000    -0.000002     1.547547 
2454820.239010 0.000000 0.000000    -0.000002     1.547547 
2454821.170308 0.000000 0.000000    -0.000003     1.547547 
2454822.101606 0.000000 0.000000    -0.000003     1.547547 
2454823.032903 0.000000 0.000000    -0.000003     1.547547 
2454823.964201 0.000000 0.000000    -0.000003     1.547547 
2454824.895499 0.000000 0.000000    -0.000003     1.547547 
2454825.826797 0.000000 0.000000    -0.000003     1.547547 
2454826.758095 0.000000 0.000000    -0.000004     1.547547 
2454827.689393 0.000000 0.000000    -0.000003     1.547547 
2454828.620690 0.000000 0.000000    -0.000003     1.547547 
2454829.551988 0.000000 0.000000    -0.000003     1.547547 
2454830.483286 0.000000 0.000000    -0.000002     1.547547 
2454831.414584 0.000000 0.000000    -0.000002     1.547547 
2454832.345882 0.000000 0.000000    -0.000002     1.547547 
2454833.277180 0.000000 0.000000    -0.000002     1.547547 
2454834.208478 0.000000 0.000000    -0.000002     1.547547 
2454835.139775 0.000000 0.000000    -0.000002     1.547547 
2454836.071073 0.000000 0.000000    -0.000002     1.547547 
2454837.002371 0.000000 0.000000    -0.000002     1.547547 
2454837.933669 0.000000 0.000000    -0.000002     1.547547 
2454838.864967 0.000000 0.000000    -0.000002     1.547547 
2454839.796265 0.000000 0.000000    -0.000002     1.547547 
2454840.727563 0.000000 0.000000    -0.000002     1.547547 
2454841.658860 0.000000 0.000000    -0.000001     1.547547 
2454842.590158 0.000000 0.000000    -0.000001     1.547547 
2454843.521456 0.000000 0.000000    -0.000001     1.547547 
2454844.452754 0.000000 0.000000    -0.000001     1.547547 
2454845.384052 0.000000 0.000000    -0.000001     1.547547 
2454846.315350 0.000000 0.000000    -0.000001     1.547547 
2454847.246647 0.000000 0.000000    -0.000002     1.547547 
2454848.177945 0.000000 0.000000    -0.000002     1.547547 
2454849.109243 0.000000 0.000000    -0.000002     1.547547 
2454850.040541 0.000000 0.000000    -0.000002     1.547547 
2454850.971839 0.000000 0.000000    -0.000002     1.547547 
2454851.903137 0.000000 0.000000    -0.000002     1.547547 
2454852.834435 0.000000 0.000000    -0.000002     1.547547 
2454853.765732 0.000000 0.000000    -0.000003     1.547547 
2454854.697030 0.000000 0.000000    -0.000003     1.547547 
2454855.628328 0.000000 0.000000    -0.000003     1.547547 
2454856.559626 0.000000 0.000000    -0.000003     1.547547 
2454857.490924 0.000000 0.000000    -0.000003     1.547547 
2454858.422222 0.000000 0.000000    -0.000003     1.547547 
2454859.353520 0.000000 0.000000    -0.000003     1.547547 
2454860.284817 0.000000 0.000000    -0.000002     1.547547 
2454861.216115 0.000000 0.000000    -0.000002     1.547547 
2454862.147413 0.000000 0.000000    -0.000002     1.547547 
2454863.078711 0.000000 0.000000    -0.000002     1.547547 
2454864.010009 0.000000 0.000000    -0.000002     1.547547 
2454864.941307 0.000000 0.000000    -0.000001     1.547547 
2454865.872604 0.000000 0.000000    -0.000001     1.547547 
2454866.803902 0.000000 0.000000    -0.000001     1.547547 
2454867.735200 0.000000 0.000000    -0.000001     1.547547 
2454868.666498 0.000000 0.000000    -0.000000     1.547547 
2454869.597796 0.000000 0.000000     0.000000     1.547547 
2454870.529094 0.000000 0.000000     0.000000     1.547547 
2454871.460392 0.000000 0.000000     0.000000     1.547547 
2454872.391689 0.000000 0.000000     0.000000     1.547547 
2454873.322987 0.000000 0.000000    -0.000000     1.547547 
2454874.254285 0.000000 0.000000     0.000000     1.547547 
2454875.185583 0.000000 0.000000     0.000001     1.547547 
2454876.116881 0.000000 0.000000     0.000001     1.547547 
2454877.048179 0.000000 0.000000     0.000001     1.547547 
2454877.979477 0.000000 0.000000     0.000001     1.547547 
2454878.910774 0.000000 0.000000    -0.000000     1.547547 
2454879.842072 0.000000 0.000000    -0.000001     1.547547 
2454880.773370 0.000000 0.000000    -0.000001     1.547547 
2454881.704668 0.000000 0.000000    -0.000001     1.547547 
2454882.635966 0.000000 0.000000    -0.000001     1.547547 
2454883.567264 0.000000 0.000000    -0.000001     1.547547 
2454884.498562 0.000000 0.000000    -0.000001     1.547547 
2454885.429859 0.000000 0.000000    -0.000001     1.547547 
2454886.361157 0.000000 0.000000    -0.000001     1.547547 
2454887.292455 0.000000 0.000000    -0.000001     1.547547 
2454888.223753 0.000000 0.000000    -0.000001     1.547547 
2454889.155051 0.000000 0.000000    -0.000001     1.547547 
2454890.086349 0.000000 0.000000    -0.000001     1.547547 
2454891.017646 0.000000 0.000000    -0.000001     1.547547 
2454891.948944 0.000000 0.000000    -0.000002     1.547547 
2454892.880242 0.000000 0.000000    -0.000001     1.547547 
2454893.811540 0.000000 0.000000    -0.000001     1.547547 
2454894.742838 0.000000 0.000000    -0.000000     1.547547 
2454895.674136 0.000000 0.000000    -0.000001     1.547547 
2454896.605434 0.000000 0.000000    -0.000001     1.547547 
2454897.536731 0.000000 0.000000    -0.000002     1.547547 
2454898.468029 0.000000 0.000000    -0.000001     1.547547 
2454899.399327 0.000000 0.000000     0.000000     1.547547 
2454900.330625 0.000000 0.000000     0.000003     1.547547 
2454901.261923 0.000000 0.000000     0.000005     1.547547 
2454902.193221 0.000000 0.000000     0.000005     1.547547 
2454903.124519 0.000000 0.000000     0.000005     1.547547 
2454904.055816 0.000000 0.000000     0.000004     1.547547 
2454904.987114 0.000000 0.000000     0.000004     1.547547 
2454905.918412 0.000000 0.000000     0.000006     1.547547 
2454906.849710 0.000000 0.000000     0.000007     1.547547 
2454907.781008 0.000000 0.000000     0.000009     1.547547 
2454908.712306 0.000000 0.000000     0.000008     1.547547 
2454909.643603 0.000000 0.000000     0.000007     1.547547 
2454910.574901 0.000000 0.000000     0.000005     1.547547 
2454911.506199 0.000000 0.000000     0.000003     1.547547 
2454912.437497 0.000000 0.000000     0.000002     1.547547 
2454913.368795 0.000000 0.000000     0.000001     1.547547 
2454914.300093 0.000000 0.000000    -0.000000     1.547547 
2454915.231391 0.000000 0.000000    -0.000002     1.547547 
2454916.162688 0.000000 0.000000    -0.000004     1.547547 
2454917.093986 0.000000 0.000000    -0.000006     1.547547 
2454918.025284 0.000000 0.000000    -0.000007     1.547547 
2454918.956582 0.000000 0.000000    -0.000009     1.547547 
2454919.887880 0.000000 0.000000    -0.000011     1.547547 
2454920.819178 0.000000 0.000000    -0.000014     1.547547 
2454921.750476 0.000000 0.000000    -0.000016     1.547547 
2454922.681773 0.000000 0.000000    -0.000017     1.547547 
2454923.613071 0.000000 0.000000    -0.000014     1.547547 
2454924.544369 0.000000 0.000000    -0.000009     1.547547 
2454925.475667 0.000000 0.000000    -0.000004     1.547547 
2454926.406965 0.000000 0.000000    -0.000000     1.547547 
2454927.338263 0.000000 0.000000     0.000002     1.547547 
2454928.269560 0.000000 0.000000     0.000004     1.547547 
2454929.200858 0.000000 0.000000     0.000008     1.547547 
2454930.132156 0.000000 0.000000     0.000014     1.547547 
2454931.063454 0.000000 0.000000     0.000021     1.547547 
2454931.994752 0.000000 0.000000     0.000026     1.547547 
2454932.926050 0.000000 0.000000     0.000028     1.547547 
2454933.857348 0.000000 0.000000     0.000026     1.547547 
2454934.788645 0.000000 0.000000     0.000022     1.547547 
2454935.719943 0.000000 0.000000     0.000017     1.547547 
2454936.651241 0.000000 0.000000     0.000012     1.547547 
2454937.582539 0.000000 0.000000     0.000007     1.547547 
2454938.513837 0.000000 0.000000     0.000002     1.547547 
2454939.445135 0.000000 0.000000    -0.000004     1.547547 
2454940.376433 0.000000 0.000000    -0.000010     1.547547 
2454941.307730 0.000000 0.000000    -0.000016     1.547547 
2454942.239028 0.000000 0.000000    -0.000021     1.547547 
2454943.170326 0.000000 0.000000    -0.000027     1.547547 
2454944.101624 0.000000 0.000000    -0.000035     1.547547 
2454945.032922 0.000000 0.000000    -0.000044     1.547547 
2454945.964220 0.000000 0.000000    -0.000052     1.547547 
2454946.895518 0.000000 0.000000    -0.000057     1.547547 
2454947.826815 0.000000 0.000000    -0.000057     1.547547 
2454948.758113 0.000000 0.000000    -0.000051     1.547547 
2454949.689411 0.000000 0.000000    -0.000043     1.547547 
2454950.620709 0.000000 0.000000    -0.000036     1.547547 
2454951.552007 0.000000 0.000000    -0.000030     1.547547 
2454952.483305 0.000000 0.000000    -0.000023     1.547547 
2454953.414602 0.000000 0.000000    -0.000012     1.547547 
2454954.345900 0.000000 0.000000     0.000005     1.547547 
2454955.277198 0.000000 0.000000     0.000024     1.547547 
2454956.208496 0.000000 0.000000     0.000041     1.547547 
2454957.139794 0.000000 0.000000     0.000051     1.547547 
2454958.071092 0.000000 0.000000     0.000053     1.547547 
2454959.002390 0.000000 0.000000     0.000049     1.547547 
2454959.933687 0.000000 0.000000     0.000040     1.547547 
2454960.864985 0.000000 0.000000     0.000030     1.547547 
2454961.796283 0.000000 0.000000     0.000019     1.547547 
2454962.727581 0.000000 0.000000     0.000006     1.547547 
2454963.658879 0.000000 0.000000    -0.000008     1.547547 
2454964.590177 0.000000 0.000000    -0.000021     1.547547 
2454965.521475 0.000000 0.000000    -0.000032     1.547547 
2454966.452772 0.000000 0.000000    -0.000042     1.547547 
2454967.384070 0.000000 0.000000    -0.000053     1.547547 
2454968.315368 0.000000 0.000000    -0.000068     1.547547 
2454969.246666 0.000000 0.000000    -0.000089     1.547547 
2454970.177964 0.000000 0.000000    -0.000111     1.547547 
2454971.109262 0.000000 0.000000    -0.000127     1.547547 
2454972.040559 0.000000 0.000000    -0.000134     1.547547 
2454972.971857 0.000000 0.000000    -0.000131     1.547547 
2454973.903155 0.000000 0.000000    -0.000124     1.547547 
2454974.834453 0.000000 0.000000    -0.000117     1.547547 
2454975.765751 0.000000 0.000000    -0.000111     1.547547 
2454976.697049 0.000000 0.000000    -0.000103     1.547547 
2454977.628347 0.000000 0.000000    -0.000086     1.547547 
2454978.559644 0.000000 0.000000    -0.000057     1.547547 
2454979.490942 0.000000 0.000000    -0.000018     1.547547 
2454980.422240 0.000000 0.000000     0.000020     1.547547 
2454981.353538 0.000000 0.000000     0.000049     1.547547 
2454982.284836 0.000000 0.000000     0.000063     1.547547 
2454983.216134 0.000000 0.000000     0.000064     1.547547 
2454984.147432 0.000000 0.000000     0.000057     1.547547 
2454985.078729 0.000000 0.000000     0.000046     1.547547 
2454986.010027 0.000000 0.000000     0.000031     1.547547 
2454986.941325 0.000000 0.000000     0.000011     1.547547 
2454987.872623 0.000000 0.000000    -0.000013     1.547547 
2454988.803921 0.000000 0.000000    -0.000037     1.547547 
2454989.735219 0.000000 0.000000    -0.000057     1.547547 
2454990.666517 0.000000 0.000000    -0.000072     1.547547 
2454991.597814 0.000000 0.000000    -0.000084     1.547547 
2454992.529112 0.000000 0.000000    -0.000103     1.547547 
2454993.460410 0.000000 0.000000    -0.000133     1.547547 
2454994.391708 0.000000 0.000000    -0.000170     1.547547 
2454995.323006 0.000000 0.000000    -0.000205     1.547547 
2454996.254304 0.000000 0.000000    -0.000228     1.547547 
2454997.185601 0.000000 0.000000    -0.000235     1.547547 
2454998.116899 0.000000 0.000000    -0.000232     1.547547 
2454999.048197 0.000000 0.000000    -0.000229     1.547547 
2454999.979495 0.000000 0.000000    -0.000231     1.547547 
2455000.910793 0.000000 0.000000    -0.000233     1.547547 
2455001.842091 0.000000 0.000000    -0.000223     1.547547 
2455002.773389 0.000000 0.000000    -0.000191     1.547547 
2455003.704686 0.000000 0.000000    -0.000139     1.547547 
2455004.635984 0.000000 0.000000    -0.000077     1.547547 
2455005.567282 0.000000 0.000000    -0.000023     1.547547 
2455006.498580 0.000000 0.000000     0.000012     1.547547 
2455007.429878 0.000000 0.000000     0.000027     1.547547 
2455008.361176 0.000000 0.000000     0.000028     1.547547 
2455009.292474 0.000000 0.000000     0.000023     1.547547 
2455010.223771 0.000000 0.000000     0.000014     1.547547 
2455011.155069 0.000000 0.000000    -0.000003     1.547547 
2455012.086367 0.000000 0.000000    -0.000030     1.547547 
2455013.017665 0.000000 0.000000    -0.000064     1.547547 
2455013.948963 0.000000 0.000000    -0.000093     1.547547 
2455014.880261 0.000000 0.000000    -0.000113     1.547547 
2455015.811558 0.000000 0.000000    -0.000123     1.547547 
2455016.742856 0.000000 0.000000    -0.000134     1.547547 
2455017.674154 0.000000 0.000000    -0.000157     1.547547 
2455018.605452 0.000000 0.000000    -0.000197     1.547547 
2455019.536750 0.000000 0.000000    -0.000244     1.547547 
2455020.468048 0.000000 0.000000    -0.000283     1.547547 
2455021.399346 0.000000 0.000000    -0.000306     1.547547 
2455022.330643 0.000000 0.000000    -0.000313     1.547547 
2455023.261941 0.000000 0.000000    -0.000317     1.547547 
2455024.193239 0.000000 0.000000    -0.000329     1.547547 
2455025.124537 0.000000 0.000000    -0.000349     1.547547 
2455026.055835 0.000000 0.000000    -0.000361     1.547547 
2455026.987133 0.000000 0.000000    -0.000350     1.547547 
2455027.918431 0.000000 0.000000    -0.000309     1.547547 
2455028.849728 0.000000 0.000000    -0.000246     1.547547 
2455029.781026 0.000000 0.000000    -0.000180     1.547547 
2455030.712324 0.000000 0.000000    -0.000130     1.547547 
2455031.643622 0.000000 0.000000    -0.000102     1.547547 
2455032.574920 0.000000 0.000000    -0.000090     1.547547 
2455033.506218 0.000000 0.000000    -0.000083     1.547547 
2455034.437515 0.000000 0.000000    -0.000077     1.547547 
2455035.368813 0.000000 0.000000    -0.000077     1.547547 
2455036.300111 0.000000 0.000000    -0.000089     1.547547 
2455037.231409 0.000000 0.000000    -0.000113     1.547547 
2455038.162707 0.000000 0.000000    -0.000142     1.547547 
2455039.094005 0.000000 0.000000    -0.000161     1.547547 
2455040.025303 0.000000 0.000000    -0.000166     1.547547 
2455040.956600 0.000000 0.000000    -0.000161     1.547547 
2455041.887898 0.000000 0.000000    -0.000161     1.547547 
2455042.819196 0.000000 0.000000    -0.000176     1.547547 
2455043.750494 0.000000 0.000000    -0.000205     1.547547 
2455044.681792 0.000000 0.000000    -0.000239     1.547547 
2455045.613090 0.000000 0.000000    -0.000265     1.547547 
2455046.544388 0.000000 0.000000    -0.000281     1.547547 
2455047.475685 0.000000 0.000000    -0.000293     1.547547 
2455048.406983 0.000000 0.000000    -0.000313     1.547547 
2455049.338281 0.000000 0.000000    -0.000342     1.547547 
2455050.269579 0.000000 0.000000    -0.000373     1.547547 
2455051.200877 0.000000 0.000000    -0.000390     1.547547 
2455052.132175 0.000000 0.000000    -0.000385     1.547547 
2455053.063473 0.000000 0.000000    -0.000360     1.547547 
2455053.994770 0.000000 0.000000    -0.000328     1.547547 
2455054.926068 0.000000 0.000000    -0.000301     1.547547 
2455055.857366 0.000000 0.000000    -0.000284     1.547547 
2455056.788664 0.000000 0.000000    -0.000273     1.547547 
2455057.719962 0.000000 0.000000    -0.000259     1.547547 
2455058.651260 0.000000 0.000000    -0.000240     1.547547 
2455059.582557 0.000000 0.000000    -0.000220     1.547547 
2455060.513855 0.000000 0.000000    -0.000207     1.547547 
2455061.445153 0.000000 0.000000    -0.000204     1.547547 
2455062.376451 0.000000 0.000000    -0.000207     1.547547 
2455063.307749 0.000000 0.000000    -0.000207     1.547547 
2455064.239047 0.000000 0.000000    -0.000198     1.547547 
2455065.170345 0.000000 0.000000    -0.000180     1.547547 
2455066.101642 0.000000 0.000000    -0.000158     1.547547 
2455067.032940 0.000000 0.000000    -0.000137     1.547547 
2455067.964238 0.000000 0.000000    -0.000119     1.547547 
2455068.895536 0.000000 0.000000    -0.000104     1.547547 
2455069.826834 0.000000 0.000000    -0.000095     1.547547 
2455070.758132 0.000000 0.000000    -0.000096     1.547547 
2455071.689430 0.000000 0.000000    -0.000111     1.547547 
2455072.620727 0.000000 0.000000    -0.000136     1.547547 
2455073.552025 0.000000 0.000000    -0.000161     1.547547 
2455074.483323 0.000000 0.000000    -0.000176     1.547547 
2455075.414621 0.000000 0.000000    -0.000179     1.547547 
2455076.345919 0.000000 0.000000    -0.000180     1.547547 
2455077.277217 0.000000 0.000000    -0.000196     1.547547 
2455078.208514 0.000000 0.000000    -0.000233     1.547547 
2455079.139812 0.000000 0.000000    -0.000285     1.547547 
2455080.071110 0.000000 0.000000    -0.000330     1.547547 
2455081.002408 0.000000 0.000000    -0.000349     1.547547 
2455081.933706 0.000000 0.000000    -0.000339     1.547547 
2455082.865004 0.000000 0.000000    -0.000313     1.547547 
2455083.796302 0.000000 0.000000    -0.000289     1.547547 
2455084.727599 0.000000 0.000000    -0.000277     1.547547 
2455085.658897 0.000000 0.000000    -0.000269     1.547547 
2455086.590195 0.000000 0.000000    -0.000253     1.547547 
2455087.521493 0.000000 0.000000    -0.000223     1.547547 
2455088.452791 0.000000 0.000000    -0.000187     1.547547 
2455089.384089 0.000000 0.000000    -0.000159     1.547547 
2455090.315387 0.000000 0.000000    -0.000144     1.547547 
2455091.246684 0.000000 0.000000    -0.000128     1.547547 
2455092.177982 0.000000 0.000000    -0.000092     1.547547 
2455093.109280 0.000000 0.000000    -0.000030     1.547547 
2455094.040578 0.000000 0.000000     0.000039     1.547547 
2455094.971876 0.000000 0.000000     0.000081     1.547547 
2455095.903174 0.000000 0.000000     0.000075     1.547547 
2455096.834471 0.000000 0.000000     0.000035     1.547547 
2455097.765769 0.000000 0.000000     0.000009     1.547547 
2455098.697067 0.000000 0.000000     0.000039     1.547547 
2455099.628365 0.000000 0.000000     0.000131     1.547547 
2455100.559663 0.000000 0.000000     0.000237     1.547547 
2455101.490961 0.000000 0.000000     0.000290     1.547547 
2455102.422259 0.000000 0.000000     0.000251     1.547547 
2455103.353556 0.000000 0.000000     0.000139     1.547547 
2455104.284854 0.000000 0.000000     0.000023     1.547547 
2455105.216152 0.000000 0.000000    -0.000029     1.547547 
2455106.147450 0.000000 0.000000     0.000000     1.547547 
2455107.078748 0.000000 0.000000     0.000067     1.547547 
2455108.010046 0.000000 0.000000     0.000107     1.547547 
2455108.941344 0.000000 0.000000     0.000083     1.547547 
2455109.872641 0.000000 0.000000     0.000014     1.547547 
2455110.803939 0.000000 0.000000    -0.000049     1.547547 
2455111.735237 0.000000 0.000000    -0.000068     1.547547 
2455112.666535 0.000000 0.000000    -0.000053     1.547547 
2455113.597833 0.000000 0.000000    -0.000050     1.547547 
2455114.529131 0.000000 0.000000    -0.000092     1.547547 
2455115.460429 0.000000 0.000000    -0.000171     1.547547 
2455116.391726 0.000000 0.000000    -0.000235     1.547547 
2455117.323024 0.000000 0.000000    -0.000243     1.547547 
2455118.254322 0.000000 0.000000    -0.000208     1.547547 
2455119.185620 0.000000 0.000000    -0.000189     1.547547 
2455120.116918 0.000000 0.000000    -0.000244     1.547547 
2455121.048216 0.000000 0.000000    -0.000364     1.547547 
2455121.979513 0.000000 0.000000    -0.000459     1.547547 
2455122.910811 0.000000 0.000000    -0.000419     1.547547 
2455123.842109 0.000000 0.000000    -0.000197     1.547547 
2455124.773407 0.000000 0.000000     0.000143     1.547547 
2455125.704705 0.000000 0.000000     0.000456     1.547547 
2455126.636003 0.000000 0.000000     0.000626     1.547547 
2455127.567301 0.000000 0.000000     0.000645     1.547547 
2455128.498598 0.000000 0.000000     0.000625     1.547547 
2455129.429896 0.000000 0.000000     0.000700     1.547547 
2455130.361194 0.000000 0.000000     0.000925     1.547547 
2455131.292492 0.000000 0.000000     0.001221     1.547547 
2455132.223790 0.000000 0.000000     0.001434     1.547547 
2455133.155088 0.000000 0.000000     0.001444     1.547547 
2455134.086386 0.000000 0.000000     0.001249     1.547547 
2455135.017683 0.000000 0.000000     0.000953     1.547547 
2455135.948981 0.000000 0.000000     0.000678     1.547547 
2455136.880279 0.000000 0.000000     0.000467     1.547547 
2455137.811577 0.000000 0.000000     0.000276     1.547547 
2455138.742875 0.000000 0.000000     0.000032     1.547547 
2455139.674173 0.000000 0.000000    -0.000286     1.547547 
2455140.605470 0.000000 0.000000    -0.000624     1.547547 
2455141.536768 0.000000 0.000000    -0.000913     1.547547 
2455142.468066 0.000000 0.000000    -0.001148     1.547547 
2455143.399364 0.000000 0.000000    -0.001406     1.547547 
2455144.330662 0.000000 0.000000    -0.001773     1.547547 
2455145.261960 0.000000 0.000000    -0.002236     1.547547 
2455146.193258 0.000000 0.000000    -0.002645     1.547547 
2455147.124555 0.000000 0.000000    -0.002787     1.547547 
2455148.055853 0.000000 0.000000    -0.002540     1.547547 
2455148.987151 0.000000 0.000000    -0.001968     1.547547 
2455149.918449 0.000000 0.000000    -0.001292     1.547547 
2455150.849747 0.000000 0.000000    -0.000726     1.547547 
2455151.781045 0.000000 0.000000    -0.000316     1.547547 
2455152.712343 0.000000 0.000000     0.000089     1.547546 
2455153.643640 0.000000 0.000000     0.000704     1.547546 
2455154.574938 0.000000 0.000000     0.001614     1.547546 
2455155.506236 0.000000 0.000000     0.002665     1.547546 
2455156.437534 0.000000 0.000000     0.003539     1.547546 
2455157.368832 0.000000 0.000000     0.003949     1.547546 
2455158.300130 0.000000 0.000000     0.003816     1.547546 
2455159.231427 0.000000 0.000000     0.003280     1.547546 
2455160.162725 0.000000 0.000000     0.002574     1.547546 
2455161.094023 0.000000 0.000000     0.001852     1.547546 
2455162.025321 0.000000 0.000000     0.001126     1.547546 
2455162.956619 0.000000 0.000000     0.000338     1.547546 
2455163.887917 0.000000 0.000000    -0.000523     1.547546 
2455164.819215 0.000000 0.000000    -0.001381     1.547546 
2455165.750512 0.000000 0.000000    -0.002156     1.547546 
2455166.681810 0.000000 0.000000    -0.002879     1.547546 
2455167.613108 0.000000 0.000000    -0.003713     1.547546 
2455168.544406 0.000000 0.000000    -0.004821     1.547546 
2455169.475704 0.000000 0.000000    -0.006174     1.547546 
2455170.407002 0.000000 0.000000    -0.007479     1.547546 
2455171.338300 0.000000 0.000000    -0.008319     1.547546 
2455172.269597 0.000000 0.000000    -0.008416     1.547546 
2455173.200895 0.000000 0.000000    -0.007838     1.547546 
2455174.132193 0.000000 0.000000    -0.006940     1.547546 
2455175.063491 0.000000 0.000000    -0.006084     1.547546 
2455175.994789 0.000000 0.000000    -0.005343     1.547545 
2455176.926087 0.000000 0.000000    -0.004427     1.547544 
2455177.857385 0.000000 0.000000    -0.002927     1.547543 
2455178.788682 0.000000 0.000000    -0.000678     1.547543 
2455179.719980 0.000000 0.000000     0.002018     1.547542 
2455180.651278 0.000000 0.000000     0.004511     1.547543 
2455181.582576 0.000000 0.000000     0.006168     1.547543 
2455182.513874 0.000000 0.000000     0.006717     1.547543 
2455183.445172 0.000000 0.000000     0.006323     1.547543 
2455184.376469 0.000000 0.000000     0.005364     1.547543 
2455185.307767 0.000000 0.000000     0.004128     1.547543 
2455186.239065 0.000000 0.000000     0.002681     1.547543 
2455187.170363 0.000000 0.000000     0.000984     1.547543 
2455188.101661 0.000000 0.000000    -0.000893     1.547543 
2455189.032959 0.000000 0.000000    -0.002706     1.547543 
2455189.964257 0.000000 0.000000    -0.004219     1.547543 
2455190.895554 0.000000 0.000000    -0.005467     1.547543 
2455191.826852 0.000000 0.000000    -0.006829     1.547543 
2455192.758150 0.000000 0.000000    -0.008775     1.547543 
2455193.689448 0.000000 0.000000    -0.011445     1.547543 
2455194.620746 0.000000 0.000000    -0.014403     1.547543 
2455195.552044 0.000000 0.000000    -0.016830     1.547543 
2455196.483342 0.000000 0.000000    -0.018051     1.547543 
2455197.414639 0.000000 0.000000    -0.018003     1.547543 
2455198.345937 0.000000 0.000000    -0.017256     1.547543 
2455199.277235 0.000000 0.000000    -0.016528     1.547542 
2455200.208533 0.000000 0.000000    -0.016056     1.547542 
2455201.139831 0.000000 0.000000    -0.015339     1.547540 
2455202.071129 0.000000 0.000000    -0.013487     1.547538 
2455203.002426 0.000000 0.000000    -0.009943     1.547535 
2455203.933724 0.000000 0.000000    -0.005031     1.547534 
2455204.865022 0.000000 0.000000     0.000120     1.547534 
2455205.796320 0.000000 0.000000     0.004203     1.547534 
2455206.727618 0.000000 0.000000     0.006471     1.547534 
2455207.658916 0.000000 0.000000     0.007018     1.547534 
2455208.590214 0.000000 0.000000     0.006453     1.547534 
2455209.521511 0.000000 0.000000     0.005303     1.547534 
2455210.452809 0.000000 0.000000     0.003660     1.547534 
2455211.384107 0.000000 0.000000     0.001347     1.547534 
2455212.315405 0.000000 0.000000    -0.001621     1.547535 
2455213.246703 0.000000 0.000000    -0.004767     1.547535 
2455214.178001 0.000000 0.000000    -0.007401     1.547535 
2455215.109299 0.000000 0.000000    -0.009200     1.547535 
2455216.040596 0.000000 0.000000    -0.010608     1.547535 
2455216.971894 0.000000 0.000000    -0.012605     1.547534 
2455217.903192 0.000000 0.000000    -0.015948     1.547534 
2455218.834490 0.000000 0.000000    -0.020467     1.547534 
2455219.765788 0.000000 0.000000    -0.025028     1.547534 
2455220.697086 0.000000 0.000000    -0.028274     1.547534 
2455221.628383 0.000000 0.000000    -0.029602     1.547534 
2455222.559681 0.000000 0.000000    -0.029576     1.547534 
2455223.490979 0.000000 0.000000    -0.029416     1.547534 
2455224.422277 0.000000 0.000000    -0.029910     1.547534 
2455225.353575 0.000000 0.000000    -0.030639     1.547533 
2455226.284873 0.000000 0.000000    -0.030158     1.547530 
2455227.216171 0.000000 0.000000    -0.027064     1.547527 
2455228.147468 0.000000 0.000000    -0.021144     1.547524 
2455229.078766 0.000000 0.000000    -0.013704     1.547523 
2455230.010064 0.000000 0.000000    -0.006821     1.547523 
2455230.941362 0.000000 0.000000    -0.002094     1.547523 
2455231.872660 0.000000 0.000000     0.000165     1.547523 
2455232.803958 0.000000 0.000000     0.000736     1.547523 
2455233.735256 0.000000 0.000000     0.000561     1.547523 
2455234.666553 0.000000 0.000000    -0.000078     1.547523 
2455235.597851 0.000000 0.000000    -0.001598     1.547523 
2455236.529149 0.000000 0.000000    -0.004409     1.547523 
2455237.460447 0.000000 0.000000    -0.008174     1.547524 
2455238.391745 0.000000 0.000000    -0.011792     1.547524 
2455239.323043 0.000000 0.000000    -0.014182     1.547524 
2455240.254341 0.000000 0.000000    -0.015230     1.547524 
2455241.185638 0.000000 0.000000    -0.016016     1.547523 
2455242.116936 0.000000 0.000000    -0.018044     1.547523 
2455243.048234 0.000000 0.000000    -0.022033     1.547523 
2455243.979532 0.000000 0.000000    -0.027264     1.547523 
2455244.910830 0.000000 0.000000    -0.032067     1.547523 
2455245.842128 0.000000 0.000000    -0.035090     1.547523 
2455246.773425 0.000000 0.000000    -0.036332     1.547523 
2455247.704723 0.000000 0.000000    -0.037057     1.547523 
2455248.636021 0.000000 0.000000    -0.038638     1.547523 
2455249.567319 0.000000 0.000000    -0.041248     1.547523 
2455250.498617 0.000000 0.000000    -0.043504     1.547522 
2455251.429915 0.000000 0.000000    -0.043391     1.547521 
2455252.361213 0.000000 0.000000    -0.039786     1.547519 
2455253.292510 0.000000 0.000000    -0.033375     1.547518 
2455254.223808 0.000000 0.000000    -0.026259     1.547518 
2455255.155106 0.000000 0.000000    -0.020569     1.547517 
2455256.086404 0.000000 0.000000    -0.017190     1.547518 
2455257.017702 0.000000 0.000000    -0.015532     1.547518 
2455257.949000 0.000000 0.000000    -0.014425     1.547518 
2455258.880298 0.000000 0.000000    -0.013280     1.547518 
2455259.811595 0.000000 0.000000    -0.012531     1.547518 
2455260.742893 0.000000 0.000000    -0.013040     1.547518 
2455261.674191 0.000000 0.000000    -0.015067     1.547518 
2455262.605489 0.000000 0.000000    -0.017780     1.547518 
2455263.536787 0.000000 0.000000    -0.019763     1.547518 
2455264.468085 0.000000 0.000000    -0.020115     1.547518 
2455265.399382 0.000000 0.000000    -0.019184     1.547518 
2455266.330680 0.000000 0.000000    -0.018306     1.547518 
2455267.261978 0.000000 0.000000    -0.018754     1.547518 
2455268.193276 0.000000 0.000000    -0.020790     1.547517 
2455269.124574 0.000000 0.000000    -0.023592     1.547518 
2455270.055872 0.000000 0.000000    -0.026071     1.547518 
2455270.987170 0.000000 0.000000    -0.027835     1.547518 
2455271.918467 0.000000 0.000000    -0.029450     1.547518 
2455272.849765 0.000000 0.000000    -0.031796     1.547518 
2455273.781063 0.000000 0.000000    -0.035114     1.547517 
2455274.712361 0.000000 0.000000    -0.038613     1.547517 
2455275.643659 0.000000 0.000000    -0.040994     1.547517 
2455276.574957 0.000000 0.000000    -0.041444     1.547517 
2455277.506255 0.000000 0.000000    -0.040254     1.547517 
2455278.437552 0.000000 0.000000    -0.038528     1.547517 
2455279.368850 0.000000 0.000000    -0.037268     1.547517 
2455280.300148 0.000000 0.000000    -0.036620     1.547517 
2455281.231446 0.000000 0.000000    -0.035916     1.547517 
2455282.162744 0.000000 0.000000    -0.034414     1.547517 
2455283.094042 0.000000 0.000000    -0.032032     1.547517 
2455284.025340 0.000000 0.000000    -0.029444     1.547517 
2455284.956637 0.000000 0.000000    -0.027478     1.547517 
2455285.887935 0.000000 0.000000    -0.026403     1.547517 
2455286.819233 0.000000 0.000000    -0.025743     1.547517 
2455287.750531 0.000000 0.000000    -0.024744     1.547517 
2455288.681829 0.000000 0.000000    -0.022991     1.547517 
2455289.613127 0.000000 0.000000    -0.020606     1.547517 
2455290.544424 0.000000 0.000000    -0.017906     1.547517 
2455291.475722 0.000000 0.000000    -0.014966     1.547517 
2455292.407020 0.000000 0.000000    -0.011643     1.547517 
2455293.338318 0.000000 0.000000    -0.008079     1.547517 
2455294.269616 0.000000 0.000000    -0.005111     1.547517 
2455295.200914 0.000000 0.000000    -0.003980     1.547518 
2455296.132212 0.000000 0.000000    -0.005340     1.547517 
2455297.063509 0.000000 0.000000    -0.008410     1.547517 
2455297.994807 0.000000 0.000000    -0.011177     1.547517 
2455298.926105 0.000000 0.000000    -0.011803     1.547518 
2455299.857403 0.000000 0.000000    -0.010236     1.547518 
2455300.788701 0.000000 0.000000    -0.008618     1.547517 
2455301.719999 0.000000 0.000000    -0.009898     1.547517 
2455302.651297 0.000000 0.000000    -0.015531     1.547517 
2455303.582594 0.000000 0.000000    -0.024070     1.547517 
2455304.513892 0.000000 0.000000    -0.031909     1.547518 
2455305.445190 0.000000 0.000000    -0.035742     1.547519 
2455306.376488 0.000000 0.000000    -0.034865     1.547520 
2455307.307786 0.000000 0.000000    -0.031469     1.547521 
2455308.239084 0.000000 0.000000    -0.028685     1.547521 
2455309.170381 0.000000 0.000000    -0.028035     1.547521 
2455310.101679 0.000000 0.000000    -0.028430     1.547521 
2455311.032977 0.000000 0.000000    -0.027525     1.547521 
2455311.964275 0.000000 0.000000    -0.024157     1.547521 
2455312.895573 0.000000 0.000000    -0.019575     1.547521 
2455313.826871 0.000000 0.000000    -0.016263     1.547521 
2455314.758169 0.000000 0.000000    -0.015381     1.547521 
2455315.689466 0.000000 0.000000    -0.015276     1.547521 
2455316.620764 0.000000 0.000000    -0.012716     1.547521 
2455317.552062 0.000000 0.000000    -0.006032     1.547521 
2455318.483360 0.000000 0.000000     0.002656     1.547521 
2455319.414658 0.000000 0.000000     0.008511     1.547521 
2455320.345956 0.000000 0.000000     0.007963     1.547521 
2455321.277254 0.000000 0.000000     0.002434     1.547521 
2455322.208551 0.000000 0.000000    -0.001698     1.547520 
2455323.139849 0.000000 0.000000     0.002443     1.547520 
2455324.071147 0.000000 0.000000     0.016503     1.547516 
2455325.002445 0.000000 0.000000     0.034610     1.547503 
2455325.933743 0.000000 0.000000     0.046889     1.547470 
2455326.865041 0.000000 0.000000     0.046553     1.547414 
2455327.796338 0.000000 0.000000     0.035166     1.547358 
2455328.727636 0.000000 0.000000     0.021748     1.547334 
2455329.658934 0.000000 0.000000     0.016148     1.547349 
2455330.590232 0.000000 0.000000     0.021710     1.547380 
2455331.521530 0.000000 0.000000     0.032992     1.547401 
2455332.452828 0.000000 0.000000     0.040317     1.547409 
2455333.384126 0.000000 0.000000     0.037400     1.547412 
2455334.315423 0.000000 0.000000     0.025864     1.547412 
2455335.246721 0.000000 0.000000     0.013103     1.547413 
2455336.178019 0.000000 0.000000     0.005572     1.547415 
2455337.109317 0.000000 0.000000     0.003406     1.547416 
2455338.040615 0.000000 0.000000     0.000984     1.547417 
2455338.971913 0.000000 0.000000    -0.007259     1.547420 
2455339.903211 0.000000 0.000000    -0.021195     1.547420 
2455340.834508 0.000000 0.000000    -0.034865     1.547418 
2455341.765806 0.000000 0.000000    -0.042201     1.547416 
2455342.697104 0.000000 0.000000    -0.043396     1.547415 
2455343.628402 0.000000 0.000000    -0.045639     1.547414 
2455344.559700 0.000000 0.000000    -0.056655     1.547413 
2455345.490998 0.000000 0.000000    -0.076160     1.547410 
2455346.422296 0.000000 0.000000    -0.093048     1.547405 
2455347.353593 0.000000 0.000000    -0.091955     1.547399 
2455348.284891 0.000000 0.000000    -0.064930     1.547378 
2455349.216189 0.000000 0.000000    -0.018873     1.547298 
2455350.147487 0.000000 0.000000     0.028050     1.547036 
2455351.078785 0.000000 0.000000     0.059165     1.546447 
2455352.010083 0.000000 0.000000     0.071590     1.545584 
2455352.941380 0.000000 0.000000     0.078099     1.544808 
2455353.872678 0.000000 0.000000     0.096559     1.544479 
2455354.803976 0.000000 0.000000     0.134917     1.544582 
2455355.735274 0.000000 0.000000     0.183573     1.544812 
2455356.666572 0.000000 0.000000     0.221307     1.544958 
2455357.597870 0.000000 0.000000     0.230112     1.545017 
2455358.529168 0.000000 0.000000     0.207276     1.545037 
2455359.460465 0.000000 0.000000     0.165505     1.545047 
2455360.391763 0.000000 0.000000     0.121806     1.545062 
2455361.323061 0.000000 0.000000     0.084862     1.545084 
2455362.254359 0.000000 0.000000     0.051178     1.545116 
2455363.185657 0.000000 0.000000     0.012121     1.545160 
2455364.116955 0.000000 0.000000    -0.035651     1.545194 
2455365.048253 0.000000 0.000000    -0.086510     1.545184 
2455365.979550 0.000000 0.000000    -0.132294     1.545135 
2455366.910848 0.000000 0.000000    -0.172277     1.545084 
2455367.842146 0.000000 0.000000    -0.216035     1.545057 
2455368.773444 0.000000 0.000000    -0.274663     1.545057 
2455369.704742 0.000000 0.000000    -0.346960     1.545058 
2455370.636040 0.000000 0.000000    -0.413356     1.545039 
2455371.567337 0.000000 0.000000    -0.445227     1.545004 
2455372.498635 0.000000 0.000000    -0.424286     1.544941 
2455373.429933 0.000000 0.000000    -0.356882     1.544758 
2455374.361231 0.000000 0.000000    -0.270465     1.544081 
2455375.292529 0.000000 0.000000    -0.193312     1.542040 
2455376.223827 0.000000 0.000000    -0.132834     1.537875 
2455377.155125 0.000000 0.000000    -0.070242     1.532351 
2455378.086422 0.000000 0.000000     0.022952     1.527855 
2455379.017720 0.000000 0.000000     0.158729     1.526149 
2455379.949018 0.000000 0.000000     0.317277     1.526626 
2455380.880316 0.000000 0.000000     0.455206     1.527563 
2455381.811614 0.000000 0.000000     0.531441     1.528104 
2455382.742912 0.000000 0.000000     0.531149     1.528327 
2455383.674210 0.000000 0.000000     0.470171     1.528420 
2455384.605507 0.000000 0.000000     0.378575     1.528488 
2455385.536805 0.000000 0.000000     0.278441     1.528601 
2455386.468103 0.000000 0.000000     0.174056     1.528778 
2455387.399401 0.000000 0.000000     0.060104     1.529050 
2455388.330699 0.000000 0.000000    -0.063154     1.529382 
2455389.261997 0.000000 0.000000    -0.184465     1.529546 
2455390.193294 0.000000 0.000000    -0.292264     1.529361 
2455391.124592 0.000000 0.000000    -0.390783     1.528953 
2455392.055890 0.000000 0.000000    -0.503382     1.528595 
2455392.987188 0.000000 0.000000    -0.655064     1.528460 
2455393.918486 0.000000 0.000000    -0.845866     1.528513 
2455394.849784 0.000000 0.000000    -1.038553     1.528562 
2455395.781082 0.000000 0.000000    -1.175342     1.528484 
2455396.712379 0.000000 0.000000    -1.214802     1.528309 
2455397.643677 0.000000 0.000000    -1.160854     1.527995 
2455398.574975 0.000000 0.000000    -1.058875     1.527110 
2455399.506273 0.000000 0.000000    -0.958925     1.523929 
2455400.437571 0.000000 0.000000    -0.873741     1.514979 
2455401.368869 0.000000 0.000000    -0.765927     1.498077 
2455402.300167 0.000000 0.000000    -0.577323     1.477255 
2455403.231464 0.000000 0.000000    -0.279855     1.461656 
2455404.162762 0.000000 0.000000     0.091427     1.456424 
2455405.094060 0.000000 0.000000     0.449868     1.457940 
2455406.025358 0.000000 0.000000     0.705622     1.460367 
2455406.956656 0.000000 0.000000     0.814714     1.461665 
2455407.887954 0.000000 0.000000     0.793148     1.462255 
2455408.819252 0.000000 0.000000     0.689632     1.462560 
2455409.750549 0.000000 0.000000     0.543603     1.462867 
2455410.681847 0.000000 0.000000     0.364463     1.463397 
2455411.613145 0.000000 0.000000     0.145931     1.464263 
2455412.544443 0.000000 0.000000    -0.103809     1.465587 
2455413.475741 0.000000 0.000000    -0.350192     1.466927 
2455414.407039 0.000000 0.000000    -0.554823     1.467204 
2455415.338336 0.000000 0.000000    -0.714028     1.466001 
2455416.269634 0.000000 0.000000    -0.875036     1.464152 
2455417.200932 0.000000 0.000000    -1.106656     1.462801 
2455418.132230 0.000000 0.000000    -1.441097     1.462474 
2455419.063528 0.000000 0.000000    -1.833776     1.462821 
2455419.994826 0.000000 0.000000    -2.179616     1.463045 
2455420.926124 0.000000 0.000000    -2.380470     1.462797 
2455421.857421 0.000000 0.000000    -2.413693     1.462219 
2455422.788719 0.000000 0.000000    -2.345478     1.461231 
2455423.720017 0.000000 0.000000    -2.273572     1.458492 
2455424.651315 0.000000 0.000000    -2.241569     1.448903 
2455425.582613 0.000000 0.000000    -2.193763     1.423428 
2455426.513911 0.000000 0.000000    -2.011007     1.377568 
2455427.445209 0.000000 0.000000    -1.604412     1.322866 
2455428.376506 0.000000 0.000000    -0.995893     1.283648 
2455429.307804 0.000000 0.000000    -0.322254     1.271747 
2455430.239102 0.000000 0.000000     0.241820     1.275024 
2455431.170400 0.000000 0.000000     0.583651     1.279413 
2455432.101698 0.000000 0.000000     0.701114     1.281726 
2455433.032996 0.000000 0.000000     0.669266     1.283008 
2455433.964293 0.000000 0.000000     0.561219     1.283854 
2455434.895591 0.000000 0.000000     0.393407     1.284941 
2455435.826889 0.000000 0.000000     0.138757     1.286856 
2455436.758187 0.000000 0.000000    -0.212131     1.290123 
2455437.689485 0.000000 0.000000    -0.606026     1.294747 
2455438.620783 0.000000 0.000000    -0.948189     1.298354 
2455439.552081 0.000000 0.000000    -1.177810     1.297683 
2455440.483378 0.000000 0.000000    -1.331289     1.292701 
2455441.414676 0.000000 0.000000    -1.529531     1.286782 
2455442.345974 0.000000 0.000000    -1.887371     1.283229 
2455443.277272 0.000000 0.000000    -2.413490     1.282877 
2455444.208570 0.000000 0.000000    -2.985698     1.284093 
2455445.139868 0.000000 0.000000    -3.430211     1.284712 
2455446.071166 0.000000 0.000000    -3.647612     1.284095 
2455447.002463 0.000000 0.000000    -3.684374     1.282706 
2455447.933761 0.000000 0.000000    -3.687554     1.280546 
2455448.865059 0.000000 0.000000    -3.773844     1.274806 
2455449.796357 0.000000 0.000000    -3.917193     1.255274 
2455450.727655 0.000000 0.000000    -3.949520     1.205448 
2455451.658953 0.000000 0.000000    -3.681109     1.116274 
2455452.590250 0.000000 0.000000    -3.050613     1.004730 
2455453.521548 0.000000 0.000000    -2.188224     0.919424 
2455454.452846 0.000000 0.000000    -1.342286     0.893196 
2455455.384144 0.000000 0.000000    -0.726309     0.897722 
2455456.315442 0.000000 0.000000    -0.403497     0.903610 
2455457.246740 0.000000 0.000000    -0.291247     0.907389 
2455458.178038 0.000000 0.000000    -0.268528     0.910345 
2455459.109335 0.000000 0.000000    -0.287823     0.912866 
2455460.040633 0.000000 0.000000    -0.397271     0.916720 
2455460.971931 0.000000 0.000000    -0.662219     0.923859 
2455461.903229 0.000000 0.000000    -1.065484     0.935999 
2455462.834527 0.000000 0.000000    -1.484369     0.950421 
2455463.765825 0.000000 0.000000    -1.773459     0.957488 
2455464.697123 0.000000 0.000000    -1.885417     0.949955 
2455465.628420 0.000000 0.000000    -1.922381     0.931787 
2455466.559718 0.000000 0.000000    -2.064990     0.914528 
2455467.491016 0.000000 0.000000    -2.430146     0.906386 
2455468.422314 0.000000 0.000000    -2.973409     0.906703 
2455469.353612 0.000000 0.000000    -3.519628     0.909813 
2455470.284910 0.000000 0.000000    -3.900185     0.911285 
2455471.216208 0.000000 0.000000    -4.084689     0.910175 
2455472.147505 0.000000 0.000000    -4.196488     0.907384 
2455473.078803 0.000000 0.000000    -4.396418     0.903751 
2455474.010101 0.000000 0.000000    -4.729612     0.896238 
2455474.941399 0.000000 0.000000    -5.063675     0.872363 
2455475.872697 0.000000 0.000000    -5.173669     0.813694 
2455476.803995 0.000000 0.000000    -4.909561     0.708031 
2455477.735292 0.000000 0.000000    -4.313945     0.558572 
2455478.666590 0.000000 0.000000    -3.597861     0.392816 
2455479.597888 0.000000 0.000000    -2.996731     0.301828 
2455480.529186 0.000000 0.000000    -2.622097     0.310961 
2455481.460484 0.000000 0.000000    -2.422016     0.325091 
2455482.391782 0.000000 0.000000    -2.269090     0.342829 
2455483.323080 0.000000 0.000000    -2.090925     0.358624 
2455484.254377 0.000000 0.000000    -1.930098     0.372536 
2455485.185675 0.000000 0.000000    -1.888828     0.396069 
2455486.116973 0.000000 0.000000    -2.015744     0.437183 
2455487.048271 0.000000 0.000000    -2.240006     0.487417 
2455487.979569 0.000000 0.000000    -2.412840     0.523660 
2455488.910867 0.000000 0.000000    -2.420798     0.525425 
2455489.842165 0.000000 0.000000    -2.273018     0.484694 
2455490.773462 0.000000 0.000000    -2.089309     0.408419 
2455491.704760 0.000000 0.000000    -2.002988     0.324321 
2455492.636058 0.000000 0.000000    -2.064098     0.283752 
2455493.567356 0.000000 0.000000    -2.222817     0.289357 
2455494.498654 0.000000 0.000000    -2.397976     0.305822 
2455495.429952 0.000000 0.000000    -2.560581     0.319668 
2455496.361249 0.000000 0.000000    -2.754073     0.317893 
2455497.292547 0.000000 0.000000    -3.036460     0.296789 
2455498.223845 0.000000 0.000000    -3.404053     0.268214 
2455499.155143 0.000000 0.000000    -3.773229     0.256568 
2455500.086441 0.000000 0.000000    -4.040895     0.274982 
2455501.017739 0.000000 0.000000    -4.168923     0.300337 
2455501.949037 0.000000 0.000000    -4.213533     0.307685 
2455502.880334 0.000000 0.000000    -4.270390     0.291157 
2455503.811632 0.000000 0.000000    -4.384108     0.265389 
2455504.742930 0.000000 0.000000    -4.504408     0.254281 
2455505.674228 0.000000 0.000000    -4.528855     0.257363 
2455506.605526 0.000000 0.000000    -4.393014     0.264694 
2455507.536824 0.000000 0.000000    -4.126445     0.277428 
2455508.468122 0.000000 0.000000    -3.825969     0.293677 
2455509.399419 0.000000 0.000000    -3.574250     0.309028 
2455510.330717 0.000000 0.000000    -3.379840     0.320863 
2455511.262015 0.000000 0.000000    -3.189828     0.330949 
2455512.193313 0.000000 0.000000    -2.954009     0.349970 
2455513.124611 0.000000 0.000000    -2.671096     0.386220 
2455514.055909 0.000000 0.000000    -2.370449     0.427549 
2455514.987206 0.000000 0.000000    -2.053981     0.450096 
2455515.918504 0.000000 0.000000    -1.670195     0.433967 
2455516.849802 0.000000 0.000000    -1.164351     0.381590 
2455517.781100 0.000000 0.000000    -0.567764     0.373443 
2455518.712398 0.000000 0.000000    -0.033981     0.444072 
2455519.643696 0.000000 0.000000     0.238194     0.490240 
2455520.574994 0.000000 0.000000     0.153457     0.486131 
2455521.506291 0.000000 0.000000    -0.181926     0.458532 
2455522.437589 0.000000 0.000000    -0.513890     0.455269 
2455523.368887 0.000000 0.000000    -0.628031     0.485708 
2455524.300185 0.000000 0.000000    -0.531238     0.527559 
2455525.231483 0.000000 0.000000    -0.473777     0.564931 
2455526.162781 0.000000 0.000000    -0.775289     0.596051 
2455527.094079 0.000000 0.000000    -1.577428     0.646538 
2455528.025376 0.000000 0.000000    -2.714354     0.728961 
2455528.956674 0.000000 0.000000    -3.806639     0.811056 
2455529.887972 0.000000 0.000000    -4.509182     0.864656 
2455530.819270 0.000000 0.000000    -4.722126     0.888195 
2455531.750568 0.000000 0.000000    -4.607135     0.895300 
2455532.681866 0.000000 0.000000    -4.412445     0.898309 
2455533.613164 0.000000 0.000000    -4.263791     0.901618 
2455534.544461 0.000000 0.000000    -4.095756     0.905251 
2455535.475759 0.000000 0.000000    -3.767033     0.908341 
2455536.407057 0.000000 0.000000    -3.238923     0.911515 
2455537.338355 0.000000 0.000000    -2.643172     0.917107 
2455538.269653 0.000000 0.000000    -2.169901     0.925502 
2455539.200951 0.000000 0.000000    -1.876582     0.933027 
2455540.132248 0.000000 0.000000    -1.601866     0.933148 
2455541.063546 0.000000 0.000000    -1.084332     0.922070 
2455541.994844 0.000000 0.000000    -0.202964     0.909212 
2455542.926142 0.000000 0.000000     0.866744     0.912759 
2455543.857440 0.000000 0.000000     1.734752     0.930257 
2455544.788738 0.000000 0.000000     2.075889     0.939562 
2455545.720036 0.000000 0.000000     1.889934     0.933828 
2455546.651333 0.000000 0.000000     1.521704     0.926968 
2455547.582631 0.000000 0.000000     1.403667     0.929422 
2455548.513929 0.000000 0.000000     1.710319     0.938682 
2455549.445227 0.000000 0.000000     2.196644     0.950424 
2455550.376525 0.000000 0.000000     2.357763     0.961698 
2455551.307823 0.000000 0.000000     1.796622     0.979865 
2455552.239121 0.000000 0.000000     0.521551     1.027211 
2455553.170418 0.000000 0.000000    -1.050567     1.104523 
2455554.101716 0.000000 0.000000    -2.379833     1.179230 
2455555.033014 0.000000 0.000000    -3.151235     1.226465 
2455555.964312 0.000000 0.000000    -3.422760     1.246399 
2455556.895610 0.000000 0.000000    -3.483737     1.252353 
2455557.826908 0.000000 0.000000    -3.567544     1.255394 
2455558.758205 0.000000 0.000000    -3.666666     1.259144 
2455559.689503 0.000000 0.000000    -3.592487     1.262767 
2455560.620801 0.000000 0.000000    -3.203781     1.264966 
2455561.552099 0.000000 0.000000    -2.584492     1.266570 
2455562.483397 0.000000 0.000000    -2.003057     1.269330 
2455563.414695 0.000000 0.000000    -1.684059     1.272913 
2455564.345993 0.000000 0.000000    -1.595172     1.275110 
2455565.277290 0.000000 0.000000    -1.447866     1.273925 
2455566.208588 0.000000 0.000000    -0.930206     1.269747 
2455567.139886 0.000000 0.000000     0.013654     1.267168 
2455568.071184 0.000000 0.000000     1.094925     1.270620 
2455569.002482 0.000000 0.000000     1.871539     1.276767 
2455569.933780 0.000000 0.000000     2.078178     1.278617 
2455570.865078 0.000000 0.000000     1.832739     1.275983 
2455571.796375 0.000000 0.000000     1.548315     1.273774 
2455572.727673 0.000000 0.000000     1.612510     1.272328 
2455573.658971 0.000000 0.000000     2.082378     1.266807 
2455574.590269 0.000000 0.000000     2.632341     1.253962 
2455575.521567 0.000000 0.000000     2.793423     1.236887 
2455576.452865 0.000000 0.000000     2.295562     1.228085 
2455577.384163 0.000000 0.000000     1.251362     1.243377 
2455578.315460 0.000000 0.000000     0.053216     1.282025 
2455579.246758 0.000000 0.000000    -0.916674     1.323943 
2455580.178056 0.000000 0.000000    -1.527020     1.351726 
2455581.109354 0.000000 0.000000    -1.911041     1.363315 
2455582.040652 0.000000 0.000000    -2.271517     1.367379 
2455582.971950 0.000000 0.000000    -2.663670     1.372544 
2455583.903247 0.000000 0.000000    -2.945252     1.380082 
2455584.834545 0.000000 0.000000    -2.927082     1.385826 
2455585.765843 0.000000 0.000000    -2.579473     1.387551 
2455586.697141 0.000000 0.000000    -2.101939     1.387903 
2455587.628439 0.000000 0.000000    -1.783718     1.390008 
2455588.559737 0.000000 0.000000    -1.766742     1.393301 
2455589.491035 0.000000 0.000000    -1.913297     1.395570 
2455590.422332 0.000000 0.000000    -1.899873     1.396605 
2455591.353630 0.000000 0.000000    -1.472627     1.398090 
2455592.284928 0.000000 0.000000    -0.662898     1.401344 
2455593.216226 0.000000 0.000000     0.212655     1.405827 
2455594.147524 0.000000 0.000000     0.773438     1.409118 
2455595.078822 0.000000 0.000000     0.848506     1.409107 
2455596.010120 0.000000 0.000000     0.592392     1.406737 
2455596.941417 0.000000 0.000000     0.358192     1.403594 
2455597.872715 0.000000 0.000000     0.431280     1.394837 
2455598.804013 0.000000 0.000000     0.828792     1.369681 
2455599.735311 0.000000 0.000000     1.308697     1.323411 
2455600.666609 0.000000 0.000000     1.563726     1.267361 
2455601.597907 0.000000 0.000000     1.437543     1.223835 
2455602.529204 0.000000 0.000000     0.999695     1.207908 
2455603.460502 0.000000 0.000000     0.443127     1.217037 
2455604.391800 0.000000 0.000000    -0.087777     1.237396 
2455605.323098 0.000000 0.000000    -0.587235     1.253957 
2455606.254396 0.000000 0.000000    -1.130606     1.260894 
2455607.185694 0.000000 0.000000    -1.738773     1.265665 
2455608.116992 0.000000 0.000000    -2.300757     1.277208 
2455609.048289 0.000000 0.000000    -2.635078     1.292042 
2455609.979587 0.000000 0.000000    -2.642649     1.300530 
2455610.910885 0.000000 0.000000    -2.416012     1.301122 
2455611.842183 0.000000 0.000000    -2.198475     1.300934 
2455612.773481 0.000000 0.000000    -2.210039     1.305123 
2455613.704779 0.000000 0.000000    -2.472434     1.311335 
2455614.636077 0.000000 0.000000    -2.775967     1.316413 
2455615.567374 0.000000 0.000000    -2.824528     1.322885 
2455616.498672 0.000000 0.000000    -2.455781     1.334398 
2455617.429970 0.000000 0.000000    -1.772056     1.348482 
2455618.361268 0.000000 0.000000    -1.082781     1.358434 
2455619.292566 0.000000 0.000000    -0.699989     1.359546 
2455620.223864 0.000000 0.000000    -0.735527     1.352567 
2455621.155161 0.000000 0.000000    -1.041883     1.343845 
2455622.086459 0.000000 0.000000    -1.328105     1.336484 
2455623.017757 0.000000 0.000000    -1.356438     1.317431 
2455623.949055 0.000000 0.000000    -1.078482     1.264028 
2455624.880353 0.000000 0.000000    -0.629580     1.167136 
2455625.811651 0.000000 0.000000    -0.211315     1.046493 
2455626.742949 0.000000 0.000000     0.034658     0.945185 
2455627.674246 0.000000 0.000000     0.073249     0.894294 
2455628.605544 0.000000 0.000000    -0.065440     0.887445 
2455629.536842 0.000000 0.000000    -0.352035     0.902177 
2455630.468140 0.000000 0.000000    -0.778574     0.916072 
2455631.399438 0.000000 0.000000    -1.321041     0.921270 
2455632.330736 0.000000 0.000000    -1.894483     0.930223 
2455633.262034 0.000000 0.000000    -2.363131     0.951408 
2455634.193331 0.000000 0.000000    -2.617071     0.972740 
2455635.124629 0.000000 0.000000    -2.659188     0.981601 
2455636.055927 0.000000 0.000000    -2.623280     0.981198 
2455636.987225 0.000000 0.000000    -2.690999     0.983940 
2455637.918523 0.000000 0.000000    -2.956949     0.995099 
2455638.849821 0.000000 0.000000    -3.341364     1.008672 
2455639.781119 0.000000 0.000000    -3.624222     1.022632 
2455640.712416 0.000000 0.000000    -3.588480     1.047771 
2455641.643714 0.000000 0.000000    -3.177158     1.090178 
2455642.575012 0.000000 0.000000    -2.552820     1.133301 
2455643.506310 0.000000 0.000000    -2.012714     1.151469 
2455644.437608 0.000000 0.000000    -1.812299     1.132115 
2455645.368906 0.000000 0.000000    -2.012684     1.087505 
2455646.300203 0.000000 0.000000    -2.449859     1.050953 
2455647.231501 0.000000 0.000000    -2.840317     1.037612 
2455648.162799 0.000000 0.000000    -2.949177     1.014740 
2455649.094097 0.000000 0.000000    -2.713326     0.942338 
2455650.025395 0.000000 0.000000    -2.251518     0.808055 
2455650.956693 0.000000 0.000000    -1.772017     0.626433 
2455651.887991 0.000000 0.000000    -1.449597     0.432407 
2455652.819288 0.000000 0.000000    -1.349380     0.301471 
2455653.750586 0.000000 0.000000    -1.430068     0.300347 
2455654.681884 0.000000 0.000000    -1.602386     0.319453 
2455655.613182 0.000000 0.000000    -1.790698     0.322990 
2455656.544480 0.000000 0.000000    -1.959950     0.326054 
2455657.475778 0.000000 0.000000    -2.106734     0.343692 
2455658.407076 0.000000 0.000000    -2.239790     0.367287 
2455659.338373 0.000000 0.000000    -2.372781     0.394151 
2455660.269671 0.000000 0.000000    -2.529013     0.425541 
2455661.200969 0.000000 0.000000    -2.738914     0.457569 
2455662.132267 0.000000 0.000000    -3.016081     0.493192 
2455663.063565 0.000000 0.000000    -3.322723     0.535367 
2455663.994863 0.000000 0.000000    -3.557123     0.579888 
2455664.926160 0.000000 0.000000    -3.590400     0.636170 
2455665.857458 0.000000 0.000000    -3.345520     0.724330 
2455666.788756 0.000000 0.000000    -2.871952     0.828089 
2455667.720054 0.000000 0.000000    -2.357499     0.900864 
2455668.651352 0.000000 0.000000    -2.050611     0.903613 
2455669.582650 0.000000 0.000000    -2.125858     0.816162 
2455670.513948 0.000000 0.000000    -2.571933     0.637788 
2455671.445245 0.000000 0.000000    -3.178994     0.402322 
2455672.376543 0.000000 0.000000    -3.645206     0.355597 
2455673.307841 0.000000 0.000000    -3.745021     0.383364 
2455674.239139 0.000000 0.000000    -3.456397     0.409093 
2455675.170437 0.000000 0.000000    -2.965130     0.519671 
2455676.101735 0.000000 0.000000    -2.542049     0.583101 
2455677.033033 0.000000 0.000000    -2.372329     0.563437 
2455677.964330 0.000000 0.000000    -2.448261     0.510375 
2455678.895628 0.000000 0.000000    -2.593666     0.534707 
2455679.826926 0.000000 0.000000    -2.598447     0.596123 
2455680.758224 0.000000 0.000000    -2.367949     0.622682 
2455681.689522 0.000000 0.000000    -1.985580     0.634939 
2455682.620820 0.000000 0.000000    -1.651601     0.673878 
2455683.552117 0.000000 0.000000    -1.548151     0.719681 
2455684.483415 0.000000 0.000000    -1.727122     0.729051 
2455685.414713 0.000000 0.000000    -2.092209     0.694493 
2455686.346011 0.000000 0.000000    -2.472861     0.657732 
2455687.277309 0.000000 0.000000    -2.724682     0.668056 
2455688.208607 0.000000 0.000000    -2.784828     0.697770 
2455689.139905 0.000000 0.000000    -2.660623     0.713222 
2455690.071202 0.000000 0.000000    -2.388371     0.728830 
2455691.002500 0.000000 0.000000    -2.015881     0.760041 
2455691.933798 0.000000 0.000000    -1.624517     0.795881 
2455692.865096 0.000000 0.000000    -1.352530     0.830680 
2455693.796394 0.000000 0.000000    -1.365069     0.871328 
2455694.727692 0.000000 0.000000    -1.759659     0.917357 
2455695.658990 0.000000 0.000000    -2.465218     0.958635 
2455696.590287 0.000000 0.000000    -3.224402     0.981525 
2455697.521585 0.000000 0.000000    -3.704604     0.970261 
2455698.452883 0.000000 0.000000    -3.686764     0.914765 
2455699.384181 0.000000 0.000000    -3.207677     0.823544 
2455700.315479 0.000000 0.000000    -2.546573     0.729376 
2455701.246777 0.000000 0.000000    -2.050298     0.668200 
2455702.178075 0.000000 0.000000    -1.910678     0.644229 
2455703.109372 0.000000 0.000000    -2.049927     0.651484 
2455704.040670 0.000000 0.000000    -2.196730     0.685052 
2455704.971968 0.000000 0.000000    -2.097237     0.726109 
2455705.903266 0.000000 0.000000    -1.705619     0.759191 
2455706.834564 0.000000 0.000000    -1.215262     0.777034 
2455707.765862 0.000000 0.000000    -0.912642     0.772389 
2455708.697159 0.000000 0.000000    -0.968398     0.734494 
2455709.628457 0.000000 0.000000    -1.322084     0.649163 
2455710.559755 0.000000 0.000000    -1.738442     0.510661 
2455711.491053 0.000000 0.000000    -1.979013     0.412080 
2455712.422351 0.000000 0.000000    -1.950900     0.481586 
2455713.353649 0.000000 0.000000    -1.726727     0.514204 
2455714.284947 0.000000 0.000000    -1.443846     0.499798 
2455715.216244 0.000000 0.000000    -1.188086     0.533399 
2455716.147542 0.000000 0.000000    -0.966878     0.583815 
2455717.078840 0.000000 0.000000    -0.783017     0.618822 
2455718.010138 0.000000 0.000000    -0.719261     0.731920 
2455718.941436 0.000000 0.000000    -0.927930     0.902815 
2455719.872734 0.000000 0.000000    -1.506763     1.042058 
2455720.804032 0.000000 0.000000    -2.358011     1.121962 
2455721.735329 0.000000 0.000000    -3.166895     1.146073 
2455722.666627 0.000000 0.000000    -3.554053     1.118087 
2455723.597925 0.000000 0.000000    -3.313867     1.031366 
2455724.529223 0.000000 0.000000    -2.564926     0.879974 
2455725.460521 0.000000 0.000000    -1.688876     0.678538 
2455726.391819 0.000000 0.000000    -1.088898     0.517540 
2455727.323116 0.000000 0.000000    -0.938774     0.534371 
2455728.254414 0.000000 0.000000    -1.104078     0.579317 
2455729.185712 0.000000 0.000000    -1.285888     0.609821 
2455730.117010 0.000000 0.000000    -1.266813     0.664349 
2455731.048308 0.000000 0.000000    -1.065120     0.720136 
2455731.979606 0.000000 0.000000    -0.884091     0.726280 
2455732.910904 0.000000 0.000000    -0.912853     0.662843 
2455733.842201 0.000000 0.000000    -1.152948     0.574605 
2455734.773499 0.000000 0.000000    -1.416053     0.585736 
2455735.704797 0.000000 0.000000    -1.489050     0.652549 
2455736.636095 0.000000 0.000000    -1.320024     0.685102 
2455737.567393 0.000000 0.000000    -1.062982     0.703480 
2455738.498691 0.000000 0.000000    -0.942854     0.755337 
2455739.429989 0.000000 0.000000    -1.059388     0.828170 
2455740.361286 0.000000 0.000000    -1.303558     0.868917 
2455741.292584 0.000000 0.000000    -1.463821     0.843663 
2455742.223882 0.000000 0.000000    -1.432686     0.768969 
2455743.155180 0.000000 0.000000    -1.329939     0.755941 
2455744.086478 0.000000 0.000000    -1.422168     0.850621 
2455745.017776 0.000000 0.000000    -1.890425     0.939835 
2455745.949073 0.000000 0.000000    -2.635124     0.983703 
2455746.880371 0.000000 0.000000    -3.290532     0.991285 
2455747.811669 0.000000 0.000000    -3.457838     0.960548 
2455748.742967 0.000000 0.000000    -2.987004     0.876027 
2455749.674265 0.000000 0.000000    -2.091171     0.741441 
2455750.605563 0.000000 0.000000    -1.204357     0.608801 
2455751.536861 0.000000 0.000000    -0.692273     0.546253 
2455752.468158 0.000000 0.000000    -0.636105     0.515373 
2455753.399456 0.000000 0.000000    -0.842335     0.485753 
2455754.330754 0.000000 0.000000    -1.045947     0.497158 
2455755.262052 0.000000 0.000000    -1.124451     0.542065 
2455756.193350 0.000000 0.000000    -1.147882     0.580704 
2455757.124648 0.000000 0.000000    -1.243266     0.594882 
2455758.055946 0.000000 0.000000    -1.416506     0.604806 
2455758.987243 0.000000 0.000000    -1.508538     0.654495 
2455759.918541 0.000000 0.000000    -1.337530     0.722525 
2455760.849839 0.000000 0.000000    -0.904281     0.762992 
2455761.781137 0.000000 0.000000    -0.467415     0.784438 
2455762.712435 0.000000 0.000000    -0.395032     0.835028 
2455763.643733 0.000000 0.000000    -0.889988     0.917464 
2455764.575031 0.000000 0.000000    -1.806141     0.979628 
2455765.506328 0.000000 0.000000    -2.715901     0.978347 
2455766.437626 0.000000 0.000000    -3.194820     0.893778 
2455767.368924 0.000000 0.000000    -3.112973     0.734340 
2455768.300222 0.000000 0.000000    -2.710469     0.593024 
2455769.231520 0.000000 0.000000    -2.399371     0.618045 
2455770.162818 0.000000 0.000000    -2.446015     0.667764 
2455771.094115 0.000000 0.000000    -2.777760     0.690992 
2455772.025413 0.000000 0.000000    -3.056191     0.716688 
2455772.956711 0.000000 0.000000    -2.949196     0.707869 
2455773.888009 0.000000 0.000000    -2.385098     0.618857 
2455774.819307 0.000000 0.000000    -1.598102     0.485206 
2455775.750605 0.000000 0.000000    -0.946948     0.505963 
2455776.681903 0.000000 0.000000    -0.663547     0.574528 
2455777.613200 0.000000 0.000000    -0.727011     0.574777 
2455778.544498 0.000000 0.000000    -0.939705     0.543825 
2455779.475796 0.000000 0.000000    -1.113372     0.516370 
2455780.407094 0.000000 0.000000    -1.196593     0.484480 
2455781.338392 0.000000 0.000000    -1.246853     0.468967 
2455782.269690 0.000000 0.000000    -1.299810     0.491644 
2455783.200988 0.000000 0.000000    -1.281196     0.530357 
2455784.132285 0.000000 0.000000    -1.062508     0.582824 
2455785.063583 0.000000 0.000000    -0.621312     0.631535 
2455785.994881 0.000000 0.000000    -0.156033     0.656468 
2455786.926179 0.000000 0.000000    -0.025040     0.681611 
2455787.857477 0.000000 0.000000    -0.520560     0.734389 
2455788.788775 0.000000 0.000000    -1.634414     0.787635 
2455789.720072 0.000000 0.000000    -3.000505     0.810936 
2455790.651370 0.000000 0.000000    -4.078436     0.800498 
2455791.582668 0.000000 0.000000    -4.464210     0.763020 
2455792.513966 0.000000 0.000000    -4.116621     0.718870 
2455793.445264 0.000000 0.000000    -3.347639     0.718996 
2455794.376562 0.000000 0.000000    -2.595398     0.777648 
2455795.307860 0.000000 0.000000    -2.148781     0.842670 
2455796.239157 0.000000 0.000000    -2.012496     0.877853 
2455797.170455 0.000000 0.000000    -1.984034     0.863858 
2455798.101753 0.000000 0.000000    -1.856173     0.780169 
2455799.033051 0.000000 0.000000    -1.580729     0.611740 
2455799.964349 0.000000 0.000000    -1.280942     0.384059 
2455800.895647 0.000000 0.000000    -1.128312     0.400917 
2455801.826945 0.000000 0.000000    -1.198959     0.442224 
2455802.758242 0.000000 0.000000    -1.422558     0.376483 
2455803.689540 0.000000 0.000000    -1.648058     0.354562 
2455804.620838 0.000000 0.000000    -1.755536     0.398096 
2455805.552136 0.000000 0.000000    -1.719017     0.385948 
2455806.483434 0.000000 0.000000    -1.581857     0.381755 
2455807.414732 0.000000 0.000000    -1.387389     0.421240 
2455808.346029 0.000000 0.000000    -1.141272     0.442387 
2455809.277327 0.000000 0.000000    -0.842942     0.472847 
2455810.208625 0.000000 0.000000    -0.550882     0.529528 
2455811.139923 0.000000 0.000000    -0.406930     0.566103 
2455812.071221 0.000000 0.000000    -0.574718     0.565721 
2455813.002519 0.000000 0.000000    -1.122252     0.537428 
2455813.933817 0.000000 0.000000    -1.935131     0.490131 
2455814.865114 0.000000 0.000000    -2.736089     0.464381 
2455815.796412 0.000000 0.000000    -3.213850     0.512076 
2455816.727710 0.000000 0.000000    -3.185059     0.565732 
2455817.659008 0.000000 0.000000    -2.687389     0.587190 
2455818.590306 0.000000 0.000000    -1.948135     0.628700 
2455819.521604 0.000000 0.000000    -1.255103     0.724335 
2455820.452902 0.000000 0.000000    -0.815174     0.813506 
2455821.384199 0.000000 0.000000    -0.682549     0.845869 
2455822.315497 0.000000 0.000000    -0.782793     0.809324 
2455823.246795 0.000000 0.000000    -0.995485     0.732541 
2455824.178093 0.000000 0.000000    -1.231333     0.703333 
2455825.109391 0.000000 0.000000    -1.460128     0.755820 
2455826.040689 0.000000 0.000000    -1.689929     0.805558 
2455826.971987 0.000000 0.000000    -1.929654     0.814789 
2455827.903284 0.000000 0.000000    -2.167670     0.799915 
2455828.834582 0.000000 0.000000    -2.376197     0.784826 
2455829.765880 0.000000 0.000000    -2.528385     0.762398 
2455830.697178 0.000000 0.000000    -2.609367     0.703851 
2455831.628476 0.000000 0.000000    -2.613815     0.592077 
2455832.559774 0.000000 0.000000    -2.536956     0.435509 
2455833.491071 0.000000 0.000000    -2.370821     0.296283 
2455834.422369 0.000000 0.000000    -2.110897     0.283535 
2455835.353667 0.000000 0.000000    -1.768267     0.301091 
2455836.284965 0.000000 0.000000    -1.377515     0.327457 
2455837.216263 0.000000 0.000000    -0.993593     0.336505 
2455838.147561 0.000000 0.000000    -0.677567     0.340034 
2455839.078859 0.000000 0.000000    -0.476740     0.373847 
2455840.010156 0.000000 0.000000    -0.407104     0.394524 
2455840.941454 0.000000 0.000000    -0.446006     0.392422 
2455841.872752 0.000000 0.000000    -0.540295     0.413767 
2455842.804050 0.000000 0.000000    -0.629480     0.444834 
2455843.735348 0.000000 0.000000    -0.675126     0.472630 
2455844.666646 0.000000 0.000000    -0.681457     0.535749 
2455845.597944 0.000000 0.000000    -0.693633     0.601001 
2455846.529241 0.000000 0.000000    -0.771682     0.620888 
2455847.460539 0.000000 0.000000    -0.953437     0.626189 
2455848.391837 0.000000 0.000000    -1.228348     0.693459 
2455849.323135 0.000000 0.000000    -1.538352     0.789061 
2455850.254433 0.000000 0.000000    -1.805142     0.849263 
2455851.185731 0.000000 0.000000    -1.967123     0.866888 
2455852.117028 0.000000 0.000000    -2.005511     0.867234 
2455853.048326 0.000000 0.000000    -1.948761     0.872550 
2455853.979624 0.000000 0.000000    -1.858478     0.874331 
2455854.910922 0.000000 0.000000    -1.806858     0.847704 
2455855.842220 0.000000 0.000000    -1.852455     0.788949 
2455856.773518 0.000000 0.000000    -2.015523     0.747134 
2455857.704816 0.000000 0.000000    -2.255665     0.780432 
2455858.636113 0.000000 0.000000    -2.463770     0.845611 
2455859.567411 0.000000 0.000000    -2.485839     0.890536 
2455860.498709 0.000000 0.000000    -2.185785     0.910704 
2455861.430007 0.000000 0.000000    -1.527701     0.915511 
2455862.361305 0.000000 0.000000    -0.632940     0.911168 
2455863.292603 0.000000 0.000000     0.233100     0.904641 
2455864.223901 0.000000 0.000000     0.756421     0.898671 
2455865.155198 0.000000 0.000000     0.713760     0.880400 
2455866.086496 0.000000 0.000000     0.083554     0.827838 
2455867.017794 0.000000 0.000000    -0.934957     0.721396 
2455867.949092 0.000000 0.000000    -2.008515     0.549091 
2455868.880390 0.000000 0.000000    -2.816782     0.397011 
2455869.811688 0.000000 0.000000    -3.181917     0.512488 
2455870.742986 0.000000 0.000000    -3.118149     0.578115 
2455871.674283 0.000000 0.000000    -2.787429     0.532914 
2455872.605581 0.000000 0.000000    -2.397003     0.456964 
2455873.536879 0.000000 0.000000    -2.096817     0.544063 
2455874.468177 0.000000 0.000000    -1.922987     0.638076 
2455875.399475 0.000000 0.000000    -1.803289     0.641768 
2455876.330773 0.000000 0.000000    -1.612502     0.576758 
2455877.262070 0.000000 0.000000    -1.250053     0.570236 
2455878.193368 0.000000 0.000000    -0.708136     0.653637 
2455879.124666 0.000000 0.000000    -0.100517     0.699172 
2455880.055964 0.000000 0.000000     0.368103     0.714810 
2455880.987262 0.000000 0.000000     0.490609     0.814168 
2455881.918560 0.000000 0.000000     0.170881     0.982881 
2455882.849858 0.000000 0.000000    -0.495997     1.127869 
2455883.781155 0.000000 0.000000    -1.232000     1.218895 
2455884.712453 0.000000 0.000000    -1.688330     1.263208 
2455885.643751 0.000000 0.000000    -1.616853     1.278984 
2455886.575049 0.000000 0.000000    -1.012578     1.280947 
2455887.506347 0.000000 0.000000    -0.144060     1.277439 
2455888.437645 0.000000 0.000000     0.554577     1.272390 
2455889.368943 0.000000 0.000000     0.679976     1.261977 
2455890.300240 0.000000 0.000000     0.045018     1.231323 
2455891.231538 0.000000 0.000000    -1.238070     1.161989 
2455892.162836 0.000000 0.000000    -2.811014     1.050378 
2455893.094134 0.000000 0.000000    -4.223033     0.938372 
2455894.025432 0.000000 0.000000    -5.106029     0.913422 
2455894.956730 0.000000 0.000000    -5.295697     0.959039 
2455895.888027 0.000000 0.000000    -4.859349     0.982208 
2455896.819325 0.000000 0.000000    -4.035010     0.965683 
2455897.750623 0.000000 0.000000    -3.116700     0.957642 
2455898.681921 0.000000 0.000000    -2.332736     0.992014 
2455899.613219 0.000000 0.000000    -1.762291     1.033481 
2455900.544517 0.000000 0.000000    -1.323338     1.047058 
2455901.475815 0.000000 0.000000    -0.840796     1.041563 
2455902.407112 0.000000 0.000000    -0.168200     1.044747 
2455903.338410 0.000000 0.000000     0.697084     1.057428 
2455904.269708 0.000000 0.000000     1.573353     1.062723 
2455905.201006 0.000000 0.000000     2.164972     1.079294 
2455906.132304 0.000000 0.000000     2.217288     1.149890 
2455907.063602 0.000000 0.000000     1.672509     1.260352 
2455907.994900 0.000000 0.000000     0.731531     1.358718 
2455908.926197 0.000000 0.000000    -0.224755     1.419580 
2455909.857495 0.000000 0.000000    -0.818857     1.447004 
2455910.788793 0.000000 0.000000    -0.865019     1.455701 
2455911.720091 0.000000 0.000000    -0.458988     1.457020 
2455912.651389 0.000000 0.000000     0.075720     1.456042 
2455913.582687 0.000000 0.000000     0.348501     1.453448 
2455914.513984 0.000000 0.000000     0.079967     1.444426 
2455915.445282 0.000000 0.000000    -0.787443     1.418951 
2455916.376580 0.000000 0.000000    -2.083244     1.370348 
2455917.307878 0.000000 0.000000    -3.488456     1.309398 
2455918.239176 0.000000 0.000000    -4.653052     1.268206 
2455919.170474 0.000000 0.000000    -5.306130     1.268080 
2455920.101772 0.000000 0.000000    -5.330955     1.286789 
2455921.033069 0.000000 0.000000    -4.790094     1.293814 
2455921.964367 0.000000 0.000000    -3.892285     1.288906 
2455922.895665 0.000000 0.000000    -2.904399     1.291798 
2455923.826963 0.000000 0.000000    -2.036281     1.308914 
2455924.758261 0.000000 0.000000    -1.351525     1.325878 
2455925.689559 0.000000 0.000000    -0.758182     1.331545 
2455926.620857 0.000000 0.000000    -0.095353     1.330228 
2455927.552154 0.000000 0.000000     0.729325     1.330470 
2455928.483452 0.000000 0.000000     1.638447     1.331894 
2455929.414750 0.000000 0.000000     2.393699     1.331884 
2455930.346048 0.000000 0.000000     2.720443     1.340257 
2455931.277346 0.000000 0.000000     2.474252     1.371482 
2455932.208644 0.000000 0.000000     1.742149     1.420506 
2455933.139942 0.000000 0.000000     0.810878     1.465863 
2455934.071239 0.000000 0.000000     0.021075     1.493915 
2455935.002537 0.000000 0.000000    -0.401289     1.506793 
2455935.933835 0.000000 0.000000    -0.436807     1.513195 
2455936.865133 0.000000 0.000000    -0.246659     1.518164 
2455937.796431 0.000000 0.000000    -0.065170     1.521675 
2455938.727729 0.000000 0.000000    -0.087918     1.522016 
2455939.659026 0.000000 0.000000    -0.412984     1.515910 
2455940.590324 0.000000 0.000000    -1.039747     1.497727 
2455941.521622 0.000000 0.000000    -1.890992     1.465123 
2455942.452920 0.000000 0.000000    -2.828665     1.427843 
2455943.384218 0.000000 0.000000    -3.667042     1.404533 
2455944.315516 0.000000 0.000000    -4.209054     1.402271 
2455945.246814 0.000000 0.000000    -4.315086     1.408381 
2455946.178111 0.000000 0.000000    -3.972527     1.409989 
2455947.109409 0.000000 0.000000    -3.310920     1.407092 
2455948.040707 0.000000 0.000000    -2.533567     1.404848 
2455948.972005 0.000000 0.000000    -1.799029     1.403696 
2455949.903303 0.000000 0.000000    -1.134518     1.400552 
2455950.834601 0.000000 0.000000    -0.450630     1.394691 
2455951.765899 0.000000 0.000000     0.346108     1.389182 
2455952.697196 0.000000 0.000000     1.226067     1.387054 
2455953.628494 0.000000 0.000000     1.998333     1.387611 
2455954.559792 0.000000 0.000000     2.403506     1.389448 
2455955.491090 0.000000 0.000000     2.279215     1.395977 
2455956.422388 0.000000 0.000000     1.679335     1.412078 
2455957.353686 0.000000 0.000000     0.857105     1.434865 
2455958.284983 0.000000 0.000000     0.121512     1.454938 
2455959.216281 0.000000 0.000000    -0.331116     1.467895 
2455960.147579 0.000000 0.000000    -0.494684     1.479385 
2455961.078877 0.000000 0.000000    -0.498998     1.496322 
2455962.010175 0.000000 0.000000    -0.483884     1.516089 
2455962.941473 0.000000 0.000000    -0.508669     1.530294 
2455963.872771 0.000000 0.000000    -0.560880     1.534724 
2455964.804068 0.000000 0.000000    -0.635530     1.527258 
2455965.735366 0.000000 0.000000    -0.794950     1.500969 
2455966.666664 0.000000 0.000000    -1.141076     1.451419 
2455967.597962 0.000000 0.000000    -1.716876     1.391931 
2455968.529260 0.000000 0.000000    -2.425501     1.349795 
2455969.460558 0.000000 0.000000    -3.049591     1.336272 
2455970.391856 0.000000 0.000000    -3.370930     1.336831 
2455971.323153 0.000000 0.000000    -3.302186     1.336704 
2455972.254451 0.000000 0.000000    -2.925631     1.330882 
2455973.185749 0.000000 0.000000    -2.407214     1.317385 
2455974.117047 0.000000 0.000000    -1.858520     1.297198 
2455975.048345 0.000000 0.000000    -1.265057     1.275460 
2455975.979643 0.000000 0.000000    -0.544502     1.257158 
2455976.910940 0.000000 0.000000     0.314125     1.245494 
2455977.842238 0.000000 0.000000     1.155383     1.242431 
2455978.773536 0.000000 0.000000     1.703010     1.246094 
2455979.704834 0.000000 0.000000     1.728771     1.252743 
2455980.636132 0.000000 0.000000     1.219890     1.263101 
2455981.567430 0.000000 0.000000     0.410834     1.280145 
2455982.498728 0.000000 0.000000    -0.354151     1.300564 
2455983.430025 0.000000 0.000000    -0.829572     1.317097 
2455984.361323 0.000000 0.000000    -0.994124     1.333136 
2455985.292621 0.000000 0.000000    -1.005559     1.365632 
2455986.223919 0.000000 0.000000    -1.033457     1.419634 
2455987.155217 0.000000 0.000000    -1.112807     1.473767 
2455988.086515 0.000000 0.000000    -1.137479     1.506538 
2455989.017813 0.000000 0.000000    -0.991196     1.514235 
2455989.949110 0.000000 0.000000    -0.696213     1.495821 
2455990.880408 0.000000 0.000000    -0.444438     1.437518 
2455991.811706 0.000000 0.000000    -0.474922     1.327426 
2455992.743004 0.000000 0.000000    -0.892382     1.184969 
2455993.674302 0.000000 0.000000    -1.574014     1.071794 
2455994.605600 0.000000 0.000000    -2.242144     1.032435 
2455995.536898 0.000000 0.000000    -2.646143     1.032143 
2455996.468195 0.000000 0.000000    -2.710375     1.031867 
2455997.399493 0.000000 0.000000    -2.537238     1.021241 
2455998.330791 0.000000 0.000000    -2.277185     0.997489 
2455999.262089 0.000000 0.000000    -1.986880     0.964805 
2456000.193387 0.000000 0.000000    -1.600550     0.931902 
2456001.124685 0.000000 0.000000    -1.036134     0.903494 
2456002.055982 0.000000 0.000000    -0.336420     0.885703 
2456002.987280 0.000000 0.000000     0.289537     0.885616 
2456003.918578 0.000000 0.000000     0.576625     0.898341 
2456004.849876 0.000000 0.000000     0.386509     0.915367 
2456005.781174 0.000000 0.000000    -0.183603     0.938522 
2456006.712472 0.000000 0.000000    -0.858358     0.970832 
2456007.643770 0.000000 0.000000    -1.366895     1.003262 
2456008.575067 0.000000 0.000000    -1.608806     1.029288 
2456009.506365 0.000000 0.000000    -1.676907     1.074788 
2456010.437663 0.000000 0.000000    -1.729177     1.173351 
2456011.368961 0.000000 0.000000    -1.825452     1.297358 
2456012.300259 0.000000 0.000000    -1.869457     1.393353 
2456013.231557 0.000000 0.000000    -1.703854     1.440297 
2456014.162855 0.000000 0.000000    -1.274197     1.444930 
2456015.094152 0.000000 0.000000    -0.717864     1.409824 
2456016.025450 0.000000 0.000000    -0.295926     1.317089 
2456016.956748 0.000000 0.000000    -0.216928     1.146274 
2456017.888046 0.000000 0.000000    -0.491835     0.896292 
2456018.819344 0.000000 0.000000    -0.934431     0.589923 
2456019.750642 0.000000 0.000000    -1.303413     0.318335 
2456020.681939 0.000000 0.000000    -1.470337     0.350411 
2456021.613237 0.000000 0.000000    -1.483063     0.353410 
2456022.544535 0.000000 0.000000    -1.485804     0.347471 
2456023.475833 0.000000 0.000000    -1.574781     0.374181 
2456024.407131 0.000000 0.000000    -1.714624     0.419742 
2456025.338429 0.000000 0.000000    -1.780452     0.445950 
2456026.269727 0.000000 0.000000    -1.680034     0.434151 
2456027.201024 0.000000 0.000000    -1.445066     0.415600 
2456028.132322 0.000000 0.000000    -1.213381     0.434196 
2456029.063620 0.000000 0.000000    -1.121920     0.470740 
2456029.994918 0.000000 0.000000    -1.206140     0.506473 
2456030.926216 0.000000 0.000000    -1.390630     0.549407 
2456031.857514 0.000000 0.000000    -1.571254     0.598882 
2456032.788812 0.000000 0.000000    -1.708188     0.639669 
2456033.720109 0.000000 0.000000    -1.843361     0.689728 
2456034.651407 0.000000 0.000000    -2.028657     0.813386 
2456035.582705 0.000000 0.000000    -2.235919     0.991456 
2456036.514003 0.000000 0.000000    -2.339743     1.148673 
2456037.445301 0.000000 0.000000    -2.200145     1.247170 
2456038.376599 0.000000 0.000000    -1.780597     1.285575 
2456039.307896 0.000000 0.000000    -1.198943     1.279223 
2456040.239194 0.000000 0.000000    -0.659999     1.237255 
2456041.170492 0.000000 0.000000    -0.317094     1.157298 
2456042.101790 0.000000 0.000000    -0.171638     1.048390 
2456043.033088 0.000000 0.000000    -0.091455     0.951408 
2456043.964386 0.000000 0.000000     0.067061     0.906507 
2456044.895684 0.000000 0.000000     0.331563     0.898904 
2456045.826981 0.000000 0.000000     0.582344     0.901650 
2456046.758279 0.000000 0.000000     0.639224     0.900654 
2456047.689577 0.000000 0.000000     0.395272     0.871591 
2456048.620875 0.000000 0.000000    -0.106391     0.791756 
2456049.552173 0.000000 0.000000    -0.704702     0.659056 
2456050.483471 0.000000 0.000000    -1.225489     0.495653 
2456051.414769 0.000000 0.000000    -1.572486     0.363839 
2456052.346066 0.000000 0.000000    -1.742917     0.346260 
2456053.277364 0.000000 0.000000    -1.777659     0.370848 
2456054.208662 0.000000 0.000000    -1.708322     0.396797 
2456055.139960 0.000000 0.000000    -1.552876     0.427313 
2456056.071258 0.000000 0.000000    -1.353018     0.463128 
2456057.002556 0.000000 0.000000    -1.198504     0.499658 
2456057.933854 0.000000 0.000000    -1.192793     0.533470 
2456058.865151 0.000000 0.000000    -1.373628     0.585754 
2456059.796449 0.000000 0.000000    -1.655929     0.682032 
2456060.727747 0.000000 0.000000    -1.859468     0.798188 
2456061.659045 0.000000 0.000000    -1.818224     0.895526 
2456062.590343 0.000000 0.000000    -1.495447     0.955627 
2456063.521641 0.000000 0.000000    -1.012757     0.975882 
2456064.452938 0.000000 0.000000    -0.562280     0.960270 
2456065.384236 0.000000 0.000000    -0.262748     0.921883 
2456066.315534 0.000000 0.000000    -0.069476     0.894381 
2456067.246832 0.000000 0.000000     0.188322     0.906771 
2456068.178130 0.000000 0.000000     0.665708     0.934277 
2456069.109428 0.000000 0.000000     1.360410     0.943932 
2456070.040726 0.000000 0.000000     2.079296     0.949082 
2456070.972023 0.000000 0.000000     2.542134     0.978255 
2456071.903321 0.000000 0.000000     2.551588     1.011311 
2456072.834619 0.000000 0.000000     2.112107     1.004042 
2456073.765917 0.000000 0.000000     1.420535     0.937257 
2456074.697215 0.000000 0.000000     0.744014     0.818433 
2456075.628513 0.000000 0.000000     0.275022     0.664706 
2456076.559811 0.000000 0.000000     0.057094     0.488734 
2456077.491108 0.000000 0.000000     0.012811     0.331084 
2456078.422406 0.000000 0.000000     0.031109     0.330869 
2456079.353704 0.000000 0.000000     0.040264     0.348194 
2456080.285002 0.000000 0.000000     0.022110     0.388578 
2456081.216300 0.000000 0.000000    -0.020096     0.480533 
2456082.147598 0.000000 0.000000    -0.092935     0.527068 
2456083.078895 0.000000 0.000000    -0.208576     0.493790 
2456084.010193 0.000000 0.000000    -0.353153     0.404282 
2456084.941491 0.000000 0.000000    -0.467361     0.369491 
2456085.872789 0.000000 0.000000    -0.470217     0.397194 
2456086.804087 0.000000 0.000000    -0.316217     0.421349 
2456087.735385 0.000000 0.000000    -0.040131     0.490025 
2456088.666683 0.000000 0.000000     0.254227     0.558577 
2456089.597980 0.000000 0.000000     0.463172     0.570921 
2456090.529278 0.000000 0.000000     0.563398     0.542272 
2456091.460576 0.000000 0.000000     0.640598     0.568566 
2456092.391874 0.000000 0.000000     0.836453     0.653615 
2456093.323172 0.000000 0.000000     1.243067     0.706624 
2456094.254470 0.000000 0.000000     1.816138     0.716308 
2456095.185768 0.000000 0.000000     2.371536     0.745863 
2456096.117065 0.000000 0.000000     2.677041     0.828004 
2456097.048363 0.000000 0.000000     2.587343     0.901053 
2456097.979661 0.000000 0.000000     2.138822     0.921158 
2456098.910959 0.000000 0.000000     1.542716     0.890895 
2456099.842257 0.000000 0.000000     1.076879     0.834519 
2456100.773555 0.000000 0.000000     0.938431     0.773513 
2456101.704852 0.000000 0.000000     1.143184     0.727143 
2456102.636150 0.000000 0.000000     1.528721     0.715973 
2456103.567448 0.000000 0.000000     1.855090     0.726263 
2456104.498746 0.000000 0.000000     1.939596     0.737252 
2456105.430044 0.000000 0.000000     1.745549     0.763374 
2456106.361342 0.000000 0.000000     1.378235     0.803930 
2456107.292640 0.000000 0.000000     1.002053     0.826983 
2456108.223937 0.000000 0.000000     0.740424     0.825980 
2456109.155235 0.000000 0.000000     0.623586     0.830283 
2456110.086533 0.000000 0.000000     0.608490     0.852081 
2456111.017831 0.000000 0.000000     0.640735     0.857794 
2456111.949129 0.000000 0.000000     0.701517     0.809525 
2456112.880427 0.000000 0.000000     0.802428     0.688100 
2456113.811725 0.000000 0.000000     0.940558     0.499784 
2456114.743022 0.000000 0.000000     1.063813     0.388609 
2456115.674320 0.000000 0.000000     1.088950     0.450469 
2456116.605618 0.000000 0.000000     0.966437     0.447481 
2456117.536916 0.000000 0.000000     0.737639     0.446774 
2456118.468214 0.000000 0.000000     0.525704     0.504281 
2456119.399512 0.000000 0.000000     0.451882     0.534550 
2456120.330810 0.000000 0.000000     0.536028     0.553587 
2456121.262107 0.000000 0.000000     0.665871     0.610955 
2456122.193405 0.000000 0.000000     0.674887     0.664256 
2456123.124703 0.000000 0.000000     0.481737     0.692388 
2456124.056001 0.000000 0.000000     0.184335     0.731459 
2456124.987299 0.000000 0.000000     0.023039     0.783513 
2456125.918597 0.000000 0.000000     0.222660     0.808097 
2456126.849894 0.000000 0.000000     0.821088     0.795274 
2456127.781192 0.000000 0.000000     1.613761     0.777823 
2456128.712490 0.000000 0.000000     2.264196     0.789496 
2456129.643788 0.000000 0.000000     2.507983     0.820389 
2456130.575086 0.000000 0.000000     2.306076     0.847233 
2456131.506384 0.000000 0.000000     1.841108     0.869372 
2456132.437682 0.000000 0.000000     1.369532     0.901474 
2456133.368979 0.000000 0.000000     1.048983     0.946189 
2456134.300277 0.000000 0.000000     0.869937     0.988503 
2456135.231575 0.000000 0.000000     0.727996     1.013715 
2456136.162873 0.000000 0.000000     0.556453     1.008516 
2456137.094171 0.000000 0.000000     0.395348     0.954445 
2456138.025469 0.000000 0.000000     0.337676     0.838424 
2456138.956767 0.000000 0.000000     0.408261     0.678892 
2456139.888064 0.000000 0.000000     0.495176     0.568421 
2456140.819362 0.000000 0.000000     0.409942     0.566461 
2456141.750660 0.000000 0.000000     0.037432     0.572684 
2456142.681958 0.000000 0.000000    -0.550181     0.576166 
2456143.613256 0.000000 0.000000    -1.120462     0.588347 
2456144.544554 0.000000 0.000000    -1.438908     0.581816 
2456145.475851 0.000000 0.000000    -1.435333     0.551315 
2456146.407149 0.000000 0.000000    -1.242318     0.515245 
2456147.338447 0.000000 0.000000    -1.071927     0.498591 
2456148.269745 0.000000 0.000000    -1.031224     0.547592 
2456149.201043 0.000000 0.000000    -1.030258     0.632240 
2456150.132341 0.000000 0.000000    -0.861074     0.680012 
2456151.063639 0.000000 0.000000    -0.384031     0.662537 
2456151.994936 0.000000 0.000000     0.332829     0.590430 
2456152.926234 0.000000 0.000000     1.037999     0.530150 
2456153.857532 0.000000 0.000000     1.466282     0.562234 
2456154.788830 0.000000 0.000000     1.517369     0.619668 
2456155.720128 0.000000 0.000000     1.302639     0.651539 
2456156.651426 0.000000 0.000000     1.031905     0.679603 
2456157.582724 0.000000 0.000000     0.843392     0.725368 
2456158.514021 0.000000 0.000000     0.720002     0.769332 
2456159.445319 0.000000 0.000000     0.552076     0.796887 
2456160.376617 0.000000 0.000000     0.276704     0.817451 
2456161.307915 0.000000 0.000000    -0.039933     0.826752 
2456162.239213 0.000000 0.000000    -0.253737     0.794832 
2456163.170511 0.000000 0.000000    -0.279334     0.698972 
2456164.101809 0.000000 0.000000    -0.183776     0.544850 
2456165.033106 0.000000 0.000000    -0.145024     0.384909 
2456165.964404 0.000000 0.000000    -0.303940     0.338372 
2456166.895702 0.000000 0.000000    -0.636994     0.355242 
2456167.827000 0.000000 0.000000    -0.963968     0.383657 
2456168.758298 0.000000 0.000000    -1.089619     0.411733 
2456169.689596 0.000000 0.000000    -0.960647     0.424912 
2456170.620893 0.000000 0.000000    -0.703301     0.440516 
2456171.552191 0.000000 0.000000    -0.508716     0.469824 
2456172.483489 0.000000 0.000000    -0.465336     0.512061 
2456173.414787 0.000000 0.000000    -0.485029     0.562992 
2456174.346085 0.000000 0.000000    -0.389044     0.602887 
2456175.277383 0.000000 0.000000    -0.080168     0.616237 
2456176.208681 0.000000 0.000000     0.350206     0.606098 
2456177.139978 0.000000 0.000000     0.678169     0.578694 
2456178.071276 0.000000 0.000000     0.724662     0.525742 
2456179.002574 0.000000 0.000000     0.505710     0.448405 
2456179.933872 0.000000 0.000000     0.226715     0.435099 
2456180.865170 0.000000 0.000000     0.122301     0.516441 
2456181.796468 0.000000 0.000000     0.273499     0.572028 
2456182.727766 0.000000 0.000000     0.553000     0.560574 
2456183.659063 0.000000 0.000000     0.740759     0.476420 
2456184.590361 0.000000 0.000000     0.709276     0.347356 
2456185.521659 0.000000 0.000000     0.522273     0.362447 
2456186.452957 0.000000 0.000000     0.368251     0.434474 
2456187.384255 0.000000 0.000000     0.393045     0.436510 
2456188.315553 0.000000 0.000000     0.579760     0.397845 
2456189.246850 0.000000 0.000000     0.778990     0.404063 
2456190.178148 0.000000 0.000000     0.858275     0.453860 
2456191.109446 0.000000 0.000000     0.834668     0.479676 
2456192.040744 0.000000 0.000000     0.869316     0.464325 
2456192.972042 0.000000 0.000000     1.124552     0.416954 
2456193.903340 0.000000 0.000000     1.606259     0.374199 
2456194.834638 0.000000 0.000000     2.130707     0.378011 
2456195.765935 0.000000 0.000000     2.450844     0.401113 
2456196.697233 0.000000 0.000000     2.441046     0.431838 
2456197.628531 0.000000 0.000000     2.188161     0.485556 
2456198.559829 0.000000 0.000000     1.913906     0.537841 
2456199.491127 0.000000 0.000000     1.793832     0.557163 
2456200.422425 0.000000 0.000000     1.822763     0.533830 
2456201.353723 0.000000 0.000000     1.835598     0.474313 
2456202.285020 0.000000 0.000000     1.661860     0.393669 
2456203.216318 0.000000 0.000000     1.282801     0.321011 
2456204.147616 0.000000 0.000000     0.861467     0.307705 
2456205.078914 0.000000 0.000000     0.624032     0.333270 
2456206.010212 0.000000 0.000000     0.692147     0.346740 
2456206.941510 0.000000 0.000000     1.000899     0.342735 
2456207.872807 0.000000 0.000000     1.361299     0.333920 
2456208.804105 0.000000 0.000000     1.607947     0.331219 
2456209.735403 0.000000 0.000000     1.710653     0.339349 
2456210.666701 0.000000 0.000000     1.768865     0.368505 
2456211.597999 0.000000 0.000000     1.908456     0.417064 
2456212.529297 0.000000 0.000000     2.174516     0.457203 
2456213.460595 0.000000 0.000000     2.504096     0.463837 
2456214.391892 0.000000 0.000000     2.787277     0.431669 
2456215.323190 0.000000 0.000000     2.953399     0.385689 
2456216.254488 0.000000 0.000000     3.010189     0.377639 
2456217.185786 0.000000 0.000000     3.015364     0.405457 
2456218.117084 0.000000 0.000000     3.019906     0.436076 
2456219.048382 0.000000 0.000000     3.037398     0.468175 
2456219.979680 0.000000 0.000000     3.057977     0.506377 
2456220.910977 0.000000 0.000000     3.079101     0.546862 
2456221.842275 0.000000 0.000000     3.113351     0.585503 
2456222.773573 0.000000 0.000000     3.163422     0.633442 
2456223.704871 0.000000 0.000000     3.193643     0.708369 
2456224.636169 0.000000 0.000000     3.135426     0.797972 
2456225.567467 0.000000 0.000000     2.932569     0.870109 
2456226.498765 0.000000 0.000000     2.591860     0.905673 
2456227.430062 0.000000 0.000000     2.194383     0.906732 
2456228.361360 0.000000 0.000000     1.854003     0.892210 
2456229.292658 0.000000 0.000000     1.653840     0.886999 
2456230.223956 0.000000 0.000000     1.608970     0.901965 
2456231.155254 0.000000 0.000000     1.679272     0.923397 
2456232.086552 0.000000 0.000000     1.813606     0.931569 
2456233.017849 0.000000 0.000000     1.984455     0.922311 
2456233.949147 0.000000 0.000000     2.188651     0.908667 
2456234.880445 0.000000 0.000000     2.425705     0.904839 
2456235.811743 0.000000 0.000000     2.684222     0.911727 
2456236.743041 0.000000 0.000000     2.951108     0.920821 
2456237.674339 0.000000 0.000000     3.226230     0.923382 
2456238.605637 0.000000 0.000000     3.513280     0.917185 
2456239.536934 0.000000 0.000000     3.782603     0.909669 
2456240.468232 0.000000 0.000000     3.941445     0.907407 
2456241.399530 0.000000 0.000000     3.858427     0.905553 
2456242.330828 0.000000 0.000000     3.450593     0.900254 
2456243.262126 0.000000 0.000000     2.779280     0.900368 
2456244.193424 0.000000 0.000000     2.071404     0.914592 
2456245.124722 0.000000 0.000000     1.622543     0.937872 
2456246.056019 0.000000 0.000000     1.626546     0.960065 
2456246.987317 0.000000 0.000000     2.044888     0.980721 
2456247.918615 0.000000 0.000000     2.615914     1.016258 
2456248.849913 0.000000 0.000000     3.009796     1.082892 
2456249.781211 0.000000 0.000000     3.027696     1.165929 
2456250.712509 0.000000 0.000000     2.707989     1.233236 
2456251.643806 0.000000 0.000000     2.269950     1.267287 
2456252.575104 0.000000 0.000000     1.945712     1.272402 
2456253.506402 0.000000 0.000000     1.830392     1.266086 
2456254.437700 0.000000 0.000000     1.856733     1.265825 
2456255.368998 0.000000 0.000000     1.895662     1.276701 
2456256.300296 0.000000 0.000000     1.885186     1.289293 
2456257.231594 0.000000 0.000000     1.877045     1.292447 
2456258.162891 0.000000 0.000000     1.970427     1.286164 
2456259.094189 0.000000 0.000000     2.203169     1.279533 
2456260.025487 0.000000 0.000000     2.505215     1.278275 
2456260.956785 0.000000 0.000000     2.758025     1.279738 
2456261.888083 0.000000 0.000000     2.902617     1.279146 
2456262.819381 0.000000 0.000000     2.989657     1.275295 
2456263.750679 0.000000 0.000000     3.114756     1.271555 
2456264.681976 0.000000 0.000000     3.290014     1.271720 
2456265.613274 0.000000 0.000000     3.373203     1.273405 
2456266.544572 0.000000 0.000000     3.140364     1.270825 
2456267.475870 0.000000 0.000000     2.467801     1.265008 
2456268.407168 0.000000 0.000000     1.483858     1.263778 
2456269.338466 0.000000 0.000000     0.553710     1.270631 
2456270.269763 0.000000 0.000000     0.080051     1.281027 
2456271.201061 0.000000 0.000000     0.248815     1.290304 
2456272.132359 0.000000 0.000000     0.903438     1.300625 
2456273.063657 0.000000 0.000000     1.644309     1.320902 
2456273.994955 0.000000 0.000000     2.085168     1.357011 
2456274.926253 0.000000 0.000000     2.083141     1.400583 
2456275.857551 0.000000 0.000000     1.784058     1.435174 
2456276.788848 0.000000 0.000000     1.468837     1.451860 
2456277.720146 0.000000 0.000000     1.334955     1.454204 
2456278.651444 0.000000 0.000000     1.383125     1.452036 
2456279.582742 0.000000 0.000000     1.479913     1.453066 
2456280.514040 0.000000 0.000000     1.518681     1.458139 
2456281.445338 0.000000 0.000000     1.527461     1.462478 
2456282.376636 0.000000 0.000000     1.630680     1.462118 
2456283.307933 0.000000 0.000000     1.907429     1.458647 
2456284.239231 0.000000 0.000000     2.283177     1.456290 
2456285.170529 0.000000 0.000000     2.562644     1.456204 
2456286.101827 0.000000 0.000000     2.584426     1.456248 
2456287.033125 0.000000 0.000000     2.363792     1.454664 
2456287.964423 0.000000 0.000000     2.090858     1.452042 
2456288.895721 0.000000 0.000000     1.971386     1.450551 
2456289.827018 0.000000 0.000000     2.037100     1.451155 
2456290.758316 0.000000 0.000000     2.090764     1.451748 
2456291.689614 0.000000 0.000000     1.848925     1.450071 
2456292.620912 0.000000 0.000000     1.181669     1.447579 
2456293.552210 0.000000 0.000000     0.258768     1.447665 
2456294.483508 0.000000 0.000000    -0.525482     1.451046 
2456295.414805 0.000000 0.000000    -0.805927     1.455577 
2456296.346103 0.000000 0.000000    -0.493044     1.459742 
2456297.277401 0.000000 0.000000     0.172180     1.464898 
2456298.208699 0.000000 0.000000     0.793064     1.474340 
2456299.139997 0.000000 0.000000     1.084720     1.489324 
2456300.071295 0.000000 0.000000     1.033057     1.506000 
2456301.002593 0.000000 0.000000     0.839949     1.518337 
2456301.933890 0.000000 0.000000     0.723460     1.523671 
2456302.865188 0.000000 0.000000     0.750725     1.523957 
2456303.796486 0.000000 0.000000     0.837267     1.522668 
2456304.727784 0.000000 0.000000     0.892137     1.521598 
2456305.659082 0.000000 0.000000     0.957760     1.519978 
2456306.590380 0.000000 0.000000     1.200005     1.516202 
2456307.521678 0.000000 0.000000     1.742801     1.510752 
2456308.452975 0.000000 0.000000     2.492063     1.506569 
2456309.384273 0.000000 0.000000     3.121803     1.505636 
2456310.315571 0.000000 0.000000     3.268372     1.506757 
2456311.246869 0.000000 0.000000     2.798384     1.507714 
2456312.178167 0.000000 0.000000     1.935353     1.507648 
2456313.109465 0.000000 0.000000     1.126137     1.506630 
2456314.040762 0.000000 0.000000     0.731552     1.504973 
2456314.972060 0.000000 0.000000     0.772848     1.503602 
2456315.903358 0.000000 0.000000     0.932432     1.503482 
2456316.834656 0.000000 0.000000     0.812899     1.504314 
2456317.765954 0.000000 0.000000     0.255360     1.505218 
2456318.697252 0.000000 0.000000    -0.530075     1.506657 
2456319.628550 0.000000 0.000000    -1.121039     1.510076 
2456320.559847 0.000000 0.000000    -1.199990     1.515485 
2456321.491145 0.000000 0.000000    -0.781784     1.521100 
2456322.422443 0.000000 0.000000    -0.180201     1.525761 
2456323.353741 0.000000 0.000000     0.244885     1.530070 
2456324.285039 0.000000 0.000000     0.345870     1.534663 
2456325.216337 0.000000 0.000000     0.246633     1.538749 
2456326.147635 0.000000 0.000000     0.176205     1.540961 
2456327.078932 0.000000 0.000000     0.243875     1.540613 
2456328.010230 0.000000 0.000000     0.365316     1.537702 
2456328.941528 0.000000 0.000000     0.404644     1.532121 
2456329.872826 0.000000 0.000000     0.391403     1.522741 
2456330.804124 0.000000 0.000000     0.587579     1.507691 
2456331.735422 0.000000 0.000000     1.300512     1.487479 
2456332.666719 0.000000 0.000000     2.568627     1.468174 
2456333.598017 0.000000 0.000000     3.989938     1.457905 
2456334.529315 0.000000 0.000000     4.882360     1.458072 
2456335.460613 0.000000 0.000000     4.707957     1.462615 
2456336.391911 0.000000 0.000000     3.463132     1.466551 
2456337.323209 0.000000 0.000000     1.729294     1.468721 
2456338.254507 0.000000 0.000000     0.317477     1.467424 
2456339.185804 0.000000 0.000000    -0.251835     1.461567 
2456340.117102 0.000000 0.000000    -0.058672     1.456044 
2456341.048400 0.000000 0.000000     0.338920     1.457401 
2456341.979698 0.000000 0.000000     0.356448     1.463815 
2456342.910996 0.000000 0.000000    -0.184770     1.468963 
2456343.842294 0.000000 0.000000    -0.965538     1.474152 
2456344.773592 0.000000 0.000000    -1.462669     1.486422 
2456345.704889 0.000000 0.000000    -1.373893     1.505787 
2456346.636187 0.000000 0.000000    -0.832136     1.524041 
2456347.567485 0.000000 0.000000    -0.257298     1.535215 
2456348.498783 0.000000 0.000000     0.003502     1.539814 
2456349.430081 0.000000 0.000000    -0.067057     1.540581 
2456350.361379 0.000000 0.000000    -0.208878     1.538899 
2456351.292677 0.000000 0.000000    -0.172896     1.534687 
2456352.223974 0.000000 0.000000     0.035621     1.526783 
2456353.155272 0.000000 0.000000     0.194076     1.513233 
2456354.086570 0.000000 0.000000     0.152586     1.491916 
2456355.017868 0.000000 0.000000     0.100236     1.460059 
2456355.949166 0.000000 0.000000     0.521032     1.414654 
2456356.880464 0.000000 0.000000     1.809770     1.358882 
2456357.811761 0.000000 0.000000     3.833746     1.309902 
2456358.743059 0.000000 0.000000     5.826530     1.288812 
2456359.674357 0.000000 0.000000     6.775489     1.294188 
2456360.605655 0.000000 0.000000     6.075697     1.306538 
2456361.536953 0.000000 0.000000     3.980073     1.315797 
2456362.468251 0.000000 0.000000     1.490081     1.320555 
2456363.399549 0.000000 0.000000    -0.266107     1.314669 
2456364.330846 0.000000 0.000000    -0.735640     1.296781 
2456365.262144 0.000000 0.000000    -0.225516     1.284262 
2456366.193442 0.000000 0.000000     0.416552     1.292896 
2456367.124740 0.000000 0.000000     0.461995     1.310363 
2456368.056038 0.000000 0.000000    -0.199796     1.321836 
2456368.987336 0.000000 0.000000    -1.074359     1.340352 
2456369.918634 0.000000 0.000000    -1.526094     1.384723 
2456370.849931 0.000000 0.000000    -1.292570     1.443624 
2456371.781229 0.000000 0.000000    -0.643998     1.491006 
2456372.712527 0.000000 0.000000    -0.099709     1.515788 
2456373.643825 0.000000 0.000000     0.020748     1.522625 
2456374.575123 0.000000 0.000000    -0.178417     1.519001 
2456375.506421 0.000000 0.000000    -0.338834     1.508053 
2456376.437718 0.000000 0.000000    -0.225338     1.489689 
2456377.369016 0.000000 0.000000     0.052979     1.462198 
2456378.300314 0.000000 0.000000     0.190958     1.422270 
2456379.231612 0.000000 0.000000     0.070822     1.366527 
2456380.162910 0.000000 0.000000     0.010554     1.292324 
2456381.094208 0.000000 0.000000     0.598134     1.196852 
2456382.025506 0.000000 0.000000     2.188435     1.084488 
2456382.956803 0.000000 0.000000     4.462445     0.987538 
2456383.888101 0.000000 0.000000     6.452867     0.956498 
2456384.819399 0.000000 0.000000     7.097269     0.979264 
2456385.750697 0.000000 0.000000     5.953120     1.005811 
2456386.681995 0.000000 0.000000     3.545837     1.023895 
2456387.613293 0.000000 0.000000     1.068040     1.031538 
2456388.544591 0.000000 0.000000    -0.374430     1.011345 
2456389.475888 0.000000 0.000000    -0.435698     0.964262 
2456390.407186 0.000000 0.000000     0.347327     0.939369 
2456391.338484 0.000000 0.000000     1.036274     0.967056 
2456392.269782 0.000000 0.000000     0.988568     1.000869 
2456393.201080 0.000000 0.000000     0.252659     1.023970 
2456394.132378 0.000000 0.000000    -0.589794     1.088483 
2456395.063676 0.000000 0.000000    -0.949480     1.210990 
2456395.994973 0.000000 0.000000    -0.679669     1.334573 
2456396.926271 0.000000 0.000000    -0.116214     1.416818 
2456397.857569 0.000000 0.000000     0.267474     1.453195 
2456398.788867 0.000000 0.000000     0.260746     1.457724 
2456399.720165 0.000000 0.000000     0.034376     1.442347 
2456400.651463 0.000000 0.000000    -0.086859     1.409281 
2456401.582760 0.000000 0.000000     0.042369     1.358291 
2456402.514058 0.000000 0.000000     0.264180     1.291160 
2456403.445356 0.000000 0.000000     0.312408     1.206480 
2456404.376654 0.000000 0.000000     0.136296     1.099535 
2456405.307952 0.000000 0.000000     0.037233     0.971149 
2456406.239250 0.000000 0.000000     0.461175     0.829275 
2456407.170548 0.000000 0.000000     1.596020     0.683120 
2456408.101845 0.000000 0.000000     3.113287     0.567815 
2456409.033143 0.000000 0.000000     4.298859     0.561468 
2456409.964441 0.000000 0.000000     4.509973     0.611787 
2456410.895739 0.000000 0.000000     3.625997     0.649875 
2456411.827037 0.000000 0.000000     2.150738     0.680034 
2456412.758335 0.000000 0.000000     0.884140     0.692957 
2456413.689633 0.000000 0.000000     0.404062     0.659150 
2456414.620930 0.000000 0.000000     0.731247     0.578066 
2456415.552228 0.000000 0.000000     1.397209     0.530783 
2456416.483526 0.000000 0.000000     1.827571     0.576061 
2456417.414824 0.000000 0.000000     1.735768     0.618614 
2456418.346122 0.000000 0.000000     1.251223     0.675632 
2456419.277420 0.000000 0.000000     0.735968     0.830205 
2456420.208717 0.000000 0.000000     0.477847     1.021815 
2456421.140015 0.000000 0.000000     0.507805     1.174250 
2456422.071313 0.000000 0.000000     0.650898     1.263589 
2456423.002611 0.000000 0.000000     0.720694     1.297090 
2456423.933909 0.000000 0.000000     0.671376     1.292856 
2456424.865207 0.000000 0.000000     0.591954     1.258365 
2456425.796505 0.000000 0.000000     0.580461     1.187550 
2456426.727802 0.000000 0.000000     0.633129     1.079943 
2456427.659100 0.000000 0.000000     0.650014     0.951569 
2456428.590398 0.000000 0.000000     0.540305     0.819136 
2456429.521696 0.000000 0.000000     0.320820     0.678533 
2456430.452994 0.000000 0.000000     0.115873     0.519053 
2456431.384292 0.000000 0.000000     0.062185     0.363810 
2456432.315590 0.000000 0.000000     0.206570     0.303352 
2456433.246887 0.000000 0.000000     0.483311     0.317728 
2456434.178185 0.000000 0.000000     0.780986     0.339949 
2456435.109483 0.000000 0.000000     1.030690     0.354884 
2456436.040781 0.000000 0.000000     1.238371     0.361692 
2456436.972079 0.000000 0.000000     1.444714     0.383729 
2456437.903377 0.000000 0.000000     1.664100     0.419727 
2456438.834674 0.000000 0.000000     1.866079     0.450109 
2456439.765972 0.000000 0.000000     2.012121     0.475277 
2456440.697270 0.000000 0.000000     2.101115     0.514951 
2456441.628568 0.000000 0.000000     2.168767     0.568213 
2456442.559866 0.000000 0.000000     2.236619     0.606553 
2456443.491164 0.000000 0.000000     2.264489     0.632229 
2456444.422462 0.000000 0.000000     2.165542     0.696772 
2456445.353759 0.000000 0.000000     1.885608     0.802921 
2456446.285057 0.000000 0.000000     1.480206     0.895979 
2456447.216355 0.000000 0.000000     1.111020     0.951842 
2456448.147653 0.000000 0.000000     0.946631     0.977162 
2456449.078951 0.000000 0.000000     1.038425     0.976323 
2456450.010249 0.000000 0.000000     1.273931     0.935333 
2456450.941547 0.000000 0.000000     1.452771     0.837702 
2456451.872844 0.000000 0.000000     1.429480     0.684349 
2456452.804142 0.000000 0.000000     1.209353     0.517182 
2456453.735440 0.000000 0.000000     0.921546     0.475838 
2456454.666738 0.000000 0.000000     0.698144     0.530382 
2456455.598036 0.000000 0.000000     0.568876     0.557926 
2456456.529334 0.000000 0.000000     0.466059     0.567225 
2456457.460632 0.000000 0.000000     0.333243     0.587809 
2456458.391929 0.000000 0.000000     0.231647     0.624418 
2456459.323227 0.000000 0.000000     0.331523     0.679881 
2456460.254525 0.000000 0.000000     0.773944     0.759125 
2456461.185823 0.000000 0.000000     1.511289     0.840912 
2456462.117121 0.000000 0.000000     2.272836     0.894948 
2456463.048419 0.000000 0.000000     2.712750     0.901176 
2456463.979716 0.000000 0.000000     2.646997     0.847547 
2456464.911014 0.000000 0.000000     2.198041     0.730353 
2456465.842312 0.000000 0.000000     1.721966     0.580078 
2456466.773610 0.000000 0.000000     1.556995     0.531271 
2456467.704908 0.000000 0.000000     1.777263     0.587601 
2456468.636206 0.000000 0.000000     2.141725     0.617269 
2456469.567504 0.000000 0.000000     2.283207     0.616628 
2456470.498801 0.000000 0.000000     1.996880     0.588882 
2456471.430099 0.000000 0.000000     1.407201     0.521700 
2456472.361397 0.000000 0.000000     0.883599     0.480115 
2456473.292695 0.000000 0.000000     0.768535     0.540058 
2456474.223993 0.000000 0.000000     1.125882     0.588128 
2456475.155291 0.000000 0.000000     1.699957     0.592663 
2456476.086589 0.000000 0.000000     2.110895     0.592434 
2456477.017886 0.000000 0.000000     2.131145     0.588978 
2456477.949184 0.000000 0.000000     1.832126     0.550712 
2456478.880482 0.000000 0.000000     1.499722     0.496071 
2456479.811780 0.000000 0.000000     1.400681     0.489702 
2456480.743078 0.000000 0.000000     1.591795     0.525686 
2456481.674376 0.000000 0.000000     1.915836     0.569744 
2456482.605673 0.000000 0.000000     2.167800     0.617067 
2456483.536971 0.000000 0.000000     2.276645     0.697651 
2456484.468269 0.000000 0.000000     2.344219     0.846304 
2456485.399567 0.000000 0.000000     2.513305     1.018157 
2456486.330865 0.000000 0.000000     2.788743     1.153887 
2456487.262163 0.000000 0.000000     2.980157     1.224346 
2456488.193461 0.000000 0.000000     2.833062     1.221642 
2456489.124758 0.000000 0.000000     2.250999     1.151129 
2456490.056056 0.000000 0.000000     1.422724     1.037166 
2456490.987354 0.000000 0.000000     0.733260     0.940415 
2456491.918652 0.000000 0.000000     0.508142     0.917896 
2456492.849950 0.000000 0.000000     0.779913     0.925243 
2456493.781248 0.000000 0.000000     1.259720     0.899051 
2456494.712546 0.000000 0.000000     1.544559     0.830602 
2456495.643843 0.000000 0.000000     1.409668     0.742367 
2456496.575141 0.000000 0.000000     0.967912     0.662641 
2456497.506439 0.000000 0.000000     0.577881     0.605311 
2456498.437737 0.000000 0.000000     0.572924     0.554240 
2456499.369035 0.000000 0.000000     1.016982     0.505875 
2456500.300333 0.000000 0.000000     1.667849     0.525741 
2456501.231630 0.000000 0.000000     2.166927     0.595717 
2456502.162928 0.000000 0.000000     2.303861     0.635087 
2456503.094226 0.000000 0.000000     2.155430     0.647167 
2456504.025524 0.000000 0.000000     2.003393     0.691052 
2456504.956822 0.000000 0.000000     2.107962     0.776848 
2456505.888120 0.000000 0.000000     2.516921     0.859163 
2456506.819418 0.000000 0.000000     3.049342     0.916193 
2456507.750715 0.000000 0.000000     3.447992     0.956748 
2456508.682013 0.000000 0.000000     3.565380     1.012022 
2456509.613311 0.000000 0.000000     3.435657     1.108312 
2456510.544609 0.000000 0.000000     3.190769     1.226868 
2456511.475907 0.000000 0.000000     2.911466     1.323992 
2456512.407205 0.000000 0.000000     2.552332     1.370270 
2456513.338503 0.000000 0.000000     2.008249     1.360180 
2456514.269800 0.000000 0.000000     1.261511     1.307281 
2456515.201098 0.000000 0.000000     0.473314     1.235556 
2456516.132396 0.000000 0.000000    -0.075299     1.169314 
2456517.063694 0.000000 0.000000    -0.163304     1.119549 
2456517.994992 0.000000 0.000000     0.204663     1.070805 
2456518.926290 0.000000 0.000000     0.780299     0.991228 
2456519.857588 0.000000 0.000000     1.225075     0.859915 
2456520.788885 0.000000 0.000000     1.327518     0.683820 
2456521.720183 0.000000 0.000000     1.127326     0.514032 
2456522.651481 0.000000 0.000000     0.860436     0.456448 
2456523.582779 0.000000 0.000000     0.774159     0.484359 
2456524.514077 0.000000 0.000000     0.954955     0.522201 
2456525.445375 0.000000 0.000000     1.292918     0.565272 
2456526.376672 0.000000 0.000000     1.595585     0.609318 
2456527.307970 0.000000 0.000000     1.749641     0.658789 
2456528.239268 0.000000 0.000000     1.800700     0.751634 
2456529.170566 0.000000 0.000000     1.895672     0.893925 
2456530.101864 0.000000 0.000000     2.144763     1.029905 
2456531.033162 0.000000 0.000000     2.519948     1.116852 
2456531.964460 0.000000 0.000000     2.869480     1.150896 
2456532.895757 0.000000 0.000000     3.029497     1.159381 
2456533.827055 0.000000 0.000000     2.936900     1.176996 
2456534.758353 0.000000 0.000000     2.653691     1.217527 
2456535.689651 0.000000 0.000000     2.292390     1.270807 
2456536.620949 0.000000 0.000000     1.915818     1.315661 
2456537.552247 0.000000 0.000000     1.502217     1.333481 
2456538.483545 0.000000 0.000000     1.005655     1.319987 
2456539.414842 0.000000 0.000000     0.455049     1.281978 
2456540.346140 0.000000 0.000000    -0.002812     1.221286 
2456541.277438 0.000000 0.000000    -0.167557     1.133149 
2456542.208736 0.000000 0.000000     0.081181     1.026855 
2456543.140034 0.000000 0.000000     0.680727     0.934589 
2456544.071332 0.000000 0.000000     1.395653     0.875003 
2456545.002629 0.000000 0.000000     1.941235     0.827255 
2456545.933927 0.000000 0.000000     2.136600     0.782440 
2456546.865225 0.000000 0.000000     1.985220     0.769996 
2456547.796523 0.000000 0.000000     1.638039     0.804187 
2456548.727821 0.000000 0.000000     1.280438     0.858997 
2456549.659119 0.000000 0.000000     1.030922     0.915498 
2456550.590417 0.000000 0.000000     0.914923     0.967007 
2456551.521714 0.000000 0.000000     0.908310     1.004779 
2456552.453012 0.000000 0.000000     0.992172     1.033339 
2456553.384310 0.000000 0.000000     1.164709     1.081215 
2456554.315608 0.000000 0.000000     1.407583     1.153156 
2456555.246906 0.000000 0.000000     1.652604     1.204159 
2456556.178204 0.000000 0.000000     1.795794     1.194685 
2456557.109502 0.000000 0.000000     1.759357     1.128515 
2456558.040799 0.000000 0.000000     1.551643     1.053535 
2456558.972097 0.000000 0.000000     1.268618     1.020662 
2456559.903395 0.000000 0.000000     1.026851     1.026446 
2456560.834693 0.000000 0.000000     0.878645     1.044500 
2456561.765991 0.000000 0.000000     0.780779     1.060258 
2456562.697289 0.000000 0.000000     0.647763     1.062060 
2456563.628586 0.000000 0.000000     0.449718     1.047083 
2456564.559884 0.000000 0.000000     0.273003     1.019754 
2456565.491182 0.000000 0.000000     0.285981     0.969383 
2456566.422480 0.000000 0.000000     0.626078     0.872292 
2456567.353778 0.000000 0.000000     1.288686     0.737232 
2456568.285076 0.000000 0.000000     2.101275     0.680315 
2456569.216374 0.000000 0.000000     2.804205     0.747073 
2456570.147671 0.000000 0.000000     3.182379     0.799483 
2456571.078969 0.000000 0.000000     3.159573     0.840498 
2456572.010267 0.000000 0.000000     2.802594     0.940542 
2456572.941565 0.000000 0.000000     2.252727     1.073285 
2456573.872863 0.000000 0.000000     1.648716     1.181206 
2456574.804161 0.000000 0.000000     1.094059     1.252019 
2456575.735459 0.000000 0.000000     0.668557     1.294998 
2456576.666756 0.000000 0.000000     0.441342     1.317656 
2456577.598054 0.000000 0.000000     0.448984     1.329828 
2456578.529352 0.000000 0.000000     0.649487     1.343789 
2456579.460650 0.000000 0.000000     0.903680     1.348001 
2456580.391948 0.000000 0.000000     1.026183     1.304544 
2456581.323246 0.000000 0.000000     0.890955     1.183119 
2456582.254544 0.000000 0.000000     0.519911     0.982850 
2456583.185841 0.000000 0.000000     0.080921     0.735628 
2456584.117139 0.000000 0.000000    -0.216020     0.516301 
2456585.048437 0.000000 0.000000    -0.255076     0.438546 
2456585.979735 0.000000 0.000000    -0.082184     0.469271 
2456586.911033 0.000000 0.000000     0.149109     0.506484 
2456587.842331 0.000000 0.000000     0.312884     0.495197 
2456588.773628 0.000000 0.000000     0.421072     0.478179 
2456589.704926 0.000000 0.000000     0.619716     0.552714 
2456590.636224 0.000000 0.000000     1.070725     0.622948 
2456591.567522 0.000000 0.000000     1.808927     0.634472 
2456592.498820 0.000000 0.000000     2.684410     0.677074 
2456593.430118 0.000000 0.000000     3.434523     0.812960 
2456594.361416 0.000000 0.000000     3.831355     0.941042 
2456595.292713 0.000000 0.000000     3.797402     1.020974 
2456596.224011 0.000000 0.000000     3.414309     1.091178 
2456597.155309 0.000000 0.000000     2.836839     1.192201 
2456598.086607 0.000000 0.000000     2.193309     1.302648 
2456599.017905 0.000000 0.000000     1.549991     1.386381 
2456599.949203 0.000000 0.000000     0.949127     1.435992 
2456600.880501 0.000000 0.000000     0.460962     1.461140 
2456601.811798 0.000000 0.000000     0.180827     1.471527 
2456602.743096 0.000000 0.000000     0.160187     1.475199 
2456603.674394 0.000000 0.000000     0.332365     1.474069 
2456604.605692 0.000000 0.000000     0.512767     1.453002 
2456605.536990 0.000000 0.000000     0.497935     1.390115 
2456606.468288 0.000000 0.000000     0.201949     1.283769 
2456607.399585 0.000000 0.000000    -0.273592     1.168166 
2456608.330883 0.000000 0.000000    -0.697780     1.094083 
2456609.262181 0.000000 0.000000    -0.861542     1.071545 
2456610.193479 0.000000 0.000000    -0.711676     1.071822 
2456611.124777 0.000000 0.000000    -0.367736     1.077538 
2456612.056075 0.000000 0.000000    -0.011364     1.081425 
2456612.987373 0.000000 0.000000     0.263069     1.078584 
2456613.918670 0.000000 0.000000     0.518078     1.072285 
2456614.849968 0.000000 0.000000     0.908548     1.064658 
2456615.781266 0.000000 0.000000     1.535347     1.047880 
2456616.712564 0.000000 0.000000     2.333741     1.030576 
2456617.643862 0.000000 0.000000     3.085025     1.058231 
2456618.575160 0.000000 0.000000     3.543078     1.144079 
2456619.506458 0.000000 0.000000     3.580189     1.236128 
2456620.437755 0.000000 0.000000     3.246686     1.301218 
2456621.369053 0.000000 0.000000     2.710788     1.349876 
2456622.300351 0.000000 0.000000     2.137635     1.401642 
2456623.231649 0.000000 0.000000     1.605288     1.454007 
2456624.162947 0.000000 0.000000     1.113176     1.493315 
2456625.094245 0.000000 0.000000     0.655267     1.515629 
2456626.025542 0.000000 0.000000     0.277727     1.525719 
2456626.956840 0.000000 0.000000     0.061770     1.529061 
2456627.888138 0.000000 0.000000     0.045688     1.529346 
2456628.819436 0.000000 0.000000     0.160440     1.525045 
2456629.750734 0.000000 0.000000     0.247305     1.507795 
2456630.682032 0.000000 0.000000     0.157733     1.472514 
2456631.613330 0.000000 0.000000    -0.137563     1.428826 
2456632.544627 0.000000 0.000000    -0.518123     1.395463 
2456633.475925 0.000000 0.000000    -0.791536     1.380836 
2456634.407223 0.000000 0.000000    -0.823872     1.378137 
2456635.338521 0.000000 0.000000    -0.624299     1.379295 
2456636.269819 0.000000 0.000000    -0.320616     1.381032 
2456637.201117 0.000000 0.000000    -0.048080     1.381142 
2456638.132415 0.000000 0.000000     0.158464     1.378065 
2456639.063712 0.000000 0.000000     0.383471     1.371442 
2456639.995010 0.000000 0.000000     0.746981     1.359410 
2456640.926308 0.000000 0.000000     1.286417     1.341487 
2456641.857606 0.000000 0.000000     1.898628     1.329174 
2456642.788904 0.000000 0.000000     2.388650     1.342630 
2456643.720202 0.000000 0.000000     2.588503     1.383392 
2456644.651500 0.000000 0.000000     2.457335     1.428972 
2456645.582797 0.000000 0.000000     2.092488     1.462228 
2456646.514095 0.000000 0.000000     1.651885     1.484731 
2456647.445393 0.000000 0.000000     1.253378     1.504238 
2456648.376691 0.000000 0.000000     0.926149     1.521845 
2456649.307989 0.000000 0.000000     0.639667     1.534346 
2456650.239287 0.000000 0.000000     0.371173     1.541031 
2456651.170584 0.000000 0.000000     0.146317     1.543738 
2456652.101882 0.000000 0.000000     0.018040     1.544422 
2456653.033180 0.000000 0.000000     0.007009     1.544075 
2456653.964478 0.000000 0.000000     0.062153     1.541548 
2456654.895776 0.000000 0.000000     0.082625     1.534331 
2456655.827074 0.000000 0.000000    -0.011317     1.522640 
2456656.758372 0.000000 0.000000    -0.215226     1.510992 
2456657.689669 0.000000 0.000000    -0.438518     1.503832 
2456658.620967 0.000000 0.000000    -0.568421     1.501314 
2456659.552265 0.000000 0.000000    -0.550888     1.500922 
2456660.483563 0.000000 0.000000    -0.424964     1.500756 
2456661.414861 0.000000 0.000000    -0.283966     1.499591 
2456662.346159 0.000000 0.000000    -0.195306     1.496083 
2456663.277457 0.000000 0.000000    -0.143718     1.489778 
2456664.208754 0.000000 0.000000    -0.043829     1.481599 
2456665.140052 0.000000 0.000000     0.187180     1.472529 
2456666.071350 0.000000 0.000000     0.553524     1.464075 
2456667.002648 0.000000 0.000000     0.960726     1.460973 
2456667.933946 0.000000 0.000000     1.267529     1.469064 
2456668.865244 0.000000 0.000000     1.371446     1.487511 
2456669.796541 0.000000 0.000000     1.266208     1.507869 
2456670.727839 0.000000 0.000000     1.033342     1.522952 
2456671.659137 0.000000 0.000000     0.780480     1.532169 
2456672.590435 0.000000 0.000000     0.575843     1.538194 
2456673.521733 0.000000 0.000000     0.424725     1.542494 
2456674.453031 0.000000 0.000000     0.296223     1.545189 
2456675.384329 0.000000 0.000000     0.169086     1.546516 
2456676.315626 0.000000 0.000000     0.055433     1.546953 
2456677.246924 0.000000 0.000000    -0.014647     1.546875 
2456678.178222 0.000000 0.000000    -0.028808     1.546375 
2456679.109520 0.000000 0.000000    -0.012941     1.545116 
2456680.040818 0.000000 0.000000    -0.016112     1.542863 
2456680.972116 0.000000 0.000000    -0.072168     1.540225 
2456681.903414 0.000000 0.000000    -0.171627     1.538233 
2456682.834711 0.000000 0.000000    -0.269392     1.537269 
2456683.766009 0.000000 0.000000    -0.323263     1.536822 
2456684.697307 0.000000 0.000000    -0.331147     1.535926 
2456685.628605 0.000000 0.000000    -0.334420     1.532991 
2456686.559903 0.000000 0.000000    -0.382058     1.525164 
2456687.491201 0.000000 0.000000    -0.482985     1.509636 
2456688.422499 0.000000 0.000000    -0.585807     1.487971 
2456689.353796 0.000000 0.000000    -0.605451     1.468256 
2456690.285094 0.000000 0.000000    -0.480291     1.458438 
2456691.216392 0.000000 0.000000    -0.219059     1.457823 
2456692.147690 0.000000 0.000000     0.096906     1.461633 
2456693.078988 0.000000 0.000000     0.358452     1.470751 
2456694.010286 0.000000 0.000000     0.489471     1.488351 
2456694.941583 0.000000 0.000000     0.482991     1.510509 
2456695.872881 0.000000 0.000000     0.391462     1.528819 
2456696.804179 0.000000 0.000000     0.283525     1.539368 
2456697.735477 0.000000 0.000000     0.200961     1.544015 
2456698.666775 0.000000 0.000000     0.144523     1.545853 
2456699.598073 0.000000 0.000000     0.092196     1.546579 
2456700.529371 0.000000 0.000000     0.029153     1.546715 
2456701.460668 0.000000 0.000000    -0.036524     1.546164 
2456702.391966 0.000000 0.000000    -0.082596     1.544549 
2456703.323264 0.000000 0.000000    -0.094429     1.541513 
2456704.254562 0.000000 0.000000    -0.078810     1.537361 
2456705.185860 0.000000 0.000000    -0.058138     1.533666 
2456706.117158 0.000000 0.000000    -0.052040     1.532115 
2456707.048456 0.000000 0.000000    -0.064562     1.532502 
2456707.979753 0.000000 0.000000    -0.089144     1.533201 
2456708.911051 0.000000 0.000000    -0.126074     1.532963 
2456709.842349 0.000000 0.000000    -0.193893     1.530159 
2456710.773647 0.000000 0.000000    -0.319671     1.520010 
2456711.704945 0.000000 0.000000    -0.511329     1.493919 
2456712.636243 0.000000 0.000000    -0.733320     1.445030 
2456713.567540 0.000000 0.000000    -0.908935     1.380528 
2456714.498838 0.000000 0.000000    -0.954900     1.328547 
2456715.430136 0.000000 0.000000    -0.829228     1.313356 
2456716.361434 0.000000 0.000000    -0.560651     1.321965 
2456717.292732 0.000000 0.000000    -0.238153     1.333545 
2456718.224030 0.000000 0.000000     0.034420     1.356882 
2456719.155328 0.000000 0.000000     0.190039     1.405718 
2456720.086625 0.000000 0.000000     0.224316     1.464716 
2456721.017923 0.000000 0.000000     0.182192     1.509412 
2456721.949221 0.000000 0.000000     0.119198     1.532745 
2456722.880519 0.000000 0.000000     0.066401     1.541726 
2456723.811817 0.000000 0.000000     0.021639     1.544474 
2456724.743115 0.000000 0.000000    -0.032190     1.544780 
2456725.674413 0.000000 0.000000    -0.100813     1.543207 
2456726.605710 0.000000 0.000000    -0.166476     1.538743 
2456727.537008 0.000000 0.000000    -0.198262     1.529705 
2456728.468306 0.000000 0.000000    -0.174393     1.515001 
2456729.399604 0.000000 0.000000    -0.097873     1.497225 
2456730.330902 0.000000 0.000000     0.005546     1.484054 
2456731.262200 0.000000 0.000000     0.102603     1.481158 
2456732.193497 0.000000 0.000000     0.166841     1.484787 
2456733.124795 0.000000 0.000000     0.181766     1.488023 
2456734.056093 0.000000 0.000000     0.135457     1.488691 
2456734.987391 0.000000 0.000000     0.018398     1.483539 
2456735.918689 0.000000 0.000000    -0.167101     1.459827 
2456736.849987 0.000000 0.000000    -0.391119     1.398779 
2456737.781285 0.000000 0.000000    -0.590304     1.287777 
2456738.712582 0.000000 0.000000    -0.685553     1.139823 
2456739.643880 0.000000 0.000000    -0.619822     1.022171 
2456740.575178 0.000000 0.000000    -0.394339     1.004475 
2456741.506476 0.000000 0.000000    -0.077305     1.028925 
2456742.437774 0.000000 0.000000     0.225221     1.055169 
2456743.369072 0.000000 0.000000     0.421087     1.139045 
2456744.300370 0.000000 0.000000     0.474756     1.280682 
2456745.231667 0.000000 0.000000     0.414628     1.409259 
2456746.162965 0.000000 0.000000     0.302864     1.489129 
2456747.094263 0.000000 0.000000     0.191095     1.525788 
2456748.025561 0.000000 0.000000     0.093432     1.538375 
2456748.956859 0.000000 0.000000    -0.006636     1.540802 
2456749.888157 0.000000 0.000000    -0.125023     1.537469 
2456750.819455 0.000000 0.000000    -0.248478     1.527295 
2456751.750752 0.000000 0.000000    -0.331875     1.507569 
2456752.682050 0.000000 0.000000    -0.323564     1.475104 
2456753.613348 0.000000 0.000000    -0.199598     1.428240 
2456754.544646 0.000000 0.000000     0.017924     1.375848 
2456755.475944 0.000000 0.000000     0.270080     1.341954 
2456756.407242 0.000000 0.000000     0.489353     1.340207 
2456757.338539 0.000000 0.000000     0.627065     1.352433 
2456758.269837 0.000000 0.000000     0.665233     1.360783 
2456759.201135 0.000000 0.000000     0.612937     1.367208 
2456760.132433 0.000000 0.000000     0.498097     1.364913 
2456761.063731 0.000000 0.000000     0.363597     1.323987 
2456761.995029 0.000000 0.000000     0.265530     1.215966 
2456762.926327 0.000000 0.000000     0.263416     1.033109 
2456763.857624 0.000000 0.000000     0.396889     0.796419 
2456764.788922 0.000000 0.000000     0.658015     0.614714 
2456765.720220 0.000000 0.000000     0.979652     0.628228 
2456766.651518 0.000000 0.000000     1.255690     0.679550 
2456767.582816 0.000000 0.000000     1.388657     0.815854 
2456768.514114 0.000000 0.000000     1.338332     1.048200 
2456769.445412 0.000000 0.000000     1.139771     1.262594 
2456770.376709 0.000000 0.000000     0.877193     1.410786 
2456771.308007 0.000000 0.000000     0.630242     1.491860 
2456772.239305 0.000000 0.000000     0.429182     1.525849 
2456773.170603 0.000000 0.000000     0.249917     1.535305 
2456774.101901 0.000000 0.000000     0.051095     1.531910 
2456775.033199 0.000000 0.000000    -0.175209     1.514586 
2456775.964496 0.000000 0.000000    -0.378042     1.477197 
2456776.895794 0.000000 0.000000    -0.467977     1.416738 
2456777.827092 0.000000 0.000000    -0.370740     1.333342 
2456778.758390 0.000000 0.000000    -0.077546     1.226817 
2456779.689688 0.000000 0.000000     0.341859     1.112468 
2456780.620986 0.000000 0.000000     0.771270     1.047071 
2456781.552284 0.000000 0.000000     1.103247     1.059685 
2456782.483581 0.000000 0.000000     1.283381     1.088342 
2456783.414879 0.000000 0.000000     1.321659     1.107437 
2456784.346177 0.000000 0.000000     1.273474     1.141652 
2456785.277475 0.000000 0.000000     1.210042     1.165043 
2456786.208773 0.000000 0.000000     1.196488     1.111976 
2456787.140071 0.000000 0.000000     1.281064     0.949810 
2456788.071369 0.000000 0.000000     1.486708     0.710229 
2456789.002666 0.000000 0.000000     1.798274     0.589059 
2456789.933964 0.000000 0.000000     2.152113     0.640491 
2456790.865262 0.000000 0.000000     2.444388     0.682568 
2456791.796560 0.000000 0.000000     2.567430     0.812205 
2456792.727858 0.000000 0.000000     2.461713     1.013453 
2456793.659156 0.000000 0.000000     2.151925     1.203629 
2456794.590453 0.000000 0.000000     1.738138     1.351877 
2456795.521751 0.000000 0.000000     1.340387     1.450090 
2456796.453049 0.000000 0.000000     1.029403     1.502601 
2456797.384347 0.000000 0.000000     0.790903     1.522912 
2456798.315645 0.000000 0.000000     0.551111     1.524289 
2456799.246943 0.000000 0.000000     0.248296     1.508191 
2456800.178241 0.000000 0.000000    -0.100335     1.461548 
2456801.109538 0.000000 0.000000    -0.387136     1.368106 
2456802.040836 0.000000 0.000000    -0.471070     1.225734 
2456802.972134 0.000000 0.000000    -0.267099     1.054635 
2456803.903432 0.000000 0.000000     0.192881     0.882739 
2456804.834730 0.000000 0.000000     0.769526     0.732434 
2456805.766028 0.000000 0.000000     1.289159     0.681322 
2456806.697326 0.000000 0.000000     1.630945     0.741050 
2456807.628623 0.000000 0.000000     1.772924     0.788435 
2456808.559921 0.000000 0.000000     1.775336     0.844636 
2456809.491219 0.000000 0.000000     1.725014     0.957551 
2456810.422517 0.000000 0.000000     1.686693     1.049009 
2456811.353815 0.000000 0.000000     1.691188     1.054537 
2456812.285113 0.000000 0.000000     1.753466     0.988259 
2456813.216411 0.000000 0.000000     1.888675     0.925883 
2456814.147708 0.000000 0.000000     2.102246     0.910542 
2456815.079006 0.000000 0.000000     2.362205     0.908792 
2456816.010304 0.000000 0.000000     2.587067     0.936460 
2456816.941602 0.000000 0.000000     2.675362     1.028974 
2456817.872900 0.000000 0.000000     2.566460     1.153293 
2456818.804198 0.000000 0.000000     2.288142     1.272428 
2456819.735495 0.000000 0.000000     1.947058     1.371009 
2456820.666793 0.000000 0.000000     1.659004     1.439830 
2456821.598091 0.000000 0.000000     1.466352     1.476652 
2456822.529389 0.000000 0.000000     1.307491     1.488454 
2456823.460687 0.000000 0.000000     1.068645     1.483076 
2456824.391985 0.000000 0.000000     0.684957     1.455348 
2456825.323283 0.000000 0.000000     0.214896     1.381569 
2456826.254580 0.000000 0.000000    -0.173594     1.231522 
2456827.185878 0.000000 0.000000    -0.302497     0.989098 
2456828.117176 0.000000 0.000000    -0.100154     0.687475 
2456829.048474 0.000000 0.000000     0.349324     0.587533 
2456829.979772 0.000000 0.000000     0.859116     0.660963 
2456830.911070 0.000000 0.000000     1.254787     0.673946 
2456831.842368 0.000000 0.000000     1.466988     0.704101 
2456832.773665 0.000000 0.000000     1.539067     0.754297 
2456833.704963 0.000000 0.000000     1.556051     0.812639 
2456834.636261 0.000000 0.000000     1.561633     0.929152 
2456835.567559 0.000000 0.000000     1.532923     1.069203 
2456836.498857 0.000000 0.000000     1.428188     1.162624 
2456837.430155 0.000000 0.000000     1.257703     1.180059 
2456838.361452 0.000000 0.000000     1.107685     1.122436 
2456839.292750 0.000000 0.000000     1.089060     1.017961 
2456840.224048 0.000000 0.000000     1.250707     0.939210 
2456841.155346 0.000000 0.000000     1.531979     0.947838 
2456842.086644 0.000000 0.000000     1.799855     0.999853 
2456843.017942 0.000000 0.000000     1.945227     1.064628 
2456843.949240 0.000000 0.000000     1.960342     1.154808 
2456844.880537 0.000000 0.000000     1.931540     1.253509 
2456845.811835 0.000000 0.000000     1.950684     1.327607 
2456846.743133 0.000000 0.000000     2.018567     1.364767 
2456847.674431 0.000000 0.000000     2.024524     1.373484 
2456848.605729 0.000000 0.000000     1.826491     1.369760 
2456849.537027 0.000000 0.000000     1.372251     1.357691 
2456850.468325 0.000000 0.000000     0.764415     1.316374 
2456851.399622 0.000000 0.000000     0.212361     1.220932 
2456852.330920 0.000000 0.000000    -0.097245     1.084451 
2456853.262218 0.000000 0.000000    -0.114567     0.974844 
2456854.193516 0.000000 0.000000     0.059621     0.914798 
2456855.124814 0.000000 0.000000     0.265837     0.819433 
2456856.056112 0.000000 0.000000     0.405809     0.664128 
2456856.987409 0.000000 0.000000     0.494086     0.610445 
2456857.918707 0.000000 0.000000     0.605370     0.665563 
2456858.850005 0.000000 0.000000     0.770525     0.719423 
2456859.781303 0.000000 0.000000     0.917342     0.891605 
2456860.712601 0.000000 0.000000     0.913356     1.104996 
2456861.643899 0.000000 0.000000     0.679531     1.240107 
2456862.575197 0.000000 0.000000     0.279663     1.252777 
2456863.506494 0.000000 0.000000    -0.094527     1.134364 
2456864.437792 0.000000 0.000000    -0.239393     0.907651 
2456865.369090 0.000000 0.000000    -0.070088     0.698204 
2456866.300388 0.000000 0.000000     0.334335     0.727740 
2456867.231686 0.000000 0.000000     0.804018     0.784772 
2456868.162984 0.000000 0.000000     1.207727     0.805189 
2456869.094282 0.000000 0.000000     1.533129     0.869688 
2456870.025579 0.000000 0.000000     1.855532     0.970450 
2456870.956877 0.000000 0.000000     2.226899     1.051749 
2456871.888175 0.000000 0.000000     2.584220     1.090182 
2456872.819473 0.000000 0.000000     2.760803     1.099461 
2456873.750771 0.000000 0.000000     2.598319     1.132967 
2456874.682069 0.000000 0.000000     2.072308     1.215831 
2456875.613367 0.000000 0.000000     1.329758     1.294934 
2456876.544664 0.000000 0.000000     0.606179     1.325004 
2456877.475962 0.000000 0.000000     0.084963     1.309400 
2456878.407260 0.000000 0.000000    -0.194336     1.268345 
2456879.338558 0.000000 0.000000    -0.314922     1.202112 
2456880.269856 0.000000 0.000000    -0.377889     1.109306 
2456881.201154 0.000000 0.000000    -0.408326     1.034031 
2456882.132451 0.000000 0.000000    -0.351929     1.025556 
2456883.063749 0.000000 0.000000    -0.159730     1.048897 
2456883.995047 0.000000 0.000000     0.120176     1.083639 
2456884.926345 0.000000 0.000000     0.333610     1.168677 
2456885.857643 0.000000 0.000000     0.314282     1.284679 
2456886.788941 0.000000 0.000000     0.011541     1.357075 
2456887.720239 0.000000 0.000000    -0.451563     1.340237 
2456888.651536 0.000000 0.000000    -0.842254     1.237796 
2456889.582834 0.000000 0.000000    -0.960616     1.112123 
2456890.514132 0.000000 0.000000    -0.755036     1.061286 
2456891.445430 0.000000 0.000000    -0.326913     1.076674 
2456892.376728 0.000000 0.000000     0.170461     1.067456 
2456893.308026 0.000000 0.000000     0.651199     0.989663 
2456894.239324 0.000000 0.000000     1.136773     0.837121 
2456895.170621 0.000000 0.000000     1.688867     0.660047 
2456896.101919 0.000000 0.000000     2.298399     0.637786 
2456897.033217 0.000000 0.000000     2.831265     0.694585 
2456897.964515 0.000000 0.000000     3.084674     0.760627 
2456898.895813 0.000000 0.000000     2.916360     0.954878 
2456899.827111 0.000000 0.000000     2.347707     1.181612 
2456900.758408 0.000000 0.000000     1.560631     1.343287 
2456901.689706 0.000000 0.000000     0.790714     1.424620 
2456902.621004 0.000000 0.000000     0.197902     1.445530 
2456903.552302 0.000000 0.000000    -0.191776     1.430299 
2456904.483600 0.000000 0.000000    -0.441924     1.394292 
2456905.414898 0.000000 0.000000    -0.610235     1.354849 
2456906.346196 0.000000 0.000000    -0.688794     1.334818 
2456907.277493 0.000000 0.000000    -0.628855     1.338643 
2456908.208791 0.000000 0.000000    -0.421138     1.351256 
2456909.140089 0.000000 0.000000    -0.152487     1.369457 
2456910.071387 0.000000 0.000000     0.020977     1.403096 
2456911.002685 0.000000 0.000000    -0.027789     1.444426 
2456911.933983 0.000000 0.000000    -0.302272     1.465103 
2456912.865281 0.000000 0.000000    -0.668644     1.447102 
2456913.796578 0.000000 0.000000    -0.937225     1.403216 
2456914.727876 0.000000 0.000000    -0.978790     1.367969 
2456915.659174 0.000000 0.000000    -0.789075     1.359491 
2456916.590472 0.000000 0.000000    -0.458242     1.358146 
2456917.521770 0.000000 0.000000    -0.078718     1.332479 
2456918.453068 0.000000 0.000000     0.327979     1.265428 
2456919.384365 0.000000 0.000000     0.804787     1.170609 
2456920.315663 0.000000 0.000000     1.381836     1.101685 
2456921.246961 0.000000 0.000000     1.998072     1.093466 
2456922.178259 0.000000 0.000000     2.494046     1.108044 
2456923.109557 0.000000 0.000000     2.690758     1.136927 
2456924.040855 0.000000 0.000000     2.499362     1.221125 
2456924.972153 0.000000 0.000000     1.980383     1.341951 
2456925.903450 0.000000 0.000000     1.309192     1.440978 
2456926.834748 0.000000 0.000000     0.675091     1.494714 
2456927.766046 0.000000 0.000000     0.188171     1.511742 
2456928.697344 0.000000 0.000000    -0.144398     1.508059 
2456929.628642 0.000000 0.000000    -0.369380     1.495659 
2456930.559940 0.000000 0.000000    -0.518024     1.484421 
2456931.491238 0.000000 0.000000    -0.577038     1.480995 
2456932.422535 0.000000 0.000000    -0.519255     1.484285 
2456933.353833 0.000000 0.000000    -0.358929     1.489770 
2456934.285131 0.000000 0.000000    -0.175400     1.497045 
2456935.216429 0.000000 0.000000    -0.077370     1.507948 
2456936.147727 0.000000 0.000000    -0.132360     1.519046 
2456937.079025 0.000000 0.000000    -0.317510     1.522124 
2456938.010323 0.000000 0.000000    -0.532183     1.513926 
2456938.941620 0.000000 0.000000    -0.663591     1.501255 
2456939.872918 0.000000 0.000000    -0.654850     1.493389 
2456940.804216 0.000000 0.000000    -0.524758     1.491103 
2456941.735514 0.000000 0.000000    -0.329350     1.485699 
2456942.666812 0.000000 0.000000    -0.102668     1.466785 
2456943.598110 0.000000 0.000000     0.170773     1.432634 
2456944.529407 0.000000 0.000000     0.528159     1.397614 
2456945.460705 0.000000 0.000000     0.969597     1.381353 
2456946.392003 0.000000 0.000000     1.420356     1.383451 
2456947.323301 0.000000 0.000000     1.750654     1.389582 
2456948.254599 0.000000 0.000000     1.843966     1.401120 
2456949.185897 0.000000 0.000000     1.666013     1.430665 
2456950.117195 0.000000 0.000000     1.285146     1.473518 
2456951.048492 0.000000 0.000000     0.831062     1.510441 
2456951.979790 0.000000 0.000000     0.423351     1.531020 
2456952.911088 0.000000 0.000000     0.119855     1.537969 
2456953.842386 0.000000 0.000000    -0.085118     1.537780 
2456954.773684 0.000000 0.000000    -0.222734     1.535187 
2456955.704982 0.000000 0.000000    -0.309381     1.533225 
2456956.636280 0.000000 0.000000    -0.336870     1.533178 
2456957.567577 0.000000 0.000000    -0.295352     1.534446 
2456958.498875 0.000000 0.000000    -0.202382     1.536073 
2456959.430173 0.000000 0.000000    -0.107930     1.538001 
2456960.361471 0.000000 0.000000    -0.067807     1.540387 
2456961.292769 0.000000 0.000000    -0.106434     1.542300 
2456962.224067 0.000000 0.000000    -0.199704     1.542214 
2456963.155364 0.000000 0.000000    -0.292234     1.540064 
2456964.086662 0.000000 0.000000    -0.335144     1.537602 
2456965.017960 0.000000 0.000000    -0.314355     1.536214 
2456965.949258 0.000000 0.000000    -0.248452     1.535109 
2456966.880556 0.000000 0.000000    -0.161067     1.531621 
2456967.811854 0.000000 0.000000    -0.053751     1.523424 
2456968.743152 0.000000 0.000000     0.095974     1.511965 
2456969.674449 0.000000 0.000000     0.308678     1.503021 
2456970.605747 0.000000 0.000000     0.570805     1.500677 
2456971.537045 0.000000 0.000000     0.824367     1.502446 
2456972.468343 0.000000 0.000000     0.990315     1.504592 
2456973.399641 0.000000 0.000000     1.011260     1.508595 
2456974.330939 0.000000 0.000000     0.884066     1.517462 
2456975.262237 0.000000 0.000000     0.660158     1.529198 
2456976.193534 0.000000 0.000000     0.414867     1.538796 
2456977.124832 0.000000 0.000000     0.208224     1.543945 
2456978.056130 0.000000 0.000000     0.062930     1.545727 
2456978.987428 0.000000 0.000000    -0.030193     1.545938 
2456979.918726 0.000000 0.000000    -0.089758     1.545702 
2456980.850024 0.000000 0.000000    -0.124832     1.545572 
2456981.781322 0.000000 0.000000    -0.132933     1.545696 
2456982.712619 0.000000 0.000000    -0.112160     1.545958 
2456983.643917 0.000000 0.000000    -0.073061     1.546233 
2456984.575215 0.000000 0.000000    -0.037866     1.546512 
2456985.506513 0.000000 0.000000    -0.027150     1.546797 
2456986.437811 0.000000 0.000000    -0.045531     1.546959 
2456987.369109 0.000000 0.000000    -0.078843     1.546848 
2456988.300406 0.000000 0.000000    -0.105248     1.546533 
2456989.231704 0.000000 0.000000    -0.110929     1.546236 
2456990.163002 0.000000 0.000000    -0.097423     1.546016 
2456991.094300 0.000000 0.000000    -0.075082     1.545587 
2456992.025598 0.000000 0.000000    -0.049149     1.544424 
2456992.956896 0.000000 0.000000    -0.011280     1.542289 
2456993.888194 0.000000 0.000000     0.055154     1.539884 
2456994.819491 0.000000 0.000000     0.159229     1.538477 
2456995.750789 0.000000 0.000000     0.288583     1.538457 
2456996.682087 0.000000 0.000000     0.409314     1.538992 
2456997.613385 0.000000 0.000000     0.481505     1.539504 
2456998.544683 0.000000 0.000000     0.480604     1.540481 
2456999.475981 0.000000 0.000000     0.410536     1.542355 
2457000.407279 0.000000 0.000000     0.300309     1.544552 
2457001.338576 0.000000 0.000000     0.187298     1.546189 
2457002.269874 0.000000 0.000000     0.098754     1.547007 
2457003.201172 0.000000 0.000000     0.042787     1.547292 
2457004.132470 0.000000 0.000000     0.012194     1.547357 
2457005.063768 0.000000 0.000000    -0.004524     1.547365 
2457005.995066 0.000000 0.000000    -0.014129     1.547375 
2457006.926363 0.000000 0.000000    -0.017206     1.547396 
2457007.857661 0.000000 0.000000    -0.012889     1.547418 
2457008.788959 0.000000 0.000000    -0.003790     1.547436 
2457009.720257 0.000000 0.000000     0.003809     1.547454 
2457010.651555 0.000000 0.000000     0.004408     1.547471 
2457011.582853 0.000000 0.000000    -0.002116     1.547478 
2457012.514151 0.000000 0.000000    -0.010339     1.547466 
2457013.445448 0.000000 0.000000    -0.014025     1.547442 
2457014.376746 0.000000 0.000000    -0.011626     1.547415 
2457015.308044 0.000000 0.000000    -0.007403     1.547373 
2457016.239342 0.000000 0.000000    -0.006507     1.547256 
2457017.170640 0.000000 0.000000    -0.007719     1.546975 
2457018.101938 0.000000 0.000000    -0.000286     1.546502 
2457019.033236 0.000000 0.000000     0.031120     1.545980 
2457019.964533 0.000000 0.000000     0.095396     1.545649 
2457020.895831 0.000000 0.000000     0.185284     1.545576 
2457021.827129 0.000000 0.000000     0.276519     1.545599 
2457022.758427 0.000000 0.000000     0.338015     1.545603 
2457023.689725 0.000000 0.000000     0.347677     1.545709 
2457024.621023 0.000000 0.000000     0.304180     1.546059 
2457025.552320 0.000000 0.000000     0.227200     1.546568 
2457026.483618 0.000000 0.000000     0.146044     1.547009 
2457027.414916 0.000000 0.000000     0.084095     1.547262 
2457028.346214 0.000000 0.000000     0.048840     1.547366 
2457029.277512 0.000000 0.000000     0.032871     1.547401 
2457030.208810 0.000000 0.000000     0.023469     1.547415 
2457031.140108 0.000000 0.000000     0.012841     1.547425 
2457032.071405 0.000000 0.000000     0.001796     1.547430 
2457033.002703 0.000000 0.000000    -0.004445     1.547431 
2457033.934001 0.000000 0.000000    -0.003281     1.547437 
2457034.865299 0.000000 0.000000     0.002027     1.547453 
2457035.796597 0.000000 0.000000     0.005456     1.547478 
2457036.727895 0.000000 0.000000     0.004109     1.547498 
2457037.659193 0.000000 0.000000     0.000728     1.547501 
2457038.590490 0.000000 0.000000    -0.000036     1.547483 
2457039.521788 0.000000 0.000000     0.001988     1.547439 
2457040.453086 0.000000 0.000000     0.000597     1.547318 
2457041.384384 0.000000 0.000000    -0.010186     1.546943 
2457042.315682 0.000000 0.000000    -0.025090     1.545966 
2457043.246980 0.000000 0.000000    -0.022287     1.544134 
2457044.178278 0.000000 0.000000     0.028083     1.541849 
2457045.109575 0.000000 0.000000     0.143625     1.540097 
2457046.040873 0.000000 0.000000     0.310598     1.539347 
2457046.972171 0.000000 0.000000     0.481448     1.538998 
2457047.903469 0.000000 0.000000     0.594705     1.538558 
2457048.834767 0.000000 0.000000     0.607173     1.538681 
2457049.766065 0.000000 0.000000     0.518047     1.540162 
2457050.697362 0.000000 0.000000     0.368501     1.542545 
2457051.628660 0.000000 0.000000     0.216595     1.544619 
2457052.559958 0.000000 0.000000     0.104462     1.545772 
2457053.491256 0.000000 0.000000     0.039707     1.546216 
2457054.422554 0.000000 0.000000     0.001928     1.546353 
2457055.353852 0.000000 0.000000    -0.033520     1.546411 
2457056.285150 0.000000 0.000000    -0.074270     1.546450 
2457057.216447 0.000000 0.000000    -0.108056     1.546463 
2457058.147745 0.000000 0.000000    -0.117855     1.546483 
2457059.079043 0.000000 0.000000    -0.099977     1.546598 
2457060.010341 0.000000 0.000000    -0.068743     1.546848 
2457060.941639 0.000000 0.000000    -0.044349     1.547155 
2457061.872937 0.000000 0.000000    -0.036035     1.547368 
2457062.804235 0.000000 0.000000    -0.036835     1.547402 
2457063.735532 0.000000 0.000000    -0.034951     1.547291 
2457064.666830 0.000000 0.000000    -0.029997     1.547005 
2457065.598128 0.000000 0.000000    -0.035784     1.546171 
2457066.529426 0.000000 0.000000    -0.062463     1.543635 
2457067.460724 0.000000 0.000000    -0.091499     1.537431 
2457068.392022 0.000000 0.000000    -0.068724     1.526755 
2457069.323319 0.000000 0.000000     0.069240     1.514749 
2457070.254617 0.000000 0.000000     0.346601     1.506773 
2457071.185915 0.000000 0.000000     0.712151     1.504096 
2457072.117213 0.000000 0.000000     1.047433     1.503024 
2457073.048511 0.000000 0.000000     1.222813     1.502151 
2457073.979809 0.000000 0.000000     1.169051     1.505180 
2457074.911107 0.000000 0.000000     0.916793     1.514184 
2457075.842404 0.000000 0.000000     0.575971     1.525219 
2457076.773702 0.000000 0.000000     0.268588     1.533212 
2457077.705000 0.000000 0.000000     0.061223     1.536930 
2457078.636298 0.000000 0.000000    -0.057593     1.537987 
2457079.567596 0.000000 0.000000    -0.144485     1.538090 
2457080.498894 0.000000 0.000000    -0.243396     1.538082 
2457081.430192 0.000000 0.000000    -0.349306     1.538096 
2457082.361489 0.000000 0.000000    -0.419062     1.538099 
2457083.292787 0.000000 0.000000    -0.415015     1.538493 
2457084.224085 0.000000 0.000000    -0.341441     1.539932 
2457085.155383 0.000000 0.000000    -0.242756     1.542428 
2457086.086681 0.000000 0.000000    -0.167524     1.544992 
2457087.017979 0.000000 0.000000    -0.132314     1.546518 
2457087.949276 0.000000 0.000000    -0.118253     1.546846 
2457088.880574 0.000000 0.000000    -0.101552     1.546455 
2457089.811872 0.000000 0.000000    -0.085718     1.545270 
2457090.743170 0.000000 0.000000    -0.099066     1.541609 
2457091.674468 0.000000 0.000000    -0.152794     1.530651 
2457092.605766 0.000000 0.000000    -0.196154     1.505176 
2457093.537064 0.000000 0.000000    -0.118133     1.463737 
2457094.468361 0.000000 0.000000     0.186967     1.420085 
2457095.399659 0.000000 0.000000     0.727752     1.394650 
2457096.330957 0.000000 0.000000     1.368169     1.389053 
2457097.262255 0.000000 0.000000     1.873147     1.388425 
2457098.193553 0.000000 0.000000     2.031220     1.390949 
2457099.124851 0.000000 0.000000     1.776978     1.408905 
2457100.056149 0.000000 0.000000     1.228753     1.441959 
2457100.987446 0.000000 0.000000     0.613151     1.473703 
2457101.918744 0.000000 0.000000     0.127969     1.492593 
2457102.850042 0.000000 0.000000    -0.161634     1.499358 
2457103.781340 0.000000 0.000000    -0.325827     1.499827 
2457104.712638 0.000000 0.000000    -0.480485     1.498750 
2457105.643936 0.000000 0.000000    -0.681095     1.498195 
2457106.575234 0.000000 0.000000    -0.881968     1.497978 
2457107.506531 0.000000 0.000000    -0.985045     1.498216 
2457108.437829 0.000000 0.000000    -0.929770     1.501690 
2457109.369127 0.000000 0.000000    -0.746351     1.511362 
2457110.300425 0.000000 0.000000    -0.531036     1.525333 
2457111.231723 0.000000 0.000000    -0.370582     1.537456 
2457112.163021 0.000000 0.000000    -0.284780     1.543707 
2457113.094318 0.000000 0.000000    -0.235417     1.545172 
2457114.025616 0.000000 0.000000    -0.186628     1.544359 
2457114.956914 0.000000 0.000000    -0.152404     1.541181 
2457115.888212 0.000000 0.000000    -0.177752     1.530767 
2457116.819510 0.000000 0.000000    -0.263861     1.499886 
2457117.750808 0.000000 0.000000    -0.308953     1.429648 
2457118.682106 0.000000 0.000000    -0.137102     1.313757 
2457119.613403 0.000000 0.000000     0.381097     1.185605 
2457120.544701 0.000000 0.000000     1.197082     1.115059 
2457121.475999 0.000000 0.000000     2.051406     1.112284 
2457122.407297 0.000000 0.000000     2.588146     1.122896 
2457123.338595 0.000000 0.000000     2.556040     1.145752 
2457124.269893 0.000000 0.000000     1.962008     1.207744 
2457125.201191 0.000000 0.000000     1.066704     1.287845 
2457126.132488 0.000000 0.000000     0.221187     1.348166 
2457127.063786 0.000000 0.000000    -0.342182     1.376897 
2457127.995084 0.000000 0.000000    -0.620187     1.382181 
2457128.926382 0.000000 0.000000    -0.782219     1.377220 
2457129.857680 0.000000 0.000000    -1.003098     1.372536 
2457130.788978 0.000000 0.000000    -1.318732     1.371416 
2457131.720275 0.000000 0.000000    -1.610076     1.371087 
2457132.651573 0.000000 0.000000    -1.713917     1.374112 
2457133.582871 0.000000 0.000000    -1.560702     1.393915 
2457134.514169 0.000000 0.000000    -1.227255     1.436877 
2457135.445467 0.000000 0.000000    -0.870708     1.486765 
2457136.376765 0.000000 0.000000    -0.609925     1.522362 
2457137.308063 0.000000 0.000000    -0.458107     1.538256 
2457138.239360 0.000000 0.000000    -0.356453     1.542237 
2457139.170658 0.000000 0.000000    -0.264205     1.541506 
2457140.101956 0.000000 0.000000    -0.209750     1.536278 
2457141.033254 0.000000 0.000000    -0.246530     1.517856 
2457141.964552 0.000000 0.000000    -0.352399     1.463885 
2457142.895850 0.000000 0.000000    -0.376336     1.343785 
2457143.827148 0.000000 0.000000    -0.108604     1.137079 
2457144.758445 0.000000 0.000000     0.554271     0.858926 
2457145.689743 0.000000 0.000000     1.473744     0.670217 
2457146.621041 0.000000 0.000000     2.286967     0.733366 
2457147.552339 0.000000 0.000000     2.595917     0.775618 
2457148.483637 0.000000 0.000000     2.211306     0.795242 
2457149.414935 0.000000 0.000000     1.279652     0.881533 
2457150.346232 0.000000 0.000000     0.196497     0.996671 
2457151.277530 0.000000 0.000000    -0.638614     1.077483 
2457152.208828 0.000000 0.000000    -1.054746     1.107940 
2457153.140126 0.000000 0.000000    -1.170540     1.098741 
2457154.071424 0.000000 0.000000    -1.253640     1.076167 
2457155.002722 0.000000 0.000000    -1.495922     1.067250 
2457155.934020 0.000000 0.000000    -1.874815     1.072016 
2457156.865317 0.000000 0.000000    -2.193278     1.074938 
2457157.796615 0.000000 0.000000    -2.248951     1.098495 
2457158.727913 0.000000 0.000000    -1.990062     1.190311 
2457159.659211 0.000000 0.000000    -1.540765     1.325725 
2457160.590509 0.000000 0.000000    -1.093235     1.439984 
2457161.521807 0.000000 0.000000    -0.769458     1.505536 
2457162.453105 0.000000 0.000000    -0.567150     1.531817 
2457163.384402 0.000000 0.000000    -0.419241     1.539381 
2457164.315700 0.000000 0.000000    -0.293481     1.540194 
2457165.246998 0.000000 0.000000    -0.228531     1.535540 
2457166.178296 0.000000 0.000000    -0.269678     1.516696 
2457167.109594 0.000000 0.000000    -0.369586     1.463891 
2457168.040892 0.000000 0.000000    -0.363526     1.360699 
2457168.972190 0.000000 0.000000    -0.070364     1.220811 
2457169.903487 0.000000 0.000000     0.543825     1.108344 
2457170.834785 0.000000 0.000000     1.274627     1.082269 
2457171.766083 0.000000 0.000000     1.757061     1.086927 
2457172.697381 0.000000 0.000000     1.682039     1.037541 
2457173.628679 0.000000 0.000000     1.005532     0.898061 
2457174.559977 0.000000 0.000000    -0.004410     0.679244 
2457175.491274 0.000000 0.000000    -0.926092     0.574548 
2457176.422572 0.000000 0.000000    -1.441815     0.693579 
2457177.353870 0.000000 0.000000    -1.515782     0.738330 
2457178.285168 0.000000 0.000000    -1.373554     0.677444 
2457179.216466 0.000000 0.000000    -1.310644     0.576862 
2457180.147764 0.000000 0.000000    -1.477983     0.590353 
2457181.079062 0.000000 0.000000    -1.796856     0.653655 
2457182.010359 0.000000 0.000000    -2.048286     0.685176 
2457182.941657 0.000000 0.000000    -2.050224     0.820298 
2457183.872955 0.000000 0.000000    -1.781881     1.060044 
2457184.804253 0.000000 0.000000    -1.372377     1.274541 
2457185.735551 0.000000 0.000000    -0.985164     1.417573 
2457186.666849 0.000000 0.000000    -0.705147     1.492983 
2457187.598147 0.000000 0.000000    -0.515907     1.525147 
2457188.529444 0.000000 0.000000    -0.365753     1.537242 
2457189.460742 0.000000 0.000000    -0.244337     1.540903 
2457190.392040 0.000000 0.000000    -0.191498     1.539233 
2457191.323338 0.000000 0.000000    -0.232112     1.527832 
2457192.254636 0.000000 0.000000    -0.307258     1.497917 
2457193.185934 0.000000 0.000000    -0.282495     1.450155 
2457194.117231 0.000000 0.000000    -0.046900     1.402878 
2457195.048529 0.000000 0.000000     0.370881     1.377386 
2457195.979827 0.000000 0.000000     0.773176     1.370922 
2457196.911125 0.000000 0.000000     0.895353     1.354200 
2457197.842423 0.000000 0.000000     0.580449     1.297717 
2457198.773721 0.000000 0.000000    -0.097897     1.199697 
2457199.705019 0.000000 0.000000    -0.859666     1.105605 
2457200.636316 0.000000 0.000000    -1.381064     1.077443 
2457201.567614 0.000000 0.000000    -1.485991     1.095753 
2457202.498912 0.000000 0.000000    -1.236658     1.098321 
2457203.430210 0.000000 0.000000    -0.868100     1.065017 
2457204.361508 0.000000 0.000000    -0.622527     1.010303 
2457205.292806 0.000000 0.000000    -0.603659     0.960518 
2457206.224104 0.000000 0.000000    -0.744441     0.933811 
2457207.155401 0.000000 0.000000    -0.891069     0.937598 
2457208.086699 0.000000 0.000000    -0.924731     0.997283 
2457209.017997 0.000000 0.000000    -0.829297     1.123494 
2457209.949295 0.000000 0.000000    -0.669540     1.269576 
2457210.880593 0.000000 0.000000    -0.518197     1.389618 
2457211.811891 0.000000 0.000000    -0.401548     1.469017 
2457212.743188 0.000000 0.000000    -0.303272     1.513175 
2457213.674486 0.000000 0.000000    -0.208097     1.533617 
2457214.605784 0.000000 0.000000    -0.133113     1.541145 
2457215.537082 0.000000 0.000000    -0.112552     1.542578 
2457216.468380 0.000000 0.000000    -0.151428     1.538763 
2457217.399678 0.000000 0.000000    -0.197696     1.528348 
2457218.330976 0.000000 0.000000    -0.169563     1.514199 
2457219.262273 0.000000 0.000000    -0.024836     1.502763 
2457220.193571 0.000000 0.000000     0.183677     1.497212 
2457221.124869 0.000000 0.000000     0.319882     1.492502 
2457222.056167 0.000000 0.000000     0.247011     1.477205 
2457222.987465 0.000000 0.000000    -0.072420     1.444011 
2457223.918763 0.000000 0.000000    -0.531820     1.402492 
2457224.850061 0.000000 0.000000    -0.927480     1.375428 
2457225.781358 0.000000 0.000000    -1.069664     1.371213 
2457226.712656 0.000000 0.000000    -0.885949     1.370950 
2457227.643954 0.000000 0.000000    -0.452542     1.348896 
2457228.575252 0.000000 0.000000     0.059316     1.285647 
2457229.506550 0.000000 0.000000     0.479215     1.171134 
2457230.437848 0.000000 0.000000     0.712866     1.022733 
2457231.369146 0.000000 0.000000     0.758612     0.915266 
2457232.300443 0.000000 0.000000     0.672493     0.907904 
2457233.231741 0.000000 0.000000     0.519778     0.943614 
2457234.163039 0.000000 0.000000     0.347522     1.018549 
2457235.094337 0.000000 0.000000     0.185289     1.159801 
2457236.025635 0.000000 0.000000     0.056432     1.315553 
2457236.956933 0.000000 0.000000    -0.020243     1.432775 
2457237.888230 0.000000 0.000000    -0.041324     1.499813 
2457238.819528 0.000000 0.000000    -0.027422     1.529660 
2457239.750826 0.000000 0.000000    -0.014370     1.540416 
2457240.682124 0.000000 0.000000    -0.028495     1.543848 
2457241.613422 0.000000 0.000000    -0.065133     1.544175 
2457242.544720 0.000000 0.000000    -0.090738     1.542440 
2457243.476018 0.000000 0.000000    -0.071006     1.539866 
2457244.407315 0.000000 0.000000    -0.004975     1.537884 
2457245.338613 0.000000 0.000000     0.062731     1.536570 
2457246.269911 0.000000 0.000000     0.064926     1.533811 
2457247.201209 0.000000 0.000000    -0.042567     1.526436 
2457248.132507 0.000000 0.000000    -0.243210     1.513970 
2457249.063805 0.000000 0.000000    -0.456224     1.501407 
2457249.995103 0.000000 0.000000    -0.571008     1.494408 
2457250.926400 0.000000 0.000000    -0.499151     1.490548 
2457251.857698 0.000000 0.000000    -0.214615     1.477358 
2457252.788996 0.000000 0.000000     0.237021     1.434496 
2457253.720294 0.000000 0.000000     0.759446     1.335674 
2457254.651592 0.000000 0.000000     1.240954     1.157217 
2457255.582890 0.000000 0.000000     1.586848     0.897654 
2457256.514187 0.000000 0.000000     1.739825     0.651474 
2457257.445485 0.000000 0.000000     1.688207     0.647919 
2457258.376783 0.000000 0.000000     1.464805     0.698439 
2457259.308081 0.000000 0.000000     1.137055     0.840801 
2457260.239379 0.000000 0.000000     0.787813     1.085494 
2457261.170677 0.000000 0.000000     0.489828     1.296832 
2457262.101975 0.000000 0.000000     0.283090     1.432898 
2457263.033272 0.000000 0.000000     0.166372     1.502647 
2457263.964570 0.000000 0.000000     0.108217     1.531217 
2457264.895868 0.000000 0.000000     0.071118     1.541160 
2457265.827166 0.000000 0.000000     0.033949     1.544688 
2457266.758464 0.000000 0.000000    -0.000990     1.546117 
2457267.689762 0.000000 0.000000    -0.019073     1.546512 
2457268.621060 0.000000 0.000000    -0.012595     1.546341 
2457269.552357 0.000000 0.000000     0.007065     1.546085 
2457270.483655 0.000000 0.000000     0.013593     1.545744 
2457271.414953 0.000000 0.000000    -0.016906     1.544802 
2457272.346251 0.000000 0.000000    -0.087779     1.542678 
2457273.277549 0.000000 0.000000    -0.175193     1.539423 
2457274.208847 0.000000 0.000000    -0.236587     1.536069 
2457275.140145 0.000000 0.000000    -0.227859     1.532836 
2457276.071442 0.000000 0.000000    -0.119034     1.526068 
2457277.002740 0.000000 0.000000     0.098017     1.505201 
2457277.934038 0.000000 0.000000     0.409163     1.450074 
2457278.865336 0.000000 0.000000     0.780368     1.334764 
2457279.796634 0.000000 0.000000     1.160306     1.143172 
2457280.727932 0.000000 0.000000     1.485504     0.901568 
2457281.659229 0.000000 0.000000     1.692224     0.750647 
2457282.590527 0.000000 0.000000     1.735255     0.757694 
2457283.521825 0.000000 0.000000     1.606556     0.789310 
2457284.453123 0.000000 0.000000     1.342620     0.937395 
2457285.384421 0.000000 0.000000     1.013312     1.163039 
2457286.315719 0.000000 0.000000     0.695334     1.347253 
2457287.247017 0.000000 0.000000     0.443479     1.459796 
2457288.178314 0.000000 0.000000     0.274943     1.514149 
2457289.109612 0.000000 0.000000     0.173996     1.535303 
2457290.040910 0.000000 0.000000     0.111618     1.542624 
2457290.972208 0.000000 0.000000     0.066016     1.545437 
2457291.903506 0.000000 0.000000     0.031282     1.546770 
2457292.834804 0.000000 0.000000     0.011420     1.547282 
2457293.766102 0.000000 0.000000     0.007778     1.547330 
2457294.697399 0.000000 0.000000     0.011653     1.547293 
2457295.628697 0.000000 0.000000     0.008162     1.547231 
2457296.559995 0.000000 0.000000    -0.012544     1.547069 
2457297.491293 0.000000 0.000000    -0.046743     1.546597 
2457298.422591 0.000000 0.000000    -0.078713     1.545493 
2457299.353889 0.000000 0.000000    -0.090946     1.543584 
2457300.285186 0.000000 0.000000    -0.074048     1.539824 
2457301.216484 0.000000 0.000000    -0.027725     1.529569 
2457302.147782 0.000000 0.000000     0.047533     1.500136 
2457303.079080 0.000000 0.000000     0.159378     1.427830 
2457304.010378 0.000000 0.000000     0.322444     1.284356 
2457304.941676 0.000000 0.000000     0.544217     1.052859 
2457305.872974 0.000000 0.000000     0.806895     0.759422 
2457306.804271 0.000000 0.000000     1.060434     0.608632 
2457307.735569 0.000000 0.000000     1.236514     0.655242 
2457308.666867 0.000000 0.000000     1.278858     0.733744 
2457309.598165 0.000000 0.000000     1.172502     0.960264 
2457310.529463 0.000000 0.000000     0.953199     1.203997 
2457311.460761 0.000000 0.000000     0.690141     1.378202 
2457312.392059 0.000000 0.000000     0.452381     1.476690 
2457313.323356 0.000000 0.000000     0.279519     1.521235 
2457314.254654 0.000000 0.000000     0.173167     1.537780 
2457315.185952 0.000000 0.000000     0.110696     1.543526 
2457316.117250 0.000000 0.000000     0.068126     1.545879 
2457317.048548 0.000000 0.000000     0.035164     1.547016 
2457317.979846 0.000000 0.000000     0.014220     1.547398 
2457318.911143 0.000000 0.000000     0.008782     1.547420 
2457319.842441 0.000000 0.000000     0.013887     1.547410 
2457320.773739 0.000000 0.000000     0.017405     1.547410 
2457321.705037 0.000000 0.000000     0.009770     1.547399 
2457322.636335 0.000000 0.000000    -0.008125     1.547131 
2457323.567633 0.000000 0.000000    -0.027171     1.546227 
2457324.498931 0.000000 0.000000    -0.040634     1.544381 
2457325.430228 0.000000 0.000000    -0.052463     1.540242 
2457326.361526 0.000000 0.000000    -0.073460     1.528733 
2457327.292824 0.000000 0.000000    -0.106118     1.497271 
2457328.224122 0.000000 0.000000    -0.130632     1.426141 
2457329.155420 0.000000 0.000000    -0.106838     1.301872 
2457330.086718 0.000000 0.000000     0.003886     1.146146 
2457331.018016 0.000000 0.000000     0.208904     1.041064 
2457331.949313 0.000000 0.000000     0.467888     1.032216 
2457332.880611 0.000000 0.000000     0.704253     1.046887 
2457333.811909 0.000000 0.000000     0.840729     1.079349 
2457334.743207 0.000000 0.000000     0.838130     1.184870 
2457335.674505 0.000000 0.000000     0.713316     1.326952 
2457336.605803 0.000000 0.000000     0.525828     1.439367 
2457337.537101 0.000000 0.000000     0.343304     1.503416 
2457338.468398 0.000000 0.000000     0.208552     1.531457 
2457339.399696 0.000000 0.000000     0.127587     1.541541 
2457340.330994 0.000000 0.000000     0.081598     1.545065 
2457341.262292 0.000000 0.000000     0.049514     1.546564 
2457342.193590 0.000000 0.000000     0.023272     1.547261 
2457343.124888 0.000000 0.000000     0.007022     1.547454 
2457344.056185 0.000000 0.000000     0.005572     1.547452 
2457344.987483 0.000000 0.000000     0.014905     1.547448 
2457345.918781 0.000000 0.000000     0.023348     1.547453 
2457346.850079 0.000000 0.000000     0.020926     1.547444 
2457347.781377 0.000000 0.000000     0.006800     1.547230 
2457348.712675 0.000000 0.000000    -0.012924     1.546599 
2457349.643973 0.000000 0.000000    -0.034840     1.545351 
2457350.575270 0.000000 0.000000    -0.065086     1.542458 
2457351.506568 0.000000 0.000000    -0.114606     1.534463 
2457352.437866 0.000000 0.000000    -0.184428     1.514038 
2457353.369164 0.000000 0.000000    -0.253130     1.473370 
2457354.300462 0.000000 0.000000    -0.279756     1.415970 
2457355.231760 0.000000 0.000000    -0.224821     1.365400 
2457356.163058 0.000000 0.000000    -0.077477     1.345459 
2457357.094355 0.000000 0.000000     0.130175     1.347708 
2457358.025653 0.000000 0.000000     0.333664     1.352251 
2457358.956951 0.000000 0.000000     0.467111     1.365435 
2457359.888249 0.000000 0.000000     0.495863     1.403777 
2457360.819547 0.000000 0.000000     0.430726     1.457867 
2457361.750845 0.000000 0.000000     0.316262     1.503520 
2457362.682142 0.000000 0.000000     0.202743     1.529904 
2457363.613440 0.000000 0.000000     0.120808     1.541191 
2457364.544738 0.000000 0.000000     0.073543     1.545159 
2457365.476036 0.000000 0.000000     0.046883     1.546564 
2457366.407334 0.000000 0.000000     0.026871     1.547177 
2457367.338632 0.000000 0.000000     0.010001     1.547442 
2457368.269930 0.000000 0.000000     0.001051     1.547497 
2457369.201227 0.000000 0.000000     0.003678     1.547490 
2457370.132525 0.000000 0.000000     0.013833     1.547487 
2457371.063823 0.000000 0.000000     0.021738     1.547491 
2457371.995121 0.000000 0.000000     0.019553     1.547481 
2457372.926419 0.000000 0.000000     0.006763     1.547370 
2457373.857717 0.000000 0.000000    -0.011953     1.547091 
2457374.789015 0.000000 0.000000    -0.034022     1.546555 
2457375.720312 0.000000 0.000000    -0.063644     1.545276 
2457376.651610 0.000000 0.000000    -0.107944     1.541806 
2457377.582908 0.000000 0.000000    -0.166539     1.533598 
2457378.514206 0.000000 0.000000    -0.223479     1.519208 
2457379.445504 0.000000 0.000000    -0.250292     1.502267 
2457380.376802 0.000000 0.000000    -0.220877     1.490582 
2457381.308099 0.000000 0.000000    -0.129289     1.487645 
2457382.239397 0.000000 0.000000     0.002207     1.488852 
2457383.170695 0.000000 0.000000     0.131646     1.490314 
2457384.101993 0.000000 0.000000     0.218048     1.495276 
2457385.033291 0.000000 0.000000     0.241463     1.507384 
2457385.964589 0.000000 0.000000     0.210141     1.523156 
2457386.895887 0.000000 0.000000     0.151551     1.535952 
2457387.827184 0.000000 0.000000     0.094629     1.543048 
2457388.758482 0.000000 0.000000     0.055351     1.545949 
2457389.689780 0.000000 0.000000     0.033699     1.546943 
2457390.621078 0.000000 0.000000     0.021130     1.547302 
2457391.552376 0.000000 0.000000     0.010743     1.547459 
2457392.483674 0.000000 0.000000     0.002201     1.547518 
2457393.414972 0.000000 0.000000    -0.000841     1.547524 
2457394.346269 0.000000 0.000000     0.003333     1.547520 
2457395.277567 0.000000 0.000000     0.011246     1.547519 
2457396.208865 0.000000 0.000000     0.016359     1.547519 
2457397.140163 0.000000 0.000000     0.014048     1.547511 
2457398.071461 0.000000 0.000000     0.004547     1.547472 
2457399.002759 0.000000 0.000000    -0.008786     1.547391 
2457399.934057 0.000000 0.000000    -0.023940     1.547245 
2457400.865354 0.000000 0.000000    -0.042803     1.546892 
2457401.796652 0.000000 0.000000    -0.068810     1.545964 
2457402.727950 0.000000 0.000000    -0.101269     1.543933 
2457403.659248 0.000000 0.000000    -0.131456     1.540760 
2457404.590546 0.000000 0.000000    -0.144820     1.537547 
2457405.521844 0.000000 0.000000    -0.129008     1.535763 
2457406.453141 0.000000 0.000000    -0.082553     1.535558 
2457407.384439 0.000000 0.000000    -0.017888     1.535849 
2457408.315737 0.000000 0.000000     0.043989     1.536242 
2457409.247035 0.000000 0.000000     0.084095     1.537579 
2457410.178333 0.000000 0.000000     0.094600     1.540277 
2457411.109631 0.000000 0.000000     0.080981     1.543380 
2457412.040929 0.000000 0.000000     0.056629     1.545676 
2457412.972226 0.000000 0.000000     0.034224     1.546852 
2457413.903524 0.000000 0.000000     0.019720     1.547304 
2457414.834822 0.000000 0.000000     0.012043     1.547455 
2457415.766120 0.000000 0.000000     0.007223     1.547510 
2457416.697418 0.000000 0.000000     0.002899     1.547533 
2457417.628716 0.000000 0.000000    -0.000192     1.547540 
2457418.560014 0.000000 0.000000    -0.000072     1.547539 
2457419.491311 0.000000 0.000000     0.003652     1.547537 
2457420.422609 0.000000 0.000000     0.008737     1.547535 
2457421.353907 0.000000 0.000000     0.011795     1.547532 
2457422.285205 0.000000 0.000000     0.010763     1.547524 
2457423.216503 0.000000 0.000000     0.006067     1.547509 
2457424.147801 0.000000 0.000000    -0.000421     1.547491 
2457425.079098 0.000000 0.000000    -0.007474     1.547467 
2457426.010396 0.000000 0.000000    -0.015570     1.547413 
2457426.941694 0.000000 0.000000    -0.025835     1.547277 
2457427.872992 0.000000 0.000000    -0.037786     1.547004 
2457428.804290 0.000000 0.000000    -0.048025     1.546629 
2457429.735588 0.000000 0.000000    -0.051380     1.546307 
2457430.666886 0.000000 0.000000    -0.044034     1.546174 
2457431.598183 0.000000 0.000000    -0.026453     1.546184 
2457432.529481 0.000000 0.000000    -0.003873     1.546220 
2457433.460779 0.000000 0.000000     0.016185     1.546290 
2457434.392077 0.000000 0.000000     0.027794     1.546497 
2457435.323375 0.000000 0.000000     0.029394     1.546837 
2457436.254673 0.000000 0.000000     0.023801     1.547171 
2457437.185971 0.000000 0.000000     0.015810     1.547390 
2457438.117268 0.000000 0.000000     0.009238     1.547492 
2457439.048566 0.000000 0.000000     0.005346     1.547528 
2457439.979864 0.000000 0.000000     0.003309     1.547540 
2457440.911162 0.000000 0.000000     0.001854     1.547544 
2457441.842460 0.000000 0.000000     0.000604     1.547545 
2457442.773758 0.000000 0.000000     0.000185     1.547545 
2457443.705055 0.000000 0.000000     0.001340     1.547544 
2457444.636353 0.000000 0.000000     0.004006     1.547543 
2457445.567651 0.000000 0.000000     0.007174     1.547541 
2457446.498949 0.000000 0.000000     0.009560     1.547535 
2457447.430247 0.000000 0.000000     0.010428     1.547526 
2457448.361545 0.000000 0.000000     0.009887     1.547516 
2457449.292843 0.000000 0.000000     0.008512     1.547510 
2457450.224140 0.000000 0.000000     0.006763     1.547507 
2457451.155438 0.000000 0.000000     0.004738     1.547504 
2457452.086736 0.000000 0.000000     0.002460     1.547496 
2457453.018034 0.000000 0.000000     0.000320     1.547481 
2457453.949332 0.000000 0.000000    -0.000828     1.547466 
2457454.880630 0.000000 0.000000    -0.000122     1.547457 
2457455.811928 0.000000 0.000000     0.002622     1.547457 
2457456.743225 0.000000 0.000000     0.006565     1.547460 
2457457.674523 0.000000 0.000000     0.010165     1.547463 
2457458.605821 0.000000 0.000000     0.011998     1.547469 
2457459.537119 0.000000 0.000000     0.011523     1.547485 
2457460.468417 0.000000 0.000000     0.009269     1.547507 
2457461.399715 0.000000 0.000000     0.006390     1.547526 
2457462.331013 0.000000 0.000000     0.003939     1.547538 
2457463.262310 0.000000 0.000000     0.002367     1.547544 
2457464.193608 0.000000 0.000000     0.001522     1.547546 
2457465.124906 0.000000 0.000000     0.001028     1.547547 
2457466.056204 0.000000 0.000000     0.000683     1.547547 
2457466.987502 0.000000 0.000000     0.000593     1.547547 
2457467.918800 0.000000 0.000000     0.001025     1.547546 
2457468.850097 0.000000 0.000000     0.002148     1.547546 
2457469.781395 0.000000 0.000000     0.003905     1.547545 
2457470.712693 0.000000 0.000000     0.006045     1.547543 
2457471.643991 0.000000 0.000000     0.008247     1.547537 
2457472.575289 0.000000 0.000000     0.010213     1.547530 
2457473.506587 0.000000 0.000000     0.011697     1.547523 
2457474.437885 0.000000 0.000000     0.012533     1.547520 
2457475.369182 0.000000 0.000000     0.012717     1.547519 
2457476.300480 0.000000 0.000000     0.012490     1.547519 
2457477.231778 0.000000 0.000000     0.012319     1.547517 
2457478.163076 0.000000 0.000000     0.012689     1.547515 
2457479.094374 0.000000 0.000000     0.013798     1.547514 
2457480.025672 0.000000 0.000000     0.015355     1.547513 
2457480.956970 0.000000 0.000000     0.016642     1.547514 
2457481.888267 0.000000 0.000000     0.016869     1.547515 
2457482.819565 0.000000 0.000000     0.015601     1.547516 
2457483.750863 0.000000 0.000000     0.013002     1.547517 
2457484.682161 0.000000 0.000000     0.009737     1.547522 
2457485.613459 0.000000 0.000000     0.006617     1.547529 
2457486.544757 0.000000 0.000000     0.004207     1.547537 
2457487.476054 0.000000 0.000000     0.002649     1.547543 
2457488.407352 0.000000 0.000000     0.001750     1.547545 
2457489.338650 0.000000 0.000000     0.001228     1.547546 
2457490.269948 0.000000 0.000000     0.000909     1.547547 
2457491.201246 0.000000 0.000000     0.000782     1.547547 
2457492.132544 0.000000 0.000000     0.000918     1.547547 
2457493.063842 0.000000 0.000000     0.001383     1.547547 
2457493.995139 0.000000 0.000000     0.002212     1.547547 
2457494.926437 0.000000 0.000000     0.003447     1.547546 
2457495.857735 0.000000 0.000000     0.005136     1.547544 
2457496.789033 0.000000 0.000000     0.007253     1.547540 
2457497.720331 0.000000 0.000000     0.009587     1.547534 
2457498.651629 0.000000 0.000000     0.011711     1.547530 
2457499.582927 0.000000 0.000000     0.013128     1.547528 
2457500.514224 0.000000 0.000000     0.013541     1.547527 
2457501.445522 0.000000 0.000000     0.013071     1.547526 
2457502.376820 0.000000 0.000000     0.012266     1.547524 
2457503.308118 0.000000 0.000000     0.011827     1.547521 
2457504.239416 0.000000 0.000000     0.012208     1.547518 
2457505.170714 0.000000 0.000000     0.013323     1.547516 
2457506.102011 0.000000 0.000000     0.014572     1.547517 
2457507.033309 0.000000 0.000000     0.015163     1.547518 
2457507.964607 0.000000 0.000000     0.014543     1.547519 
2457508.895905 0.000000 0.000000     0.012681     1.547520 
2457509.827203 0.000000 0.000000     0.010037     1.547525 
2457510.758501 0.000000 0.000000     0.007275     1.547532 
2457511.689799 0.000000 0.000000     0.004934     1.547539 
2457512.621096 0.000000 0.000000     0.003241     1.547544 
2457513.552394 0.000000 0.000000     0.002150     1.547546 
2457514.483692 0.000000 0.000000     0.001511     1.547547 
2457515.414990 0.000000 0.000000     0.001211     1.547547 
2457516.346288 0.000000 0.000000     0.001213     1.547547 
2457517.277586 0.000000 0.000000     0.001531     1.547547 
2457518.208884 0.000000 0.000000     0.002234     1.547546 
2457519.140181 0.000000 0.000000     0.003504     1.547546 
2457520.071479 0.000000 0.000000     0.005685     1.547543 
2457521.002777 0.000000 0.000000     0.009159     1.547536 
2457521.934075 0.000000 0.000000     0.014035     1.547521 
2457522.865373 0.000000 0.000000     0.019805     1.547500 
2457523.796671 0.000000 0.000000     0.025253     1.547481 
2457524.727969 0.000000 0.000000     0.028806     1.547471 
2457525.659266 0.000000 0.000000     0.029249     1.547470 
2457526.590564 0.000000 0.000000     0.026411     1.547470 
2457527.521862 0.000000 0.000000     0.021379     1.547469 
2457528.453160 0.000000 0.000000     0.016029     1.547471 
2457529.384458 0.000000 0.000000     0.012114     1.547482 
2457530.315756 0.000000 0.000000     0.010429     1.547496 
2457531.247053 0.000000 0.000000     0.010561     1.547507 
2457532.178351 0.000000 0.000000     0.011331     1.547514 
2457533.109649 0.000000 0.000000     0.011573     1.547517 
2457534.040947 0.000000 0.000000     0.010754     1.547520 
2457534.972245 0.000000 0.000000     0.009061     1.547526 
2457535.903543 0.000000 0.000000     0.007047     1.547534 
2457536.834841 0.000000 0.000000     0.005187     1.547541 
2457537.766138 0.000000 0.000000     0.003694     1.547545 
2457538.697436 0.000000 0.000000     0.002630     1.547546 
2457539.628734 0.000000 0.000000     0.002086     1.547547 
2457540.560032 0.000000 0.000000     0.002209     1.547547 
2457541.491330 0.000000 0.000000     0.003097     1.547546 
2457542.422628 0.000000 0.000000     0.004801     1.547544 
2457543.353926 0.000000 0.000000     0.007621     1.547539 
2457544.285223 0.000000 0.000000     0.012508     1.547526 
2457545.216521 0.000000 0.000000     0.021077     1.547485 
2457546.147819 0.000000 0.000000     0.034822     1.547379 
2457547.079117 0.000000 0.000000     0.053733     1.547176 
2457548.010415 0.000000 0.000000     0.075171     1.546910 
2457548.941713 0.000000 0.000000     0.094010     1.546689 
2457549.873010 0.000000 0.000000     0.104443     1.546599 
2457550.804308 0.000000 0.000000     0.102687     1.546603 
2457551.735606 0.000000 0.000000     0.089049     1.546619 
2457552.666904 0.000000 0.000000     0.067995     1.546657 
2457553.598202 0.000000 0.000000     0.046040     1.546797 
2457554.529500 0.000000 0.000000     0.028684     1.547034 
2457555.460798 0.000000 0.000000     0.018204     1.547265 
2457556.392095 0.000000 0.000000     0.013504     1.547412 
2457557.323393 0.000000 0.000000     0.011782     1.547479 
2457558.254691 0.000000 0.000000     0.010641     1.547506 
2457559.185989 0.000000 0.000000     0.009202     1.547519 
2457560.117287 0.000000 0.000000     0.007760     1.547530 
2457561.048585 0.000000 0.000000     0.006721     1.547538 
2457561.979883 0.000000 0.000000     0.005956     1.547543 
2457562.911180 0.000000 0.000000     0.005085     1.547545 
2457563.842478 0.000000 0.000000     0.004196     1.547546 
2457564.773776 0.000000 0.000000     0.004106     1.547546 
2457565.705074 0.000000 0.000000     0.005810     1.547544 
2457566.636372 0.000000 0.000000     0.009784     1.547534 
2457567.567670 0.000000 0.000000     0.016166     1.547511 
2457568.498968 0.000000 0.000000     0.026057     1.547456 
2457569.430265 0.000000 0.000000     0.042829     1.547297 
2457570.361563 0.000000 0.000000     0.071625     1.546832 
2457571.292861 0.000000 0.000000     0.116246     1.545716 
2457572.224159 0.000000 0.000000     0.174793     1.543769 
2457573.155457 0.000000 0.000000     0.237140     1.541478 
2457574.086755 0.000000 0.000000     0.286940     1.539856 
2457575.018052 0.000000 0.000000     0.308171     1.539385 
2457575.949350 0.000000 0.000000     0.292942     1.539507 
2457576.880648 0.000000 0.000000     0.245866     1.539654 
2457577.811946 0.000000 0.000000     0.182064     1.540204 
2457578.743244 0.000000 0.000000     0.119812     1.541738 
2457579.674542 0.000000 0.000000     0.072259     1.543899 
2457580.605840 0.000000 0.000000     0.043062     1.545740 
2457581.537137 0.000000 0.000000     0.027893     1.546791 
2457582.468435 0.000000 0.000000     0.019792     1.547234 
2457583.399733 0.000000 0.000000     0.014117     1.547402 
2457584.331031 0.000000 0.000000     0.009960     1.547478 
2457585.262329 0.000000 0.000000     0.008143     1.547521 
2457586.193627 0.000000 0.000000     0.008534     1.547538 
2457587.124925 0.000000 0.000000     0.009404     1.547540 
2457588.056222 0.000000 0.000000     0.009150     1.547540 
2457588.987520 0.000000 0.000000     0.008285     1.547541 
2457589.918818 0.000000 0.000000     0.009419     1.547540 
2457590.850116 0.000000 0.000000     0.015185     1.547521 
2457591.781414 0.000000 0.000000     0.026491     1.547451 
2457592.712712 0.000000 0.000000     0.043608     1.547293 
2457593.644009 0.000000 0.000000     0.069812     1.546913 
2457594.575307 0.000000 0.000000     0.114001     1.545810 
2457595.506605 0.000000 0.000000     0.188082     1.542706 
2457596.437903 0.000000 0.000000     0.298417     1.535746 
2457597.369201 0.000000 0.000000     0.436045     1.524566 
2457598.300499 0.000000 0.000000     0.573252     1.512694 
2457599.231797 0.000000 0.000000     0.671411     1.505543 
2457600.163094 0.000000 0.000000     0.697728     1.504298 
2457601.094392 0.000000 0.000000     0.641766     1.505125 
2457602.025690 0.000000 0.000000     0.521497     1.506138 
2457602.956988 0.000000 0.000000     0.374664     1.510431 
2457603.888286 0.000000 0.000000     0.240523     1.520048 
2457604.819584 0.000000 0.000000     0.142997     1.531543 
2457605.750882 0.000000 0.000000     0.084730     1.540151 
2457606.682179 0.000000 0.000000     0.053631     1.544591 
2457607.613477 0.000000 0.000000     0.035314     1.546352 
2457608.544775 0.000000 0.000000     0.022113     1.547013 
2457609.476073 0.000000 0.000000     0.013692     1.547319 
2457610.407371 0.000000 0.000000     0.011567     1.547477 
2457611.338669 0.000000 0.000000     0.014120     1.547525 
2457612.269966 0.000000 0.000000     0.016821     1.547523 
2457613.201264 0.000000 0.000000     0.016664     1.547522 
2457614.132562 0.000000 0.000000     0.015691     1.547523 
2457615.063860 0.000000 0.000000     0.019679     1.547515 
2457615.995158 0.000000 0.000000     0.033360     1.547417 
2457616.926456 0.000000 0.000000     0.057705     1.547108 
2457617.857754 0.000000 0.000000     0.093377     1.546439 
2457618.789051 0.000000 0.000000     0.148114     1.544786 
2457619.720349 0.000000 0.000000     0.240095     1.539968 
2457620.651647 0.000000 0.000000     0.390232     1.526889 
2457621.582945 0.000000 0.000000     0.604653     1.498990 
2457622.514243 0.000000 0.000000     0.858349     1.456238 
2457623.445541 0.000000 0.000000     1.093841     1.413577 
2457624.376839 0.000000 0.000000     1.240798     1.391568 
2457625.308136 0.000000 0.000000     1.248307     1.390498 
2457626.239434 0.000000 0.000000     1.111234     1.393887 
2457627.170732 0.000000 0.000000     0.873973     1.399891 
2457628.102030 0.000000 0.000000     0.608616     1.422679 
2457629.033328 0.000000 0.000000     0.380749     1.462969 
2457629.964626 0.000000 0.000000     0.223370     1.502664 
2457630.895924 0.000000 0.000000     0.132663     1.528242 
2457631.827221 0.000000 0.000000     0.083977     1.540103 
2457632.758519 0.000000 0.000000     0.053723     1.544546 
2457633.689817 0.000000 0.000000     0.031801     1.546220 
2457634.621115 0.000000 0.000000     0.019222     1.547016 
2457635.552413 0.000000 0.000000     0.017732     1.547401 
2457636.483711 0.000000 0.000000     0.022963     1.547491 
2457637.415008 0.000000 0.000000     0.026969     1.547483 
2457638.346306 0.000000 0.000000     0.026135     1.547482 
2457639.277604 0.000000 0.000000     0.025469     1.547486 
2457640.208902 0.000000 0.000000     0.034573     1.547448 
2457641.140200 0.000000 0.000000     0.059684     1.547131 
2457642.071498 0.000000 0.000000     0.101067     1.546268 
2457643.002796 0.000000 0.000000     0.160406     1.544444 
2457643.934093 0.000000 0.000000     0.252020     1.539785 
2457644.865391 0.000000 0.000000     0.404847     1.526205 
2457645.796689 0.000000 0.000000     0.646726     1.490310 
2457646.727987 0.000000 0.000000     0.976941     1.414797 
2457647.659285 0.000000 0.000000     1.346015     1.295615 
2457648.590583 0.000000 0.000000     1.661719     1.170037 
2457649.521881 0.000000 0.000000     1.824709     1.110964 
2457650.453178 0.000000 0.000000     1.776188     1.117647 
2457651.384476 0.000000 0.000000     1.529109     1.130524 
2457652.315774 0.000000 0.000000     1.162861     1.165082 
2457653.247072 0.000000 0.000000     0.784115     1.260387 
2457654.178370 0.000000 0.000000     0.477783     1.378459 
2457655.109668 0.000000 0.000000     0.276836     1.467444 
2457656.040965 0.000000 0.000000     0.165132     1.515552 
2457656.972263 0.000000 0.000000     0.104818     1.535579 
2457657.903561 0.000000 0.000000     0.065734     1.542723 
2457658.834859 0.000000 0.000000     0.037781     1.545451 
2457659.766157 0.000000 0.000000     0.023580     1.546769 
2457660.697455 0.000000 0.000000     0.023949     1.547350 
2457661.628753 0.000000 0.000000     0.031244     1.547451 
2457662.560050 0.000000 0.000000     0.035218     1.547439 
2457663.491348 0.000000 0.000000     0.033360     1.547440 
2457664.422646 0.000000 0.000000     0.034107     1.547447 
2457665.353944 0.000000 0.000000     0.049491     1.547345 
2457666.285242 0.000000 0.000000     0.085339     1.546729 
2457667.216540 0.000000 0.000000     0.140579     1.545245 
2457668.147838 0.000000 0.000000     0.218503     1.542126 
2457669.079135 0.000000 0.000000     0.339355     1.533930 
2457670.010433 0.000000 0.000000     0.538234     1.510288 
2457670.941731 0.000000 0.000000     0.841900     1.449826 
2457671.873029 0.000000 0.000000     1.236444     1.324342 
2457672.804327 0.000000 0.000000     1.650184     1.114787 
2457673.735625 0.000000 0.000000     1.970494     0.846150 
2457674.666922 0.000000 0.000000     2.091518     0.706307 
2457675.598220 0.000000 0.000000     1.966868     0.763125 
2457676.529518 0.000000 0.000000     1.634924     0.814920 
2457677.460816 0.000000 0.000000     1.200300     0.959565 
2457678.392114 0.000000 0.000000     0.782717     1.176773 
2457679.323412 0.000000 0.000000     0.464486     1.355314 
2457680.254710 0.000000 0.000000     0.266251     1.463951 
2457681.186007 0.000000 0.000000     0.159666     1.515895 
2457682.117305 0.000000 0.000000     0.101367     1.535922 
2457683.048603 0.000000 0.000000     0.062248     1.542858 
2457683.979901 0.000000 0.000000     0.035155     1.545565 
2457684.911199 0.000000 0.000000     0.023383     1.546872 
2457685.842497 0.000000 0.000000     0.025862     1.547384 
2457686.773795 0.000000 0.000000     0.033205     1.547447 
2457687.705092 0.000000 0.000000     0.035845     1.547438 
2457688.636390 0.000000 0.000000     0.033736     1.547440 
2457689.567688 0.000000 0.000000     0.036880     1.547447 
2457690.498986 0.000000 0.000000     0.056267     1.547295 
2457691.430284 0.000000 0.000000     0.095266     1.546608 
2457692.361582 0.000000 0.000000     0.151720     1.545118 
2457693.292880 0.000000 0.000000     0.230242     1.541964 
2457694.224177 0.000000 0.000000     0.352154     1.533524 
2457695.155475 0.000000 0.000000     0.549042     1.510020 
2457696.086773 0.000000 0.000000     0.838105     1.454582 
2457697.018071 0.000000 0.000000     1.194452     1.353761 
2457697.949369 0.000000 0.000000     1.542829     1.222687 
2457698.880667 0.000000 0.000000     1.781227     1.126252 
2457699.811964 0.000000 0.000000     1.827144     1.111286 
2457700.743262 0.000000 0.000000     1.659853     1.125232 
2457701.674560 0.000000 0.000000     1.332254     1.143151 
2457702.605858 0.000000 0.000000     0.944569     1.210851 
2457703.537156 0.000000 0.000000     0.596315     1.326503 
2457704.468454 0.000000 0.000000     0.345455     1.432465 
2457705.399752 0.000000 0.000000     0.196453     1.498573 
2457706.331049 0.000000 0.000000     0.118232     1.529421 
2457707.262347 0.000000 0.000000     0.074411     1.540906 
2457708.193645 0.000000 0.000000     0.044318     1.544858 
2457709.124943 0.000000 0.000000     0.024670     1.546449 
2457710.056241 0.000000 0.000000     0.017949     1.547206 
2457710.987539 0.000000 0.000000     0.021560     1.547464 
2457711.918837 0.000000 0.000000     0.027222     1.547484 
2457712.850134 0.000000 0.000000     0.028586     1.547481 
2457713.781432 0.000000 0.000000     0.027632     1.547482 
2457714.712730 0.000000 0.000000     0.032858     1.547481 
2457715.644028 0.000000 0.000000     0.051395     1.547354 
2457716.575326 0.000000 0.000000     0.083783     1.546903 
2457717.506624 0.000000 0.000000     0.127793     1.546003 
2457718.437921 0.000000 0.000000     0.188323     1.544060 
2457719.369219 0.000000 0.000000     0.282753     1.538824 
2457720.300517 0.000000 0.000000     0.432869     1.525035 
2457721.231815 0.000000 0.000000     0.645337     1.496081 
2457722.163113 0.000000 0.000000     0.894097     1.452612 
2457723.094411 0.000000 0.000000     1.120009     1.410841 
2457724.025709 0.000000 0.000000     1.252783     1.390919 
2457724.957006 0.000000 0.000000     1.244473     1.390863 
2457725.888304 0.000000 0.000000     1.094470     1.394160 
2457726.819602 0.000000 0.000000     0.850273     1.400971 
2457727.750900 0.000000 0.000000     0.583655     1.425410 
2457728.682198 0.000000 0.000000     0.357223     1.466252 
2457729.613496 0.000000 0.000000     0.201083     1.505185 
2457730.544794 0.000000 0.000000     0.110825     1.529805 
2457731.476091 0.000000 0.000000     0.063225     1.541045 
2457732.407389 0.000000 0.000000     0.035914     1.545121 
2457733.338687 0.000000 0.000000     0.018046     1.546541 
2457734.269985 0.000000 0.000000     0.008467     1.547145 
2457735.201283 0.000000 0.000000     0.007605     1.547428 
2457736.132581 0.000000 0.000000     0.012136     1.547513 
2457737.063878 0.000000 0.000000     0.016454     1.547520 
2457737.995176 0.000000 0.000000     0.017772     1.547520 
2457738.926474 0.000000 0.000000     0.018701     1.547519 
2457739.857772 0.000000 0.000000     0.024511     1.547513 
2457740.789070 0.000000 0.000000     0.038074     1.547446 
2457741.720368 0.000000 0.000000     0.058139     1.547260 
2457742.651666 0.000000 0.000000     0.083320     1.546913 
2457743.582963 0.000000 0.000000     0.118191     1.546143 
2457744.514261 0.000000 0.000000     0.174661     1.544076 
2457745.445559 0.000000 0.000000     0.264885     1.538964 
2457746.376857 0.000000 0.000000     0.389182     1.529374 
2457747.308155 0.000000 0.000000     0.527897     1.517097 
2457748.239453 0.000000 0.000000     0.644834     1.507542 
2457749.170751 0.000000 0.000000     0.702325     1.504253 
2457750.102048 0.000000 0.000000     0.679548     1.504707 
2457751.033346 0.000000 0.000000     0.582891     1.505320 
2457751.964644 0.000000 0.000000     0.442124     1.507587 
2457752.895942 0.000000 0.000000     0.295309     1.514940 
2457753.827240 0.000000 0.000000     0.172097     1.526166 
2457754.758538 0.000000 0.000000     0.084834     1.536350 
2457755.689836 0.000000 0.000000     0.030552     1.542496 
2457756.621133 0.000000 0.000000    -0.000392     1.545177 
2457757.552431 0.000000 0.000000    -0.016329     1.546211 
2457758.483729 0.000000 0.000000    -0.021618     1.546754 
2457759.415027 0.000000 0.000000    -0.018720     1.547140 
2457760.346325 0.000000 0.000000    -0.010969     1.547377 
2457761.277623 0.000000 0.000000    -0.002749     1.547479 
2457762.208920 0.000000 0.000000     0.002799     1.547514 
2457763.140218 0.000000 0.000000     0.005764     1.547527 
2457764.071516 0.000000 0.000000     0.008825     1.547532 
2457765.002814 0.000000 0.000000     0.014456     1.547528 
2457765.934112 0.000000 0.000000     0.022761     1.547504 
2457766.865410 0.000000 0.000000     0.032243     1.547454 
2457767.796708 0.000000 0.000000     0.042960     1.547368 
2457768.728005 0.000000 0.000000     0.058975     1.547172 
2457769.659303 0.000000 0.000000     0.087135     1.546653 
2457770.590601 0.000000 0.000000     0.132213     1.545449 
2457771.521899 0.000000 0.000000     0.191698     1.543408 
2457772.453197 0.000000 0.000000     0.254339     1.541105 
2457773.384495 0.000000 0.000000     0.304022     1.539534 
2457774.315793 0.000000 0.000000     0.326719     1.538879 
2457775.247090 0.000000 0.000000     0.316165     1.538158 
2457776.178388 0.000000 0.000000     0.275087     1.536626 
2457777.109686 0.000000 0.000000     0.212224     1.535014 
2457778.040984 0.000000 0.000000     0.138054     1.534742 
2457778.972282 0.000000 0.000000     0.062228     1.536106 
2457779.903580 0.000000 0.000000    -0.006645     1.537913 
2457780.834877 0.000000 0.000000    -0.060566     1.539045 
2457781.766175 0.000000 0.000000    -0.093094     1.539782 
2457782.697473 0.000000 0.000000    -0.101808     1.541113 
2457783.628771 0.000000 0.000000    -0.090297     1.543206 
2457784.560069 0.000000 0.000000    -0.067380     1.545248 
2457785.491367 0.000000 0.000000    -0.043283     1.546554 
2457786.422665 0.000000 0.000000    -0.024982     1.547149 
2457787.353962 0.000000 0.000000    -0.013813     1.547374 
2457788.285260 0.000000 0.000000    -0.006681     1.547463 
2457789.216558 0.000000 0.000000     0.000489     1.547502 
2457790.147856 0.000000 0.000000     0.009960     1.547501 
2457791.079154 0.000000 0.000000     0.021911     1.547467 
2457792.010452 0.000000 0.000000     0.036096     1.547427 
2457792.941750 0.000000 0.000000     0.053150     1.547400 
2457793.873047 0.000000 0.000000     0.073991     1.547374 
2457794.804345 0.000000 0.000000     0.097949     1.547297 
2457795.735643 0.000000 0.000000     0.121916     1.547087 
2457796.666941 0.000000 0.000000     0.141956     1.546722 
2457797.598239 0.000000 0.000000     0.156282     1.546216 
2457798.529537 0.000000 0.000000     0.166571     1.545337 
2457799.460834 0.000000 0.000000     0.175509     1.543079 
2457800.392132 0.000000 0.000000     0.181815     1.537561 
2457801.323430 0.000000 0.000000     0.177048     1.527593 
2457802.254728 0.000000 0.000000     0.148209     1.515457 
2457803.186026 0.000000 0.000000     0.086029     1.506609 
2457804.117324 0.000000 0.000000    -0.006085     1.504065 
2457805.048622 0.000000 0.000000    -0.109232     1.504948 
2457805.979919 0.000000 0.000000    -0.195660     1.505901 
2457806.911217 0.000000 0.000000    -0.241742     1.508746 
2457807.842515 0.000000 0.000000    -0.239438     1.516736 
2457808.773813 0.000000 0.000000    -0.199128     1.528143 
2457809.705111 0.000000 0.000000    -0.142425     1.537949 
2457810.636409 0.000000 0.000000    -0.090151     1.543590 
2457811.567707 0.000000 0.000000    -0.053133     1.545973 
2457812.499004 0.000000 0.000000    -0.030446     1.546826 
2457813.430302 0.000000 0.000000    -0.014006     1.547099 
2457814.361600 0.000000 0.000000     0.005398     1.547030 
2457815.292898 0.000000 0.000000     0.034687     1.546600 
2457816.224196 0.000000 0.000000     0.077901     1.545958 
2457817.155494 0.000000 0.000000     0.135756     1.545478 
2457818.086792 0.000000 0.000000     0.203588     1.545405 
2457819.018089 0.000000 0.000000     0.269424     1.545606 
2457819.949387 0.000000 0.000000     0.316129     1.545726 
2457820.880685 0.000000 0.000000     0.329345     1.545597 
2457821.811983 0.000000 0.000000     0.307452     1.545299 
2457822.743281 0.000000 0.000000     0.265799     1.544516 
2457823.674579 0.000000 0.000000     0.229547     1.541554 
2457824.605876 0.000000 0.000000     0.217328     1.532157 
2457825.537174 0.000000 0.000000     0.226018     1.509690 
2457826.468472 0.000000 0.000000     0.228383     1.470933 
2457827.399770 0.000000 0.000000     0.187751     1.425891 
2457828.331068 0.000000 0.000000     0.081936     1.396058 
2457829.262366 0.000000 0.000000    -0.078977     1.390216 
2457830.193664 0.000000 0.000000    -0.253403     1.393930 
2457831.124961 0.000000 0.000000    -0.388091     1.398051 
2457832.056259 0.000000 0.000000    -0.444893     1.414107 
2457832.987557 0.000000 0.000000    -0.418137     1.449928 
2457833.918855 0.000000 0.000000    -0.333161     1.491590 
2457834.850153 0.000000 0.000000    -0.229186     1.521984 
2457835.781451 0.000000 0.000000    -0.138744     1.537455 
2457836.712749 0.000000 0.000000    -0.075464     1.543442 
2457837.644046 0.000000 0.000000    -0.033985     1.545308 
2457838.575344 0.000000 0.000000     0.002589     1.545228 
2457839.506642 0.000000 0.000000     0.054609     1.543205 
2457840.437940 0.000000 0.000000     0.140100     1.539037 
2457841.369238 0.000000 0.000000     0.269363     1.534181 
2457842.300536 0.000000 0.000000     0.437912     1.531319 
2457843.231833 0.000000 0.000000     0.620607     1.531561 
2457844.163131 0.000000 0.000000     0.774068     1.533187 
2457845.094429 0.000000 0.000000     0.852119     1.534075 
2457846.025727 0.000000 0.000000     0.829531     1.534388 
2457846.957025 0.000000 0.000000     0.719957     1.535343 
2457847.888323 0.000000 0.000000     0.573480     1.535578 
2457848.819621 0.000000 0.000000     0.450718     1.529128 
2457849.750918 0.000000 0.000000     0.387067     1.504135 
2457850.682216 0.000000 0.000000     0.370034     1.443697 
2457851.613514 0.000000 0.000000     0.346234     1.337418 
2457852.544812 0.000000 0.000000     0.255618     1.206961 
2457853.476110 0.000000 0.000000     0.071775     1.121632 
2457854.407408 0.000000 0.000000    -0.177654     1.115790 
2457855.338706 0.000000 0.000000    -0.423389     1.130847 
2457856.270003 0.000000 0.000000    -0.591128     1.152689 
2457857.201301 0.000000 0.000000    -0.638858     1.227681 
2457858.132599 0.000000 0.000000    -0.573034     1.343965 
2457859.063897 0.000000 0.000000    -0.437516     1.444431 
2457859.995195 0.000000 0.000000    -0.286408     1.504267 
2457860.926493 0.000000 0.000000    -0.158778     1.530922 
2457861.857791 0.000000 0.000000    -0.066883     1.540131 
2457862.789088 0.000000 0.000000     0.002181     1.541688 
2457863.720386 0.000000 0.000000     0.078386     1.537578 
2457864.651684 0.000000 0.000000     0.199177     1.525519 
2457865.582982 0.000000 0.000000     0.397479     1.505206 
2457866.514280 0.000000 0.000000     0.685237     1.484261 
2457867.445578 0.000000 0.000000     1.036704     1.474318 
2457868.376875 0.000000 0.000000     1.383432     1.477488 
2457869.308173 0.000000 0.000000     1.632242     1.484081 
2457870.239471 0.000000 0.000000     1.704642     1.487506 
2457871.170769 0.000000 0.000000     1.578724     1.492186 
2457872.102067 0.000000 0.000000     1.306760     1.502972 
2457873.033365 0.000000 0.000000     0.992605     1.513718 
2457873.964663 0.000000 0.000000     0.738018     1.509538 
2457874.895960 0.000000 0.000000     0.589003     1.470454 
2457875.827258 0.000000 0.000000     0.515679     1.371391 
2457876.758556 0.000000 0.000000     0.438528     1.190554 
2457877.689854 0.000000 0.000000     0.283739     0.934084 
2457878.621152 0.000000 0.000000     0.031918     0.727897 
2457879.552450 0.000000 0.000000    -0.269660     0.757546 
2457880.483748 0.000000 0.000000    -0.535723     0.811605 
2457881.415045 0.000000 0.000000    -0.690857     0.911261 
2457882.346343 0.000000 0.000000    -0.705771     1.113341 
2457883.277641 0.000000 0.000000    -0.603321     1.307865 
2457884.208939 0.000000 0.000000    -0.437519     1.437240 
2457885.140237 0.000000 0.000000    -0.263527     1.503707 
2457886.071535 0.000000 0.000000    -0.115733     1.530201 
2457887.002832 0.000000 0.000000     0.000515     1.537419 
2457887.934130 0.000000 0.000000     0.107785     1.533866 
2457888.865428 0.000000 0.000000     0.250507     1.516176 
2457889.796726 0.000000 0.000000     0.482378     1.475189 
2457890.728024 0.000000 0.000000     0.843274     1.410197 
2457891.659322 0.000000 0.000000     1.329340     1.345821 
2457892.590620 0.000000 0.000000     1.872083     1.320570 
2457893.521917 0.000000 0.000000     2.346392     1.334404 
2457894.453215 0.000000 0.000000     2.614713     1.351780 
2457895.384513 0.000000 0.000000     2.590432     1.362922 
2457896.315811 0.000000 0.000000     2.285239     1.389193 
2457897.247109 0.000000 0.000000     1.808922     1.436493 
2457898.178407 0.000000 0.000000     1.316941     1.480307 
2457899.109705 0.000000 0.000000     0.934256     1.495415 
2457900.041002 0.000000 0.000000     0.699999     1.467148 
2457900.972300 0.000000 0.000000     0.564464     1.386847 
2457901.903598 0.000000 0.000000     0.436159     1.263150 
2457902.834896 0.000000 0.000000     0.245831     1.148618 
2457903.766194 0.000000 0.000000    -0.012871     1.111520 
2457904.697492 0.000000 0.000000    -0.286818     1.124895 
2457905.628789 0.000000 0.000000    -0.501279     1.139118 
2457906.560087 0.000000 0.000000    -0.603178     1.185922 
2457907.491385 0.000000 0.000000    -0.583598     1.290277 
2457908.422683 0.000000 0.000000    -0.472345     1.403491 
2457909.353981 0.000000 0.000000    -0.315791     1.482019 
2457910.285279 0.000000 0.000000    -0.154393     1.521189 
2457911.216577 0.000000 0.000000    -0.008746     1.534951 
2457912.147874 0.000000 0.000000     0.126505     1.534965 
2457913.079172 0.000000 0.000000     0.283532     1.521093 
2457914.010470 0.000000 0.000000     0.514442     1.479794 
2457914.941768 0.000000 0.000000     0.871005     1.390029 
2457915.873066 0.000000 0.000000     1.371913     1.243053 
2457916.804364 0.000000 0.000000     1.972007     1.081846 
2457917.735662 0.000000 0.000000     2.556083     1.020077 
2457918.666959 0.000000 0.000000     2.971685     1.058294 
2457919.598257 0.000000 0.000000     3.092110     1.092097 
2457920.529555 0.000000 0.000000     2.877828     1.134754 
2457921.460853 0.000000 0.000000     2.399818     1.238076 
2457922.392151 0.000000 0.000000     1.808223     1.364093 
2457923.323449 0.000000 0.000000     1.262425     1.455649 
2457924.254747 0.000000 0.000000     0.862090     1.496626 
2457925.186044 0.000000 0.000000     0.616722     1.494349 
2457926.117342 0.000000 0.000000     0.465770     1.462196 
2457927.048640 0.000000 0.000000     0.330416     1.420392 
2457927.979938 0.000000 0.000000     0.162609     1.393988 
2457928.911236 0.000000 0.000000    -0.035187     1.390331 
2457929.842534 0.000000 0.000000    -0.223344     1.394198 
2457930.773831 0.000000 0.000000    -0.355342     1.398659 
2457931.705129 0.000000 0.000000    -0.403632     1.416259 
2457932.636427 0.000000 0.000000    -0.368954     1.453133 
2457933.567725 0.000000 0.000000    -0.274000     1.494278 
2457934.499023 0.000000 0.000000    -0.149368     1.523085 
2457935.430321 0.000000 0.000000    -0.018862     1.536363 
2457936.361619 0.000000 0.000000     0.112197     1.538834 
2457937.292916 0.000000 0.000000     0.262649     1.532272 
2457938.224214 0.000000 0.000000     0.470540     1.508510 
2457939.155512 0.000000 0.000000     0.774344     1.446573 
2457940.086810 0.000000 0.000000     1.184767     1.318341 
2457941.018108 0.000000 0.000000     1.661405     1.104929 
2457941.949406 0.000000 0.000000     2.111652     0.829938 
2457942.880704 0.000000 0.000000     2.419632     0.680241 
2457943.812001 0.000000 0.000000     2.494568     0.732522 
2457944.743299 0.000000 0.000000     2.313289     0.786756 
2457945.674597 0.000000 0.000000     1.932285     0.950184 
2457946.605895 0.000000 0.000000     1.461846     1.177293 
2457947.537193 0.000000 0.000000     1.017270     1.356803 
2457948.468491 0.000000 0.000000     0.674412     1.463023 
2457949.399788 0.000000 0.000000     0.451348     1.510080 
2457950.331086 0.000000 0.000000     0.319820     1.521501 
2457951.262384 0.000000 0.000000     0.233170     1.516420 
2457952.193682 0.000000 0.000000     0.152394     1.508101 
2457953.124980 0.000000 0.000000     0.059275     1.504183 
2457954.056278 0.000000 0.000000    -0.043381     1.504573 
2457954.987576 0.000000 0.000000    -0.138468     1.505515 
2457955.918873 0.000000 0.000000    -0.203578     1.507069 
2457956.850171 0.000000 0.000000    -0.220812     1.512847 
2457957.781469 0.000000 0.000000    -0.185801     1.523396 
2457958.712767 0.000000 0.000000    -0.111133     1.534178 
2457959.644065 0.000000 0.000000    -0.018909     1.540768 
2457960.575363 0.000000 0.000000     0.076425     1.542447 
2457961.506661 0.000000 0.000000     0.183867     1.539555 
2457962.437958 0.000000 0.000000     0.335162     1.528294 
2457963.369256 0.000000 0.000000     0.561366     1.495456 
2457964.300554 0.000000 0.000000     0.858347     1.416470 
2457965.231852 0.000000 0.000000     1.166265     1.263821 
2457966.163150 0.000000 0.000000     1.383833     1.026285 
2457967.094448 0.000000 0.000000     1.415977     0.760144 
2457968.025745 0.000000 0.000000     1.228189     0.699017 
2457968.957043 0.000000 0.000000     0.872131     0.757531 
2457969.888341 0.000000 0.000000     0.463537     0.829628 
2457970.819639 0.000000 0.000000     0.124697     1.022443 
2457971.750937 0.000000 0.000000    -0.072710     1.240170 
2457972.682235 0.000000 0.000000    -0.130338     1.397626 
2457973.613533 0.000000 0.000000    -0.102532     1.485263 
2457974.544830 0.000000 0.000000    -0.052692     1.523270 
2457975.476128 0.000000 0.000000    -0.018741     1.535700 
2457976.407426 0.000000 0.000000    -0.007010     1.538360 
2457977.338724 0.000000 0.000000    -0.009079     1.538643 
2457978.270022 0.000000 0.000000    -0.020229     1.539007 
2457979.201320 0.000000 0.000000    -0.042671     1.539409 
2457980.132618 0.000000 0.000000    -0.075000     1.539573 
2457981.063915 0.000000 0.000000    -0.103438     1.540001 
2457981.995213 0.000000 0.000000    -0.107522     1.541344 
2457982.926511 0.000000 0.000000    -0.076545     1.543415 
2457983.857809 0.000000 0.000000    -0.019813     1.545039 
2457984.789107 0.000000 0.000000     0.042519     1.545225 
2457985.720405 0.000000 0.000000     0.102580     1.543659 
2457986.651703 0.000000 0.000000     0.179731     1.538904 
2457987.583000 0.000000 0.000000     0.307696     1.524954 
2457988.514298 0.000000 0.000000     0.496945     1.487207 
2457989.445596 0.000000 0.000000     0.700583     1.404081 
2457990.376894 0.000000 0.000000     0.816867     1.263426 
2457991.308192 0.000000 0.000000     0.738227     1.099571 
2457992.239490 0.000000 0.000000     0.420623     1.023612 
2457993.170787 0.000000 0.000000    -0.073553     1.058674 
2457994.102085 0.000000 0.000000    -0.592952     1.095961 
2457995.033383 0.000000 0.000000    -0.969454     1.133380 
2457995.964681 0.000000 0.000000    -1.101592     1.227871 
2457996.895979 0.000000 0.000000    -0.997719     1.354146 
2457997.827277 0.000000 0.000000    -0.755255     1.454006 
2457998.758575 0.000000 0.000000    -0.495333     1.509953 
2457999.689872 0.000000 0.000000    -0.298830     1.533725 
2458000.621170 0.000000 0.000000    -0.182202     1.541936 
2458001.552468 0.000000 0.000000    -0.118376     1.544661 
2458002.483766 0.000000 0.000000    -0.076269     1.545813 
2458003.415064 0.000000 0.000000    -0.045428     1.546383 
2458004.346362 0.000000 0.000000    -0.031892     1.546546 
2458005.277660 0.000000 0.000000    -0.038109     1.546561 
2458006.208957 0.000000 0.000000    -0.050949     1.546638 
2458007.140255 0.000000 0.000000    -0.049827     1.546831 
2458008.071553 0.000000 0.000000    -0.025176     1.547048 
2458009.002851 0.000000 0.000000     0.013357     1.546945 
2458009.934149 0.000000 0.000000     0.049282     1.546253 
2458010.865447 0.000000 0.000000     0.080994     1.544700 
2458011.796744 0.000000 0.000000     0.129456     1.540833 
2458012.728042 0.000000 0.000000     0.218502     1.529977 
2458013.659340 0.000000 0.000000     0.339684     1.502807 
2458014.590638 0.000000 0.000000     0.432247     1.450653 
2458015.521936 0.000000 0.000000     0.402850     1.381333 
2458016.453234 0.000000 0.000000     0.180702     1.329726 
2458017.384532 0.000000 0.000000    -0.226358     1.324755 
2458018.315829 0.000000 0.000000    -0.716017     1.344759 
2458019.247127 0.000000 0.000000    -1.132712     1.358826 
2458020.178425 0.000000 0.000000    -1.343950     1.374137 
2458021.109723 0.000000 0.000000    -1.304902     1.411575 
2458022.041021 0.000000 0.000000    -1.072153     1.463858 
2458022.972319 0.000000 0.000000    -0.761867     1.507292 
2458023.903617 0.000000 0.000000    -0.483416     1.531727 
2458024.834914 0.000000 0.000000    -0.291423     1.541853 
2458025.766212 0.000000 0.000000    -0.180774     1.545335 
2458026.697510 0.000000 0.000000    -0.116778     1.546581 
2458027.628808 0.000000 0.000000    -0.071021     1.547149 
2458028.560106 0.000000 0.000000    -0.036822     1.547395 
2458029.491404 0.000000 0.000000    -0.019943     1.547441 
2458030.422701 0.000000 0.000000    -0.020776     1.547441 
2458031.353999 0.000000 0.000000    -0.027347     1.547450 
2458032.285297 0.000000 0.000000    -0.024441     1.547471 
2458033.216595 0.000000 0.000000    -0.007376     1.547463 
2458034.147893 0.000000 0.000000     0.015038     1.547306 
2458035.079191 0.000000 0.000000     0.032197     1.546919 
2458036.010489 0.000000 0.000000     0.046192     1.546148 
2458036.941786 0.000000 0.000000     0.072597     1.544222 
2458037.873084 0.000000 0.000000     0.122750     1.538982 
2458038.804382 0.000000 0.000000     0.180956     1.526968 
2458039.735680 0.000000 0.000000     0.198476     1.507004 
2458040.666978 0.000000 0.000000     0.115910     1.485690 
2458041.598276 0.000000 0.000000    -0.096654     1.474756 
2458042.529574 0.000000 0.000000    -0.409002     1.477429 
2458043.460871 0.000000 0.000000    -0.733841     1.484348 
2458044.392169 0.000000 0.000000    -0.965839     1.488430 
2458045.323467 0.000000 0.000000    -1.033947     1.493840 
2458046.254765 0.000000 0.000000    -0.934732     1.506304 
2458047.186063 0.000000 0.000000    -0.727313     1.522755 
2458048.117361 0.000000 0.000000    -0.496053     1.535983 
2458049.048659 0.000000 0.000000    -0.306874     1.543138 
2458049.979956 0.000000 0.000000    -0.183618     1.545977 
2458050.911254 0.000000 0.000000    -0.113739     1.546934 
2458051.842552 0.000000 0.000000    -0.072029     1.547286 
2458052.773850 0.000000 0.000000    -0.041917     1.547448 
2458053.705148 0.000000 0.000000    -0.020938     1.547511 
2458054.636446 0.000000 0.000000    -0.012161     1.547519 
2458055.567743 0.000000 0.000000    -0.013767     1.547519 
2458056.499041 0.000000 0.000000    -0.017229     1.547522 
2458057.430339 0.000000 0.000000    -0.014275     1.547526 
2458058.361637 0.000000 0.000000    -0.004127     1.547519 
2458059.292935 0.000000 0.000000     0.007014     1.547465 
2458060.224233 0.000000 0.000000     0.013889     1.547348 
2458061.155531 0.000000 0.000000     0.019176     1.547113 
2458062.086828 0.000000 0.000000     0.031324     1.546515 
2458063.018126 0.000000 0.000000     0.053423     1.544948 
2458063.949424 0.000000 0.000000     0.072613     1.541655 
2458064.880722 0.000000 0.000000     0.061121     1.536845 
2458065.812020 0.000000 0.000000    -0.008229     1.532585 
2458066.743318 0.000000 0.000000    -0.141201     1.531196 
2458067.674616 0.000000 0.000000    -0.311065     1.532432 
2458068.605913 0.000000 0.000000    -0.466872     1.533962 
2458069.537211 0.000000 0.000000    -0.557618     1.534796 
2458070.468509 0.000000 0.000000    -0.557608     1.536233 
2458071.399807 0.000000 0.000000    -0.477467     1.539232 
2458072.331105 0.000000 0.000000    -0.355007     1.542800 
2458073.262403 0.000000 0.000000    -0.233316     1.545445 
2458074.193700 0.000000 0.000000    -0.140572     1.546774 
2458075.124998 0.000000 0.000000    -0.082764     1.547270 
2458076.056296 0.000000 0.000000    -0.050356     1.547429 
2458076.987594 0.000000 0.000000    -0.030867     1.547486 
2458077.918892 0.000000 0.000000    -0.017543     1.547511 
2458078.850190 0.000000 0.000000    -0.009768     1.547520 
2458079.781488 0.000000 0.000000    -0.008134     1.547521 
2458080.712785 0.000000 0.000000    -0.010390     1.547522 
2458081.644083 0.000000 0.000000    -0.011981     1.547524 
2458082.575381 0.000000 0.000000    -0.009747     1.547530 
2458083.506679 0.000000 0.000000    -0.004470     1.547533 
2458084.437977 0.000000 0.000000     0.000510     1.547527 
2458085.369275 0.000000 0.000000     0.003182     1.547509 
2458086.300573 0.000000 0.000000     0.005193     1.547469 
2458087.231870 0.000000 0.000000     0.009849     1.547364 
2458088.163168 0.000000 0.000000     0.017182     1.547101 
2458089.094466 0.000000 0.000000     0.020636     1.546598 
2458090.025764 0.000000 0.000000     0.009213     1.545957 
2458090.957062 0.000000 0.000000    -0.025371     1.545497 
2458091.888360 0.000000 0.000000    -0.081314     1.545451 
2458092.819657 0.000000 0.000000    -0.144801     1.545666 
2458093.750955 0.000000 0.000000    -0.195627     1.545839 
2458094.682253 0.000000 0.000000    -0.217196     1.545943 
2458095.613551 0.000000 0.000000    -0.204656     1.546180 
2458096.544849 0.000000 0.000000    -0.166274     1.546606 
2458097.476147 0.000000 0.000000    -0.117802     1.547048 
2458098.407445 0.000000 0.000000    -0.074002     1.547340 
2458099.338742 0.000000 0.000000    -0.042648     1.547471 
2458100.270040 0.000000 0.000000    -0.023840     1.547513 
2458101.201338 0.000000 0.000000    -0.013532     1.547520 
2458102.132636 0.000000 0.000000    -0.007793     1.547519 
2458103.063934 0.000000 0.000000    -0.004841     1.547519 
2458103.995232 0.000000 0.000000    -0.004369     1.547519 
2458104.926530 0.000000 0.000000    -0.005830     1.547520 
2458105.857827 0.000000 0.000000    -0.007695     1.547521 
2458106.789125 0.000000 0.000000    -0.008228     1.547524 
2458107.720423 0.000000 0.000000    -0.006779     1.547531 
2458108.651721 0.000000 0.000000    -0.004179     1.547538 
2458109.583019 0.000000 0.000000    -0.001820     1.547542 
2458110.514317 0.000000 0.000000    -0.000332     1.547543 
2458111.445615 0.000000 0.000000     0.000870     1.547540 
2458112.376912 0.000000 0.000000     0.002708     1.547533 
2458113.308210 0.000000 0.000000     0.005043     1.547515 
2458114.239508 0.000000 0.000000     0.006094     1.547484 
2458115.170806 0.000000 0.000000     0.003393     1.547451 
2458116.102104 0.000000 0.000000    -0.004348     1.547434 
2458117.033402 0.000000 0.000000    -0.015868     1.547437 
2458117.964699 0.000000 0.000000    -0.027599     1.547446 
2458118.895997 0.000000 0.000000    -0.035457     1.547450 
2458119.827295 0.000000 0.000000    -0.036973     1.547457 
2458120.758593 0.000000 0.000000    -0.032393     1.547476 
2458121.689891 0.000000 0.000000    -0.024170     1.547502 
2458122.621189 0.000000 0.000000    -0.015376     1.547525 
2458123.552487 0.000000 0.000000    -0.008207     1.547537 
2458124.483784 0.000000 0.000000    -0.003406     1.547541 
2458125.415082 0.000000 0.000000    -0.000681     1.547538 
2458126.346380 0.000000 0.000000     0.000513     1.547534 
2458127.277678 0.000000 0.000000     0.000504     1.547530 
2458128.208976 0.000000 0.000000    -0.000532     1.547528 
2458129.140274 0.000000 0.000000    -0.002257     1.547529 
2458130.071572 0.000000 0.000000    -0.004037     1.547529 
2458131.002869 0.000000 0.000000    -0.005157     1.547530 
2458131.934167 0.000000 0.000000    -0.005205     1.547533 
2458132.865465 0.000000 0.000000    -0.004275     1.547538 
2458133.796763 0.000000 0.000000    -0.002841     1.547542 
2458134.728061 0.000000 0.000000    -0.001396     1.547545 
2458135.659359 0.000000 0.000000    -0.000148     1.547546 
2458136.590656 0.000000 0.000000     0.001034     1.547546 
2458137.521954 0.000000 0.000000     0.002464     1.547545 
2458138.453252 0.000000 0.000000     0.004418     1.547543 
2458139.384550 0.000000 0.000000     0.006994     1.547538 
2458140.315848 0.000000 0.000000     0.010084     1.547531 
2458141.247146 0.000000 0.000000     0.013379     1.547525 
2458142.178444 0.000000 0.000000     0.016385     1.547522 
2458143.109741 0.000000 0.000000     0.018494     1.547522 
2458144.041039 0.000000 0.000000     0.019148     1.547522 
2458144.972337 0.000000 0.000000     0.018085     1.547524 
2458145.903635 0.000000 0.000000     0.015530     1.547527 
2458146.834933 0.000000 0.000000     0.012163     1.547533 
2458147.766231 0.000000 0.000000     0.008851     1.547539 
2458148.697529 0.000000 0.000000     0.006259     1.547543 
2458149.628826 0.000000 0.000000     0.004578     1.547544 
2458150.560124 0.000000 0.000000     0.003532     1.547543 
2458151.491422 0.000000 0.000000     0.002631     1.547541 
2458152.422720 0.000000 0.000000     0.001501     1.547539 
2458153.354018 0.000000 0.000000     0.000084     1.547539 
2458154.285316 0.000000 0.000000    -0.001377     1.547539 
2458155.216614 0.000000 0.000000    -0.002520     1.547539 
2458156.147911 0.000000 0.000000    -0.003064     1.547540 
2458157.079209 0.000000 0.000000    -0.002936     1.547542 
2458158.010507 0.000000 0.000000    -0.002265     1.547544 
2458158.941805 0.000000 0.000000    -0.001290     1.547545 
2458159.873103 0.000000 0.000000    -0.000229     1.547546 
2458160.804401 0.000000 0.000000     0.000846     1.547546 
2458161.735698 0.000000 0.000000     0.002076     1.547546 
2458162.666996 0.000000 0.000000     0.003768     1.547545 
2458163.598294 0.000000 0.000000     0.006225     1.547541 
2458164.529592 0.000000 0.000000     0.009503     1.547535 
2458165.460890 0.000000 0.000000     0.013228     1.547527 
2458166.392188 0.000000 0.000000     0.016619     1.547521 
2458167.323486 0.000000 0.000000     0.018755     1.547518 
2458168.254783 0.000000 0.000000     0.018985     1.547518 
2458169.186081 0.000000 0.000000     0.017239     1.547519 
2458170.117379 0.000000 0.000000     0.014068     1.547520 
2458171.048677 0.000000 0.000000     0.010384     1.547525 
2458171.979975 0.000000 0.000000     0.007056     1.547533 
2458172.911273 0.000000 0.000000     0.004588     1.547540 
2458173.842571 0.000000 0.000000     0.003036     1.547544 
2458174.773868 0.000000 0.000000     0.002147     1.547545 
2458175.705166 0.000000 0.000000     0.001581     1.547545 
2458176.636464 0.000000 0.000000     0.001076     1.547545 
2458177.567762 0.000000 0.000000     0.000497     1.547545 
2458178.499060 0.000000 0.000000    -0.000171     1.547545 
2458179.430358 0.000000 0.000000    -0.000851     1.547545 
2458180.361655 0.000000 0.000000    -0.001392     1.547545 
2458181.292953 0.000000 0.000000    -0.001625     1.547545 
2458182.224251 0.000000 0.000000    -0.001451     1.547546 
2458183.155549 0.000000 0.000000    -0.000917     1.547546 
2458184.086847 0.000000 0.000000    -0.000199     1.547547 
2458185.018145 0.000000 0.000000     0.000549     1.547547 
2458185.949443 0.000000 0.000000     0.001360     1.547547 
2458186.880740 0.000000 0.000000     0.002487     1.547546 
2458187.812038 0.000000 0.000000     0.004219     1.547544 
2458188.743336 0.000000 0.000000     0.006554     1.547540 
2458189.674634 0.000000 0.000000     0.008979     1.547533 
2458190.605932 0.000000 0.000000     0.010586     1.547525 
2458191.537230 0.000000 0.000000     0.010502     1.547520 
2458192.468528 0.000000 0.000000     0.008422     1.547519 
2458193.399825 0.000000 0.000000     0.004871     1.547520 
2458194.331123 0.000000 0.000000     0.000994     1.547520 
2458195.262421 0.000000 0.000000    -0.002009     1.547523 
2458196.193719 0.000000 0.000000    -0.003457     1.547528 
2458197.125017 0.000000 0.000000    -0.003431     1.547536 
2458198.056315 0.000000 0.000000    -0.002561     1.547542 
2458198.987612 0.000000 0.000000    -0.001564     1.547545 
2458199.918910 0.000000 0.000000    -0.000865     1.547546 
2458200.850208 0.000000 0.000000    -0.000508     1.547547 
2458201.781506 0.000000 0.000000    -0.000349     1.547547 
2458202.712804 0.000000 0.000000    -0.000282     1.547547 
2458203.644102 0.000000 0.000000    -0.000317     1.547547 
2458204.575400 0.000000 0.000000    -0.000481     1.547547 
2458205.506697 0.000000 0.000000    -0.000700     1.547547 
2458206.437995 0.000000 0.000000    -0.000794     1.547547 
2458207.369293 0.000000 0.000000    -0.000622     1.547547 
2458208.300591 0.000000 0.000000    -0.000210     1.547547 
2458209.231889 0.000000 0.000000     0.000278     1.547547 
2458210.163187 0.000000 0.000000     0.000732     1.547547 
2458211.094485 0.000000 0.000000     0.001259     1.547547 
2458212.025782 0.000000 0.000000     0.002140     1.547546 
2458212.957080 0.000000 0.000000     0.003529     1.547544 
2458213.888378 0.000000 0.000000     0.005130     1.547540 
2458214.819676 0.000000 0.000000     0.006134     1.547534 
2458215.750974 0.000000 0.000000     0.005584     1.547528 
2458216.682272 0.000000 0.000000     0.002980     1.547525 
2458217.613570 0.000000 0.000000    -0.001283     1.547526 
2458218.544867 0.000000 0.000000    -0.005957     1.547527 
2458219.476165 0.000000 0.000000    -0.009523     1.547528 
2458220.407463 0.000000 0.000000    -0.010943     1.547530 
2458221.338761 0.000000 0.000000    -0.010133     1.547535 
2458222.270059 0.000000 0.000000    -0.007882     1.547540 
2458223.201357 0.000000 0.000000    -0.005307     1.547544 
2458224.132654 0.000000 0.000000    -0.003250     1.547546 
2458225.063952 0.000000 0.000000    -0.001968     1.547547 
2458225.995250 0.000000 0.000000    -0.001262     1.547547 
2458226.926548 0.000000 0.000000    -0.000816     1.547547 
2458227.857846 0.000000 0.000000    -0.000478     1.547547 
2458228.789144 0.000000 0.000000    -0.000275     1.547547 
2458229.720442 0.000000 0.000000    -0.000257     1.547547 
2458230.651739 0.000000 0.000000    -0.000349     1.547547 
2458231.583037 0.000000 0.000000    -0.000383     1.547547 
2458232.514335 0.000000 0.000000    -0.000239     1.547547 
2458233.445633 0.000000 0.000000     0.000044     1.547547 
2458234.376931 0.000000 0.000000     0.000328     1.547547 
2458235.308229 0.000000 0.000000     0.000555     1.547547 
2458236.239527 0.000000 0.000000     0.000854     1.547547 
2458237.170824 0.000000 0.000000     0.001433     1.547546 
2458238.102122 0.000000 0.000000     0.002304     1.547545 
2458239.033420 0.000000 0.000000     0.003074     1.547542 
2458239.964718 0.000000 0.000000     0.003024     1.547539 
2458240.896016 0.000000 0.000000     0.001508     1.547536 
2458241.827314 0.000000 0.000000    -0.001567     1.547536 
2458242.758611 0.000000 0.000000    -0.005516     1.547537 
2458243.689909 0.000000 0.000000    -0.009120     1.547537 
2458244.621207 0.000000 0.000000    -0.011212     1.547538 
2458245.552505 0.000000 0.000000    -0.011254     1.547539 
2458246.483803 0.000000 0.000000    -0.009549     1.547542 
2458247.415101 0.000000 0.000000    -0.006991     1.547544 
2458248.346399 0.000000 0.000000    -0.004534     1.547546 
2458249.277696 0.000000 0.000000    -0.002745     1.547547 
2458250.208994 0.000000 0.000000    -0.001678     1.547547 
2458251.140292 0.000000 0.000000    -0.001075     1.547547 
2458252.071590 0.000000 0.000000    -0.000669     1.547547 
2458253.002888 0.000000 0.000000    -0.000359     1.547547 
2458253.934186 0.000000 0.000000    -0.000177     1.547547 
2458254.865484 0.000000 0.000000    -0.000147     1.547547 
2458255.796781 0.000000 0.000000    -0.000197     1.547547 
2458256.728079 0.000000 0.000000    -0.000203     1.547547 
2458257.659377 0.000000 0.000000    -0.000100     1.547547 
2458258.590675 0.000000 0.000000     0.000066     1.547547 
2458259.521973 0.000000 0.000000     0.000204     1.547547 
2458260.453271 0.000000 0.000000     0.000298     1.547547 
2458261.384568 0.000000 0.000000     0.000446     1.547547 
2458262.315866 0.000000 0.000000     0.000758     1.547547 
2458263.247164 0.000000 0.000000     0.001176     1.547546 
2458264.178462 0.000000 0.000000     0.001386     1.547545 
2458265.109760 0.000000 0.000000     0.000936     1.547544 
2458266.041058 0.000000 0.000000    -0.000472     1.547543 
2458266.972356 0.000000 0.000000    -0.002719     1.547543 
2458267.903653 0.000000 0.000000    -0.005226     1.547544 
2458268.834951 0.000000 0.000000    -0.007190     1.547544 
2458269.766249 0.000000 0.000000    -0.007988     1.547544 
2458270.697547 0.000000 0.000000    -0.007473     1.547545 
2458271.628845 0.000000 0.000000    -0.006005     1.547546 
2458272.560143 0.000000 0.000000    -0.004212     1.547546 
2458273.491441 0.000000 0.000000    -0.002652     1.547547 
2458274.422738 0.000000 0.000000    -0.001584     1.547547 
2458275.354036 0.000000 0.000000    -0.000964     1.547547 
2458276.285334 0.000000 0.000000    -0.000608     1.547547 
2458277.216632 0.000000 0.000000    -0.000365     1.547547 
2458278.147930 0.000000 0.000000    -0.000190     1.547547 
2458279.079228 0.000000 0.000000    -0.000103     1.547547 
2458280.010526 0.000000 0.000000    -0.000102     1.547547 
2458280.941823 0.000000 0.000000    -0.000132     1.547547 
2458281.873121 0.000000 0.000000    -0.000127     1.547547 
2458282.804419 0.000000 0.000000    -0.000063     1.547547 
2458283.735717 0.000000 0.000000     0.000021     1.547547 
2458284.667015 0.000000 0.000000     0.000079     1.547547 
2458285.598313 0.000000 0.000000     0.000112     1.547547 
2458286.529610 0.000000 0.000000     0.000175     1.547547 
2458287.460908 0.000000 0.000000     0.000308     1.547547 
2458288.392206 0.000000 0.000000     0.000452     1.547547 
2458289.323504 0.000000 0.000000     0.000431     1.547547 
2458290.254802 0.000000 0.000000     0.000041     1.547546 
2458291.186100 0.000000 0.000000    -0.000802     1.547546 
2458292.117398 0.000000 0.000000    -0.001962     1.547546 
2458293.048695 0.000000 0.000000    -0.003109     1.547546 
2458293.979993 0.000000 0.000000    -0.003867     1.547546 
2458294.911291 0.000000 0.000000    -0.004006     1.547547 
2458295.842589 0.000000 0.000000    -0.003545     1.547547 
2458296.773887 0.000000 0.000000    -0.002717     1.547547 
2458297.705185 0.000000 0.000000    -0.001831     1.547547 
2458298.636483 0.000000 0.000000    -0.001117     1.547547 
2458299.567780 0.000000 0.000000    -0.000652     1.547547 
2458300.499078 0.000000 0.000000    -0.000388     1.547547 
2458301.430376 0.000000 0.000000    -0.000237     1.547547 
2458302.361674 0.000000 0.000000    -0.000138     1.547547 
2458303.292972 0.000000 0.000000    -0.000079     1.547547 
2458304.224270 0.000000 0.000000    -0.000063     1.547547 
2458305.155567 0.000000 0.000000    -0.000078     1.547547 
2458306.086865 0.000000 0.000000    -0.000095     1.547547 
2458307.018163 0.000000 0.000000    -0.000087     1.547547 
2458307.949461 0.000000 0.000000    -0.000052     1.547547 
2458308.880759 0.000000 0.000000    -0.000014     1.547547 
2458309.812057 0.000000 0.000000     0.000010     1.547547 
2458310.743355 0.000000 0.000000     0.000024     1.547547 
2458311.674652 0.000000 0.000000     0.000048     1.547547 
2458312.605950 0.000000 0.000000     0.000092     1.547547 
2458313.537248 0.000000 0.000000     0.000126     1.547547 
2458314.468546 0.000000 0.000000     0.000083     1.547547 
2458315.399844 0.000000 0.000000    -0.000098     1.547547 
2458316.331142 0.000000 0.000000    -0.000422     1.547547 
2458317.262440 0.000000 0.000000    -0.000817     1.547547 
2458318.193737 0.000000 0.000000    -0.001161     1.547547 
2458319.125035 0.000000 0.000000    -0.001340     1.547547 
2458320.056333 0.000000 0.000000    -0.001304     1.547547 
2458320.987631 0.000000 0.000000    -0.001092     1.547547 
2458321.918929 0.000000 0.000000    -0.000794     1.547547 
2458322.850227 0.000000 0.000000    -0.000508     1.547547 
2458323.781524 0.000000 0.000000    -0.000293     1.547547 
2458324.712822 0.000000 0.000000    -0.000159     1.547547 
2458325.644120 0.000000 0.000000    -0.000086     1.547547 
2458326.575418 0.000000 0.000000    -0.000047     1.547547 
2458327.506716 0.000000 0.000000    -0.000029     1.547547 
2458328.438014 0.000000 0.000000    -0.000029     1.547547 
2458329.369312 0.000000 0.000000    -0.000041     1.547547 
2458330.300609 0.000000 0.000000    -0.000058     1.547547 
2458331.231907 0.000000 0.000000    -0.000065     1.547547 
2458332.163205 0.000000 0.000000    -0.000058     1.547547 
2458333.094503 0.000000 0.000000    -0.000040     1.547547 
2458334.025801 0.000000 0.000000    -0.000022     1.547547 
2458334.957099 0.000000 0.000000    -0.000008     1.547547 
2458335.888397 0.000000 0.000000     0.000002     1.547547 
2458336.819694 0.000000 0.000000     0.000015     1.547547 
2458337.750992 0.000000 0.000000     0.000032     1.547547 
2458338.682290 0.000000 0.000000     0.000047     1.547547 
2458339.613588 0.000000 0.000000     0.000047     1.547547 
2458340.544886 0.000000 0.000000     0.000025     1.547547 
2458341.476184 0.000000 0.000000    -0.000017     1.547547 
2458342.407482 0.000000 0.000000    -0.000066     1.547547 
2458343.338779 0.000000 0.000000    -0.000103     1.547547 
2458344.270077 0.000000 0.000000    -0.000116     1.547547 
2458345.201375 0.000000 0.000000    -0.000103     1.547547 
2458346.132673 0.000000 0.000000    -0.000074     1.547547 
2458347.063971 0.000000 0.000000    -0.000042     1.547547 
2458347.995269 0.000000 0.000000    -0.000016     1.547547 
2458348.926566 0.000000 0.000000     0.000002     1.547547 
2458349.857864 0.000000 0.000000     0.000012     1.547547 
2458350.789162 0.000000 0.000000     0.000016     1.547547 
2458351.720460 0.000000 0.000000     0.000013     1.547547 
2458352.651758 0.000000 0.000000     0.000003     1.547547 
2458353.583056 0.000000 0.000000    -0.000012     1.547547 
2458354.514354 0.000000 0.000000    -0.000028     1.547547 
2458355.445651 0.000000 0.000000    -0.000038     1.547547 
2458356.376949 0.000000 0.000000    -0.000041     1.547547 
2458357.308247 0.000000 0.000000    -0.000035     1.547547 
2458358.239545 0.000000 0.000000    -0.000025     1.547547 
2458359.170843 0.000000 0.000000    -0.000013     1.547547 
2458360.102141 0.000000 0.000000    -0.000002     1.547547 
2458361.033439 0.000000 0.000000     0.000008     1.547547 
2458361.964736 0.000000 0.000000     0.000020     1.547547 
2458362.896034 0.000000 0.000000     0.000037     1.547547 
2458363.827332 0.000000 0.000000     0.000060     1.547547 
2458364.758630 0.000000 0.000000     0.000090     1.547547 
2458365.689928 0.000000 0.000000     0.000126     1.547547 
2458366.621226 0.000000 0.000000     0.000160     1.547547 
2458367.552523 0.000000 0.000000     0.000185     1.547547 
2458368.483821 0.000000 0.000000     0.000194     1.547547 
2458369.415119 0.000000 0.000000     0.000185     1.547547 
2458370.346417 0.000000 0.000000     0.000159     1.547547 
2458371.277715 0.000000 0.000000     0.000124     1.547547 
2458372.209013 0.000000 0.000000     0.000089     1.547547 
2458373.140311 0.000000 0.000000     0.000061     1.547547 
2458374.071608 0.000000 0.000000     0.000042     1.547547 
2458375.002906 0.000000 0.000000     0.000031     1.547547 
2458375.934204 0.000000 0.000000     0.000023     1.547547 
2458376.865502 0.000000 0.000000     0.000014     1.547547 
2458377.796800 0.000000 0.000000     0.000004     1.547547 
2458378.728098 0.000000 0.000000    -0.000007     1.547547 
2458379.659396 0.000000 0.000000    -0.000017     1.547547 
2458380.590693 0.000000 0.000000    -0.000022     1.547547 
2458381.521991 0.000000 0.000000    -0.000023     1.547547 
2458382.453289 0.000000 0.000000    -0.000018     1.547547 
2458383.384587 0.000000 0.000000    -0.000011     1.547547 
2458384.315885 0.000000 0.000000    -0.000002     1.547547 
2458385.247183 0.000000 0.000000     0.000006     1.547547 
2458386.178481 0.000000 0.000000     0.000016     1.547547 
2458387.109778 0.000000 0.000000     0.000030     1.547547 
2458388.041076 0.000000 0.000000     0.000049     1.547547 
2458388.972374 0.000000 0.000000     0.000076     1.547547 
2458389.903672 0.000000 0.000000     0.000105     1.547547 
2458390.834970 0.000000 0.000000     0.000131     1.547547 
2458391.766268 0.000000 0.000000     0.000144     1.547547 
2458392.697565 0.000000 0.000000     0.000142     1.547547 
2458393.628863 0.000000 0.000000     0.000123     1.547547 
2458394.560161 0.000000 0.000000     0.000095     1.547547 
2458395.491459 0.000000 0.000000     0.000065     1.547547 
2458396.422757 0.000000 0.000000     0.000041     1.547547 
2458397.354055 0.000000 0.000000     0.000025     1.547547 
2458398.285353 0.000000 0.000000     0.000016     1.547547 
2458399.216650 0.000000 0.000000     0.000012     1.547547 
2458400.147948 0.000000 0.000000     0.000009     1.547547 
2458401.079246 0.000000 0.000000     0.000006     1.547547 
2458402.010544 0.000000 0.000000     0.000003     1.547547 
2458402.941842 0.000000 0.000000    -0.000001     1.547547 
2458403.873140 0.000000 0.000000    -0.000005     1.547547 
2458404.804438 0.000000 0.000000    -0.000009     1.547547 
2458405.735735 0.000000 0.000000    -0.000012     1.547547 
2458406.667033 0.000000 0.000000    -0.000011     1.547547 
2458407.598331 0.000000 0.000000    -0.000008     1.547547 
2458408.529629 0.000000 0.000000    -0.000002     1.547547 
2458409.460927 0.000000 0.000000     0.000004     1.547547 
2458410.392225 0.000000 0.000000     0.000010     1.547547 
2458411.323522 0.000000 0.000000     0.000018     1.547547 
2458412.254820 0.000000 0.000000     0.000031     1.547547 
2458413.186118 0.000000 0.000000     0.000049     1.547547 
2458414.117416 0.000000 0.000000     0.000068     1.547547 
2458415.048714 0.000000 0.000000     0.000081     1.547547 
2458415.980012 0.000000 0.000000     0.000078     1.547547 
2458416.911310 0.000000 0.000000     0.000058     1.547547 
2458417.842607 0.000000 0.000000     0.000023     1.547547 
2458418.773905 0.000000 0.000000    -0.000013     1.547547 
2458419.705203 0.000000 0.000000    -0.000041     1.547547 
2458420.636501 0.000000 0.000000    -0.000053     1.547547 
2458421.567799 0.000000 0.000000    -0.000050     1.547547 
2458422.499097 0.000000 0.000000    -0.000037     1.547547 
2458423.430395 0.000000 0.000000    -0.000024     1.547547 
2458424.361692 0.000000 0.000000    -0.000014     1.547547 
2458425.292990 0.000000 0.000000    -0.000008     1.547547 
2458426.224288 0.000000 0.000000    -0.000006     1.547547 
2458427.155586 0.000000 0.000000    -0.000004     1.547547 
2458428.086884 0.000000 0.000000    -0.000003     1.547547 
2458429.018182 0.000000 0.000000    -0.000003     1.547547 
2458429.949479 0.000000 0.000000    -0.000005     1.547547 
2458430.880777 0.000000 0.000000    -0.000006     1.547547 
2458431.812075 0.000000 0.000000    -0.000005     1.547547 
2458432.743373 0.000000 0.000000    -0.000002     1.547547 
2458433.674671 0.000000 0.000000     0.000002     1.547547 
2458434.605969 0.000000 0.000000     0.000005     1.547547 
2458435.537267 0.000000 0.000000     0.000009     1.547547 
2458436.468564 0.000000 0.000000     0.000015     1.547547 
2458437.399862 0.000000 0.000000     0.000025     1.547547 
2458438.331160 0.000000 0.000000     0.000037     1.547547 
2458439.262458 0.000000 0.000000     0.000046     1.547547 
2458440.193756 0.000000 0.000000     0.000042     1.547547 
2458441.125054 0.000000 0.000000     0.000022     1.547547 
2458442.056352 0.000000 0.000000    -0.000013     1.547547 
2458442.987649 0.000000 0.000000    -0.000054     1.547547 
2458443.918947 0.000000 0.000000    -0.000087     1.547547 
2458444.850245 0.000000 0.000000    -0.000102     1.547547 
2458445.781543 0.000000 0.000000    -0.000097     1.547547 
2458446.712841 0.000000 0.000000    -0.000078     1.547547 
2458447.644139 0.000000 0.000000    -0.000054     1.547547 
2458448.575437 0.000000 0.000000    -0.000034     1.547547 
2458449.506734 0.000000 0.000000    -0.000020     1.547547 
2458450.438032 0.000000 0.000000    -0.000013     1.547547 
2458451.369330 0.000000 0.000000    -0.000008     1.547547 
2458452.300628 0.000000 0.000000    -0.000005     1.547547 
2458453.231926 0.000000 0.000000    -0.000003     1.547547 
2458454.163224 0.000000 0.000000    -0.000002     1.547547 
2458455.094521 0.000000 0.000000    -0.000002     1.547547 
2458456.025819 0.000000 0.000000    -0.000003     1.547547 
2458456.957117 0.000000 0.000000    -0.000002     1.547547 
2458457.888415 0.000000 0.000000    -0.000000     1.547547 
2458458.819713 0.000000 0.000000     0.000002     1.547547 
2458459.751011 0.000000 0.000000     0.000004     1.547547 
2458460.682309 0.000000 0.000000     0.000006     1.547547 
2458461.613606 0.000000 0.000000     0.000009     1.547547 
2458462.544904 0.000000 0.000000     0.000015     1.547547 
2458463.476202 0.000000 0.000000     0.000021     1.547547 
2458464.407500 0.000000 0.000000     0.000022     1.547547 
2458465.338798 0.000000 0.000000     0.000013     1.547547 
2458466.270096 0.000000 0.000000    -0.000010     1.547547 
2458467.201394 0.000000 0.000000    -0.000041     1.547547 
2458468.132691 0.000000 0.000000    -0.000071     1.547547 
2458469.063989 0.000000 0.000000    -0.000090     1.547547 
2458469.995287 0.000000 0.000000    -0.000094     1.547547 
2458470.926585 0.000000 0.000000    -0.000082     1.547547 
2458471.857883 0.000000 0.000000    -0.000062     1.547547 
2458472.789181 0.000000 0.000000    -0.000041     1.547547 
2458473.720478 0.000000 0.000000    -0.000025     1.547547 
2458474.651776 0.000000 0.000000    -0.000015     1.547547 
2458475.583074 0.000000 0.000000    -0.000010     1.547547 
2458476.514372 0.000000 0.000000    -0.000006     1.547547 
2458477.445670 0.000000 0.000000    -0.000003     1.547547 
2458478.376968 0.000000 0.000000    -0.000002     1.547547 
2458479.308266 0.000000 0.000000    -0.000001     1.547547 
2458480.239563 0.000000 0.000000    -0.000001     1.547547 
2458481.170861 0.000000 0.000000    -0.000002     1.547547 
2458482.102159 0.000000 0.000000    -0.000001     1.547547 
2458483.033457 0.000000 0.000000     0.000000     1.547547 
2458483.964755 0.000000 0.000000     0.000001     1.547547 
2458484.896053 0.000000 0.000000     0.000002     1.547547 
2458485.827351 0.000000 0.000000     0.000003     1.547547 
2458486.758648 0.000000 0.000000     0.000005     1.547547 
2458487.689946 0.000000 0.000000     0.000007     1.547547 
2458488.621244 0.000000 0.000000     0.000009     1.547547 
2458489.552542 0.000000 0.000000     0.000007     1.547547 
2458490.483840 0.000000 0.000000    -0.000002     1.547547 
2458491.415138 0.000000 0.000000    -0.000017     1.547547 
2458492.346435 0.000000 0.000000    -0.000036     1.547547 
2458493.277733 0.000000 0.000000    -0.000052     1.547547 
2458494.209031 0.000000 0.000000    -0.000060     1.547547 
2458495.140329 0.000000 0.000000    -0.000058     1.547547 
2458496.071627 0.000000 0.000000    -0.000048     1.547547 
2458497.002925 0.000000 0.000000    -0.000035     1.547547 
2458497.934223 0.000000 0.000000    -0.000022     1.547547 
2458498.865520 0.000000 0.000000    -0.000013     1.547547 
2458499.796818 0.000000 0.000000    -0.000008     1.547547 
2458500.728116 0.000000 0.000000    -0.000005     1.547547 
2458501.659414 0.000000 0.000000    -0.000003     1.547547 
2458502.590712 0.000000 0.000000    -0.000002     1.547547 
2458503.522010 0.000000 0.000000    -0.000001     1.547547 
2458504.453308 0.000000 0.000000    -0.000001     1.547547 
2458505.384605 0.000000 0.000000    -0.000001     1.547547 
2458506.315903 0.000000 0.000000    -0.000001     1.547547 
2458507.247201 0.000000 0.000000    -0.000001     1.547547 
2458508.178499 0.000000 0.000000    -0.000000     1.547547 
2458509.109797 0.000000 0.000000     0.000000     1.547547 
2458510.041095 0.000000 0.000000     0.000001     1.547547 
2458510.972393 0.000000 0.000000     0.000001     1.547547 
2458511.903690 0.000000 0.000000     0.000002     1.547547 
2458512.834988 0.000000 0.000000     0.000003     1.547547 
2458513.766286 0.000000 0.000000     0.000003     1.547547 
2458514.697584 0.000000 0.000000     0.000001     1.547547 
2458515.628882 0.000000 0.000000    -0.000004     1.547547 
2458516.560180 0.000000 0.000000    -0.000012     1.547547 
2458517.491477 0.000000 0.000000    -0.000020     1.547547 
2458518.422775 0.000000 0.000000    -0.000026     1.547547 
2458519.354073 0.000000 0.000000    -0.000028     1.547547 
2458520.285371 0.000000 0.000000    -0.000025     1.547547 
2458521.216669 0.000000 0.000000    -0.000020     1.547547 
2458522.147967 0.000000 0.000000    -0.000014     1.547547 
2458523.079265 0.000000 0.000000    -0.000009     1.547547 
2458524.010562 0.000000 0.000000    -0.000005     1.547547 
2458524.941860 0.000000 0.000000    -0.000003     1.547547 
2458525.873158 0.000000 0.000000    -0.000002     1.547547 
2458526.804456 0.000000 0.000000    -0.000001     1.547547 
2458527.735754 0.000000 0.000000    -0.000001     1.547547 
2458528.667052 0.000000 0.000000    -0.000000     1.547547 
2458529.598350 0.000000 0.000000    -0.000001     1.547547 
2458530.529647 0.000000 0.000000    -0.000001     1.547547 
2458531.460945 0.000000 0.000000    -0.000001     1.547547 
2458532.392243 0.000000 0.000000    -0.000001     1.547547 
2458533.323541 0.000000 0.000000    -0.000000     1.547547 
2458534.254839 0.000000 0.000000    -0.000000     1.547547 
2458535.186137 0.000000 0.000000     0.000000     1.547547 
2458536.117434 0.000000 0.000000     0.000000     1.547547 
2458537.048732 0.000000 0.000000     0.000000     1.547547 
2458537.980030 0.000000 0.000000     0.000001     1.547547 
2458538.911328 0.000000 0.000000     0.000001     1.547547 
2458539.842626 0.000000 0.000000    -0.000000     1.547547 
2458540.773924 0.000000 0.000000    -0.000002     1.547547 
2458541.705222 0.000000 0.000000    -0.000004     1.547547 
2458542.636519 0.000000 0.000000    -0.000006     1.547547 
2458543.567817 0.000000 0.000000    -0.000008     1.547547 
2458544.499115 0.000000 0.000000    -0.000008     1.547547 
2458545.430413 0.000000 0.000000    -0.000007     1.547547 
2458546.361711 0.000000 0.000000    -0.000005     1.547547 
2458547.293009 0.000000 0.000000    -0.000003     1.547547 
2458548.224307 0.000000 0.000000    -0.000002     1.547547 
2458549.155604 0.000000 0.000000    -0.000001     1.547547 
2458550.086902 0.000000 0.000000    -0.000000     1.547547 
2458551.018200 0.000000 0.000000    -0.000000     1.547547 
2458551.949498 0.000000 0.000000    -0.000000     1.547547 
2458552.880796 0.000000 0.000000    -0.000000     1.547547 
2458553.812094 0.000000 0.000000    -0.000000     1.547547 
2458554.743391 0.000000 0.000000    -0.000000     1.547547 
2458555.674689 0.000000 0.000000    -0.000001     1.547547 
2458556.605987 0.000000 0.000000    -0.000000     1.547547 
2458557.537285 0.000000 0.000000    -0.000000     1.547547 
2458558.468583 0.000000 0.000000    -0.000000     1.547547 
2458559.399881 0.000000 0.000000    -0.000000     1.547547 
2458560.331179 0.000000 0.000000    -0.000000     1.547547 
2458561.262476 0.000000 0.000000     0.000000     1.547547 
2458562.193774 0.000000 0.000000     0.000000     1.547547 
2458563.125072 0.000000 0.000000     0.000000     1.547547 
2458564.056370 0.000000 0.000000     0.000000     1.547547 
2458564.987668 0.000000 0.000000     0.000001     1.547547 
2458565.918966 0.000000 0.000000     0.000000     1.547547 
2458566.850264 0.000000 0.000000     0.000000     1.547547 
2458567.781561 0.000000 0.000000     0.000000     1.547547 
2458568.712859 0.000000 0.000000     0.000000     1.547547 
2458569.644157 0.000000 0.000000     0.000000     1.547547 
2458570.575455 0.000000 0.000000     0.000000     1.547547 
2458571.506753 0.000000 0.000000     0.000000     1.547547 
2458572.438051 0.000000 0.000000     0.000000     1.547547 
2458573.369349 0.000000 0.000000     0.000000     1.547547 
2458574.300646 0.000000 0.000000     0.000000     1.547547 
2458575.231944 0.000000 0.000000     0.000000     1.547547 
2458576.163242 0.000000 0.000000     0.000000     1.547547 
2458577.094540 0.000000 0.000000     0.000000     1.547547 
2458578.025838 0.000000 0.000000    -0.000000     1.547547 
2458578.957136 0.000000 0.000000    -0.000000     1.547547 
2458579.888433 0.000000 0.000000    -0.000000     1.547547 
2458580.819731 0.000000 0.000000    -0.000000     1.547547 
2458581.751029 0.000000 0.000000    -0.000000     1.547547 
2458582.682327 0.000000 0.000000    -0.000000     1.547547 
2458583.613625 0.000000 0.000000    -0.000000     1.547547 
2458584.544923 0.000000 0.000000    -0.000000     1.547547 
2458585.476221 0.000000 0.000000     0.000000     1.547547 
2458586.407518 0.000000 0.000000     0.000000     1.547547 
2458587.338816 0.000000 0.000000     0.000000     1.547547 
2458588.270114 0.000000 0.000000     0.000001     1.547547 
2458589.201412 0.000000 0.000000     0.000001     1.547547 
2458590.132710 0.000000 0.000000     0.000001     1.547547 
2458591.064008 0.000000 0.000000     0.000001     1.547547 
2458591.995306 0.000000 0.000000     0.000002     1.547547 
2458592.926603 0.000000 0.000000     0.000002     1.547547 
2458593.857901 0.000000 0.000000     0.000002     1.547547 
2458594.789199 0.000000 0.000000     0.000001     1.547547 
2458595.720497 0.000000 0.000000     0.000001     1.547547 
2458596.651795 0.000000 0.000000     0.000001     1.547547 
2458597.583093 0.000000 0.000000     0.000001     1.547547 
2458598.514390 0.000000 0.000000     0.000000     1.547547 
2458599.445688 0.000000 0.000000     0.000000     1.547547 
2458600.376986 0.000000 0.000000     0.000000     1.547547 
2458601.308284 0.000000 0.000000     0.000000     1.547547 
2458602.239582 0.000000 0.000000     0.000000     1.547547 
2458603.170880 0.000000 0.000000    -0.000000     1.547547 
2458604.102178 0.000000 0.000000    -0.000000     1.547547 
2458605.033475 0.000000 0.000000    -0.000000     1.547547 
2458605.964773 0.000000 0.000000    -0.000000     1.547547 
2458606.896071 0.000000 0.000000    -0.000000     1.547547 
2458607.827369 0.000000 0.000000    -0.000000     1.547547 
2458608.758667 0.000000 0.000000    -0.000000     1.547547 
2458609.689965 0.000000 0.000000     0.000000     1.547547 
2458610.621263 0.000000 0.000000     0.000000     1.547547 
2458611.552560 0.000000 0.000000     0.000000     1.547547 
2458612.483858 0.000000 0.000000     0.000000     1.547547 
2458613.415156 0.000000 0.000000     0.000001     1.547547 
2458614.346454 0.000000 0.000000     0.000001     1.547547 
2458615.277752 0.000000 0.000000     0.000001     1.547547 
2458616.209050 0.000000 0.000000     0.000001     1.547547 
2458617.140347 0.000000 0.000000     0.000001     1.547547 
2458618.071645 0.000000 0.000000     0.000001     1.547547 
2458619.002943 0.000000 0.000000     0.000001     1.547547 
2458619.934241 0.000000 0.000000     0.000000     1.547547 
2458620.865539 0.000000 0.000000     0.000000     1.547547 
2458621.796837 0.000000 0.000000     0.000000     1.547547 
2458622.728135 0.000000 0.000000     0.000000     1.547547 
2458623.659432 0.000000 0.000000     0.000000     1.547547 
2458624.590730 0.000000 0.000000     0.000000     1.547547 
2458625.522028 0.000000 0.000000     0.000000     1.547547 
2458626.453326 0.000000 0.000000     0.000000     1.547547 
2458627.384624 0.000000 0.000000    -0.000000     1.547547 
2458628.315922 0.000000 0.000000    -0.000000     1.547547 
2458629.247220 0.000000 0.000000    -0.000000     1.547547 
2458630.178517 0.000000 0.000000    -0.000000     1.547547 
2458631.109815 0.000000 0.000000    -0.000000     1.547547 
2458632.041113 0.000000 0.000000    -0.000000     1.547547 
2458632.972411 0.000000 0.000000    -0.000000     1.547547 
2458633.903709 0.000000 0.000000     0.000000     1.547547 
2458634.835007 0.000000 0.000000     0.000000     1.547547 
2458635.766305 0.000000 0.000000     0.000000     1.547547 
2458636.697602 0.000000 0.000000     0.000000     1.547547 
2458637.628900 0.000000 0.000000     0.000000     1.547547 
2458638.560198 0.000000 0.000000     0.000001     1.547547 
2458639.491496 0.000000 0.000000     0.000001     1.547547 
2458640.422794 0.000000 0.000000     0.000001     1.547547 
2458641.354092 0.000000 0.000000     0.000000     1.547547 
2458642.285389 0.000000 0.000000     0.000000     1.547547 
2458643.216687 0.000000 0.000000    -0.000000     1.547547 
2458644.147985 0.000000 0.000000    -0.000001     1.547547 
2458645.079283 0.000000 0.000000    -0.000001     1.547547 
2458646.010581 0.000000 0.000000    -0.000001     1.547547 
2458646.941879 0.000000 0.000000    -0.000000     1.547547 
2458647.873177 0.000000 0.000000    -0.000000     1.547547 
2458648.804474 0.000000 0.000000    -0.000000     1.547547 
2458649.735772 0.000000 0.000000    -0.000000     1.547547 
2458650.667070 0.000000 0.000000    -0.000000     1.547547 
2458651.598368 0.000000 0.000000    -0.000000     1.547547 
2458652.529666 0.000000 0.000000    -0.000000     1.547547 
2458653.460964 0.000000 0.000000    -0.000000     1.547547 
2458654.392262 0.000000 0.000000    -0.000000     1.547547 
2458655.323559 0.000000 0.000000    -0.000000     1.547547 
2458656.254857 0.000000 0.000000    -0.000000     1.547547 
2458657.186155 0.000000 0.000000    -0.000000     1.547547 
2458658.117453 0.000000 0.000000     0.000000     1.547547 
2458659.048751 0.000000 0.000000     0.000000     1.547547 
2458659.980049 0.000000 0.000000     0.000000     1.547547 
2458660.911346 0.000000 0.000000     0.000000     1.547547 
2458661.842644 0.000000 0.000000     0.000000     1.547547 
2458662.773942 0.000000 0.000000     0.000000     1.547547 
2458663.705240 0.000000 0.000000     0.000000     1.547547 
2458664.636538 0.000000 0.000000     0.000000     1.547547 
2458665.567836 0.000000 0.000000     0.000000     1.547547 
2458666.499134 0.000000 0.000000    -0.000000     1.547547 
2458667.430431 0.000000 0.000000    -0.000000     1.547547 
2458668.361729 0.000000 0.000000    -0.000001     1.547547 
2458669.293027 0.000000 0.000000    -0.000001     1.547547 
2458670.224325 0.000000 0.000000    -0.000001     1.547547 
2458671.155623 0.000000 0.000000    -0.000001     1.547547 
2458672.086921 0.000000 0.000000    -0.000001     1.547547 
2458673.018219 0.000000 0.000000    -0.000000     1.547547 
2458673.949516 0.000000 0.000000    -0.000000     1.547547 
2458674.880814 0.000000 0.000000    -0.000000     1.547547 
2458675.812112 0.000000 0.000000    -0.000000     1.547547 
2458676.743410 0.000000 0.000000    -0.000000     1.547547 
2458677.674708 0.000000 0.000000    -0.000000     1.547547 
2458678.606006 0.000000 0.000000    -0.000000     1.547547 
2458679.537304 0.000000 0.000000    -0.000000     1.547547 
2458680.468601 0.000000 0.000000    -0.000000     1.547547 
2458681.399899 0.000000 0.000000    -0.000000     1.547547 
2458682.331197 0.000000 0.000000    -0.000000     1.547547 
2458683.262495 0.000000 0.000000     0.000000     1.547547 
2458684.193793 0.000000 0.000000     0.000000     1.547547 
2458685.125091 0.000000 0.000000     0.000000     1.547547 
2458686.056388 0.000000 0.000000     0.000000     1.547547 
2458686.987686 0.000000 0.000000     0.000000     1.547547 
2458687.918984 0.000000 0.000000     0.000000     1.547547 
2458688.850282 0.000000 0.000000     0.000000     1.547547 
2458689.781580 0.000000 0.000000     0.000000     1.547547 
2458690.712878 0.000000 0.000000    -0.000000     1.547547 
2458691.644176 0.000000 0.000000    -0.000000     1.547547 
2458692.575473 0.000000 0.000000    -0.000001     1.547547 
2458693.506771 0.000000 0.000000    -0.000001     1.547547 
2458694.438069 0.000000 0.000000    -0.000001     1.547547 
2458695.369367 0.000000 0.000000    -0.000001     1.547547 
2458696.300665 0.000000 0.000000    -0.000001     1.547547 
2458697.231963 0.000000 0.000000    -0.000000     1.547547 
2458698.163261 0.000000 0.000000    -0.000000     1.547547 
2458699.094558 0.000000 0.000000    -0.000000     1.547547 
2458700.025856 0.000000 0.000000    -0.000000     1.547547 
2458700.957154 0.000000 0.000000    -0.000000     1.547547 
2458701.888452 0.000000 0.000000    -0.000000     1.547547 
2458702.819750 0.000000 0.000000    -0.000000     1.547547 
2458703.751048 0.000000 0.000000    -0.000000     1.547547 
2458704.682345 0.000000 0.000000    -0.000000     1.547547 
2458705.613643 0.000000 0.000000    -0.000000     1.547547 
2458706.544941 0.000000 0.000000    -0.000000     1.547547 
2458707.476239 0.000000 0.000000    -0.000000     1.547547 
2458708.407537 0.000000 0.000000     0.000000     1.547547 
2458709.338835 0.000000 0.000000     0.000000     1.547547 
2458710.270133 0.000000 0.000000     0.000000     1.547547 
2458711.201430 0.000000 0.000000     0.000000     1.547547 
2458712.132728 0.000000 0.000000     0.000000     1.547547 
2458713.064026 0.000000 0.000000     0.000000     1.547547 
2458713.995324 0.000000 0.000000     0.000000     1.547547 
2458714.926622 0.000000 0.000000    -0.000000     1.547547 
2458715.857920 0.000000 0.000000    -0.000000     1.547547 
2458716.789218 0.000000 0.000000    -0.000000     1.547547 
2458717.720515 0.000000 0.000000    -0.000000     1.547547 
2458718.651813 0.000000 0.000000    -0.000000     1.547547 
2458719.583111 0.000000 0.000000    -0.000000     1.547547 
2458720.514409 0.000000 0.000000    -0.000000     1.547547 
2458721.445707 0.000000 0.000000    -0.000000     1.547547 
2458722.377005 0.000000 0.000000    -0.000000     1.547547 
2458723.308302 0.000000 0.000000    -0.000000     1.547547 
2458724.239600 0.000000 0.000000    -0.000000     1.547547 
2458725.170898 0.000000 0.000000    -0.000000     1.547547 
2458726.102196 0.000000 0.000000    -0.000000     1.547547 
2458727.033494 0.000000 0.000000    -0.000000     1.547547 
2458727.964792 0.000000 0.000000    -0.000000     1.547547 
2458728.896090 0.000000 0.000000    -0.000000     1.547547 
2458729.827387 0.000000 0.000000    -0.000000     1.547547 
2458730.758685 0.000000 0.000000    -0.000000     1.547547 
2458731.689983 0.000000 0.000000    -0.000000     1.547547 
2458732.621281 0.000000 0.000000    -0.000000     1.547547 
2458733.552579 0.000000 0.000000     0.000000     1.547547 
2458734.483877 0.000000 0.000000     0.000000     1.547547 
2458735.415175 0.000000 0.000000     0.000000     1.547547 
2458736.346472 0.000000 0.000000     0.000000     1.547547 
2458737.277770 0.000000 0.000000     0.000000     1.547547 
2458738.209068 0.000000 0.000000     0.000000     1.547547 
2458739.140366 0.000000 0.000000     0.000000     1.547547 
2458740.071664 0.000000 0.000000    -0.000000     1.547547 
2458741.002962 0.000000 0.000000    -0.000000     1.547547 
2458741.934260 0.000000 0.000000    -0.000000     1.547547 
2458742.865557 0.000000 0.000000    -0.000000     1.547547 
2458743.796855 0.000000 0.000000    -0.000000     1.547547 
2458744.728153 0.000000 0.000000    -0.000000     1.547547 
2458745.659451 0.000000 0.000000    -0.000000     1.547547 
2458746.590749 0.000000 0.000000    -0.000000     1.547547 
2458747.522047 0.000000 0.000000    -0.000000     1.547547 
2458748.453344 0.000000 0.000000    -0.000000     1.547547 
2458749.384642 0.000000 0.000000    -0.000000     1.547547 
2458750.315940 0.000000 0.000000    -0.000000     1.547547 
2458751.247238 0.000000 0.000000    -0.000000     1.547547 
2458752.178536 0.000000 0.000000    -0.000000     1.547547 
2458753.109834 0.000000 0.000000    -0.000000     1.547547 
2458754.041132 0.000000 0.000000    -0.000000     1.547547 
2458754.972429 0.000000 0.000000    -0.000000     1.547547 
2458755.903727 0.000000 0.000000    -0.000000     1.547547 
2458756.835025 0.000000 0.000000    -0.000000     1.547547 
2458757.766323 0.000000 0.000000    -0.000000     1.547547 
2458758.697621 0.000000 0.000000    -0.000000     1.547547 
2458759.628919 0.000000 0.000000     0.000000     1.547547 
2458760.560217 0.000000 0.000000     0.000000     1.547547 
2458761.491514 0.000000 0.000000     0.000000     1.547547 
2458762.422812 0.000000 0.000000     0.000000     1.547547 
2458763.354110 0.000000 0.000000     0.000000     1.547547 
2458764.285408 0.000000 0.000000     0.000000     1.547547 
2458765.216706 0.000000 0.000000    -0.000000     1.547547 
2458766.148004 0.000000 0.000000    -0.000000     1.547547 
2458767.079301 0.000000 0.000000    -0.000000     1.547547 
2458768.010599 0.000000 0.000000    -0.000000     1.547547 
2458768.941897 0.000000 0.000000    -0.000000     1.547547 
2458769.873195 0.000000 0.000000    -0.000000     1.547547 
2458770.804493 0.000000 0.000000    -0.000000     1.547547 
2458771.735791 0.000000 0.000000    -0.000000     1.547547 
2458772.667089 0.000000 0.000000    -0.000000     1.547547 
2458773.598386 0.000000 0.000000    -0.000000     1.547547 
2458774.529684 0.000000 0.000000    -0.000000     1.547547 
2458775.460982 0.000000 0.000000    -0.000000     1.547547 
2458776.392280 0.000000 0.000000    -0.000000     1.547547 
2458777.323578 0.000000 0.000000    -0.000000     1.547547 
2458778.254876 0.000000 0.000000    -0.000000     1.547547 
2458779.186174 0.000000 0.000000    -0.000000     1.547547 
2458780.117471 0.000000 0.000000    -0.000000     1.547547 
2458781.048769 0.000000 0.000000    -0.000000     1.547547 
2458781.980067 0.000000 0.000000    -0.000000     1.547547 
2458782.911365 0.000000 0.000000    -0.000000     1.547547 
2458783.842663 0.000000 0.000000    -0.000000     1.547547 
2458784.773961 0.000000 0.000000    -0.000000     1.547547 
2458785.705258 0.000000 0.000000     0.000000     1.547547 
2458786.636556 0.000000 0.000000     0.000000     1.547547 
2458787.567854 0.000000 0.000000     0.000000     1.547547 
2458788.499152 0.000000 0.000000     0.000000     1.547547 
2458789.430450 0.000000 0.000000     0.000000     1.547547 
2458790.361748 0.000000 0.000000     0.000000     1.547547 
2458791.293046 0.000000 0.000000     0.000000     1.547547 
2458792.224343 0.000000 0.000000     0.000000     1.547547 
2458793.155641 0.000000 0.000000     0.000000     1.547547 
2458794.086939 0.000000 0.000000     0.000000     1.547547 
2458795.018237 0.000000 0.000000     0.000000     1.547547 
2458795.949535 0.000000 0.000000     0.000000     1.547547 
2458796.880833 0.000000 0.000000     0.000000     1.547547 
2458797.812131 0.000000 0.000000     0.000000     1.547547 
2458798.743428 0.000000 0.000000     0.000000     1.547547 
2458799.674726 0.000000 0.000000     0.000000     1.547547 
2458800.606024 0.000000 0.000000     0.000000     1.547547 
2458801.537322 0.000000 0.000000     0.000000     1.547547 
2458802.468620 0.000000 0.000000    -0.000000     1.547547 
2458803.399918 0.000000 0.000000    -0.000000     1.547547 
2458804.331216 0.000000 0.000000    -0.000000     1.547547 
2458805.262513 0.000000 0.000000    -0.000000     1.547547 
2458806.193811 0.000000 0.000000    -0.000000     1.547547 
2458807.125109 0.000000 0.000000    -0.000000     1.547547 
2458808.056407 0.000000 0.000000    -0.000000     1.547547 
2458808.987705 0.000000 0.000000    -0.000000     1.547547 
2458809.919003 0.000000 0.000000     0.000000     1.547547 
2458810.850300 0.000000 0.000000     0.000000     1.547547 
2458811.781598 0.000000 0.000000     0.000000     1.547547 
2458812.712896 0.000000 0.000000     0.000000     1.547547 
2458813.644194 0.000000 0.000000     0.000000     1.547547 
2458814.575492 0.000000 0.000000     0.000000     1.547547 
2458815.506790 0.000000 0.000000     0.000000     1.547547 
2458816.438088 0.000000 0.000000     0.000000     1.547547 
2458817.369385 0.000000 0.000000     0.000000     1.547547 
2458818.300683 0.000000 0.000000     0.000000     1.547547 
2458819.231981 0.000000 0.000000     0.000000     1.547547 
2458820.163279 0.000000 0.000000     0.000000     1.547547 
2458821.094577 0.000000 0.000000     0.000000     1.547547 
2458822.025875 0.000000 0.000000     0.000000     1.547547 
2458822.957173 0.000000 0.000000     0.000000     1.547547 
2458823.888470 0.000000 0.000000     0.000000     1.547547 
2458824.819768 0.000000 0.000000     0.000000     1.547547 
2458825.751066 0.000000 0.000000     0.000000     1.547547 
2458826.682364 0.000000 0.000000     0.000000     1.547547 
2458827.613662 0.000000 0.000000    -0.000000     1.547547 
2458828.544960 0.000000 0.000000    -0.000000     1.547547 
2458829.476257 0.000000 0.000000    -0.000000     1.547547 
2458830.407555 0.000000 0.000000    -0.000000     1.547547 
2458831.338853 0.000000 0.000000    -0.000000     1.547547 
2458832.270151 0.000000 0.000000    -0.000000     1.547547 
2458833.201449 0.000000 0.000000    -0.000000     1.547547 
2458834.132747 0.000000 0.000000     0.000000     1.547547 
2458835.064045 0.000000 0.000000     0.000000     1.547547 
2458835.995342 0.000000 0.000000     0.000000     1.547547 
2458836.926640 0.000000 0.000000     0.000000     1.547547 
2458837.857938 0.000000 0.000000     0.000000     1.547547 
2458838.789236 0.000000 0.000000     0.000000     1.547547 
2458839.720534 0.000000 0.000000     0.000000     1.547547 
2458840.651832 0.000000 0.000000     0.000000     1.547547 
2458841.583130 0.000000 0.000000     0.000000     1.547547 
2458842.514427 0.000000 0.000000     0.000000     1.547547 
2458843.445725 0.000000 0.000000     0.000000     1.547547 
2458844.377023 0.000000 0.000000     0.000000     1.547547 
2458845.308321 0.000000 0.000000    -0.000000     1.547547 
2458846.239619 0.000000 0.000000    -0.000000     1.547547 
2458847.170917 0.000000 0.000000    -0.000000     1.547547 
2458848.102214 0.000000 0.000000    -0.000000     1.547547 
2458849.033512 0.000000 0.000000    -0.000000     1.547547 
2458849.964810 0.000000 0.000000    -0.000000     1.547547 
2458850.896108 0.000000 0.000000    -0.000000     1.547547 
2458851.827406 0.000000 0.000000    -0.000000     1.547547 
2458852.758704 0.000000 0.000000    -0.000000     1.547547 
2458853.690002 0.000000 0.000000    -0.000000     1.547547 
2458854.621299 0.000000 0.000000    -0.000000     1.547547 
2458855.552597 0.000000 0.000000    -0.000000     1.547547 
2458856.483895 0.000000 0.000000    -0.000000     1.547547 
2458857.415193 0.000000 0.000000    -0.000000     1.547547 
2458858.346491 0.000000 0.000000     0.000000     1.547547 
2458859.277789 0.000000 0.000000     0.000000     1.547547 
2458860.209087 0.000000 0.000000     0.000000     1.547547 
2458861.140384 0.000000 0.000000     0.000000     1.547547 
2458862.071682 0.000000 0.000000     0.000000     1.547547 
2458863.002980 0.000000 0.000000     0.000000     1.547547 
2458863.934278 0.000000 0.000000     0.000000     1.547547 
2458864.865576 0.000000 0.000000     0.000000     1.547547 
2458865.796874 0.000000 0.000000     0.000000     1.547547 
2458866.728172 0.000000 0.000000     0.000000     1.547547 
2458867.659469 0.000000 0.000000    -0.000000     1.547547 
2458868.590767 0.000000 0.000000    -0.000000     1.547547 
2458869.522065 0.000000 0.000000    -0.000000     1.547547 
2458870.453363 0.000000 0.000000    -0.000000     1.547547 
2458871.384661 0.000000 0.000000    -0.000000     1.547547 
2458872.315959 0.000000 0.000000    -0.000000     1.547547 
2458873.247256 0.000000 0.000000    -0.000000     1.547547 
2458874.178554 0.000000 0.000000    -0.000000     1.547547 
2458875.109852 0.000000 0.000000    -0.000000     1.547547 
2458876.041150 0.000000 0.000000    -0.000000     1.547547 
2458876.972448 0.000000 0.000000    -0.000000     1.547547 
2458877.903746 0.000000 0.000000    -0.000000     1.547547 
2458878.835044 0.000000 0.000000    -0.000000     1.547547 
2458879.766341 0.000000 0.000000    -0.000000     1.547547 
2458880.697639 0.000000 0.000000    -0.000000     1.547547 
2458881.628937 0.000000 0.000000    -0.000000     1.547547 
2458882.560235 0.000000 0.000000     0.000000     1.547547 
2458883.491533 0.000000 0.000000     0.000000     1.547547 
2458884.422831 0.000000 0.000000     0.000000     1.547547 
2458885.354129 0.000000 0.000000     0.000000     1.547547 
2458886.285426 0.000000 0.000000     0.000000     1.547547 
2458887.216724 0.000000 0.000000     0.000000     1.547547 
2458888.148022 0.000000 0.000000     0.000000     1.547547 
2458889.079320 0.000000 0.000000     0.000000     1.547547 
2458890.010618 0.000000 0.000000     0.000000     1.547547 
2458890.941916 0.000000 0.000000    -0.000000     1.547547 
2458891.873213 0.000000 0.000000    -0.000000     1.547547 
2458892.804511 0.000000 0.000000    -0.000000     1.547547 
2458893.735809 0.000000 0.000000    -0.000000     1.547547 
2458894.667107 0.000000 0.000000    -0.000000     1.547547 
2458895.598405 0.000000 0.000000    -0.000000     1.547547 
2458896.529703 0.000000 0.000000    -0.000000     1.547547 
2458897.461001 0.000000 0.000000    -0.000000     1.547547 
2458898.392298 0.000000 0.000000    -0.000000     1.547547 
2458899.323596 0.000000 0.000000    -0.000000     1.547547 
2458900.254894 0.000000 0.000000    -0.000000     1.547547 
2458901.186192 0.000000 0.000000    -0.000000     1.547547 
2458902.117490 0.000000 0.000000    -0.000000     1.547547 
2458903.048788 0.000000 0.000000    -0.000000     1.547547 
2458903.980086 0.000000 0.000000    -0.000000     1.547547 
2458904.911383 0.000000 0.000000    -0.000000     1.547547 
2458905.842681 0.000000 0.000000    -0.000000     1.547547 
2458906.773979 0.000000 0.000000    -0.000000     1.547547 
2458907.705277 0.000000 0.000000     0.000000     1.547547 
2458908.636575 0.000000 0.000000     0.000000     1.547547 
2458909.567873 0.000000 0.000000     0.000000     1.547547 
2458910.499170 0.000000 0.000000     0.000000     1.547547 
2458911.430468 0.000000 0.000000     0.000000     1.547547 
2458912.361766 0.000000 0.000000     0.000000     1.547547 
2458913.293064 0.000000 0.000000     0.000000     1.547547 
2458914.224362 0.000000 0.000000     0.000000     1.547547 
2458915.155660 0.000000 0.000000    -0.000000     1.547547 
2458916.086958 0.000000 0.000000    -0.000000     1.547547 
2458917.018255 0.000000 0.000000    -0.000000     1.547547 
2458917.949553 0.000000 0.000000    -0.000000     1.547547 
2458918.880851 0.000000 0.000000    -0.000000     1.547547 
2458919.812149 0.000000 0.000000    -0.000000     1.547547 
2458920.743447 0.000000 0.000000    -0.000000     1.547547 
2458921.674745 0.000000 0.000000    -0.000000     1.547547 
2458922.606043 0.000000 0.000000    -0.000000     1.547547 
2458923.537340 0.000000 0.000000    -0.000000     1.547547 
2458924.468638 0.000000 0.000000    -0.000000     1.547547 
2458925.399936 0.000000 0.000000    -0.000000     1.547547 
2458926.331234 0.000000 0.000000    -0.000000     1.547547 
2458927.262532 0.000000 0.000000    -0.000000     1.547547 
2458928.193830 0.000000 0.000000    -0.000000     1.547547 
2458929.125128 0.000000 0.000000    -0.000000     1.547547 
2458930.056425 0.000000 0.000000    -0.000000     1.547547 
2458930.987723 0.000000 0.000000    -0.000000     1.547547 
2458931.919021 0.000000 0.000000    -0.000000     1.547547 
2458932.850319 0.000000 0.000000     0.000000     1.547547 
2458933.781617 0.000000 0.000000     0.000000     1.547547 
2458934.712915 0.000000 0.000000     0.000000     1.547547 
2458935.644212 0.000000 0.000000     0.000000     1.547547 
2458936.575510 0.000000 0.000000     0.000000     1.547547 
2458937.506808 0.000000 0.000000     0.000000     1.547547 
2458938.438106 0.000000 0.000000     0.000000     1.547547 
2458939.369404 0.000000 0.000000     0.000000     1.547547 
2458940.300702 0.000000 0.000000    -0.000000     1.547547 
2458941.232000 0.000000 0.000000    -0.000000     1.547547 
2458942.163297 0.000000 0.000000    -0.000000     1.547547 
2458943.094595 0.000000 0.000000    -0.000000     1.547547 
2458944.025893 0.000000 0.000000    -0.000000     1.547547 
2458944.957191 0.000000 0.000000    -0.000000     1.547547 
2458945.888489 0.000000 0.000000    -0.000000     1.547547 
2458946.819787 0.000000 0.000000    -0.000000     1.547547 
2458947.751085 0.000000 0.000000    -0.000000     1.547547 
2458948.682382 0.000000 0.000000    -0.000000     1.547547 
2458949.613680 0.000000 0.000000    -0.000000     1.547547 
2458950.544978 0.000000 0.000000    -0.000000     1.547547 
2458951.476276 0.000000 0.000000    -0.000000     1.547547 
2458952.407574 0.000000 0.000000    -0.000000     1.547547 
2458953.338872 0.000000 0.000000    -0.000000     1.547547 
2458954.270169 0.000000 0.000000    -0.000000     1.547547 
2458955.201467 0.000000 0.000000    -0.000000     1.547547 
2458956.132765 0.000000 0.000000    -0.000000     1.547547 
2458957.064063 0.000000 0.000000    -0.000000     1.547547 
2458957.995361 0.000000 0.000000     0.000000     1.547547 
2458958.926659 0.000000 0.000000     0.000000     1.547547 
2458959.857957 0.000000 0.000000     0.000000     1.547547 
2458960.789254 0.000000 0.000000     0.000000     1.547547 
2458961.720552 0.000000 0.000000     0.000000     1.547547 
2458962.651850 0.000000 0.000000     0.000000     1.547547 
2458963.583148 0.000000 0.000000     0.000000     1.547547 
2458964.514446 0.000000 0.000000     0.000000     1.547547 
2458965.445744 0.000000 0.000000    -0.000000     1.547547 
2458966.377042 0.000000 0.000000    -0.000000     1.547547 
2458967.308339 0.000000 0.000000    -0.000000     1.547547 
2458968.239637 0.000000 0.000000    -0.000000     1.547547 
2458969.170935 0.000000 0.000000    -0.000000     1.547547 
2458970.102233 0.000000 0.000000    -0.000000     1.547547 
2458971.033531 0.000000 0.000000    -0.000000     1.547547 
2458971.964829 0.000000 0.000000    -0.000000     1.547547 
2458972.896127 0.000000 0.000000    -0.000000     1.547547 
2458973.827424 0.000000 0.000000    -0.000000     1.547547 
2458974.758722 0.000000 0.000000    -0.000000     1.547547 
2458975.690020 0.000000 0.000000    -0.000000     1.547547 
2458976.621318 0.000000 0.000000    -0.000000     1.547547 
2458977.552616 0.000000 0.000000    -0.000000     1.547547 
2458978.483914 0.000000 0.000000    -0.000000     1.547547 
2458979.415211 0.000000 0.000000    -0.000000     1.547547 
2458980.346509 0.000000 0.000000    -0.000000     1.547547 
2458981.277807 0.000000 0.000000    -0.000000     1.547547 
2458982.209105 0.000000 0.000000    -0.000000     1.547547 
2458983.140403 0.000000 0.000000    -0.000000     1.547547 
2458984.071701 0.000000 0.000000     0.000000     1.547547 
2458985.002999 0.000000 0.000000     0.000000     1.547547 
2458985.934296 0.000000 0.000000     0.000000     1.547547 
2458986.865594 0.000000 0.000000     0.000000     1.547547 
2458987.796892 0.000000 0.000000     0.000000     1.547547 
2458988.728190 0.000000 0.000000     0.000000     1.547547 
2458989.659488 0.000000 0.000000     0.000000     1.547547 
2458990.590786 0.000000 0.000000     0.000000     1.547547 
2458991.522084 0.000000 0.000000    -0.000000     1.547547 
2458992.453381 0.000000 0.000000    -0.000000     1.547547 
2458993.384679 0.000000 0.000000    -0.000000     1.547547 
2458994.315977 0.000000 0.000000    -0.000000     1.547547 
2458995.247275 0.000000 0.000000    -0.000000     1.547547 
2458996.178573 0.000000 0.000000    -0.000000     1.547547 
2458997.109871 0.000000 0.000000    -0.000000     1.547547 
2458998.041168 0.000000 0.000000    -0.000000     1.547547 
2458998.972466 0.000000 0.000000    -0.000000     1.547547 
2458999.903764 0.000000 0.000000    -0.000000     1.547547 
2459000.835062 0.000000 0.000000    -0.000000     1.547547 
2459001.766360 0.000000 0.000000    -0.000000     1.547547 
2459002.697658 0.000000 0.000000    -0.000000     1.547547 
2459003.628956 0.000000 0.000000    -0.000000     1.547547 
2459004.560253 0.000000 0.000000    -0.000000     1.547547 
2459005.491551 0.000000 0.000000    -0.000000     1.547547 
2459006.422849 0.000000 0.000000    -0.000000     1.547547 
2459007.354147 0.000000 0.000000    -0.000000     1.547547 
2459008.285445 0.000000 0.000000    -0.000000     1.547547 
2459009.216743 0.000000 0.000000     0.000000     1.547547 
2459010.148041 0.000000 0.000000     0.000000     1.547547 
2459011.079338 0.000000 0.000000     0.000000     1.547547 
2459012.010636 0.000000 0.000000     0.000000     1.547547 
2459012.941934 0.000000 0.000000     0.000000     1.547547 
2459013.873232 0.000000 0.000000     0.000000     1.547547 
2459014.804530 0.000000 0.000000     0.000000     1.547547 
2459015.735828 0.000000 0.000000     0.000000     1.547547 
2459016.667125 0.000000 0.000000     0.000000     1.547547 
2459017.598423 0.000000 0.000000     0.000000     1.547547 
2459018.529721 0.000000 0.000000     0.000000     1.547547 
2459019.461019 0.000000 0.000000     0.000000     1.547547 
2459020.392317 0.000000 0.000000    -0.000000     1.547547 
2459021.323615 0.000000 0.000000    -0.000000     1.547547 
2459022.254913 0.000000 0.000000    -0.000000     1.547547 
2459023.186210 0.000000 0.000000    -0.000000     1.547547 
2459024.117508 0.000000 0.000000     0.000000     1.547547 
2459025.048806 0.000000 0.000000     0.000000     1.547547 
2459025.980104 0.000000 0.000000     0.000000     1.547547 
2459026.911402 0.000000 0.000000     0.000000     1.547547 
2459027.842700 0.000000 0.000000     0.000000     1.547547 
2459028.773998 0.000000 0.000000     0.000000     1.547547 
2459029.705295 0.000000 0.000000     0.000000     1.547547 
2459030.636593 0.000000 0.000000     0.000000     1.547547 
2459031.567891 0.000000 0.000000     0.000000     1.547547 
2459032.499189 0.000000 0.000000    -0.000000     1.547547 
2459033.430487 0.000000 0.000000    -0.000000     1.547547 
2459034.361785 0.000000 0.000000     0.000000     1.547547 
2459035.293083 0.000000 0.000000     0.000000     1.547547 
2459036.224380 0.000000 0.000000     0.000000     1.547547 
2459037.155678 0.000000 0.000000     0.000000     1.547547 
2459038.086976 0.000000 0.000000     0.000000     1.547547 
2459039.018274 0.000000 0.000000     0.000000     1.547547 
2459039.949572 0.000000 0.000000     0.000000     1.547547 
2459040.880870 0.000000 0.000000     0.000000     1.547547 
2459041.812167 0.000000 0.000000     0.000000     1.547547 
2459042.743465 0.000000 0.000000     0.000000     1.547547 
2459043.674763 0.000000 0.000000    -0.000000     1.547547 
2459044.606061 0.000000 0.000000    -0.000000     1.547547 
2459045.537359 0.000000 0.000000    -0.000000     1.547547 
2459046.468657 0.000000 0.000000    -0.000000     1.547547 
2459047.399955 0.000000 0.000000    -0.000000     1.547547 
2459048.331252 0.000000 0.000000     0.000000     1.547547 
2459049.262550 0.000000 0.000000     0.000000     1.547547 
2459050.193848 0.000000 0.000000     0.000000     1.547547 
2459051.125146 0.000000 0.000000     0.000000     1.547547 
2459052.056444 0.000000 0.000000     0.000000     1.547547 
2459052.987742 0.000000 0.000000     0.000000     1.547547 
2459053.919040 0.000000 0.000000     0.000000     1.547547 
2459054.850337 0.000000 0.000000     0.000000     1.547547 
2459055.781635 0.000000 0.000000     0.000000     1.547547 
2459056.712933 0.000000 0.000000     0.000000     1.547547 
2459057.644231 0.000000 0.000000    -0.000000     1.547547 
2459058.575529 0.000000 0.000000    -0.000000     1.547547 
2459059.506827 0.000000 0.000000     0.000000     1.547547 
2459060.438124 0.000000 0.000000     0.000000     1.547547 
2459061.369422 0.000000 0.000000     0.000000     1.547547 
2459062.300720 0.000000 0.000000     0.000000     1.547547 
2459063.232018 0.000000 0.000000     0.000000     1.547547 
2459064.163316 0.000000 0.000000     0.000000     1.547547 
2459065.094614 0.000000 0.000000     0.000000     1.547547 
2459066.025912 0.000000 0.000000     0.000000     1.547547 
2459066.957209 0.000000 0.000000     0.000000     1.547547 
2459067.888507 0.000000 0.000000     0.000000     1.547547 
2459068.819805 0.000000 0.000000    -0.000000     1.547547 
2459069.751103 0.000000 0.000000    -0.000000     1.547547 
2459070.682401 0.000000 0.000000    -0.000000     1.547547 
2459071.613699 0.000000 0.000000    -0.000000     1.547547 
2459072.544997 0.000000 0.000000     0.000000     1.547547 
2459073.476294 0.000000 0.000000     0.000000     1.547547 
2459074.407592 0.000000 0.000000     0.000000     1.547547 
2459075.338890 0.000000 0.000000     0.000000     1.547547 
2459076.270188 0.000000 0.000000     0.000000     1.547547 
2459077.201486 0.000000 0.000000     0.000000     1.547547 
2459078.132784 0.000000 0.000000     0.000000     1.547547 
2459079.064081 0.000000 0.000000     0.000000     1.547547 
2459079.995379 0.000000 0.000000     0.000000     1.547547 
2459080.926677 0.000000 0.000000     0.000000     1.547547 
2459081.857975 0.000000 0.000000     0.000000     1.547547 
2459082.789273 0.000000 0.000000    -0.000000     1.547547 
2459083.720571 0.000000 0.000000    -0.000000     1.547547 
2459084.651869 0.000000 0.000000     0.000000     1.547547 
2459085.583166 0.000000 0.000000     0.000000     1.547547 
2459086.514464 0.000000 0.000000     0.000000     1.547547 
2459087.445762 0.000000 0.000000     0.000000     1.547547 
2459088.377060 0.000000 0.000000     0.000000     1.547547 
2459089.308358 0.000000 0.000000     0.000000     1.547547 
2459090.239656 0.000000 0.000000     0.000000     1.547547 
2459091.170954 0.000000 0.000000     0.000000     1.547547 
2459092.102251 0.000000 0.000000     0.000000     1.547547 
2459093.033549 0.000000 0.000000     0.000000     1.547547 
2459093.964847 0.000000 0.000000    -0.000000     1.547547 
2459094.896145 0.000000 0.000000    -0.000000     1.547547 
2459095.827443 0.000000 0.000000    -0.000000     1.547547 
2459096.758741 0.000000 0.000000    -0.000000     1.547547 
2459097.690039 0.000000 0.000000     0.000000     1.547547 
2459098.621336 0.000000 0.000000     0.000000     1.547547 
2459099.552634 0.000000 0.000000     0.000000     1.547547 
2459100.483932 0.000000 0.000000     0.000000     1.547547 
2459101.415230 0.000000 0.000000     0.000000     1.547547 
2459102.346528 0.000000 0.000000     0.000000     1.547547 
2459103.277826 0.000000 0.000000     0.000000     1.547547 
2459104.209123 0.000000 0.000000     0.000000     1.547547 
2459105.140421 0.000000 0.000000     0.000000     1.547547 
2459106.071719 0.000000 0.000000     0.000000     1.547547 
2459107.003017 0.000000 0.000000     0.000000     1.547547 
2459107.934315 0.000000 0.000000    -0.000000     1.547547 
2459108.865613 0.000000 0.000000     0.000000     1.547547 
2459109.796911 0.000000 0.000000     0.000000     1.547547 
2459110.728208 0.000000 0.000000     0.000000     1.547547 
2459111.659506 0.000000 0.000000     0.000000     1.547547 
2459112.590804 0.000000 0.000000     0.000000     1.547547 
2459113.522102 0.000000 0.000000     0.000000     1.547547 
2459114.453400 0.000000 0.000000     0.000000     1.547547 
2459115.384698 0.000000 0.000000     0.000000     1.547547 
2459116.315996 0.000000 0.000000     0.000000     1.547547 
2459117.247293 0.000000 0.000000     0.000000     1.547547 
2459118.178591 0.000000 0.000000     0.000000     1.547547 
2459119.109889 0.000000 0.000000    -0.000000     1.547547 
2459120.041187 0.000000 0.000000    -0.000000     1.547547 
2459120.972485 0.000000 0.000000    -0.000000     1.547547 
2459121.903783 0.000000 0.000000    -0.000000     1.547547 
2459122.835080 0.000000 0.000000     0.000000     1.547547 
2459123.766378 0.000000 0.000000     0.000000     1.547547 
2459124.697676 0.000000 0.000000     0.000000     1.547547 
2459125.628974 0.000000 0.000000     0.000000     1.547547 
2459126.560272 0.000000 0.000000     0.000000     1.547547 
2459127.491570 0.000000 0.000000     0.000000     1.547547 
2459128.422868 0.000000 0.000000     0.000000     1.547547 
2459129.354165 0.000000 0.000000     0.000000     1.547547 
2459130.285463 0.000000 0.000000     0.000000     1.547547 
2459131.216761 0.000000 0.000000     0.000000     1.547547 
2459132.148059 0.000000 0.000000     0.000000     1.547547 
2459133.079357 0.000000 0.000000     0.000000     1.547547 
2459134.010655 0.000000 0.000000     0.000000     1.547547 
2459134.941953 0.000000 0.000000     0.000000     1.547547 
2459135.873250 0.000000 0.000000     0.000000     1.547547 
2459136.804548 0.000000 0.000000     0.000000     1.547547 
2459137.735846 0.000000 0.000000     0.000000     1.547547 
2459138.667144 0.000000 0.000000     0.000000     1.547547 
2459139.598442 0.000000 0.000000     0.000000     1.547547 
2459140.529740 0.000000 0.000000     0.000000     1.547547 
2459141.461037 0.000000 0.000000     0.000000     1.547547 
2459142.392335 0.000000 0.000000     0.000000     1.547547 
2459143.323633 0.000000 0.000000     0.000000     1.547547 
2459144.254931 0.000000 0.000000    -0.000000     1.547547 
2459145.186229 0.000000 0.000000    -0.000000     1.547547 
2459146.117527 0.000000 0.000000    -0.000000     1.547547 
2459147.048825 0.000000 0.000000    -0.000000     1.547547 
2459147.980122 0.000000 0.000000     0.000000     1.547547 
2459148.911420 0.000000 0.000000     0.000000     1.547547 
2459149.842718 0.000000 0.000000     0.000000     1.547547 
2459150.774016 0.000000 0.000000     0.000000     1.547547 
2459151.705314 0.000000 0.000000     0.000000     1.547547 
2459152.636612 0.000000 0.000000     0.000000     1.547547 
2459153.567910 0.000000 0.000000     0.000000     1.547547 
2459154.499207 0.000000 0.000000     0.000000     1.547547 
2459155.430505 0.000000 0.000000     0.000000     1.547547 
2459156.361803 0.000000 0.000000     0.000000     1.547547 
2459157.293101 0.000000 0.000000     0.000000     1.547547 
2459158.224399 0.000000 0.000000     0.000000     1.547547 
2459159.155697 0.000000 0.000000     0.000000     1.547547 
2459160.086995 0.000000 0.000000     0.000000     1.547547 
2459161.018292 0.000000 0.000000     0.000000     1.547547 
2459161.949590 0.000000 0.000000     0.000000     1.547547 
2459162.880888 0.000000 0.000000     0.000000     1.547547 
2459163.812186 0.000000 0.000000     0.000000     1.547547 
2459164.743484 0.000000 0.000000     0.000000     1.547547 
2459165.674782 0.000000 0.000000     0.000000     1.547547 
2459166.606079 0.000000 0.000000     0.000000     1.547547 
2459167.537377 0.000000 0.000000     0.000000     1.547547 
2459168.468675 0.000000 0.000000     0.000000     1.547547 
2459169.399973 0.000000 0.000000    -0.000000     1.547547 
2459170.331271 0.000000 0.000000    -0.000000     1.547547 
2459171.262569 0.000000 0.000000    -0.000000     1.547547 
2459172.193867 0.000000 0.000000    -0.000000     1.547547 
2459173.125164 0.000000 0.000000    -0.000000     1.547547 
2459174.056462 0.000000 0.000000    -0.000000     1.547547 
2459174.987760 0.000000 0.000000    -0.000000     1.547547 
2459175.919058 0.000000 0.000000    -0.000000     1.547547 
2459176.850356 0.000000 0.000000    -0.000000     1.547547 
2459177.781654 0.000000 0.000000    -0.000000     1.547547 
2459178.712952 0.000000 0.000000    -0.000000     1.547547 
2459179.644249 0.000000 0.000000     0.000000     1.547547 
2459180.575547 0.000000 0.000000     0.000000     1.547547 
2459181.506845 0.000000 0.000000     0.000000     1.547547 
2459182.438143 0.000000 0.000000     0.000000     1.547547 
2459183.369441 0.000000 0.000000     0.000000     1.547547 
2459184.300739 0.000000 0.000000     0.000000     1.547547 
2459185.232036 0.000000 0.000000     0.000000     1.547547 
2459186.163334 0.000000 0.000000     0.000000     1.547547 
2459187.094632 0.000000 0.000000     0.000000     1.547547 
2459188.025930 0.000000 0.000000     0.000000     1.547547 
2459188.957228 0.000000 0.000000     0.000000     1.547547 
2459189.888526 0.000000 0.000000     0.000000     1.547547 
2459190.819824 0.000000 0.000000     0.000000     1.547547 
2459191.751121 0.000000 0.000000     0.000000     1.547547 
2459192.682419 0.000000 0.000000     0.000000     1.547547 
2459193.613717 0.000000 0.000000     0.000000     1.547547 
2459194.545015 0.000000 0.000000     0.000000     1.547547 
2459195.476313 0.000000 0.000000     0.000000     1.547547 
2459196.407611 0.000000 0.000000    -0.000000     1.547547 
2459197.338909 0.000000 0.000000    -0.000000     1.547547 
2459198.270206 0.000000 0.000000    -0.000000     1.547547 
2459199.201504 0.000000 0.000000    -0.000000     1.547547 
2459200.132802 0.000000 0.000000    -0.000000     1.547547 
2459201.064100 0.000000 0.000000    -0.000000     1.547547 
2459201.995398 0.000000 0.000000    -0.000000     1.547547 
2459202.926696 0.000000 0.000000    -0.000000     1.547547 
2459203.857993 0.000000 0.000000    -0.000000     1.547547 
2459204.789291 0.000000 0.000000    -0.000000     1.547547 
2459205.720589 0.000000 0.000000     0.000000     1.547547 
2459206.651887 0.000000 0.000000     0.000000     1.547547 
2459207.583185 0.000000 0.000000     0.000000     1.547547 
2459208.514483 0.000000 0.000000     0.000000     1.547547 
2459209.445781 0.000000 0.000000     0.000000     1.547547 
2459210.377078 0.000000 0.000000     0.000000     1.547547 
2459211.308376 0.000000 0.000000     0.000000     1.547547 
2459212.239674 0.000000 0.000000     0.000000     1.547547 
2459213.170972 0.000000 0.000000     0.000000     1.547547 
2459214.102270 0.000000 0.000000     0.000000     1.547547 
2459215.033568 0.000000 0.000000     0.000000     1.547547 
2459215.964866 0.000000 0.000000     0.000000     1.547547 
2459216.896163 0.000000 0.000000     0.000000     1.547547 
2459217.827461 0.000000 0.000000     0.000000     1.547547 
2459218.758759 0.000000 0.000000     0.000000     1.547547 
2459219.690057 0.000000 0.000000    -0.000000     1.547547 
2459220.621355 0.000000 0.000000    -0.000000     1.547547 
2459221.552653 0.000000 0.000000    -0.000000     1.547547 
2459222.483951 0.000000 0.000000    -0.000000     1.547547 
2459223.415248 0.000000 0.000000    -0.000000     1.547547 
2459224.346546 0.000000 0.000000    -0.000000     1.547547 
2459225.277844 0.000000 0.000000    -0.000000     1.547547 
2459226.209142 0.000000 0.000000    -0.000000     1.547547 
2459227.140440 0.000000 0.000000    -0.000000     1.547547 
2459228.071738 0.000000 0.000000    -0.000000     1.547547 
2459229.003035 0.000000 0.000000    -0.000000     1.547547 
2459229.934333 0.000000 0.000000    -0.000000     1.547547 
2459230.865631 0.000000 0.000000     0.000000     1.547547 
2459231.796929 0.000000 0.000000     0.000000     1.547547 
2459232.728227 0.000000 0.000000     0.000000     1.547547 
2459233.659525 0.000000 0.000000     0.000000     1.547547 
2459234.590823 0.000000 0.000000     0.000000     1.547547 
2459235.522120 0.000000 0.000000     0.000000     1.547547 
2459236.453418 0.000000 0.000000     0.000000     1.547547 
2459237.384716 0.000000 0.000000     0.000000     1.547547 
2459238.316014 0.000000 0.000000     0.000000     1.547547 
2459239.247312 0.000000 0.000000     0.000000     1.547547 
2459240.178610 0.000000 0.000000     0.000000     1.547547 
2459241.109908 0.000000 0.000000     0.000000     1.547547 
2459242.041205 0.000000 0.000000     0.000000     1.547547 
2459242.972503 0.000000 0.000000    -0.000000     1.547547 
2459243.903801 0.000000 0.000000    -0.000000     1.547547 
2459244.835099 0.000000 0.000000    -0.000000     1.547547 
2459245.766397 0.000000 0.000000    -0.000000     1.547547 
2459246.697695 0.000000 0.000000    -0.000000     1.547547 
2459247.628992 0.000000 0.000000    -0.000000     1.547547 
2459248.560290 0.000000 0.000000     0.000000     1.547547 
2459249.491588 0.000000 0.000000     0.000000     1.547547 
2459250.422886 0.000000 0.000000     0.000000     1.547547 
2459251.354184 0.000000 0.000000     0.000000     1.547547 
2459252.285482 0.000000 0.000000     0.000000     1.547547 
2459253.216780 0.000000 0.000000     0.000000     1.547547 
2459254.148077 0.000000 0.000000     0.000000     1.547547 
2459255.079375 0.000000 0.000000     0.000000     1.547547 
2459256.010673 0.000000 0.000000     0.000000     1.547547 
2459256.941971 0.000000 0.000000     0.000000     1.547547 
2459257.873269 0.000000 0.000000    -0.000000     1.547547 
2459258.804567 0.000000 0.000000     0.000000     1.547547 
2459259.735865 0.000000 0.000000     0.000000     1.547547 
2459260.667162 0.000000 0.000000     0.000000     1.547547 
2459261.598460 0.000000 0.000000     0.000000     1.547547 
2459262.529758 0.000000 0.000000     0.000000     1.547547 
2459263.461056 0.000000 0.000000     0.000000     1.547547 
2459264.392354 0.000000 0.000000     0.000000     1.547547 
2459265.323652 0.000000 0.000000     0.000000     1.547547 
2459266.254950 0.000000 0.000000     0.000000     1.547547 
2459267.186247 0.000000 0.000000     0.000000     1.547547 
2459268.117545 0.000000 0.000000    -0.000000     1.547547 
2459269.048843 0.000000 0.000000    -0.000000     1.547547 
2459269.980141 0.000000 0.000000    -0.000000     1.547547 
2459270.911439 0.000000 0.000000    -0.000000     1.547547 
2459271.842737 0.000000 0.000000    -0.000000     1.547547 
2459272.774034 0.000000 0.000000     0.000000     1.547547 
2459273.705332 0.000000 0.000000     0.000000     1.547547 
2459274.636630 0.000000 0.000000     0.000000     1.547547 
2459275.567928 0.000000 0.000000     0.000000     1.547547 
2459276.499226 0.000000 0.000000     0.000000     1.547547 
2459277.430524 0.000000 0.000000     0.000000     1.547547 
2459278.361822 0.000000 0.000000     0.000000     1.547547 
2459279.293119 0.000000 0.000000     0.000000     1.547547 
2459280.224417 0.000000 0.000000     0.000000     1.547547 
2459281.155715 0.000000 0.000000     0.000000     1.547547 
2459282.087013 0.000000 0.000000    -0.000000     1.547547 
2459283.018311 0.000000 0.000000    -0.000000     1.547547 
2459283.949609 0.000000 0.000000     0.000000     1.547547 
2459284.880907 0.000000 0.000000     0.000000     1.547547 
2459285.812204 0.000000 0.000000     0.000000     1.547547 
2459286.743502 0.000000 0.000000     0.000000     1.547547 
2459287.674800 0.000000 0.000000     0.000000     1.547547 
2459288.606098 0.000000 0.000000     0.000000     1.547547 
2459289.537396 0.000000 0.000000     0.000000     1.547547 
2459290.468694 0.000000 0.000000     0.000000     1.547547 
2459291.399991 0.000000 0.000000     0.000000     1.547547 
2459292.331289 0.000000 0.000000     0.000000     1.547547 
2459293.262587 0.000000 0.000000    -0.000000     1.547547 
2459294.193885 0.000000 0.000000    -0.000000     1.547547 
2459295.125183 0.000000 0.000000    -0.000000     1.547547 
2459296.056481 0.000000 0.000000    -0.000000     1.547547 
2459296.987779 0.000000 0.000000    -0.000000     1.547547 
2459297.919076 0.000000 0.000000     0.000000     1.547547 
2459298.850374 0.000000 0.000000     0.000000     1.547547 
2459299.781672 0.000000 0.000000     0.000000     1.547547 
2459300.712970 0.000000 0.000000     0.000000     1.547547 
2459301.644268 0.000000 0.000000     0.000000     1.547547 
2459302.575566 0.000000 0.000000     0.000000     1.547547 
2459303.506864 0.000000 0.000000     0.000000     1.547547 
2459304.438161 0.000000 0.000000     0.000000     1.547547 
2459305.369459 0.000000 0.000000     0.000000     1.547547 
2459306.300757 0.000000 0.000000     0.000000     1.547547 
2459307.232055 0.000000 0.000000    -0.000000     1.547547 
2459308.163353 0.000000 0.000000    -0.000000     1.547547 
2459309.094651 0.000000 0.000000     0.000000     1.547547 
2459310.025948 0.000000 0.000000     0.000000     1.547547 
2459310.957246 0.000000 0.000000     0.000000     1.547547 
2459311.888544 0.000000 0.000000     0.000000     1.547547 
2459312.819842 0.000000 0.000000     0.000000     1.547547 
2459313.751140 0.000000 0.000000     0.000000     1.547547 
2459314.682438 0.000000 0.000000     0.000000     1.547547 
2459315.613736 0.000000 0.000000     0.000000     1.547547 
2459316.545033 0.000000 0.000000     0.000000     1.547547 
2459317.476331 0.000000 0.000000     0.000000     1.547547 
2459318.407629 0.000000 0.000000    -0.000000     1.547547 
2459319.338927 0.000000 0.000000    -0.000000     1.547547 
2459320.270225 0.000000 0.000000    -0.000000     1.547547 
2459321.201523 0.000000 0.000000    -0.000000     1.547547 
2459322.132821 0.000000 0.000000     0.000000     1.547547 
2459323.064118 0.000000 0.000000     0.000000     1.547547 
2459323.995416 0.000000 0.000000     0.000000     1.547547 
2459324.926714 0.000000 0.000000     0.000000     1.547547 
2459325.858012 0.000000 0.000000     0.000000     1.547547 
2459326.789310 0.000000 0.000000     0.000000     1.547547 
2459327.720608 0.000000 0.000000     0.000000     1.547547 
2459328.651906 0.000000 0.000000     0.000000     1.547547 
2459329.583203 0.000000 0.000000     0.000000     1.547547 
2459330.514501 0.000000 0.000000     0.000000     1.547547 
2459331.445799 0.000000 0.000000     0.000000     1.547547 
2459332.377097 0.000000 0.000000     0.000000     1.547547 
2459333.308395 0.000000 0.000000     0.000000     1.547547 
2459334.239693 0.000000 0.000000     0.000000     1.547547 
2459335.170990 0.000000 0.000000     0.000000     1.547547 
2459336.102288 0.000000 0.000000     0.000000     1.547547 
2459337.033586 0.000000 0.000000     0.000000     1.547547 
2459337.964884 0.000000 0.000000     0.000000     1.547547 
2459338.896182 0.000000 0.000000     0.000001     1.547547 
2459339.827480 0.000000 0.000000     0.000001     1.547547 
2459340.758778 0.000000 0.000000     0.000001     1.547547 
2459341.690075 0.000000 0.000000     0.000000     1.547547 
2459342.621373 0.000000 0.000000     0.000000     1.547547 
2459343.552671 0.000000 0.000000    -0.000000     1.547547 
2459344.483969 0.000000 0.000000    -0.000000     1.547547 
2459345.415267 0.000000 0.000000    -0.000000     1.547547 
2459346.346565 0.000000 0.000000    -0.000000     1.547547 
2459347.277863 0.000000 0.000000     0.000000     1.547547 
2459348.209160 0.000000 0.000000     0.000000     1.547547 
2459349.140458 0.000000 0.000000     0.000000     1.547547 
2459350.071756 0.000000 0.000000     0.000000     1.547547 
2459351.003054 0.000000 0.000000     0.000000     1.547547 
2459351.934352 0.000000 0.000000     0.000000     1.547547 
2459352.865650 0.000000 0.000000     0.000000     1.547547 
2459353.796947 0.000000 0.000000     0.000000     1.547547 
2459354.728245 0.000000 0.000000     0.000000     1.547547 
2459355.659543 0.000000 0.000000     0.000000     1.547547 
2459356.590841 0.000000 0.000000     0.000000     1.547547 
2459357.522139 0.000000 0.000000     0.000000     1.547547 
2459358.453437 0.000000 0.000000     0.000000     1.547547 
2459359.384735 0.000000 0.000000     0.000000     1.547547 
2459360.316032 0.000000 0.000000     0.000000     1.547547 
2459361.247330 0.000000 0.000000     0.000001     1.547547 
2459362.178628 0.000000 0.000000     0.000001     1.547547 
2459363.109926 0.000000 0.000000     0.000001     1.547547 
2459364.041224 0.000000 0.000000     0.000001     1.547547 
2459364.972522 0.000000 0.000000     0.000001     1.547547 
2459365.903820 0.000000 0.000000     0.000001     1.547547 
2459366.835117 0.000000 0.000000     0.000001     1.547547 
2459367.766415 0.000000 0.000000     0.000000     1.547547 
2459368.697713 0.000000 0.000000    -0.000000     1.547547 
2459369.629011 0.000000 0.000000    -0.000000     1.547547 
2459370.560309 0.000000 0.000000    -0.000000     1.547547 
2459371.491607 0.000000 0.000000    -0.000000     1.547547 
2459372.422904 0.000000 0.000000    -0.000000     1.547547 
2459373.354202 0.000000 0.000000     0.000000     1.547547 
2459374.285500 0.000000 0.000000     0.000000     1.547547 
2459375.216798 0.000000 0.000000     0.000000     1.547547 
2459376.148096 0.000000 0.000000     0.000000     1.547547 
2459377.079394 0.000000 0.000000    -0.000000     1.547547 
2459378.010692 0.000000 0.000000     0.000000     1.547547 
2459378.941989 0.000000 0.000000     0.000000     1.547547 
2459379.873287 0.000000 0.000000     0.000000     1.547547 
2459380.804585 0.000000 0.000000     0.000000     1.547547 
2459381.735883 0.000000 0.000000     0.000000     1.547547 
2459382.667181 0.000000 0.000000     0.000000     1.547547 
2459383.598479 0.000000 0.000000     0.000000     1.547547 
2459384.529777 0.000000 0.000000     0.000000     1.547547 
2459385.461074 0.000000 0.000000     0.000001     1.547547 
2459386.392372 0.000000 0.000000     0.000001     1.547547 
2459387.323670 0.000000 0.000000     0.000001     1.547547 
2459388.254968 0.000000 0.000000     0.000002     1.547547 
2459389.186266 0.000000 0.000000     0.000002     1.547547 
2459390.117564 0.000000 0.000000     0.000001     1.547547 
2459391.048862 0.000000 0.000000     0.000001     1.547547 
2459391.980159 0.000000 0.000000     0.000001     1.547547 
2459392.911457 0.000000 0.000000     0.000000     1.547547 
2459393.842755 0.000000 0.000000     0.000000     1.547547 
2459394.774053 0.000000 0.000000    -0.000000     1.547547 
2459395.705351 0.000000 0.000000    -0.000000     1.547547 
2459396.636649 0.000000 0.000000    -0.000000     1.547547 
2459397.567946 0.000000 0.000000    -0.000000     1.547547 
2459398.499244 0.000000 0.000000    -0.000000     1.547547 
2459399.430542 0.000000 0.000000    -0.000001     1.547547 
2459400.361840 0.000000 0.000000    -0.000001     1.547547 
2459401.293138 0.000000 0.000000    -0.000001     1.547547 
2459402.224436 0.000000 0.000000    -0.000000     1.547547 
2459403.155734 0.000000 0.000000    -0.000000     1.547547 
2459404.087031 0.000000 0.000000    -0.000000     1.547547 
2459405.018329 0.000000 0.000000     0.000000     1.547547 
2459405.949627 0.000000 0.000000     0.000000     1.547547 
2459406.880925 0.000000 0.000000     0.000000     1.547547 
2459407.812223 0.000000 0.000000     0.000000     1.547547 
2459408.743521 0.000000 0.000000     0.000000     1.547547 
2459409.674819 0.000000 0.000000     0.000001     1.547547 
2459410.606116 0.000000 0.000000     0.000001     1.547547 
2459411.537414 0.000000 0.000000     0.000002     1.547547 
2459412.468712 0.000000 0.000000     0.000002     1.547547 
2459413.400010 0.000000 0.000000     0.000002     1.547547 
2459414.331308 0.000000 0.000000     0.000002     1.547547 
2459415.262606 0.000000 0.000000     0.000001     1.547547 
2459416.193903 0.000000 0.000000     0.000001     1.547547 
2459417.125201 0.000000 0.000000     0.000000     1.547547 
2459418.056499 0.000000 0.000000     0.000000     1.547547 
2459418.987797 0.000000 0.000000     0.000000     1.547547 
2459419.919095 0.000000 0.000000     0.000000     1.547547 
2459420.850393 0.000000 0.000000    -0.000000     1.547547 
2459421.781691 0.000000 0.000000    -0.000001     1.547547 
2459422.712988 0.000000 0.000000    -0.000001     1.547547 
2459423.644286 0.000000 0.000000    -0.000001     1.547547 
2459424.575584 0.000000 0.000000    -0.000001     1.547547 
2459425.506882 0.000000 0.000000    -0.000001     1.547547 
2459426.438180 0.000000 0.000000    -0.000001     1.547547 
2459427.369478 0.000000 0.000000    -0.000001     1.547547 
2459428.300776 0.000000 0.000000    -0.000001     1.547547 
2459429.232073 0.000000 0.000000    -0.000000     1.547547 
2459430.163371 0.000000 0.000000     0.000000     1.547547 
2459431.094669 0.000000 0.000000     0.000000     1.547547 
2459432.025967 0.000000 0.000000     0.000000     1.547547 
2459432.957265 0.000000 0.000000     0.000000     1.547547 
2459433.888563 0.000000 0.000000     0.000000     1.547547 
2459434.819860 0.000000 0.000000     0.000001     1.547547 
2459435.751158 0.000000 0.000000     0.000001     1.547547 
2459436.682456 0.000000 0.000000     0.000002     1.547547 
2459437.613754 0.000000 0.000000     0.000002     1.547547 
2459438.545052 0.000000 0.000000     0.000002     1.547547 
2459439.476350 0.000000 0.000000     0.000002     1.547547 
2459440.407648 0.000000 0.000000     0.000001     1.547547 
2459441.338945 0.000000 0.000000     0.000001     1.547547 
2459442.270243 0.000000 0.000000     0.000000     1.547547 
2459443.201541 0.000000 0.000000    -0.000000     1.547547 
2459444.132839 0.000000 0.000000    -0.000000     1.547547 
2459445.064137 0.000000 0.000000    -0.000001     1.547547 
2459445.995435 0.000000 0.000000    -0.000001     1.547547 
2459446.926733 0.000000 0.000000    -0.000001     1.547547 
2459447.858030 0.000000 0.000000    -0.000001     1.547547 
2459448.789328 0.000000 0.000000    -0.000001     1.547547 
2459449.720626 0.000000 0.000000    -0.000001     1.547547 
2459450.651924 0.000000 0.000000    -0.000001     1.547547 
2459451.583222 0.000000 0.000000    -0.000000     1.547547 
2459452.514520 0.000000 0.000000    -0.000000     1.547547 
2459453.445818 0.000000 0.000000    -0.000000     1.547547 
2459454.377115 0.000000 0.000000     0.000000     1.547547 
2459455.308413 0.000000 0.000000     0.000000     1.547547 
2459456.239711 0.000000 0.000000     0.000000     1.547547 
2459457.171009 0.000000 0.000000     0.000000     1.547547 
2459458.102307 0.000000 0.000000     0.000000     1.547547 
2459459.033605 0.000000 0.000000     0.000000     1.547547 
2459459.964902 0.000000 0.000000     0.000001     1.547547 
2459460.896200 0.000000 0.000000     0.000001     1.547547 
2459461.827498 0.000000 0.000000     0.000002     1.547547 
2459462.758796 0.000000 0.000000     0.000002     1.547547 
2459463.690094 0.000000 0.000000     0.000002     1.547547 
2459464.621392 0.000000 0.000000     0.000002     1.547547 
2459465.552690 0.000000 0.000000     0.000002     1.547547 
2459466.483987 0.000000 0.000000     0.000001     1.547547 
2459467.415285 0.000000 0.000000     0.000000     1.547547 
2459468.346583 0.000000 0.000000    -0.000002     1.547547 
2459469.277881 0.000000 0.000000    -0.000003     1.547547 
2459470.209179 0.000000 0.000000    -0.000004     1.547547 
2459471.140477 0.000000 0.000000    -0.000003     1.547547 
2459472.071775 0.000000 0.000000    -0.000001     1.547547 
2459473.003072 0.000000 0.000000     0.000002     1.547547 
2459473.934370 0.000000 0.000000     0.000003     1.547547 
2459474.865668 0.000000 0.000000     0.000004     1.547547 
2459475.796966 0.000000 0.000000     0.000003     1.547547 
2459476.728264 0.000000 0.000000     0.000003     1.547547 
2459477.659562 0.000000 0.000000     0.000002     1.547547 
2459478.590859 0.000000 0.000000     0.000002     1.547547 
2459479.522157 0.000000 0.000000     0.000002     1.547547 
2459480.453455 0.000000 0.000000     0.000001     1.547547 
2459481.384753 0.000000 0.000000     0.000000     1.547547 
2459482.316051 0.000000 0.000000    -0.000000     1.547547 
2459483.247349 0.000000 0.000000    -0.000000     1.547547 
2459484.178647 0.000000 0.000000     0.000001     1.547547 
2459485.109944 0.000000 0.000000     0.000002     1.547547 
2459486.041242 0.000000 0.000000     0.000002     1.547547 
2459486.972540 0.000000 0.000000     0.000003     1.547547 
2459487.903838 0.000000 0.000000     0.000003     1.547547 
2459488.835136 0.000000 0.000000     0.000005     1.547547 
2459489.766434 0.000000 0.000000     0.000006     1.547547 
2459490.697732 0.000000 0.000000     0.000006     1.547547 
2459491.629029 0.000000 0.000000     0.000004     1.547547 
2459492.560327 0.000000 0.000000    -0.000001     1.547547 
2459493.491625 0.000000 0.000000    -0.000007     1.547547 
2459494.422923 0.000000 0.000000    -0.000011     1.547547 
2459495.354221 0.000000 0.000000    -0.000011     1.547547 
2459496.285519 0.000000 0.000000    -0.000006     1.547547 
2459497.216816 0.000000 0.000000     0.000002     1.547547 
2459498.148114 0.000000 0.000000     0.000010     1.547547 
2459499.079412 0.000000 0.000000     0.000014     1.547547 
2459500.010710 0.000000 0.000000     0.000014     1.547547 
2459500.942008 0.000000 0.000000     0.000012     1.547547 
2459501.873306 0.000000 0.000000     0.000009     1.547547 
2459502.804604 0.000000 0.000000     0.000007     1.547547 
2459503.735901 0.000000 0.000000     0.000006     1.547547 
2459504.667199 0.000000 0.000000     0.000005     1.547547 
2459505.598497 0.000000 0.000000     0.000003     1.547547 
2459506.529795 0.000000 0.000000     0.000000     1.547547 
2459507.461093 0.000000 0.000000    -0.000001     1.547547 
2459508.392391 0.000000 0.000000     0.000000     1.547547 
2459509.323689 0.000000 0.000000     0.000003     1.547547 
2459510.254986 0.000000 0.000000     0.000005     1.547547 
2459511.186284 0.000000 0.000000     0.000006     1.547547 
2459512.117582 0.000000 0.000000     0.000008     1.547547 
2459513.048880 0.000000 0.000000     0.000010     1.547547 
2459513.980178 0.000000 0.000000     0.000014     1.547547 
2459514.911476 0.000000 0.000000     0.000018     1.547547 
2459515.842774 0.000000 0.000000     0.000018     1.547547 
2459516.774071 0.000000 0.000000     0.000010     1.547547 
2459517.705369 0.000000 0.000000    -0.000003     1.547547 
2459518.636667 0.000000 0.000000    -0.000018     1.547547 
2459519.567965 0.000000 0.000000    -0.000025     1.547547 
2459520.499263 0.000000 0.000000    -0.000022     1.547547 
2459521.430561 0.000000 0.000000    -0.000008     1.547547 
2459522.361858 0.000000 0.000000     0.000011     1.547547 
2459523.293156 0.000000 0.000000     0.000026     1.547547 
2459524.224454 0.000000 0.000000     0.000032     1.547547 
2459525.155752 0.000000 0.000000     0.000030     1.547547 
2459526.087050 0.000000 0.000000     0.000023     1.547547 
2459527.018348 0.000000 0.000000     0.000018     1.547547 
2459527.949646 0.000000 0.000000     0.000014     1.547547 
2459528.880943 0.000000 0.000000     0.000012     1.547547 
2459529.812241 0.000000 0.000000     0.000009     1.547547 
2459530.743539 0.000000 0.000000     0.000005     1.547547 
2459531.674837 0.000000 0.000000     0.000000     1.547547 
2459532.606135 0.000000 0.000000    -0.000001     1.547547 
2459533.537433 0.000000 0.000000     0.000002     1.547547 
2459534.468731 0.000000 0.000000     0.000008     1.547547 
2459535.400028 0.000000 0.000000     0.000014     1.547547 
2459536.331326 0.000000 0.000000     0.000019     1.547547 
2459537.262624 0.000000 0.000000     0.000024     1.547547 
2459538.193922 0.000000 0.000000     0.000030     1.547547 
2459539.125220 0.000000 0.000000     0.000038     1.547547 
2459540.056518 0.000000 0.000000     0.000042     1.547547 
2459540.987815 0.000000 0.000000     0.000037     1.547547 
2459541.919113 0.000000 0.000000     0.000018     1.547547 
2459542.850411 0.000000 0.000000    -0.000008     1.547547 
2459543.781709 0.000000 0.000000    -0.000032     1.547547 
2459544.713007 0.000000 0.000000    -0.000042     1.547547 
2459545.644305 0.000000 0.000000    -0.000032     1.547547 
2459546.575603 0.000000 0.000000    -0.000006     1.547547 
2459547.506900 0.000000 0.000000     0.000023     1.547547 
2459548.438198 0.000000 0.000000     0.000043     1.547547 
2459549.369496 0.000000 0.000000     0.000048     1.547547 
2459550.300794 0.000000 0.000000     0.000042     1.547547 
2459551.232092 0.000000 0.000000     0.000031     1.547547 
2459552.163390 0.000000 0.000000     0.000023     1.547547 
2459553.094688 0.000000 0.000000     0.000020     1.547547 
2459554.025985 0.000000 0.000000     0.000019     1.547547 
2459554.957283 0.000000 0.000000     0.000014     1.547547 
2459555.888581 0.000000 0.000000     0.000008     1.547547 
2459556.819879 0.000000 0.000000     0.000001     1.547547 
2459557.751177 0.000000 0.000000     0.000001     1.547547 
2459558.682475 0.000000 0.000000     0.000008     1.547547 
2459559.613773 0.000000 0.000000     0.000020     1.547547 
2459560.545070 0.000000 0.000000     0.000034     1.547547 
2459561.476368 0.000000 0.000000     0.000048     1.547547 
2459562.407666 0.000000 0.000000     0.000060     1.547547 
2459563.338964 0.000000 0.000000     0.000072     1.547547 
2459564.270262 0.000000 0.000000     0.000079     1.547547 
2459565.201560 0.000000 0.000000     0.000077     1.547547 
2459566.132857 0.000000 0.000000     0.000059     1.547547 
2459567.064155 0.000000 0.000000     0.000026     1.547547 
2459567.995453 0.000000 0.000000    -0.000013     1.547547 
2459568.926751 0.000000 0.000000    -0.000042     1.547547 
2459569.858049 0.000000 0.000000    -0.000051     1.547547 
2459570.789347 0.000000 0.000000    -0.000035     1.547547 
2459571.720645 0.000000 0.000000    -0.000004     1.547547 
2459572.651942 0.000000 0.000000     0.000027     1.547547 
2459573.583240 0.000000 0.000000     0.000044     1.547547 
2459574.514538 0.000000 0.000000     0.000044     1.547547 
2459575.445836 0.000000 0.000000     0.000034     1.547547 
2459576.377134 0.000000 0.000000     0.000023     1.547547 
2459577.308432 0.000000 0.000000     0.000018     1.547547 
2459578.239730 0.000000 0.000000     0.000019     1.547547 
2459579.171027 0.000000 0.000000     0.000020     1.547547 
2459580.102325 0.000000 0.000000     0.000017     1.547547 
2459581.033623 0.000000 0.000000     0.000011     1.547547 
2459581.964921 0.000000 0.000000     0.000005     1.547547 
2459582.896219 0.000000 0.000000     0.000006     1.547547 
2459583.827517 0.000000 0.000000     0.000019     1.547547 
2459584.758814 0.000000 0.000000     0.000042     1.547547 
2459585.690112 0.000000 0.000000     0.000071     1.547547 
2459586.621410 0.000000 0.000000     0.000100     1.547547 
2459587.552708 0.000000 0.000000     0.000123     1.547547 
2459588.484006 0.000000 0.000000     0.000134     1.547547 
2459589.415304 0.000000 0.000000     0.000131     1.547547 
2459590.346602 0.000000 0.000000     0.000110     1.547547 
2459591.277899 0.000000 0.000000     0.000074     1.547547 
2459592.209197 0.000000 0.000000     0.000031     1.547547 
2459593.140495 0.000000 0.000000    -0.000008     1.547547 
2459594.071793 0.000000 0.000000    -0.000033     1.547547 
2459595.003091 0.000000 0.000000    -0.000039     1.547547 
2459595.934389 0.000000 0.000000    -0.000029     1.547547 
2459596.865687 0.000000 0.000000    -0.000013     1.547547 
2459597.796984 0.000000 0.000000    -0.000001     1.547547 
2459598.728282 0.000000 0.000000     0.000002     1.547547 
2459599.659580 0.000000 0.000000    -0.000003     1.547547 
2459600.590878 0.000000 0.000000    -0.000010     1.547547 
2459601.522176 0.000000 0.000000    -0.000013     1.547547 
2459602.453474 0.000000 0.000000    -0.000008     1.547547 
2459603.384771 0.000000 0.000000     0.000003     1.547547 
2459604.316069 0.000000 0.000000     0.000012     1.547547 
2459605.247367 0.000000 0.000000     0.000016     1.547547 
2459606.178665 0.000000 0.000000     0.000014     1.547547 
2459607.109963 0.000000 0.000000     0.000010     1.547547 
2459608.041261 0.000000 0.000000     0.000014     1.547547 
2459608.972559 0.000000 0.000000     0.000034     1.547547 
2459609.903856 0.000000 0.000000     0.000072     1.547547 
2459610.835154 0.000000 0.000000     0.000122     1.547547 
2459611.766452 0.000000 0.000000     0.000170     1.547547 
2459612.697750 0.000000 0.000000     0.000199     1.547547 
2459613.629048 0.000000 0.000000     0.000198     1.547547 
2459614.560346 0.000000 0.000000     0.000167     1.547547 
2459615.491644 0.000000 0.000000     0.000119     1.547547 
2459616.422941 0.000000 0.000000     0.000070     1.547547 
2459617.354239 0.000000 0.000000     0.000033     1.547547 
2459618.285537 0.000000 0.000000     0.000013     1.547547 
2459619.216835 0.000000 0.000000     0.000002     1.547547 
2459620.148133 0.000000 0.000000    -0.000010     1.547547 
2459621.079431 0.000000 0.000000    -0.000028     1.547547 
2459622.010729 0.000000 0.000000    -0.000051     1.547547 
2459622.942026 0.000000 0.000000    -0.000073     1.547547 
2459623.873324 0.000000 0.000000    -0.000087     1.547547 
2459624.804622 0.000000 0.000000    -0.000090     1.547547 
2459625.735920 0.000000 0.000000    -0.000083     1.547547 
2459626.667218 0.000000 0.000000    -0.000068     1.547547 
2459627.598516 0.000000 0.000000    -0.000048     1.547547 
2459628.529813 0.000000 0.000000    -0.000025     1.547547 
2459629.461111 0.000000 0.000000    -0.000002     1.547547 
2459630.392409 0.000000 0.000000     0.000013     1.547547 
2459631.323707 0.000000 0.000000     0.000018     1.547547 
2459632.255005 0.000000 0.000000     0.000017     1.547547 
2459633.186303 0.000000 0.000000     0.000022     1.547547 
2459634.117601 0.000000 0.000000     0.000049     1.547547 
2459635.048898 0.000000 0.000000     0.000103     1.547547 
2459635.980196 0.000000 0.000000     0.000174     1.547547 
2459636.911494 0.000000 0.000000     0.000233     1.547547 
2459637.842792 0.000000 0.000000     0.000255     1.547547 
2459638.774090 0.000000 0.000000     0.000229     1.547547 
2459639.705388 0.000000 0.000000     0.000166     1.547547 
2459640.636686 0.000000 0.000000     0.000097     1.547547 
2459641.567983 0.000000 0.000000     0.000049     1.547547 
2459642.499281 0.000000 0.000000     0.000030     1.547547 
2459643.430579 0.000000 0.000000     0.000029     1.547547 
2459644.361877 0.000000 0.000000     0.000020     1.547547 
2459645.293175 0.000000 0.000000    -0.000011     1.547547 
2459646.224473 0.000000 0.000000    -0.000061     1.547547 
2459647.155770 0.000000 0.000000    -0.000112     1.547547 
2459648.087068 0.000000 0.000000    -0.000147     1.547547 
2459649.018366 0.000000 0.000000    -0.000155     1.547547 
2459649.949664 0.000000 0.000000    -0.000144     1.547547 
2459650.880962 0.000000 0.000000    -0.000122     1.547547 
2459651.812260 0.000000 0.000000    -0.000096     1.547547 
2459652.743558 0.000000 0.000000    -0.000068     1.547547 
2459653.674855 0.000000 0.000000    -0.000036     1.547547 
2459654.606153 0.000000 0.000000    -0.000006     1.547547 
2459655.537451 0.000000 0.000000     0.000014     1.547547 
2459656.468749 0.000000 0.000000     0.000019     1.547547 
2459657.400047 0.000000 0.000000     0.000016     1.547547 
2459658.331345 0.000000 0.000000     0.000024     1.547547 
2459659.262643 0.000000 0.000000     0.000061     1.547547 
2459660.193940 0.000000 0.000000     0.000127     1.547547 
2459661.125238 0.000000 0.000000     0.000201     1.547547 
2459662.056536 0.000000 0.000000     0.000254     1.547547 
2459662.987834 0.000000 0.000000     0.000262     1.547547 
2459663.919132 0.000000 0.000000     0.000225     1.547547 
2459664.850430 0.000000 0.000000     0.000161     1.547547 
2459665.781727 0.000000 0.000000     0.000095     1.547547 
2459666.713025 0.000000 0.000000     0.000038     1.547547 
2459667.644323 0.000000 0.000000    -0.000013     1.547547 
2459668.575621 0.000000 0.000000    -0.000063     1.547547 
2459669.506919 0.000000 0.000000    -0.000110     1.547547 
2459670.438217 0.000000 0.000000    -0.000139     1.547547 
2459671.369515 0.000000 0.000000    -0.000136     1.547547 
2459672.300812 0.000000 0.000000    -0.000098     1.547547 
2459673.232110 0.000000 0.000000    -0.000045     1.547547 
2459674.163408 0.000000 0.000000    -0.000003     1.547547 
2459675.094706 0.000000 0.000000     0.000013     1.547547 
2459676.026004 0.000000 0.000000     0.000010     1.547547 
2459676.957302 0.000000 0.000000     0.000006     1.547547 
2459677.888600 0.000000 0.000000     0.000015     1.547547 
2459678.819897 0.000000 0.000000     0.000032     1.547547 
2459679.751195 0.000000 0.000000     0.000040     1.547547 
2459680.682493 0.000000 0.000000     0.000028     1.547547 
2459681.613791 0.000000 0.000000     0.000006     1.547547 
2459682.545089 0.000000 0.000000    -0.000002     1.547547 
2459683.476387 0.000000 0.000000     0.000025     1.547547 
2459684.407685 0.000000 0.000000     0.000086     1.547547 
2459685.338982 0.000000 0.000000     0.000158     1.547547 
2459686.270280 0.000000 0.000000     0.000215     1.547547 
2459687.201578 0.000000 0.000000     0.000252     1.547547 
2459688.132876 0.000000 0.000000     0.000283     1.547547 
2459689.064174 0.000000 0.000000     0.000315     1.547547 
2459689.995472 0.000000 0.000000     0.000324     1.547547 
2459690.926769 0.000000 0.000000     0.000256     1.547547 
2459691.858067 0.000000 0.000000     0.000070     1.547547 
2459692.789365 0.000000 0.000000    -0.000212     1.547547 
2459693.720663 0.000000 0.000000    -0.000486     1.547547 
2459694.651961 0.000000 0.000000    -0.000612     1.547547 
2459695.583259 0.000000 0.000000    -0.000498     1.547547 
2459696.514557 0.000000 0.000000    -0.000168     1.547547 
2459697.445854 0.000000 0.000000     0.000242     1.547547 
2459698.377152 0.000000 0.000000     0.000560     1.547547 
2459699.308450 0.000000 0.000000     0.000682     1.547547 
2459700.239748 0.000000 0.000000     0.000624     1.547547 
2459701.171046 0.000000 0.000000     0.000486     1.547547 
2459702.102344 0.000000 0.000000     0.000371     1.547547 
2459703.033642 0.000000 0.000000     0.000312     1.547547 
2459703.964939 0.000000 0.000000     0.000267     1.547547 
2459704.896237 0.000000 0.000000     0.000184     1.547547 
2459705.827535 0.000000 0.000000     0.000063     1.547547 
2459706.758833 0.000000 0.000000    -0.000032     1.547547 
2459707.690131 0.000000 0.000000    -0.000032     1.547547 
2459708.621429 0.000000 0.000000     0.000069     1.547547 
2459709.552726 0.000000 0.000000     0.000208     1.547547 
2459710.484024 0.000000 0.000000     0.000309     1.547547 
2459711.415322 0.000000 0.000000     0.000363     1.547547 
2459712.346620 0.000000 0.000000     0.000444     1.547547 
2459713.277918 0.000000 0.000000     0.000626     1.547547 
2459714.209216 0.000000 0.000000     0.000876     1.547547 
2459715.140514 0.000000 0.000000     0.001010     1.547547 
2459716.071811 0.000000 0.000000     0.000795     1.547546 
2459717.003109 0.000000 0.000000     0.000138     1.547546 
2459717.934407 0.000000 0.000000    -0.000776     1.547546 
2459718.865705 0.000000 0.000000    -0.001524     1.547546 
2459719.797003 0.000000 0.000000    -0.001676     1.547546 
2459720.728301 0.000000 0.000000    -0.001069     1.547546 
2459721.659599 0.000000 0.000000     0.000072     1.547546 
2459722.590896 0.000000 0.000000     0.001250     1.547546 
2459723.522194 0.000000 0.000000     0.001996     1.547546 
2459724.453492 0.000000 0.000000     0.002129     1.547546 
2459725.384790 0.000000 0.000000     0.001812     1.547546 
2459726.316088 0.000000 0.000000     0.001379     1.547546 
2459727.247386 0.000000 0.000000     0.001071     1.547546 
2459728.178683 0.000000 0.000000     0.000904     1.547546 
2459729.109981 0.000000 0.000000     0.000735     1.547547 
2459730.041279 0.000000 0.000000     0.000454     1.547547 
2459730.972577 0.000000 0.000000     0.000119     1.547547 
2459731.903875 0.000000 0.000000    -0.000086     1.547547 
2459732.835173 0.000000 0.000000    -0.000018     1.547547 
2459733.766471 0.000000 0.000000     0.000285     1.547547 
2459734.697768 0.000000 0.000000     0.000641     1.547547 
2459735.629066 0.000000 0.000000     0.000902     1.547547 
2459736.560364 0.000000 0.000000     0.001100     1.547547 
2459737.491662 0.000000 0.000000     0.001416     1.547547 
2459738.422960 0.000000 0.000000     0.001953     1.547546 
2459739.354258 0.000000 0.000000     0.002518     1.547546 
2459740.285556 0.000000 0.000000     0.002635     1.547545 
2459741.216853 0.000000 0.000000     0.001851     1.547544 
2459742.148151 0.000000 0.000000     0.000146     1.547543 
2459743.079449 0.000000 0.000000    -0.001881     1.547543 
2459744.010747 0.000000 0.000000    -0.003259     1.547543 
2459744.942045 0.000000 0.000000    -0.003198     1.547543 
2459745.873343 0.000000 0.000000    -0.001607     1.547543 
2459746.804641 0.000000 0.000000     0.000822     1.547543 
2459747.735938 0.000000 0.000000     0.003009     1.547543 
2459748.667236 0.000000 0.000000     0.004132     1.547543 
2459749.598534 0.000000 0.000000     0.004052     1.547543 
2459750.529832 0.000000 0.000000     0.003261     1.547543 
2459751.461130 0.000000 0.000000     0.002435     1.547543 
2459752.392428 0.000000 0.000000     0.001945     1.547544 
2459753.323725 0.000000 0.000000     0.001701     1.547544 
2459754.255023 0.000000 0.000000     0.001384     1.547544 
2459755.186321 0.000000 0.000000     0.000827     1.547545 
2459756.117619 0.000000 0.000000     0.000211     1.547546 
2459757.048917 0.000000 0.000000    -0.000085     1.547546 
2459757.980215 0.000000 0.000000     0.000180     1.547547 
2459758.911513 0.000000 0.000000     0.000913     1.547547 
2459759.842810 0.000000 0.000000     0.001791     1.547547 
2459760.774108 0.000000 0.000000     0.002571     1.547547 
2459761.705406 0.000000 0.000000     0.003290     1.547546 
2459762.636704 0.000000 0.000000     0.004141     1.547546 
2459763.568002 0.000000 0.000000     0.005117     1.547544 
2459764.499300 0.000000 0.000000     0.005755     1.547541 
2459765.430598 0.000000 0.000000     0.005306     1.547539 
2459766.361895 0.000000 0.000000     0.003281     1.547537 
2459767.293193 0.000000 0.000000     0.000007     1.547536 
2459768.224491 0.000000 0.000000    -0.003305     1.547535 
2459769.155789 0.000000 0.000000    -0.005131     1.547536 
2459770.087087 0.000000 0.000000    -0.004531     1.547536 
2459771.018385 0.000000 0.000000    -0.001758     1.547536 
2459771.949682 0.000000 0.000000     0.001852     1.547535 
2459772.880980 0.000000 0.000000     0.004680     1.547535 
2459773.812278 0.000000 0.000000     0.005753     1.547535 
2459774.743576 0.000000 0.000000     0.005192     1.547535 
2459775.674874 0.000000 0.000000     0.003914     1.547536 
2459776.606172 0.000000 0.000000     0.002876     1.547536 
2459777.537470 0.000000 0.000000     0.002445     1.547537 
2459778.468767 0.000000 0.000000     0.002318     1.547538 
2459779.400065 0.000000 0.000000     0.001974     1.547539 
2459780.331363 0.000000 0.000000     0.001221     1.547542 
2459781.262661 0.000000 0.000000     0.000402     1.547543 
2459782.193959 0.000000 0.000000     0.000119     1.547544 
2459783.125257 0.000000 0.000000     0.000764     1.547545 
2459784.056555 0.000000 0.000000     0.002263     1.547545 
2459784.987852 0.000000 0.000000     0.004201     1.547545 
2459785.919150 0.000000 0.000000     0.006171     1.547545 
2459786.850448 0.000000 0.000000     0.007975     1.547544 
2459787.781746 0.000000 0.000000     0.009511     1.547542 
2459788.713044 0.000000 0.000000     0.010479     1.547538 
2459789.644342 0.000000 0.000000     0.010280     1.547533 
2459790.575639 0.000000 0.000000     0.008321     1.547529 
2459791.506937 0.000000 0.000000     0.004571     1.547526 
2459792.438235 0.000000 0.000000    -0.000070     1.547525 
2459793.369533 0.000000 0.000000    -0.004005     1.547524 
2459794.300831 0.000000 0.000000    -0.005724     1.547525 
2459795.232129 0.000000 0.000000    -0.004674     1.547525 
2459796.163427 0.000000 0.000000    -0.001620     1.547524 
2459797.094724 0.000000 0.000000     0.001792     1.547524 
2459798.026022 0.000000 0.000000     0.003999     1.547524 
2459798.957320 0.000000 0.000000     0.004362     1.547524 
2459799.888618 0.000000 0.000000     0.003374     1.547525 
2459800.819916 0.000000 0.000000     0.002131     1.547525 
2459801.751214 0.000000 0.000000     0.001520     1.547526 
2459802.682512 0.000000 0.000000     0.001685     1.547527 
2459803.613809 0.000000 0.000000     0.002104     1.547529 
2459804.545107 0.000000 0.000000     0.002129     1.547532 
2459805.476405 0.000000 0.000000     0.001555     1.547535 
2459806.407703 0.000000 0.000000     0.000808     1.547537 
2459807.339001 0.000000 0.000000     0.000686     1.547538 
2459808.270299 0.000000 0.000000     0.001865     1.547539 
2459809.201597 0.000000 0.000000     0.004521     1.547539 
2459810.132894 0.000000 0.000000     0.008248     1.547539 
2459811.064192 0.000000 0.000000     0.012228     1.547539 
2459811.995490 0.000000 0.000000     0.015506     1.547538 
2459812.926788 0.000000 0.000000     0.017231     1.547535 
2459813.858086 0.000000 0.000000     0.016856     1.547531 
2459814.789384 0.000000 0.000000     0.014305     1.547525 
2459815.720681 0.000000 0.000000     0.010062     1.547521 
2459816.651979 0.000000 0.000000     0.005112     1.547519 
2459817.583277 0.000000 0.000000     0.000649     1.547518 
2459818.514575 0.000000 0.000000    -0.002363     1.547518 
2459819.445873 0.000000 0.000000    -0.003568     1.547518 
2459820.377171 0.000000 0.000000    -0.003326     1.547518 
2459821.308469 0.000000 0.000000    -0.002465     1.547518 
2459822.239766 0.000000 0.000000    -0.001830     1.547518 
2459823.171064 0.000000 0.000000    -0.001861     1.547518 
2459824.102362 0.000000 0.000000    -0.002446     1.547518 
2459825.033660 0.000000 0.000000    -0.003068     1.547518 
2459825.964958 0.000000 0.000000    -0.003150     1.547519 
2459826.896256 0.000000 0.000000    -0.002397     1.547519 
2459827.827554 0.000000 0.000000    -0.000966     1.547520 
2459828.758851 0.000000 0.000000     0.000593     1.547522 
2459829.690149 0.000000 0.000000     0.001634     1.547524 
2459830.621447 0.000000 0.000000     0.001825     1.547525 
2459831.552745 0.000000 0.000000     0.001479     1.547527 
2459832.484043 0.000000 0.000000     0.001569     1.547527 
2459833.415341 0.000000 0.000000     0.003313     1.547528 
2459834.346638 0.000000 0.000000     0.007439     1.547528 
2459835.277936 0.000000 0.000000     0.013523     1.547528 
2459836.209234 0.000000 0.000000     0.019874     1.547528 
2459837.140532 0.000000 0.000000     0.024181     1.547527 
2459838.071830 0.000000 0.000000     0.024685     1.547526 
2459839.003128 0.000000 0.000000     0.021175     1.547524 
2459839.934426 0.000000 0.000000     0.015163     1.547522 
2459840.865723 0.000000 0.000000     0.009036     1.547519 
2459841.797021 0.000000 0.000000     0.004707     1.547518 
2459842.728319 0.000000 0.000000     0.002598     1.547518 
2459843.659617 0.000000 0.000000     0.001650     1.547518 
2459844.590915 0.000000 0.000000     0.000261     1.547518 
2459845.522213 0.000000 0.000000    -0.002513     1.547518 
2459846.453511 0.000000 0.000000    -0.006369     1.547518 
2459847.384808 0.000000 0.000000    -0.010094     1.547518 
2459848.316106 0.000000 0.000000    -0.012471     1.547518 
2459849.247404 0.000000 0.000000    -0.013010     1.547518 
2459850.178702 0.000000 0.000000    -0.012002     1.547518 
2459851.110000 0.000000 0.000000    -0.010025     1.547518 
2459852.041298 0.000000 0.000000    -0.007467     1.547518 
2459852.972596 0.000000 0.000000    -0.004511     1.547518 
2459853.903893 0.000000 0.000000    -0.001489     1.547518 
2459854.835191 0.000000 0.000000     0.000922     1.547518 
2459855.766489 0.000000 0.000000     0.002069     1.547518 
2459856.697787 0.000000 0.000000     0.002077     1.547518 
2459857.629085 0.000000 0.000000     0.002261     1.547518 
2459858.560383 0.000000 0.000000     0.004573     1.547519 
2459859.491680 0.000000 0.000000     0.010208     1.547519 
2459860.422978 0.000000 0.000000     0.018336     1.547519 
2459861.354276 0.000000 0.000000     0.026049     1.547519 
2459862.285574 0.000000 0.000000     0.029862     1.547519 
2459863.216872 0.000000 0.000000     0.027866     1.547519 
2459864.148170 0.000000 0.000000     0.021037     1.547519 
2459865.079468 0.000000 0.000000     0.012666     1.547520 
2459866.010765 0.000000 0.000000     0.006244     1.547520 
2459866.942063 0.000000 0.000000     0.003285     1.547521 
2459867.873361 0.000000 0.000000     0.002627     1.547522 
2459868.804659 0.000000 0.000000     0.001650     1.547523 
2459869.735957 0.000000 0.000000    -0.001596     1.547523 
2459870.667255 0.000000 0.000000    -0.006991     1.547522 
2459871.598553 0.000000 0.000000    -0.012614     1.547522 
2459872.529850 0.000000 0.000000    -0.016303     1.547522 
2459873.461148 0.000000 0.000000    -0.017140     1.547522 
2459874.392446 0.000000 0.000000    -0.015752     1.547521 
2459875.323744 0.000000 0.000000    -0.013388     1.547521 
2459876.255042 0.000000 0.000000    -0.010787     1.547521 
2459877.186340 0.000000 0.000000    -0.007878     1.547521 
2459878.117637 0.000000 0.000000    -0.004452     1.547521 
2459879.048935 0.000000 0.000000    -0.000974     1.547521 
2459879.980233 0.000000 0.000000     0.001447     1.547521 
2459880.911531 0.000000 0.000000     0.002068     1.547521 
2459881.842829 0.000000 0.000000     0.001564     1.547521 
2459882.774127 0.000000 0.000000     0.002008     1.547522 
2459883.705425 0.000000 0.000000     0.005501     1.547522 
2459884.636722 0.000000 0.000000     0.012431     1.547521 
2459885.568020 0.000000 0.000000     0.020828     1.547521 
2459886.499318 0.000000 0.000000     0.027448     1.547521 
2459887.430616 0.000000 0.000000     0.029812     1.547518 
2459888.361914 0.000000 0.000000     0.027579     1.547510 
2459889.293212 0.000000 0.000000     0.022195     1.547496 
2459890.224510 0.000000 0.000000     0.015294     1.547475 
2459891.155807 0.000000 0.000000     0.007403     1.547454 
2459892.087105 0.000000 0.000000    -0.001790     1.547437 
2459893.018403 0.000000 0.000000    -0.011883     1.547428 
2459893.949701 0.000000 0.000000    -0.020552     1.547427 
2459894.880999 0.000000 0.000000    -0.024207     1.547430 
2459895.812297 0.000000 0.000000    -0.020392     1.547430 
2459896.743594 0.000000 0.000000    -0.010078     1.547427 
2459897.674892 0.000000 0.000000     0.002269     1.547423 
2459898.606190 0.000000 0.000000     0.011276     1.547422 
2459899.537488 0.000000 0.000000     0.014100     1.547423 
2459900.468786 0.000000 0.000000     0.012012     1.547425 
2459901.400084 0.000000 0.000000     0.008846     1.547428 
2459902.331382 0.000000 0.000000     0.007628     1.547432 
2459903.262679 0.000000 0.000000     0.008252     1.547440 
2459904.193977 0.000000 0.000000     0.008170     1.547456 
2459905.125275 0.000000 0.000000     0.005398     1.547478 
2459906.056573 0.000000 0.000000     0.000990     1.547500 
2459906.987871 0.000000 0.000000    -0.001409     1.547515 
2459907.919169 0.000000 0.000000     0.001330     1.547521 
2459908.850467 0.000000 0.000000     0.008921     1.547521 
2459909.781764 0.000000 0.000000     0.017829     1.547519 
2459910.713062 0.000000 0.000000     0.024577     1.547510 
2459911.644360 0.000000 0.000000     0.029078     1.547478 
2459912.575658 0.000000 0.000000     0.034397     1.547379 
2459913.506956 0.000000 0.000000     0.042454     1.547144 
2459914.438254 0.000000 0.000000     0.049343     1.546746 
2459915.369552 0.000000 0.000000     0.045372     1.546245 
2459916.300849 0.000000 0.000000     0.021650     1.545781 
2459917.232147 0.000000 0.000000    -0.020834     1.545485 
2459918.163445 0.000000 0.000000    -0.067085     1.545399 
2459919.094743 0.000000 0.000000    -0.093966     1.545449 
2459920.026041 0.000000 0.000000    -0.083709     1.545488 
2459920.957339 0.000000 0.000000    -0.036176     1.545434 
2459921.888636 0.000000 0.000000     0.029368     1.545335 
2459922.819934 0.000000 0.000000     0.085163     1.545285 
2459923.751232 0.000000 0.000000     0.111373     1.545300 
2459924.682530 0.000000 0.000000     0.106566     1.545334 
2459925.613828 0.000000 0.000000     0.085129     1.545369 
2459926.545126 0.000000 0.000000     0.064487     1.545426 
2459927.476424 0.000000 0.000000     0.052532     1.545547 
2459928.407721 0.000000 0.000000     0.044882     1.545794 
2459929.339019 0.000000 0.000000     0.032929     1.546196 
2459930.270317 0.000000 0.000000     0.014600     1.546675 
2459931.201615 0.000000 0.000000    -0.002183     1.547080 
2459932.132913 0.000000 0.000000    -0.006394     1.547310 
2459933.064211 0.000000 0.000000     0.005522     1.547390 
2459933.995509 0.000000 0.000000     0.025766     1.547398 
2459934.926806 0.000000 0.000000     0.042409     1.547371 
2459935.858104 0.000000 0.000000     0.051441     1.547264 
2459936.789402 0.000000 0.000000     0.061639     1.546869 
2459937.720700 0.000000 0.000000     0.085576     1.545724 
2459938.651998 0.000000 0.000000     0.122842     1.543344 
2459939.583296 0.000000 0.000000     0.150815     1.539785 
2459940.514593 0.000000 0.000000     0.134811     1.535888 
2459941.445891 0.000000 0.000000     0.054256     1.532790 
2459942.377189 0.000000 0.000000    -0.073738     1.531196 
2459943.308487 0.000000 0.000000    -0.193920     1.531017 
2459944.239785 0.000000 0.000000    -0.240994     1.531446 
2459945.171083 0.000000 0.000000    -0.179928     1.531529 
2459946.102381 0.000000 0.000000    -0.030617     1.530989 
2459947.033678 0.000000 0.000000     0.141785     1.530371 
2459947.964976 0.000000 0.000000     0.265561     1.530201 
2459948.896274 0.000000 0.000000     0.303672     1.530397 
2459949.827572 0.000000 0.000000     0.269399     1.530667 
2459950.758870 0.000000 0.000000     0.207612     1.530983 
2459951.690168 0.000000 0.000000     0.158453     1.531538 
2459952.621466 0.000000 0.000000     0.131925     1.532701 
2459953.552763 0.000000 0.000000     0.110949     1.534929 
2459954.484061 0.000000 0.000000     0.076298     1.538230 
2459955.415359 0.000000 0.000000     0.029546     1.541755 
2459956.346657 0.000000 0.000000    -0.006187     1.544395 
2459957.277955 0.000000 0.000000    -0.007069     1.545724 
2459958.209253 0.000000 0.000000     0.029310     1.546135 
2459959.140550 0.000000 0.000000     0.081832     1.546173 
2459960.071848 0.000000 0.000000     0.126348     1.546015 
2459961.003146 0.000000 0.000000     0.159395     1.545322 
2459961.934444 0.000000 0.000000     0.200743     1.542795 
2459962.865742 0.000000 0.000000     0.268509     1.536034 
2459963.797040 0.000000 0.000000     0.347203     1.523254 
2459964.728338 0.000000 0.000000     0.380444     1.505967 
2459965.659635 0.000000 0.000000     0.303541     1.489084 
2459966.590933 0.000000 0.000000     0.097668     1.477496 
2459967.522231 0.000000 0.000000    -0.175875     1.472812 
2459968.453529 0.000000 0.000000    -0.394359     1.473128 
2459969.384827 0.000000 0.000000    -0.441056     1.474665 
2459970.316125 0.000000 0.000000    -0.278647     1.474292 
2459971.247423 0.000000 0.000000     0.023118     1.471941 
2459972.178720 0.000000 0.000000     0.327331     1.469999 
2459973.110018 0.000000 0.000000     0.511329     1.469911 
2459974.041316 0.000000 0.000000     0.533921     1.470961 
2459974.972614 0.000000 0.000000     0.444184     1.472288 
2459975.903912 0.000000 0.000000     0.331385     1.474051 
2459976.835210 0.000000 0.000000     0.257852     1.477123 
2459977.766508 0.000000 0.000000     0.225143     1.483290 
2459978.697805 0.000000 0.000000     0.193537     1.494310 
2459979.629103 0.000000 0.000000     0.131511     1.509039 
2459980.560401 0.000000 0.000000     0.050502     1.523049 
2459981.491699 0.000000 0.000000    -0.003056     1.532374 
2459982.422997 0.000000 0.000000     0.012275     1.536559 
2459983.354295 0.000000 0.000000     0.098701     1.537723 
2459984.285592 0.000000 0.000000     0.221148     1.537806 
2459985.216890 0.000000 0.000000     0.341396     1.537235 
2459986.148188 0.000000 0.000000     0.450083     1.534518 
2459987.079486 0.000000 0.000000     0.563696     1.524838 
2459988.010784 0.000000 0.000000     0.686793     1.500522 
2459988.942082 0.000000 0.000000     0.775658     1.457214 
2459989.873380 0.000000 0.000000     0.744976     1.401601 
2459990.804677 0.000000 0.000000     0.525658     1.350991 
2459991.735975 0.000000 0.000000     0.135187     1.320593 
2459992.667273 0.000000 0.000000    -0.298196     1.311440 
2459993.598571 0.000000 0.000000    -0.588772     1.313807 
2459994.529869 0.000000 0.000000    -0.598146     1.316772 
2459995.461167 0.000000 0.000000    -0.322469     1.314265 
2459996.392465 0.000000 0.000000     0.100507     1.308163 
2459997.323762 0.000000 0.000000     0.472718     1.304580 
2459998.255060 0.000000 0.000000     0.651233     1.305799 
2459999.186358 0.000000 0.000000     0.620275     1.309667 
2460000.117656 0.000000 0.000000     0.475495     1.314875 
2460001.048954 0.000000 0.000000     0.340208     1.322090 
2460001.980252 0.000000 0.000000     0.279407     1.334024 
2460002.911549 0.000000 0.000000     0.272065     1.356613 
2460003.842847 0.000000 0.000000     0.252817     1.392881 
2460004.774145 0.000000 0.000000     0.181248     1.434954 
2460005.705443 0.000000 0.000000     0.081354     1.469587 
2460006.636741 0.000000 0.000000     0.024011     1.489815 
2460007.568039 0.000000 0.000000     0.073256     1.497911 
2460008.499337 0.000000 0.000000     0.242953     1.499955 
2460009.430634 0.000000 0.000000     0.495337     1.500076 
2460010.361932 0.000000 0.000000     0.773716     1.498833 
2460011.293230 0.000000 0.000000     1.033909     1.492220 
2460012.224528 0.000000 0.000000     1.246237     1.468909 
2460013.155826 0.000000 0.000000     1.373280     1.412646 
2460014.087124 0.000000 0.000000     1.356196     1.313720 
2460015.018422 0.000000 0.000000     1.137350     1.183070 
2460015.949719 0.000000 0.000000     0.712240     1.059848 
2460016.881017 0.000000 0.000000     0.169458     0.990253 
2460017.812315 0.000000 0.000000    -0.323955     0.974850 
2460018.743613 0.000000 0.000000    -0.597500     0.979290 
2460019.674911 0.000000 0.000000    -0.570318     0.981436 
2460020.606209 0.000000 0.000000    -0.299913     0.975244 
2460021.537506 0.000000 0.000000     0.050004     0.966182 
2460022.468804 0.000000 0.000000     0.304313     0.963772 
2460023.400102 0.000000 0.000000     0.372608     0.970384 
2460024.331400 0.000000 0.000000     0.285694     0.983903 
2460025.262698 0.000000 0.000000     0.154288     1.003517 
2460026.193996 0.000000 0.000000     0.084672     1.028662 
2460027.125294 0.000000 0.000000     0.111187     1.065744 
2460028.056591 0.000000 0.000000     0.187559     1.127402 
2460028.987889 0.000000 0.000000     0.234972     1.209177 
2460029.919187 0.000000 0.000000     0.207711     1.286689 
2460030.850485 0.000000 0.000000     0.131213     1.340494 
2460031.781783 0.000000 0.000000     0.091293     1.368052 
2460032.713081 0.000000 0.000000     0.186053     1.378062 
2460033.644379 0.000000 0.000000     0.471123     1.380366 
2460034.575676 0.000000 0.000000     0.926399     1.380613 
2460035.506974 0.000000 0.000000     1.456603     1.379614 
2460036.438272 0.000000 0.000000     1.921827     1.370671 
2460037.369570 0.000000 0.000000     2.185151     1.337039 
2460038.300868 0.000000 0.000000     2.161125     1.258047 
2460039.232166 0.000000 0.000000     1.848334     1.120974 
2460040.163464 0.000000 0.000000     1.332012     0.930325 
2460041.094761 0.000000 0.000000     0.752163     0.716056 
2460042.026059 0.000000 0.000000     0.248443     0.552205 
2460042.957357 0.000000 0.000000    -0.093060     0.503200 
2460043.888655 0.000000 0.000000    -0.264772     0.496233 
2460044.819953 0.000000 0.000000    -0.323173     0.493159 
2460045.751251 0.000000 0.000000    -0.346628     0.495945 
2460046.682548 0.000000 0.000000    -0.391868     0.501939 
2460047.613846 0.000000 0.000000    -0.471925     0.513702 
2460048.545144 0.000000 0.000000    -0.561037     0.537283 
2460049.476442 0.000000 0.000000    -0.615508     0.578341 
2460050.407740 0.000000 0.000000    -0.595823     0.630366 
2460051.339038 0.000000 0.000000    -0.483012     0.683557 
2460052.270336 0.000000 0.000000    -0.289665     0.748325 
2460053.201633 0.000000 0.000000    -0.063882     0.837019 
2460054.132931 0.000000 0.000000     0.122757     0.932606 
2460055.064229 0.000000 0.000000     0.210713     1.008677 
2460055.995527 0.000000 0.000000     0.201404     1.055106 
2460056.926825 0.000000 0.000000     0.186752     1.077571 
2460057.858123 0.000000 0.000000     0.322984     1.085881 
2460058.789421 0.000000 0.000000     0.742389     1.087158 
2460059.720718 0.000000 0.000000     1.446746     1.088256 
2460060.652016 0.000000 0.000000     2.257335     1.093273 
2460061.583314 0.000000 0.000000     2.875165     1.094140 
2460062.514612 0.000000 0.000000     3.034702     1.074641 
2460063.445910 0.000000 0.000000     2.661360     1.024654 
2460064.377208 0.000000 0.000000     1.925613     0.944472 
2460065.308505 0.000000 0.000000     1.147247     0.840314 
2460066.239803 0.000000 0.000000     0.605321     0.732428 
2460067.171101 0.000000 0.000000     0.378712     0.684107 
2460068.102399 0.000000 0.000000     0.323867     0.724430 
2460069.033697 0.000000 0.000000     0.200001     0.767213 
2460069.964995 0.000000 0.000000    -0.152080     0.756742 
2460070.896293 0.000000 0.000000    -0.704780     0.696106 
2460071.827590 0.000000 0.000000    -1.278004     0.635214 
2460072.758888 0.000000 0.000000    -1.672210     0.625009 
2460073.690186 0.000000 0.000000    -1.791897     0.627088 
2460074.621484 0.000000 0.000000    -1.672860     0.595247 
2460075.552782 0.000000 0.000000    -1.413904     0.542330 
2460076.484080 0.000000 0.000000    -1.090136     0.512091 
2460077.415378 0.000000 0.000000    -0.726855     0.508504 
2460078.346675 0.000000 0.000000    -0.343570     0.510907 
2460079.277973 0.000000 0.000000    -0.003620     0.523384 
2460080.209271 0.000000 0.000000     0.203123     0.544619 
2460081.140569 0.000000 0.000000     0.248288     0.569402 
2460082.071867 0.000000 0.000000     0.244226     0.596764 
2460083.003165 0.000000 0.000000     0.418284     0.611386 
2460083.934462 0.000000 0.000000     0.963346     0.607179 
2460084.865760 0.000000 0.000000     1.859644     0.620394 
2460085.797058 0.000000 0.000000     2.813992     0.673827 
2460086.728356 0.000000 0.000000     3.394878     0.731173 
2460087.659654 0.000000 0.000000     3.295863     0.780634 
2460088.590952 0.000000 0.000000     2.548006     0.842489 
2460089.522250 0.000000 0.000000     1.520068     0.910556 
2460090.453547 0.000000 0.000000     0.690696     0.959034 
2460091.384845 0.000000 0.000000     0.344231     0.989526 
2460092.316143 0.000000 0.000000     0.402382     1.027532 
2460093.247441 0.000000 0.000000     0.507664     1.073440 
2460094.178739 0.000000 0.000000     0.292138     1.094976 
2460095.110037 0.000000 0.000000    -0.365498     1.072764 
2460096.041335 0.000000 0.000000    -1.272578     1.025384 
2460096.972632 0.000000 0.000000    -2.074228     0.995394 
2460097.903930 0.000000 0.000000    -2.493441     0.994714 
2460098.835228 0.000000 0.000000    -2.479550     0.993951 
2460099.766526 0.000000 0.000000    -2.176225     0.978808 
2460100.697824 0.000000 0.000000    -1.768788     0.964395 
2460101.629122 0.000000 0.000000    -1.353932     0.965765 
2460102.560420 0.000000 0.000000    -0.931378     0.981107 
2460103.491717 0.000000 0.000000    -0.494392     1.004796 
2460104.423015 0.000000 0.000000    -0.106073     1.031991 
2460105.354313 0.000000 0.000000     0.130298     1.055325 
2460106.285611 0.000000 0.000000     0.187843     1.070695 
2460107.216909 0.000000 0.000000     0.202808     1.079179 
2460108.148207 0.000000 0.000000     0.422949     1.081922 
2460109.079504 0.000000 0.000000     1.024570     1.081481 
2460110.010802 0.000000 0.000000     1.931922     1.084620 
2460110.942100 0.000000 0.000000     2.797515     1.093543 
2460111.873398 0.000000 0.000000     3.191653     1.103223 
2460112.804696 0.000000 0.000000     2.884582     1.117450 
2460113.735994 0.000000 0.000000     2.017529     1.150584 
2460114.667292 0.000000 0.000000     1.026567     1.201963 
2460115.598589 0.000000 0.000000     0.361315     1.252746 
2460116.529887 0.000000 0.000000     0.194280     1.291940 
2460117.461185 0.000000 0.000000     0.326695     1.322133 
2460118.392483 0.000000 0.000000     0.353280     1.342700 
2460119.323781 0.000000 0.000000    -0.039602     1.343831 
2460120.255079 0.000000 0.000000    -0.858388     1.321771 
2460121.186377 0.000000 0.000000    -1.813613     1.290662 
2460122.117674 0.000000 0.000000    -2.529431     1.270825 
2460123.048972 0.000000 0.000000    -2.783862     1.265338 
2460123.980270 0.000000 0.000000    -2.609278     1.262601 
2460124.911568 0.000000 0.000000    -2.206570     1.257714 
2460125.842866 0.000000 0.000000    -1.770740     1.255567 
2460126.774164 0.000000 0.000000    -1.376295     1.260225 
2460127.705461 0.000000 0.000000    -0.997260     1.271705 
2460128.636759 0.000000 0.000000    -0.611123     1.288434 
2460129.568057 0.000000 0.000000    -0.268408     1.306468 
2460130.499355 0.000000 0.000000    -0.053947     1.320607 
2460131.430653 0.000000 0.000000     0.022391     1.328741 
2460132.361951 0.000000 0.000000     0.091053     1.332258 
2460133.293249 0.000000 0.000000     0.359090     1.333122 
2460134.224546 0.000000 0.000000     0.945589     1.333253 
2460135.155844 0.000000 0.000000     1.744848     1.334537 
2460136.087142 0.000000 0.000000     2.442855     1.336652 
2460137.018440 0.000000 0.000000     2.700280     1.338132 
2460137.949738 0.000000 0.000000     2.380158     1.342330 
2460138.881036 0.000000 0.000000     1.651062     1.357632 
2460139.812334 0.000000 0.000000     0.880625     1.386805 
2460140.743631 0.000000 0.000000     0.389038     1.421208 
2460141.674929 0.000000 0.000000     0.238754     1.450039 
2460142.606227 0.000000 0.000000     0.211694     1.468270 
2460143.537525 0.000000 0.000000    -0.013181     1.472565 
2460144.468823 0.000000 0.000000    -0.615391     1.456558 
2460145.400121 0.000000 0.000000    -1.498875     1.417282 
2460146.331419 0.000000 0.000000    -2.357343     1.365730 
2460147.262716 0.000000 0.000000    -2.879060     1.324027 
2460148.194014 0.000000 0.000000    -2.935988     1.304390 
2460149.125312 0.000000 0.000000    -2.628480     1.298911 
2460150.056610 0.000000 0.000000    -2.175522     1.296864 
2460150.987908 0.000000 0.000000    -1.753982     1.296372 
2460151.919206 0.000000 0.000000    -1.412149     1.298935 
2460152.850503 0.000000 0.000000    -1.105134     1.304638 
2460153.781801 0.000000 0.000000    -0.793969     1.312573 
2460154.713099 0.000000 0.000000    -0.505308     1.320795 
2460155.644397 0.000000 0.000000    -0.297086     1.326911 
2460156.575695 0.000000 0.000000    -0.169869     1.330080 
2460157.506993 0.000000 0.000000    -0.019207     1.331202 
2460158.438291 0.000000 0.000000     0.308309     1.331559 
2460159.369588 0.000000 0.000000     0.886149     1.332162 
2460160.300886 0.000000 0.000000     1.610506     1.333585 
2460161.232184 0.000000 0.000000     2.226431     1.335620 
2460162.163482 0.000000 0.000000     2.475995     1.338177 
2460163.094780 0.000000 0.000000     2.266435     1.345163 
2460164.026078 0.000000 0.000000     1.731618     1.366191 
2460164.957376 0.000000 0.000000     1.135470     1.406299 
2460165.888673 0.000000 0.000000     0.685206     1.454626 
2460166.819971 0.000000 0.000000     0.392410     1.493506 
2460167.751269 0.000000 0.000000     0.085294     1.512399 
2460168.682567 0.000000 0.000000    -0.438470     1.504940 
2460169.613865 0.000000 0.000000    -1.234620     1.460534 
2460170.545163 0.000000 0.000000    -2.143790     1.370578 
2460171.476460 0.000000 0.000000    -2.880855     1.247189 
2460172.407758 0.000000 0.000000    -3.213445     1.134706 
2460173.339056 0.000000 0.000000    -3.098935     1.078230 
2460174.270354 0.000000 0.000000    -2.687540     1.065719 
2460175.201652 0.000000 0.000000    -2.203228     1.062498 
2460176.132950 0.000000 0.000000    -1.801100     1.059814 
2460177.064248 0.000000 0.000000    -1.504523     1.059847 
2460177.995545 0.000000 0.000000    -1.250901     1.061652 
2460178.926843 0.000000 0.000000    -0.986470     1.064418 
2460179.858141 0.000000 0.000000    -0.719852     1.067983 
2460180.789439 0.000000 0.000000    -0.491903     1.070860 
2460181.720737 0.000000 0.000000    -0.300421     1.071911 
2460182.652035 0.000000 0.000000    -0.061436     1.072074 
2460183.583333 0.000000 0.000000     0.342958     1.073140 
2460184.514630 0.000000 0.000000     0.959408     1.075988 
2460185.445928 0.000000 0.000000     1.687900     1.081335 
2460186.377226 0.000000 0.000000     2.308489     1.089839 
2460187.308524 0.000000 0.000000     2.603762     1.103015 
2460188.239822 0.000000 0.000000     2.491356     1.134392 
2460189.171120 0.000000 0.000000     2.066928     1.207269 
2460190.102417 0.000000 0.000000     1.523669     1.314851 
2460191.033715 0.000000 0.000000     1.009297     1.417718 
2460191.965013 0.000000 0.000000     0.530306     1.486417 
2460192.896311 0.000000 0.000000    -0.023561     1.513353 
2460193.827609 0.000000 0.000000    -0.755813     1.495435 
2460194.758907 0.000000 0.000000    -1.639526     1.420372 
2460195.690205 0.000000 0.000000    -2.492649     1.274211 
2460196.621502 0.000000 0.000000    -3.074682     1.059063 
2460197.552800 0.000000 0.000000    -3.234013     0.809860 
2460198.484098 0.000000 0.000000    -2.998065     0.621774 
2460199.415396 0.000000 0.000000    -2.544248     0.565872 
2460200.346694 0.000000 0.000000    -2.080247     0.537296 
2460201.277992 0.000000 0.000000    -1.725598     0.508063 
2460202.209290 0.000000 0.000000    -1.475855     0.498045 
2460203.140587 0.000000 0.000000    -1.259010     0.495872 
2460204.071885 0.000000 0.000000    -1.022039     0.501239 
2460205.003183 0.000000 0.000000    -0.770658     0.517350 
2460205.934481 0.000000 0.000000    -0.535460     0.529358 
2460206.865779 0.000000 0.000000    -0.306776     0.529132 
2460207.797077 0.000000 0.000000    -0.009014     0.530249 
2460208.728375 0.000000 0.000000     0.450533     0.546731 
2460209.659672 0.000000 0.000000     1.092078     0.577362 
2460210.590970 0.000000 0.000000     1.808633     0.623769 
2460211.522268 0.000000 0.000000     2.400201     0.681929 
2460212.453566 0.000000 0.000000     2.681454     0.757763 
2460213.384864 0.000000 0.000000     2.587009     0.893955 
2460214.316162 0.000000 0.000000     2.196952     1.086148 
2460215.247459 0.000000 0.000000     1.665496     1.272661 
2460216.178757 0.000000 0.000000     1.109821     1.410415 
2460217.110055 0.000000 0.000000     0.545241     1.488889 
2460218.041353 0.000000 0.000000    -0.086199     1.515346 
2460218.972651 0.000000 0.000000    -0.822003     1.495746 
2460219.903949 0.000000 0.000000    -1.600337     1.428164 
2460220.835247 0.000000 0.000000    -2.263079     1.317680 
2460221.766544 0.000000 0.000000    -2.642185     1.196349 
2460222.697842 0.000000 0.000000    -2.664830     1.115395 
2460223.629140 0.000000 0.000000    -2.398724     1.088999 
2460224.560438 0.000000 0.000000    -2.005918     1.084616 
2460225.491736 0.000000 0.000000    -1.642613     1.081668 
2460226.423034 0.000000 0.000000    -1.379133     1.079648 
2460227.354332 0.000000 0.000000    -1.191883     1.079322 
2460228.285629 0.000000 0.000000    -1.019199     1.079667 
2460229.216927 0.000000 0.000000    -0.825439     1.080805 
2460230.148225 0.000000 0.000000    -0.619468     1.082568 
2460231.079523 0.000000 0.000000    -0.419713     1.083505 
2460232.010821 0.000000 0.000000    -0.207059     1.083357 
2460232.942119 0.000000 0.000000     0.082787     1.083876 
2460233.873416 0.000000 0.000000     0.511936     1.085950 
2460234.804714 0.000000 0.000000     1.073515     1.089730 
2460235.736012 0.000000 0.000000     1.662859     1.096610 
2460236.667310 0.000000 0.000000     2.117659     1.107132 
2460237.598608 0.000000 0.000000     2.304009     1.127316 
2460238.529906 0.000000 0.000000     2.187983     1.179219 
2460239.461204 0.000000 0.000000     1.842048     1.273829 
2460240.392501 0.000000 0.000000     1.385005     1.381836 
2460241.323799 0.000000 0.000000     0.903645     1.466559 
2460242.255097 0.000000 0.000000     0.415161     1.514143 
2460243.186395 0.000000 0.000000    -0.105989     1.528540 
2460244.117693 0.000000 0.000000    -0.665254     1.516325 
2460245.048991 0.000000 0.000000    -1.204962     1.482675 
2460245.980289 0.000000 0.000000    -1.618705     1.439184 
2460246.911586 0.000000 0.000000    -1.813184     1.404222 
2460247.842884 0.000000 0.000000    -1.769507     1.387741 
2460248.774182 0.000000 0.000000    -1.556917     1.383764 
2460249.705480 0.000000 0.000000    -1.289594     1.383029 
2460250.636778 0.000000 0.000000    -1.060165     1.382380 
2460251.568076 0.000000 0.000000    -0.898030     1.382050 
2460252.499373 0.000000 0.000000    -0.777229     1.382086 
2460253.430671 0.000000 0.000000    -0.658325     1.382299 
2460254.361969 0.000000 0.000000    -0.524999     1.382712 
2460255.293267 0.000000 0.000000    -0.386323     1.383172 
2460256.224565 0.000000 0.000000    -0.249074     1.383329 
2460257.155863 0.000000 0.000000    -0.091557     1.383297 
2460258.087161 0.000000 0.000000     0.131536     1.383533 
2460259.018458 0.000000 0.000000     0.452100     1.384103 
2460259.949756 0.000000 0.000000     0.848529     1.385114 
2460260.881054 0.000000 0.000000     1.237788     1.386946 
2460261.812352 0.000000 0.000000     1.511327     1.389795 
2460262.743650 0.000000 0.000000     1.592280     1.396335 
2460263.674948 0.000000 0.000000     1.474223     1.413987 
2460264.606246 0.000000 0.000000     1.215319     1.446831 
2460265.537543 0.000000 0.000000     0.895027     1.486235 
2460266.468841 0.000000 0.000000     0.567211     1.518139 
2460267.400139 0.000000 0.000000     0.243153     1.535726 
2460268.331437 0.000000 0.000000    -0.087775     1.540391 
2460269.262735 0.000000 0.000000    -0.421866     1.535668 
2460270.194033 0.000000 0.000000    -0.721725     1.525124 
2460271.125331 0.000000 0.000000    -0.930350     1.513780 
2460272.056628 0.000000 0.000000    -1.007040     1.506286 
2460272.987926 0.000000 0.000000    -0.956144     1.503395 
2460273.919224 0.000000 0.000000    -0.826149     1.502816 
2460274.850522 0.000000 0.000000    -0.680410     1.502666 
2460275.781820 0.000000 0.000000    -0.562126     1.502524 
2460276.713118 0.000000 0.000000    -0.478424     1.502470 
2460277.644415 0.000000 0.000000    -0.411320     1.502496 
2460278.575713 0.000000 0.000000    -0.341920     1.502567 
2460279.507011 0.000000 0.000000    -0.266035     1.502683 
2460280.438309 0.000000 0.000000    -0.189774     1.502785 
2460281.369607 0.000000 0.000000    -0.112764     1.502800 
2460282.300905 0.000000 0.000000    -0.017675     1.502801 
2460283.232203 0.000000 0.000000     0.121194     1.502886 
2460284.163500 0.000000 0.000000     0.314988     1.503041 
2460285.094798 0.000000 0.000000     0.541568     1.503323 
2460286.026096 0.000000 0.000000     0.748002     1.503818 
2460286.957394 0.000000 0.000000     0.875400     1.504627 
2460287.888692 0.000000 0.000000     0.889891     1.506746 
2460288.819990 0.000000 0.000000     0.798528     1.512207 
2460289.751288 0.000000 0.000000     0.640090     1.521627 
2460290.682585 0.000000 0.000000     0.459090     1.532329 
2460291.613883 0.000000 0.000000     0.282454     1.540579 
2460292.545181 0.000000 0.000000     0.114335     1.544831 
2460293.476479 0.000000 0.000000    -0.050699     1.545789 
2460294.407777 0.000000 0.000000    -0.209696     1.544669 
2460295.339075 0.000000 0.000000    -0.344259     1.542576 
2460296.270372 0.000000 0.000000    -0.429732     1.540639 
2460297.201670 0.000000 0.000000    -0.452316     1.539548 
2460298.132968 0.000000 0.000000    -0.419839     1.539196 
2460299.064266 0.000000 0.000000    -0.357741     1.539134 
2460299.995564 0.000000 0.000000    -0.293836     1.539108 
2460300.926862 0.000000 0.000000    -0.243727     1.539085 
2460301.858160 0.000000 0.000000    -0.206990     1.539078 
2460302.789457 0.000000 0.000000    -0.174813     1.539083 
2460303.720755 0.000000 0.000000    -0.140802     1.539096 
2460304.652053 0.000000 0.000000    -0.105466     1.539116 
2460305.583351 0.000000 0.000000    -0.071637     1.539129 
2460306.514649 0.000000 0.000000    -0.036633     1.539127 
2460307.445947 0.000000 0.000000     0.010121     1.539131 
2460308.377245 0.000000 0.000000     0.080271     1.539151 
2460309.308542 0.000000 0.000000     0.175230     1.539183 
2460310.239840 0.000000 0.000000     0.279724     1.539243 
2460311.171138 0.000000 0.000000     0.366479     1.539344 
2460312.102436 0.000000 0.000000     0.409874     1.539527 
2460313.033734 0.000000 0.000000     0.399511     1.540044 
2460313.965032 0.000000 0.000000     0.344514     1.541264 
2460314.896329 0.000000 0.000000     0.266225     1.543155 
2460315.827627 0.000000 0.000000     0.185146     1.545112 
2460316.758925 0.000000 0.000000     0.111413     1.546494 
2460317.690223 0.000000 0.000000     0.044514     1.547143 
2460318.621521 0.000000 0.000000    -0.019434     1.547269 
2460319.552819 0.000000 0.000000    -0.079792     1.547118 
2460320.484117 0.000000 0.000000    -0.129304     1.546876 
2460321.415414 0.000000 0.000000    -0.158811     1.546682 
2460322.346712 0.000000 0.000000    -0.164274     1.546589 
2460323.278010 0.000000 0.000000    -0.150185     1.546564 
2460324.209308 0.000000 0.000000    -0.126850     1.546560 
2460325.140606 0.000000 0.000000    -0.104063     1.546557 
2460326.071904 0.000000 0.000000    -0.086199     1.546554 
2460327.003202 0.000000 0.000000    -0.072055     1.546553 
2460327.934499 0.000000 0.000000    -0.058552     1.546554 
2460328.865797 0.000000 0.000000    -0.044500     1.546555 
2460329.797095 0.000000 0.000000    -0.031111     1.546557 
2460330.728393 0.000000 0.000000    -0.019288     1.546558 
2460331.659691 0.000000 0.000000    -0.006762     1.546558 
2460332.590989 0.000000 0.000000     0.011669     1.546559 
2460333.522287 0.000000 0.000000     0.040317     1.546561 
2460334.453584 0.000000 0.000000     0.078034     1.546566 
2460335.384882 0.000000 0.000000     0.116766     1.546574 
2460336.316180 0.000000 0.000000     0.144927     1.546587 
2460337.247478 0.000000 0.000000     0.153625     1.546615 
2460338.178776 0.000000 0.000000     0.141523     1.546695 
2460339.110074 0.000000 0.000000     0.115075     1.546862 
2460340.041371 0.000000 0.000000     0.084168     1.547093 
2460340.972669 0.000000 0.000000     0.056404     1.547308 
2460341.903967 0.000000 0.000000     0.033895     1.547446 
2460342.835265 0.000000 0.000000     0.014307     1.547504 
2460343.766563 0.000000 0.000000    -0.005320     1.547513 
2460344.697861 0.000000 0.000000    -0.025204     1.547500 
2460345.629159 0.000000 0.000000    -0.042337     1.547482 
2460346.560456 0.000000 0.000000    -0.052829     1.547468 
2460347.491754 0.000000 0.000000    -0.054908     1.547463 
2460348.423052 0.000000 0.000000    -0.050154     1.547461 
2460349.354350 0.000000 0.000000    -0.042254     1.547461 
2460350.285648 0.000000 0.000000    -0.034517     1.547460 
2460351.216946 0.000000 0.000000    -0.028208     1.547460 
2460352.148244 0.000000 0.000000    -0.022765     1.547461 
2460353.079541 0.000000 0.000000    -0.017316     1.547461 
2460354.010839 0.000000 0.000000    -0.011908     1.547462 
2460354.942137 0.000000 0.000000    -0.007331     1.547462 
2460355.873435 0.000000 0.000000    -0.003841     1.547462 
2460356.804733 0.000000 0.000000    -0.000170     1.547463 
2460357.736031 0.000000 0.000000     0.006014     1.547463 
2460358.667328 0.000000 0.000000     0.016288     1.547463 
2460359.598626 0.000000 0.000000     0.029694     1.547463 
2460360.529924 0.000000 0.000000     0.042552     1.547464 
2460361.461222 0.000000 0.000000     0.050277     1.547465 
2460362.392520 0.000000 0.000000     0.050073     1.547468 
2460363.323818 0.000000 0.000000     0.042616     1.547476 
2460364.255116 0.000000 0.000000     0.031527     1.547491 
2460365.186413 0.000000 0.000000     0.021014     1.547510 
2460366.117711 0.000000 0.000000     0.013355     1.547527 
2460367.049009 0.000000 0.000000     0.007951     1.547537 
2460367.980307 0.000000 0.000000     0.002458     1.547541 
2460368.911605 0.000000 0.000000    -0.004993     1.547540 
2460369.842903 0.000000 0.000000    -0.014177     1.547536 
2460370.774201 0.000000 0.000000    -0.022866     1.547531 
2460371.705498 0.000000 0.000000    -0.028407     1.547528 
2460372.636796 0.000000 0.000000    -0.029490     1.547526 
2460373.568094 0.000000 0.000000    -0.026844     1.547525 
2460374.499392 0.000000 0.000000    -0.022477     1.547525 
2460375.430690 0.000000 0.000000    -0.018246     1.547525 
2460376.361988 0.000000 0.000000    -0.014869     1.547525 
2460377.293286 0.000000 0.000000    -0.012028     1.547525 
2460378.224583 0.000000 0.000000    -0.009208     1.547525 
2460379.155881 0.000000 0.000000    -0.006412     1.547526 
2460380.087179 0.000000 0.000000    -0.004083     1.547526 
2460381.018477 0.000000 0.000000    -0.002393     1.547526 
2460381.949775 0.000000 0.000000    -0.000673     1.547526 
2460382.881073 0.000000 0.000000     0.002351     1.547526 
2460383.812370 0.000000 0.000000     0.007552     1.547526 
2460384.743668 0.000000 0.000000     0.014406     1.547526 
2460385.674966 0.000000 0.000000     0.020907     1.547527 
2460386.606264 0.000000 0.000000     0.024609     1.547527 
2460387.537562 0.000000 0.000000     0.024142     1.547527 
2460388.468860 0.000000 0.000000     0.020075     1.547529 
2460389.400158 0.000000 0.000000     0.014468     1.547532 
2460390.331455 0.000000 0.000000     0.009414     1.547537 
2460391.262753 0.000000 0.000000     0.005633     1.547541 
2460392.194051 0.000000 0.000000     0.002169     1.547544 
2460393.125349 0.000000 0.000000    -0.002611     1.547544 
2460394.056647 0.000000 0.000000    -0.009501     1.547542 
2460394.987945 0.000000 0.000000    -0.017570     1.547536 
2460395.919243 0.000000 0.000000    -0.024573     1.547530 
2460396.850540 0.000000 0.000000    -0.028342     1.547524 
2460397.781838 0.000000 0.000000    -0.028119     1.547522 
2460398.713136 0.000000 0.000000    -0.024891     1.547521 
2460399.644434 0.000000 0.000000    -0.020585     1.547521 
2460400.575732 0.000000 0.000000    -0.016803     1.547521 
2460401.507030 0.000000 0.000000    -0.014042     1.547521 
2460402.438327 0.000000 0.000000    -0.011861     1.547521 
2460403.369625 0.000000 0.000000    -0.009662     1.547521 
2460404.300923 0.000000 0.000000    -0.007328     1.547521 
2460405.232221 0.000000 0.000000    -0.005168     1.547521 
2460406.163519 0.000000 0.000000    -0.003326     1.547521 
2460407.094817 0.000000 0.000000    -0.001298     1.547521 
2460408.026115 0.000000 0.000000     0.001893     1.547521 
2460408.957412 0.000000 0.000000     0.006890     1.547521 
2460409.888710 0.000000 0.000000     0.013210     1.547522 
2460410.820008 0.000000 0.000000     0.019198     1.547522 
2460411.751306 0.000000 0.000000     0.022861     1.547522 
2460412.682604 0.000000 0.000000     0.023059     1.547523 
2460413.613902 0.000000 0.000000     0.020142     1.547525 
2460414.545200 0.000000 0.000000     0.015569     1.547530 
2460415.476497 0.000000 0.000000     0.010793     1.547536 
2460416.407795 0.000000 0.000000     0.006274     1.547541 
2460417.339093 0.000000 0.000000     0.001377     1.547544 
2460418.270391 0.000000 0.000000    -0.004784     1.547544 
2460419.201689 0.000000 0.000000    -0.012254     1.547540 
2460420.132987 0.000000 0.000000    -0.019787     1.547533 
2460421.064284 0.000000 0.000000    -0.025410     1.547526 
2460421.995582 0.000000 0.000000    -0.027614     1.547521 
2460422.926880 0.000000 0.000000    -0.026280     1.547519 
2460423.858178 0.000000 0.000000    -0.022684     1.547518 
2460424.789476 0.000000 0.000000    -0.018626     1.547518 
2460425.720774 0.000000 0.000000    -0.015358     1.547518 
2460426.652072 0.000000 0.000000    -0.013084     1.547518 
2460427.583369 0.000000 0.000000    -0.011262     1.547518 
2460428.514667 0.000000 0.000000    -0.009337     1.547518 
2460429.445965 0.000000 0.000000    -0.007219     1.547518 
2460430.377263 0.000000 0.000000    -0.005152     1.547518 
2460431.308561 0.000000 0.000000    -0.003183     1.547518 
2460432.239859 0.000000 0.000000    -0.000817     1.547518 
2460433.171157 0.000000 0.000000     0.002738     1.547518 
2460434.102454 0.000000 0.000000     0.007865     1.547518 
2460435.033752 0.000000 0.000000     0.013950     1.547519 
2460435.965050 0.000000 0.000000     0.019456     1.547519 
2460436.896348 0.000000 0.000000     0.022701     1.547519 
2460437.827646 0.000000 0.000000     0.022799     1.547521 
2460438.758944 0.000000 0.000000     0.020095     1.547524 
2460439.690242 0.000000 0.000000     0.015778     1.547530 
2460440.621539 0.000000 0.000000     0.010991     1.547537 
2460441.552837 0.000000 0.000000     0.006149     1.547542 
2460442.484135 0.000000 0.000000     0.000943     1.547545 
2460443.415433 0.000000 0.000000    -0.004998     1.547544 
2460444.346731 0.000000 0.000000    -0.011393     1.547541 
2460445.278029 0.000000 0.000000    -0.017136     1.547536 
2460446.209326 0.000000 0.000000    -0.020844     1.547531 
2460447.140624 0.000000 0.000000    -0.021711     1.547529 
2460448.071922 0.000000 0.000000    -0.020026     1.547528 
2460449.003220 0.000000 0.000000    -0.016979     1.547528 
2460449.934518 0.000000 0.000000    -0.013909     1.547528 
2460450.865816 0.000000 0.000000    -0.011581     1.547528 
2460451.797114 0.000000 0.000000    -0.009965     1.547528 
2460452.728411 0.000000 0.000000    -0.008589     1.547528 
2460453.659709 0.000000 0.000000    -0.007080     1.547528 
2460454.591007 0.000000 0.000000    -0.005429     1.547528 
2460455.522305 0.000000 0.000000    -0.003797     1.547528 
2460456.453603 0.000000 0.000000    -0.002127     1.547528 
2460457.384901 0.000000 0.000000     0.000025     1.547528 
2460458.316199 0.000000 0.000000     0.003205     1.547528 
2460459.247496 0.000000 0.000000     0.007530     1.547528 
2460460.178794 0.000000 0.000000     0.012351     1.547528 
2460461.110092 0.000000 0.000000     0.016426     1.547528 
2460462.041390 0.000000 0.000000     0.018557     1.547529 
2460462.972688 0.000000 0.000000     0.018235     1.547530 
2460463.903986 0.000000 0.000000     0.015841     1.547532 
2460464.835283 0.000000 0.000000     0.012289     1.547537 
2460465.766581 0.000000 0.000000     0.008401     1.547541 
2460466.697879 0.000000 0.000000     0.004486     1.547544 
2460467.629177 0.000000 0.000000     0.000419     1.547546 
2460468.560475 0.000000 0.000000    -0.003915     1.547546 
2460469.491773 0.000000 0.000000    -0.008208     1.547544 
2460470.423071 0.000000 0.000000    -0.011718     1.547542 
2460471.354368 0.000000 0.000000    -0.013671     1.547540 
2460472.285666 0.000000 0.000000    -0.013765     1.547539 
2460473.216964 0.000000 0.000000    -0.012386     1.547539 
2460474.148262 0.000000 0.000000    -0.010368     1.547539 
2460475.079560 0.000000 0.000000    -0.008500     1.547539 
2460476.010858 0.000000 0.000000    -0.007136     1.547539 
2460476.942156 0.000000 0.000000    -0.006158     1.547539 
2460477.873453 0.000000 0.000000    -0.005261     1.547539 
2460478.804751 0.000000 0.000000    -0.004266     1.547539 
2460479.736049 0.000000 0.000000    -0.003205     1.547539 
2460480.667347 0.000000 0.000000    -0.002157     1.547539 
2460481.598645 0.000000 0.000000    -0.001015     1.547539 
2460482.529943 0.000000 0.000000     0.000544     1.547539 
2460483.461240 0.000000 0.000000     0.002819     1.547539 
2460484.392538 0.000000 0.000000     0.005761     1.547539 
2460485.323836 0.000000 0.000000     0.008836     1.547539 
2460486.255134 0.000000 0.000000     0.011223     1.547539 
2460487.186432 0.000000 0.000000     0.012238     1.547539 
2460488.117730 0.000000 0.000000     0.011685     1.547540 
2460489.049028 0.000000 0.000000     0.009910     1.547541 
2460489.980325 0.000000 0.000000     0.007520     1.547543 
2460490.911623 0.000000 0.000000     0.005007     1.547545 
2460491.842921 0.000000 0.000000     0.002549     1.547546 
2460492.774219 0.000000 0.000000     0.000091     1.547547 
2460493.705517 0.000000 0.000000    -0.002394     1.547547 
2460494.636815 0.000000 0.000000    -0.004700     1.547546 
2460495.568113 0.000000 0.000000    -0.006435     1.547545 
2460496.499410 0.000000 0.000000    -0.007253     1.547545 
2460497.430708 0.000000 0.000000    -0.007098     1.547545 
2460498.362006 0.000000 0.000000    -0.006258     1.547545 
2460499.293304 0.000000 0.000000    -0.005192     1.547545 
2460500.224602 0.000000 0.000000    -0.004269     1.547545 
2460501.155900 0.000000 0.000000    -0.003603     1.547545 
2460502.087198 0.000000 0.000000    -0.003095     1.547545 
2460503.018495 0.000000 0.000000    -0.002596     1.547545 
2460503.949793 0.000000 0.000000    -0.002050     1.547545 
2460504.881091 0.000000 0.000000    -0.001494     1.547545 
2460505.812389 0.000000 0.000000    -0.000945     1.547545 
2460506.743687 0.000000 0.000000    -0.000306     1.547545 
2460507.674985 0.000000 0.000000     0.000612     1.547545 
2460508.606282 0.000000 0.000000     0.001930     1.547545 
2460509.537580 0.000000 0.000000     0.003552     1.547545 
2460510.468878 0.000000 0.000000     0.005132     1.547545 
2460511.400176 0.000000 0.000000     0.006230     1.547545 
2460512.331474 0.000000 0.000000     0.006536     1.547545 
2460513.262772 0.000000 0.000000     0.006031     1.547545 
2460514.194070 0.000000 0.000000     0.004960     1.547546 
2460515.125367 0.000000 0.000000     0.003659     1.547546 
2460516.056665 0.000000 0.000000     0.002370     1.547547 
2460516.987963 0.000000 0.000000     0.001163     1.547547 
2460517.919261 0.000000 0.000000    -0.000000     1.547547 
2460518.850559 0.000000 0.000000    -0.001129     1.547547 
2460519.781857 0.000000 0.000000    -0.002127     1.547547 
2460520.713155 0.000000 0.000000    -0.002825     1.547547 
2460521.644452 0.000000 0.000000    -0.003100     1.547547 
2460522.575750 0.000000 0.000000    -0.002965     1.547547 
2460523.507048 0.000000 0.000000    -0.002573     1.547547 
2460524.438346 0.000000 0.000000    -0.002124     1.547547 
2460525.369644 0.000000 0.000000    -0.001751     1.547547 
2460526.300942 0.000000 0.000000    -0.001476     1.547547 
2460527.232239 0.000000 0.000000    -0.001247     1.547547 
2460528.163537 0.000000 0.000000    -0.001013     1.547547 
2460529.094835 0.000000 0.000000    -0.000767     1.547547 
2460530.026133 0.000000 0.000000    -0.000532     1.547547 
2460530.957431 0.000000 0.000000    -0.000301     1.547547 
2460531.888729 0.000000 0.000000    -0.000011     1.547547 
2460532.820027 0.000000 0.000000     0.000426     1.547547 
2460533.751324 0.000000 0.000000     0.001046     1.547547 
2460534.682622 0.000000 0.000000     0.001767     1.547547 
2460535.613920 0.000000 0.000000     0.002413     1.547547 
2460536.545218 0.000000 0.000000     0.002791     1.547547 
2460537.476516 0.000000 0.000000     0.002799     1.547547 
2460538.407814 0.000000 0.000000     0.002472     1.547547 
2460539.339112 0.000000 0.000000     0.001950     1.547547 
2460540.270409 0.000000 0.000000     0.001389     1.547547 
2460541.201707 0.000000 0.000000     0.000879     1.547547 
2460542.133005 0.000000 0.000000     0.000429     1.547547 
2460543.064303 0.000000 0.000000     0.000007     1.547547 
2460543.995601 0.000000 0.000000    -0.000399     1.547547 
2460544.926899 0.000000 0.000000    -0.000755     1.547547 
2460545.858196 0.000000 0.000000    -0.000995     1.547547 
2460546.789494 0.000000 0.000000    -0.001078     1.547547 
2460547.720792 0.000000 0.000000    -0.001018     1.547547 
2460548.652090 0.000000 0.000000    -0.000876     1.547547 
2460549.583388 0.000000 0.000000    -0.000721     1.547547 
2460550.514686 0.000000 0.000000    -0.000593     1.547547 
2460551.445984 0.000000 0.000000    -0.000493     1.547547 
2460552.377281 0.000000 0.000000    -0.000401     1.547547 
2460553.308579 0.000000 0.000000    -0.000306     1.547547 
2460554.239877 0.000000 0.000000    -0.000214     1.547547 
2460555.171175 0.000000 0.000000    -0.000135     1.547547 
2460556.102473 0.000000 0.000000    -0.000059     1.547547 
2460557.033771 0.000000 0.000000     0.000045     1.547547 
2460557.965069 0.000000 0.000000     0.000215     1.547547 
2460558.896366 0.000000 0.000000     0.000452     1.547547 
2460559.827664 0.000000 0.000000     0.000713     1.547547 
2460560.758962 0.000000 0.000000     0.000922     1.547547 
2460561.690260 0.000000 0.000000     0.001009     1.547547 
2460562.621558 0.000000 0.000000     0.000952     1.547547 
2460563.552856 0.000000 0.000000     0.000787     1.547547 
2460564.484154 0.000000 0.000000     0.000581     1.547547 
2460565.415451 0.000000 0.000000     0.000394     1.547547 
2460566.346749 0.000000 0.000000     0.000247     1.547547 
2460567.278047 0.000000 0.000000     0.000125     1.547547 
2460568.209345 0.000000 0.000000     0.000003     1.547547 
2460569.140643 0.000000 0.000000    -0.000129     1.547547 
2460570.071941 0.000000 0.000000    -0.000255     1.547547 
2460571.003238 0.000000 0.000000    -0.000346     1.547547 
2460571.934536 0.000000 0.000000    -0.000380     1.547547 
2460572.865834 0.000000 0.000000    -0.000361     1.547547 
2460573.797132 0.000000 0.000000    -0.000310     1.547547 
2460574.728430 0.000000 0.000000    -0.000254     1.547547 
2460575.659728 0.000000 0.000000    -0.000207     1.547547 
2460576.591026 0.000000 0.000000    -0.000167     1.547547 
2460577.522323 0.000000 0.000000    -0.000129     1.547547 
2460578.453621 0.000000 0.000000    -0.000090     1.547547 
2460579.384919 0.000000 0.000000    -0.000056     1.547547 
2460580.316217 0.000000 0.000000    -0.000031     1.547547 
2460581.247515 0.000000 0.000000    -0.000009     1.547547 
2460582.178813 0.000000 0.000000     0.000025     1.547547 
2460583.110111 0.000000 0.000000     0.000087     1.547547 
2460584.041408 0.000000 0.000000     0.000174     1.547547 
2460584.972706 0.000000 0.000000     0.000267     1.547547 
2460585.904004 0.000000 0.000000     0.000332     1.547547 
2460586.835302 0.000000 0.000000     0.000345     1.547547 
2460587.766600 0.000000 0.000000     0.000303     1.547547 
2460588.697898 0.000000 0.000000     0.000228     1.547547 
2460589.629195 0.000000 0.000000     0.000152     1.547547 
2460590.560493 0.000000 0.000000     0.000096     1.547547 
2460591.491791 0.000000 0.000000     0.000058     1.547547 
2460592.423089 0.000000 0.000000     0.000021     1.547547 
2460593.354387 0.000000 0.000000    -0.000032     1.547547 
2460594.285685 0.000000 0.000000    -0.000104     1.547547 
2460595.216983 0.000000 0.000000    -0.000178     1.547547 
2460596.148280 0.000000 0.000000    -0.000232     1.547547 
2460597.079578 0.000000 0.000000    -0.000250     1.547547 
2460598.010876 0.000000 0.000000    -0.000235     1.547547 
2460598.942174 0.000000 0.000000    -0.000200     1.547547 
2460599.873472 0.000000 0.000000    -0.000163     1.547547 
2460600.804770 0.000000 0.000000    -0.000133     1.547547 
2460601.736068 0.000000 0.000000    -0.000109     1.547547 
2460602.667365 0.000000 0.000000    -0.000087     1.547547 
2460603.598663 0.000000 0.000000    -0.000064     1.547547 
2460604.529961 0.000000 0.000000    -0.000043     1.547547 
2460605.461259 0.000000 0.000000    -0.000028     1.547547 
2460606.392557 0.000000 0.000000    -0.000014     1.547547 
2460607.323855 0.000000 0.000000     0.000008     1.547547 
2460608.255152 0.000000 0.000000     0.000045     1.547547 
2460609.186450 0.000000 0.000000     0.000099     1.547547 
2460610.117748 0.000000 0.000000     0.000156     1.547547 
2460611.049046 0.000000 0.000000     0.000196     1.547547 
2460611.980344 0.000000 0.000000     0.000205     1.547547 
2460612.911642 0.000000 0.000000     0.000181     1.547547 
2460613.842940 0.000000 0.000000     0.000139     1.547547 
2460614.774237 0.000000 0.000000     0.000095     1.547547 
2460615.705535 0.000000 0.000000     0.000059     1.547547 
2460616.636833 0.000000 0.000000     0.000027     1.547547 
2460617.568131 0.000000 0.000000    -0.000014     1.547547 
2460618.499429 0.000000 0.000000    -0.000071     1.547547 
2460619.430727 0.000000 0.000000    -0.000141     1.547547 
2460620.362025 0.000000 0.000000    -0.000206     1.547547 
2460621.293322 0.000000 0.000000    -0.000246     1.547547 
2460622.224620 0.000000 0.000000    -0.000251     1.547547 
2460623.155918 0.000000 0.000000    -0.000227     1.547547 
2460624.087216 0.000000 0.000000    -0.000190     1.547547 
2460625.018514 0.000000 0.000000    -0.000155     1.547547 
2460625.949812 0.000000 0.000000    -0.000129     1.547547 
2460626.881110 0.000000 0.000000    -0.000110     1.547547 
2460627.812407 0.000000 0.000000    -0.000092     1.547547 
2460628.743705 0.000000 0.000000    -0.000072     1.547547 
2460629.675003 0.000000 0.000000    -0.000052     1.547547 
2460630.606301 0.000000 0.000000    -0.000035     1.547547 
2460631.537599 0.000000 0.000000    -0.000018     1.547547 
2460632.468897 0.000000 0.000000     0.000007     1.547547 
2460633.400194 0.000000 0.000000     0.000047     1.547547 
2460634.331492 0.000000 0.000000     0.000101     1.547547 
2460635.262790 0.000000 0.000000     0.000156     1.547547 
2460636.194088 0.000000 0.000000     0.000196     1.547547 
2460637.125386 0.000000 0.000000     0.000207     1.547547 
2460638.056684 0.000000 0.000000     0.000190     1.547547 
2460638.987982 0.000000 0.000000     0.000154     1.547547 
2460639.919279 0.000000 0.000000     0.000111     1.547547 
2460640.850577 0.000000 0.000000     0.000069     1.547547 
2460641.781875 0.000000 0.000000     0.000026     1.547547 
2460642.713173 0.000000 0.000000    -0.000025     1.547547 
2460643.644471 0.000000 0.000000    -0.000088     1.547547 
2460644.575769 0.000000 0.000000    -0.000153     1.547547 
2460645.507067 0.000000 0.000000    -0.000205     1.547547 
2460646.438364 0.000000 0.000000    -0.000231     1.547547 
2460647.369662 0.000000 0.000000    -0.000226     1.547547 
2460648.300960 0.000000 0.000000    -0.000199     1.547547 
2460649.232258 0.000000 0.000000    -0.000164     1.547547 
2460650.163556 0.000000 0.000000    -0.000135     1.547547 
2460651.094854 0.000000 0.000000    -0.000114     1.547547 
2460652.026151 0.000000 0.000000    -0.000099     1.547547 
2460652.957449 0.000000 0.000000    -0.000083     1.547547 
2460653.888747 0.000000 0.000000    -0.000066     1.547547 
2460654.820045 0.000000 0.000000    -0.000048     1.547547 
2460655.751343 0.000000 0.000000    -0.000031     1.547547 
2460656.682641 0.000000 0.000000    -0.000013     1.547547 
2460657.613939 0.000000 0.000000     0.000015     1.547547 
2460658.545236 0.000000 0.000000     0.000055     1.547547 
2460659.476534 0.000000 0.000000     0.000105     1.547547 
2460660.407832 0.000000 0.000000     0.000154     1.547547 
2460661.339130 0.000000 0.000000     0.000187     1.547547 
2460662.270428 0.000000 0.000000     0.000196     1.547547 
2460663.201726 0.000000 0.000000     0.000179     1.547547 
2460664.133024 0.000000 0.000000     0.000145     1.547547 
2460665.064321 0.000000 0.000000     0.000105     1.547547 
2460665.995619 0.000000 0.000000     0.000064     1.547547 
2460666.926917 0.000000 0.000000     0.000021     1.547547 
2460667.858215 0.000000 0.000000    -0.000026     1.547547 
2460668.789513 0.000000 0.000000    -0.000078     1.547547 
2460669.720811 0.000000 0.000000    -0.000126     1.547547 
2460670.652109 0.000000 0.000000    -0.000161     1.547547 
2460671.583406 0.000000 0.000000    -0.000173     1.547547 
2460672.514704 0.000000 0.000000    -0.000164     1.547547 
2460673.446002 0.000000 0.000000    -0.000141     1.547547 
2460674.377300 0.000000 0.000000    -0.000116     1.547547 
2460675.308598 0.000000 0.000000    -0.000096     1.547547 
2460676.239896 0.000000 0.000000    -0.000082     1.547547 
2460677.171193 0.000000 0.000000    -0.000071     1.547547 
2460678.102491 0.000000 0.000000    -0.000059     1.547547 
2460679.033789 0.000000 0.000000    -0.000047     1.547547 
2460679.965087 0.000000 0.000000    -0.000033     1.547547 
2460680.896385 0.000000 0.000000    -0.000020     1.547547 
2460681.827683 0.000000 0.000000    -0.000004     1.547547 
2460682.758981 0.000000 0.000000     0.000019     1.547547 
2460683.690278 0.000000 0.000000     0.000051     1.547547 
2460684.621576 0.000000 0.000000     0.000089     1.547547 
2460685.552874 0.000000 0.000000     0.000124     1.547547 
2460686.484172 0.000000 0.000000     0.000146     1.547547 
2460687.415470 0.000000 0.000000     0.000148     1.547547 
2460688.346768 0.000000 0.000000     0.000133     1.547547 
2460689.278066 0.000000 0.000000     0.000106     1.547547 
2460690.209363 0.000000 0.000000     0.000076     1.547547 
2460691.140661 0.000000 0.000000     0.000044     1.547547 
2460692.071959 0.000000 0.000000     0.000013     1.547547 
2460693.003257 0.000000 0.000000    -0.000020     1.547547 
2460693.934555 0.000000 0.000000    -0.000054     1.547547 
2460694.865853 0.000000 0.000000    -0.000083     1.547547 
2460695.797150 0.000000 0.000000    -0.000101     1.547547 
2460696.728448 0.000000 0.000000    -0.000105     1.547547 
2460697.659746 0.000000 0.000000    -0.000097     1.547547 
2460698.591044 0.000000 0.000000    -0.000082     1.547547 
2460699.522342 0.000000 0.000000    -0.000067     1.547547 
2460700.453640 0.000000 0.000000    -0.000056     1.547547 
2460701.384938 0.000000 0.000000    -0.000048     1.547547 
2460702.316235 0.000000 0.000000    -0.000041     1.547547 
2460703.247533 0.000000 0.000000    -0.000034     1.547547 
2460704.178831 0.000000 0.000000    -0.000026     1.547547 
2460705.110129 0.000000 0.000000    -0.000018     1.547547 
2460706.041427 0.000000 0.000000    -0.000010     1.547547 
2460706.972725 0.000000 0.000000     0.000001     1.547547 
2460707.904023 0.000000 0.000000     0.000017     1.547547 
2460708.835320 0.000000 0.000000     0.000038     1.547547 
2460709.766618 0.000000 0.000000     0.000062     1.547547 
2460710.697916 0.000000 0.000000     0.000081     1.547547 
2460711.629214 0.000000 0.000000     0.000092     1.547547 
2460712.560512 0.000000 0.000000     0.000091     1.547547 
2460713.491810 0.000000 0.000000     0.000079     1.547547 
2460714.423107 0.000000 0.000000     0.000062     1.547547 
2460715.354405 0.000000 0.000000     0.000043     1.547547 
2460716.285703 0.000000 0.000000     0.000024     1.547547 
2460717.217001 0.000000 0.000000     0.000006     1.547547 
2460718.148299 0.000000 0.000000    -0.000012     1.547547 
2460719.079597 0.000000 0.000000    -0.000029     1.547547 
2460720.010895 0.000000 0.000000    -0.000043     1.547547 
2460720.942192 0.000000 0.000000    -0.000051     1.547547 
2460721.873490 0.000000 0.000000    -0.000052     1.547547 
2460722.804788 0.000000 0.000000    -0.000047     1.547547 
2460723.736086 0.000000 0.000000    -0.000039     1.547547 
2460724.667384 0.000000 0.000000    -0.000032     1.547547 
2460725.598682 0.000000 0.000000    -0.000027     1.547547 
2460726.529980 0.000000 0.000000    -0.000023     1.547547 
2460727.461277 0.000000 0.000000    -0.000019     1.547547 
2460728.392575 0.000000 0.000000    -0.000015     1.547547 
2460729.323873 0.000000 0.000000    -0.000011     1.547547 
2460730.255171 0.000000 0.000000    -0.000008     1.547547 
2460731.186469 0.000000 0.000000    -0.000003     1.547547 
2460732.117767 0.000000 0.000000     0.000003     1.547547 
2460733.049065 0.000000 0.000000     0.000011     1.547547 
2460733.980362 0.000000 0.000000     0.000023     1.547547 
2460734.911660 0.000000 0.000000     0.000034     1.547547 
2460735.842958 0.000000 0.000000     0.000043     1.547547 
2460736.774256 0.000000 0.000000     0.000047     1.547547 
2460737.705554 0.000000 0.000000     0.000045     1.547547 
2460738.636852 0.000000 0.000000     0.000038     1.547547 
2460739.568149 0.000000 0.000000     0.000028     1.547547 
2460740.499447 0.000000 0.000000     0.000019     1.547547 
2460741.430745 0.000000 0.000000     0.000011     1.547547 
2460742.362043 0.000000 0.000000     0.000002     1.547547 
2460743.293341 0.000000 0.000000    -0.000005     1.547547 
2460744.224639 0.000000 0.000000    -0.000013     1.547547 
2460745.155937 0.000000 0.000000    -0.000018     1.547547 
2460746.087234 0.000000 0.000000    -0.000021     1.547547 
2460747.018532 0.000000 0.000000    -0.000020     1.547547 
2460747.949830 0.000000 0.000000    -0.000018     1.547547 
2460748.881128 0.000000 0.000000    -0.000015     1.547547 
2460749.812426 0.000000 0.000000    -0.000012     1.547547 
2460750.743724 0.000000 0.000000    -0.000010     1.547547 
2460751.675022 0.000000 0.000000    -0.000009     1.547547 
2460752.606319 0.000000 0.000000    -0.000007     1.547547 
2460753.537617 0.000000 0.000000    -0.000005     1.547547 
2460754.468915 0.000000 0.000000    -0.000004     1.547547 
2460755.400213 0.000000 0.000000    -0.000002     1.547547 
2460756.331511 0.000000 0.000000    -0.000001     1.547547 
2460757.262809 0.000000 0.000000     0.000002     1.547547 
2460758.194106 0.000000 0.000000     0.000006     1.547547 
2460759.125404 0.000000 0.000000     0.000011     1.547547 
2460760.056702 0.000000 0.000000     0.000016     1.547547 
2460760.988000 0.000000 0.000000     0.000019     1.547547 
2460761.919298 0.000000 0.000000     0.000019     1.547547 
2460762.850596 0.000000 0.000000     0.000017     1.547547 
2460763.781894 0.000000 0.000000     0.000014     1.547547 
2460764.713191 0.000000 0.000000     0.000010     1.547547 
2460765.644489 0.000000 0.000000     0.000007     1.547547 
2460766.575787 0.000000 0.000000     0.000004     1.547547 
2460767.507085 0.000000 0.000000     0.000001     1.547547 
2460768.438383 0.000000 0.000000    -0.000002     1.547547 
2460769.369681 0.000000 0.000000    -0.000004     1.547547 
2460770.300979 0.000000 0.000000    -0.000006     1.547547 
2460771.232276 0.000000 0.000000    -0.000007     1.547547 
2460772.163574 0.000000 0.000000    -0.000007     1.547547 
2460773.094872 0.000000 0.000000    -0.000006     1.547547 
2460774.026170 0.000000 0.000000    -0.000005     1.547547 
2460774.957468 0.000000 0.000000    -0.000004     1.547547 
2460775.888766 0.000000 0.000000    -0.000003     1.547547 
2460776.820063 0.000000 0.000000    -0.000003     1.547547 
2460777.751361 0.000000 0.000000    -0.000002     1.547547 
2460778.682659 0.000000 0.000000    -0.000001     1.547547 
2460779.613957 0.000000 0.000000    -0.000001     1.547547 
2460780.545255 0.000000 0.000000    -0.000000     1.547547 
2460781.476553 0.000000 0.000000     0.000000     1.547547 
2460782.407851 0.000000 0.000000     0.000001     1.547547 
2460783.339148 0.000000 0.000000     0.000003     1.547547 
2460784.270446 0.000000 0.000000     0.000004     1.547547 
2460785.201744 0.000000 0.000000     0.000006     1.547547 
2460786.133042 0.000000 0.000000     0.000007     1.547547 
2460787.064340 0.000000 0.000000     0.000006     1.547547 
2460787.995638 0.000000 0.000000     0.000005     1.547547 
2460788.926936 0.000000 0.000000     0.000004     1.547547 
2460789.858233 0.000000 0.000000     0.000003     1.547547 
2460790.789531 0.000000 0.000000     0.000002     1.547547 
2460791.720829 0.000000 0.000000     0.000001     1.547547 
2460792.652127 0.000000 0.000000     0.000000     1.547547 
2460793.583425 0.000000 0.000000    -0.000001     1.547547 
2460794.514723 0.000000 0.000000    -0.000002     1.547547 
2460795.446021 0.000000 0.000000    -0.000002     1.547547 
2460796.377318 0.000000 0.000000    -0.000003     1.547547 
2460797.308616 0.000000 0.000000    -0.000003     1.547547 
2460798.239914 0.000000 0.000000    -0.000002     1.547547 
2460799.171212 0.000000 0.000000    -0.000002     1.547547 
2460800.102510 0.000000 0.000000    -0.000002     1.547547 
2460801.033808 0.000000 0.000000    -0.000001     1.547547 
2460801.965105 0.000000 0.000000    -0.000001     1.547547 
2460802.896403 0.000000 0.000000    -0.000001     1.547547 
2460803.827701 0.000000 0.000000    -0.000000     1.547547 
2460804.758999 0.000000 0.000000    -0.000000     1.547547 
2460805.690297 0.000000 0.000000    -0.000000     1.547547 
2460806.621595 0.000000 0.000000     0.000000     1.547547 
2460807.552893 0.000000 0.000000     0.000000     1.547547 
2460808.484190 0.000000 0.000000     0.000001     1.547547 
2460809.415488 0.000000 0.000000     0.000002     1.547547 
2460810.346786 0.000000 0.000000     0.000002     1.547547 
2460811.278084 0.000000 0.000000     0.000002     1.547547 
2460812.209382 0.000000 0.000000     0.000002     1.547547 
2460813.140680 0.000000 0.000000     0.000002     1.547547 
2460814.071978 0.000000 0.000000     0.000001     1.547547 
2460815.003275 0.000000 0.000000     0.000001     1.547547 
2460815.934573 0.000000 0.000000     0.000000     1.547547 
2460816.865871 0.000000 0.000000     0.000000     1.547547 
2460817.797169 0.000000 0.000000    -0.000000     1.547547 
2460818.728467 0.000000 0.000000    -0.000001     1.547547 
2460819.659765 0.000000 0.000000    -0.000001     1.547547 
2460820.591062 0.000000 0.000000    -0.000002     1.547547 
2460821.522360 0.000000 0.000000    -0.000002     1.547547 
2460822.453658 0.000000 0.000000    -0.000002     1.547547 
2460823.384956 0.000000 0.000000    -0.000002     1.547547 
2460824.316254 0.000000 0.000000    -0.000001     1.547547 
2460825.247552 0.000000 0.000000    -0.000001     1.547547 
2460826.178850 0.000000 0.000000    -0.000001     1.547547 
2460827.110147 0.000000 0.000000    -0.000001     1.547547 
2460828.041445 0.000000 0.000000    -0.000001     1.547547 
2460828.972743 0.000000 0.000000    -0.000000     1.547547 
2460829.904041 0.000000 0.000000    -0.000000     1.547547 
2460830.835339 0.000000 0.000000    -0.000000     1.547547 
2460831.766637 0.000000 0.000000    -0.000000     1.547547 
2460832.697935 0.000000 0.000000     0.000000     1.547547 
2460833.629232 0.000000 0.000000     0.000001     1.547547 
2460834.560530 0.000000 0.000000     0.000001     1.547547 
2460835.491828 0.000000 0.000000     0.000002     1.547547 
2460836.423126 0.000000 0.000000     0.000002     1.547547 
2460837.354424 0.000000 0.000000     0.000002     1.547547 
2460838.285722 0.000000 0.000000     0.000001     1.547547 
2460839.217019 0.000000 0.000000     0.000001     1.547547 
2460840.148317 0.000000 0.000000     0.000001     1.547547 
2460841.079615 0.000000 0.000000     0.000000     1.547547 
2460842.010913 0.000000 0.000000    -0.000000     1.547547 
2460842.942211 0.000000 0.000000    -0.000001     1.547547 
2460843.873509 0.000000 0.000000    -0.000001     1.547547 
2460844.804807 0.000000 0.000000    -0.000002     1.547547 
2460845.736104 0.000000 0.000000    -0.000002     1.547547 
2460846.667402 0.000000 0.000000    -0.000002     1.547547 
2460847.598700 0.000000 0.000000    -0.000002     1.547547 
2460848.529998 0.000000 0.000000    -0.000002     1.547547 
2460849.461296 0.000000 0.000000    -0.000001     1.547547 
2460850.392594 0.000000 0.000000    -0.000001     1.547547 
2460851.323892 0.000000 0.000000    -0.000001     1.547547 
2460852.255189 0.000000 0.000000    -0.000001     1.547547 
2460853.186487 0.000000 0.000000    -0.000001     1.547547 
2460854.117785 0.000000 0.000000    -0.000001     1.547547 
2460855.049083 0.000000 0.000000    -0.000000     1.547547 
2460855.980381 0.000000 0.000000    -0.000000     1.547547 
2460856.911679 0.000000 0.000000    -0.000000     1.547547 
2460857.842977 0.000000 0.000000     0.000000     1.547547 
2460858.774274 0.000000 0.000000     0.000001     1.547547 
2460859.705572 0.000000 0.000000     0.000001     1.547547 
2460860.636870 0.000000 0.000000     0.000002     1.547547 
2460861.568168 0.000000 0.000000     0.000002     1.547547 
2460862.499466 0.000000 0.000000     0.000002     1.547547 
2460863.430764 0.000000 0.000000     0.000001     1.547547 
2460864.362061 0.000000 0.000000     0.000001     1.547547 
2460865.293359 0.000000 0.000000     0.000001     1.547547 
2460866.224657 0.000000 0.000000     0.000000     1.547547 
2460867.155955 0.000000 0.000000    -0.000000     1.547547 
2460868.087253 0.000000 0.000000    -0.000001     1.547547 
2460869.018551 0.000000 0.000000    -0.000001     1.547547 
2460869.949849 0.000000 0.000000    -0.000002     1.547547 
2460870.881146 0.000000 0.000000    -0.000002     1.547547 
2460871.812444 0.000000 0.000000    -0.000002     1.547547 
2460872.743742 0.000000 0.000000    -0.000002     1.547547 
2460873.675040 0.000000 0.000000    -0.000001     1.547547 
2460874.606338 0.000000 0.000000    -0.000001     1.547547 
2460875.537636 0.000000 0.000000    -0.000001     1.547547 
2460876.468934 0.000000 0.000000    -0.000001     1.547547 
2460877.400231 0.000000 0.000000    -0.000001     1.547547 
2460878.331529 0.000000 0.000000    -0.000001     1.547547 
2460879.262827 0.000000 0.000000    -0.000000     1.547547 
2460880.194125 0.000000 0.000000    -0.000000     1.547547 
2460881.125423 0.000000 0.000000    -0.000000     1.547547 
2460882.056721 0.000000 0.000000     0.000000     1.547547 
2460882.988018 0.000000 0.000000     0.000000     1.547547 
2460883.919316 0.000000 0.000000     0.000001     1.547547 
2460884.850614 0.000000 0.000000     0.000001     1.547547 
2460885.781912 0.000000 0.000000     0.000002     1.547547 
2460886.713210 0.000000 0.000000     0.000002     1.547547 
2460887.644508 0.000000 0.000000     0.000002     1.547547 
2460888.575806 0.000000 0.000000     0.000001     1.547547 
2460889.507103 0.000000 0.000000     0.000001     1.547547 
2460890.438401 0.000000 0.000000     0.000001     1.547547 
2460891.369699 0.000000 0.000000     0.000000     1.547547 
2460892.300997 0.000000 0.000000    -0.000000     1.547547 
2460893.232295 0.000000 0.000000    -0.000001     1.547547 
2460894.163593 0.000000 0.000000    -0.000001     1.547547 
2460895.094891 0.000000 0.000000    -0.000001     1.547547 
2460896.026188 0.000000 0.000000    -0.000001     1.547547 
2460896.957486 0.000000 0.000000    -0.000001     1.547547 
2460897.888784 0.000000 0.000000    -0.000001     1.547547 
2460898.820082 0.000000 0.000000    -0.000001     1.547547 
2460899.751380 0.000000 0.000000    -0.000001     1.547547 
2460900.682678 0.000000 0.000000    -0.000001     1.547547 
2460901.613975 0.000000 0.000000    -0.000001     1.547547 
2460902.545273 0.000000 0.000000    -0.000000     1.547547 
2460903.476571 0.000000 0.000000    -0.000000     1.547547 
2460904.407869 0.000000 0.000000    -0.000000     1.547547 
2460905.339167 0.000000 0.000000    -0.000000     1.547547 
2460906.270465 0.000000 0.000000    -0.000000     1.547547 
2460907.201763 0.000000 0.000000     0.000000     1.547547 
2460908.133060 0.000000 0.000000     0.000000     1.547547 
2460909.064358 0.000000 0.000000     0.000001     1.547547 
2460909.995656 0.000000 0.000000     0.000001     1.547547 
2460910.926954 0.000000 0.000000     0.000001     1.547547 
2460911.858252 0.000000 0.000000     0.000001     1.547547 
2460912.789550 0.000000 0.000000     0.000001     1.547547 
2460913.720848 0.000000 0.000000     0.000001     1.547547 
2460914.652145 0.000000 0.000000     0.000001     1.547547 
2460915.583443 0.000000 0.000000     0.000000     1.547547 
2460916.514741 0.000000 0.000000     0.000000     1.547547 
2460917.446039 0.000000 0.000000    -0.000000     1.547547 
2460918.377337 0.000000 0.000000    -0.000000     1.547547 
2460919.308635 0.000000 0.000000    -0.000001     1.547547 
2460920.239933 0.000000 0.000000    -0.000001     1.547547 
2460921.171230 0.000000 0.000000    -0.000001     1.547547 
2460922.102528 0.000000 0.000000    -0.000001     1.547547 
2460923.033826 0.000000 0.000000    -0.000001     1.547547 
2460923.965124 0.000000 0.000000    -0.000001     1.547547 
2460924.896422 0.000000 0.000000    -0.000000     1.547547 
2460925.827720 0.000000 0.000000    -0.000000     1.547547 
2460926.759017 0.000000 0.000000    -0.000000     1.547547 
2460927.690315 0.000000 0.000000    -0.000000     1.547547 
2460928.621613 0.000000 0.000000    -0.000000     1.547547 
2460929.552911 0.000000 0.000000    -0.000000     1.547547 
2460930.484209 0.000000 0.000000    -0.000000     1.547547 
2460931.415507 0.000000 0.000000    -0.000000     1.547547 
2460932.346805 0.000000 0.000000     0.000000     1.547547 
2460933.278102 0.000000 0.000000     0.000000     1.547547 
2460934.209400 0.000000 0.000000     0.000000     1.547547 
2460935.140698 0.000000 0.000000     0.000001     1.547547 
2460936.071996 0.000000 0.000000     0.000001     1.547547 
2460937.003294 0.000000 0.000000     0.000001     1.547547 
2460937.934592 0.000000 0.000000     0.000001     1.547547 
2460938.865890 0.000000 0.000000     0.000000     1.547547 
2460939.797187 0.000000 0.000000     0.000000     1.547547 
2460940.728485 0.000000 0.000000     0.000000     1.547547 
2460941.659783 0.000000 0.000000     0.000000     1.547547 
2460942.591081 0.000000 0.000000    -0.000000     1.547547 
2460943.522379 0.000000 0.000000    -0.000000     1.547547 
2460944.453677 0.000000 0.000000    -0.000000     1.547547 
2460945.384974 0.000000 0.000000    -0.000000     1.547547 
2460946.316272 0.000000 0.000000    -0.000000     1.547547 
2460947.247570 0.000000 0.000000    -0.000000     1.547547 
2460948.178868 0.000000 0.000000    -0.000000     1.547547 
2460949.110166 0.000000 0.000000    -0.000000     1.547547 
2460950.041464 0.000000 0.000000    -0.000000     1.547547 
2460950.972762 0.000000 0.000000    -0.000000     1.547547 
2460951.904059 0.000000 0.000000    -0.000000     1.547547 
2460952.835357 0.000000 0.000000    -0.000000     1.547547 
2460953.766655 0.000000 0.000000    -0.000000     1.547547 
2460954.697953 0.000000 0.000000    -0.000000     1.547547 
2460955.629251 0.000000 0.000000    -0.000000     1.547547 
2460956.560549 0.000000 0.000000     0.000000     1.547547 
2460957.491847 0.000000 0.000000     0.000000     1.547547 
2460958.423144 0.000000 0.000000     0.000000     1.547547 
2460959.354442 0.000000 0.000000     0.000000     1.547547 
2460960.285740 0.000000 0.000000     0.000000     1.547547 
2460961.217038 0.000000 0.000000     0.000000     1.547547 
2460962.148336 0.000000 0.000000     0.000000     1.547547 
2460963.079634 0.000000 0.000000     0.000000     1.547547 
2460964.010932 0.000000 0.000000     0.000000     1.547547 
2460964.942229 0.000000 0.000000     0.000000     1.547547 
2460965.873527 0.000000 0.000000     0.000000     1.547547 
2460966.804825 0.000000 0.000000     0.000000     1.547547 
2460967.736123 0.000000 0.000000    -0.000000     1.547547 
2460968.667421 0.000000 0.000000    -0.000000     1.547547 
2460969.598719 0.000000 0.000000    -0.000000     1.547547 
2460970.530016 0.000000 0.000000    -0.000000     1.547547 
2460971.461314 0.000000 0.000000    -0.000000     1.547547 
2460972.392612 0.000000 0.000000    -0.000000     1.547547 
2460973.323910 0.000000 0.000000    -0.000000     1.547547 
2460974.255208 0.000000 0.000000    -0.000000     1.547547 
2460975.186506 0.000000 0.000000    -0.000000     1.547547 
2460976.117804 0.000000 0.000000    -0.000000     1.547547 
2460977.049101 0.000000 0.000000    -0.000000     1.547547 
2460977.980399 0.000000 0.000000    -0.000000     1.547547 
2460978.911697 0.000000 0.000000    -0.000000     1.547547 
2460979.842995 0.000000 0.000000    -0.000000     1.547547 
2460980.774293 0.000000 0.000000    -0.000000     1.547547 
2460981.705591 0.000000 0.000000     0.000000     1.547547 
2460982.636889 0.000000 0.000000     0.000000     1.547547 
2460983.568186 0.000000 0.000000     0.000000     1.547547 
2460984.499484 0.000000 0.000000     0.000000     1.547547 
2460985.430782 0.000000 0.000000     0.000000     1.547547 
2460986.362080 0.000000 0.000000     0.000000     1.547547 
2460987.293378 0.000000 0.000000     0.000000     1.547547 
2460988.224676 0.000000 0.000000     0.000000     1.547547 
2460989.155973 0.000000 0.000000     0.000000     1.547547 
2460990.087271 0.000000 0.000000     0.000000     1.547547 
2460991.018569 0.000000 0.000000     0.000000     1.547547 
2460991.949867 0.000000 0.000000     0.000000     1.547547 
2460992.881165 0.000000 0.000000    -0.000000     1.547547 
2460993.812463 0.000000 0.000000    -0.000000     1.547547 
2460994.743761 0.000000 0.000000    -0.000000     1.547547 
2460995.675058 0.000000 0.000000    -0.000000     1.547547 
2460996.606356 0.000000 0.000000    -0.000000     1.547547 
2460997.537654 0.000000 0.000000    -0.000000     1.547547 
2460998.468952 0.000000 0.000000    -0.000000     1.547547 
2460999.400250 0.000000 0.000000    -0.000000     1.547547 
2461000.331548 0.000000 0.000000    -0.000000     1.547547 
2461001.262846 0.000000 0.000000    -0.000000     1.547547 
2461002.194143 0.000000 0.000000    -0.000000     1.547547 
2461003.125441 0.000000 0.000000    -0.000000     1.547547 
2461004.056739 0.000000 0.000000    -0.000000     1.547547 
2461004.988037 0.000000 0.000000    -0.000000     1.547547 
2461005.919335 0.000000 0.000000    -0.000000     1.547547 
2461006.850633 0.000000 0.000000     0.000000     1.547547 
2461007.781930 0.000000 0.000000     0.000000     1.547547 
2461008.713228 0.000000 0.000000     0.000000     1.547547 
2461009.644526 0.000000 0.000000     0.000000     1.547547 
2461010.575824 0.000000 0.000000     0.000000     1.547547 
2461011.507122 0.000000 0.000000     0.000000     1.547547 
2461012.438420 0.000000 0.000000     0.000000     1.547547 
2461013.369718 0.000000 0.000000     0.000000     1.547547 
2461014.301015 0.000000 0.000000     0.000000     1.547547 
2461015.232313 0.000000 0.000000     0.000000     1.547547 
2461016.163611 0.000000 0.000000     0.000000     1.547547 
2461017.094909 0.000000 0.000000     0.000000     1.547547 
2461018.026207 0.000000 0.000000    -0.000000     1.547547 
2461018.957505 0.000000 0.000000    -0.000000     1.547547 
2461019.888803 0.000000 0.000000    -0.000000     1.547547 
2461020.820100 0.000000 0.000000    -0.000000     1.547547 
2461021.751398 0.000000 0.000000    -0.000000     1.547547 
2461022.682696 0.000000 0.000000    -0.000000     1.547547 
2461023.613994 0.000000 0.000000    -0.000000     1.547547 
2461024.545292 0.000000 0.000000    -0.000000     1.547547 
2461025.476590 0.000000 0.000000    -0.000000     1.547547 
2461026.407888 0.000000 0.000000    -0.000000     1.547547 
2461027.339185 0.000000 0.000000    -0.000000     1.547547 
2461028.270483 0.000000 0.000000    -0.000000     1.547547 
2461029.201781 0.000000 0.000000    -0.000000     1.547547 
2461030.133079 0.000000 0.000000    -0.000000     1.547547 
2461031.064377 0.000000 0.000000    -0.000000     1.547547 
2461031.995675 0.000000 0.000000     0.000000     1.547547 
2461032.926972 0.000000 0.000000     0.000000     1.547547 
2461033.858270 0.000000 0.000000     0.000000     1.547547 
2461034.789568 0.000000 0.000000     0.000000     1.547547 
2461035.720866 0.000000 0.000000     0.000000     1.547547 
2461036.652164 0.000000 0.000000     0.000000     1.547547 
2461037.583462 0.000000 0.000000     0.000000     1.547547 
2461038.514760 0.000000 0.000000     0.000000     1.547547 
2461039.446057 0.000000 0.000000     0.000000     1.547547 
2461040.377355 0.000000 0.000000     0.000000     1.547547 
2461041.308653 0.000000 0.000000     0.000000     1.547547 
2461042.239951 0.000000 0.000000    -0.000000     1.547547 
2461043.171249 0.000000 0.000000    -0.000000     1.547547 
2461044.102547 0.000000 0.000000    -0.000000     1.547547 
2461045.033845 0.000000 0.000000    -0.000000     1.547547 
2461045.965142 0.000000 0.000000    -0.000000     1.547547 
2461046.896440 0.000000 0.000000    -0.000000     1.547547 
2461047.827738 0.000000 0.000000    -0.000000     1.547547 
2461048.759036 0.000000 0.000000    -0.000000     1.547547 
2461049.690334 0.000000 0.000000    -0.000000     1.547547 
2461050.621632 0.000000 0.000000    -0.000000     1.547547 
2461051.552929 0.000000 0.000000    -0.000000     1.547547 
2461052.484227 0.000000 0.000000    -0.000000     1.547547 
2461053.415525 0.000000 0.000000    -0.000000     1.547547 
2461054.346823 0.000000 0.000000    -0.000000     1.547547 
2461055.278121 0.000000 0.000000    -0.000000     1.547547 
2461056.209419 0.000000 0.000000    -0.000000     1.547547 
2461057.140717 0.000000 0.000000     0.000000     1.547547 
2461058.072014 0.000000 0.000000     0.000000     1.547547 
2461059.003312 0.000000 0.000000     0.000000     1.547547 
2461059.934610 0.000000 0.000000     0.000000     1.547547 
2461060.865908 0.000000 0.000000     0.000000     1.547547 
2461061.797206 0.000000 0.000000     0.000000     1.547547 
2461062.728504 0.000000 0.000000     0.000000     1.547547 
2461063.659802 0.000000 0.000000     0.000000     1.547547 
2461064.591099 0.000000 0.000000     0.000000     1.547547 
2461065.522397 0.000000 0.000000     0.000000     1.547547 
2461066.453695 0.000000 0.000000     0.000000     1.547547 
2461067.384993 0.000000 0.000000    -0.000000     1.547547 
2461068.316291 0.000000 0.000000    -0.000000     1.547547 
2461069.247589 0.000000 0.000000    -0.000000     1.547547 
2461070.178886 0.000000 0.000000    -0.000000     1.547547 
2461071.110184 0.000000 0.000000    -0.000000     1.547547 
2461072.041482 0.000000 0.000000    -0.000000     1.547547 
2461072.972780 0.000000 0.000000    -0.000000     1.547547 
2461073.904078 0.000000 0.000000    -0.000000     1.547547 
2461074.835376 0.000000 0.000000    -0.000000     1.547547 
2461075.766674 0.000000 0.000000    -0.000000     1.547547 
2461076.697971 0.000000 0.000000    -0.000000     1.547547 
2461077.629269 0.000000 0.000000    -0.000000     1.547547 
2461078.560567 0.000000 0.000000    -0.000000     1.547547 
2461079.491865 0.000000 0.000000    -0.000000     1.547547 
2461080.423163 0.000000 0.000000    -0.000000     1.547547 
2461081.354461 0.000000 0.000000    -0.000000     1.547547 
2461082.285759 0.000000 0.000000     0.000000     1.547547 
2461083.217056 0.000000 0.000000     0.000000     1.547547 
2461084.148354 0.000000 0.000000     0.000000     1.547547 
2461085.079652 0.000000 0.000000     0.000000     1.547547 
2461086.010950 0.000000 0.000000     0.000000     1.547547 
2461086.942248 0.000000 0.000000     0.000000     1.547547 
2461087.873546 0.000000 0.000000     0.000000     1.547547 
2461088.804844 0.000000 0.000000     0.000000     1.547547 
2461089.736141 0.000000 0.000000     0.000000     1.547547 
2461090.667439 0.000000 0.000000     0.000000     1.547547 
2461091.598737 0.000000 0.000000     0.000000     1.547547 
2461092.530035 0.000000 0.000000    -0.000000     1.547547 
2461093.461333 0.000000 0.000000    -0.000000     1.547547 
2461094.392631 0.000000 0.000000    -0.000000     1.547547 
2461095.323928 0.000000 0.000000    -0.000000     1.547547 
2461096.255226 0.000000 0.000000    -0.000000     1.547547 
2461097.186524 0.000000 0.000000    -0.000000     1.547547 
2461098.117822 0.000000 0.000000    -0.000000     1.547547 
2461099.049120 0.000000 0.000000    -0.000000     1.547547 
2461099.980418 0.000000 0.000000    -0.000000     1.547547 
2461100.911716 0.000000 0.000000    -0.000000     1.547547 
2461101.843013 0.000000 0.000000    -0.000000     1.547547 
2461102.774311 0.000000 0.000000    -0.000000     1.547547 
2461103.705609 0.000000 0.000000    -0.000000     1.547547 
2461104.636907 0.000000 0.000000    -0.000000     1.547547 
2461105.568205 0.000000 0.000000    -0.000000     1.547547 
2461106.499503 0.000000 0.000000     0.000000     1.547547 
2461107.430801 0.000000 0.000000     0.000000     1.547547 
2461108.362098 0.000000 0.000000     0.000000     1.547547 
2461109.293396 0.000000 0.000000     0.000000     1.547547 
2461110.224694 0.000000 0.000000     0.000000     1.547547 
2461111.155992 0.000000 0.000000     0.000000     1.547547 
2461112.087290 0.000000 0.000000     0.000000     1.547547 
2461113.018588 0.000000 0.000000     0.000000     1.547547 
2461113.949885 0.000000 0.000000     0.000000     1.547547 
2461114.881183 0.000000 0.000000     0.000000     1.547547 
2461115.812481 0.000000 0.000000     0.000000     1.547547 
2461116.743779 0.000000 0.000000     0.000000     1.547547 
2461117.675077 0.000000 0.000000    -0.000000     1.547547 
2461118.606375 0.000000 0.000000    -0.000000     1.547547 
2461119.537673 0.000000 0.000000    -0.000000     1.547547 
2461120.468970 0.000000 0.000000    -0.000000     1.547547 
2461121.400268 0.000000 0.000000    -0.000000     1.547547 
2461122.331566 0.000000 0.000000    -0.000000     1.547547 
2461123.262864 0.000000 0.000000    -0.000000     1.547547 
2461124.194162 0.000000 0.000000    -0.000000     1.547547 
2461125.125460 0.000000 0.000000    -0.000000     1.547547 
2461126.056758 0.000000 0.000000    -0.000000     1.547547 
2461126.988055 0.000000 0.000000    -0.000000     1.547547 
2461127.919353 0.000000 0.000000    -0.000000     1.547547 
2461128.850651 0.000000 0.000000    -0.000000     1.547547 
2461129.781949 0.000000 0.000000    -0.000000     1.547547 
2461130.713247 0.000000 0.000000    -0.000000     1.547547 
2461131.644545 0.000000 0.000000     0.000000     1.547547 
2461132.575842 0.000000 0.000000     0.000000     1.547547 
2461133.507140 0.000000 0.000000     0.000000     1.547547 
2461134.438438 0.000000 0.000000     0.000000     1.547547 
2461135.369736 0.000000 0.000000     0.000000     1.547547 
2461136.301034 0.000000 0.000000     0.000000     1.547547 
2461137.232332 0.000000 0.000000     0.000000     1.547547 
2461138.163630 0.000000 0.000000     0.000000     1.547547 
2461139.094927 0.000000 0.000000     0.000000     1.547547 
2461140.026225 0.000000 0.000000     0.000000     1.547547 
2461140.957523 0.000000 0.000000     0.000000     1.547547 
2461141.888821 0.000000 0.000000    -0.000000     1.547547 
2461142.820119 0.000000 0.000000    -0.000000     1.547547 
2461143.751417 0.000000 0.000000    -0.000000     1.547547 
2461144.682715 0.000000 0.000000    -0.000000     1.547547 
2461145.614012 0.000000 0.000000    -0.000000     1.547547 
2461146.545310 0.000000 0.000000    -0.000000     1.547547 
2461147.476608 0.000000 0.000000    -0.000000     1.547547 
2461148.407906 0.000000 0.000000    -0.000000     1.547547 
2461149.339204 0.000000 0.000000    -0.000000     1.547547 
2461150.270502 0.000000 0.000000    -0.000000     1.547547 
2461151.201800 0.000000 0.000000    -0.000000     1.547547 
2461152.133097 0.000000 0.000000    -0.000000     1.547547 
2461153.064395 0.000000 0.000000    -0.000000     1.547547 
2461153.995693 0.000000 0.000000    -0.000000     1.547547 
2461154.926991 0.000000 0.000000    -0.000000     1.547547 
2461155.858289 0.000000 0.000000    -0.000000     1.547547 
2461156.789587 0.000000 0.000000     0.000000     1.547547 
2461157.720884 0.000000 0.000000     0.000000     1.547547 
2461158.652182 0.000000 0.000000     0.000000     1.547547 
2461159.583480 0.000000 0.000000     0.000000     1.547547 
2461160.514778 0.000000 0.000000     0.000000     1.547547 
2461161.446076 0.000000 0.000000     0.000000     1.547547 
2461162.377374 0.000000 0.000000     0.000000     1.547547 
2461163.308672 0.000000 0.000000     0.000000     1.547547 
2461164.239969 0.000000 0.000000     0.000000     1.547547 
2461165.171267 0.000000 0.000000     0.000000     1.547547 
2461166.102565 0.000000 0.000000     0.000000     1.547547 
2461167.033863 0.000000 0.000000    -0.000000     1.547547 
2461167.965161 0.000000 0.000000    -0.000000     1.547547 
2461168.896459 0.000000 0.000000    -0.000000     1.547547 
2461169.827757 0.000000 0.000000    -0.000000     1.547547 
2461170.759054 0.000000 0.000000    -0.000000     1.547547 
2461171.690352 0.000000 0.000000    -0.000000     1.547547 
2461172.621650 0.000000 0.000000    -0.000000     1.547547 
2461173.552948 0.000000 0.000000    -0.000000     1.547547 
2461174.484246 0.000000 0.000000    -0.000000     1.547547 
2461175.415544 0.000000 0.000000    -0.000000     1.547547 
2461176.346841 0.000000 0.000000    -0.000000     1.547547 
2461177.278139 0.000000 0.000000    -0.000000     1.547547 
2461178.209437 0.000000 0.000000    -0.000000     1.547547 
2461179.140735 0.000000 0.000000    -0.000000     1.547547 
2461180.072033 0.000000 0.000000    -0.000000     1.547547 
2461181.003331 0.000000 0.000000    -0.000000     1.547547 
2461181.934629 0.000000 0.000000     0.000000     1.547547 
2461182.865926 0.000000 0.000000     0.000000     1.547547 
2461183.797224 0.000000 0.000000     0.000000     1.547547 
2461184.728522 0.000000 0.000000     0.000000     1.547547 
2461185.659820 0.000000 0.000000     0.000000     1.547547 
2461186.591118 0.000000 0.000000     0.000000     1.547547 
2461187.522416 0.000000 0.000000     0.000000     1.547547 
2461188.453714 0.000000 0.000000     0.000000     1.547547 
2461189.385011 0.000000 0.000000     0.000000     1.547547 
2461190.316309 0.000000 0.000000     0.000000     1.547547 
2461191.247607 0.000000 0.000000     0.000000     1.547547 
2461192.178905 0.000000 0.000000    -0.000000     1.547547 
2461193.110203 0.000000 0.000000    -0.000000     1.547547 
2461194.041501 0.000000 0.000000    -0.000000     1.547547 
2461194.972798 0.000000 0.000000    -0.000000     1.547547 
2461195.904096 0.000000 0.000000    -0.000000     1.547547 
2461196.835394 0.000000 0.000000    -0.000000     1.547547 
2461197.766692 0.000000 0.000000    -0.000000     1.547547 
2461198.697990 0.000000 0.000000    -0.000000     1.547547 
2461199.629288 0.000000 0.000000    -0.000000     1.547547 
2461200.560586 0.000000 0.000000    -0.000000     1.547547 
2461201.491883 0.000000 0.000000    -0.000000     1.547547 
2461202.423181 0.000000 0.000000    -0.000000     1.547547 
2461203.354479 0.000000 0.000000    -0.000000     1.547547 
2461204.285777 0.000000 0.000000    -0.000000     1.547547 
2461205.217075 0.000000 0.000000    -0.000000     1.547547 
2461206.148373 0.000000 0.000000     0.000000     1.547547 
2461207.079671 0.000000 0.000000     0.000000     1.547547 
2461208.010968 0.000000 0.000000     0.000000     1.547547 
2461208.942266 0.000000 0.000000     0.000000     1.547547 
2461209.873564 0.000000 0.000000     0.000000     1.547547 
2461210.804862 0.000000 0.000000     0.000000     1.547547 
2461211.736160 0.000000 0.000000     0.000000     1.547547 
2461212.667458 0.000000 0.000000     0.000000     1.547547 
2461213.598756 0.000000 0.000000     0.000000     1.547547 
2461214.530053 0.000000 0.000000     0.000000     1.547547 
2461215.461351 0.000000 0.000000     0.000000     1.547547 
2461216.392649 0.000000 0.000000     0.000000     1.547547 
2461217.323947 0.000000 0.000000    -0.000000     1.547547 
2461218.255245 0.000000 0.000000    -0.000000     1.547547 
2461219.186543 0.000000 0.000000    -0.000000     1.547547 
2461220.117840 0.000000 0.000000    -0.000000     1.547547 
2461221.049138 0.000000 0.000000    -0.000000     1.547547 
2461221.980436 0.000000 0.000000    -0.000000     1.547547 
2461222.911734 0.000000 0.000000    -0.000000     1.547547 
2461223.843032 0.000000 0.000000    -0.000000     1.547547 
2461224.774330 0.000000 0.000000    -0.000000     1.547547 
2461225.705628 0.000000 0.000000    -0.000000     1.547547 
2461226.636925 0.000000 0.000000    -0.000000     1.547547 
2461227.568223 0.000000 0.000000    -0.000000     1.547547 
2461228.499521 0.000000 0.000000    -0.000000     1.547547 
2461229.430819 0.000000 0.000000    -0.000000     1.547547 
2461230.362117 0.000000 0.000000    -0.000000     1.547547 
2461231.293415 0.000000 0.000000     0.000000     1.547547 
2461232.224713 0.000000 0.000000     0.000000     1.547547 
2461233.156010 0.000000 0.000000     0.000000     1.547547 
2461234.087308 0.000000 0.000000     0.000000     1.547547 
2461235.018606 0.000000 0.000000     0.000000     1.547547 
2461235.949904 0.000000 0.000000     0.000000     1.547547 
2461236.881202 0.000000 0.000000     0.000000     1.547547 
2461237.812500 0.000000 0.000000     0.000000     1.547547 
2461238.743797 0.000000 0.000000     0.000000     1.547547 
2461239.675095 0.000000 0.000000     0.000000     1.547547 
2461240.606393 0.000000 0.000000     0.000000     1.547547 
2461241.537691 0.000000 0.000000     0.000000     1.547547 
2461242.468989 0.000000 0.000000    -0.000000     1.547547 
2461243.400287 0.000000 0.000000    -0.000000     1.547547 
2461244.331585 0.000000 0.000000    -0.000000     1.547547 
2461245.262882 0.000000 0.000000    -0.000000     1.547547 
2461246.194180 0.000000 0.000000    -0.000000     1.547547 
2461247.125478 0.000000 0.000000    -0.000000     1.547547 
2461248.056776 0.000000 0.000000    -0.000000     1.547547 
2461248.988074 0.000000 0.000000    -0.000000     1.547547 
2461249.919372 0.000000 0.000000    -0.000000     1.547547 
2461250.850670 0.000000 0.000000    -0.000000     1.547547 
2461251.781967 0.000000 0.000000    -0.000000     1.547547 
2461252.713265 0.000000 0.000000    -0.000000     1.547547 
2461253.644563 0.000000 0.000000    -0.000000     1.547547 
2461254.575861 0.000000 0.000000    -0.000000     1.547547 
2461255.507159 0.000000 0.000000    -0.000000     1.547547 
2461256.438457 0.000000 0.000000     0.000000     1.547547 
2461257.369755 0.000000 0.000000     0.000000     1.547547 
2461258.301052 0.000000 0.000000     0.000000     1.547547 
2461259.232350 0.000000 0.000000     0.000000     1.547547 
2461260.163648 0.000000 0.000000     0.000000     1.547547 
2461261.094946 0.000000 0.000000     0.000000     1.547547 
2461262.026244 0.000000 0.000000     0.000000     1.547547 
2461262.957542 0.000000 0.000000     0.000000     1.547547 
2461263.888839 0.000000 0.000000     0.000000     1.547547 
2461264.820137 0.000000 0.000000     0.000000     1.547547 
2461265.751435 0.000000 0.000000     0.000000     1.547547 
2461266.682733 0.000000 0.000000    -0.000000     1.547547 
2461267.614031 0.000000 0.000000    -0.000000     1.547547 
2461268.545329 0.000000 0.000000    -0.000000     1.547547 
2461269.476627 0.000000 0.000000    -0.000000     1.547547 
2461270.407924 0.000000 0.000000    -0.000000     1.547547 
2461271.339222 0.000000 0.000000    -0.000000     1.547547 
2461272.270520 0.000000 0.000000    -0.000000     1.547547 
2461273.201818 0.000000 0.000000    -0.000000     1.547547 
2461274.133116 0.000000 0.000000    -0.000000     1.547547 
2461275.064414 0.000000 0.000000    -0.000000     1.547547 
2461275.995712 0.000000 0.000000    -0.000000     1.547547 
2461276.927009 0.000000 0.000000    -0.000000     1.547547 
2461277.858307 0.000000 0.000000    -0.000000     1.547547 
2461278.789605 0.000000 0.000000    -0.000000     1.547547 
2461279.720903 0.000000 0.000000    -0.000000     1.547547 
2461280.652201 0.000000 0.000000    -0.000000     1.547547 
2461281.583499 0.000000 0.000000     0.000000     1.547547 
2461282.514796 0.000000 0.000000     0.000000     1.547547 
2461283.446094 0.000000 0.000000     0.000000     1.547547 
2461284.377392 0.000000 0.000000     0.000000     1.547547 
2461285.308690 0.000000 0.000000     0.000000     1.547547 
2461286.239988 0.000000 0.000000     0.000000     1.547547 
2461287.171286 0.000000 0.000000     0.000000     1.547547 
2461288.102584 0.000000 0.000000     0.000000     1.547547 
2461289.033881 0.000000 0.000000     0.000000     1.547547 
2461289.965179 0.000000 0.000000     0.000000     1.547547 
2461290.896477 0.000000 0.000000     0.000000     1.547547 
2461291.827775 0.000000 0.000000    -0.000000     1.547547 
2461292.759073 0.000000 0.000000    -0.000000     1.547547 
2461293.690371 0.000000 0.000000    -0.000000     1.547547 
2461294.621669 0.000000 0.000000    -0.000000     1.547547 
2461295.552966 0.000000 0.000000    -0.000000     1.547547 
2461296.484264 0.000000 0.000000    -0.000000     1.547547 
2461297.415562 0.000000 0.000000    -0.000000     1.547547 
2461298.346860 0.000000 0.000000    -0.000000     1.547547 
2461299.278158 0.000000 0.000000    -0.000000     1.547547 
2461300.209456 0.000000 0.000000    -0.000000     1.547547 
2461301.140753 0.000000 0.000000    -0.000000     1.547547 
2461302.072051 0.000000 0.000000    -0.000000     1.547547 
2461303.003349 0.000000 0.000000    -0.000000     1.547547 
2461303.934647 0.000000 0.000000    -0.000000     1.547547 
2461304.865945 0.000000 0.000000    -0.000000     1.547547 
2461305.797243 0.000000 0.000000    -0.000000     1.547547 
2461306.728541 0.000000 0.000000     0.000000     1.547547 
2461307.659838 0.000000 0.000000     0.000000     1.547547 
2461308.591136 0.000000 0.000000     0.000000     1.547547 
2461309.522434 0.000000 0.000000     0.000000     1.547547 
2461310.453732 0.000000 0.000000     0.000000     1.547547 
2461311.385030 0.000000 0.000000     0.000000     1.547547 
2461312.316328 0.000000 0.000000     0.000000     1.547547 
2461313.247626 0.000000 0.000000     0.000000     1.547547 
2461314.178923 0.000000 0.000000     0.000000     1.547547 
2461315.110221 0.000000 0.000000     0.000000     1.547547 
2461316.041519 0.000000 0.000000     0.000000     1.547547 
2461316.972817 0.000000 0.000000    -0.000000     1.547547 
2461317.904115 0.000000 0.000000    -0.000000     1.547547 
2461318.835413 0.000000 0.000000    -0.000000     1.547547 
2461319.766711 0.000000 0.000000    -0.000000     1.547547 
2461320.698008 0.000000 0.000000    -0.000000     1.547547 
2461321.629306 0.000000 0.000000    -0.000000     1.547547 
2461322.560604 0.000000 0.000000    -0.000000     1.547547 
2461323.491902 0.000000 0.000000    -0.000000     1.547547 
2461324.423200 0.000000 0.000000    -0.000000     1.547547 
2461325.354498 0.000000 0.000000    -0.000000     1.547547 
2461326.285795 0.000000 0.000000    -0.000000     1.547547 
2461327.217093 0.000000 0.000000    -0.000000     1.547547 
2461328.148391 0.000000 0.000000    -0.000000     1.547547 
2461329.079689 0.000000 0.000000    -0.000000     1.547547 
2461330.010987 0.000000 0.000000    -0.000000     1.547547 
2461330.942285 0.000000 0.000000    -0.000000     1.547547 
2461331.873583 0.000000 0.000000     0.000000     1.547547 
2461332.804880 0.000000 0.000000     0.000000     1.547547 
2461333.736178 0.000000 0.000000     0.000000     1.547547 
2461334.667476 0.000000 0.000000     0.000000     1.547547 
2461335.598774 0.000000 0.000000     0.000000     1.547547 
2461336.530072 0.000000 0.000000     0.000000     1.547547 
2461337.461370 0.000000 0.000000     0.000000     1.547547 
2461338.392668 0.000000 0.000000     0.000000     1.547547 
2461339.323965 0.000000 0.000000     0.000000     1.547547 
2461340.255263 0.000000 0.000000     0.000000     1.547547 
2461341.186561 0.000000 0.000000     0.000000     1.547547 
2461342.117859 0.000000 0.000000    -0.000000     1.547547 
2461343.049157 0.000000 0.000000    -0.000000     1.547547 
2461343.980455 0.000000 0.000000    -0.000000     1.547547 
2461344.911752 0.000000 0.000000    -0.000000     1.547547 
2461345.843050 0.000000 0.000000    -0.000000     1.547547 
2461346.774348 0.000000 0.000000    -0.000000     1.547547 
2461347.705646 0.000000 0.000000    -0.000000     1.547547 
2461348.636944 0.000000 0.000000    -0.000000     1.547547 
2461349.568242 0.000000 0.000000    -0.000000     1.547547 
2461350.499540 0.000000 0.000000    -0.000000     1.547547 
2461351.430837 0.000000 0.000000    -0.000000     1.547547 
2461352.362135 0.000000 0.000000    -0.000000     1.547547 
2461353.293433 0.000000 0.000000    -0.000000     1.547547 
2461354.224731 0.000000 0.000000    -0.000000     1.547547 
2461355.156029 0.000000 0.000000    -0.000000     1.547547 
2461356.087327 0.000000 0.000000     0.000000     1.547547 
2461357.018625 0.000000 0.000000     0.000000     1.547547 
2461357.949922 0.000000 0.000000     0.000000     1.547547 
2461358.881220 0.000000 0.000000     0.000000     1.547547 
2461359.812518 0.000000 0.000000     0.000000     1.547547 
2461360.743816 0.000000 0.000000     0.000000     1.547547 
2461361.675114 0.000000 0.000000     0.000000     1.547547 
2461362.606412 0.000000 0.000000     0.000000     1.547547 
2461363.537709 0.000000 0.000000     0.000000     1.547547 
2461364.469007 0.000000 0.000000     0.000000     1.547547 
2461365.400305 0.000000 0.000000     0.000000     1.547547 
2461366.331603 0.000000 0.000000     0.000000     1.547547 
2461367.262901 0.000000 0.000000    -0.000000     1.547547 
2461368.194199 0.000000 0.000000    -0.000000     1.547547 
2461369.125497 0.000000 0.000000    -0.000000     1.547547 
2461370.056794 0.000000 0.000000    -0.000000     1.547547 
2461370.988092 0.000000 0.000000    -0.000000     1.547547 
2461371.919390 0.000000 0.000000    -0.000000     1.547547 
2461372.850688 0.000000 0.000000    -0.000000     1.547547 
2461373.781986 0.000000 0.000000    -0.000000     1.547547 
2461374.713284 0.000000 0.000000    -0.000000     1.547547 
2461375.644582 0.000000 0.000000    -0.000000     1.547547 
2461376.575879 0.000000 0.000000    -0.000000     1.547547 
2461377.507177 0.000000 0.000000    -0.000000     1.547547 
2461378.438475 0.000000 0.000000    -0.000000     1.547547 
2461379.369773 0.000000 0.000000    -0.000000     1.547547 
2461380.301071 0.000000 0.000000    -0.000000     1.547547 
2461381.232369 0.000000 0.000000     0.000000     1.547547 
2461382.163667 0.000000 0.000000     0.000000     1.547547 
2461383.094964 0.000000 0.000000     0.000000     1.547547 
2461384.026262 0.000000 0.000000     0.000000     1.547547 
2461384.957560 0.000000 0.000000     0.000000     1.547547 
2461385.888858 0.000000 0.000000     0.000000     1.547547 
2461386.820156 0.000000 0.000000     0.000000     1.547547 
2461387.751454 0.000000 0.000000     0.000000     1.547547 
2461388.682751 0.000000 0.000000     0.000000     1.547547 
2461389.614049 0.000000 0.000000     0.000000     1.547547 
2461390.545347 0.000000 0.000000     0.000000     1.547547 
2461391.476645 0.000000 0.000000     0.000000     1.547547 
2461392.407943 0.000000 0.000000    -0.000000     1.547547 
2461393.339241 0.000000 0.000000    -0.000000     1.547547 
2461394.270539 0.000000 0.000000    -0.000000     1.547547 
2461395.201836 0.000000 0.000000    -0.000000     1.547547 
2461396.133134 0.000000 0.000000    -0.000000     1.547547 
2461397.064432 0.000000 0.000000    -0.000000     1.547547 
2461397.995730 0.000000 0.000000    -0.000000     1.547547 
2461398.927028 0.000000 0.000000    -0.000000     1.547547 
2461399.858326 0.000000 0.000000    -0.000000     1.547547 
2461400.789624 0.000000 0.000000    -0.000000     1.547547 
2461401.720921 0.000000 0.000000    -0.000000     1.547547 
2461402.652219 0.000000 0.000000    -0.000000     1.547547 
2461403.583517 0.000000 0.000000    -0.000000     1.547547 
2461404.514815 0.000000 0.000000    -0.000000     1.547547 
2461405.446113 0.000000 0.000000    -0.000000     1.547547 
2461406.377411 0.000000 0.000000     0.000000     1.547547 
2461407.308708 0.000000 0.000000     0.000000     1.547547 
2461408.240006 0.000000 0.000000     0.000000     1.547547 
2461409.171304 0.000000 0.000000     0.000000     1.547547 
2461410.102602 0.000000 0.000000     0.000000     1.547547 
2461411.033900 0.000000 0.000000     0.000000     1.547547 
2461411.965198 0.000000 0.000000     0.000000     1.547547 
2461412.896496 0.000000 0.000000     0.000000     1.547547 
2461413.827793 0.000000 0.000000     0.000000     1.547547 
2461414.759091 0.000000 0.000000     0.000000     1.547547 
2461415.690389 0.000000 0.000000     0.000000     1.547547 
2461416.621687 0.000000 0.000000     0.000000     1.547547 
2461417.552985 0.000000 0.000000    -0.000000     1.547547 
2461418.484283 0.000000 0.000000    -0.000000     1.547547 
2461419.415581 0.000000 0.000000    -0.000000     1.547547 
2461420.346878 0.000000 0.000000    -0.000000     1.547547 
2461421.278176 0.000000 0.000000    -0.000000     1.547547 
2461422.209474 0.000000 0.000000    -0.000000     1.547547 
2461423.140772 0.000000 0.000000    -0.000000     1.547547 
2461424.072070 0.000000 0.000000    -0.000000     1.547547 
2461425.003368 0.000000 0.000000    -0.000000     1.547547 
2461425.934665 0.000000 0.000000    -0.000000     1.547547 
2461426.865963 0.000000 0.000000    -0.000000     1.547547 
2461427.797261 0.000000 0.000000    -0.000000     1.547547 
2461428.728559 0.000000 0.000000    -0.000000     1.547547 
2461429.659857 0.000000 0.000000    -0.000000     1.547547 
2461430.591155 0.000000 0.000000     0.000000     1.547547 
2461431.522453 0.000000 0.000000     0.000000     1.547547 
2461432.453750 0.000000 0.000000     0.000000     1.547547 
2461433.385048 0.000000 0.000000     0.000000     1.547547 
2461434.316346 0.000000 0.000000     0.000000     1.547547 
2461435.247644 0.000000 0.000000     0.000000     1.547547 
2461436.178942 0.000000 0.000000     0.000000     1.547547 
2461437.110240 0.000000 0.000000     0.000000     1.547547 
2461438.041538 0.000000 0.000000     0.000000     1.547547 
2461438.972835 0.000000 0.000000     0.000000     1.547547 
2461439.904133 0.000000 0.000000     0.000000     1.547547 
2461440.835431 0.000000 0.000000     0.000000     1.547547 
2461441.766729 0.000000 0.000000     0.000000     1.547547 
2461442.698027 0.000000 0.000000    -0.000000     1.547547 
2461443.629325 0.000000 0.000000    -0.000000     1.547547 
2461444.560623 0.000000 0.000000    -0.000000     1.547547 
2461445.491920 0.000000 0.000000    -0.000000     1.547547 
2461446.423218 0.000000 0.000000    -0.000000     1.547547 
2461447.354516 0.000000 0.000000    -0.000000     1.547547 
2461448.285814 0.000000 0.000000    -0.000000     1.547547 
2461449.217112 0.000000 0.000000    -0.000000     1.547547 
2461450.148410 0.000000 0.000000    -0.000000     1.547547 
2461451.079707 0.000000 0.000000    -0.000000     1.547547 
2461452.011005 0.000000 0.000000    -0.000000     1.547547 
2461452.942303 0.000000 0.000000    -0.000000     1.547547 
2461453.873601 0.000000 0.000000    -0.000000     1.547547 
2461454.804899 0.000000 0.000000    -0.000000     1.547547 
2461455.736197 0.000000 0.000000     0.000000     1.547547 
2461456.667495 0.000000 0.000000     0.000000     1.547547 
2461457.598792 0.000000 0.000000     0.000000     1.547547 
2461458.530090 0.000000 0.000000     0.000000     1.547547 
2461459.461388 0.000000 0.000000     0.000000     1.547547 
2461460.392686 0.000000 0.000000     0.000000     1.547547 
2461461.323984 0.000000 0.000000     0.000000     1.547547 
2461462.255282 0.000000 0.000000     0.000000     1.547547 
2461463.186580 0.000000 0.000000     0.000000     1.547547 
2461464.117877 0.000000 0.000000     0.000000     1.547547 
2461465.049175 0.000000 0.000000     0.000000     1.547547 
2461465.980473 0.000000 0.000000     0.000000     1.547547 
2461466.911771 0.000000 0.000000    -0.000000     1.547547 
2461467.843069 0.000000 0.000000    -0.000000     1.547547 
2461468.774367 0.000000 0.000000    -0.000000     1.547547 
2461469.705664 0.000000 0.000000    -0.000000     1.547547 
2461470.636962 0.000000 0.000000    -0.000000     1.547547 
2461471.568260 0.000000 0.000000    -0.000000     1.547547 
2461472.499558 0.000000 0.000000    -0.000000     1.547547 
2461473.430856 0.000000 0.000000    -0.000000     1.547547 
2461474.362154 0.000000 0.000000    -0.000000     1.547547 
2461475.293452 0.000000 0.000000    -0.000000     1.547547 
2461476.224749 0.000000 0.000000    -0.000000     1.547547 
2461477.156047 0.000000 0.000000    -0.000000     1.547547 
2461478.087345 0.000000 0.000000    -0.000000     1.547547 
2461479.018643 0.000000 0.000000    -0.000000     1.547547 
2461479.949941 0.000000 0.000000    -0.000000     1.547547 
2461480.881239 0.000000 0.000000     0.000000     1.547547 
2461481.812537 0.000000 0.000000     0.000000     1.547547 
2461482.743834 0.000000 0.000000     0.000000     1.547547 
2461483.675132 0.000000 0.000000     0.000000     1.547547 
2461484.606430 0.000000 0.000000     0.000000     1.547547 
2461485.537728 0.000000 0.000000     0.000000     1.547547 
2461486.469026 0.000000 0.000000     0.000000     1.547547 
2461487.400324 0.000000 0.000000     0.000000     1.547547 
2461488.331621 0.000000 0.000000     0.000000     1.547547 
2461489.262919 0.000000 0.000000     0.000000     1.547547 
2461490.194217 0.000000 0.000000     0.000000     1.547547 
2461491.125515 0.000000 0.000000    -0.000000     1.547547 
2461492.056813 0.000000 0.000000    -0.000000     1.547547 
2461492.988111 0.000000 0.000000    -0.000000     1.547547 
2461493.919409 0.000000 0.000000    -0.000000     1.547547 
2461494.850706 0.000000 0.000000    -0.000000     1.547547 
2461495.782004 0.000000 0.000000    -0.000000     1.547547 
2461496.713302 0.000000 0.000000    -0.000000     1.547547 
2461497.644600 0.000000 0.000000    -0.000000     1.547547 
2461498.575898 0.000000 0.000000    -0.000000     1.547547 
2461499.507196 0.000000 0.000000    -0.000000     1.547547 
2461500.438494 0.000000 0.000000    -0.000000     1.547547 
2461501.369791 0.000000 0.000000    -0.000000     1.547547 
2461502.301089 0.000000 0.000000    -0.000000     1.547547 
2461503.232387 0.000000 0.000000    -0.000000     1.547547 
2461504.163685 0.000000 0.000000    -0.000000     1.547547 
2461505.094983 0.000000 0.000000    -0.000000     1.547547 
2461506.026281 0.000000 0.000000     0.000000     1.547547 
2461506.957579 0.000000 0.000000     0.000000     1.547547 
2461507.888876 0.000000 0.000000     0.000000     1.547547 
2461508.820174 0.000000 0.000000     0.000000     1.547547 
2461509.751472 0.000000 0.000000     0.000000     1.547547 
2461510.682770 0.000000 0.000000     0.000000     1.547547 
2461511.614068 0.000000 0.000000     0.000000     1.547547 
2461512.545366 0.000000 0.000000     0.000000     1.547547 
2461513.476663 0.000000 0.000000     0.000000     1.547547 
2461514.407961 0.000000 0.000000     0.000000     1.547547 
2461515.339259 0.000000 0.000000     0.000000     1.547547 
2461516.270557 0.000000 0.000000    -0.000000     1.547547 
2461517.201855 0.000000 0.000000    -0.000000     1.547547 
2461518.133153 0.000000 0.000000    -0.000000     1.547547 
2461519.064451 0.000000 0.000000    -0.000000     1.547547 
2461519.995748 0.000000 0.000000    -0.000000     1.547547 
2461520.927046 0.000000 0.000000    -0.000000     1.547547 
2461521.858344 0.000000 0.000000    -0.000000     1.547547 
2461522.789642 0.000000 0.000000    -0.000000     1.547547 
2461523.720940 0.000000 0.000000    -0.000000     1.547547 
2461524.652238 0.000000 0.000000    -0.000000     1.547547 
2461525.583536 0.000000 0.000000    -0.000000     1.547547 
2461526.514833 0.000000 0.000000    -0.000000     1.547547 
2461527.446131 0.000000 0.000000    -0.000000     1.547547 
2461528.377429 0.000000 0.000000    -0.000000     1.547547 
2461529.308727 0.000000 0.000000    -0.000000     1.547547 
2461530.240025 0.000000 0.000000    -0.000000     1.547547 
2461531.171323 0.000000 0.000000     0.000000     1.547547 
2461532.102620 0.000000 0.000000     0.000000     1.547547 
2461533.033918 0.000000 0.000000     0.000000     1.547547 
2461533.965216 0.000000 0.000000     0.000000     1.547547 
2461534.896514 0.000000 0.000000     0.000000     1.547547 
2461535.827812 0.000000 0.000000     0.000000     1.547547 
2461536.759110 0.000000 0.000000     0.000000     1.547547 
2461537.690408 0.000000 0.000000     0.000000     1.547547 
2461538.621705 0.000000 0.000000     0.000000     1.547547 
2461539.553003 0.000000 0.000000     0.000000     1.547547 
2461540.484301 0.000000 0.000000     0.000000     1.547547 
2461541.415599 0.000000 0.000000    -0.000000     1.547547 
2461542.346897 0.000000 0.000000    -0.000000     1.547547 
2461543.278195 0.000000 0.000000    -0.000000     1.547547 
2461544.209493 0.000000 0.000000    -0.000000     1.547547 
2461545.140790 0.000000 0.000000    -0.000000     1.547547 
2461546.072088 0.000000 0.000000    -0.000000     1.547547 
2461547.003386 0.000000 0.000000    -0.000000     1.547547 
2461547.934684 0.000000 0.000000    -0.000000     1.547547 
2461548.865982 0.000000 0.000000    -0.000000     1.547547 
2461549.797280 0.000000 0.000000    -0.000000     1.547547 
2461550.728578 0.000000 0.000000    -0.000000     1.547547 
2461551.659875 0.000000 0.000000    -0.000000     1.547547 
2461552.591173 0.000000 0.000000    -0.000000     1.547547 
2461553.522471 0.000000 0.000000    -0.000000     1.547547 
2461554.453769 0.000000 0.000000    -0.000000     1.547547 
2461555.385067 0.000000 0.000000    -0.000000     1.547547 
2461556.316365 0.000000 0.000000     0.000000     1.547547 
2461557.247662 0.000000 0.000000     0.000000     1.547547 
2461558.178960 0.000000 0.000000     0.000000     1.547547 
2461559.110258 0.000000 0.000000     0.000000     1.547547 
2461560.041556 0.000000 0.000000     0.000000     1.547547 
2461560.972854 0.000000 0.000000     0.000000     1.547547 
2461561.904152 0.000000 0.000000     0.000000     1.547547 
2461562.835450 0.000000 0.000000     0.000000     1.547547 
2461563.766747 0.000000 0.000000     0.000000     1.547547 
2461564.698045 0.000000 0.000000     0.000000     1.547547 
2461565.629343 0.000000 0.000000     0.000000     1.547547 
2461566.560641 0.000000 0.000000    -0.000000     1.547547 
2461567.491939 0.000000 0.000000    -0.000000     1.547547 
2461568.423237 0.000000 0.000000    -0.000000     1.547547 
2461569.354535 0.000000 0.000000    -0.000000     1.547547 
2461570.285832 0.000000 0.000000    -0.000000     1.547547 
2461571.217130 0.000000 0.000000    -0.000000     1.547547 
2461572.148428 0.000000 0.000000    -0.000000     1.547547 
2461573.079726 0.000000 0.000000    -0.000000     1.547547 
2461574.011024 0.000000 0.000000    -0.000000     1.547547 
2461574.942322 0.000000 0.000000    -0.000000     1.547547 
2461575.873619 0.000000 0.000000    -0.000000     1.547547 
2461576.804917 0.000000 0.000000    -0.000000     1.547547 
2461577.736215 0.000000 0.000000    -0.000000     1.547547 
2461578.667513 0.000000 0.000000    -0.000000     1.547547 
2461579.598811 0.000000 0.000000    -0.000000     1.547547 
2461580.530109 0.000000 0.000000    -0.000000     1.547547 
2461581.461407 0.000000 0.000000     0.000000     1.547547 
2461582.392704 0.000000 0.000000     0.000000     1.547547 
2461583.324002 0.000000 0.000000     0.000000     1.547547 
2461584.255300 0.000000 0.000000     0.000000     1.547547 
2461585.186598 0.000000 0.000000     0.000000     1.547547 
2461586.117896 0.000000 0.000000     0.000000     1.547547 
2461587.049194 0.000000 0.000000     0.000000     1.547547 
2461587.980492 0.000000 0.000000     0.000000     1.547547 
2461588.911789 0.000000 0.000000     0.000000     1.547547 
2461589.843087 0.000000 0.000000     0.000000     1.547547 
2461590.774385 0.000000 0.000000     0.000000     1.547547 
2461591.705683 0.000000 0.000000    -0.000000     1.547547 
2461592.636981 0.000000 0.000000    -0.000000     1.547547 
2461593.568279 0.000000 0.000000    -0.000000     1.547547 
2461594.499576 0.000000 0.000000    -0.000000     1.547547 
2461595.430874 0.000000 0.000000    -0.000000     1.547547 
2461596.362172 0.000000 0.000000    -0.000000     1.547547 
2461597.293470 0.000000 0.000000    -0.000000     1.547547 
2461598.224768 0.000000 0.000000    -0.000000     1.547547 
2461599.156066 0.000000 0.000000    -0.000000     1.547547 
2461600.087364 0.000000 0.000000    -0.000000     1.547547 
2461601.018661 0.000000 0.000000    -0.000000     1.547547 
2461601.949959 0.000000 0.000000    -0.000000     1.547547 
2461602.881257 0.000000 0.000000    -0.000000     1.547547 
2461603.812555 0.000000 0.000000    -0.000000     1.547547 
2461604.743853 0.000000 0.000000    -0.000000     1.547547 
2461605.675151 0.000000 0.000000     0.000000     1.547547 
2461606.606449 0.000000 0.000000     0.000000     1.547547 
2461607.537746 0.000000 0.000000     0.000000     1.547547 
2461608.469044 0.000000 0.000000     0.000000     1.547547 
2461609.400342 0.000000 0.000000     0.000000     1.547547 
2461610.331640 0.000000 0.000000     0.000000     1.547547 
2461611.262938 0.000000 0.000000     0.000000     1.547547 
2461612.194236 0.000000 0.000000     0.000000     1.547547 
2461613.125534 0.000000 0.000000     0.000000     1.547547 
2461614.056831 0.000000 0.000000     0.000000     1.547547 
2461614.988129 0.000000 0.000000     0.000000     1.547547 
2461615.919427 0.000000 0.000000     0.000000     1.547547 
2461616.850725 0.000000 0.000000    -0.000000     1.547547 
2461617.782023 0.000000 0.000000    -0.000000     1.547547 
2461618.713321 0.000000 0.000000    -0.000000     1.547547 
2461619.644618 0.000000 0.000000    -0.000000     1.547547 
2461620.575916 0.000000 0.000000    -0.000000     1.547547 
2461621.507214 0.000000 0.000000    -0.000000     1.547547 
2461622.438512 0.000000 0.000000    -0.000000     1.547547 
2461623.369810 0.000000 0.000000    -0.000000     1.547547 
2461624.301108 0.000000 0.000000    -0.000000     1.547547 
2461625.232406 0.000000 0.000000    -0.000000     1.547547 
2461626.163703 0.000000 0.000000    -0.000000     1.547547 
2461627.095001 0.000000 0.000000    -0.000000     1.547547 
2461628.026299 0.000000 0.000000    -0.000000     1.547547 
2461628.957597 0.000000 0.000000    -0.000000     1.547547 
2461629.888895 0.000000 0.000000    -0.000000     1.547547 
2461630.820193 0.000000 0.000000     0.000000     1.547547 
2461631.751491 0.000000 0.000000     0.000000     1.547547 
2461632.682788 0.000000 0.000000     0.000000     1.547547 
2461633.614086 0.000000 0.000000     0.000000     1.547547 
2461634.545384 0.000000 0.000000     0.000000     1.547547 
2461635.476682 0.000000 0.000000     0.000000     1.547547 
2461636.407980 0.000000 0.000000     0.000000     1.547547 
2461637.339278 0.000000 0.000000     0.000000     1.547547 
2461638.270575 0.000000 0.000000     0.000000     1.547547 
2461639.201873 0.000000 0.000000     0.000000     1.547547 
2461640.133171 0.000000 0.000000     0.000000     1.547547 
2461641.064469 0.000000 0.000000     0.000000     1.547547 
2461641.995767 0.000000 0.000000    -0.000000     1.547547 
2461642.927065 0.000000 0.000000    -0.000000     1.547547 
2461643.858363 0.000000 0.000000    -0.000000     1.547547 
2461644.789660 0.000000 0.000000    -0.000000     1.547547 
2461645.720958 0.000000 0.000000    -0.000000     1.547547 
2461646.652256 0.000000 0.000000    -0.000000     1.547547 
2461647.583554 0.000000 0.000000    -0.000000     1.547547 
2461648.514852 0.000000 0.000000    -0.000000     1.547547 
2461649.446150 0.000000 0.000000    -0.000000     1.547547 
2461650.377448 0.000000 0.000000    -0.000000     1.547547 
2461651.308745 0.000000 0.000000    -0.000000     1.547547 
2461652.240043 0.000000 0.000000    -0.000000     1.547547 
2461653.171341 0.000000 0.000000    -0.000000     1.547547 
2461654.102639 0.000000 0.000000    -0.000000     1.547547 
2461655.033937 0.000000 0.000000    -0.000000     1.547547 
2461655.965235 0.000000 0.000000     0.000000     1.547547 
2461656.896532 0.000000 0.000000     0.000000     1.547547 
2461657.827830 0.000000 0.000000     0.000000     1.547547 
2461658.759128 0.000000 0.000000     0.000000     1.547547 
2461659.690426 0.000000 0.000000     0.000000     1.547547 
2461660.621724 0.000000 0.000000     0.000000     1.547547 
2461661.553022 0.000000 0.000000     0.000000     1.547547 
2461662.484320 0.000000 0.000000     0.000000     1.547547 
2461663.415617 0.000000 0.000000     0.000000     1.547547 
2461664.346915 0.000000 0.000000     0.000000     1.547547 
2461665.278213 0.000000 0.000000     0.000000     1.547547 
2461666.209511 0.000000 0.000000     0.000000     1.547547 
2461667.140809 0.000000 0.000000    -0.000000     1.547547 
2461668.072107 0.000000 0.000000    -0.000000     1.547547 
2461669.003405 0.000000 0.000000    -0.000000     1.547547 
2461669.934702 0.000000 0.000000    -0.000000     1.547547 
2461670.866000 0.000000 0.000000    -0.000000     1.547547 
2461671.797298 0.000000 0.000000    -0.000000     1.547547 
2461672.728596 0.000000 0.000000    -0.000000     1.547547 
2461673.659894 0.000000 0.000000    -0.000000     1.547547 
2461674.591192 0.000000 0.000000    -0.000000     1.547547 
2461675.522490 0.000000 0.000000    -0.000000     1.547547 
2461676.453787 0.000000 0.000000    -0.000000     1.547547 
2461677.385085 0.000000 0.000000    -0.000000     1.547547 
2461678.316383 0.000000 0.000000    -0.000000     1.547547 
2461679.247681 0.000000 0.000000    -0.000000     1.547547 
2461680.178979 0.000000 0.000000     0.000000     1.547547 
2461681.110277 0.000000 0.000000     0.000000     1.547547 
2461682.041574 0.000000 0.000000     0.000000     1.547547 
2461682.972872 0.000000 0.000000     0.000000     1.547547 
2461683.904170 0.000000 0.000000     0.000000     1.547547 
2461684.835468 0.000000 0.000000     0.000000     1.547547 
2461685.766766 0.000000 0.000000     0.000000     1.547547 
2461686.698064 0.000000 0.000000     0.000000     1.547547 
2461687.629362 0.000000 0.000000     0.000000     1.547547 
2461688.560659 0.000000 0.000000     0.000000     1.547547 
2461689.491957 0.000000 0.000000     0.000000     1.547547 
2461690.423255 0.000000 0.000000     0.000000     1.547547 
2461691.354553 0.000000 0.000000    -0.000000     1.547547 
2461692.285851 0.000000 0.000000    -0.000000     1.547547 
2461693.217149 0.000000 0.000000    -0.000000     1.547547 
2461694.148447 0.000000 0.000000    -0.000000     1.547547 
2461695.079744 0.000000 0.000000    -0.000000     1.547547 
2461696.011042 0.000000 0.000000    -0.000000     1.547547 
2461696.942340 0.000000 0.000000    -0.000000     1.547547 
2461697.873638 0.000000 0.000000    -0.000000     1.547547 
2461698.804936 0.000000 0.000000    -0.000000     1.547547 
2461699.736234 0.000000 0.000000    -0.000000     1.547547 
2461700.667531 0.000000 0.000000    -0.000000     1.547547 
2461701.598829 0.000000 0.000000    -0.000000     1.547547 
2461702.530127 0.000000 0.000000    -0.000000     1.547547 
2461703.461425 0.000000 0.000000    -0.000000     1.547547 
2461704.392723 0.000000 0.000000    -0.000000     1.547547 
2461705.324021 0.000000 0.000000    -0.000000     1.547547 
2461706.255319 0.000000 0.000000     0.000000     1.547547 
2461707.186616 0.000000 0.000000     0.000000     1.547547 
2461708.117914 0.000000 0.000000     0.000000     1.547547 
2461709.049212 0.000000 0.000000     0.000000     1.547547 
2461709.980510 0.000000 0.000000     0.000000     1.547547 
2461710.911808 0.000000 0.000000     0.000000     1.547547 
2461711.843106 0.000000 0.000000     0.000000     1.547547 
2461712.774404 0.000000 0.000000     0.000000     1.547547 
2461713.705701 0.000000 0.000000     0.000000     1.547547 
2461714.636999 0.000000 0.000000     0.000000     1.547547 
2461715.568297 0.000000 0.000000     0.000000     1.547547 
2461716.499595 0.000000 0.000000    -0.000000     1.547547 
2461717.430893 0.000000 0.000000    -0.000000     1.547547 
2461718.362191 0.000000 0.000000    -0.000000     1.547547 
2461719.293488 0.000000 0.000000    -0.000000     1.547547 
2461720.224786 0.000000 0.000000    -0.000000     1.547547 
2461721.156084 0.000000 0.000000    -0.000000     1.547547 
2461722.087382 0.000000 0.000000    -0.000000     1.547547 
2461723.018680 0.000000 0.000000    -0.000000     1.547547 
2461723.949978 0.000000 0.000000    -0.000000     1.547547 
2461724.881276 0.000000 0.000000    -0.000000     1.547547 
2461725.812573 0.000000 0.000000    -0.000000     1.547547 
2461726.743871 0.000000 0.000000    -0.000000     1.547547 
2461727.675169 0.000000 0.000000    -0.000000     1.547547 
2461728.606467 0.000000 0.000000    -0.000000     1.547547 
2461729.537765 0.000000 0.000000    -0.000000     1.547547 
2461730.469063 0.000000 0.000000    -0.000000     1.547547 
2461731.400361 0.000000 0.000000     0.000000     1.547547 
2461732.331658 0.000000 0.000000     0.000000     1.547547 
2461733.262956 0.000000 0.000000     0.000000     1.547547 
2461734.194254 0.000000 0.000000     0.000000     1.547547 
2461735.125552 0.000000 0.000000     0.000000     1.547547 
2461736.056850 0.000000 0.000000     0.000000     1.547547 
2461736.988148 0.000000 0.000000     0.000000     1.547547 
2461737.919446 0.000000 0.000000     0.000000     1.547547 
2461738.850743 0.000000 0.000000     0.000000     1.547547 
2461739.782041 0.000000 0.000000     0.000000     1.547547 
2461740.713339 0.000000 0.000000     0.000000     1.547547 
2461741.644637 0.000000 0.000000    -0.000000     1.547547 
2461742.575935 0.000000 0.000000    -0.000000     1.547547 
2461743.507233 0.000000 0.000000    -0.000000     1.547547 
2461744.438530 0.000000 0.000000    -0.000000     1.547547 
2461745.369828 0.000000 0.000000    -0.000000     1.547547 
2461746.301126 0.000000 0.000000    -0.000000     1.547547 
2461747.232424 0.000000 0.000000    -0.000000     1.547547 
2461748.163722 0.000000 0.000000    -0.000000     1.547547 
2461749.095020 0.000000 0.000000    -0.000000     1.547547 
2461750.026318 0.000000 0.000000    -0.000000     1.547547 
2461750.957615 0.000000 0.000000    -0.000000     1.547547 
2461751.888913 0.000000 0.000000    -0.000000     1.547547 
2461752.820211 0.000000 0.000000    -0.000000     1.547547 
2461753.751509 0.000000 0.000000    -0.000000     1.547547 
2461754.682807 0.000000 0.000000    -0.000000     1.547547 
2461755.614105 0.000000 0.000000     0.000000     1.547547 
2461756.545403 0.000000 0.000000     0.000000     1.547547 
2461757.476700 0.000000 0.000000     0.000000     1.547547 
2461758.407998 0.000000 0.000000     0.000000     1.547547 
2461759.339296 0.000000 0.000000     0.000000     1.547547 
2461760.270594 0.000000 0.000000     0.000000     1.547547 
2461761.201892 0.000000 0.000000     0.000000     1.547547 
2461762.133190 0.000000 0.000000     0.000000     1.547547 
2461763.064487 0.000000 0.000000     0.000000     1.547547 
2461763.995785 0.000000 0.000000     0.000000     1.547547 
2461764.927083 0.000000 0.000000     0.000000     1.547547 
2461765.858381 0.000000 0.000000     0.000000     1.547547 
2461766.789679 0.000000 0.000000    -0.000000     1.547547 
2461767.720977 0.000000 0.000000    -0.000000     1.547547 
2461768.652275 0.000000 0.000000    -0.000000     1.547547 
2461769.583572 0.000000 0.000000    -0.000000     1.547547 
2461770.514870 0.000000 0.000000    -0.000000     1.547547 
2461771.446168 0.000000 0.000000    -0.000000     1.547547 
2461772.377466 0.000000 0.000000    -0.000000     1.547547 
2461773.308764 0.000000 0.000000    -0.000000     1.547547 
2461774.240062 0.000000 0.000000    -0.000000     1.547547 
2461775.171360 0.000000 0.000000    -0.000000     1.547547 
2461776.102657 0.000000 0.000000    -0.000000     1.547547 
2461777.033955 0.000000 0.000000    -0.000000     1.547547 
2461777.965253 0.000000 0.000000    -0.000000     1.547547 
2461778.896551 0.000000 0.000000    -0.000000     1.547547 
2461779.827849 0.000000 0.000000    -0.000000     1.547547 
2461780.759147 0.000000 0.000000     0.000000     1.547547 
2461781.690444 0.000000 0.000000     0.000000     1.547547 
2461782.621742 0.000000 0.000000     0.000000     1.547547 
2461783.553040 0.000000 0.000000     0.000000     1.547547 
2461784.484338 0.000000 0.000000     0.000000     1.547547 
2461785.415636 0.000000 0.000000     0.000000     1.547547 
2461786.346934 0.000000 0.000000     0.000000     1.547547 
2461787.278232 0.000000 0.000000     0.000000     1.547547 
2461788.209529 0.000000 0.000000     0.000000     1.547547 
2461789.140827 0.000000 0.000000     0.000000     1.547547 
2461790.072125 0.000000 0.000000     0.000000     1.547547 
2461791.003423 0.000000 0.000000    -0.000000     1.547547 
2461791.934721 0.000000 0.000000    -0.000000     1.547547 
2461792.866019 0.000000 0.000000    -0.000000     1.547547 
2461793.797317 0.000000 0.000000    -0.000000     1.547547 
2461794.728614 0.000000 0.000000    -0.000000     1.547547 
2461795.659912 0.000000 0.000000    -0.000000     1.547547 
2461796.591210 0.000000 0.000000    -0.000000     1.547547 
2461797.522508 0.000000 0.000000    -0.000000     1.547547 
2461798.453806 0.000000 0.000000    -0.000000     1.547547 
2461799.385104 0.000000 0.000000    -0.000000     1.547547 
2461800.316402 0.000000 0.000000    -0.000000     1.547547 
2461801.247699 0.000000 0.000000    -0.000000     1.547547 
2461802.178997 0.000000 0.000000    -0.000000     1.547547 
2461803.110295 0.000000 0.000000    -0.000000     1.547547 
2461804.041593 0.000000 0.000000    -0.000000     1.547547 
2461804.972891 0.000000 0.000000    -0.000000     1.547547 
2461805.904189 0.000000 0.000000     0.000000     1.547547 
2461806.835486 0.000000 0.000000     0.000000     1.547547 
2461807.766784 0.000000 0.000000     0.000000     1.547547 
2461808.698082 0.000000 0.000000     0.000000     1.547547 
2461809.629380 0.000000 0.000000     0.000000     1.547547 
2461810.560678 0.000000 0.000000     0.000000     1.547547 
2461811.491976 0.000000 0.000000     0.000000     1.547547 
2461812.423274 0.000000 0.000000     0.000000     1.547547 
2461813.354571 0.000000 0.000000     0.000000     1.547547 
2461814.285869 0.000000 0.000000     0.000000     1.547547 
2461815.217167 0.000000 0.000000     0.000000     1.547547 
2461816.148465 0.000000 0.000000    -0.000000     1.547547 
2461817.079763 0.000000 0.000000    -0.000000     1.547547 
2461818.011061 0.000000 0.000000    -0.000000     1.547547 
2461818.942359 0.000000 0.000000    -0.000000     1.547547 
2461819.873656 0.000000 0.000000    -0.000000     1.547547 
2461820.804954 0.000000 0.000000    -0.000000     1.547547 
2461821.736252 0.000000 0.000000    -0.000000     1.547547 
2461822.667550 0.000000 0.000000    -0.000000     1.547547 
2461823.598848 0.000000 0.000000    -0.000000     1.547547 
2461824.530146 0.000000 0.000000    -0.000000     1.547547 
2461825.461443 0.000000 0.000000    -0.000000     1.547547 
2461826.392741 0.000000 0.000000    -0.000000     1.547547 
2461827.324039 0.000000 0.000000    -0.000000     1.547547 
2461828.255337 0.000000 0.000000    -0.000000     1.547547 
2461829.186635 0.000000 0.000000    -0.000000     1.547547 
2461830.117933 0.000000 0.000000    -0.000000     1.547547 
2461831.049231 0.000000 0.000000     0.000000     1.547547 
2461831.980528 0.000000 0.000000     0.000000     1.547547 
2461832.911826 0.000000 0.000000     0.000000     1.547547 
2461833.843124 0.000000 0.000000     0.000000     1.547547 
2461834.774422 0.000000 0.000000     0.000000     1.547547 
2461835.705720 0.000000 0.000000     0.000000     1.547547 
2461836.637018 0.000000 0.000000     0.000000     1.547547 
2461837.568316 0.000000 0.000000     0.000000     1.547547 
2461838.499613 0.000000 0.000000     0.000000     1.547547 
2461839.430911 0.000000 0.000000     0.000000     1.547547 
2461840.362209 0.000000 0.000000     0.000000     1.547547 
2461841.293507 0.000000 0.000000    -0.000000     1.547547 
2461842.224805 0.000000 0.000000    -0.000000     1.547547 
2461843.156103 0.000000 0.000000    -0.000000     1.547547 
2461844.087401 0.000000 0.000000    -0.000000     1.547547 
2461845.018698 0.000000 0.000000    -0.000000     1.547547 
2461845.949996 0.000000 0.000000    -0.000000     1.547547 
2461846.881294 0.000000 0.000000    -0.000000     1.547547 
2461847.812592 0.000000 0.000000    -0.000000     1.547547 
2461848.743890 0.000000 0.000000    -0.000000     1.547547 
2461849.675188 0.000000 0.000000    -0.000000     1.547547 
2461850.606485 0.000000 0.000000    -0.000000     1.547547 
2461851.537783 0.000000 0.000000    -0.000000     1.547547 
2461852.469081 0.000000 0.000000    -0.000000     1.547547 
2461853.400379 0.000000 0.000000    -0.000000     1.547547 
2461854.331677 0.000000 0.000000    -0.000000     1.547547 
2461855.262975 0.000000 0.000000     0.000000     1.547547 
2461856.194273 0.000000 0.000000     0.000000     1.547547 
2461857.125570 0.000000 0.000000     0.000000     1.547547 
2461858.056868 0.000000 0.000000     0.000000     1.547547 
2461858.988166 0.000000 0.000000     0.000000     1.547547 
2461859.919464 0.000000 0.000000     0.000000     1.547547 
2461860.850762 0.000000 0.000000     0.000000     1.547547 
2461861.782060 0.000000 0.000000     0.000000     1.547547 
2461862.713358 0.000000 0.000000     0.000000     1.547547 
2461863.644655 0.000000 0.000000     0.000000     1.547547 
2461864.575953 0.000000 0.000000     0.000000     1.547547 
2461865.507251 0.000000 0.000000     0.000000     1.547547 
2461866.438549 0.000000 0.000000    -0.000000     1.547547 
2461867.369847 0.000000 0.000000    -0.000000     1.547547 
2461868.301145 0.000000 0.000000    -0.000000     1.547547 
2461869.232442 0.000000 0.000000    -0.000000     1.547547 
2461870.163740 0.000000 0.000000    -0.000000     1.547547 
2461871.095038 0.000000 0.000000    -0.000000     1.547547 
2461872.026336 0.000000 0.000000    -0.000000     1.547547 
2461872.957634 0.000000 0.000000    -0.000000     1.547547 
2461873.888932 0.000000 0.000000    -0.000000     1.547547 
2461874.820230 0.000000 0.000000    -0.000000     1.547547 
2461875.751527 0.000000 0.000000    -0.000000     1.547547 
2461876.682825 0.000000 0.000000    -0.000000     1.547547 
2461877.614123 0.000000 0.000000    -0.000000     1.547547 
2461878.545421 0.000000 0.000000    -0.000000     1.547547 
2461879.476719 0.000000 0.000000    -0.000000     1.547547 
2461880.408017 0.000000 0.000000     0.000000     1.547547 
2461881.339315 0.000000 0.000000     0.000000     1.547547 
2461882.270612 0.000000 0.000000     0.000000     1.547547 
2461883.201910 0.000000 0.000000     0.000000     1.547547 
2461884.133208 0.000000 0.000000     0.000000     1.547547 
2461885.064506 0.000000 0.000000     0.000000     1.547547 
2461885.995804 0.000000 0.000000     0.000000     1.547547 
2461886.927102 0.000000 0.000000     0.000000     1.547547 
2461887.858399 0.000000 0.000000     0.000000     1.547547 
2461888.789697 0.000000 0.000000     0.000000     1.547547 
2461889.720995 0.000000 0.000000     0.000000     1.547547 
2461890.652293 0.000000 0.000000     0.000000     1.547547 
2461891.583591 0.000000 0.000000    -0.000000     1.547547 
2461892.514889 0.000000 0.000000    -0.000000     1.547547 
2461893.446187 0.000000 0.000000    -0.000000     1.547547 
2461894.377484 0.000000 0.000000    -0.000000     1.547547 
2461895.308782 0.000000 0.000000    -0.000000     1.547547 
2461896.240080 0.000000 0.000000    -0.000000     1.547547 
2461897.171378 0.000000 0.000000    -0.000000     1.547547 
2461898.102676 0.000000 0.000000    -0.000000     1.547547 
2461899.033974 0.000000 0.000000    -0.000000     1.547547 
2461899.965272 0.000000 0.000000    -0.000000     1.547547 
2461900.896569 0.000000 0.000000    -0.000000     1.547547 
2461901.827867 0.000000 0.000000    -0.000000     1.547547 
2461902.759165 0.000000 0.000000    -0.000000     1.547547 
2461903.690463 0.000000 0.000000    -0.000000     1.547547 
2461904.621761 0.000000 0.000000    -0.000000     1.547547 
2461905.553059 0.000000 0.000000     0.000000     1.547547 
2461906.484357 0.000000 0.000000     0.000000     1.547547 
2461907.415654 0.000000 0.000000     0.000000     1.547547 
2461908.346952 0.000000 0.000000     0.000000     1.547547 
2461909.278250 0.000000 0.000000     0.000000     1.547547 
2461910.209548 0.000000 0.000000     0.000000     1.547547 
2461911.140846 0.000000 0.000000     0.000000     1.547547 
2461912.072144 0.000000 0.000000     0.000000     1.547547 
2461913.003441 0.000000 0.000000     0.000000     1.547547 
2461913.934739 0.000000 0.000000     0.000000     1.547547 
2461914.866037 0.000000 0.000000     0.000000     1.547547 
2461915.797335 0.000000 0.000000    -0.000000     1.547547 
2461916.728633 0.000000 0.000000    -0.000000     1.547547 
2461917.659931 0.000000 0.000000    -0.000000     1.547547 
2461918.591229 0.000000 0.000000    -0.000000     1.547547 
2461919.522526 0.000000 0.000000    -0.000000     1.547547 
2461920.453824 0.000000 0.000000    -0.000000     1.547547 
2461921.385122 0.000000 0.000000    -0.000000     1.547547 
2461922.316420 0.000000 0.000000    -0.000000     1.547547 
2461923.247718 0.000000 0.000000    -0.000000     1.547547 
2461924.179016 0.000000 0.000000    -0.000000     1.547547 
2461925.110314 0.000000 0.000000    -0.000000     1.547547 
2461926.041611 0.000000 0.000000    -0.000000     1.547547 
2461926.972909 0.000000 0.000000    -0.000000     1.547547 
2461927.904207 0.000000 0.000000    -0.000000     1.547547 
2461928.835505 0.000000 0.000000    -0.000000     1.547547 
2461929.766803 0.000000 0.000000    -0.000000     1.547547 
2461930.698101 0.000000 0.000000     0.000000     1.547547 
2461931.629398 0.000000 0.000000     0.000000     1.547547 
2461932.560696 0.000000 0.000000     0.000000     1.547547 
2461933.491994 0.000000 0.000000     0.000000     1.547547 
2461934.423292 0.000000 0.000000     0.000000     1.547547 
2461935.354590 0.000000 0.000000     0.000000     1.547547 
2461936.285888 0.000000 0.000000     0.000000     1.547547 
2461937.217186 0.000000 0.000000     0.000000     1.547547 
2461938.148483 0.000000 0.000000     0.000000     1.547547 
2461939.079781 0.000000 0.000000     0.000000     1.547547 
2461940.011079 0.000000 0.000000     0.000000     1.547547 
2461940.942377 0.000000 0.000000    -0.000000     1.547547 
2461941.873675 0.000000 0.000000    -0.000000     1.547547 
2461942.804973 0.000000 0.000000    -0.000000     1.547547 
2461943.736271 0.000000 0.000000    -0.000000     1.547547 
2461944.667568 0.000000 0.000000    -0.000000     1.547547 
2461945.598866 0.000000 0.000000    -0.000000     1.547547 
2461946.530164 0.000000 0.000000    -0.000000     1.547547 
2461947.461462 0.000000 0.000000    -0.000000     1.547547 
2461948.392760 0.000000 0.000000    -0.000000     1.547547 
2461949.324058 0.000000 0.000000    -0.000000     1.547547 
2461950.255355 0.000000 0.000000    -0.000000     1.547547 
2461951.186653 0.000000 0.000000    -0.000000     1.547547 
2461952.117951 0.000000 0.000000    -0.000000     1.547547 
2461953.049249 0.000000 0.000000    -0.000000     1.547547 
2461953.980547 0.000000 0.000000    -0.000000     1.547547 
2461954.911845 0.000000 0.000000    -0.000000     1.547547 
2461955.843143 0.000000 0.000000     0.000000     1.547547 
2461956.774440 0.000000 0.000000     0.000000     1.547547 
2461957.705738 0.000000 0.000000     0.000000     1.547547 
2461958.637036 0.000000 0.000000     0.000000     1.547547 
2461959.568334 0.000000 0.000000     0.000000     1.547547 
2461960.499632 0.000000 0.000000     0.000000     1.547547 
2461961.430930 0.000000 0.000000     0.000000     1.547547 
2461962.362228 0.000000 0.000000     0.000000     1.547547 
2461963.293525 0.000000 0.000000     0.000000     1.547547 
2461964.224823 0.000000 0.000000     0.000000     1.547547 
2461965.156121 0.000000 0.000000     0.000000     1.547547 
2461966.087419 0.000000 0.000000    -0.000000     1.547547 
2461967.018717 0.000000 0.000000    -0.000000     1.547547 
2461967.950015 0.000000 0.000000    -0.000000     1.547547 
2461968.881313 0.000000 0.000000    -0.000000     1.547547 
2461969.812610 0.000000 0.000000    -0.000000     1.547547 
2461970.743908 0.000000 0.000000    -0.000000     1.547547 
2461971.675206 0.000000 0.000000    -0.000000     1.547547 
2461972.606504 0.000000 0.000000    -0.000000     1.547547 
2461973.537802 0.000000 0.000000    -0.000000     1.547547 
2461974.469100 0.000000 0.000000    -0.000000     1.547547 
2461975.400397 0.000000 0.000000    -0.000000     1.547547 
2461976.331695 0.000000 0.000000    -0.000000     1.547547 
2461977.262993 0.000000 0.000000    -0.000000     1.547547 
2461978.194291 0.000000 0.000000    -0.000000     1.547547 
2461979.125589 0.000000 0.000000    -0.000000     1.547547 
2461980.056887 0.000000 0.000000    -0.000000     1.547547 
2461980.988185 0.000000 0.000000     0.000000     1.547547 
2461981.919482 0.000000 0.000000     0.000000     1.547547 
2461982.850780 0.000000 0.000000     0.000000     1.547547 
2461983.782078 0.000000 0.000000     0.000000     1.547547 
2461984.713376 0.000000 0.000000     0.000000     1.547547 
2461985.644674 0.000000 0.000000     0.000000     1.547547 
2461986.575972 0.000000 0.000000     0.000000     1.547547 
2461987.507270 0.000000 0.000000     0.000000     1.547547 
2461988.438567 0.000000 0.000000     0.000000     1.547547 
2461989.369865 0.000000 0.000000     0.000000     1.547547 
2461990.301163 0.000000 0.000000     0.000000     1.547547 
2461991.232461 0.000000 0.000000    -0.000000     1.547547 
2461992.163759 0.000000 0.000000    -0.000000     1.547547 
2461993.095057 0.000000 0.000000    -0.000000     1.547547 
2461994.026354 0.000000 0.000000    -0.000000     1.547547 
2461994.957652 0.000000 0.000000    -0.000000     1.547547 
2461995.888950 0.000000 0.000000    -0.000000     1.547547 
2461996.820248 0.000000 0.000000    -0.000000     1.547547 
2461997.751546 0.000000 0.000000    -0.000000     1.547547 
2461998.682844 0.000000 0.000000    -0.000000     1.547547 
2461999.614142 0.000000 0.000000    -0.000000     1.547547 
2462000.545439 0.000000 0.000000    -0.000000     1.547547 
2462001.476737 0.000000 0.000000    -0.000000     1.547547 
2462002.408035 0.000000 0.000000    -0.000000     1.547547 
2462003.339333 0.000000 0.000000    -0.000000     1.547547 
2462004.270631 0.000000 0.000000    -0.000000     1.547547 
2462005.201929 0.000000 0.000000     0.000000     1.547547 
2462006.133227 0.000000 0.000000     0.000000     1.547547 
2462007.064524 0.000000 0.000000     0.000000     1.547547 
2462007.995822 0.000000 0.000000     0.000000     1.547547 
2462008.927120 0.000000 0.000000     0.000000     1.547547 
2462009.858418 0.000000 0.000000     0.000000     1.547547 
2462010.789716 0.000000 0.000000     0.000000     1.547547 
2462011.721014 0.000000 0.000000     0.000000     1.547547 
2462012.652311 0.000000 0.000000     0.000000     1.547547 
2462013.583609 0.000000 0.000000     0.000000     1.547547 
2462014.514907 0.000000 0.000000     0.000000     1.547547 
2462015.446205 0.000000 0.000000     0.000000     1.547547 
2462016.377503 0.000000 0.000000    -0.000000     1.547547 
2462017.308801 0.000000 0.000000    -0.000000     1.547547 
2462018.240099 0.000000 0.000000    -0.000000     1.547547 
2462019.171396 0.000000 0.000000    -0.000000     1.547547 
2462020.102694 0.000000 0.000000    -0.000000     1.547547 
2462021.033992 0.000000 0.000000    -0.000000     1.547547 
2462021.965290 0.000000 0.000000    -0.000000     1.547547 
2462022.896588 0.000000 0.000000    -0.000000     1.547547 
2462023.827886 0.000000 0.000000    -0.000000     1.547547 
2462024.759184 0.000000 0.000000    -0.000000     1.547547 
2462025.690481 0.000000 0.000000    -0.000000     1.547547 
2462026.621779 0.000000 0.000000    -0.000000     1.547547 
2462027.553077 0.000000 0.000000    -0.000000     1.547547 
2462028.484375 0.000000 0.000000    -0.000000     1.547547 
2462029.415673 0.000000 0.000000    -0.000000     1.547547 
2462030.346971 0.000000 0.000000     0.000000     1.547547 
2462031.278269 0.000000 0.000000     0.000000     1.547547 
2462032.209566 0.000000 0.000000     0.000000     1.547547 
2462033.140864 0.000000 0.000000     0.000000     1.547547 
2462034.072162 0.000000 0.000000     0.000000     1.547547 
2462035.003460 0.000000 0.000000     0.000000     1.547547 
2462035.934758 0.000000 0.000000     0.000000     1.547547 
2462036.866056 0.000000 0.000000     0.000000     1.547547 
2462037.797353 0.000000 0.000000     0.000000     1.547547 
2462038.728651 0.000000 0.000000     0.000000     1.547547 
2462039.659949 0.000000 0.000000     0.000000     1.547547 
2462040.591247 0.000000 0.000000     0.000000     1.547547 
2462041.522545 0.000000 0.000000    -0.000000     1.547547 
2462042.453843 0.000000 0.000000    -0.000000     1.547547 
2462043.385141 0.000000 0.000000    -0.000000     1.547547 
2462044.316438 0.000000 0.000000    -0.000000     1.547547 
2462045.247736 0.000000 0.000000    -0.000000     1.547547 
2462046.179034 0.000000 0.000000    -0.000000     1.547547 
2462047.110332 0.000000 0.000000    -0.000000     1.547547 
2462048.041630 0.000000 0.000000    -0.000000     1.547547 
2462048.972928 0.000000 0.000000    -0.000000     1.547547 
2462049.904226 0.000000 0.000000    -0.000000     1.547547 
2462050.835523 0.000000 0.000000    -0.000000     1.547547 
2462051.766821 0.000000 0.000000    -0.000000     1.547547 
2462052.698119 0.000000 0.000000    -0.000000     1.547547 
2462053.629417 0.000000 0.000000    -0.000000     1.547547 
2462054.560715 0.000000 0.000000    -0.000000     1.547547 
2462055.492013 0.000000 0.000000     0.000000     1.547547 
2462056.423310 0.000000 0.000000     0.000000     1.547547 
2462057.354608 0.000000 0.000000     0.000000     1.547547 
2462058.285906 0.000000 0.000000     0.000000     1.547547 
2462059.217204 0.000000 0.000000     0.000000     1.547547 
2462060.148502 0.000000 0.000000     0.000000     1.547547 
2462061.079800 0.000000 0.000000     0.000000     1.547547 
2462062.011098 0.000000 0.000000     0.000000     1.547547 
2462062.942395 0.000000 0.000000     0.000000     1.547547 
2462063.873693 0.000000 0.000000     0.000000     1.547547 
2462064.804991 0.000000 0.000000     0.000000     1.547547 
2462065.736289 0.000000 0.000000     0.000000     1.547547 
2462066.667587 0.000000 0.000000    -0.000000     1.547547 
2462067.598885 0.000000 0.000000    -0.000000     1.547547 
2462068.530183 0.000000 0.000000    -0.000000     1.547547 
2462069.461480 0.000000 0.000000    -0.000000     1.547547 
2462070.392778 0.000000 0.000000    -0.000000     1.547547 
2462071.324076 0.000000 0.000000    -0.000000     1.547547 
2462072.255374 0.000000 0.000000    -0.000000     1.547547 
2462073.186672 0.000000 0.000000    -0.000000     1.547547 
2462074.117970 0.000000 0.000000    -0.000000     1.547547 
2462075.049267 0.000000 0.000000    -0.000000     1.547547 
2462075.980565 0.000000 0.000000    -0.000000     1.547547 
2462076.911863 0.000000 0.000000    -0.000000     1.547547 
2462077.843161 0.000000 0.000000    -0.000000     1.547547 
2462078.774459 0.000000 0.000000    -0.000000     1.547547 
2462079.705757 0.000000 0.000000     0.000000     1.547547 
2462080.637055 0.000000 0.000000     0.000000     1.547547 
2462081.568352 0.000000 0.000000     0.000000     1.547547 
2462082.499650 0.000000 0.000000     0.000000     1.547547 
2462083.430948 0.000000 0.000000     0.000000     1.547547 
2462084.362246 0.000000 0.000000     0.000000     1.547547 
2462085.293544 0.000000 0.000000     0.000000     1.547547 
2462086.224842 0.000000 0.000000     0.000000     1.547547 
2462087.156140 0.000000 0.000000     0.000000     1.547547 
2462088.087437 0.000000 0.000000     0.000000     1.547547 
2462089.018735 0.000000 0.000000     0.000000     1.547547 
2462089.950033 0.000000 0.000000     0.000000     1.547547 
2462090.881331 0.000000 0.000000     0.000000     1.547547 
2462091.812629 0.000000 0.000000    -0.000000     1.547547 
2462092.743927 0.000000 0.000000    -0.000000     1.547547 
2462093.675225 0.000000 0.000000    -0.000000     1.547547 
2462094.606522 0.000000 0.000000    -0.000000     1.547547 
2462095.537820 0.000000 0.000000    -0.000000     1.547547 
2462096.469118 0.000000 0.000000    -0.000000     1.547547 
2462097.400416 0.000000 0.000000    -0.000000     1.547547 
2462098.331714 0.000000 0.000000    -0.000000     1.547547 
2462099.263012 0.000000 0.000000    -0.000000     1.547547 
2462100.194309 0.000000 0.000000    -0.000000     1.547547 
2462101.125607 0.000000 0.000000    -0.000000     1.547547 
2462102.056905 0.000000 0.000000    -0.000000     1.547547 
2462102.988203 0.000000 0.000000    -0.000000     1.547547 
2462103.919501 0.000000 0.000000    -0.000000     1.547547 
2462104.850799 0.000000 0.000000     0.000000     1.547547 
2462105.782097 0.000000 0.000000     0.000000     1.547547 
2462106.713394 0.000000 0.000000     0.000000     1.547547 
2462107.644692 0.000000 0.000000     0.000000     1.547547 
2462108.575990 0.000000 0.000000     0.000000     1.547547 
2462109.507288 0.000000 0.000000     0.000000     1.547547 
2462110.438586 0.000000 0.000000     0.000000     1.547547 
2462111.369884 0.000000 0.000000     0.000000     1.547547 
2462112.301182 0.000000 0.000000     0.000000     1.547547 
2462113.232479 0.000000 0.000000     0.000000     1.547547 
2462114.163777 0.000000 0.000000     0.000000     1.547547 
2462115.095075 0.000000 0.000000     0.000000     1.547547 
2462116.026373 0.000000 0.000000    -0.000000     1.547547 
2462116.957671 0.000000 0.000000    -0.000000     1.547547 
2462117.888969 0.000000 0.000000    -0.000000     1.547547 
2462118.820266 0.000000 0.000000    -0.000000     1.547547 
2462119.751564 0.000000 0.000000    -0.000000     1.547547 
2462120.682862 0.000000 0.000000    -0.000000     1.547547 
2462121.614160 0.000000 0.000000    -0.000000     1.547547 
2462122.545458 0.000000 0.000000    -0.000000     1.547547 
2462123.476756 0.000000 0.000000    -0.000000     1.547547 
2462124.408054 0.000000 0.000000    -0.000000     1.547547 
2462125.339351 0.000000 0.000000    -0.000000     1.547547 
2462126.270649 0.000000 0.000000    -0.000000     1.547547 
2462127.201947 0.000000 0.000000    -0.000000     1.547547 
2462128.133245 0.000000 0.000000    -0.000000     1.547547 
2462129.064543 0.000000 0.000000    -0.000000     1.547547 
2462129.995841 0.000000 0.000000     0.000000     1.547547 
2462130.927139 0.000000 0.000000     0.000000     1.547547 
2462131.858436 0.000000 0.000000     0.000000     1.547547 
2462132.789734 0.000000 0.000000     0.000000     1.547547 
2462133.721032 0.000000 0.000000     0.000000     1.547547 
2462134.652330 0.000000 0.000000     0.000000     1.547547 
2462135.583628 0.000000 0.000000     0.000000     1.547547 
2462136.514926 0.000000 0.000000     0.000000     1.547547 
2462137.446224 0.000000 0.000000     0.000000     1.547547 
2462138.377521 0.000000 0.000000     0.000000     1.547547 
2462139.308819 0.000000 0.000000     0.000000     1.547547 
2462140.240117 0.000000 0.000000    -0.000000     1.547547 
2462141.171415 0.000000 0.000000    -0.000000     1.547547 
2462142.102713 0.000000 0.000000    -0.000000     1.547547 
2462143.034011 0.000000 0.000000    -0.000000     1.547547 
2462143.965308 0.000000 0.000000    -0.000000     1.547547 
2462144.896606 0.000000 0.000000    -0.000000     1.547547 
2462145.827904 0.000000 0.000000    -0.000000     1.547547 
2462146.759202 0.000000 0.000000    -0.000000     1.547547 
2462147.690500 0.000000 0.000000    -0.000000     1.547547 
2462148.621798 0.000000 0.000000    -0.000000     1.547547 
2462149.553096 0.000000 0.000000    -0.000000     1.547547 
2462150.484393 0.000000 0.000000    -0.000000     1.547547 
2462151.415691 0.000000 0.000000    -0.000000     1.547547 
2462152.346989 0.000000 0.000000    -0.000000     1.547547 
2462153.278287 0.000000 0.000000    -0.000000     1.547547 
2462154.209585 0.000000 0.000000    -0.000000     1.547547 
2462155.140883 0.000000 0.000000     0.000000     1.547547 
2462156.072181 0.000000 0.000000     0.000000     1.547547 
2462157.003478 0.000000 0.000000     0.000000     1.547547 
2462157.934776 0.000000 0.000000     0.000000     1.547547 
2462158.866074 0.000000 0.000000     0.000000     1.547547 
2462159.797372 0.000000 0.000000     0.000000     1.547547 
2462160.728670 0.000000 0.000000     0.000000     1.547547 
2462161.659968 0.000000 0.000000     0.000000     1.547547 
2462162.591265 0.000000 0.000000     0.000000     1.547547 
2462163.522563 0.000000 0.000000     0.000000     1.547547 
2462164.453861 0.000000 0.000000     0.000000     1.547547 
2462165.385159 0.000000 0.000000    -0.000000     1.547547 
2462166.316457 0.000000 0.000000    -0.000000     1.547547 
2462167.247755 0.000000 0.000000    -0.000000     1.547547 
2462168.179053 0.000000 0.000000    -0.000000     1.547547 
2462169.110350 0.000000 0.000000    -0.000000     1.547547 
2462170.041648 0.000000 0.000000    -0.000000     1.547547 
2462170.972946 0.000000 0.000000    -0.000000     1.547547 
2462171.904244 0.000000 0.000000    -0.000000     1.547547 
2462172.835542 0.000000 0.000000    -0.000000     1.547547 
2462173.766840 0.000000 0.000000    -0.000000     1.547547 
2462174.698138 0.000000 0.000000    -0.000000     1.547547 
2462175.629435 0.000000 0.000000    -0.000000     1.547547 
2462176.560733 0.000000 0.000000    -0.000000     1.547547 
2462177.492031 0.000000 0.000000    -0.000000     1.547547 
2462178.423329 0.000000 0.000000    -0.000000     1.547547 
2462179.354627 0.000000 0.000000    -0.000000     1.547547 
2462180.285925 0.000000 0.000000     0.000000     1.547547 
2462181.217222 0.000000 0.000000     0.000000     1.547547 
2462182.148520 0.000000 0.000000     0.000000     1.547547 
2462183.079818 0.000000 0.000000     0.000000     1.547547 
2462184.011116 0.000000 0.000000     0.000000     1.547547 
2462184.942414 0.000000 0.000000     0.000000     1.547547 
2462185.873712 0.000000 0.000000     0.000000     1.547547 
2462186.805010 0.000000 0.000000     0.000000     1.547547 
2462187.736307 0.000000 0.000000     0.000000     1.547547 
2462188.667605 0.000000 0.000000     0.000000     1.547547 
2462189.598903 0.000000 0.000000     0.000000     1.547547 
2462190.530201 0.000000 0.000000    -0.000000     1.547547 
2462191.461499 0.000000 0.000000    -0.000000     1.547547 
2462192.392797 0.000000 0.000000    -0.000000     1.547547 
2462193.324095 0.000000 0.000000    -0.000000     1.547547 
2462194.255392 0.000000 0.000000    -0.000000     1.547547 
2462195.186690 0.000000 0.000000    -0.000000     1.547547 
2462196.117988 0.000000 0.000000    -0.000000     1.547547 
2462197.049286 0.000000 0.000000    -0.000000     1.547547 
2462197.980584 0.000000 0.000000    -0.000000     1.547547 
2462198.911882 0.000000 0.000000    -0.000000     1.547547 
2462199.843180 0.000000 0.000000    -0.000000     1.547547 
2462200.774477 0.000000 0.000000    -0.000000     1.547547 
2462201.705775 0.000000 0.000000    -0.000000     1.547547 
2462202.637073 0.000000 0.000000    -0.000000     1.547547 
2462203.568371 0.000000 0.000000    -0.000000     1.547547 
2462204.499669 0.000000 0.000000    -0.000000     1.547547 
2462205.430967 0.000000 0.000000     0.000000     1.547547 
2462206.362264 0.000000 0.000000     0.000000     1.547547 
2462207.293562 0.000000 0.000000     0.000000     1.547547 
2462208.224860 0.000000 0.000000     0.000000     1.547547 
2462209.156158 0.000000 0.000000     0.000000     1.547547 
2462210.087456 0.000000 0.000000     0.000000     1.547547 
2462211.018754 0.000000 0.000000     0.000000     1.547547 
2462211.950052 0.000000 0.000000     0.000000     1.547547 
2462212.881349 0.000000 0.000000     0.000000     1.547547 
2462213.812647 0.000000 0.000000     0.000000     1.547547 
2462214.743945 0.000000 0.000000     0.000000     1.547547 
2462215.675243 0.000000 0.000000    -0.000000     1.547547 
2462216.606541 0.000000 0.000000    -0.000000     1.547547 
2462217.537839 0.000000 0.000000    -0.000000     1.547547 
2462218.469137 0.000000 0.000000    -0.000000     1.547547 
2462219.400434 0.000000 0.000000    -0.000000     1.547547 
2462220.331732 0.000000 0.000000    -0.000000     1.547547 
2462221.263030 0.000000 0.000000    -0.000000     1.547547 
2462222.194328 0.000000 0.000000    -0.000000     1.547547 
2462223.125626 0.000000 0.000000    -0.000000     1.547547 
2462224.056924 0.000000 0.000000    -0.000000     1.547547 
2462224.988221 0.000000 0.000000    -0.000000     1.547547 
2462225.919519 0.000000 0.000000    -0.000000     1.547547 
2462226.850817 0.000000 0.000000    -0.000000     1.547547 
2462227.782115 0.000000 0.000000    -0.000000     1.547547 
2462228.713413 0.000000 0.000000    -0.000000     1.547547 
2462229.644711 0.000000 0.000000    -0.000000     1.547547 
2462230.576009 0.000000 0.000000     0.000000     1.547547 
2462231.507306 0.000000 0.000000     0.000000     1.547547 
2462232.438604 0.000000 0.000000     0.000000     1.547547 
2462233.369902 0.000000 0.000000     0.000000     1.547547 
2462234.301200 0.000000 0.000000     0.000000     1.547547 
2462235.232498 0.000000 0.000000     0.000000     1.547547 
2462236.163796 0.000000 0.000000     0.000000     1.547547 
2462237.095094 0.000000 0.000000     0.000000     1.547547 
2462238.026391 0.000000 0.000000     0.000000     1.547547 
2462238.957689 0.000000 0.000000     0.000000     1.547547 
2462239.888987 0.000000 0.000000     0.000000     1.547547 
2462240.820285 0.000000 0.000000    -0.000000     1.547547 
2462241.751583 0.000000 0.000000    -0.000000     1.547547 
2462242.682881 0.000000 0.000000    -0.000000     1.547547 
2462243.614178 0.000000 0.000000    -0.000000     1.547547 
2462244.545476 0.000000 0.000000    -0.000000     1.547547 
2462245.476774 0.000000 0.000000    -0.000000     1.547547 
2462246.408072 0.000000 0.000000    -0.000000     1.547547 
2462247.339370 0.000000 0.000000    -0.000000     1.547547 
2462248.270668 0.000000 0.000000    -0.000000     1.547547 
2462249.201966 0.000000 0.000000    -0.000000     1.547547 
2462250.133263 0.000000 0.000000    -0.000000     1.547547 
2462251.064561 0.000000 0.000000    -0.000000     1.547547 
2462251.995859 0.000000 0.000000    -0.000000     1.547547 
2462252.927157 0.000000 0.000000    -0.000000     1.547547 
2462253.858455 0.000000 0.000000    -0.000000     1.547547 
2462254.789753 0.000000 0.000000     0.000000     1.547547 
2462255.721051 0.000000 0.000000     0.000000     1.547547 
2462256.652348 0.000000 0.000000     0.000000     1.547547 
2462257.583646 0.000000 0.000000     0.000000     1.547547 
2462258.514944 0.000000 0.000000     0.000000     1.547547 
2462259.446242 0.000000 0.000000     0.000000     1.547547 
2462260.377540 0.000000 0.000000     0.000000     1.547547 
2462261.308838 0.000000 0.000000     0.000000     1.547547 
2462262.240136 0.000000 0.000000     0.000000     1.547547 
2462263.171433 0.000000 0.000000     0.000000     1.547547 
2462264.102731 0.000000 0.000000     0.000000     1.547547 
2462265.034029 0.000000 0.000000     0.000000     1.547547 
2462265.965327 0.000000 0.000000    -0.000000     1.547547 
2462266.896625 0.000000 0.000000    -0.000000     1.547547 
2462267.827923 0.000000 0.000000    -0.000000     1.547547 
2462268.759220 0.000000 0.000000    -0.000000     1.547547 
2462269.690518 0.000000 0.000000    -0.000000     1.547547 
2462270.621816 0.000000 0.000000    -0.000000     1.547547 
2462271.553114 0.000000 0.000000    -0.000000     1.547547 
2462272.484412 0.000000 0.000000    -0.000000     1.547547 
2462273.415710 0.000000 0.000000    -0.000000     1.547547 
2462274.347008 0.000000 0.000000    -0.000000     1.547547 
2462275.278305 0.000000 0.000000    -0.000000     1.547547 
2462276.209603 0.000000 0.000000    -0.000000     1.547547 
2462277.140901 0.000000 0.000000    -0.000000     1.547547 
2462278.072199 0.000000 0.000000    -0.000000     1.547547 
2462279.003497 0.000000 0.000000    -0.000000     1.547547 
2462279.934795 0.000000 0.000000     0.000000     1.547547 
2462280.866093 0.000000 0.000000     0.000000     1.547547 
2462281.797390 0.000000 0.000000     0.000000     1.547547 
2462282.728688 0.000000 0.000000     0.000000     1.547547 
2462283.659986 0.000000 0.000000     0.000000     1.547547 
2462284.591284 0.000000 0.000000     0.000000     1.547547 
2462285.522582 0.000000 0.000000     0.000000     1.547547 
2462286.453880 0.000000 0.000000     0.000000     1.547547 
2462287.385177 0.000000 0.000000     0.000000     1.547547 
2462288.316475 0.000000 0.000000     0.000000     1.547547 
2462289.247773 0.000000 0.000000     0.000000     1.547547 
2462290.179071 0.000000 0.000000     0.000000     1.547547 
2462291.110369 0.000000 0.000000    -0.000000     1.547547 
2462292.041667 0.000000 0.000000    -0.000000     1.547547 
2462292.972965 0.000000 0.000000    -0.000000     1.547547 
2462293.904262 0.000000 0.000000    -0.000000     1.547547 
2462294.835560 0.000000 0.000000    -0.000000     1.547547 
2462295.766858 0.000000 0.000000    -0.000000     1.547547 
2462296.698156 0.000000 0.000000    -0.000000     1.547547 
2462297.629454 0.000000 0.000000    -0.000000     1.547547 
2462298.560752 0.000000 0.000000    -0.000000     1.547547 
2462299.492050 0.000000 0.000000    -0.000000     1.547547 
2462300.423347 0.000000 0.000000    -0.000000     1.547547 
2462301.354645 0.000000 0.000000    -0.000000     1.547547 
2462302.285943 0.000000 0.000000    -0.000000     1.547547 
2462303.217241 0.000000 0.000000    -0.000000     1.547547 
2462304.148539 0.000000 0.000000    -0.000000     1.547547 
2462305.079837 0.000000 0.000000     0.000000     1.547547 
2462306.011134 0.000000 0.000000     0.000000     1.547547 
2462306.942432 0.000000 0.000000     0.000000     1.547547 
2462307.873730 0.000000 0.000000     0.000000     1.547547 
2462308.805028 0.000000 0.000000     0.000000     1.547547 
2462309.736326 0.000000 0.000000     0.000000     1.547547 
2462310.667624 0.000000 0.000000     0.000000     1.547547 
2462311.598922 0.000000 0.000000     0.000000     1.547547 
2462312.530219 0.000000 0.000000     0.000000     1.547547 
2462313.461517 0.000000 0.000000     0.000000     1.547547 
2462314.392815 0.000000 0.000000     0.000000     1.547547 
2462315.324113 0.000000 0.000000     0.000000     1.547547 
2462316.255411 0.000000 0.000000    -0.000000     1.547547 
2462317.186709 0.000000 0.000000    -0.000000     1.547547 
2462318.118007 0.000000 0.000000    -0.000000     1.547547 
2462319.049304 0.000000 0.000000    -0.000000     1.547547 
2462319.980602 0.000000 0.000000    -0.000000     1.547547 
2462320.911900 0.000000 0.000000    -0.000000     1.547547 
2462321.843198 0.000000 0.000000    -0.000000     1.547547 
2462322.774496 0.000000 0.000000    -0.000000     1.547547 
2462323.705794 0.000000 0.000000    -0.000000     1.547547 
2462324.637092 0.000000 0.000000    -0.000000     1.547547 
2462325.568389 0.000000 0.000000    -0.000000     1.547547 
2462326.499687 0.000000 0.000000    -0.000000     1.547547 
2462327.430985 0.000000 0.000000    -0.000000     1.547547 
2462328.362283 0.000000 0.000000    -0.000000     1.547547 
2462329.293581 0.000000 0.000000     0.000000     1.547547 
2462330.224879 0.000000 0.000000     0.000000     1.547547 
2462331.156176 0.000000 0.000000     0.000000     1.547547 
2462332.087474 0.000000 0.000000     0.000000     1.547547 
2462333.018772 0.000000 0.000000     0.000000     1.547547 
2462333.950070 0.000000 0.000000     0.000000     1.547547 
2462334.881368 0.000000 0.000000     0.000000     1.547547 
2462335.812666 0.000000 0.000000     0.000000     1.547547 
2462336.743964 0.000000 0.000000     0.000000     1.547547 
2462337.675261 0.000000 0.000000     0.000000     1.547547 
2462338.606559 0.000000 0.000000     0.000000     1.547547 
2462339.537857 0.000000 0.000000     0.000000     1.547547 
2462340.469155 0.000000 0.000000    -0.000000     1.547547 
2462341.400453 0.000000 0.000000    -0.000000     1.547547 
2462342.331751 0.000000 0.000000    -0.000000     1.547547 
2462343.263049 0.000000 0.000000    -0.000000     1.547547 
2462344.194346 0.000000 0.000000    -0.000000     1.547547 
2462345.125644 0.000000 0.000000    -0.000000     1.547547 
2462346.056942 0.000000 0.000000    -0.000000     1.547547 
2462346.988240 0.000000 0.000000    -0.000000     1.547547 
2462347.919538 0.000000 0.000000    -0.000000     1.547547 
2462348.850836 0.000000 0.000000    -0.000000     1.547547 
2462349.782133 0.000000 0.000000    -0.000000     1.547547 
2462350.713431 0.000000 0.000000    -0.000000     1.547547 
2462351.644729 0.000000 0.000000    -0.000000     1.547547 
2462352.576027 0.000000 0.000000    -0.000000     1.547547 
2462353.507325 0.000000 0.000000    -0.000000     1.547547 
2462354.438623 0.000000 0.000000    -0.000000     1.547547 
2462355.369921 0.000000 0.000000     0.000000     1.547547 
2462356.301218 0.000000 0.000000     0.000000     1.547547 
2462357.232516 0.000000 0.000000     0.000000     1.547547 
2462358.163814 0.000000 0.000000     0.000000     1.547547 
2462359.095112 0.000000 0.000000     0.000000     1.547547 
2462360.026410 0.000000 0.000000     0.000000     1.547547 
2462360.957708 0.000000 0.000000     0.000000     1.547547 
2462361.889006 0.000000 0.000000     0.000000     1.547547 
2462362.820303 0.000000 0.000000     0.000000     1.547547 
2462363.751601 0.000000 0.000000     0.000000     1.547547 
2462364.682899 0.000000 0.000000     0.000000     1.547547 
2462365.614197 0.000000 0.000000    -0.000000     1.547547 
2462366.545495 0.000000 0.000000    -0.000000     1.547547 
2462367.476793 0.000000 0.000000    -0.000000     1.547547 
2462368.408091 0.000000 0.000000    -0.000000     1.547547 
2462369.339388 0.000000 0.000000    -0.000000     1.547547 
2462370.270686 0.000000 0.000000    -0.000000     1.547547 
2462371.201984 0.000000 0.000000    -0.000000     1.547547 
2462372.133282 0.000000 0.000000    -0.000000     1.547547 
2462373.064580 0.000000 0.000000    -0.000000     1.547547 
2462373.995878 0.000000 0.000000    -0.000000     1.547547 
2462374.927175 0.000000 0.000000    -0.000000     1.547547 
2462375.858473 0.000000 0.000000    -0.000000     1.547547 
2462376.789771 0.000000 0.000000    -0.000000     1.547547 
2462377.721069 0.000000 0.000000    -0.000000     1.547547 
2462378.652367 0.000000 0.000000    -0.000000     1.547547 
2462379.583665 0.000000 0.000000    -0.000000     1.547547 
2462380.514963 0.000000 0.000000     0.000000     1.547547 
2462381.446260 0.000000 0.000000     0.000000     1.547547 
2462382.377558 0.000000 0.000000     0.000000     1.547547 
2462383.308856 0.000000 0.000000     0.000000     1.547547 
2462384.240154 0.000000 0.000000     0.000000     1.547547 
2462385.171452 0.000000 0.000000     0.000000     1.547547 
2462386.102750 0.000000 0.000000     0.000000     1.547547 
2462387.034048 0.000000 0.000000     0.000000     1.547547 
2462387.965345 0.000000 0.000000     0.000000     1.547547 
2462388.896643 0.000000 0.000000     0.000000     1.547547 
2462389.827941 0.000000 0.000000     0.000000     1.547547 
2462390.759239 0.000000 0.000000    -0.000000     1.547547 
2462391.690537 0.000000 0.000000    -0.000000     1.547547 
2462392.621835 0.000000 0.000000    -0.000000     1.547547 
2462393.553132 0.000000 0.000000    -0.000000     1.547547 
2462394.484430 0.000000 0.000000    -0.000000     1.547547 
2462395.415728 0.000000 0.000000    -0.000000     1.547547 
2462396.347026 0.000000 0.000000    -0.000000     1.547547 
2462397.278324 0.000000 0.000000    -0.000000     1.547547 
2462398.209622 0.000000 0.000000    -0.000000     1.547547 
2462399.140920 0.000000 0.000000    -0.000000     1.547547 
2462400.072217 0.000000 0.000000    -0.000000     1.547547 
2462401.003515 0.000000 0.000000    -0.000000     1.547547 
2462401.934813 0.000000 0.000000    -0.000000     1.547547 
2462402.866111 0.000000 0.000000    -0.000000     1.547547 
2462403.797409 0.000000 0.000000    -0.000000     1.547547 
2462404.728707 0.000000 0.000000     0.000000     1.547547 
2462405.660005 0.000000 0.000000     0.000000     1.547547 
2462406.591302 0.000000 0.000000     0.000000     1.547547 
2462407.522600 0.000000 0.000000     0.000000     1.547547 
2462408.453898 0.000000 0.000000     0.000000     1.547547 
2462409.385196 0.000000 0.000000     0.000000     1.547547 
2462410.316494 0.000000 0.000000     0.000000     1.547547 
2462411.247792 0.000000 0.000000     0.000000     1.547547 
2462412.179089 0.000000 0.000000     0.000000     1.547547 
2462413.110387 0.000000 0.000000     0.000000     1.547547 
2462414.041685 0.000000 0.000000     0.000000     1.547547 
2462414.972983 0.000000 0.000000    -0.000000     1.547547 
2462415.904281 0.000000 0.000000    -0.000000     1.547547 
2462416.835579 0.000000 0.000000    -0.000000     1.547547 
2462417.766877 0.000000 0.000000    -0.000000     1.547547 
2462418.698174 0.000000 0.000000    -0.000000     1.547547 
2462419.629472 0.000000 0.000000    -0.000000     1.547547 
2462420.560770 0.000000 0.000000    -0.000000     1.547547 
2462421.492068 0.000000 0.000000    -0.000000     1.547547 
2462422.423366 0.000000 0.000000    -0.000000     1.547547 
2462423.354664 0.000000 0.000000    -0.000000     1.547547 
2462424.285962 0.000000 0.000000    -0.000000     1.547547 
2462425.217259 0.000000 0.000000    -0.000000     1.547547 
2462426.148557 0.000000 0.000000    -0.000000     1.547547 
2462427.079855 0.000000 0.000000    -0.000000     1.547547 
2462428.011153 0.000000 0.000000    -0.000000     1.547547 
2462428.942451 0.000000 0.000000    -0.000000     1.547547 
2462429.873749 0.000000 0.000000     0.000000     1.547547 
2462430.805047 0.000000 0.000000     0.000000     1.547547 
2462431.736344 0.000000 0.000000     0.000000     1.547547 
2462432.667642 0.000000 0.000000     0.000000     1.547547 
2462433.598940 0.000000 0.000000     0.000000     1.547547 
2462434.530238 0.000000 0.000000     0.000000     1.547547 
2462435.461536 0.000000 0.000000     0.000000     1.547547 
2462436.392834 0.000000 0.000000     0.000000     1.547547 
2462437.324131 0.000000 0.000000     0.000000     1.547547 
2462438.255429 0.000000 0.000000     0.000000     1.547547 
2462439.186727 0.000000 0.000000     0.000000     1.547547 
2462440.118025 0.000000 0.000000    -0.000000     1.547547 
2462441.049323 0.000000 0.000000    -0.000000     1.547547 
2462441.980621 0.000000 0.000000    -0.000000     1.547547 
2462442.911919 0.000000 0.000000    -0.000000     1.547547 
2462443.843216 0.000000 0.000000    -0.000000     1.547547 
2462444.774514 0.000000 0.000000    -0.000000     1.547547 
2462445.705812 0.000000 0.000000    -0.000000     1.547547 
2462446.637110 0.000000 0.000000    -0.000000     1.547547 
2462447.568408 0.000000 0.000000    -0.000000     1.547547 
2462448.499706 0.000000 0.000000    -0.000000     1.547547 
2462449.431004 0.000000 0.000000    -0.000000     1.547547 
2462450.362301 0.000000 0.000000    -0.000000     1.547547 
2462451.293599 0.000000 0.000000    -0.000000     1.547547 
2462452.224897 0.000000 0.000000    -0.000000     1.547547 
2462453.156195 0.000000 0.000000    -0.000000     1.547547 
2462454.087493 0.000000 0.000000    -0.000000     1.547547 
2462455.018791 0.000000 0.000000     0.000000     1.547547 
2462455.950088 0.000000 0.000000     0.000000     1.547547 
2462456.881386 0.000000 0.000000     0.000000     1.547547 
2462457.812684 0.000000 0.000000     0.000000     1.547547 
2462458.743982 0.000000 0.000000     0.000000     1.547547 
2462459.675280 0.000000 0.000000     0.000000     1.547547 
2462460.606578 0.000000 0.000000     0.000000     1.547547 
2462461.537876 0.000000 0.000000     0.000000     1.547547 
2462462.469173 0.000000 0.000000     0.000000     1.547547 
2462463.400471 0.000000 0.000000     0.000000     1.547547 
2462464.331769 0.000000 0.000000     0.000000     1.547547 
2462465.263067 0.000000 0.000000    -0.000000     1.547547 
2462466.194365 0.000000 0.000000    -0.000000     1.547547 
2462467.125663 0.000000 0.000000    -0.000000     1.547547 
2462468.056961 0.000000 0.000000    -0.000000     1.547547 
2462468.988258 0.000000 0.000000    -0.000000     1.547547 
2462469.919556 0.000000 0.000000    -0.000000     1.547547 
2462470.850854 0.000000 0.000000    -0.000000     1.547547 
2462471.782152 0.000000 0.000000    -0.000000     1.547547 
2462472.713450 0.000000 0.000000    -0.000000     1.547547 
2462473.644748 0.000000 0.000000    -0.000000     1.547547 
2462474.576045 0.000000 0.000000    -0.000000     1.547547 
2462475.507343 0.000000 0.000000    -0.000000     1.547547 
2462476.438641 0.000000 0.000000    -0.000000     1.547547 
2462477.369939 0.000000 0.000000    -0.000000     1.547547 
2462478.301237 0.000000 0.000000    -0.000000     1.547547 
2462479.232535 0.000000 0.000000    -0.000000     1.547547 
2462480.163833 0.000000 0.000000     0.000000     1.547547 
2462481.095130 0.000000 0.000000     0.000000     1.547547 
2462482.026428 0.000000 0.000000     0.000000     1.547547 
2462482.957726 0.000000 0.000000     0.000000     1.547547 
2462483.889024 0.000000 0.000000     0.000000     1.547547 
2462484.820322 0.000000 0.000000     0.000000     1.547547 
2462485.751620 0.000000 0.000000     0.000000     1.547547 
2462486.682918 0.000000 0.000000     0.000000     1.547547 
2462487.614215 0.000000 0.000000     0.000000     1.547547 
2462488.545513 0.000000 0.000000     0.000000     1.547547 
2462489.476811 0.000000 0.000000     0.000000     1.547547 
2462490.408109 0.000000 0.000000    -0.000000     1.547547 
2462491.339407 0.000000 0.000000    -0.000000     1.547547 
2462492.270705 0.000000 0.000000    -0.000000     1.547547 
2462493.202003 0.000000 0.000000    -0.000000     1.547547 
2462494.133300 0.000000 0.000000    -0.000000     1.547547 
2462495.064598 0.000000 0.000000    -0.000000     1.547547 
2462495.995896 0.000000 0.000000    -0.000000     1.547547 
2462496.927194 0.000000 0.000000    -0.000000     1.547547 
2462497.858492 0.000000 0.000000    -0.000000     1.547547 
2462498.789790 0.000000 0.000000    -0.000000     1.547547 
2462499.721087 0.000000 0.000000    -0.000000     1.547547 
2462500.652385 0.000000 0.000000    -0.000000     1.547547 
2462501.583683 0.000000 0.000000    -0.000000     1.547547 
2462502.514981 0.000000 0.000000    -0.000000     1.547547 
2462503.446279 0.000000 0.000000    -0.000000     1.547547 
2462504.377577 0.000000 0.000000     0.000000     1.547547 
2462505.308875 0.000000 0.000000     0.000000     1.547547 
2462506.240172 0.000000 0.000000     0.000000     1.547547 
2462507.171470 0.000000 0.000000     0.000000     1.547547 
2462508.102768 0.000000 0.000000     0.000000     1.547547 
2462509.034066 0.000000 0.000000     0.000000     1.547547 
2462509.965364 0.000000 0.000000     0.000000     1.547547 
2462510.896662 0.000000 0.000000     0.000000     1.547547 
2462511.827960 0.000000 0.000000     0.000000     1.547547 
2462512.759257 0.000000 0.000000     0.000000     1.547547 
2462513.690555 0.000000 0.000000     0.000000     1.547547 
2462514.621853 0.000000 0.000000     0.000000     1.547547 
2462515.553151 0.000000 0.000000    -0.000000     1.547547 
2462516.484449 0.000000 0.000000    -0.000000     1.547547 
2462517.415747 0.000000 0.000000    -0.000000     1.547547 
2462518.347044 0.000000 0.000000    -0.000000     1.547547 
2462519.278342 0.000000 0.000000    -0.000000     1.547547 
2462520.209640 0.000000 0.000000    -0.000000     1.547547 
2462521.140938 0.000000 0.000000    -0.000000     1.547547 
2462522.072236 0.000000 0.000000    -0.000000     1.547547 
2462523.003534 0.000000 0.000000    -0.000000     1.547547 
2462523.934832 0.000000 0.000000    -0.000000     1.547547 
2462524.866129 0.000000 0.000000    -0.000000     1.547547 
2462525.797427 0.000000 0.000000    -0.000000     1.547547 
2462526.728725 0.000000 0.000000    -0.000000     1.547547 
2462527.660023 0.000000 0.000000    -0.000000     1.547547 
2462528.591321 0.000000 0.000000    -0.000000     1.547547 
2462529.522619 0.000000 0.000000     0.000000     1.547547 
2462530.453917 0.000000 0.000000     0.000000     1.547547 
2462531.385214 0.000000 0.000000     0.000000     1.547547 
2462532.316512 0.000000 0.000000     0.000000     1.547547 
2462533.247810 0.000000 0.000000     0.000000     1.547547 
2462534.179108 0.000000 0.000000     0.000000     1.547547 
2462535.110406 0.000000 0.000000     0.000000     1.547547 
2462536.041704 0.000000 0.000000     0.000000     1.547547 
2462536.973001 0.000000 0.000000     0.000000     1.547547 
2462537.904299 0.000000 0.000000     0.000000     1.547547 
2462538.835597 0.000000 0.000000     0.000000     1.547547 
2462539.766895 0.000000 0.000000     0.000000     1.547547 
2462540.698193 0.000000 0.000000    -0.000000     1.547547 
2462541.629491 0.000000 0.000000    -0.000000     1.547547 
2462542.560789 0.000000 0.000000    -0.000000     1.547547 
2462543.492086 0.000000 0.000000    -0.000000     1.547547 
2462544.423384 0.000000 0.000000    -0.000000     1.547547 
2462545.354682 0.000000 0.000000    -0.000000     1.547547 
2462546.285980 0.000000 0.000000    -0.000000     1.547547 
2462547.217278 0.000000 0.000000    -0.000000     1.547547 
2462548.148576 0.000000 0.000000    -0.000000     1.547547 
2462549.079874 0.000000 0.000000    -0.000000     1.547547 
2462550.011171 0.000000 0.000000    -0.000000     1.547547 
2462550.942469 0.000000 0.000000    -0.000000     1.547547 
2462551.873767 0.000000 0.000000    -0.000000     1.547547 
2462552.805065 0.000000 0.000000    -0.000000     1.547547 
2462553.736363 0.000000 0.000000    -0.000000     1.547547 
2462554.667661 0.000000 0.000000     0.000000     1.547547 
2462555.598959 0.000000 0.000000     0.000000     1.547547 
2462556.530256 0.000000 0.000000     0.000000     1.547547 
2462557.461554 0.000000 0.000000     0.000000     1.547547 
2462558.392852 0.000000 0.000000     0.000000     1.547547 
2462559.324150 0.000000 0.000000     0.000000     1.547547 
2462560.255448 0.000000 0.000000     0.000000     1.547547 
2462561.186746 0.000000 0.000000     0.000000     1.547547 
2462562.118043 0.000000 0.000000     0.000000     1.547547 
2462563.049341 0.000000 0.000000     0.000000     1.547547 
2462563.980639 0.000000 0.000000     0.000000     1.547547 
2462564.911937 0.000000 0.000000    -0.000000     1.547547 
2462565.843235 0.000000 0.000000    -0.000000     1.547547 
2462566.774533 0.000000 0.000000    -0.000000     1.547547 
2462567.705831 0.000000 0.000000    -0.000000     1.547547 
2462568.637128 0.000000 0.000000    -0.000000     1.547547 
2462569.568426 0.000000 0.000000    -0.000000     1.547547 
2462570.499724 0.000000 0.000000    -0.000000     1.547547 
2462571.431022 0.000000 0.000000    -0.000000     1.547547 
2462572.362320 0.000000 0.000000    -0.000000     1.547547 
2462573.293618 0.000000 0.000000    -0.000000     1.547547 
2462574.224916 0.000000 0.000000    -0.000000     1.547547 
2462575.156213 0.000000 0.000000    -0.000000     1.547547 
2462576.087511 0.000000 0.000000    -0.013088     1.005765 
