# time Tc_folded Tref_folded model model_err 
2455007.429878 0.000000 0.000000    -0.000000     0.311468 
2455008.361176 0.000000 0.000000    -0.000001     0.311468 
2455009.292474 0.000000 0.000000    -0.000001     0.311468 
2455010.223771 0.000000 0.000000    -0.000002     0.311468 
2455011.155069 0.000000 0.000000    -0.000003     0.311468 
2455012.086367 0.000000 0.000000    -0.000003     0.311468 
2455013.017665 0.000000 0.000000    -0.000002     0.311468 
2455013.948963 0.000000 0.000000    -0.000000     0.311468 
2455014.880261 0.000000 0.000000     0.000001     0.311468 
2455015.811558 0.000000 0.000000     0.000002     0.311468 
2455016.742856 0.000000 0.000000     0.000001     0.311468 
2455017.674154 0.000000 0.000000    -0.000001     0.311468 
2455018.605452 0.000000 0.000000    -0.000002     0.311468 
2455019.536750 0.000000 0.000000    -0.000000     0.311468 
2455020.468048 0.000000 0.000000     0.000002     0.311468 
2455021.399346 0.000000 0.000000     0.000004     0.311468 
2455022.330643 0.000000 0.000000     0.000005     0.311468 
2455023.261941 0.000000 0.000000     0.000004     0.311468 
2455024.193239 0.000000 0.000000     0.000003     0.311468 
2455025.124537 0.000000 0.000000     0.000004     0.311468 
2455026.055835 0.000000 0.000000     0.000007     0.311468 
2455026.987133 0.000000 0.000000     0.000010     0.311468 
2455027.918431 0.000000 0.000000     0.000012     0.311468 
2455028.849728 0.000000 0.000000     0.000011     0.311468 
2455029.781026 0.000000 0.000000     0.000009     0.311468 
2455030.712324 0.000000 0.000000     0.000005     0.311468 
2455031.643622 0.000000 0.000000     0.000003     0.311468 
2455032.574920 0.000000 0.000000     0.000002     0.311468 
2455033.506218 0.000000 0.000000     0.000002     0.311468 
2455034.437515 0.000000 0.000000     0.000001     0.311468 
2455035.368813 0.000000 0.000000     0.000000     0.311468 
2455036.300111 0.000000 0.000000    -0.000001     0.311468 
2455037.231409 0.000000 0.000000    -0.000001     0.311468 
2455038.162707 0.000000 0.000000     0.000000     0.311468 
2455039.094005 0.000000 0.000000     0.000002     0.311468 
2455040.025303 0.000000 0.000000     0.000004     0.311468 
2455040.956600 0.000000 0.000000     0.000004     0.311468 
2455041.887898 0.000000 0.000000     0.000002     0.311468 
2455042.819196 0.000000 0.000000     0.000000     0.311468 
2455043.750494 0.000000 0.000000    -0.000000     0.311468 
2455044.681792 0.000000 0.000000     0.000001     0.311468 
2455045.613090 0.000000 0.000000     0.000003     0.311468 
2455046.544388 0.000000 0.000000     0.000003     0.311468 
2455047.475685 0.000000 0.000000     0.000003     0.311468 
2455048.406983 0.000000 0.000000     0.000002     0.311468 
2455049.338281 0.000000 0.000000     0.000002     0.311468 
2455050.269579 0.000000 0.000000     0.000004     0.311468 
2455051.200877 0.000000 0.000000     0.000007     0.311468 
2455052.132175 0.000000 0.000000     0.000009     0.311468 
2455053.063472 0.000000 0.000000     0.000010     0.311468 
2455053.994770 0.000000 0.000000     0.000009     0.311468 
2455054.926068 0.000000 0.000000     0.000007     0.311468 
2455055.857366 0.000000 0.000000     0.000006     0.311468 
2455056.788664 0.000000 0.000000     0.000006     0.311468 
2455057.719962 0.000000 0.000000     0.000007     0.311468 
2455058.651260 0.000000 0.000000     0.000006     0.311468 
2455059.582557 0.000000 0.000000     0.000005     0.311468 
2455060.513855 0.000000 0.000000     0.000004     0.311468 
2455061.445153 0.000000 0.000000     0.000003     0.311468 
2455062.376451 0.000000 0.000000     0.000003     0.311468 
2455063.307749 0.000000 0.000000     0.000004     0.311468 
2455064.239047 0.000000 0.000000     0.000005     0.311468 
2455065.170345 0.000000 0.000000     0.000006     0.311468 
2455066.101642 0.000000 0.000000     0.000005     0.311468 
2455067.032940 0.000000 0.000000     0.000004     0.311468 
2455067.964238 0.000000 0.000000     0.000004     0.311468 
2455068.895536 0.000000 0.000000     0.000003     0.311468 
2455069.826834 0.000000 0.000000     0.000001     0.311468 
2455070.758132 0.000000 0.000000     0.000000     0.311468 
2455071.689430 0.000000 0.000000    -0.000001     0.311468 
2455072.620727 0.000000 0.000000    -0.000001     0.311468 
2455073.552025 0.000000 0.000000     0.000001     0.311468 
2455074.483323 0.000000 0.000000     0.000002     0.311468 
2455075.414621 0.000000 0.000000     0.000003     0.311468 
2455076.345919 0.000000 0.000000     0.000001     0.311468 
2455077.277217 0.000000 0.000000    -0.000001     0.311468 
2455078.208514 0.000000 0.000000    -0.000001     0.311468 
2455079.139812 0.000000 0.000000     0.000000     0.311468 
2455080.071110 0.000000 0.000000     0.000004     0.311468 
2455081.002408 0.000000 0.000000     0.000007     0.311468 
2455081.933706 0.000000 0.000000     0.000009     0.311468 
2455082.865004 0.000000 0.000000     0.000008     0.311468 
2455083.796302 0.000000 0.000000     0.000006     0.311468 
2455084.727599 0.000000 0.000000     0.000006     0.311468 
2455085.658897 0.000000 0.000000     0.000006     0.311468 
2455086.590195 0.000000 0.000000     0.000008     0.311468 
2455087.521493 0.000000 0.000000     0.000008     0.311468 
2455088.452791 0.000000 0.000000     0.000006     0.311468 
2455089.384089 0.000000 0.000000     0.000004     0.311468 
2455090.315387 0.000000 0.000000     0.000004     0.311468 
2455091.246684 0.000000 0.000000     0.000005     0.311468 
2455092.177982 0.000000 0.000000     0.000008     0.311468 
2455093.109280 0.000000 0.000000     0.000008     0.311468 
2455094.040578 0.000000 0.000000     0.000004     0.311468 
2455094.971876 0.000000 0.000000    -0.000002     0.311468 
2455095.903174 0.000000 0.000000    -0.000006     0.311468 
2455096.834471 0.000000 0.000000    -0.000005     0.311468 
2455097.765769 0.000000 0.000000     0.000002     0.311468 
2455098.697067 0.000000 0.000000     0.000008     0.311468 
2455099.628365 0.000000 0.000000     0.000008     0.311468 
2455100.559663 0.000000 0.000000     0.000001     0.311468 
2455101.490961 0.000000 0.000000    -0.000010     0.311468 
2455102.422259 0.000000 0.000000    -0.000016     0.311468 
2455103.353556 0.000000 0.000000    -0.000014     0.311468 
2455104.284854 0.000000 0.000000    -0.000004     0.311468 
2455105.216152 0.000000 0.000000     0.000007     0.311468 
2455106.147450 0.000000 0.000000     0.000011     0.311468 
2455107.078748 0.000000 0.000000     0.000006     0.311468 
2455108.010046 0.000000 0.000000    -0.000003     0.311468 
2455108.941344 0.000000 0.000000    -0.000009     0.311468 
2455109.872641 0.000000 0.000000    -0.000008     0.311468 
2455110.803939 0.000000 0.000000    -0.000002     0.311468 
2455111.735237 0.000000 0.000000     0.000003     0.311468 
2455112.666535 0.000000 0.000000     0.000001     0.311468 
2455113.597833 0.000000 0.000000    -0.000004     0.311468 
2455114.529131 0.000000 0.000000    -0.000008     0.311468 
2455115.460428 0.000000 0.000000    -0.000004     0.311468 
2455116.391726 0.000000 0.000000     0.000004     0.311468 
2455117.323024 0.000000 0.000000     0.000010     0.311468 
2455118.254322 0.000000 0.000000     0.000008     0.311468 
2455119.185620 0.000000 0.000000    -0.000002     0.311468 
2455120.116918 0.000000 0.000000    -0.000010     0.311468 
2455121.048216 0.000000 0.000000    -0.000007     0.311468 
2455121.979513 0.000000 0.000000     0.000008     0.311468 
2455122.910811 0.000000 0.000000     0.000027     0.311468 
2455123.842109 0.000000 0.000000     0.000036     0.311468 
2455124.773407 0.000000 0.000000     0.000027     0.311468 
2455125.704705 0.000000 0.000000     0.000005     0.311468 
2455126.636003 0.000000 0.000000    -0.000014     0.311468 
2455127.567301 0.000000 0.000000    -0.000015     0.311468 
2455128.498598 0.000000 0.000000     0.000001     0.311468 
2455129.429896 0.000000 0.000000     0.000022     0.311468 
2455130.361194 0.000000 0.000000     0.000029     0.311468 
2455131.292492 0.000000 0.000000     0.000014     0.311468 
2455132.223790 0.000000 0.000000    -0.000016     0.311468 
2455133.155088 0.000000 0.000000    -0.000044     0.311468 
2455134.086386 0.000000 0.000000    -0.000055     0.311468 
2455135.017683 0.000000 0.000000    -0.000049     0.311468 
2455135.948981 0.000000 0.000000    -0.000036     0.311468 
2455136.880279 0.000000 0.000000    -0.000030     0.311468 
2455137.811577 0.000000 0.000000    -0.000033     0.311468 
2455138.742875 0.000000 0.000000    -0.000037     0.311468 
2455139.674173 0.000000 0.000000    -0.000032     0.311468 
2455140.605470 0.000000 0.000000    -0.000017     0.311468 
2455141.536768 0.000000 0.000000    -0.000002     0.311468 
2455142.468066 0.000000 0.000000     0.000001     0.311468 
2455143.399364 0.000000 0.000000    -0.000010     0.311468 
2455144.330662 0.000000 0.000000    -0.000021     0.311468 
2455145.261960 0.000000 0.000000    -0.000013     0.311468 
2455146.193258 0.000000 0.000000     0.000020     0.311468 
2455147.124555 0.000000 0.000000     0.000066     0.311468 
2455148.055853 0.000000 0.000000     0.000098     0.311468 
2455148.987151 0.000000 0.000000     0.000098     0.311468 
2455149.918449 0.000000 0.000000     0.000069     0.311468 
2455150.849747 0.000000 0.000000     0.000036     0.311468 
2455151.781045 0.000000 0.000000     0.000030     0.311468 
2455152.712343 0.000000 0.000000     0.000057     0.311468 
2455153.643640 0.000000 0.000000     0.000097     0.311468 
2455154.574938 0.000000 0.000000     0.000114     0.311468 
2455155.506236 0.000000 0.000000     0.000083     0.311468 
2455156.437534 0.000000 0.000000     0.000012     0.311468 
2455157.368832 0.000000 0.000000    -0.000068     0.311468 
2455158.300130 0.000000 0.000000    -0.000122     0.311468 
2455159.231427 0.000000 0.000000    -0.000137     0.311468 
2455160.162725 0.000000 0.000000    -0.000127     0.311468 
2455161.094023 0.000000 0.000000    -0.000114     0.311468 
2455162.025321 0.000000 0.000000    -0.000109     0.311468 
2455162.956619 0.000000 0.000000    -0.000106     0.311468 
2455163.887917 0.000000 0.000000    -0.000089     0.311468 
2455164.819215 0.000000 0.000000    -0.000055     0.311468 
2455165.750512 0.000000 0.000000    -0.000022     0.311468 
2455166.681810 0.000000 0.000000    -0.000012     0.311468 
2455167.613108 0.000000 0.000000    -0.000031     0.311468 
2455168.544406 0.000000 0.000000    -0.000055     0.311468 
2455169.475704 0.000000 0.000000    -0.000047     0.311468 
2455170.407002 0.000000 0.000000     0.000013     0.311468 
2455171.338300 0.000000 0.000000     0.000110     0.311468 
2455172.269597 0.000000 0.000000     0.000195     0.311468 
2455173.200895 0.000000 0.000000     0.000224     0.311468 
2455174.132193 0.000000 0.000000     0.000194     0.311468 
2455175.063491 0.000000 0.000000     0.000147     0.311468 
2455175.994789 0.000000 0.000000     0.000137     0.311468 
2455176.926087 0.000000 0.000000     0.000192     0.311468 
2455177.857384 0.000000 0.000000     0.000279     0.311468 
2455178.788682 0.000000 0.000000     0.000332     0.311468 
2455179.719980 0.000000 0.000000     0.000297     0.311468 
2455180.651278 0.000000 0.000000     0.000170     0.311467 
2455181.582576 0.000000 0.000000     0.000002     0.311468 
2455182.513874 0.000000 0.000000    -0.000137     0.311468 
2455183.445172 0.000000 0.000000    -0.000212     0.311468 
2455184.376469 0.000000 0.000000    -0.000231     0.311468 
2455185.307767 0.000000 0.000000    -0.000231     0.311468 
2455186.239065 0.000000 0.000000    -0.000236     0.311468 
2455187.170363 0.000000 0.000000    -0.000235     0.311468 
2455188.101661 0.000000 0.000000    -0.000202     0.311468 
2455189.032959 0.000000 0.000000    -0.000127     0.311468 
2455189.964257 0.000000 0.000000    -0.000044     0.311468 
2455190.895554 0.000000 0.000000    -0.000002     0.311468 
2455191.826852 0.000000 0.000000    -0.000029     0.311468 
2455192.758150 0.000000 0.000000    -0.000093     0.311468 
2455193.689448 0.000000 0.000000    -0.000122     0.311468 
2455194.620746 0.000000 0.000000    -0.000054     0.311468 
2455195.552044 0.000000 0.000000     0.000106     0.311468 
2455196.483342 0.000000 0.000000     0.000283     0.311468 
2455197.414639 0.000000 0.000000     0.000383     0.311468 
2455198.345937 0.000000 0.000000     0.000372     0.311468 
2455199.277235 0.000000 0.000000     0.000301     0.311467 
2455200.208533 0.000000 0.000000     0.000273     0.311467 
2455201.139831 0.000000 0.000000     0.000358     0.311467 
2455202.071129 0.000000 0.000000     0.000532     0.311467 
2455203.002426 0.000000 0.000000     0.000686     0.311467 
2455203.933724 0.000000 0.000000     0.000704     0.311466 
2455204.865022 0.000000 0.000000     0.000546     0.311466 
2455205.796320 0.000000 0.000000     0.000275     0.311466 
2455206.727618 0.000000 0.000000     0.000009     0.311466 
2455207.658916 0.000000 0.000000    -0.000163     0.311466 
2455208.590214 0.000000 0.000000    -0.000236     0.311466 
2455209.521511 0.000000 0.000000    -0.000268     0.311466 
2455210.452809 0.000000 0.000000    -0.000311     0.311466 
2455211.384107 0.000000 0.000000    -0.000356     0.311466 
2455212.315405 0.000000 0.000000    -0.000348     0.311466 
2455213.246703 0.000000 0.000000    -0.000245     0.311466 
2455214.178001 0.000000 0.000000    -0.000080     0.311466 
2455215.109299 0.000000 0.000000     0.000053     0.311466 
2455216.040596 0.000000 0.000000     0.000065     0.311466 
2455216.971894 0.000000 0.000000    -0.000040     0.311466 
2455217.903192 0.000000 0.000000    -0.000161     0.311466 
2455218.834490 0.000000 0.000000    -0.000165     0.311466 
2455219.765788 0.000000 0.000000     0.000003     0.311466 
2455220.697086 0.000000 0.000000     0.000270     0.311466 
2455221.628383 0.000000 0.000000     0.000485     0.311466 
2455222.559681 0.000000 0.000000     0.000540     0.311466 
2455223.490979 0.000000 0.000000     0.000456     0.311466 
2455224.422277 0.000000 0.000000     0.000375     0.311466 
2455225.353575 0.000000 0.000000     0.000445     0.311466 
2455226.284873 0.000000 0.000000     0.000694     0.311466 
2455227.216171 0.000000 0.000000     0.000999     0.311466 
2455228.147468 0.000000 0.000000     0.001167     0.311465 
2455229.078766 0.000000 0.000000     0.001075     0.311464 
2455230.010064 0.000000 0.000000     0.000761     0.311464 
2455230.941362 0.000000 0.000000     0.000384     0.311464 
2455231.872660 0.000000 0.000000     0.000106     0.311464 
2455232.803958 0.000000 0.000000    -0.000024     0.311464 
2455233.735256 0.000000 0.000000    -0.000073     0.311464 
2455234.666553 0.000000 0.000000    -0.000144     0.311464 
2455235.597851 0.000000 0.000000    -0.000263     0.311464 
2455236.529149 0.000000 0.000000    -0.000354     0.311464 
2455237.460447 0.000000 0.000000    -0.000313     0.311464 
2455238.391745 0.000000 0.000000    -0.000118     0.311464 
2455239.323043 0.000000 0.000000     0.000125     0.311464 
2455240.254340 0.000000 0.000000     0.000257     0.311464 
2455241.185638 0.000000 0.000000     0.000192     0.311464 
2455242.116936 0.000000 0.000000    -0.000003     0.311464 
2455243.048234 0.000000 0.000000    -0.000153     0.311464 
2455243.979532 0.000000 0.000000    -0.000109     0.311464 
2455244.910830 0.000000 0.000000     0.000128     0.311464 
2455245.842128 0.000000 0.000000     0.000407     0.311464 
2455246.773425 0.000000 0.000000     0.000551     0.311464 
2455247.704723 0.000000 0.000000     0.000505     0.311464 
2455248.636021 0.000000 0.000000     0.000383     0.311464 
2455249.567319 0.000000 0.000000     0.000377     0.311464 
2455250.498617 0.000000 0.000000     0.000598     0.311463 
2455251.429915 0.000000 0.000000     0.000974     0.311464 
2455252.361213 0.000000 0.000000     0.001294     0.311463 
2455253.292510 0.000000 0.000000     0.001368     0.311463 
2455254.223808 0.000000 0.000000     0.001161     0.311463 
2455255.155106 0.000000 0.000000     0.000813     0.311463 
2455256.086404 0.000000 0.000000     0.000521     0.311462 
2455257.017702 0.000000 0.000000     0.000390     0.311463 
2455257.949000 0.000000 0.000000     0.000370     0.311463 
2455258.880298 0.000000 0.000000     0.000334     0.311463 
2455259.811595 0.000000 0.000000     0.000202     0.311462 
2455260.742893 0.000000 0.000000     0.000023     0.311463 
2455261.674191 0.000000 0.000000    -0.000069     0.311463 
2455262.605489 0.000000 0.000000     0.000018     0.311463 
2455263.536787 0.000000 0.000000     0.000244     0.311463 
2455264.468085 0.000000 0.000000     0.000455     0.311463 
2455265.399382 0.000000 0.000000     0.000507     0.311463 
2455266.330680 0.000000 0.000000     0.000376     0.311463 
2455267.261978 0.000000 0.000000     0.000174     0.311463 
2455268.193276 0.000000 0.000000     0.000054     0.311463 
2455269.124574 0.000000 0.000000     0.000085     0.311463 
2455270.055872 0.000000 0.000000     0.000207     0.311463 
2455270.987170 0.000000 0.000000     0.000296     0.311463 
2455271.918467 0.000000 0.000000     0.000281     0.311463 
2455272.849765 0.000000 0.000000     0.000207     0.311463 
2455273.781063 0.000000 0.000000     0.000194     0.311463 
2455274.712361 0.000000 0.000000     0.000323     0.311462 
2455275.643659 0.000000 0.000000     0.000561     0.311462 
2455276.574957 0.000000 0.000000     0.000783     0.311462 
2455277.506255 0.000000 0.000000     0.000875     0.311462 
2455278.437552 0.000000 0.000000     0.000826     0.311462 
2455279.368850 0.000000 0.000000     0.000727     0.311462 
2455280.300148 0.000000 0.000000     0.000689     0.311462 
2455281.231446 0.000000 0.000000     0.000746     0.311462 
2455282.162744 0.000000 0.000000     0.000831     0.311462 
2455283.094042 0.000000 0.000000     0.000849     0.311462 
2455284.025339 0.000000 0.000000     0.000761     0.311462 
2455284.956637 0.000000 0.000000     0.000621     0.311462 
2455285.887935 0.000000 0.000000     0.000523     0.311462 
2455286.819233 0.000000 0.000000     0.000521     0.311462 
2455287.750531 0.000000 0.000000     0.000585     0.311462 
2455288.681829 0.000000 0.000000     0.000642     0.311462 
2455289.613127 0.000000 0.000000     0.000651     0.311462 
2455290.544424 0.000000 0.000000     0.000627     0.311462 
2455291.475722 0.000000 0.000000     0.000603     0.311463 
2455292.407020 0.000000 0.000000     0.000575     0.311463 
2455293.338318 0.000000 0.000000     0.000479     0.311463 
2455294.269616 0.000000 0.000000     0.000266     0.311462 
2455295.200914 0.000000 0.000000    -0.000019     0.311462 
2455296.132212 0.000000 0.000000    -0.000232     0.311463 
2455297.063509 0.000000 0.000000    -0.000226     0.311463 
2455297.994807 0.000000 0.000000     0.000003     0.311462 
2455298.926105 0.000000 0.000000     0.000278     0.311462 
2455299.857403 0.000000 0.000000     0.000350     0.311462 
2455300.788701 0.000000 0.000000     0.000105     0.311462 
2455301.719999 0.000000 0.000000    -0.000318     0.311463 
2455302.651297 0.000000 0.000000    -0.000595     0.311463 
2455303.582594 0.000000 0.000000    -0.000464     0.311463 
2455304.513892 0.000000 0.000000     0.000059     0.311462 
2455305.445190 0.000000 0.000000     0.000675     0.311462 
2455306.376488 0.000000 0.000000     0.001023     0.311463 
2455307.307786 0.000000 0.000000     0.000957     0.311463 
2455308.239084 0.000000 0.000000     0.000652     0.311463 
2455309.170381 0.000000 0.000000     0.000439     0.311463 
2455310.101679 0.000000 0.000000     0.000515     0.311463 
2455311.032977 0.000000 0.000000     0.000778     0.311463 
2455311.964275 0.000000 0.000000     0.000930     0.311463 
2455312.895573 0.000000 0.000000     0.000776     0.311463 
2455313.826871 0.000000 0.000000     0.000425     0.311463 
2455314.758169 0.000000 0.000000     0.000214     0.311463 
2455315.689466 0.000000 0.000000     0.000383     0.311463 
2455316.620764 0.000000 0.000000     0.000813     0.311463 
2455317.552062 0.000000 0.000000     0.001072     0.311463 
2455318.483360 0.000000 0.000000     0.000784     0.311463 
2455319.414658 0.000000 0.000000     0.000013     0.311463 
2455320.345956 0.000000 0.000000    -0.000703     0.311463 
2455321.277254 0.000000 0.000000    -0.000750     0.311463 
2455322.208551 0.000000 0.000000     0.000017     0.311463 
2455323.139849 0.000000 0.000000     0.001058     0.311463 
2455324.071147 0.000000 0.000000     0.001502     0.311461 
2455325.002445 0.000000 0.000000     0.000829     0.311458 
2455325.933743 0.000000 0.000000    -0.000645     0.311457 
2455326.865041 0.000000 0.000000    -0.001934     0.311460 
2455327.796338 0.000000 0.000000    -0.002101     0.311458 
2455328.727636 0.000000 0.000000    -0.001008     0.311444 
2455329.658934 0.000000 0.000000     0.000542     0.311428 
2455330.590232 0.000000 0.000000     0.001397     0.311425 
2455331.521530 0.000000 0.000000     0.000940     0.311433 
2455332.452828 0.000000 0.000000    -0.000450     0.311439 
2455333.384126 0.000000 0.000000    -0.001723     0.311440 
2455334.315423 0.000000 0.000000    -0.002021     0.311440 
2455335.246721 0.000000 0.000000    -0.001345     0.311440 
2455336.178019 0.000000 0.000000    -0.000475     0.311440 
2455337.109317 0.000000 0.000000    -0.000240     0.311440 
2455338.040615 0.000000 0.000000    -0.000765     0.311440 
2455338.971913 0.000000 0.000000    -0.001382     0.311440 
2455339.903211 0.000000 0.000000    -0.001279     0.311441 
2455340.834508 0.000000 0.000000    -0.000316     0.311442 
2455341.765806 0.000000 0.000000     0.000765     0.311442 
2455342.697104 0.000000 0.000000     0.000982     0.311441 
2455343.628402 0.000000 0.000000     0.000070     0.311440 
2455344.559700 0.000000 0.000000    -0.001111     0.311439 
2455345.490998 0.000000 0.000000    -0.001182     0.311439 
2455346.422295 0.000000 0.000000     0.000553     0.311439 
2455347.353593 0.000000 0.000000     0.003333     0.311439 
2455348.284891 0.000000 0.000000     0.005339     0.311434 
2455349.216189 0.000000 0.000000     0.005073     0.311405 
2455350.147487 0.000000 0.000000     0.002638     0.311363 
2455351.078785 0.000000 0.000000    -0.000190     0.311360 
2455352.010083 0.000000 0.000000    -0.001255     0.311379 
2455352.941380 0.000000 0.000000     0.000262     0.311295 
2455353.872678 0.000000 0.000000     0.003095     0.311072 
2455354.803976 0.000000 0.000000     0.004776     0.310876 
2455355.735274 0.000000 0.000000     0.003496     0.310845 
2455356.666572 0.000000 0.000000    -0.000498     0.310907 
2455357.597870 0.000000 0.000000    -0.005098     0.310946 
2455358.529168 0.000000 0.000000    -0.007942     0.310956 
2455359.460465 0.000000 0.000000    -0.008129     0.310957 
2455360.391763 0.000000 0.000000    -0.006667     0.310951 
2455361.323061 0.000000 0.000000    -0.005367     0.310950 
2455362.254359 0.000000 0.000000    -0.005206     0.310955 
2455363.185657 0.000000 0.000000    -0.005606     0.310953 
2455364.116955 0.000000 0.000000    -0.005219     0.310955 
2455365.048253 0.000000 0.000000    -0.003439     0.310976 
2455365.979550 0.000000 0.000000    -0.001193     0.310993 
2455366.910848 0.000000 0.000000    -0.000173     0.310992 
2455367.842146 0.000000 0.000000    -0.001129     0.310980 
2455368.773444 0.000000 0.000000    -0.002815     0.310959 
2455369.704742 0.000000 0.000000    -0.002700     0.310945 
2455370.636040 0.000000 0.000000     0.000915     0.310946 
2455371.567337 0.000000 0.000000     0.007151     0.310948 
2455372.498635 0.000000 0.000000     0.012795     0.310953 
2455373.429933 0.000000 0.000000     0.014618     0.310904 
2455374.361231 0.000000 0.000000     0.012000     0.310691 
2455375.292529 0.000000 0.000000     0.007664     0.310459 
2455376.223827 0.000000 0.000000     0.005701     0.310497 
2455377.155125 0.000000 0.000000     0.008301     0.310504 
2455378.086422 0.000000 0.000000     0.013769     0.309735 
2455379.017720 0.000000 0.000000     0.017537     0.308288 
2455379.949018 0.000000 0.000000     0.015493     0.307247 
2455380.880316 0.000000 0.000000     0.007081     0.307146 
2455381.811614 0.000000 0.000000    -0.004261     0.307420 
2455382.742912 0.000000 0.000000    -0.013623     0.307555 
2455383.674210 0.000000 0.000000    -0.018044     0.307586 
2455384.605507 0.000000 0.000000    -0.018123     0.307583 
2455385.536805 0.000000 0.000000    -0.016687     0.307554 
2455386.468103 0.000000 0.000000    -0.015918     0.307563 
2455387.399401 0.000000 0.000000    -0.015554     0.307580 
2455388.330699 0.000000 0.000000    -0.013706     0.307564 
2455389.261997 0.000000 0.000000    -0.009394     0.307629 
2455390.193294 0.000000 0.000000    -0.004244     0.307785 
2455391.124592 0.000000 0.000000    -0.001504     0.307876 
2455392.055890 0.000000 0.000000    -0.003005     0.307843 
2455392.987188 0.000000 0.000000    -0.006807     0.307731 
2455393.918486 0.000000 0.000000    -0.007983     0.307598 
2455394.849784 0.000000 0.000000    -0.002380     0.307540 
2455395.781082 0.000000 0.000000     0.009592     0.307557 
2455396.712379 0.000000 0.000000     0.022504     0.307577 
2455397.643677 0.000000 0.000000     0.029668     0.307596 
2455398.574975 0.000000 0.000000     0.028377     0.307326 
2455399.506273 0.000000 0.000000     0.022367     0.306456 
2455400.437571 0.000000 0.000000     0.019168     0.305770 
2455401.368869 0.000000 0.000000     0.024109     0.306056 
2455402.300167 0.000000 0.000000     0.035646     0.305601 
2455403.231464 0.000000 0.000000     0.045873     0.302024 
2455404.162762 0.000000 0.000000     0.046081     0.296580 
2455405.094060 0.000000 0.000000     0.033135     0.293262 
2455406.025358 0.000000 0.000000     0.011733     0.293157 
2455406.956656 0.000000 0.000000    -0.009130     0.293907 
2455407.887954 0.000000 0.000000    -0.022534     0.294183 
2455408.819251 0.000000 0.000000    -0.027715     0.294252 
2455409.750549 0.000000 0.000000    -0.028835     0.294210 
2455410.681847 0.000000 0.000000    -0.030003     0.294130 
2455411.613145 0.000000 0.000000    -0.031233     0.294197 
2455412.544443 0.000000 0.000000    -0.028985     0.294209 
2455413.475741 0.000000 0.000000    -0.020682     0.294207 
2455414.407039 0.000000 0.000000    -0.008751     0.294634 
2455415.338336 0.000000 0.000000     0.000014     0.295284 
2455416.269634 0.000000 0.000000    -0.000116     0.295523 
2455417.200932 0.000000 0.000000    -0.008105     0.295256 
2455418.132230 0.000000 0.000000    -0.015560     0.294729 
2455419.063528 0.000000 0.000000    -0.012609     0.294253 
2455419.994826 0.000000 0.000000     0.004025     0.294133 
2455420.926124 0.000000 0.000000     0.027496     0.294228 
2455421.857421 0.000000 0.000000     0.045386     0.294312 
2455422.788719 0.000000 0.000000     0.049272     0.294330 
2455423.720017 0.000000 0.000000     0.041744     0.293413 
2455424.651315 0.000000 0.000000     0.034827     0.291183 
2455425.582613 0.000000 0.000000     0.040512     0.290035 
2455426.513911 0.000000 0.000000     0.060648     0.290869 
2455427.445209 0.000000 0.000000     0.084368     0.288372 
2455428.376506 0.000000 0.000000     0.095433     0.277816 
2455429.307804 0.000000 0.000000     0.083986     0.263629 
2455430.239102 0.000000 0.000000     0.053587     0.256000 
2455431.170400 0.000000 0.000000     0.018160     0.256185 
2455432.101698 0.000000 0.000000    -0.008415     0.257560 
2455433.032996 0.000000 0.000000    -0.021528     0.257923 
2455433.964293 0.000000 0.000000    -0.026686     0.258032 
2455434.895591 0.000000 0.000000    -0.032014     0.257839 
2455435.826889 0.000000 0.000000    -0.039566     0.257741 
2455436.758187 0.000000 0.000000    -0.043336     0.257956 
2455437.689485 0.000000 0.000000    -0.035755     0.257864 
2455438.620783 0.000000 0.000000    -0.016629     0.258189 
2455439.552081 0.000000 0.000000     0.004068     0.259964 
2455440.483378 0.000000 0.000000     0.012984     0.261816 
2455441.414676 0.000000 0.000000     0.004642     0.262015 
2455442.345974 0.000000 0.000000    -0.012598     0.260758 
2455443.277272 0.000000 0.000000    -0.021801     0.259073 
2455444.208570 0.000000 0.000000    -0.010555     0.257950 
2455445.139868 0.000000 0.000000     0.018570     0.257864 
2455446.071166 0.000000 0.000000     0.049256     0.258163 
2455447.002463 0.000000 0.000000     0.064103     0.258394 
2455447.933761 0.000000 0.000000     0.058835     0.258316 
2455448.865059 0.000000 0.000000     0.046297     0.256252 
2455449.796357 0.000000 0.000000     0.046429     0.252480 
2455450.727655 0.000000 0.000000     0.069813     0.251610 
2455451.658953 0.000000 0.000000     0.107975     0.252812 
2455452.590250 0.000000 0.000000     0.138524     0.245818 
2455453.521548 0.000000 0.000000     0.141349     0.223999 
2455454.452846 0.000000 0.000000     0.113204     0.194860 
2455455.384144 0.000000 0.000000     0.069302     0.179404 
2455456.315442 0.000000 0.000000     0.031114     0.180302 
2455457.246740 0.000000 0.000000     0.010625     0.181957 
2455458.178038 0.000000 0.000000     0.003758     0.182157 
2455459.109335 0.000000 0.000000    -0.002429     0.182172 
2455460.040633 0.000000 0.000000    -0.015846     0.181570 
2455460.971931 0.000000 0.000000    -0.031305     0.181783 
2455461.903229 0.000000 0.000000    -0.035385     0.182198 
2455462.834527 0.000000 0.000000    -0.019795     0.181803 
2455463.765825 0.000000 0.000000     0.008888     0.184401 
2455464.697123 0.000000 0.000000     0.032364     0.190809 
2455465.628420 0.000000 0.000000     0.034742     0.194913 
2455466.559718 0.000000 0.000000     0.015948     0.193316 
2455467.491016 0.000000 0.000000    -0.007280     0.188330 
2455468.422314 0.000000 0.000000    -0.014328     0.183833 
2455469.353612 0.000000 0.000000     0.002773     0.181954 
2455470.284910 0.000000 0.000000     0.032968     0.182215 
2455471.216207 0.000000 0.000000     0.055499     0.182899 
2455472.147505 0.000000 0.000000     0.057378     0.183492 
2455473.078803 0.000000 0.000000     0.044504     0.183234 
2455474.010101 0.000000 0.000000     0.036980     0.180113 
2455474.941399 0.000000 0.000000     0.052271     0.176148 
2455475.872697 0.000000 0.000000     0.090025     0.176653 
2455476.803995 0.000000 0.000000     0.131101     0.177271 
2455477.735292 0.000000 0.000000     0.151700     0.166697 
2455478.666590 0.000000 0.000000     0.141123     0.139136 
2455479.597888 0.000000 0.000000     0.108941     0.096042 
2455480.529186 0.000000 0.000000     0.076278     0.054385 
2455481.460484 0.000000 0.000000     0.058993     0.062894 
2455482.391782 0.000000 0.000000     0.056770     0.062149 
2455483.323080 0.000000 0.000000     0.056510     0.058507 
2455484.254377 0.000000 0.000000     0.046101     0.053938 
2455485.185675 0.000000 0.000000     0.026128     0.050904 
2455486.116973 0.000000 0.000000     0.009459     0.059318 
2455487.048271 0.000000 0.000000     0.009536     0.058032 
2455487.979569 0.000000 0.000000     0.027911     0.060511 
2455488.910867 0.000000 0.000000     0.052001     0.088102 
2455489.842165 0.000000 0.000000     0.064883     0.107529 
2455490.773462 0.000000 0.000000     0.058566     0.111046 
2455491.704760 0.000000 0.000000     0.039439     0.098646 
2455492.636058 0.000000 0.000000     0.021751     0.074725 
2455493.567356 0.000000 0.000000     0.015412     0.055753 
2455494.498654 0.000000 0.000000     0.018908     0.056031 
2455495.429952 0.000000 0.000000     0.022964     0.055930 
2455496.361249 0.000000 0.000000     0.020731     0.061394 
2455497.292547 0.000000 0.000000     0.014687     0.067340 
2455498.223845 0.000000 0.000000     0.013962     0.066290 
2455499.155143 0.000000 0.000000     0.024993     0.060909 
2455500.086441 0.000000 0.000000     0.044584     0.053609 
2455501.017739 0.000000 0.000000     0.062088     0.043987 
2455501.949037 0.000000 0.000000     0.068755     0.052573 
2455502.880334 0.000000 0.000000     0.065565     0.065646 
2455503.811632 0.000000 0.000000     0.062183     0.067596 
2455504.742930 0.000000 0.000000     0.067967     0.059312 
2455505.674228 0.000000 0.000000     0.083316     0.049679 
2455506.605526 0.000000 0.000000     0.099254     0.047027 
2455507.536824 0.000000 0.000000     0.105486     0.045465 
2455508.468122 0.000000 0.000000     0.099334     0.047284 
2455509.399419 0.000000 0.000000     0.087433     0.050657 
2455510.330717 0.000000 0.000000     0.079042     0.051026 
2455511.262015 0.000000 0.000000     0.077782     0.051859 
2455512.193313 0.000000 0.000000     0.079706     0.054702 
2455513.124611 0.000000 0.000000     0.079050     0.054779 
2455514.055909 0.000000 0.000000     0.075201     0.048000 
2455514.987206 0.000000 0.000000     0.073187     0.060461 
2455515.918504 0.000000 0.000000     0.076732     0.089733 
2455516.849802 0.000000 0.000000     0.081097     0.108428 
2455517.781100 0.000000 0.000000     0.074276     0.108662 
2455518.712398 0.000000 0.000000     0.047476     0.086234 
2455519.643696 0.000000 0.000000     0.006053     0.063251 
2455520.574994 0.000000 0.000000    -0.030325     0.092149 
2455521.506291 0.000000 0.000000    -0.041102     0.100646 
2455522.437589 0.000000 0.000000    -0.022118     0.086175 
2455523.368887 0.000000 0.000000     0.008248     0.060543 
2455524.300185 0.000000 0.000000     0.021259     0.048712 
2455525.231483 0.000000 0.000000     0.000292     0.075854 
2455526.162781 0.000000 0.000000    -0.044278     0.112277 
2455527.094079 0.000000 0.000000    -0.080795     0.134158 
2455528.025376 0.000000 0.000000    -0.079384     0.138659 
2455528.956674 0.000000 0.000000    -0.034528     0.139014 
2455529.887972 0.000000 0.000000     0.030884     0.153129 
2455530.819270 0.000000 0.000000     0.083266     0.170152 
2455531.750568 0.000000 0.000000     0.103314     0.178455 
2455532.681866 0.000000 0.000000     0.097979     0.180098 
2455533.613163 0.000000 0.000000     0.090416     0.180148 
2455534.544461 0.000000 0.000000     0.097603     0.180157 
2455535.475759 0.000000 0.000000     0.115538     0.180443 
2455536.407057 0.000000 0.000000     0.124778     0.181057 
2455537.338355 0.000000 0.000000     0.110827     0.181279 
2455538.269653 0.000000 0.000000     0.080342     0.181610 
2455539.200951 0.000000 0.000000     0.057518     0.182716 
2455540.132248 0.000000 0.000000     0.062655     0.185298 
2455541.063546 0.000000 0.000000     0.091559     0.190811 
2455541.994844 0.000000 0.000000     0.115128     0.195319 
2455542.926142 0.000000 0.000000     0.101777     0.191867 
2455543.857440 0.000000 0.000000     0.045101     0.183404 
2455544.788738 0.000000 0.000000    -0.027035     0.183263 
2455545.720036 0.000000 0.000000    -0.071608     0.189501 
2455546.651333 0.000000 0.000000    -0.063992     0.189302 
2455547.582631 0.000000 0.000000    -0.019009     0.183735 
2455548.513929 0.000000 0.000000     0.018670     0.180574 
2455549.445227 0.000000 0.000000     0.008587     0.180095 
2455550.376525 0.000000 0.000000    -0.053321     0.185283 
2455551.307823 0.000000 0.000000    -0.130063     0.198579 
2455552.239121 0.000000 0.000000    -0.170514     0.208324 
2455553.170418 0.000000 0.000000    -0.146974     0.209182 
2455554.101716 0.000000 0.000000    -0.074151     0.213310 
2455555.033014 0.000000 0.000000     0.004416     0.228794 
2455555.964312 0.000000 0.000000     0.050391     0.244028 
2455556.895610 0.000000 0.000000     0.057359     0.251135 
2455557.826908 0.000000 0.000000     0.049703     0.252458 
2455558.758205 0.000000 0.000000     0.056787     0.252298 
2455559.689503 0.000000 0.000000     0.085732     0.252527 
2455560.620801 0.000000 0.000000     0.116105     0.253445 
2455561.552099 0.000000 0.000000     0.120223     0.254201 
2455562.483397 0.000000 0.000000     0.090478     0.254133 
2455563.414695 0.000000 0.000000     0.049023     0.254165 
2455564.345993 0.000000 0.000000     0.030488     0.254958 
2455565.277290 0.000000 0.000000     0.051920     0.256283 
2455566.208588 0.000000 0.000000     0.095867     0.258115 
2455567.139886 0.000000 0.000000     0.122148     0.259005 
2455568.071184 0.000000 0.000000     0.099889     0.257144 
2455569.002482 0.000000 0.000000     0.033872     0.254952 
2455569.933780 0.000000 0.000000    -0.037023     0.256195 
2455570.865078 0.000000 0.000000    -0.069066     0.258447 
2455571.796375 0.000000 0.000000    -0.047736     0.257530 
2455572.727673 0.000000 0.000000     0.000642     0.254666 
2455573.658971 0.000000 0.000000     0.029192     0.253043 
2455574.590269 0.000000 0.000000     0.006753     0.253005 
2455575.521567 0.000000 0.000000    -0.058397     0.254187 
2455576.452865 0.000000 0.000000    -0.125528     0.255690 
2455577.384162 0.000000 0.000000    -0.152758     0.254748 
2455578.315460 0.000000 0.000000    -0.127439     0.251761 
2455579.246758 0.000000 0.000000    -0.072258     0.252942 
2455580.178056 0.000000 0.000000    -0.024035     0.261167 
2455581.109354 0.000000 0.000000    -0.004046     0.270573 
2455582.040652 0.000000 0.000000    -0.004265     0.275604 
2455582.971950 0.000000 0.000000     0.000584     0.276201 
2455583.903247 0.000000 0.000000     0.027218     0.275720 
2455584.834545 0.000000 0.000000     0.067221     0.276948 
2455585.765843 0.000000 0.000000     0.093998     0.279265 
2455586.697141 0.000000 0.000000     0.086937     0.280239 
2455587.628439 0.000000 0.000000     0.051520     0.279483 
2455588.559737 0.000000 0.000000     0.017449     0.279000 
2455589.491035 0.000000 0.000000     0.015402     0.279873 
2455590.422332 0.000000 0.000000     0.051311     0.281037 
2455591.353630 0.000000 0.000000     0.099675     0.281591 
2455592.284928 0.000000 0.000000     0.122174     0.281714 
2455593.216226 0.000000 0.000000     0.097252     0.281761 
2455594.147524 0.000000 0.000000     0.037262     0.282473 
2455595.078822 0.000000 0.000000    -0.020451     0.284546 
2455596.010120 0.000000 0.000000    -0.041471     0.286254 
2455596.941417 0.000000 0.000000    -0.019421     0.284646 
2455597.872715 0.000000 0.000000     0.020849     0.280616 
2455598.804013 0.000000 0.000000     0.043470     0.278716 
2455599.735311 0.000000 0.000000     0.028511     0.278944 
2455600.666609 0.000000 0.000000    -0.015165     0.275464 
2455601.597907 0.000000 0.000000    -0.059724     0.265986 
2455602.529204 0.000000 0.000000    -0.081160     0.254912 
2455603.460502 0.000000 0.000000    -0.076042     0.246738 
2455604.391800 0.000000 0.000000    -0.059680     0.242712 
2455605.323098 0.000000 0.000000    -0.049351     0.244943 
2455606.254396 0.000000 0.000000    -0.048255     0.252039 
2455607.185694 0.000000 0.000000    -0.044112     0.256766 
2455608.116992 0.000000 0.000000    -0.022881     0.256260 
2455609.048289 0.000000 0.000000     0.015298     0.255663 
2455609.979587 0.000000 0.000000     0.052736     0.259278 
2455610.910885 0.000000 0.000000     0.067287     0.263703 
2455611.842183 0.000000 0.000000     0.051331     0.264447 
2455612.773481 0.000000 0.000000     0.020404     0.262253 
2455613.704779 0.000000 0.000000     0.003231     0.261459 
2455614.636077 0.000000 0.000000     0.020051     0.263731 
2455615.567374 0.000000 0.000000     0.066067     0.265870 
2455616.498672 0.000000 0.000000     0.113358     0.265787 
2455617.429970 0.000000 0.000000     0.130393     0.265819 
2455618.361268 0.000000 0.000000     0.104653     0.268496 
2455619.292566 0.000000 0.000000     0.051518     0.273400 
2455620.223864 0.000000 0.000000     0.003152     0.278479 
2455621.155161 0.000000 0.000000    -0.013852     0.279832 
2455622.086459 0.000000 0.000000     0.004483     0.274271 
2455623.017757 0.000000 0.000000     0.039423     0.266179 
2455623.949055 0.000000 0.000000     0.064732     0.264367 
2455624.880353 0.000000 0.000000     0.064689     0.264731 
2455625.811651 0.000000 0.000000     0.041860     0.254350 
2455626.742949 0.000000 0.000000     0.010881     0.230328 
2455627.674246 0.000000 0.000000    -0.014519     0.203572 
2455628.605544 0.000000 0.000000    -0.030096     0.185912 
2455629.536842 0.000000 0.000000    -0.039487     0.176265 
2455630.468140 0.000000 0.000000    -0.046072     0.176789 
2455631.399438 0.000000 0.000000    -0.047161     0.185899 
2455632.330736 0.000000 0.000000    -0.036320     0.190345 
2455633.262034 0.000000 0.000000    -0.011498     0.187873 
2455634.193331 0.000000 0.000000     0.019220     0.188288 
2455635.124629 0.000000 0.000000     0.040782     0.195081 
2455636.055927 0.000000 0.000000     0.042035     0.200638 
2455636.987225 0.000000 0.000000     0.025771     0.200127 
2455637.918523 0.000000 0.000000     0.009043     0.196165 
2455638.849821 0.000000 0.000000     0.012030     0.196754 
2455639.781118 0.000000 0.000000     0.042933     0.204276 
2455640.712416 0.000000 0.000000     0.090195     0.210184 
2455641.643714 0.000000 0.000000     0.128521     0.209116 
2455642.575012 0.000000 0.000000     0.135143     0.207830 
2455643.506310 0.000000 0.000000     0.105158     0.217722 
2455644.437608 0.000000 0.000000     0.055236     0.234722 
2455645.368906 0.000000 0.000000     0.013178     0.244570 
2455646.300203 0.000000 0.000000     0.000593     0.238854 
2455647.231501 0.000000 0.000000     0.020370     0.219988 
2455648.162799 0.000000 0.000000     0.056674     0.205070 
2455649.094097 0.000000 0.000000     0.086367     0.206873 
2455650.025395 0.000000 0.000000     0.093351     0.206966 
2455650.956693 0.000000 0.000000     0.076498     0.188923 
2455651.887991 0.000000 0.000000     0.047300     0.151870 
2455652.819288 0.000000 0.000000     0.020595     0.103719 
2455653.750586 0.000000 0.000000     0.005632     0.059002 
2455654.681884 0.000000 0.000000     0.002937     0.050979 
2455655.613182 0.000000 0.000000     0.007355     0.063908 
2455656.544480 0.000000 0.000000     0.013348     0.066383 
2455657.475778 0.000000 0.000000     0.018129     0.054436 
2455658.407076 0.000000 0.000000     0.021213     0.050573 
2455659.338373 0.000000 0.000000     0.022352     0.055736 
2455660.269671 0.000000 0.000000     0.020844     0.048422 
2455661.200969 0.000000 0.000000     0.017179     0.054441 
2455662.132267 0.000000 0.000000     0.015089     0.062182 
2455663.063565 0.000000 0.000000     0.021016     0.059372 
2455663.994863 0.000000 0.000000     0.039973     0.091424 
2455664.926160 0.000000 0.000000     0.070215     0.126297 
2455665.857458 0.000000 0.000000     0.101153     0.143604 
2455666.788756 0.000000 0.000000     0.117431     0.139311 
2455667.720054 0.000000 0.000000     0.107847     0.133581 
2455668.651352 0.000000 0.000000     0.073692     0.165136 
2455669.582650 0.000000 0.000000     0.030413     0.196500 
2455670.513948 0.000000 0.000000     0.000280     0.201213 
2455671.445245 0.000000 0.000000    -0.000330     0.172358 
2455672.376543 0.000000 0.000000     0.028793     0.105124 
2455673.307841 0.000000 0.000000     0.070829     0.084682 
2455674.239139 0.000000 0.000000     0.101739     0.120880 
2455675.170437 0.000000 0.000000     0.104916     0.100193 
2455676.101735 0.000000 0.000000     0.081302     0.060309 
2455677.033033 0.000000 0.000000     0.048231     0.121337 
2455677.964330 0.000000 0.000000     0.027663     0.136811 
2455678.895628 0.000000 0.000000     0.031637     0.114216 
2455679.826926 0.000000 0.000000     0.054725     0.047088 
2455680.758224 0.000000 0.000000     0.078444     0.108079 
2455681.689522 0.000000 0.000000     0.084267     0.137381 
2455682.620820 0.000000 0.000000     0.066035     0.139208 
2455683.552117 0.000000 0.000000     0.033347     0.131442 
2455684.483415 0.000000 0.000000     0.004263     0.143062 
2455685.414713 0.000000 0.000000    -0.006783     0.161369 
2455686.346011 0.000000 0.000000     0.002938     0.162715 
2455687.277309 0.000000 0.000000     0.025288     0.144865 
2455688.208607 0.000000 0.000000     0.048819     0.129974 
2455689.139905 0.000000 0.000000     0.066125     0.139540 
2455690.071202 0.000000 0.000000     0.075459     0.145549 
2455691.002500 0.000000 0.000000     0.076907     0.143722 
2455691.933798 0.000000 0.000000     0.068518     0.152957 
2455692.865096 0.000000 0.000000     0.047434     0.169409 
2455693.796394 0.000000 0.000000     0.015672     0.180613 
2455694.727692 0.000000 0.000000    -0.015401     0.187315 
2455695.658990 0.000000 0.000000    -0.028183     0.190850 
2455696.590287 0.000000 0.000000    -0.009784     0.190674 
2455697.521585 0.000000 0.000000     0.036584     0.192936 
2455698.452883 0.000000 0.000000     0.089583     0.200648 
2455699.384181 0.000000 0.000000     0.121010     0.202527 
2455700.315479 0.000000 0.000000     0.114017     0.189409 
2455701.246777 0.000000 0.000000     0.075335     0.165104 
2455702.178074 0.000000 0.000000     0.031681     0.145043 
2455703.109372 0.000000 0.000000     0.011766     0.136409 
2455704.040670 0.000000 0.000000     0.026402     0.131849 
2455704.971968 0.000000 0.000000     0.061260     0.134760 
2455705.903266 0.000000 0.000000     0.087769     0.145363 
2455706.834564 0.000000 0.000000     0.084096     0.155652 
2455707.765862 0.000000 0.000000     0.050637     0.161448 
2455708.697159 0.000000 0.000000     0.008765     0.162918 
2455709.628457 0.000000 0.000000    -0.015474     0.163726 
2455710.559755 0.000000 0.000000    -0.009794     0.161301 
2455711.491053 0.000000 0.000000     0.017551     0.142160 
2455712.422351 0.000000 0.000000     0.046504     0.090468 
2455713.353649 0.000000 0.000000     0.061032     0.086211 
2455714.284947 0.000000 0.000000     0.058861     0.121924 
2455715.216244 0.000000 0.000000     0.048314     0.103231 
2455716.147542 0.000000 0.000000     0.037075     0.080487 
2455717.078840 0.000000 0.000000     0.024370     0.149767 
2455718.010138 0.000000 0.000000     0.004160     0.177424 
2455718.941436 0.000000 0.000000    -0.023941     0.175094 
2455719.872734 0.000000 0.000000    -0.047407     0.175034 
2455720.804032 0.000000 0.000000    -0.046164     0.198620 
2455721.735329 0.000000 0.000000    -0.008385     0.218658 
2455722.666627 0.000000 0.000000     0.055973     0.227441 
2455723.597925 0.000000 0.000000     0.116660     0.232462 
2455724.529223 0.000000 0.000000     0.141191     0.231340 
2455725.460521 0.000000 0.000000     0.117115     0.213212 
2455726.391819 0.000000 0.000000     0.061434     0.171854 
2455727.323116 0.000000 0.000000     0.009122     0.104284 
2455728.254414 0.000000 0.000000    -0.011219     0.081939 
2455729.185712 0.000000 0.000000     0.003696     0.124956 
2455730.117010 0.000000 0.000000     0.032433     0.131466 
2455731.048308 0.000000 0.000000     0.047697     0.121509 
2455731.979606 0.000000 0.000000     0.037922     0.135918 
2455732.910904 0.000000 0.000000     0.014489     0.161502 
2455733.842201 0.000000 0.000000    -0.000242     0.163932 
2455734.773499 0.000000 0.000000     0.006958     0.132976 
2455735.704797 0.000000 0.000000     0.029179     0.059770 
2455736.636095 0.000000 0.000000     0.046387     0.115105 
2455737.567393 0.000000 0.000000     0.043651     0.149290 
2455738.498691 0.000000 0.000000     0.024276     0.157268 
2455739.429989 0.000000 0.000000     0.006250     0.150057 
2455740.361286 0.000000 0.000000     0.005250     0.150862 
2455741.292584 0.000000 0.000000     0.019566     0.177483 
2455742.223882 0.000000 0.000000     0.030913     0.198488 
2455743.155180 0.000000 0.000000     0.021299     0.192971 
2455744.086478 0.000000 0.000000    -0.008467     0.163913 
2455745.017776 0.000000 0.000000    -0.035473     0.157803 
2455745.949073 0.000000 0.000000    -0.031176     0.183374 
2455746.880371 0.000000 0.000000     0.014756     0.194973 
2455747.811669 0.000000 0.000000     0.082889     0.198330 
2455748.742967 0.000000 0.000000     0.135298     0.205887 
2455749.674265 0.000000 0.000000     0.141899     0.204756 
2455750.605563 0.000000 0.000000     0.101590     0.181842 
2455751.536861 0.000000 0.000000     0.041809     0.142430 
2455752.468158 0.000000 0.000000    -0.002640     0.116446 
2455753.399456 0.000000 0.000000    -0.014282     0.109052 
2455754.330754 0.000000 0.000000    -0.001861     0.088605 
2455755.262052 0.000000 0.000000     0.012194     0.063552 
2455756.193350 0.000000 0.000000     0.013461     0.075048 
2455757.124648 0.000000 0.000000     0.007174     0.108737 
2455758.055946 0.000000 0.000000     0.010221     0.131838 
2455758.987243 0.000000 0.000000     0.031567     0.130874 
2455759.918541 0.000000 0.000000     0.059630     0.114263 
2455760.849839 0.000000 0.000000     0.069192     0.135000 
2455761.781137 0.000000 0.000000     0.043107     0.166526 
2455762.712435 0.000000 0.000000    -0.009727     0.178060 
2455763.643733 0.000000 0.000000    -0.056748     0.172465 
2455764.575030 0.000000 0.000000    -0.064548     0.167984 
2455765.506328 0.000000 0.000000    -0.024736     0.184691 
2455766.437626 0.000000 0.000000     0.038194     0.206999 
2455767.368924 0.000000 0.000000     0.084201     0.210823 
2455768.300222 0.000000 0.000000     0.087301     0.182970 
2455769.231520 0.000000 0.000000     0.054400     0.112858 
2455770.162818 0.000000 0.000000     0.018740     0.096557 
2455771.094115 0.000000 0.000000     0.013390     0.142761 
2455772.025413 0.000000 0.000000     0.045838     0.139964 
2455772.956711 0.000000 0.000000     0.093249     0.141146 
2455773.888009 0.000000 0.000000     0.121114     0.166474 
2455774.819307 0.000000 0.000000     0.109627     0.167903 
2455775.750605 0.000000 0.000000     0.066977     0.129828 
2455776.681903 0.000000 0.000000     0.020435     0.063320 
2455777.613200 0.000000 0.000000    -0.005744     0.116505 
2455778.544498 0.000000 0.000000    -0.006862     0.127527 
2455779.475796 0.000000 0.000000     0.003706     0.117596 
2455780.407094 0.000000 0.000000     0.010428     0.115092 
2455781.338392 0.000000 0.000000     0.010470     0.104853 
2455782.269690 0.000000 0.000000     0.014065     0.072038 
2455783.200988 0.000000 0.000000     0.030787     0.074403 
2455784.132285 0.000000 0.000000     0.055203     0.073241 
2455785.063583 0.000000 0.000000     0.066440     0.068260 
2455785.994881 0.000000 0.000000     0.044074     0.121055 
2455786.926179 0.000000 0.000000    -0.012087     0.146287 
2455787.857477 0.000000 0.000000    -0.075543     0.148618 
2455788.788775 0.000000 0.000000    -0.107453     0.148767 
2455789.720072 0.000000 0.000000    -0.082645     0.158596 
2455790.651370 0.000000 0.000000    -0.008197     0.164761 
2455791.582668 0.000000 0.000000     0.079680     0.166424 
2455792.513966 0.000000 0.000000     0.138654     0.167890 
2455793.445264 0.000000 0.000000     0.146692     0.161415 
2455794.376562 0.000000 0.000000     0.113362     0.147490 
2455795.307860 0.000000 0.000000     0.069253     0.147417 
2455796.239157 0.000000 0.000000     0.042864     0.159423 
2455797.170455 0.000000 0.000000     0.042421     0.171050 
2455798.101753 0.000000 0.000000     0.054739     0.185124 
2455799.033051 0.000000 0.000000     0.059486     0.190493 
2455799.964349 0.000000 0.000000     0.046188     0.170370 
2455800.895647 0.000000 0.000000     0.021000     0.115454 
2455801.826945 0.000000 0.000000    -0.000254     0.080688 
2455802.758242 0.000000 0.000000    -0.005368     0.118904 
2455803.689540 0.000000 0.000000     0.005827     0.106178 
2455804.620838 0.000000 0.000000     0.023626     0.063954 
2455805.552136 0.000000 0.000000     0.037662     0.096651 
2455806.483434 0.000000 0.000000     0.044431     0.099294 
2455807.414732 0.000000 0.000000     0.047075     0.064986 
2455808.346029 0.000000 0.000000     0.048849     0.081881 
2455809.277327 0.000000 0.000000     0.047345     0.094078 
2455810.208625 0.000000 0.000000     0.035491     0.067219 
2455811.139923 0.000000 0.000000     0.009012     0.076858 
2455812.071221 0.000000 0.000000    -0.026199     0.108589 
2455813.002519 0.000000 0.000000    -0.053913     0.119250 
2455813.933817 0.000000 0.000000    -0.056232     0.124831 
2455814.865114 0.000000 0.000000    -0.025560     0.124200 
2455815.796412 0.000000 0.000000     0.028754     0.099664 
2455816.727710 0.000000 0.000000     0.084249     0.058192 
2455817.659008 0.000000 0.000000     0.117517     0.118169 
2455818.590306 0.000000 0.000000     0.116798     0.143825 
2455819.521604 0.000000 0.000000     0.087153     0.141183 
2455820.452902 0.000000 0.000000     0.045654     0.128536 
2455821.384199 0.000000 0.000000     0.010643     0.147120 
2455822.315497 0.000000 0.000000    -0.007709     0.177188 
2455823.246795 0.000000 0.000000    -0.010223     0.190745 
2455824.178093 0.000000 0.000000    -0.004670     0.182604 
2455825.109391 0.000000 0.000000     0.001083     0.158637 
2455826.040689 0.000000 0.000000     0.003836     0.146158 
2455826.971986 0.000000 0.000000     0.005340     0.161014 
2455827.903284 0.000000 0.000000     0.009197     0.171632 
2455828.834582 0.000000 0.000000     0.017423     0.167407 
2455829.765880 0.000000 0.000000     0.029100     0.158231 
2455830.697178 0.000000 0.000000     0.041484     0.158314 
2455831.628476 0.000000 0.000000     0.052121     0.159396 
2455832.559774 0.000000 0.000000     0.060152     0.144702 
2455833.491071 0.000000 0.000000     0.066014     0.108026 
2455834.422369 0.000000 0.000000     0.070069     0.053884 
2455835.353667 0.000000 0.000000     0.071449     0.062183 
2455836.284965 0.000000 0.000000     0.068135     0.054161 
2455837.216263 0.000000 0.000000     0.058323     0.067169 
2455838.147561 0.000000 0.000000     0.042210     0.082874 
2455839.078859 0.000000 0.000000     0.022911     0.068989 
2455840.010156 0.000000 0.000000     0.005651     0.067869 
2455840.941454 0.000000 0.000000    -0.004612     0.089618 
2455841.872752 0.000000 0.000000    -0.005860     0.079469 
2455842.804050 0.000000 0.000000    -0.000336     0.065592 
2455843.735348 0.000000 0.000000     0.006540     0.099019 
2455844.666646 0.000000 0.000000     0.009218     0.098442 
2455845.597944 0.000000 0.000000     0.005280     0.062021 
2455846.529241 0.000000 0.000000    -0.003127     0.116759 
2455847.460539 0.000000 0.000000    -0.010633     0.151091 
2455848.391837 0.000000 0.000000    -0.011889     0.154411 
2455849.323135 0.000000 0.000000    -0.004637     0.142138 
2455850.254433 0.000000 0.000000     0.009218     0.150125 
2455851.185731 0.000000 0.000000     0.024907     0.171271 
2455852.117028 0.000000 0.000000     0.037284     0.181016 
2455853.048326 0.000000 0.000000     0.042874     0.178306 
2455853.979624 0.000000 0.000000     0.040675     0.173274 
2455854.910922 0.000000 0.000000     0.032098     0.178729 
2455855.842220 0.000000 0.000000     0.020813     0.189537 
2455856.773518 0.000000 0.000000     0.012561     0.189547 
2455857.704816 0.000000 0.000000     0.014047     0.174254 
2455858.636113 0.000000 0.000000     0.030128     0.159424 
2455859.567411 0.000000 0.000000     0.059963     0.164445 
2455860.498709 0.000000 0.000000     0.094559     0.174163 
2455861.430007 0.000000 0.000000     0.118425     0.179168 
2455862.361305 0.000000 0.000000     0.116019     0.183876 
2455863.292603 0.000000 0.000000     0.080301     0.186809 
2455864.223901 0.000000 0.000000     0.018485     0.184360 
2455865.155198 0.000000 0.000000    -0.049136     0.180190 
2455866.086496 0.000000 0.000000    -0.097593     0.179872 
2455867.017794 0.000000 0.000000    -0.108774     0.181758 
2455867.949092 0.000000 0.000000    -0.079883     0.178050 
2455868.880390 0.000000 0.000000    -0.024289     0.158771 
2455869.811688 0.000000 0.000000     0.035429     0.112191 
2455870.742985 0.000000 0.000000     0.078225     0.069126 
2455871.674283 0.000000 0.000000     0.093494     0.131699 
2455872.605581 0.000000 0.000000     0.084139     0.148161 
2455873.536879 0.000000 0.000000     0.063163     0.126675 
2455874.468177 0.000000 0.000000     0.046182     0.068541 
2455875.399475 0.000000 0.000000     0.043594     0.120239 
2455876.330773 0.000000 0.000000     0.055739     0.152747 
2455877.262070 0.000000 0.000000     0.072917     0.146209 
2455878.193368 0.000000 0.000000     0.080315     0.094540 
2455879.124666 0.000000 0.000000     0.065932     0.116074 
2455880.055964 0.000000 0.000000     0.028037     0.173415 
2455880.987262 0.000000 0.000000    -0.021805     0.193913 
2455881.918560 0.000000 0.000000    -0.062579     0.189645 
2455882.849858 0.000000 0.000000    -0.073640     0.189952 
2455883.781155 0.000000 0.000000    -0.045977     0.213965 
2455884.712453 0.000000 0.000000     0.011261     0.238104 
2455885.643751 0.000000 0.000000     0.073220     0.250601 
2455886.575049 0.000000 0.000000     0.110332     0.255470 
2455887.506347 0.000000 0.000000     0.102494     0.258024 
2455888.437645 0.000000 0.000000     0.049126     0.258478 
2455889.368943 0.000000 0.000000    -0.030026     0.255743 
2455890.300240 0.000000 0.000000    -0.103516     0.252607 
2455891.231538 0.000000 0.000000    -0.141715     0.253451 
2455892.162836 0.000000 0.000000    -0.128819     0.255069 
2455893.094134 0.000000 0.000000    -0.068414     0.246407 
2455894.025432 0.000000 0.000000     0.018925     0.219542 
2455894.956730 0.000000 0.000000     0.104280     0.183575 
2455895.888027 0.000000 0.000000     0.161609     0.181657 
2455896.819325 0.000000 0.000000     0.177470     0.204598 
2455897.750623 0.000000 0.000000     0.155643     0.211103 
2455898.681921 0.000000 0.000000     0.114599     0.199476 
2455899.613219 0.000000 0.000000     0.078281     0.191803 
2455900.544517 0.000000 0.000000     0.063892     0.204726 
2455901.475815 0.000000 0.000000     0.072676     0.217278 
2455902.407112 0.000000 0.000000     0.089163     0.214602 
2455903.338410 0.000000 0.000000     0.090221     0.206346 
2455904.269708 0.000000 0.000000     0.059493     0.215271 
2455905.201006 0.000000 0.000000    -0.001157     0.233073 
2455906.132304 0.000000 0.000000    -0.070517     0.238886 
2455907.063602 0.000000 0.000000    -0.118649     0.235054 
2455907.994900 0.000000 0.000000    -0.123349     0.242034 
2455908.926197 0.000000 0.000000    -0.082729     0.263141 
2455909.857495 0.000000 0.000000    -0.016564     0.281256 
2455910.788793 0.000000 0.000000     0.044052     0.289719 
2455911.720091 0.000000 0.000000     0.072281     0.292355 
2455912.651389 0.000000 0.000000     0.057566     0.293414 
2455913.582687 0.000000 0.000000     0.008520     0.293177 
2455914.513984 0.000000 0.000000    -0.052974     0.291292 
2455915.445282 0.000000 0.000000    -0.101766     0.290013 
2455916.376580 0.000000 0.000000    -0.118414     0.291237 
2455917.307878 0.000000 0.000000    -0.094554     0.291157 
2455918.239176 0.000000 0.000000    -0.034670     0.282844 
2455919.170474 0.000000 0.000000     0.045131     0.265605 
2455920.101772 0.000000 0.000000     0.121517     0.251830 
2455921.033069 0.000000 0.000000     0.171723     0.254549 
2455921.964367 0.000000 0.000000     0.182931     0.263532 
2455922.895665 0.000000 0.000000     0.158749     0.265185 
2455923.826963 0.000000 0.000000     0.117949     0.260951 
2455924.758261 0.000000 0.000000     0.084345     0.260403 
2455925.689559 0.000000 0.000000     0.072722     0.265918 
2455926.620857 0.000000 0.000000     0.079607     0.270166 
2455927.552154 0.000000 0.000000     0.085659     0.268970 
2455928.483452 0.000000 0.000000     0.069019     0.266976 
2455929.414750 0.000000 0.000000     0.021162     0.270280 
2455930.346048 0.000000 0.000000    -0.045595     0.275535 
2455931.277346 0.000000 0.000000    -0.104370     0.276179 
2455932.208644 0.000000 0.000000    -0.129755     0.274568 
2455933.139941 0.000000 0.000000    -0.112848     0.279211 
2455934.071239 0.000000 0.000000    -0.065553     0.290166 
2455935.002537 0.000000 0.000000    -0.012213     0.299368 
2455935.933835 0.000000 0.000000     0.024690     0.303182 
2455936.865133 0.000000 0.000000     0.034954     0.304162 
2455937.796431 0.000000 0.000000     0.021705     0.305191 
2455938.727729 0.000000 0.000000    -0.004870     0.305794 
2455939.659026 0.000000 0.000000    -0.034364     0.304924 
2455940.590324 0.000000 0.000000    -0.058516     0.304243 
2455941.521622 0.000000 0.000000    -0.069696     0.305162 
2455942.452920 0.000000 0.000000    -0.060190     0.304341 
2455943.384218 0.000000 0.000000    -0.025664     0.297498 
2455944.315516 0.000000 0.000000     0.029125     0.286857 
2455945.246814 0.000000 0.000000     0.088364     0.280651 
2455946.178111 0.000000 0.000000     0.131288     0.281797 
2455947.109409 0.000000 0.000000     0.144011     0.284409 
2455948.040707 0.000000 0.000000     0.128760     0.284507 
2455948.972005 0.000000 0.000000     0.102558     0.283353 
2455949.903303 0.000000 0.000000     0.084933     0.282998 
2455950.834601 0.000000 0.000000     0.083152     0.283421 
2455951.765899 0.000000 0.000000     0.086435     0.283021 
2455952.697196 0.000000 0.000000     0.074392     0.280900 
2455953.628494 0.000000 0.000000     0.033903     0.278949 
2455954.559792 0.000000 0.000000    -0.028377     0.279561 
2455955.491090 0.000000 0.000000    -0.087985     0.281204 
2455956.422388 0.000000 0.000000    -0.118192     0.281026 
2455957.353686 0.000000 0.000000    -0.107739     0.280640 
2455958.284983 0.000000 0.000000    -0.067603     0.284423 
2455959.216281 0.000000 0.000000    -0.022161     0.291851 
2455960.147579 0.000000 0.000000     0.007877     0.297413 
2455961.078877 0.000000 0.000000     0.017464     0.298643 
2455962.010175 0.000000 0.000000     0.015754     0.299419 
2455962.941473 0.000000 0.000000     0.014076     0.303301 
2455963.872771 0.000000 0.000000     0.014693     0.306735 
2455964.804068 0.000000 0.000000     0.010160     0.306055 
2455965.735366 0.000000 0.000000    -0.006725     0.304888 
2455966.666664 0.000000 0.000000    -0.032067     0.306281 
2455967.597962 0.000000 0.000000    -0.049846     0.304020 
2455968.529260 0.000000 0.000000    -0.042877     0.292531 
2455969.460558 0.000000 0.000000    -0.007079     0.277472 
2455970.391856 0.000000 0.000000     0.043312     0.269369 
2455971.323153 0.000000 0.000000     0.084910     0.267965 
2455972.254451 0.000000 0.000000     0.101952     0.267583 
2455973.185749 0.000000 0.000000     0.097078     0.267704 
2455974.117047 0.000000 0.000000     0.087008     0.267608 
2455975.048345 0.000000 0.000000     0.086505     0.265154 
2455975.979643 0.000000 0.000000     0.094133     0.261271 
2455976.910940 0.000000 0.000000     0.092320     0.257416 
2455977.842238 0.000000 0.000000     0.062509     0.252930 
2455978.773536 0.000000 0.000000     0.003282     0.249028 
2455979.704834 0.000000 0.000000    -0.063924     0.248352 
2455980.636132 0.000000 0.000000    -0.107352     0.249407 
2455981.567430 0.000000 0.000000    -0.106768     0.249185 
2455982.498728 0.000000 0.000000    -0.067688     0.250058 
2455983.430025 0.000000 0.000000    -0.016776     0.257756 
2455984.361323 0.000000 0.000000     0.017975     0.269810 
2455985.292621 0.000000 0.000000     0.026593     0.276415 
2455986.223919 0.000000 0.000000     0.020986     0.275700 
2455987.155217 0.000000 0.000000     0.021132     0.279123 
2455988.086515 0.000000 0.000000     0.035812     0.291642 
2455989.017813 0.000000 0.000000     0.054314     0.300284 
2455989.949110 0.000000 0.000000     0.055982     0.299003 
2455990.880408 0.000000 0.000000     0.029376     0.297577 
2455991.811706 0.000000 0.000000    -0.015414     0.299894 
2455992.743004 0.000000 0.000000    -0.052110     0.292217 
2455993.674302 0.000000 0.000000    -0.057311     0.265420 
2455994.605600 0.000000 0.000000    -0.027893     0.229806 
2455995.536897 0.000000 0.000000     0.017365     0.209718 
2455996.468195 0.000000 0.000000     0.052970     0.206063 
2455997.399493 0.000000 0.000000     0.065981     0.204738 
2455998.330791 0.000000 0.000000     0.063537     0.205572 
2455999.262089 0.000000 0.000000     0.063016     0.205223 
2456000.193387 0.000000 0.000000     0.073954     0.200307 
2456001.124685 0.000000 0.000000     0.087741     0.194980 
2456002.055982 0.000000 0.000000     0.084347     0.189855 
2456002.987280 0.000000 0.000000     0.050600     0.181335 
2456003.918578 0.000000 0.000000    -0.005626     0.173509 
2456004.849876 0.000000 0.000000    -0.057900     0.172706 
2456005.781174 0.000000 0.000000    -0.079245     0.174573 
2456006.712472 0.000000 0.000000    -0.061483     0.174008 
2456007.643770 0.000000 0.000000    -0.020399     0.180185 
2456008.575067 0.000000 0.000000     0.017268     0.204060 
2456009.506365 0.000000 0.000000     0.034224     0.228613 
2456010.437663 0.000000 0.000000     0.033880     0.236085 
2456011.368961 0.000000 0.000000     0.033874     0.232187 
2456012.300259 0.000000 0.000000     0.048107     0.245206 
2456013.231557 0.000000 0.000000     0.072941     0.272149 
2456014.162855 0.000000 0.000000     0.089319     0.286062 
2456015.094152 0.000000 0.000000     0.078951     0.284732 
2456016.025450 0.000000 0.000000     0.040796     0.283795 
2456016.956748 0.000000 0.000000    -0.006124     0.284493 
2456017.888046 0.000000 0.000000    -0.036120     0.268474 
2456018.819344 0.000000 0.000000    -0.035565     0.224573 
2456019.750642 0.000000 0.000000    -0.011894     0.154550 
2456020.681939 0.000000 0.000000     0.013897     0.068028 
2456021.613237 0.000000 0.000000     0.024443     0.073675 
2456022.544535 0.000000 0.000000     0.018621     0.066975 
2456023.475833 0.000000 0.000000     0.009811     0.066489 
2456024.407131 0.000000 0.000000     0.012415     0.062472 
2456025.338429 0.000000 0.000000     0.028724     0.065462 
2456026.269727 0.000000 0.000000     0.047178     0.093346 
2456027.201024 0.000000 0.000000     0.052783     0.099707 
2456028.132322 0.000000 0.000000     0.040115     0.083375 
2456029.063620 0.000000 0.000000     0.017671     0.057026 
2456029.994918 0.000000 0.000000     0.000354     0.064104 
2456030.926216 0.000000 0.000000    -0.002764     0.071443 
2456031.857514 0.000000 0.000000     0.005414     0.066910 
2456032.788812 0.000000 0.000000     0.014804     0.110393 
2456033.720109 0.000000 0.000000     0.018822     0.158846 
2456034.651407 0.000000 0.000000     0.020779     0.186542 
2456035.582705 0.000000 0.000000     0.030047     0.189075 
2456036.514003 0.000000 0.000000     0.051576     0.185792 
2456037.445301 0.000000 0.000000     0.078611     0.211897 
2456038.376599 0.000000 0.000000     0.095864     0.244163 
2456039.307896 0.000000 0.000000     0.091154     0.258446 
2456040.239194 0.000000 0.000000     0.065781     0.258555 
2456041.170492 0.000000 0.000000     0.034530     0.256673 
2456042.101790 0.000000 0.000000     0.014777     0.251570 
2456043.033088 0.000000 0.000000     0.013348     0.233291 
2456043.964386 0.000000 0.000000     0.021803     0.205027 
2456044.895684 0.000000 0.000000     0.023859     0.187297 
2456045.826981 0.000000 0.000000     0.008787     0.183469 
2456046.758279 0.000000 0.000000    -0.020038     0.178090 
2456047.689577 0.000000 0.000000    -0.047893     0.177020 
2456048.620875 0.000000 0.000000    -0.059879     0.183023 
2456049.552173 0.000000 0.000000    -0.051166     0.180000 
2456050.483471 0.000000 0.000000    -0.028594     0.158904 
2456051.414769 0.000000 0.000000    -0.003671     0.121578 
2456052.346066 0.000000 0.000000     0.016050     0.076028 
2456053.277364 0.000000 0.000000     0.029903     0.049607 
2456054.208662 0.000000 0.000000     0.040099     0.049994 
2456055.139960 0.000000 0.000000     0.046076     0.047757 
2456056.071258 0.000000 0.000000     0.043632     0.048525 
2456057.002556 0.000000 0.000000     0.030091     0.060453 
2456057.933853 0.000000 0.000000     0.010295     0.096365 
2456058.865151 0.000000 0.000000    -0.003450     0.125809 
2456059.796449 0.000000 0.000000     0.000809     0.140404 
2456060.727747 0.000000 0.000000     0.024715     0.143842 
2456061.659045 0.000000 0.000000     0.056163     0.152652 
2456062.590343 0.000000 0.000000     0.076507     0.172163 
2456063.521641 0.000000 0.000000     0.073845     0.189706 
2456064.452938 0.000000 0.000000     0.052232     0.201104 
2456065.384236 0.000000 0.000000     0.029094     0.207146 
2456066.315534 0.000000 0.000000     0.022130     0.203391 
2456067.246832 0.000000 0.000000     0.035394     0.186164 
2456068.178130 0.000000 0.000000     0.055322     0.171786 
2456069.109428 0.000000 0.000000     0.060097     0.185439 
2456070.040726 0.000000 0.000000     0.035625     0.201015 
2456070.972023 0.000000 0.000000    -0.013634     0.198451 
2456071.903321 0.000000 0.000000    -0.066823     0.188829 
2456072.834619 0.000000 0.000000    -0.100041     0.195608 
2456073.765917 0.000000 0.000000    -0.101096     0.208554 
2456074.697215 0.000000 0.000000    -0.075528     0.207767 
2456075.628513 0.000000 0.000000    -0.040743     0.191322 
2456076.559811 0.000000 0.000000    -0.013755     0.165362 
2456077.491108 0.000000 0.000000    -0.001774     0.130682 
2456078.422406 0.000000 0.000000    -0.001394     0.076527 
2456079.353704 0.000000 0.000000    -0.004963     0.076600 
2456080.285002 0.000000 0.000000    -0.007668     0.102049 
2456081.216300 0.000000 0.000000    -0.009645     0.083505 
2456082.147598 0.000000 0.000000    -0.012639     0.065830 
2456083.078895 0.000000 0.000000    -0.015586     0.113904 
2456084.010193 0.000000 0.000000    -0.013996     0.124967 
2456084.941491 0.000000 0.000000    -0.004004     0.100408 
2456085.872789 0.000000 0.000000     0.012692     0.059672 
2456086.804087 0.000000 0.000000     0.028031     0.096719 
2456087.735385 0.000000 0.000000     0.032622     0.097488 
2456088.666683 0.000000 0.000000     0.023148     0.057412 
2456089.597980 0.000000 0.000000     0.006121     0.102912 
2456090.529278 0.000000 0.000000    -0.005707     0.135866 
2456091.460576 0.000000 0.000000    -0.002423     0.134900 
2456092.391874 0.000000 0.000000     0.014891     0.094372 
2456093.323172 0.000000 0.000000     0.033233     0.089632 
2456094.254470 0.000000 0.000000     0.035426     0.146933 
2456095.185768 0.000000 0.000000     0.011813     0.166307 
2456096.117065 0.000000 0.000000    -0.031940     0.157047 
2456097.048363 0.000000 0.000000    -0.076544     0.149367 
2456097.979661 0.000000 0.000000    -0.099756     0.173155 
2456098.910959 0.000000 0.000000    -0.089588     0.193044 
2456099.842257 0.000000 0.000000    -0.051817     0.195661 
2456100.773555 0.000000 0.000000    -0.007022     0.189495 
2456101.704852 0.000000 0.000000     0.021137     0.179922 
2456102.636150 0.000000 0.000000     0.019244     0.161946 
2456103.567448 0.000000 0.000000    -0.008979     0.145018 
2456104.498746 0.000000 0.000000    -0.046118     0.150932 
2456105.430044 0.000000 0.000000    -0.072210     0.156168 
2456106.361342 0.000000 0.000000    -0.076274     0.149510 
2456107.292640 0.000000 0.000000    -0.061040     0.156404 
2456108.223937 0.000000 0.000000    -0.038610     0.175561 
2456109.155235 0.000000 0.000000    -0.020975     0.182036 
2456110.086533 0.000000 0.000000    -0.012540     0.173713 
2456111.017831 0.000000 0.000000    -0.009709     0.166839 
2456111.949129 0.000000 0.000000    -0.006832     0.175848 
2456112.880427 0.000000 0.000000    -0.002824     0.186018 
2456113.811725 0.000000 0.000000    -0.002454     0.177981 
2456114.743022 0.000000 0.000000    -0.011127     0.141056 
2456115.674320 0.000000 0.000000    -0.027889     0.071121 
2456116.605618 0.000000 0.000000    -0.043506     0.106209 
2456117.536916 0.000000 0.000000    -0.046463     0.115926 
2456118.468214 0.000000 0.000000    -0.032737     0.073555 
2456119.399512 0.000000 0.000000    -0.010972     0.090458 
2456120.330810 0.000000 0.000000     0.002549     0.119411 
2456121.262107 0.000000 0.000000    -0.003453     0.102590 
2456122.193405 0.000000 0.000000    -0.024698     0.096135 
2456123.124703 0.000000 0.000000    -0.042276     0.137853 
2456124.056001 0.000000 0.000000    -0.036063     0.151048 
2456124.987299 0.000000 0.000000    -0.001292     0.144956 
2456125.918597 0.000000 0.000000     0.044828     0.153589 
2456126.849894 0.000000 0.000000     0.072886     0.171491 
2456127.781192 0.000000 0.000000     0.061406     0.174408 
2456128.712490 0.000000 0.000000     0.012621     0.162879 
2456129.643788 0.000000 0.000000    -0.048221     0.153674 
2456130.575086 0.000000 0.000000    -0.089916     0.161232 
2456131.506384 0.000000 0.000000    -0.096033     0.174665 
2456132.437682 0.000000 0.000000    -0.073899     0.182463 
2456133.368979 0.000000 0.000000    -0.045773     0.187090 
2456134.300277 0.000000 0.000000    -0.030258     0.194563 
2456135.231575 0.000000 0.000000    -0.029272     0.200543 
2456136.162873 0.000000 0.000000    -0.030563     0.201902 
2456137.094171 0.000000 0.000000    -0.022289     0.206560 
2456138.025469 0.000000 0.000000    -0.006034     0.212561 
2456138.956767 0.000000 0.000000     0.003670     0.203219 
2456139.888064 0.000000 0.000000    -0.006916     0.169005 
2456140.819362 0.000000 0.000000    -0.036026     0.122015 
2456141.750660 0.000000 0.000000    -0.064415     0.119106 
2456142.681958 0.000000 0.000000    -0.069132     0.124494 
2456143.613256 0.000000 0.000000    -0.042155     0.114333 
2456144.544554 0.000000 0.000000     0.001957     0.117785 
2456145.475851 0.000000 0.000000     0.036617     0.122395 
2456146.407149 0.000000 0.000000     0.043949     0.115232 
2456147.338447 0.000000 0.000000     0.028711     0.114541 
2456148.269745 0.000000 0.000000     0.013638     0.113230 
2456149.201043 0.000000 0.000000     0.019777     0.086374 
2456150.132341 0.000000 0.000000     0.048061     0.082964 
2456151.063639 0.000000 0.000000     0.077569     0.128927 
2456151.994936 0.000000 0.000000     0.082134     0.148627 
2456152.926234 0.000000 0.000000     0.051665     0.142683 
2456153.857532 0.000000 0.000000     0.000651     0.110399 
2456154.788830 0.000000 0.000000    -0.042970     0.063815 
2456155.720128 0.000000 0.000000    -0.059063     0.113800 
2456156.651426 0.000000 0.000000    -0.049126     0.138626 
2456157.582724 0.000000 0.000000    -0.031897     0.143313 
2456158.514021 0.000000 0.000000    -0.025609     0.151642 
2456159.445319 0.000000 0.000000    -0.032731     0.167837 
2456160.376617 0.000000 0.000000    -0.040083     0.172324 
2456161.307915 0.000000 0.000000    -0.033288     0.164114 
2456162.239213 0.000000 0.000000    -0.011834     0.164843 
2456163.170511 0.000000 0.000000     0.009180     0.174313 
2456164.101808 0.000000 0.000000     0.012398     0.167814 
2456165.033106 0.000000 0.000000    -0.005371     0.136125 
2456165.964404 0.000000 0.000000    -0.028723     0.083536 
2456166.895702 0.000000 0.000000    -0.035856     0.064096 
2456167.827000 0.000000 0.000000    -0.017176     0.067657 
2456168.758298 0.000000 0.000000     0.015929     0.060037 
2456169.689596 0.000000 0.000000     0.040202     0.073743 
2456170.620893 0.000000 0.000000     0.040008     0.069269 
2456171.552191 0.000000 0.000000     0.020445     0.054326 
2456172.483489 0.000000 0.000000     0.002585     0.068069 
2456173.414787 0.000000 0.000000     0.004755     0.068514 
2456174.346085 0.000000 0.000000     0.026036     0.079630 
2456175.277383 0.000000 0.000000     0.046481     0.108177 
2456176.208681 0.000000 0.000000     0.044217     0.122949 
2456177.139978 0.000000 0.000000     0.014895     0.124134 
2456178.071276 0.000000 0.000000    -0.023351     0.124471 
2456179.002574 0.000000 0.000000    -0.044067     0.127270 
2456179.933872 0.000000 0.000000    -0.034025     0.119540 
2456180.865170 0.000000 0.000000    -0.004004     0.091038 
2456181.796468 0.000000 0.000000     0.020285     0.061670 
2456182.727766 0.000000 0.000000     0.019415     0.106834 
2456183.659063 0.000000 0.000000    -0.004318     0.130839 
2456184.590361 0.000000 0.000000    -0.029992     0.131487 
2456185.521659 0.000000 0.000000    -0.036541     0.107641 
2456186.452957 0.000000 0.000000    -0.020488     0.059506 
2456187.384255 0.000000 0.000000     0.002191     0.085612 
2456188.315553 0.000000 0.000000     0.011153     0.104392 
2456189.246850 0.000000 0.000000     0.000118     0.094994 
2456190.178148 0.000000 0.000000    -0.017696     0.064006 
2456191.109446 0.000000 0.000000    -0.021929     0.069639 
2456192.040744 0.000000 0.000000    -0.004295     0.095361 
2456192.972042 0.000000 0.000000     0.022424     0.105465 
2456193.903340 0.000000 0.000000     0.033974     0.099884 
2456194.834638 0.000000 0.000000     0.015037     0.077053 
2456195.765935 0.000000 0.000000    -0.026896     0.060645 
2456196.697233 0.000000 0.000000    -0.066299     0.081238 
2456197.628531 0.000000 0.000000    -0.079436     0.082330 
2456198.559829 0.000000 0.000000    -0.062925     0.066929 
2456199.491127 0.000000 0.000000    -0.035709     0.084509 
2456200.422425 0.000000 0.000000    -0.022953     0.107745 
2456201.353723 0.000000 0.000000    -0.035353     0.115562 
2456202.285020 0.000000 0.000000    -0.060867     0.110307 
2456203.216318 0.000000 0.000000    -0.075304     0.096081 
2456204.147616 0.000000 0.000000    -0.062527     0.074555 
2456205.078914 0.000000 0.000000    -0.027529     0.049839 
2456206.010212 0.000000 0.000000     0.007884     0.059034 
2456206.941510 0.000000 0.000000     0.022484     0.071758 
2456207.872807 0.000000 0.000000     0.011463     0.072283 
2456208.804105 0.000000 0.000000    -0.011710     0.063413 
2456209.735403 0.000000 0.000000    -0.027688     0.058521 
2456210.666701 0.000000 0.000000    -0.026731     0.065494 
2456211.597999 0.000000 0.000000    -0.014731     0.062696 
2456212.529297 0.000000 0.000000    -0.006132     0.051635 
2456213.460595 0.000000 0.000000    -0.011097     0.077709 
2456214.391892 0.000000 0.000000    -0.028013     0.098446 
2456215.323190 0.000000 0.000000    -0.046618     0.101024 
2456216.254488 0.000000 0.000000    -0.057512     0.086040 
2456217.185786 0.000000 0.000000    -0.059120     0.060309 
2456218.117084 0.000000 0.000000    -0.056707     0.049712 
2456219.048382 0.000000 0.000000    -0.055764     0.051261 
2456219.979680 0.000000 0.000000    -0.056780     0.046323 
2456220.910977 0.000000 0.000000    -0.056178     0.063895 
2456221.842275 0.000000 0.000000    -0.051735     0.097497 
2456222.773573 0.000000 0.000000    -0.046538     0.124782 
2456223.704871 0.000000 0.000000    -0.047109     0.138409 
2456224.636169 0.000000 0.000000    -0.057199     0.140313 
2456225.567467 0.000000 0.000000    -0.073106     0.146602 
2456226.498764 0.000000 0.000000    -0.085173     0.165693 
2456227.430062 0.000000 0.000000    -0.084616     0.183167 
2456228.361360 0.000000 0.000000    -0.070020     0.190941 
2456229.292658 0.000000 0.000000    -0.048154     0.189999 
2456230.223956 0.000000 0.000000    -0.028725     0.183826 
2456231.155254 0.000000 0.000000    -0.017716     0.178453 
2456232.086552 0.000000 0.000000    -0.014670     0.181030 
2456233.017849 0.000000 0.000000    -0.015304     0.187894 
2456233.949147 0.000000 0.000000    -0.016155     0.189879 
2456234.880445 0.000000 0.000000    -0.016836     0.186160 
2456235.811743 0.000000 0.000000    -0.018611     0.182086 
2456236.743041 0.000000 0.000000    -0.021936     0.180738 
2456237.674339 0.000000 0.000000    -0.026365     0.182887 
2456238.605637 0.000000 0.000000    -0.032997     0.187483 
2456239.536934 0.000000 0.000000    -0.046016     0.188890 
2456240.468232 0.000000 0.000000    -0.069867     0.184807 
2456241.399530 0.000000 0.000000    -0.102982     0.181695 
2456242.330828 0.000000 0.000000    -0.133689     0.183090 
2456243.262126 0.000000 0.000000    -0.143952     0.182310 
2456244.193424 0.000000 0.000000    -0.120761     0.176629 
2456245.124722 0.000000 0.000000    -0.067642     0.172525 
2456246.056019 0.000000 0.000000    -0.006628     0.177827 
2456246.987317 0.000000 0.000000     0.032981     0.192618 
2456247.918615 0.000000 0.000000     0.032620     0.207765 
2456248.849913 0.000000 0.000000    -0.003420     0.214710 
2456249.781211 0.000000 0.000000    -0.050960     0.215952 
2456250.712509 0.000000 0.000000    -0.082262     0.223965 
2456251.643806 0.000000 0.000000    -0.083884     0.240720 
2456252.575104 0.000000 0.000000    -0.063179     0.255145 
2456253.506402 0.000000 0.000000    -0.039537     0.261579 
2456254.437700 0.000000 0.000000    -0.028272     0.261144 
2456255.368998 0.000000 0.000000    -0.030220     0.257093 
2456256.300296 0.000000 0.000000    -0.034535     0.254406 
2456257.231594 0.000000 0.000000    -0.030813     0.256858 
2456258.162891 0.000000 0.000000    -0.019189     0.261022 
2456259.094189 0.000000 0.000000    -0.009592     0.261538 
2456260.025487 0.000000 0.000000    -0.011510     0.258860 
2456260.956785 0.000000 0.000000    -0.024313     0.256794 
2456261.888083 0.000000 0.000000    -0.037610     0.256876 
2456262.819381 0.000000 0.000000    -0.041787     0.258299 
2456263.750679 0.000000 0.000000    -0.038980     0.259125 
2456264.681976 0.000000 0.000000    -0.043348     0.257453 
2456265.613274 0.000000 0.000000    -0.068563     0.255042 
2456266.544572 0.000000 0.000000    -0.112308     0.255634 
2456267.475870 0.000000 0.000000    -0.151889     0.257584 
2456268.407168 0.000000 0.000000    -0.157172     0.256345 
2456269.338466 0.000000 0.000000    -0.112794     0.252542 
2456270.269763 0.000000 0.000000    -0.032717     0.251005 
2456271.201061 0.000000 0.000000     0.045390     0.254329 
2456272.132359 0.000000 0.000000     0.083417     0.260886 
2456273.063657 0.000000 0.000000     0.067358     0.266760 
2456273.994955 0.000000 0.000000     0.015218     0.269208 
2456274.926253 0.000000 0.000000    -0.037166     0.270716 
2456275.857551 0.000000 0.000000    -0.061258     0.276380 
2456276.788848 0.000000 0.000000    -0.053015     0.285425 
2456277.720146 0.000000 0.000000    -0.030373     0.292552 
2456278.651444 0.000000 0.000000    -0.015205     0.295353 
2456279.582742 0.000000 0.000000    -0.015597     0.294810 
2456280.514040 0.000000 0.000000    -0.022578     0.292944 
2456281.445338 0.000000 0.000000    -0.022237     0.292201 
2456282.376636 0.000000 0.000000    -0.011039     0.293610 
2456283.307933 0.000000 0.000000    -0.000073     0.295110 
2456284.239231 0.000000 0.000000    -0.004456     0.294717 
2456285.170529 0.000000 0.000000    -0.027782     0.293341 
2456286.101827 0.000000 0.000000    -0.056351     0.292717 
2456287.033125 0.000000 0.000000    -0.069524     0.293060 
2456287.964423 0.000000 0.000000    -0.058052     0.293650 
2456288.895720 0.000000 0.000000    -0.034229     0.293554 
2456289.827018 0.000000 0.000000    -0.023717     0.292398 
2456290.758316 0.000000 0.000000    -0.044244     0.291492 
2456291.689614 0.000000 0.000000    -0.088325     0.292086 
2456292.620912 0.000000 0.000000    -0.125243     0.292876 
2456293.552210 0.000000 0.000000    -0.122480     0.292107 
2456294.483508 0.000000 0.000000    -0.070770     0.290564 
2456295.414805 0.000000 0.000000     0.006888     0.290298 
2456296.346103 0.000000 0.000000     0.069924     0.291964 
2456297.277401 0.000000 0.000000     0.087820     0.294551 
2456298.208699 0.000000 0.000000     0.059827     0.296529 
2456299.139997 0.000000 0.000000     0.012375     0.297347 
2456300.071295 0.000000 0.000000    -0.022497     0.298354 
2456301.002593 0.000000 0.000000    -0.029875     0.301005 
2456301.933890 0.000000 0.000000    -0.018350     0.304475 
2456302.865188 0.000000 0.000000    -0.006974     0.306875 
2456303.796486 0.000000 0.000000    -0.005951     0.307554 
2456304.727784 0.000000 0.000000    -0.008562     0.307051 
2456305.659082 0.000000 0.000000    -0.000979     0.306309 
2456306.590380 0.000000 0.000000     0.019933     0.306152 
2456307.521678 0.000000 0.000000     0.038356     0.306271 
2456308.452975 0.000000 0.000000     0.030204     0.305472 
2456309.384273 0.000000 0.000000    -0.014990     0.303782 
2456310.315571 0.000000 0.000000    -0.080063     0.302713 
2456311.246869 0.000000 0.000000    -0.128156     0.302862 
2456312.178167 0.000000 0.000000    -0.128816     0.303332 
2456313.109465 0.000000 0.000000    -0.082310     0.303664 
2456314.040762 0.000000 0.000000    -0.021860     0.303993 
2456314.972060 0.000000 0.000000     0.009799     0.303868 
2456315.903358 0.000000 0.000000    -0.007621     0.303003 
2456316.834656 0.000000 0.000000    -0.056347     0.302367 
2456317.765954 0.000000 0.000000    -0.093976     0.302796 
2456318.697252 0.000000 0.000000    -0.085864     0.303513 
2456319.628550 0.000000 0.000000    -0.031310     0.303572 
2456320.559847 0.000000 0.000000     0.036691     0.303565 
2456321.491145 0.000000 0.000000     0.077248     0.304549 
2456322.422443 0.000000 0.000000     0.071888     0.306212 
2456323.353741 0.000000 0.000000     0.035501     0.307419 
2456324.285039 0.000000 0.000000     0.000597     0.307918 
2456325.216337 0.000000 0.000000    -0.010392     0.308357 
2456326.147635 0.000000 0.000000    -0.000930     0.309077 
2456327.078932 0.000000 0.000000     0.008258     0.309782 
2456328.010230 0.000000 0.000000     0.002954     0.310076 
2456328.941528 0.000000 0.000000    -0.008414     0.309654 
2456329.872826 0.000000 0.000000    -0.002295     0.308540 
2456330.804124 0.000000 0.000000     0.034383     0.307460 
2456331.735422 0.000000 0.000000     0.083810     0.306666 
2456332.666719 0.000000 0.000000     0.103183     0.304430 
2456333.598017 0.000000 0.000000     0.056372     0.299270 
2456334.529315 0.000000 0.000000    -0.052568     0.293690 
2456335.460613 0.000000 0.000000    -0.172909     0.291970 
2456336.391911 0.000000 0.000000    -0.237218     0.293424 
2456337.323209 0.000000 0.000000    -0.208021     0.294426 
2456338.254507 0.000000 0.000000    -0.106081     0.295267 
2456339.185804 0.000000 0.000000     0.002650     0.297392 
2456340.117102 0.000000 0.000000     0.053145     0.297928 
2456341.048400 0.000000 0.000000     0.026369     0.294600 
2456341.979698 0.000000 0.000000    -0.040479     0.291751 
2456342.910996 0.000000 0.000000    -0.085463     0.294121 
2456343.842294 0.000000 0.000000    -0.069847     0.298235 
2456344.773592 0.000000 0.000000    -0.005142     0.299277 
2456345.704889 0.000000 0.000000     0.060361     0.299054 
2456346.636187 0.000000 0.000000     0.082466     0.301538 
2456347.567485 0.000000 0.000000     0.055062     0.305866 
2456348.498783 0.000000 0.000000     0.010317     0.308831 
2456349.430081 0.000000 0.000000    -0.012599     0.309797 
2456350.361379 0.000000 0.000000    -0.001632     0.309864 
2456351.292676 0.000000 0.000000     0.021081     0.309493 
2456352.223974 0.000000 0.000000     0.024497     0.308712 
2456353.155272 0.000000 0.000000     0.002410     0.307621 
2456354.086570 0.000000 0.000000    -0.016586     0.305648 
2456355.017868 0.000000 0.000000     0.005350     0.302283 
2456355.949166 0.000000 0.000000     0.074804     0.298613 
2456356.880464 0.000000 0.000000     0.148432     0.294760 
2456357.811761 0.000000 0.000000     0.157475     0.286702 
2456358.743059 0.000000 0.000000     0.060973     0.271733 
2456359.674357 0.000000 0.000000    -0.113698     0.257578 
2456360.605655 0.000000 0.000000    -0.278548     0.255908 
2456361.536953 0.000000 0.000000    -0.340523     0.260903 
2456362.468251 0.000000 0.000000    -0.265986     0.262787 
2456363.399549 0.000000 0.000000    -0.105626     0.265691 
2456364.330846 0.000000 0.000000     0.040323     0.271879 
2456365.262144 0.000000 0.000000     0.091576     0.271329 
2456366.193442 0.000000 0.000000     0.040559     0.260624 
2456367.124740 0.000000 0.000000    -0.049792     0.255123 
2456368.056038 0.000000 0.000000    -0.098884     0.265550 
2456368.987336 0.000000 0.000000    -0.069383     0.276157 
2456369.918634 0.000000 0.000000     0.010342     0.277051 
2456370.849931 0.000000 0.000000     0.076266     0.276803 
2456371.781229 0.000000 0.000000     0.083278     0.285328 
2456372.712527 0.000000 0.000000     0.038715     0.297374 
2456373.643825 0.000000 0.000000    -0.010463     0.304512 
2456374.575123 0.000000 0.000000    -0.022301     0.306211 
2456375.506421 0.000000 0.000000     0.004175     0.305706 
2456376.437718 0.000000 0.000000     0.032699     0.304150 
2456377.369016 0.000000 0.000000     0.028324     0.301106 
2456378.300314 0.000000 0.000000    -0.005321     0.297023 
2456379.231612 0.000000 0.000000    -0.025583     0.291646 
2456380.162910 0.000000 0.000000     0.009718     0.283475 
2456381.094208 0.000000 0.000000     0.096306     0.273129 
2456382.025506 0.000000 0.000000     0.173353     0.261403 
2456382.956803 0.000000 0.000000     0.163699     0.242744 
2456383.888101 0.000000 0.000000     0.036169     0.211080 
2456384.819399 0.000000 0.000000    -0.159937     0.181211 
2456385.750697 0.000000 0.000000    -0.319545     0.186306 
2456386.681995 0.000000 0.000000    -0.351402     0.199170 
2456387.613293 0.000000 0.000000    -0.241857     0.201660 
2456388.544591 0.000000 0.000000    -0.064657     0.210545 
2456389.475888 0.000000 0.000000     0.071142     0.222874 
2456390.407186 0.000000 0.000000     0.096213     0.216304 
2456391.338484 0.000000 0.000000     0.023564     0.188339 
2456392.269782 0.000000 0.000000    -0.070480     0.183789 
2456393.201080 0.000000 0.000000    -0.108508     0.216735 
2456394.132378 0.000000 0.000000    -0.067817     0.235719 
2456395.063675 0.000000 0.000000     0.011223     0.234456 
2456395.994973 0.000000 0.000000     0.065443     0.235503 
2456396.926271 0.000000 0.000000     0.061237     0.256512 
2456397.857569 0.000000 0.000000     0.016440     0.280077 
2456398.788867 0.000000 0.000000    -0.022329     0.291540 
2456399.720165 0.000000 0.000000    -0.023273     0.292844 
2456400.651463 0.000000 0.000000     0.004981     0.291379 
2456401.582760 0.000000 0.000000     0.026425     0.288342 
2456402.514058 0.000000 0.000000     0.015192     0.280545 
2456403.445356 0.000000 0.000000    -0.017673     0.269264 
2456404.376654 0.000000 0.000000    -0.033047     0.257258 
2456405.307952 0.000000 0.000000    -0.000978     0.241420 
2456406.239250 0.000000 0.000000     0.066680     0.218670 
2456407.170548 0.000000 0.000000     0.118496     0.192648 
2456408.101845 0.000000 0.000000     0.101621     0.163955 
2456409.033143 0.000000 0.000000     0.006007     0.120644 
2456409.964441 0.000000 0.000000    -0.121799     0.068734 
2456410.895739 0.000000 0.000000    -0.208204     0.113574 
2456411.827037 0.000000 0.000000    -0.203916     0.128864 
2456412.758335 0.000000 0.000000    -0.118160     0.130093 
2456413.689633 0.000000 0.000000    -0.010339     0.145916 
2456414.620930 0.000000 0.000000     0.053279     0.158070 
2456415.552228 0.000000 0.000000     0.044319     0.143643 
2456416.483526 0.000000 0.000000    -0.013896     0.087482 
2456417.414824 0.000000 0.000000    -0.070310     0.110480 
2456418.346122 0.000000 0.000000    -0.086010     0.168491 
2456419.277420 0.000000 0.000000    -0.058838     0.191169 
2456420.208717 0.000000 0.000000    -0.017043     0.188627 
2456421.140015 0.000000 0.000000     0.008137     0.190208 
2456422.071313 0.000000 0.000000     0.006451     0.220424 
2456423.002611 0.000000 0.000000    -0.008809     0.249184 
2456423.933909 0.000000 0.000000    -0.017698     0.259764 
2456424.865207 0.000000 0.000000    -0.012559     0.258773 
2456425.796505 0.000000 0.000000    -0.002592     0.257638 
2456426.727802 0.000000 0.000000    -0.002266     0.253673 
2456427.659100 0.000000 0.000000    -0.016020     0.237739 
2456428.590398 0.000000 0.000000    -0.033569     0.211605 
2456429.521696 0.000000 0.000000    -0.039250     0.186035 
2456430.452994 0.000000 0.000000    -0.026071     0.161850 
2456431.384292 0.000000 0.000000    -0.001679     0.127776 
2456432.315590 0.000000 0.000000     0.018432     0.080699 
2456433.246887 0.000000 0.000000     0.023631     0.055873 
2456434.178185 0.000000 0.000000     0.015405     0.058795 
2456435.109483 0.000000 0.000000     0.003675     0.060254 
2456436.040781 0.000000 0.000000    -0.003198     0.072227 
2456436.972079 0.000000 0.000000    -0.005067     0.070471 
2456437.903377 0.000000 0.000000    -0.007825     0.054258 
2456438.834674 0.000000 0.000000    -0.015744     0.057961 
2456439.765972 0.000000 0.000000    -0.026519     0.081059 
2456440.697270 0.000000 0.000000    -0.033966     0.087591 
2456441.628568 0.000000 0.000000    -0.035242     0.069979 
2456442.559866 0.000000 0.000000    -0.034764     0.095662 
2456443.491164 0.000000 0.000000    -0.040132     0.137796 
2456444.422462 0.000000 0.000000    -0.053497     0.156060 
2456445.353759 0.000000 0.000000    -0.066970     0.153793 
2456446.285057 0.000000 0.000000    -0.067640     0.156717 
2456447.216355 0.000000 0.000000    -0.048919     0.177412 
2456448.147653 0.000000 0.000000    -0.018315     0.190874 
2456449.078951 0.000000 0.000000     0.006106     0.191307 
2456450.010249 0.000000 0.000000     0.008827     0.192048 
2456450.941547 0.000000 0.000000    -0.010934     0.197039 
2456451.872844 0.000000 0.000000    -0.038389     0.192464 
2456452.804142 0.000000 0.000000    -0.054804     0.169203 
2456453.735440 0.000000 0.000000    -0.051972     0.125900 
2456454.666738 0.000000 0.000000    -0.037291     0.060934 
2456455.598036 0.000000 0.000000    -0.025209     0.089844 
2456456.529334 0.000000 0.000000    -0.022838     0.113449 
2456457.460631 0.000000 0.000000    -0.022986     0.118812 
2456458.391929 0.000000 0.000000    -0.011525     0.127320 
2456459.323227 0.000000 0.000000     0.016934     0.141080 
2456460.254525 0.000000 0.000000     0.049414     0.147537 
2456461.185823 0.000000 0.000000     0.061234     0.148748 
2456462.117121 0.000000 0.000000     0.035425     0.155879 
2456463.048419 0.000000 0.000000    -0.020648     0.169755 
2456463.979716 0.000000 0.000000    -0.076457     0.184179 
2456464.911014 0.000000 0.000000    -0.098666     0.191047 
2456465.842312 0.000000 0.000000    -0.076003     0.179267 
2456466.773610 0.000000 0.000000    -0.028915     0.139464 
2456467.704908 0.000000 0.000000     0.004790     0.066510 
2456468.636206 0.000000 0.000000    -0.001673     0.105688 
2456469.567504 0.000000 0.000000    -0.043358     0.124634 
2456470.498801 0.000000 0.000000    -0.087012     0.128812 
2456471.430099 0.000000 0.000000    -0.096508     0.140861 
2456472.361397 0.000000 0.000000    -0.060850     0.137277 
2456473.292695 0.000000 0.000000    -0.003008     0.097293 
2456474.223993 0.000000 0.000000     0.037283     0.077829 
2456475.155291 0.000000 0.000000     0.033364     0.122833 
2456476.086589 0.000000 0.000000    -0.008988     0.127607 
2456477.017886 0.000000 0.000000    -0.057252     0.120609 
2456477.949184 0.000000 0.000000    -0.077706     0.129279 
2456478.880482 0.000000 0.000000    -0.060325     0.127689 
2456479.811780 0.000000 0.000000    -0.023881     0.100677 
2456480.743078 0.000000 0.000000     0.001536     0.061836 
2456481.674376 0.000000 0.000000    -0.000731     0.070294 
2456482.605673 0.000000 0.000000    -0.022246     0.115465 
2456483.536971 0.000000 0.000000    -0.039664     0.159031 
2456484.468269 0.000000 0.000000    -0.037073     0.182013 
2456485.399567 0.000000 0.000000    -0.020855     0.184286 
2456486.330865 0.000000 0.000000    -0.014059     0.187060 
2456487.262163 0.000000 0.000000    -0.034947     0.209782 
2456488.193461 0.000000 0.000000    -0.078139     0.236638 
2456489.124758 0.000000 0.000000    -0.115253     0.253647 
2456490.056056 0.000000 0.000000    -0.115936     0.255455 
2456490.987354 0.000000 0.000000    -0.072948     0.237859 
2456491.918652 0.000000 0.000000    -0.010657     0.202571 
2456492.849950 0.000000 0.000000     0.031110     0.173990 
2456493.781248 0.000000 0.000000     0.026284     0.181071 
2456494.712546 0.000000 0.000000    -0.017639     0.190482 
2456495.643843 0.000000 0.000000    -0.064867     0.184739 
2456496.575141 0.000000 0.000000    -0.078046     0.168454 
2456497.506439 0.000000 0.000000    -0.046099     0.147584 
2456498.437737 0.000000 0.000000     0.008002     0.133222 
2456499.369035 0.000000 0.000000     0.045192     0.132871 
2456500.300333 0.000000 0.000000     0.039818     0.122371 
2456501.231630 0.000000 0.000000    -0.001934     0.078998 
2456502.162928 0.000000 0.000000    -0.048230     0.092437 
2456503.094226 0.000000 0.000000    -0.066644     0.134872 
2456504.025524 0.000000 0.000000    -0.048199     0.146164 
2456504.956822 0.000000 0.000000    -0.012237     0.141828 
2456505.888120 0.000000 0.000000     0.010346     0.146870 
2456506.819418 0.000000 0.000000     0.001187     0.166888 
2456507.750715 0.000000 0.000000    -0.033188     0.190205 
2456508.682013 0.000000 0.000000    -0.069321     0.210466 
2456509.613311 0.000000 0.000000    -0.087070     0.221744 
2456510.544609 0.000000 0.000000    -0.084846     0.224005 
2456511.475907 0.000000 0.000000    -0.077764     0.230209 
2456512.407205 0.000000 0.000000    -0.081418     0.249941 
2456513.338503 0.000000 0.000000    -0.095945     0.270795 
2456514.269800 0.000000 0.000000    -0.104465     0.280432 
2456515.201098 0.000000 0.000000    -0.087549     0.277580 
2456516.132396 0.000000 0.000000    -0.041653     0.265766 
2456517.063694 0.000000 0.000000     0.014257     0.247896 
2456517.994992 0.000000 0.000000     0.050276     0.229728 
2456518.926290 0.000000 0.000000     0.046944     0.221039 
2456519.857587 0.000000 0.000000     0.009848     0.217187 
2456520.788885 0.000000 0.000000    -0.034064     0.201425 
2456521.720183 0.000000 0.000000    -0.055769     0.166349 
2456522.651481 0.000000 0.000000    -0.044376     0.116033 
2456523.582779 0.000000 0.000000    -0.013145     0.063168 
2456524.514077 0.000000 0.000000     0.012473     0.051582 
2456525.445375 0.000000 0.000000     0.014723     0.053043 
2456526.376672 0.000000 0.000000    -0.004173     0.087825 
2456527.307970 0.000000 0.000000    -0.026116     0.134306 
2456528.239268 0.000000 0.000000    -0.033159     0.165843 
2456529.170566 0.000000 0.000000    -0.022032     0.174852 
2456530.101864 0.000000 0.000000    -0.005824     0.173128 
2456531.033162 0.000000 0.000000    -0.002364     0.193060 
2456531.964460 0.000000 0.000000    -0.019501     0.223389 
2456532.895757 0.000000 0.000000    -0.049266     0.239596 
2456533.827055 0.000000 0.000000    -0.075026     0.242189 
2456534.758353 0.000000 0.000000    -0.084927     0.241695 
2456535.689651 0.000000 0.000000    -0.080206     0.242667 
2456536.620949 0.000000 0.000000    -0.071833     0.246690 
2456537.552247 0.000000 0.000000    -0.069058     0.257093 
2456538.483545 0.000000 0.000000    -0.070180     0.267361 
2456539.414842 0.000000 0.000000    -0.063734     0.268961 
2456540.346140 0.000000 0.000000    -0.039286     0.264839 
2456541.277438 0.000000 0.000000     0.001276     0.261060 
2456542.208736 0.000000 0.000000     0.041758     0.251976 
2456543.140034 0.000000 0.000000     0.061308     0.229091 
2456544.071332 0.000000 0.000000     0.048670     0.197150 
2456545.002629 0.000000 0.000000     0.010212     0.176910 
2456545.933927 0.000000 0.000000    -0.034192     0.173762 
2456546.865225 0.000000 0.000000    -0.064066     0.169175 
2456547.796523 0.000000 0.000000    -0.070290     0.162142 
2456548.727821 0.000000 0.000000    -0.057924     0.164183 
2456549.659119 0.000000 0.000000    -0.039300     0.170878 
2456550.590417 0.000000 0.000000    -0.024112     0.173436 
2456551.521714 0.000000 0.000000    -0.014477     0.184086 
2456552.453012 0.000000 0.000000    -0.007621     0.207312 
2456553.384310 0.000000 0.000000    -0.002104     0.221196 
2456554.315608 0.000000 0.000000    -0.000945     0.216894 
2456555.246906 0.000000 0.000000    -0.008675     0.215812 
2456556.178204 0.000000 0.000000    -0.025455     0.237131 
2456557.109502 0.000000 0.000000    -0.044406     0.253545 
2456558.040799 0.000000 0.000000    -0.055475     0.246430 
2456558.972097 0.000000 0.000000    -0.053042     0.222669 
2456559.903395 0.000000 0.000000    -0.040673     0.205893 
2456560.834693 0.000000 0.000000    -0.028415     0.204278 
2456561.765991 0.000000 0.000000    -0.024384     0.206008 
2456562.697289 0.000000 0.000000    -0.027560     0.211589 
2456563.628586 0.000000 0.000000    -0.028164     0.217369 
2456564.559884 0.000000 0.000000    -0.015858     0.214689 
2456565.491182 0.000000 0.000000     0.010599     0.209127 
2456566.422480 0.000000 0.000000     0.040185     0.211123 
2456567.353778 0.000000 0.000000     0.055902     0.208213 
2456568.285076 0.000000 0.000000     0.046028     0.178860 
2456569.216374 0.000000 0.000000     0.011929     0.104542 
2456570.147671 0.000000 0.000000    -0.033106     0.131861 
2456571.078969 0.000000 0.000000    -0.072531     0.187348 
2456572.010267 0.000000 0.000000    -0.095726     0.201430 
2456572.941565 0.000000 0.000000    -0.101246     0.198650 
2456573.872863 0.000000 0.000000    -0.093269     0.210980 
2456574.804161 0.000000 0.000000    -0.076002     0.231982 
2456575.735459 0.000000 0.000000    -0.051659     0.244918 
2456576.666756 0.000000 0.000000    -0.023203     0.255542 
2456577.598054 0.000000 0.000000     0.002223     0.266581 
2456578.529352 0.000000 0.000000     0.014371     0.267894 
2456579.460650 0.000000 0.000000     0.006375     0.260379 
2456580.391948 0.000000 0.000000    -0.018309     0.262321 
2456581.323246 0.000000 0.000000    -0.045274     0.272420 
2456582.254543 0.000000 0.000000    -0.057205     0.266418 
2456583.185841 0.000000 0.000000    -0.045567     0.231637 
2456584.117139 0.000000 0.000000    -0.016986     0.169575 
2456585.048437 0.000000 0.000000     0.011274     0.089644 
2456585.979735 0.000000 0.000000     0.023959     0.054177 
2456586.911033 0.000000 0.000000     0.019004     0.065091 
2456587.842331 0.000000 0.000000     0.008416     0.111206 
2456588.773628 0.000000 0.000000     0.007946     0.132227 
2456589.704926 0.000000 0.000000     0.023621     0.113405 
2456590.636224 0.000000 0.000000     0.045864     0.070443 
2456591.567522 0.000000 0.000000     0.055992     0.140222 
2456592.498820 0.000000 0.000000     0.040082     0.171239 
2456593.430118 0.000000 0.000000    -0.000610     0.167841 
2456594.361416 0.000000 0.000000    -0.050518     0.168507 
2456595.292713 0.000000 0.000000    -0.090703     0.207789 
2456596.224011 0.000000 0.000000    -0.110852     0.238198 
2456597.155309 0.000000 0.000000    -0.113182     0.244008 
2456598.086607 0.000000 0.000000    -0.106367     0.241792 
2456599.017905 0.000000 0.000000    -0.095991     0.254354 
2456599.949203 0.000000 0.000000    -0.080406     0.273037 
2456600.880501 0.000000 0.000000    -0.055401     0.284855 
2456601.811798 0.000000 0.000000    -0.022712     0.292241 
2456602.743096 0.000000 0.000000     0.006447     0.296344 
2456603.674394 0.000000 0.000000     0.017461     0.293667 
2456604.605692 0.000000 0.000000     0.003901     0.289237 
2456605.536990 0.000000 0.000000    -0.025156     0.291618 
2456606.468288 0.000000 0.000000    -0.049244     0.292935 
2456607.399585 0.000000 0.000000    -0.050130     0.279418 
2456608.330883 0.000000 0.000000    -0.024871     0.250773 
2456609.262181 0.000000 0.000000     0.012030     0.223642 
2456610.193479 0.000000 0.000000     0.039420     0.214317 
2456611.124777 0.000000 0.000000     0.045071     0.214116 
2456612.056075 0.000000 0.000000     0.033938     0.215183 
2456612.987373 0.000000 0.000000     0.022738     0.218480 
2456613.918670 0.000000 0.000000     0.025347     0.219091 
2456614.849968 0.000000 0.000000     0.040803     0.214644 
2456615.781266 0.000000 0.000000     0.053498     0.216272 
2456616.712564 0.000000 0.000000     0.045368     0.228404 
2456617.643862 0.000000 0.000000     0.010333     0.235348 
2456618.575160 0.000000 0.000000    -0.040340     0.231651 
2456619.506458 0.000000 0.000000    -0.085685     0.235994 
2456620.437755 0.000000 0.000000    -0.109346     0.257645 
2456621.369053 0.000000 0.000000    -0.109320     0.275700 
2456622.300351 0.000000 0.000000    -0.096187     0.280380 
2456623.231649 0.000000 0.000000    -0.082434     0.281124 
2456624.162947 0.000000 0.000000    -0.072400     0.288093 
2456625.094245 0.000000 0.000000    -0.061058     0.297324 
2456626.025542 0.000000 0.000000    -0.041835     0.303319 
2456626.956840 0.000000 0.000000    -0.015801     0.306691 
2456627.888138 0.000000 0.000000     0.006476     0.307528 
2456628.819436 0.000000 0.000000     0.012582     0.305451 
2456629.750734 0.000000 0.000000    -0.000889     0.304051 
2456630.682032 0.000000 0.000000    -0.023711     0.305238 
2456631.613330 0.000000 0.000000    -0.038224     0.303752 
2456632.544627 0.000000 0.000000    -0.031989     0.295478 
2456633.475925 0.000000 0.000000    -0.006995     0.284557 
2456634.407223 0.000000 0.000000     0.021980     0.278210 
2456635.338521 0.000000 0.000000     0.038658     0.276951 
2456636.269819 0.000000 0.000000     0.037326     0.277035 
2456637.201117 0.000000 0.000000     0.026194     0.277515 
2456638.132415 0.000000 0.000000     0.019607     0.278166 
2456639.063712 0.000000 0.000000     0.025582     0.277362 
2456639.995010 0.000000 0.000000     0.038737     0.276029 
2456640.926308 0.000000 0.000000     0.044255     0.277791 
2456641.857606 0.000000 0.000000     0.029658     0.281309 
2456642.788904 0.000000 0.000000    -0.004978     0.280817 
2456643.720202 0.000000 0.000000    -0.046277     0.277142 
2456644.651499 0.000000 0.000000    -0.076650     0.279365 
2456645.582797 0.000000 0.000000    -0.085978     0.289376 
2456646.514095 0.000000 0.000000    -0.077047     0.298043 
2456647.445393 0.000000 0.000000    -0.061283     0.300951 
2456648.376691 0.000000 0.000000    -0.049015     0.301968 
2456649.307989 0.000000 0.000000    -0.042389     0.304625 
2456650.239287 0.000000 0.000000    -0.036160     0.307701 
2456651.170584 0.000000 0.000000    -0.024757     0.309682 
2456652.101882 0.000000 0.000000    -0.008922     0.310692 
2456653.033180 0.000000 0.000000     0.003989     0.310657 
2456653.964478 0.000000 0.000000     0.006220     0.309889 
2456654.895776 0.000000 0.000000    -0.003145     0.309681 
2456655.827074 0.000000 0.000000    -0.016330     0.309955 
2456656.758372 0.000000 0.000000    -0.022288     0.308889 
2456657.689669 0.000000 0.000000    -0.015108     0.306042 
2456658.620967 0.000000 0.000000     0.001415     0.303293 
2456659.552265 0.000000 0.000000     0.016836     0.302092 
2456660.483563 0.000000 0.000000     0.022311     0.301846 
2456661.414861 0.000000 0.000000     0.017425     0.301733 
2456662.346159 0.000000 0.000000     0.010122     0.301866 
2456663.277457 0.000000 0.000000     0.009847     0.301977 
2456664.208754 0.000000 0.000000     0.019437     0.301129 
2456665.140052 0.000000 0.000000     0.032272     0.299704 
2456666.071350 0.000000 0.000000     0.036967     0.299368 
2456667.002648 0.000000 0.000000     0.025977     0.299895 
2456667.933946 0.000000 0.000000     0.001467     0.299256 
2456668.865244 0.000000 0.000000    -0.025922     0.297941 
2456669.796541 0.000000 0.000000    -0.044268     0.299137 
2456670.727839 0.000000 0.000000    -0.047979     0.303260 
2456671.659137 0.000000 0.000000    -0.040314     0.307054 
2456672.590435 0.000000 0.000000    -0.029542     0.308726 
2456673.521733 0.000000 0.000000    -0.022315     0.309363 
2456674.453031 0.000000 0.000000    -0.019534     0.310072 
2456675.384329 0.000000 0.000000    -0.017469     0.310741 
2456676.315626 0.000000 0.000000    -0.012442     0.311162 
2456677.246924 0.000000 0.000000    -0.004719     0.311350 
2456678.178222 0.000000 0.000000     0.001666     0.311283 
2456679.109520 0.000000 0.000000     0.002700     0.311139 
2456680.040818 0.000000 0.000000    -0.001729     0.311114 
2456680.972116 0.000000 0.000000    -0.007376     0.310985 
2456681.903414 0.000000 0.000000    -0.009051     0.310499 
2456682.834711 0.000000 0.000000    -0.004987     0.309859 
2456683.766009 0.000000 0.000000     0.001616     0.309420 
2456684.697307 0.000000 0.000000     0.005313     0.309133 
2456685.628605 0.000000 0.000000     0.003220     0.308609 
2456686.559903 0.000000 0.000000    -0.002085     0.308013 
2456687.491201 0.000000 0.000000    -0.004148     0.308141 
2456688.422498 0.000000 0.000000     0.002318     0.308264 
2456689.353796 0.000000 0.000000     0.016798     0.305632 
2456690.285094 0.000000 0.000000     0.032455     0.299771 
2456691.216392 0.000000 0.000000     0.040321     0.295284 
2456692.147690 0.000000 0.000000     0.035241     0.295871 
2456693.078988 0.000000 0.000000     0.019272     0.298220 
2456694.010286 0.000000 0.000000     0.000198     0.298703 
2456694.941583 0.000000 0.000000    -0.013608     0.299395 
2456695.872881 0.000000 0.000000    -0.018179     0.302926 
2456696.804179 0.000000 0.000000    -0.015436     0.307339 
2456697.735477 0.000000 0.000000    -0.010578     0.309952 
2456698.666775 0.000000 0.000000    -0.007810     0.310837 
2456699.598073 0.000000 0.000000    -0.007722     0.311088 
2456700.529371 0.000000 0.000000    -0.007955     0.311171 
2456701.460668 0.000000 0.000000    -0.006053     0.311190 
2456702.391966 0.000000 0.000000    -0.001873     0.311141 
2456703.323264 0.000000 0.000000     0.002392     0.311103 
2456704.254562 0.000000 0.000000     0.004291     0.311119 
2456705.185860 0.000000 0.000000     0.003248     0.310673 
2456706.117158 0.000000 0.000000     0.000842     0.309456 
2456707.048456 0.000000 0.000000    -0.000931     0.308379 
2456707.979753 0.000000 0.000000    -0.001697     0.308265 
2456708.911051 0.000000 0.000000    -0.003039     0.308492 
2456709.842349 0.000000 0.000000    -0.006652     0.307988 
2456710.773647 0.000000 0.000000    -0.011875     0.306520 
2456711.704945 0.000000 0.000000    -0.014941     0.305386 
2456712.636243 0.000000 0.000000    -0.011045     0.305998 
2456713.567540 0.000000 0.000000     0.001969     0.304983 
2456714.498838 0.000000 0.000000     0.021074     0.295068 
2456715.430136 0.000000 0.000000     0.038867     0.276051 
2456716.361434 0.000000 0.000000     0.047546     0.264006 
2456717.292732 0.000000 0.000000     0.043496     0.270849 
2456718.224030 0.000000 0.000000     0.029360     0.279964 
2456719.155328 0.000000 0.000000     0.012214     0.280516 
2456720.086625 0.000000 0.000000    -0.000844     0.281578 
2456721.017923 0.000000 0.000000    -0.006605     0.291303 
2456721.949221 0.000000 0.000000    -0.006640     0.302641 
2456722.880519 0.000000 0.000000    -0.004979     0.308746 
2456723.811817 0.000000 0.000000    -0.004633     0.310518 
2456724.743115 0.000000 0.000000    -0.005611     0.310769 
2456725.674413 0.000000 0.000000    -0.005660     0.310682 
2456726.605710 0.000000 0.000000    -0.002741     0.310398 
2456727.537008 0.000000 0.000000     0.002940     0.309893 
2456728.468306 0.000000 0.000000     0.008925     0.309641 
2456729.399604 0.000000 0.000000     0.012305     0.309271 
2456730.330902 0.000000 0.000000     0.011677     0.306393 
2456731.262200 0.000000 0.000000     0.007690     0.300801 
2456732.193497 0.000000 0.000000     0.001989     0.297248 
2456733.124795 0.000000 0.000000    -0.004220     0.298270 
2456734.056093 0.000000 0.000000    -0.010538     0.299570 
2456734.987391 0.000000 0.000000    -0.016389     0.298059 
2456735.918689 0.000000 0.000000    -0.019844     0.295960 
2456736.849987 0.000000 0.000000    -0.017809     0.296110 
2456737.781285 0.000000 0.000000    -0.008020     0.296680 
2456738.712582 0.000000 0.000000     0.008479     0.289183 
2456739.643880 0.000000 0.000000     0.026506     0.262425 
2456740.575178 0.000000 0.000000     0.038771     0.215009 
2456741.506476 0.000000 0.000000     0.039836     0.195220 
2456742.437774 0.000000 0.000000     0.029433     0.229830 
2456743.369072 0.000000 0.000000     0.012731     0.248336 
2456744.300370 0.000000 0.000000    -0.002784     0.245025 
2456745.231667 0.000000 0.000000    -0.011723     0.250519 
2456746.162965 0.000000 0.000000    -0.013506     0.275719 
2456747.094263 0.000000 0.000000    -0.011607     0.297649 
2456748.025561 0.000000 0.000000    -0.010156     0.307455 
2456748.956859 0.000000 0.000000    -0.010586     0.309691 
2456749.888157 0.000000 0.000000    -0.010807     0.309664 
2456750.819454 0.000000 0.000000    -0.007362     0.309319 
2456751.750752 0.000000 0.000000     0.001295     0.308208 
2456752.682050 0.000000 0.000000     0.013006     0.305900 
2456753.613348 0.000000 0.000000     0.022923     0.303821 
2456754.544646 0.000000 0.000000     0.026480     0.300642 
2456755.475944 0.000000 0.000000     0.022058     0.290119 
2456756.407242 0.000000 0.000000     0.011565     0.273050 
2456757.338539 0.000000 0.000000    -0.001124     0.265530 
2456758.269837 0.000000 0.000000    -0.012350     0.272234 
2456759.201135 0.000000 0.000000    -0.019829     0.275174 
2456760.132433 0.000000 0.000000    -0.022412     0.270856 
2456761.063731 0.000000 0.000000    -0.019424     0.272614 
2456761.995029 0.000000 0.000000    -0.010817     0.279516 
2456762.926327 0.000000 0.000000     0.001737     0.275011 
2456763.857624 0.000000 0.000000     0.014040     0.248639 
2456764.788922 0.000000 0.000000     0.020329     0.193955 
2456765.720220 0.000000 0.000000     0.016151     0.085902 
2456766.651518 0.000000 0.000000     0.001488     0.153629 
2456767.582816 0.000000 0.000000    -0.018327     0.210385 
2456768.514114 0.000000 0.000000    -0.035117     0.224494 
2456769.445412 0.000000 0.000000    -0.042523     0.221960 
2456770.376709 0.000000 0.000000    -0.039731     0.240811 
2456771.308007 0.000000 0.000000    -0.031567     0.274770 
2456772.239305 0.000000 0.000000    -0.024729     0.298218 
2456773.170603 0.000000 0.000000    -0.022803     0.307290 
2456774.101901 0.000000 0.000000    -0.023690     0.308163 
2456775.033199 0.000000 0.000000    -0.021354     0.307238 
2456775.964496 0.000000 0.000000    -0.010681     0.306887 
2456776.895794 0.000000 0.000000     0.008101     0.304131 
2456777.827092 0.000000 0.000000     0.028680     0.296027 
2456778.758390 0.000000 0.000000     0.042147     0.285650 
2456779.689688 0.000000 0.000000     0.042297     0.273331 
2456780.620986 0.000000 0.000000     0.029123     0.247864 
2456781.552284 0.000000 0.000000     0.008428     0.207462 
2456782.483581 0.000000 0.000000    -0.011761     0.201115 
2456783.414879 0.000000 0.000000    -0.025236     0.227557 
2456784.346177 0.000000 0.000000    -0.029634     0.229198 
2456785.277475 0.000000 0.000000    -0.025911     0.217889 
2456786.208773 0.000000 0.000000    -0.016707     0.237045 
2456787.140071 0.000000 0.000000    -0.005358     0.256781 
2456788.071369 0.000000 0.000000     0.004035     0.239503 
2456789.002666 0.000000 0.000000     0.006636     0.174539 
2456789.933964 0.000000 0.000000    -0.001649     0.062787 
2456790.865262 0.000000 0.000000    -0.021409     0.165972 
2456791.796560 0.000000 0.000000    -0.047707     0.201314 
2456792.727858 0.000000 0.000000    -0.071145     0.215096 
2456793.659156 0.000000 0.000000    -0.082419     0.225206 
2456794.590453 0.000000 0.000000    -0.077888     0.240045 
2456795.521751 0.000000 0.000000    -0.062209     0.262730 
2456796.453049 0.000000 0.000000    -0.045606     0.286208 
2456797.384347 0.000000 0.000000    -0.037066     0.301537 
2456798.315645 0.000000 0.000000    -0.038024     0.306423 
2456799.246943 0.000000 0.000000    -0.041204     0.304456 
2456800.178241 0.000000 0.000000    -0.035851     0.302498 
2456801.109538 0.000000 0.000000    -0.015902     0.303348 
2456802.040836 0.000000 0.000000     0.014690     0.298255 
2456802.972134 0.000000 0.000000     0.043488     0.276780 
2456803.903432 0.000000 0.000000     0.057069     0.241573 
2456804.834730 0.000000 0.000000     0.049335     0.207669 
2456805.766028 0.000000 0.000000     0.024950     0.169573 
2456806.697326 0.000000 0.000000    -0.004187     0.086315 
2456807.628623 0.000000 0.000000    -0.026475     0.147039 
2456808.559921 0.000000 0.000000    -0.036664     0.196312 
2456809.491219 0.000000 0.000000    -0.036629     0.194068 
2456810.422517 0.000000 0.000000    -0.031444     0.180493 
2456811.353815 0.000000 0.000000    -0.024830     0.215171 
2456812.285113 0.000000 0.000000    -0.017838     0.240702 
2456813.216410 0.000000 0.000000    -0.011136     0.228966 
2456814.147708 0.000000 0.000000    -0.007767     0.197373 
2456815.079006 0.000000 0.000000    -0.012731     0.195245 
2456816.010304 0.000000 0.000000    -0.028922     0.210850 
2456816.941602 0.000000 0.000000    -0.052835     0.216999 
2456817.872900 0.000000 0.000000    -0.074567     0.225311 
2456818.804198 0.000000 0.000000    -0.083456     0.239593 
2456819.735495 0.000000 0.000000    -0.075759     0.254010 
2456820.666793 0.000000 0.000000    -0.058225     0.270080 
2456821.598091 0.000000 0.000000    -0.043902     0.286769 
2456822.529389 0.000000 0.000000    -0.042537     0.298114 
2456823.460687 0.000000 0.000000    -0.052638     0.300609 
2456824.391985 0.000000 0.000000    -0.061723     0.296283 
2456825.323283 0.000000 0.000000    -0.055283     0.293837 
2456826.254580 0.000000 0.000000    -0.028130     0.297054 
2456827.185878 0.000000 0.000000     0.010508     0.290521 
2456828.117176 0.000000 0.000000     0.042339     0.254505 
2456829.048474 0.000000 0.000000     0.052132     0.177017 
2456829.979772 0.000000 0.000000     0.037667     0.063180 
2456830.911070 0.000000 0.000000     0.010241     0.146257 
2456831.842368 0.000000 0.000000    -0.014254     0.146881 
2456832.773665 0.000000 0.000000    -0.026464     0.153554 
2456833.704963 0.000000 0.000000    -0.028359     0.193692 
2456834.636261 0.000000 0.000000    -0.028587     0.209255 
2456835.567559 0.000000 0.000000    -0.033092     0.201008 
2456836.498857 0.000000 0.000000    -0.039359     0.204194 
2456837.430155 0.000000 0.000000    -0.039178     0.229971 
2456838.361452 0.000000 0.000000    -0.027288     0.250525 
2456839.292750 0.000000 0.000000    -0.007987     0.252601 
2456840.224048 0.000000 0.000000     0.006592     0.232297 
2456841.155346 0.000000 0.000000     0.005662     0.198150 
2456842.086644 0.000000 0.000000    -0.011138     0.193138 
2456843.017942 0.000000 0.000000    -0.032732     0.217220 
2456843.949240 0.000000 0.000000    -0.045104     0.229232 
2456844.880537 0.000000 0.000000    -0.042655     0.233329 
2456845.811835 0.000000 0.000000    -0.032943     0.246414 
2456846.743133 0.000000 0.000000    -0.030442     0.265339 
2456847.674431 0.000000 0.000000    -0.043994     0.279613 
2456848.605729 0.000000 0.000000    -0.068189     0.284034 
2456849.537027 0.000000 0.000000    -0.086111     0.278888 
2456850.468325 0.000000 0.000000    -0.081834     0.276159 
2456851.399622 0.000000 0.000000    -0.052976     0.284115 
2456852.330920 0.000000 0.000000    -0.013261     0.284078 
2456853.262218 0.000000 0.000000     0.017126     0.258101 
2456854.193516 0.000000 0.000000     0.025869     0.217225 
2456855.124814 0.000000 0.000000     0.016296     0.206746 
2456856.056112 0.000000 0.000000     0.002734     0.205072 
2456856.987409 0.000000 0.000000    -0.002295     0.158218 
2456857.918707 0.000000 0.000000     0.001758     0.082592 
2456858.850005 0.000000 0.000000     0.004316     0.186075 
2456859.781303 0.000000 0.000000    -0.005445     0.216626 
2456860.712601 0.000000 0.000000    -0.027186     0.199560 
2456861.643899 0.000000 0.000000    -0.047531     0.181519 
2456862.575197 0.000000 0.000000    -0.049822     0.229998 
2456863.506494 0.000000 0.000000    -0.027757     0.271269 
2456864.437792 0.000000 0.000000     0.008402     0.273611 
2456865.369090 0.000000 0.000000     0.038510     0.231374 
2456866.300388 0.000000 0.000000     0.047065     0.137893 
2456867.231686 0.000000 0.000000     0.034013     0.122292 
2456868.162984 0.000000 0.000000     0.013252     0.183684 
2456869.094282 0.000000 0.000000     0.000223     0.195298 
2456870.025579 0.000000 0.000000    -0.001046     0.190774 
2456870.956877 0.000000 0.000000    -0.000734     0.192048 
2456871.888175 0.000000 0.000000    -0.013574     0.210250 
2456872.819473 0.000000 0.000000    -0.044822     0.237608 
2456873.750771 0.000000 0.000000    -0.083657     0.251419 
2456874.682069 0.000000 0.000000    -0.109766     0.244833 
2456875.613366 0.000000 0.000000    -0.108077     0.243146 
2456876.544664 0.000000 0.000000    -0.079892     0.265629 
2456877.475962 0.000000 0.000000    -0.041591     0.282589 
2456878.407260 0.000000 0.000000    -0.012175     0.279953 
2456879.338558 0.000000 0.000000     0.000176     0.271432 
2456880.269856 0.000000 0.000000     0.001813     0.266683 
2456881.201154 0.000000 0.000000     0.005258     0.250241 
2456882.132451 0.000000 0.000000     0.016424     0.214263 
2456883.063749 0.000000 0.000000     0.028619     0.200070 
2456883.995047 0.000000 0.000000     0.028553     0.229575 
2456884.926345 0.000000 0.000000     0.009219     0.244485 
2456885.857643 0.000000 0.000000    -0.021545     0.234258 
2456886.788941 0.000000 0.000000    -0.044623     0.233010 
2456887.720239 0.000000 0.000000    -0.043130     0.264908 
2456888.651536 0.000000 0.000000    -0.015235     0.290299 
2456889.582834 0.000000 0.000000     0.024031     0.285533 
2456890.514132 0.000000 0.000000     0.053598     0.252035 
2456891.445430 0.000000 0.000000     0.061265     0.214112 
2456892.376728 0.000000 0.000000     0.050996     0.210016 
2456893.308026 0.000000 0.000000     0.037182     0.224506 
2456894.239324 0.000000 0.000000     0.031108     0.229739 
2456895.170621 0.000000 0.000000     0.031025     0.211152 
2456896.101919 0.000000 0.000000     0.024048     0.148646 
2456897.033217 0.000000 0.000000    -0.001831     0.108224 
2456897.964515 0.000000 0.000000    -0.045673     0.198724 
2456898.895813 0.000000 0.000000    -0.091638     0.226009 
2456899.827111 0.000000 0.000000    -0.119004     0.217430 
2456900.758408 0.000000 0.000000    -0.116393     0.225050 
2456901.689706 0.000000 0.000000    -0.089072     0.262884 
2456902.621004 0.000000 0.000000    -0.053980     0.289148 
2456903.552302 0.000000 0.000000    -0.026940     0.297179 
2456904.483600 0.000000 0.000000    -0.012435     0.297646 
2456905.414898 0.000000 0.000000    -0.003670     0.294305 
2456906.346196 0.000000 0.000000     0.008166     0.283232 
2456907.277493 0.000000 0.000000     0.024039     0.269699 
2456908.208791 0.000000 0.000000     0.035289     0.268226 
2456909.140089 0.000000 0.000000     0.031409     0.277074 
2456910.071387 0.000000 0.000000     0.010552     0.281350 
2456911.002685 0.000000 0.000000    -0.016503     0.278779 
2456911.933983 0.000000 0.000000    -0.032789     0.281654 
2456912.865281 0.000000 0.000000    -0.027176     0.294423 
2456913.796578 0.000000 0.000000    -0.002431     0.303136 
2456914.727876 0.000000 0.000000     0.027115     0.298171 
2456915.659174 0.000000 0.000000     0.046316     0.284358 
2456916.590472 0.000000 0.000000     0.049764     0.273566 
2456917.521770 0.000000 0.000000     0.043872     0.271855 
2456918.453068 0.000000 0.000000     0.039325     0.276042 
2456919.384365 0.000000 0.000000     0.040591     0.275253 
2456920.315663 0.000000 0.000000     0.041399     0.256393 
2456921.246961 0.000000 0.000000     0.029994     0.221965 
2456922.178259 0.000000 0.000000    -0.000172     0.216154 
2456923.109557 0.000000 0.000000    -0.043157     0.243307 
2456924.040855 0.000000 0.000000    -0.082760     0.254699 
2456924.972153 0.000000 0.000000    -0.102749     0.251032 
2456925.903450 0.000000 0.000000    -0.097270     0.260426 
2456926.834748 0.000000 0.000000    -0.073664     0.283663 
2456927.766046 0.000000 0.000000    -0.046072     0.300219 
2456928.697344 0.000000 0.000000    -0.025309     0.306393 
2456929.628642 0.000000 0.000000    -0.012935     0.307599 
2456930.559940 0.000000 0.000000    -0.003458     0.305986 
2456931.491238 0.000000 0.000000     0.008175     0.301724 
2456932.422535 0.000000 0.000000     0.020707     0.298132 
2456933.353833 0.000000 0.000000     0.027320     0.298458 
2456934.285131 0.000000 0.000000     0.022088     0.300979 
2456935.216429 0.000000 0.000000     0.006312     0.302064 
2456936.147727 0.000000 0.000000    -0.010948     0.301751 
2456937.079025 0.000000 0.000000    -0.018845     0.303373 
2456938.010322 0.000000 0.000000    -0.012476     0.307198 
2456938.941620 0.000000 0.000000     0.003839     0.309036 
2456939.872918 0.000000 0.000000     0.020283     0.306820 
2456940.804216 0.000000 0.000000     0.029088     0.302835 
2456941.735514 0.000000 0.000000     0.029775     0.299874 
2456942.666812 0.000000 0.000000     0.028009     0.299458 
2456943.598110 0.000000 0.000000     0.029380     0.300798 
2456944.529407 0.000000 0.000000     0.033535     0.298333 
2456945.460705 0.000000 0.000000     0.033717     0.287742 
2456946.392003 0.000000 0.000000     0.022192     0.276489 
2456947.323301 0.000000 0.000000    -0.002788     0.277658 
2456948.254599 0.000000 0.000000    -0.034181     0.285814 
2456949.185897 0.000000 0.000000    -0.059874     0.288451 
2456950.117195 0.000000 0.000000    -0.070196     0.287777 
2456951.048492 0.000000 0.000000    -0.063642     0.292593 
2456951.979790 0.000000 0.000000    -0.046800     0.301473 
2456952.911088 0.000000 0.000000    -0.029011     0.307718 
2456953.842386 0.000000 0.000000    -0.016169     0.310102 
2456954.773684 0.000000 0.000000    -0.008241     0.310603 
2456955.704982 0.000000 0.000000    -0.001708     0.310141 
2456956.636280 0.000000 0.000000     0.005785     0.309142 
2456957.567577 0.000000 0.000000     0.012780     0.308526 
2456958.498875 0.000000 0.000000     0.015400     0.308744 
2456959.430173 0.000000 0.000000     0.011277     0.309297 
2456960.361471 0.000000 0.000000     0.002370     0.309529 
2456961.292769 0.000000 0.000000    -0.005857     0.309560 
2456962.224067 0.000000 0.000000    -0.008276     0.310026 
2456963.155364 0.000000 0.000000    -0.003764     0.310781 
2456964.086662 0.000000 0.000000     0.004280     0.310971 
2456965.017960 0.000000 0.000000     0.010895     0.310409 
2456965.949258 0.000000 0.000000     0.013456     0.309563 
2456966.880556 0.000000 0.000000     0.013308     0.308893 
2456967.811854 0.000000 0.000000     0.013874     0.308908 
2456968.743152 0.000000 0.000000     0.016998     0.309134 
2456969.674449 0.000000 0.000000     0.020665     0.307555 
2456970.605747 0.000000 0.000000     0.020137     0.303796 
2456971.537045 0.000000 0.000000     0.011664     0.301246 
2456972.468343 0.000000 0.000000    -0.004139     0.302345 
2456973.399641 0.000000 0.000000    -0.021967     0.304464 
2456974.330939 0.000000 0.000000    -0.034870     0.304882 
2456975.262237 0.000000 0.000000    -0.038439     0.304940 
2456976.193534 0.000000 0.000000    -0.033140     0.306621 
2456977.124832 0.000000 0.000000    -0.023315     0.309063 
2456978.056130 0.000000 0.000000    -0.013919     0.310632 
2456978.987428 0.000000 0.000000    -0.007535     0.311197 
2456979.918726 0.000000 0.000000    -0.003708     0.311316 
2456980.850024 0.000000 0.000000    -0.000602     0.311250 
2456981.781321 0.000000 0.000000     0.002745     0.311125 
2456982.712619 0.000000 0.000000     0.005516     0.311074 
2456983.643917 0.000000 0.000000     0.006109     0.311124 
2456984.575215 0.000000 0.000000     0.003923     0.311204 
2456985.506513 0.000000 0.000000     0.000256     0.311238 
2456986.437811 0.000000 0.000000    -0.002502     0.311251 
2456987.369109 0.000000 0.000000    -0.002654     0.311320 
2456988.300406 0.000000 0.000000    -0.000433     0.311403 
2456989.231704 0.000000 0.000000     0.002354     0.311402 
2456990.163002 0.000000 0.000000     0.003926     0.311318 
2456991.094300 0.000000 0.000000     0.003996     0.311189 
2456992.025598 0.000000 0.000000     0.003872     0.311088 
2456992.956896 0.000000 0.000000     0.005107     0.311124 
2456993.888194 0.000000 0.000000     0.007854     0.311093 
2456994.819491 0.000000 0.000000     0.010327     0.310578 
2456995.750789 0.000000 0.000000     0.009914     0.309761 
2456996.682087 0.000000 0.000000     0.005119     0.309429 
2456997.613385 0.000000 0.000000    -0.003117     0.309782 
2456998.544683 0.000000 0.000000    -0.011745     0.310155 
2456999.475981 0.000000 0.000000    -0.017375     0.310191 
2457000.407279 0.000000 0.000000    -0.018227     0.310264 
2457001.338576 0.000000 0.000000    -0.014951     0.310645 
2457002.269874 0.000000 0.000000    -0.009883     0.311092 
2457003.201172 0.000000 0.000000    -0.005413     0.311345 
2457004.132470 0.000000 0.000000    -0.002677     0.311427 
2457005.063768 0.000000 0.000000    -0.001366     0.311444 
2457005.995066 0.000000 0.000000    -0.000546     0.311440 
2457006.926363 0.000000 0.000000     0.000339     0.311434 
2457007.857661 0.000000 0.000000     0.001097     0.311434 
2457008.788959 0.000000 0.000000     0.001197     0.311440 
2457009.720257 0.000000 0.000000     0.000475     0.311447 
2457010.651555 0.000000 0.000000    -0.000561     0.311448 
2457011.582853 0.000000 0.000000    -0.001113     0.311449 
2457012.514151 0.000000 0.000000    -0.000775     0.311454 
2457013.445448 0.000000 0.000000     0.000087     0.311459 
2457014.376746 0.000000 0.000000     0.000660     0.311457 
2457015.308044 0.000000 0.000000     0.000454     0.311448 
2457016.239342 0.000000 0.000000    -0.000146     0.311428 
2457017.170640 0.000000 0.000000    -0.000069     0.311411 
2457018.101938 0.000000 0.000000     0.001556     0.311418 
2457019.033236 0.000000 0.000000     0.004472     0.311399 
2457019.964533 0.000000 0.000000     0.007118     0.311272 
2457020.895831 0.000000 0.000000     0.007451     0.311089 
2457021.827129 0.000000 0.000000     0.004304     0.311014 
2457022.758427 0.000000 0.000000    -0.001670     0.311087 
2457023.689725 0.000000 0.000000    -0.008178     0.311162 
2457024.621023 0.000000 0.000000    -0.012545     0.311155 
2457025.552320 0.000000 0.000000    -0.013239     0.311154 
2457026.483618 0.000000 0.000000    -0.010653     0.311237 
2457027.414916 0.000000 0.000000    -0.006670     0.311349 
2457028.346214 0.000000 0.000000    -0.003348     0.311416 
2457029.277512 0.000000 0.000000    -0.001708     0.311438 
2457030.208810 0.000000 0.000000    -0.001399     0.311441 
2457031.140108 0.000000 0.000000    -0.001373     0.311441 
2457032.071405 0.000000 0.000000    -0.000897     0.311443 
2457033.002703 0.000000 0.000000    -0.000088     0.311447 
2457033.934001 0.000000 0.000000     0.000398     0.311450 
2457034.865299 0.000000 0.000000     0.000143     0.311449 
2457035.796597 0.000000 0.000000    -0.000551     0.311448 
2457036.727895 0.000000 0.000000    -0.000938     0.311450 
2457037.659193 0.000000 0.000000    -0.000602     0.311455 
2457038.590490 0.000000 0.000000     0.000041     0.311459 
2457039.521788 0.000000 0.000000     0.000092     0.311456 
2457040.453086 0.000000 0.000000    -0.000836     0.311430 
2457041.384384 0.000000 0.000000    -0.001855     0.311353 
2457042.315682 0.000000 0.000000    -0.001153     0.311282 
2457043.246980 0.000000 0.000000     0.002552     0.311310 
2457044.178277 0.000000 0.000000     0.008483     0.311250 
2457045.109575 0.000000 0.000000     0.013550     0.310741 
2457046.040873 0.000000 0.000000     0.013933     0.309947 
2457046.972171 0.000000 0.000000     0.007634     0.309592 
2457047.903469 0.000000 0.000000    -0.003790     0.309867 
2457048.834767 0.000000 0.000000    -0.015716     0.310116 
2457049.766065 0.000000 0.000000    -0.023072     0.309991 
2457050.697362 0.000000 0.000000    -0.023340     0.309958 
2457051.628660 0.000000 0.000000    -0.017895     0.310354 
2457052.559958 0.000000 0.000000    -0.010737     0.310863 
2457053.491256 0.000000 0.000000    -0.005626     0.311146 
2457054.422554 0.000000 0.000000    -0.003748     0.311227 
2457055.353852 0.000000 0.000000    -0.003563     0.311234 
2457056.285150 0.000000 0.000000    -0.002705     0.311234 
2457057.216447 0.000000 0.000000    -0.000232     0.311260 
2457058.147745 0.000000 0.000000     0.002670     0.311292 
2457059.079043 0.000000 0.000000     0.003984     0.311301 
2457060.010341 0.000000 0.000000     0.002886     0.311292 
2457060.941639 0.000000 0.000000     0.000584     0.311295 
2457061.872937 0.000000 0.000000    -0.000810     0.311344 
2457062.804235 0.000000 0.000000    -0.000343     0.311412 
2457063.735532 0.000000 0.000000     0.000791     0.311438 
2457064.666830 0.000000 0.000000     0.000478     0.311411 
2457065.598128 0.000000 0.000000    -0.001817     0.311227 
2457066.529426 0.000000 0.000000    -0.003613     0.310780 
2457067.460724 0.000000 0.000000    -0.000824     0.310519 
2457068.392022 0.000000 0.000000     0.008597     0.310736 
2457069.323319 0.000000 0.000000     0.021614     0.310036 
2457070.254617 0.000000 0.000000     0.030579     0.306869 
2457071.185915 0.000000 0.000000     0.027672     0.302951 
2457072.117213 0.000000 0.000000     0.010525     0.301909 
2457073.048511 0.000000 0.000000    -0.015161     0.303513 
2457073.979809 0.000000 0.000000    -0.038341     0.304316 
2457074.911107 0.000000 0.000000    -0.049199     0.303759 
2457075.842404 0.000000 0.000000    -0.045046     0.304284 
2457076.773702 0.000000 0.000000    -0.031368     0.306489 
2457077.705000 0.000000 0.000000    -0.017387     0.308556 
2457078.636298 0.000000 0.000000    -0.009558     0.309493 
2457079.567596 0.000000 0.000000    -0.007859     0.309692 
2457080.498894 0.000000 0.000000    -0.007373     0.309629 
2457081.430192 0.000000 0.000000    -0.003420     0.309595 
2457082.361489 0.000000 0.000000     0.004195     0.309765 
2457083.292787 0.000000 0.000000     0.011266     0.309981 
2457084.224085 0.000000 0.000000     0.013225     0.310007 
2457085.155383 0.000000 0.000000     0.009386     0.309938 
2457086.086681 0.000000 0.000000     0.003546     0.310141 
2457087.017979 0.000000 0.000000     0.000443     0.310715 
2457087.949276 0.000000 0.000000     0.001350     0.311211 
2457088.880574 0.000000 0.000000     0.003024     0.311341 
2457089.811872 0.000000 0.000000     0.001295     0.311214 
2457090.743170 0.000000 0.000000    -0.003802     0.310394 
2457091.674468 0.000000 0.000000    -0.006348     0.308818 
2457092.605766 0.000000 0.000000     0.001225     0.308422 
2457093.537064 0.000000 0.000000     0.020716     0.309124 
2457094.468361 0.000000 0.000000     0.043745     0.305145 
2457095.399659 0.000000 0.000000     0.055040     0.292578 
2457096.330957 0.000000 0.000000     0.042250     0.279212 
2457097.262255 0.000000 0.000000     0.005538     0.277813 
2457098.193553 0.000000 0.000000    -0.040566     0.283776 
2457099.124851 0.000000 0.000000    -0.075258     0.285467 
2457100.056149 0.000000 0.000000    -0.084280     0.284432 
2457100.987446 0.000000 0.000000    -0.068411     0.288109 
2457101.918744 0.000000 0.000000    -0.041571     0.295318 
2457102.850042 0.000000 0.000000    -0.020214     0.300481 
2457103.781340 0.000000 0.000000    -0.012100     0.302418 
2457104.712638 0.000000 0.000000    -0.012719     0.302540 
2457105.643936 0.000000 0.000000    -0.011359     0.301952 
2457106.575233 0.000000 0.000000    -0.001235     0.301857 
2457107.506531 0.000000 0.000000     0.014782     0.302898 
2457108.437829 0.000000 0.000000     0.027174     0.303929 
2457109.369127 0.000000 0.000000     0.028414     0.303795 
2457110.300425 0.000000 0.000000     0.019476     0.303639 
2457111.231723 0.000000 0.000000     0.008606     0.305496 
2457112.163021 0.000000 0.000000     0.003683     0.308691 
2457113.094318 0.000000 0.000000     0.005248     0.310677 
2457114.025616 0.000000 0.000000     0.006737     0.311072 
2457114.956914 0.000000 0.000000     0.001975     0.310675 
2457115.888212 0.000000 0.000000    -0.006920     0.308358 
2457116.819510 0.000000 0.000000    -0.009138     0.304996 
2457117.750808 0.000000 0.000000     0.005951     0.305368 
2457118.682106 0.000000 0.000000     0.037334     0.306084 
2457119.613403 0.000000 0.000000     0.068454     0.293052 
2457120.544701 0.000000 0.000000     0.075944     0.258158 
2457121.475999 0.000000 0.000000     0.045967     0.219154 
2457122.407297 0.000000 0.000000    -0.013874     0.221224 
2457123.338595 0.000000 0.000000    -0.076896     0.239566 
2457124.269893 0.000000 0.000000    -0.113448     0.242759 
2457125.201191 0.000000 0.000000    -0.109692     0.242620 
2457126.132488 0.000000 0.000000    -0.075492     0.254137 
2457127.063786 0.000000 0.000000    -0.035842     0.268977 
2457127.995084 0.000000 0.000000    -0.012576     0.277751 
2457128.926382 0.000000 0.000000    -0.010185     0.280579 
2457129.857680 0.000000 0.000000    -0.015884     0.279461 
2457130.788978 0.000000 0.000000    -0.012648     0.276883 
2457131.720275 0.000000 0.000000     0.005987     0.277637 
2457132.651573 0.000000 0.000000     0.031228     0.282701 
2457133.582871 0.000000 0.000000     0.047387     0.285994 
2457134.514169 0.000000 0.000000     0.045451     0.284616 
2457135.445467 0.000000 0.000000     0.030099     0.285509 
2457136.376765 0.000000 0.000000     0.014615     0.294562 
2457137.308063 0.000000 0.000000     0.008781     0.305006 
2457138.239360 0.000000 0.000000     0.010841     0.309789 
2457139.170658 0.000000 0.000000     0.010810     0.310599 
2457140.101956 0.000000 0.000000     0.002042     0.309823 
2457141.033254 0.000000 0.000000    -0.009870     0.305823 
2457141.964552 0.000000 0.000000    -0.009980     0.301967 
2457142.895850 0.000000 0.000000     0.012430     0.304241 
2457143.827148 0.000000 0.000000     0.050804     0.302850 
2457144.758445 0.000000 0.000000     0.081051     0.278819 
2457145.689743 0.000000 0.000000     0.076644     0.219431 
2457146.621041 0.000000 0.000000     0.028784     0.108236 
2457147.552339 0.000000 0.000000    -0.044076     0.140831 
2457148.483637 0.000000 0.000000    -0.105956     0.189274 
2457149.414935 0.000000 0.000000    -0.126372     0.193924 
2457150.346232 0.000000 0.000000    -0.100142     0.186338 
2457151.277530 0.000000 0.000000    -0.049449     0.193847 
2457152.208828 0.000000 0.000000    -0.006907     0.212047 
2457153.140126 0.000000 0.000000     0.007384     0.226069 
2457154.071424 0.000000 0.000000    -0.002272     0.230084 
2457155.002722 0.000000 0.000000    -0.014273     0.222820 
2457155.934020 0.000000 0.000000    -0.008898     0.213752 
2457156.865317 0.000000 0.000000     0.016165     0.223511 
2457157.796615 0.000000 0.000000     0.045640     0.243805 
2457158.727913 0.000000 0.000000     0.060565     0.250870 
2457159.659211 0.000000 0.000000     0.053809     0.245515 
2457160.590509 0.000000 0.000000     0.034409     0.254205 
2457161.521807 0.000000 0.000000     0.018130     0.281060 
2457162.453105 0.000000 0.000000     0.013430     0.301478 
2457163.384402 0.000000 0.000000     0.015430     0.308696 
2457164.315700 0.000000 0.000000     0.012873     0.310066 
2457165.246998 0.000000 0.000000     0.001179     0.309236 
2457166.178296 0.000000 0.000000    -0.010902     0.305319 
2457167.109594 0.000000 0.000000    -0.008055     0.303585 
2457168.040892 0.000000 0.000000     0.016516     0.306516 
2457168.972189 0.000000 0.000000     0.050961     0.302756 
2457169.903487 0.000000 0.000000     0.069810     0.281482 
2457170.834785 0.000000 0.000000     0.052043     0.244768 
2457171.766083 0.000000 0.000000    -0.001327     0.214290 
2457172.697381 0.000000 0.000000    -0.064603     0.217387 
2457173.628679 0.000000 0.000000    -0.103129     0.230676 
2457174.559977 0.000000 0.000000    -0.096503     0.224058 
2457175.491274 0.000000 0.000000    -0.052204     0.186296 
2457176.422572 0.000000 0.000000     0.000478     0.107138 
2457177.353870 0.000000 0.000000     0.031423     0.109472 
2457178.285168 0.000000 0.000000     0.029773     0.162438 
2457179.216466 0.000000 0.000000     0.008653     0.169598 
2457180.147764 0.000000 0.000000    -0.007706     0.134804 
2457181.079062 0.000000 0.000000    -0.003322     0.064528 
2457182.010359 0.000000 0.000000     0.018814     0.167635 
2457182.941657 0.000000 0.000000     0.041781     0.213155 
2457183.872955 0.000000 0.000000     0.049823     0.220918 
2457184.804253 0.000000 0.000000     0.040439     0.214947 
2457185.735551 0.000000 0.000000     0.024180     0.239149 
2457186.666849 0.000000 0.000000     0.013781     0.276744 
2457187.598147 0.000000 0.000000     0.013012     0.299061 
2457188.529444 0.000000 0.000000     0.014977     0.307028 
2457189.460742 0.000000 0.000000     0.010648     0.309571 
2457190.392040 0.000000 0.000000    -0.000791     0.309381 
2457191.323338 0.000000 0.000000    -0.009745     0.307308 
2457192.254636 0.000000 0.000000    -0.004722     0.307552 
2457193.185934 0.000000 0.000000     0.015709     0.309196 
2457194.117231 0.000000 0.000000     0.038433     0.306044 
2457195.048529 0.000000 0.000000     0.043905     0.296138 
2457195.979827 0.000000 0.000000     0.021330     0.283124 
2457196.911125 0.000000 0.000000    -0.021083     0.274260 
2457197.842423 0.000000 0.000000    -0.059627     0.275351 
2457198.773721 0.000000 0.000000    -0.070636     0.278015 
2457199.705019 0.000000 0.000000    -0.046784     0.266871 
2457200.636316 0.000000 0.000000    -0.002098     0.238580 
2457201.567614 0.000000 0.000000     0.037904     0.212540 
2457202.498912 0.000000 0.000000     0.053391     0.213906 
2457203.430210 0.000000 0.000000     0.042121     0.225186 
2457204.361508 0.000000 0.000000     0.018119     0.227180 
2457205.292806 0.000000 0.000000    -0.000497     0.217013 
2457206.224104 0.000000 0.000000    -0.004465     0.201224 
2457207.155401 0.000000 0.000000     0.002400     0.201133 
2457208.086699 0.000000 0.000000     0.009424     0.218124 
2457209.017997 0.000000 0.000000     0.009237     0.229373 
2457209.949295 0.000000 0.000000     0.003176     0.235019 
2457210.880593 0.000000 0.000000    -0.001754     0.250651 
2457211.811891 0.000000 0.000000    -0.000527     0.274119 
2457212.743188 0.000000 0.000000     0.004995     0.292882 
2457213.674486 0.000000 0.000000     0.008193     0.303808 
2457214.605784 0.000000 0.000000     0.004545     0.308867 
2457215.537082 0.000000 0.000000    -0.003364     0.309859 
2457216.468380 0.000000 0.000000    -0.007561     0.309470 
2457217.399678 0.000000 0.000000    -0.001924     0.310060 
2457218.330976 0.000000 0.000000     0.011367     0.310606 
2457219.262273 0.000000 0.000000     0.022105     0.309349 
2457220.193571 0.000000 0.000000     0.019537     0.306360 
2457221.124869 0.000000 0.000000     0.001337     0.302445 
2457222.056167 0.000000 0.000000    -0.023159     0.299907 
2457222.987465 0.000000 0.000000    -0.038446     0.300649 
2457223.918763 0.000000 0.000000    -0.033241     0.300155 
2457224.850061 0.000000 0.000000    -0.008214     0.292350 
2457225.781358 0.000000 0.000000     0.024460     0.280057 
2457226.712656 0.000000 0.000000     0.049041     0.272646 
2457227.643954 0.000000 0.000000     0.055672     0.272284 
2457228.575252 0.000000 0.000000     0.044804     0.274949 
2457229.506550 0.000000 0.000000     0.024457     0.276678 
2457230.437848 0.000000 0.000000     0.003525     0.267359 
2457231.369145 0.000000 0.000000    -0.013332     0.235156 
2457232.300443 0.000000 0.000000    -0.025997     0.187458 
2457233.231741 0.000000 0.000000    -0.035545     0.192588 
2457234.163039 0.000000 0.000000    -0.041203     0.227626 
2457235.094337 0.000000 0.000000    -0.040549     0.239400 
2457236.025635 0.000000 0.000000    -0.032465     0.240621 
2457236.956933 0.000000 0.000000    -0.019632     0.257003 
2457237.888230 0.000000 0.000000    -0.007772     0.282598 
2457238.819528 0.000000 0.000000    -0.001890     0.300520 
2457239.750826 0.000000 0.000000    -0.002585     0.308165 
2457240.682124 0.000000 0.000000    -0.005705     0.310067 
2457241.613422 0.000000 0.000000    -0.005830     0.310413 
2457242.544720 0.000000 0.000000    -0.000848     0.310833 
2457243.476018 0.000000 0.000000     0.006151     0.311149 
2457244.407315 0.000000 0.000000     0.009281     0.310956 
2457245.338613 0.000000 0.000000     0.004730     0.310284 
2457246.269911 0.000000 0.000000    -0.005754     0.309315 
2457247.201209 0.000000 0.000000    -0.015522     0.308752 
2457248.132507 0.000000 0.000000    -0.017331     0.308966 
2457249.063805 0.000000 0.000000    -0.008099     0.308169 
2457249.995103 0.000000 0.000000     0.009270     0.304892 
2457250.926400 0.000000 0.000000     0.027940     0.300813 
2457251.857698 0.000000 0.000000     0.041153     0.297425 
2457252.788996 0.000000 0.000000     0.045215     0.295037 
2457253.720294 0.000000 0.000000     0.039800     0.296171 
2457254.651592 0.000000 0.000000     0.026324     0.296888 
2457255.582890 0.000000 0.000000     0.006482     0.280382 
2457256.514187 0.000000 0.000000    -0.017654     0.227779 
2457257.445485 0.000000 0.000000    -0.042521     0.112133 
2457258.376783 0.000000 0.000000    -0.062709     0.164124 
2457259.308081 0.000000 0.000000    -0.072624     0.222495 
2457260.239379 0.000000 0.000000    -0.069477     0.228964 
2457261.170677 0.000000 0.000000    -0.055389     0.223839 
2457262.101975 0.000000 0.000000    -0.036712     0.248687 
2457263.033272 0.000000 0.000000    -0.020644     0.281915 
2457263.964570 0.000000 0.000000    -0.011335     0.301318 
2457264.895868 0.000000 0.000000    -0.008181     0.308464 
2457265.827166 0.000000 0.000000    -0.007361     0.310248 
2457266.758464 0.000000 0.000000    -0.005306     0.310697 
2457267.689762 0.000000 0.000000    -0.001375     0.311053 
2457268.621060 0.000000 0.000000     0.002154     0.311362 
2457269.552357 0.000000 0.000000     0.002517     0.311386 
2457270.483655 0.000000 0.000000    -0.000835     0.311258 
2457271.414953 0.000000 0.000000    -0.005473     0.311082 
2457272.346251 0.000000 0.000000    -0.007671     0.310921 
2457273.277549 0.000000 0.000000    -0.005072     0.310900 
2457274.208847 0.000000 0.000000     0.001836     0.310584 
2457275.140144 0.000000 0.000000     0.010462     0.309639 
2457276.071442 0.000000 0.000000     0.018202     0.307969 
2457277.002740 0.000000 0.000000     0.023951     0.304888 
2457277.934038 0.000000 0.000000     0.027767     0.302289 
2457278.865336 0.000000 0.000000     0.029185     0.303724 
2457279.796634 0.000000 0.000000     0.026006     0.301626 
2457280.727932 0.000000 0.000000     0.015118     0.277776 
2457281.659229 0.000000 0.000000    -0.004882     0.217070 
2457282.590527 0.000000 0.000000    -0.031225     0.138424 
2457283.521825 0.000000 0.000000    -0.056904     0.197228 
2457284.453123 0.000000 0.000000    -0.073645     0.232728 
2457285.384421 0.000000 0.000000    -0.076242     0.230228 
2457286.315719 0.000000 0.000000    -0.065419     0.230582 
2457287.247017 0.000000 0.000000    -0.047232     0.260170 
2457288.178314 0.000000 0.000000    -0.029405     0.289439 
2457289.109612 0.000000 0.000000    -0.017117     0.304336 
2457290.040910 0.000000 0.000000    -0.010966     0.309258 
2457290.972208 0.000000 0.000000    -0.008164     0.310464 
2457291.903506 0.000000 0.000000    -0.005617     0.310838 
2457292.834804 0.000000 0.000000    -0.002379     0.311192 
2457293.766102 0.000000 0.000000     0.000244     0.311440 
2457294.697399 0.000000 0.000000     0.000600     0.311440 
2457295.628697 0.000000 0.000000    -0.001295     0.311430 
2457296.559995 0.000000 0.000000    -0.003481     0.311374 
2457297.491293 0.000000 0.000000    -0.003666     0.311232 
2457298.422591 0.000000 0.000000    -0.001227     0.311206 
2457299.353889 0.000000 0.000000     0.002309     0.311149 
2457300.285186 0.000000 0.000000     0.004814     0.310739 
2457301.216484 0.000000 0.000000     0.005791     0.309058 
2457302.147782 0.000000 0.000000     0.007160     0.305428 
2457303.079080 0.000000 0.000000     0.011583     0.303423 
2457304.010378 0.000000 0.000000     0.019434     0.305330 
2457304.941676 0.000000 0.000000     0.026984     0.298995 
2457305.872974 0.000000 0.000000     0.027710     0.264518 
2457306.804271 0.000000 0.000000     0.016379     0.183048 
2457307.735569 0.000000 0.000000    -0.006806     0.097542 
2457308.666867 0.000000 0.000000    -0.035102     0.204066 
2457309.598165 0.000000 0.000000    -0.058302     0.230818 
2457310.529463 0.000000 0.000000    -0.068229     0.223627 
2457311.460761 0.000000 0.000000    -0.063065     0.232876 
2457312.392059 0.000000 0.000000    -0.047753     0.267536 
2457313.323356 0.000000 0.000000    -0.030418     0.294244 
2457314.254654 0.000000 0.000000    -0.017466     0.306148 
2457315.185952 0.000000 0.000000    -0.010655     0.309707 
2457316.117250 0.000000 0.000000    -0.007733     0.310571 
2457317.048548 0.000000 0.000000    -0.005494     0.310917 
2457317.979846 0.000000 0.000000    -0.002577     0.311280 
2457318.911143 0.000000 0.000000     0.000053     0.311462 
2457319.842441 0.000000 0.000000     0.000817     0.311440 
2457320.773739 0.000000 0.000000    -0.000464     0.311455 
2457321.705037 0.000000 0.000000    -0.002201     0.311384 
2457322.636335 0.000000 0.000000    -0.002545     0.311259 
2457323.567633 0.000000 0.000000    -0.001247     0.311272 
2457324.498931 0.000000 0.000000     0.000065     0.311255 
2457325.430228 0.000000 0.000000    -0.000379     0.310861 
2457326.361526 0.000000 0.000000    -0.002222     0.309102 
2457327.292824 0.000000 0.000000    -0.002428     0.305979 
2457328.224122 0.000000 0.000000     0.002593     0.305266 
2457329.155420 0.000000 0.000000     0.013531     0.306629 
2457330.086718 0.000000 0.000000     0.026188     0.297259 
2457331.018016 0.000000 0.000000     0.032976     0.263404 
2457331.949313 0.000000 0.000000     0.027408     0.211718 
2457332.880611 0.000000 0.000000     0.008635     0.208253 
2457333.811909 0.000000 0.000000    -0.017220     0.241709 
2457334.743207 0.000000 0.000000    -0.040119     0.251477 
2457335.674505 0.000000 0.000000    -0.051650     0.246793 
2457336.605803 0.000000 0.000000    -0.049439     0.258278 
2457337.537100 0.000000 0.000000    -0.037658     0.283058 
2457338.468398 0.000000 0.000000    -0.023639     0.300818 
2457339.399696 0.000000 0.000000    -0.013221     0.308250 
2457340.330994 0.000000 0.000000    -0.008007     0.310340 
2457341.262292 0.000000 0.000000    -0.005971     0.310859 
2457342.193590 0.000000 0.000000    -0.004280     0.311118 
2457343.124888 0.000000 0.000000    -0.001805     0.311376 
2457344.056185 0.000000 0.000000     0.000500     0.311466 
2457344.987483 0.000000 0.000000     0.001178     0.311447 
2457345.918781 0.000000 0.000000     0.000026     0.311457 
2457346.850079 0.000000 0.000000    -0.001630     0.311395 
2457347.781377 0.000000 0.000000    -0.002279     0.311333 
2457348.712675 0.000000 0.000000    -0.001764     0.311357 
2457349.643973 0.000000 0.000000    -0.001425     0.311336 
2457350.575270 0.000000 0.000000    -0.002567     0.311044 
2457351.506568 0.000000 0.000000    -0.004618     0.309903 
2457352.437866 0.000000 0.000000    -0.004838     0.308329 
2457353.369164 0.000000 0.000000    -0.000226     0.308454 
2457354.300462 0.000000 0.000000     0.009629     0.308668 
2457355.231760 0.000000 0.000000     0.021091     0.301518 
2457356.163058 0.000000 0.000000     0.027908     0.284209 
2457357.094355 0.000000 0.000000     0.024914     0.269609 
2457358.025653 0.000000 0.000000     0.011539     0.272900 
2457358.956951 0.000000 0.000000    -0.007378     0.282329 
2457359.888249 0.000000 0.000000    -0.024177     0.283966 
2457360.819547 0.000000 0.000000    -0.032677     0.282910 
2457361.750845 0.000000 0.000000    -0.031356     0.289149 
2457362.682142 0.000000 0.000000    -0.023459     0.299769 
2457363.613440 0.000000 0.000000    -0.014288     0.307200 
2457364.544738 0.000000 0.000000    -0.007805     0.310186 
2457365.476036 0.000000 0.000000    -0.004836     0.310992 
2457366.407334 0.000000 0.000000    -0.003756     0.311202 
2457367.338632 0.000000 0.000000    -0.002610     0.311329 
2457368.269930 0.000000 0.000000    -0.000813     0.311441 
2457369.201227 0.000000 0.000000     0.000779     0.311466 
2457370.132525 0.000000 0.000000     0.001100     0.311458 
2457371.063823 0.000000 0.000000     0.000081     0.311459 
2457371.995121 0.000000 0.000000    -0.001269     0.311429 
2457372.926419 0.000000 0.000000    -0.001885     0.311412 
2457373.857717 0.000000 0.000000    -0.001689     0.311425 
2457374.789015 0.000000 0.000000    -0.001595     0.311411 
2457375.720312 0.000000 0.000000    -0.002422     0.311275 
2457376.651610 0.000000 0.000000    -0.003708     0.310823 
2457377.582908 0.000000 0.000000    -0.003625     0.310360 
2457378.514206 0.000000 0.000000    -0.000322     0.310545 
2457379.445504 0.000000 0.000000     0.006277     0.310305 
2457380.376802 0.000000 0.000000     0.013694     0.307174 
2457381.308099 0.000000 0.000000     0.017989     0.301774 
2457382.239397 0.000000 0.000000     0.016137     0.298890 
2457383.170695 0.000000 0.000000     0.008079     0.300562 
2457384.101993 0.000000 0.000000    -0.003025     0.302787 
2457385.033291 0.000000 0.000000    -0.012571     0.302826 
2457385.964589 0.000000 0.000000    -0.017120     0.302876 
2457386.895887 0.000000 0.000000    -0.016111     0.305159 
2457387.827184 0.000000 0.000000    -0.011665     0.308326 
2457388.758482 0.000000 0.000000    -0.006837     0.310372 
2457389.689780 0.000000 0.000000    -0.003679     0.311140 
2457390.621078 0.000000 0.000000    -0.002394     0.311339 
2457391.552376 0.000000 0.000000    -0.001925     0.311395 
2457392.483674 0.000000 0.000000    -0.001228     0.311434 
2457393.414972 0.000000 0.000000    -0.000141     0.311464 
2457394.346269 0.000000 0.000000     0.000722     0.311466 
2457395.277567 0.000000 0.000000     0.000758     0.311464 
2457396.208865 0.000000 0.000000     0.000016     0.311463 
2457397.140163 0.000000 0.000000    -0.000860     0.311454 
2457398.071461 0.000000 0.000000    -0.001259     0.311453 
2457399.002759 0.000000 0.000000    -0.001160     0.311456 
2457399.934056 0.000000 0.000000    -0.001083     0.311450 
2457400.865354 0.000000 0.000000    -0.001458     0.311410 
2457401.796652 0.000000 0.000000    -0.002019     0.311303 
2457402.727950 0.000000 0.000000    -0.001827     0.311229 
2457403.659248 0.000000 0.000000    -0.000007     0.311288 
2457404.590546 0.000000 0.000000     0.003360     0.311135 
2457405.521844 0.000000 0.000000     0.006949     0.310325 
2457406.453141 0.000000 0.000000     0.008841     0.309279 
2457407.384439 0.000000 0.000000     0.007713     0.308955 
2457408.315737 0.000000 0.000000     0.003752     0.309393 
2457409.247035 0.000000 0.000000    -0.001389     0.309733 
2457410.178333 0.000000 0.000000    -0.005551     0.309685 
2457411.109631 0.000000 0.000000    -0.007297     0.309795 
2457412.040929 0.000000 0.000000    -0.006593     0.310337 
2457412.972226 0.000000 0.000000    -0.004553     0.310948 
2457413.903524 0.000000 0.000000    -0.002552     0.311297 
2457414.834822 0.000000 0.000000    -0.001377     0.311417 
2457415.766120 0.000000 0.000000    -0.000965     0.311447 
2457416.697418 0.000000 0.000000    -0.000779     0.311456 
2457417.628716 0.000000 0.000000    -0.000404     0.311464 
2457418.560014 0.000000 0.000000     0.000134     0.311468 
2457419.491311 0.000000 0.000000     0.000501     0.311468 
2457420.422609 0.000000 0.000000     0.000438     0.311467 
2457421.353907 0.000000 0.000000     0.000020     0.311466 
2457422.285205 0.000000 0.000000    -0.000427     0.311465 
2457423.216503 0.000000 0.000000    -0.000631     0.311465 
2457424.147801 0.000000 0.000000    -0.000601     0.311464 
2457425.079098 0.000000 0.000000    -0.000568     0.311460 
2457426.010396 0.000000 0.000000    -0.000702     0.311453 
2457426.941694 0.000000 0.000000    -0.000884     0.311440 
2457427.872992 0.000000 0.000000    -0.000748     0.311437 
2457428.804290 0.000000 0.000000    -0.000000     0.311443 
2457429.735588 0.000000 0.000000     0.001261     0.311407 
2457430.666886 0.000000 0.000000     0.002491     0.311297 
2457431.598183 0.000000 0.000000     0.002999     0.311194 
2457432.529481 0.000000 0.000000     0.002397     0.311189 
2457433.460779 0.000000 0.000000     0.000881     0.311245 
2457434.392077 0.000000 0.000000    -0.000880     0.311269 
2457435.323375 0.000000 0.000000    -0.002141     0.311262 
2457436.254673 0.000000 0.000000    -0.002505     0.311291 
2457437.185971 0.000000 0.000000    -0.002087     0.311361 
2457438.117268 0.000000 0.000000    -0.001341     0.311424 
2457439.048566 0.000000 0.000000    -0.000718     0.311455 
2457439.979864 0.000000 0.000000    -0.000405     0.311464 
2457440.911162 0.000000 0.000000    -0.000309     0.311467 
2457441.842460 0.000000 0.000000    -0.000226     0.311467 
2457442.773758 0.000000 0.000000    -0.000048     0.311468 
2457443.705055 0.000000 0.000000     0.000170     0.311468 
2457444.636353 0.000000 0.000000     0.000296     0.311468 
2457445.567651 0.000000 0.000000     0.000253     0.311468 
2457446.498949 0.000000 0.000000     0.000085     0.311467 
2457447.430247 0.000000 0.000000    -0.000094     0.311467 
2457448.361545 0.000000 0.000000    -0.000206     0.311467 
2457449.292843 0.000000 0.000000    -0.000262     0.311464 
2457450.224140 0.000000 0.000000    -0.000323     0.311461 
2457451.155438 0.000000 0.000000    -0.000410     0.311460 
2457452.086736 0.000000 0.000000    -0.000467     0.311461 
2457453.018034 0.000000 0.000000    -0.000396     0.311461 
2457453.949332 0.000000 0.000000    -0.000158     0.311461 
2457454.880630 0.000000 0.000000     0.000161     0.311459 
2457455.811928 0.000000 0.000000     0.000384     0.311453 
2457456.743225 0.000000 0.000000     0.000356     0.311450 
2457457.674523 0.000000 0.000000     0.000052     0.311452 
2457458.605821 0.000000 0.000000    -0.000393     0.311455 
2457459.537119 0.000000 0.000000    -0.000770     0.311455 
2457460.468417 0.000000 0.000000    -0.000919     0.311455 
2457461.399715 0.000000 0.000000    -0.000820     0.311458 
2457462.331012 0.000000 0.000000    -0.000576     0.311462 
2457463.262310 0.000000 0.000000    -0.000332     0.311466 
2457464.193608 0.000000 0.000000    -0.000179     0.311468 
2457465.124906 0.000000 0.000000    -0.000116     0.311468 
2457466.056204 0.000000 0.000000    -0.000086     0.311468 
2457466.987502 0.000000 0.000000    -0.000036     0.311468 
2457467.918800 0.000000 0.000000     0.000043     0.311468 
2457468.850097 0.000000 0.000000     0.000121     0.311468 
2457469.781395 0.000000 0.000000     0.000165     0.311468 
2457470.712693 0.000000 0.000000     0.000163     0.311468 
2457471.643991 0.000000 0.000000     0.000125     0.311468 
2457472.575289 0.000000 0.000000     0.000063     0.311468 
2457473.506587 0.000000 0.000000    -0.000025     0.311467 
2457474.437885 0.000000 0.000000    -0.000140     0.311465 
2457475.369182 0.000000 0.000000    -0.000267     0.311463 
2457476.300480 0.000000 0.000000    -0.000366     0.311463 
2457477.231778 0.000000 0.000000    -0.000389     0.311464 
2457478.163076 0.000000 0.000000    -0.000325     0.311464 
2457479.094374 0.000000 0.000000    -0.000213     0.311464 
2457480.025672 0.000000 0.000000    -0.000135     0.311464 
2457480.956970 0.000000 0.000000    -0.000162     0.311463 
2457481.888267 0.000000 0.000000    -0.000308     0.311462 
2457482.819565 0.000000 0.000000    -0.000516     0.311462 
2457483.750863 0.000000 0.000000    -0.000688     0.311463 
2457484.682161 0.000000 0.000000    -0.000743     0.311464 
2457485.613459 0.000000 0.000000    -0.000664     0.311464 
2457486.544757 0.000000 0.000000    -0.000497     0.311464 
2457487.476054 0.000000 0.000000    -0.000318     0.311466 
2457488.407352 0.000000 0.000000    -0.000185     0.311467 
2457489.338650 0.000000 0.000000    -0.000110     0.311468 
2457490.269948 0.000000 0.000000    -0.000073     0.311468 
2457491.201246 0.000000 0.000000    -0.000043     0.311468 
2457492.132544 0.000000 0.000000    -0.000005     0.311468 
2457493.063842 0.000000 0.000000     0.000037     0.311468 
2457493.995139 0.000000 0.000000     0.000075     0.311468 
2457494.926437 0.000000 0.000000     0.000106     0.311468 
2457495.857735 0.000000 0.000000     0.000129     0.311468 
2457496.789033 0.000000 0.000000     0.000140     0.311468 
2457497.720331 0.000000 0.000000     0.000116     0.311468 
2457498.651629 0.000000 0.000000     0.000035     0.311467 
2457499.582927 0.000000 0.000000    -0.000107     0.311466 
2457500.514224 0.000000 0.000000    -0.000276     0.311465 
2457501.445522 0.000000 0.000000    -0.000408     0.311465 
2457502.376820 0.000000 0.000000    -0.000441     0.311465 
2457503.308118 0.000000 0.000000    -0.000361     0.311465 
2457504.239416 0.000000 0.000000    -0.000216     0.311465 
2457505.170714 0.000000 0.000000    -0.000097     0.311465 
2457506.102011 0.000000 0.000000    -0.000087     0.311464 
2457507.033309 0.000000 0.000000    -0.000208     0.311463 
2457507.964607 0.000000 0.000000    -0.000408     0.311463 
2457508.895905 0.000000 0.000000    -0.000594     0.311464 
2457509.827203 0.000000 0.000000    -0.000682     0.311464 
2457510.758501 0.000000 0.000000    -0.000644     0.311464 
2457511.689799 0.000000 0.000000    -0.000512     0.311465 
2457512.621096 0.000000 0.000000    -0.000351     0.311466 
2457513.552394 0.000000 0.000000    -0.000216     0.311468 
2457514.483692 0.000000 0.000000    -0.000126     0.311468 
2457515.414990 0.000000 0.000000    -0.000072     0.311468 
2457516.346288 0.000000 0.000000    -0.000032     0.311468 
2457517.277586 0.000000 0.000000     0.000008     0.311468 
2457518.208884 0.000000 0.000000     0.000055     0.311468 
2457519.140181 0.000000 0.000000     0.000116     0.311468 
2457520.071479 0.000000 0.000000     0.000202     0.311468 
2457521.002777 0.000000 0.000000     0.000305     0.311467 
2457521.934075 0.000000 0.000000     0.000382     0.311467 
2457522.865373 0.000000 0.000000     0.000360     0.311467 
2457523.796671 0.000000 0.000000     0.000170     0.311464 
2457524.727968 0.000000 0.000000    -0.000199     0.311458 
2457525.659266 0.000000 0.000000    -0.000657     0.311453 
2457526.590564 0.000000 0.000000    -0.001047     0.311453 
2457527.521862 0.000000 0.000000    -0.001213     0.311456 
2457528.453160 0.000000 0.000000    -0.001095     0.311457 
2457529.384458 0.000000 0.000000    -0.000768     0.311457 
2457530.315756 0.000000 0.000000    -0.000406     0.311457 
2457531.247053 0.000000 0.000000    -0.000178     0.311459 
2457532.178351 0.000000 0.000000    -0.000162     0.311461 
2457533.109649 0.000000 0.000000    -0.000308     0.311462 
2457534.040947 0.000000 0.000000    -0.000491     0.311464 
2457534.972245 0.000000 0.000000    -0.000595     0.311464 
2457535.903543 0.000000 0.000000    -0.000580     0.311464 
2457536.834841 0.000000 0.000000    -0.000476     0.311465 
2457537.766138 0.000000 0.000000    -0.000344     0.311467 
2457538.697436 0.000000 0.000000    -0.000224     0.311468 
2457539.628734 0.000000 0.000000    -0.000121     0.311468 
2457540.560032 0.000000 0.000000    -0.000030     0.311468 
2457541.491330 0.000000 0.000000     0.000052     0.311468 
2457542.422628 0.000000 0.000000     0.000130     0.311468 
2457543.353926 0.000000 0.000000     0.000241     0.311468 
2457544.285223 0.000000 0.000000     0.000453     0.311465 
2457545.216521 0.000000 0.000000     0.000805     0.311457 
2457546.147819 0.000000 0.000000     0.001224     0.311449 
2457547.079117 0.000000 0.000000     0.001485     0.311451 
2457548.010415 0.000000 0.000000     0.001285     0.311450 
2457548.941713 0.000000 0.000000     0.000417     0.311407 
2457549.873010 0.000000 0.000000    -0.001044     0.311324 
2457550.804308 0.000000 0.000000    -0.002707     0.311269 
2457551.735606 0.000000 0.000000    -0.004009     0.311287 
2457552.666904 0.000000 0.000000    -0.004503     0.311326 
2457553.598202 0.000000 0.000000    -0.004088     0.311330 
2457554.529500 0.000000 0.000000    -0.003058     0.311326 
2457555.460798 0.000000 0.000000    -0.001910     0.311358 
2457556.392095 0.000000 0.000000    -0.001065     0.311409 
2457557.323393 0.000000 0.000000    -0.000668     0.311444 
2457558.254691 0.000000 0.000000    -0.000591     0.311458 
2457559.185989 0.000000 0.000000    -0.000603     0.311461 
2457560.117287 0.000000 0.000000    -0.000558     0.311462 
2457561.048585 0.000000 0.000000    -0.000452     0.311464 
2457561.979883 0.000000 0.000000    -0.000357     0.311466 
2457562.911180 0.000000 0.000000    -0.000301     0.311467 
2457563.842478 0.000000 0.000000    -0.000233     0.311468 
2457564.773776 0.000000 0.000000    -0.000089     0.311468 
2457565.705074 0.000000 0.000000     0.000123     0.311466 
2457566.636372 0.000000 0.000000     0.000335     0.311465 
2457567.567670 0.000000 0.000000     0.000529     0.311465 
2457568.498967 0.000000 0.000000     0.000846     0.311458 
2457569.430265 0.000000 0.000000     0.001519     0.311424 
2457570.361563 0.000000 0.000000     0.002628     0.311349 
2457571.292861 0.000000 0.000000     0.003836     0.311296 
2457572.224159 0.000000 0.000000     0.004356     0.311333 
2457573.155457 0.000000 0.000000     0.003300     0.311266 
2457574.086755 0.000000 0.000000     0.000255     0.310783 
2457575.018052 0.000000 0.000000    -0.004287     0.310062 
2457575.949350 0.000000 0.000000    -0.008987     0.309746 
2457576.880648 0.000000 0.000000    -0.012260     0.310009 
2457577.811946 0.000000 0.000000    -0.013079     0.310290 
2457578.743244 0.000000 0.000000    -0.011488     0.310265 
2457579.674542 0.000000 0.000000    -0.008493     0.310290 
2457580.605840 0.000000 0.000000    -0.005427     0.310645 
2457581.537137 0.000000 0.000000    -0.003214     0.311086 
2457582.468435 0.000000 0.000000    -0.002026     0.311337 
2457583.399733 0.000000 0.000000    -0.001467     0.311419 
2457584.331031 0.000000 0.000000    -0.001062     0.311439 
2457585.262329 0.000000 0.000000    -0.000638     0.311447 
2457586.193627 0.000000 0.000000    -0.000317     0.311460 
2457587.124925 0.000000 0.000000    -0.000240     0.311467 
2457588.056222 0.000000 0.000000    -0.000325     0.311467 
2457588.987520 0.000000 0.000000    -0.000309     0.311468 
2457589.918818 0.000000 0.000000    -0.000007     0.311463 
2457590.850116 0.000000 0.000000     0.000497     0.311453 
2457591.781414 0.000000 0.000000     0.000975     0.311451 
2457592.712712 0.000000 0.000000     0.001409     0.311445 
2457593.644009 0.000000 0.000000     0.002199     0.311394 
2457594.575307 0.000000 0.000000     0.003899     0.311175 
2457595.506605 0.000000 0.000000     0.006545     0.310768 
2457596.437903 0.000000 0.000000     0.009100     0.310602 
2457597.369201 0.000000 0.000000     0.009595     0.310817 
2457598.300499 0.000000 0.000000     0.006139     0.310057 
2457599.231797 0.000000 0.000000    -0.001755     0.306989 
2457600.163094 0.000000 0.000000    -0.012421     0.303318 
2457601.094392 0.000000 0.000000    -0.022534     0.302471 
2457602.025690 0.000000 0.000000    -0.028691     0.304264 
2457602.956988 0.000000 0.000000    -0.029152     0.305372 
2457603.888286 0.000000 0.000000    -0.024637     0.305056 
2457604.819584 0.000000 0.000000    -0.017706     0.305591 
2457605.750882 0.000000 0.000000    -0.011183     0.307758 
2457606.682179 0.000000 0.000000    -0.006707     0.309904 
2457607.613477 0.000000 0.000000    -0.004285     0.310958 
2457608.544775 0.000000 0.000000    -0.002954     0.311269 
2457609.476073 0.000000 0.000000    -0.001853     0.311345 
2457610.407371 0.000000 0.000000    -0.000826     0.311390 
2457611.338669 0.000000 0.000000    -0.000214     0.311448 
2457612.269966 0.000000 0.000000    -0.000215     0.311468 
2457613.201264 0.000000 0.000000    -0.000499     0.311462 
2457614.132562 0.000000 0.000000    -0.000459     0.311466 
2457615.063860 0.000000 0.000000     0.000199     0.311439 
2457615.995158 0.000000 0.000000     0.001195     0.311407 
2457616.926456 0.000000 0.000000     0.002059     0.311406 
2457617.857754 0.000000 0.000000     0.002868     0.311376 
2457618.789051 0.000000 0.000000     0.004498     0.311142 
2457619.720349 0.000000 0.000000     0.007914     0.310262 
2457620.651647 0.000000 0.000000     0.012840     0.308927 
2457621.582945 0.000000 0.000000     0.016930     0.308772 
2457622.514243 0.000000 0.000000     0.016421     0.309304 
2457623.445541 0.000000 0.000000     0.008256     0.305076 
2457624.376839 0.000000 0.000000    -0.007573     0.292589 
2457625.308136 0.000000 0.000000    -0.027161     0.279809 
2457626.239434 0.000000 0.000000    -0.044168     0.279788 
2457627.170732 0.000000 0.000000    -0.052943     0.287438 
2457628.102030 0.000000 0.000000    -0.051389     0.290008 
2457629.033328 0.000000 0.000000    -0.041782     0.288718 
2457629.964626 0.000000 0.000000    -0.029086     0.292368 
2457630.895923 0.000000 0.000000    -0.018022     0.300787 
2457631.827221 0.000000 0.000000    -0.010825     0.307394 
2457632.758519 0.000000 0.000000    -0.006984     0.310178 
2457633.689817 0.000000 0.000000    -0.004710     0.310935 
2457634.621115 0.000000 0.000000    -0.002726     0.311130 
2457635.552413 0.000000 0.000000    -0.001005     0.311276 
2457636.483711 0.000000 0.000000    -0.000154     0.311433 
2457637.415008 0.000000 0.000000    -0.000326     0.311464 
2457638.346306 0.000000 0.000000    -0.000801     0.311454 
2457639.277604 0.000000 0.000000    -0.000594     0.311459 
2457640.208902 0.000000 0.000000     0.000597     0.311377 
2457641.140200 0.000000 0.000000     0.002161     0.311317 
2457642.071498 0.000000 0.000000     0.003399     0.311326 
2457643.002796 0.000000 0.000000     0.004638     0.311229 
2457643.934093 0.000000 0.000000     0.007357     0.310546 
2457644.865391 0.000000 0.000000     0.012803     0.308326 
2457645.796689 0.000000 0.000000     0.019993     0.305682 
2457646.727987 0.000000 0.000000     0.024859     0.306198 
2457647.659285 0.000000 0.000000     0.021810     0.306233 
2457648.590583 0.000000 0.000000     0.007157     0.292325 
2457649.521881 0.000000 0.000000    -0.017760     0.255938 
2457650.453178 0.000000 0.000000    -0.046097     0.218103 
2457651.384476 0.000000 0.000000    -0.068448     0.230747 
2457652.315774 0.000000 0.000000    -0.077578     0.255127 
2457653.247072 0.000000 0.000000    -0.072025     0.258036 
2457654.178370 0.000000 0.000000    -0.056333     0.255691 
2457655.109668 0.000000 0.000000    -0.037959     0.270609 
2457656.040965 0.000000 0.000000    -0.023050     0.291883 
2457656.972263 0.000000 0.000000    -0.013846     0.304731 
2457657.903561 0.000000 0.000000    -0.008996     0.309365 
2457658.834859 0.000000 0.000000    -0.005939     0.310545 
2457659.766157 0.000000 0.000000    -0.003210     0.310880 
2457660.697455 0.000000 0.000000    -0.001018     0.311176 
2457661.628753 0.000000 0.000000    -0.000137     0.311434 
2457662.560050 0.000000 0.000000    -0.000527     0.311455 
2457663.491348 0.000000 0.000000    -0.001066     0.311449 
2457664.422646 0.000000 0.000000    -0.000562     0.311440 
2457665.353944 0.000000 0.000000     0.001110     0.311298 
2457666.285242 0.000000 0.000000     0.003009     0.311243 
2457667.216540 0.000000 0.000000     0.004376     0.311263 
2457668.147838 0.000000 0.000000     0.005886     0.311071 
2457669.079135 0.000000 0.000000     0.009434     0.309864 
2457670.010433 0.000000 0.000000     0.016157     0.306527 
2457670.941731 0.000000 0.000000     0.024157     0.303654 
2457671.873029 0.000000 0.000000     0.028084     0.305274 
2457672.804327 0.000000 0.000000     0.021623     0.302624 
2457673.735625 0.000000 0.000000     0.001676     0.276012 
2457674.666922 0.000000 0.000000    -0.028566     0.206801 
2457675.598220 0.000000 0.000000    -0.060112     0.055522 
2457676.529518 0.000000 0.000000    -0.082338     0.192156 
2457677.460816 0.000000 0.000000    -0.088398     0.232273 
2457678.392114 0.000000 0.000000    -0.078488     0.230445 
2457679.323412 0.000000 0.000000    -0.059019     0.232009 
2457680.254710 0.000000 0.000000    -0.038486     0.262032 
2457681.186007 0.000000 0.000000    -0.022927     0.290627 
2457682.117305 0.000000 0.000000    -0.013784     0.304806 
2457683.048603 0.000000 0.000000    -0.008985     0.309372 
2457683.979901 0.000000 0.000000    -0.005773     0.310493 
2457684.911199 0.000000 0.000000    -0.002904     0.310859 
2457685.842497 0.000000 0.000000    -0.000795     0.311212 
2457686.773795 0.000000 0.000000    -0.000147     0.311452 
2457687.705092 0.000000 0.000000    -0.000654     0.311448 
2457688.636390 0.000000 0.000000    -0.001055     0.311454 
2457689.567688 0.000000 0.000000    -0.000305     0.311422 
2457690.498986 0.000000 0.000000     0.001447     0.311290 
2457691.430284 0.000000 0.000000     0.003161     0.311276 
2457692.361582 0.000000 0.000000     0.004264     0.311292 
2457693.292879 0.000000 0.000000     0.005669     0.311070 
2457694.224177 0.000000 0.000000     0.009180     0.309846 
2457695.155475 0.000000 0.000000     0.015432     0.307062 
2457696.086773 0.000000 0.000000     0.022023     0.305589 
2457697.018071 0.000000 0.000000     0.023728     0.307143 
2457697.949369 0.000000 0.000000     0.015285     0.302134 
2457698.880667 0.000000 0.000000    -0.004857     0.276979 
2457699.811964 0.000000 0.000000    -0.032458     0.233633 
2457700.743262 0.000000 0.000000    -0.058831     0.218214 
2457701.674560 0.000000 0.000000    -0.075077     0.245027 
2457702.605858 0.000000 0.000000    -0.076613     0.258778 
2457703.537156 0.000000 0.000000    -0.065177     0.255454 
2457704.468454 0.000000 0.000000    -0.047199     0.260668 
2457705.399752 0.000000 0.000000    -0.029863     0.281231 
2457706.331049 0.000000 0.000000    -0.017524     0.299178 
2457707.262347 0.000000 0.000000    -0.010572     0.307650 
2457708.193645 0.000000 0.000000    -0.006883     0.310227 
2457709.124943 0.000000 0.000000    -0.004270     0.310857 
2457710.056241 0.000000 0.000000    -0.001977     0.311102 
2457710.987539 0.000000 0.000000    -0.000455     0.311342 
2457711.918837 0.000000 0.000000    -0.000134     0.311465 
2457712.850134 0.000000 0.000000    -0.000571     0.311453 
2457713.781432 0.000000 0.000000    -0.000734     0.311462 
2457714.712730 0.000000 0.000000     0.000019     0.311429 
2457715.644028 0.000000 0.000000     0.001363     0.311361 
2457716.575326 0.000000 0.000000     0.002469     0.311371 
2457717.506624 0.000000 0.000000     0.003089     0.311372 
2457718.437921 0.000000 0.000000     0.004110     0.311218 
2457719.369219 0.000000 0.000000     0.006832     0.310480 
2457720.300517 0.000000 0.000000     0.011364     0.309141 
2457721.231815 0.000000 0.000000     0.015513     0.308849 
2457722.163113 0.000000 0.000000     0.015393     0.309454 
2457723.094411 0.000000 0.000000     0.007701     0.305458 
2457724.025709 0.000000 0.000000    -0.007758     0.293011 
2457724.957006 0.000000 0.000000    -0.027142     0.279976 
2457725.888304 0.000000 0.000000    -0.044113     0.279645 
2457726.819602 0.000000 0.000000    -0.053021     0.287204 
2457727.750900 0.000000 0.000000    -0.051733     0.289899 
2457728.682198 0.000000 0.000000    -0.042389     0.288636 
2457729.613496 0.000000 0.000000    -0.029750     0.291967 
2457730.544794 0.000000 0.000000    -0.018418     0.300179 
2457731.476091 0.000000 0.000000    -0.010732     0.307003 
2457732.407389 0.000000 0.000000    -0.006477     0.310099 
2457733.338687 0.000000 0.000000    -0.004123     0.310996 
2457734.269985 0.000000 0.000000    -0.002389     0.311220 
2457735.201283 0.000000 0.000000    -0.000959     0.311327 
2457736.132581 0.000000 0.000000    -0.000137     0.311429 
2457737.063878 0.000000 0.000000    -0.000060     0.311467 
2457737.995176 0.000000 0.000000    -0.000328     0.311462 
2457738.926474 0.000000 0.000000    -0.000325     0.311466 
2457739.857772 0.000000 0.000000     0.000189     0.311448 
2457740.789070 0.000000 0.000000     0.000893     0.311429 
2457741.720368 0.000000 0.000000     0.001329     0.311436 
2457742.651666 0.000000 0.000000     0.001536     0.311432 
2457743.582963 0.000000 0.000000     0.002193     0.311364 
2457744.514261 0.000000 0.000000     0.004002     0.311087 
2457745.445559 0.000000 0.000000     0.006740     0.310699 
2457746.376857 0.000000 0.000000     0.008841     0.310733 
2457747.308155 0.000000 0.000000     0.008036     0.310782 
2457748.239453 0.000000 0.000000     0.002777     0.309017 
2457749.170751 0.000000 0.000000    -0.006496     0.305191 
2457750.102048 0.000000 0.000000    -0.017210     0.302448 
2457751.033346 0.000000 0.000000    -0.025832     0.303124 
2457751.964644 0.000000 0.000000    -0.029650     0.304941 
2457752.895942 0.000000 0.000000    -0.028060     0.305208 
2457753.827240 0.000000 0.000000    -0.022597     0.304916 
2457754.758538 0.000000 0.000000    -0.015823     0.306141 
2457755.689835 0.000000 0.000000    -0.009913     0.308478 
2457756.621133 0.000000 0.000000    -0.005812     0.310271 
2457757.552431 0.000000 0.000000    -0.003316     0.311020 
2457758.483729 0.000000 0.000000    -0.001770     0.311214 
2457759.415027 0.000000 0.000000    -0.000709     0.311286 
2457760.346325 0.000000 0.000000    -0.000042     0.311366 
2457761.277623 0.000000 0.000000     0.000187     0.311434 
2457762.208920 0.000000 0.000000     0.000089     0.311459 
2457763.140218 0.000000 0.000000    -0.000052     0.311462 
2457764.071516 0.000000 0.000000     0.000000     0.311464 
2457765.002814 0.000000 0.000000     0.000230     0.311460 
2457765.934112 0.000000 0.000000     0.000429     0.311459 
2457766.865410 0.000000 0.000000     0.000471     0.311460 
2457767.796708 0.000000 0.000000     0.000526     0.311457 
2457768.728005 0.000000 0.000000     0.000967     0.311437 
2457769.659303 0.000000 0.000000     0.001997     0.311373 
2457770.590601 0.000000 0.000000     0.003297     0.311306 
2457771.521899 0.000000 0.000000     0.004034     0.311334 
2457772.453197 0.000000 0.000000     0.003292     0.311291 
2457773.384495 0.000000 0.000000     0.000656     0.310812 
2457774.315793 0.000000 0.000000    -0.003447     0.310010 
2457775.247090 0.000000 0.000000    -0.007906     0.309580 
2457776.178388 0.000000 0.000000    -0.011466     0.309828 
2457777.109686 0.000000 0.000000    -0.013287     0.310122 
2457778.040984 0.000000 0.000000    -0.013213     0.309782 
2457778.972282 0.000000 0.000000    -0.011637     0.309081 
2457779.903580 0.000000 0.000000    -0.009176     0.308890 
2457780.834877 0.000000 0.000000    -0.006394     0.309450 
2457781.766175 0.000000 0.000000    -0.003715     0.310085 
2457782.697473 0.000000 0.000000    -0.001463     0.310255 
2457783.628771 0.000000 0.000000     0.000110     0.310240 
2457784.560069 0.000000 0.000000     0.000888     0.310502 
2457785.491367 0.000000 0.000000     0.000970     0.310959 
2457786.422665 0.000000 0.000000     0.000660     0.311284 
2457787.353962 0.000000 0.000000     0.000326     0.311406 
2457788.285260 0.000000 0.000000     0.000219     0.311435 
2457789.216558 0.000000 0.000000     0.000375     0.311443 
2457790.147856 0.000000 0.000000     0.000669     0.311454 
2457791.079154 0.000000 0.000000     0.000947     0.311464 
2457792.010452 0.000000 0.000000     0.001119     0.311462 
2457792.941750 0.000000 0.000000     0.001150     0.311452 
2457793.873047 0.000000 0.000000     0.001003     0.311437 
2457794.804345 0.000000 0.000000     0.000632     0.311417 
2457795.735643 0.000000 0.000000     0.000050     0.311413 
2457796.666941 0.000000 0.000000    -0.000602     0.311420 
2457797.598239 0.000000 0.000000    -0.001108     0.311378 
2457798.529537 0.000000 0.000000    -0.001367     0.311164 
2457799.460834 0.000000 0.000000    -0.001574     0.310716 
2457800.392132 0.000000 0.000000    -0.002185     0.310393 
2457801.323430 0.000000 0.000000    -0.003622     0.310596 
2457802.254728 0.000000 0.000000    -0.005863     0.310394 
2457803.186026 0.000000 0.000000    -0.008257     0.308064 
2457804.117324 0.000000 0.000000    -0.009749     0.304208 
2457805.048622 0.000000 0.000000    -0.009456     0.302260 
2457805.979919 0.000000 0.000000    -0.007220     0.303583 
2457806.911217 0.000000 0.000000    -0.003762     0.305242 
2457807.842515 0.000000 0.000000    -0.000317     0.305226 
2457808.773813 0.000000 0.000000     0.002020     0.305254 
2457809.705111 0.000000 0.000000     0.002811     0.307002 
2457810.636409 0.000000 0.000000     0.002364     0.309336 
2457811.567707 0.000000 0.000000     0.001419     0.310736 
2457812.499004 0.000000 0.000000     0.000711     0.311204 
2457813.430302 0.000000 0.000000     0.000686     0.311301 
2457814.361600 0.000000 0.000000     0.001443     0.311324 
2457815.292898 0.000000 0.000000     0.002782     0.311390 
2457816.224196 0.000000 0.000000     0.004220     0.311433 
2457817.155494 0.000000 0.000000     0.004999     0.311326 
2457818.086791 0.000000 0.000000     0.004285     0.311113 
2457819.018089 0.000000 0.000000     0.001597     0.310952 
2457819.949387 0.000000 0.000000    -0.002685     0.310966 
2457820.880685 0.000000 0.000000    -0.007187     0.311093 
2457821.811983 0.000000 0.000000    -0.010054     0.311130 
2457822.743281 0.000000 0.000000    -0.009980     0.310987 
2457823.674579 0.000000 0.000000    -0.007139     0.310402 
2457824.605876 0.000000 0.000000    -0.003319     0.309180 
2457825.537174 0.000000 0.000000    -0.001015     0.308557 
2457826.468472 0.000000 0.000000    -0.001949     0.309306 
2457827.399770 0.000000 0.000000    -0.005962     0.307333 
2457828.331068 0.000000 0.000000    -0.011020     0.297320 
2457829.262366 0.000000 0.000000    -0.014378     0.283023 
2457830.193664 0.000000 0.000000    -0.014153     0.278297 
2457831.124961 0.000000 0.000000    -0.010313     0.285179 
2457832.056259 0.000000 0.000000    -0.004520     0.290087 
2457832.987557 0.000000 0.000000     0.000934     0.289127 
2457833.918855 0.000000 0.000000     0.004339     0.290565 
2457834.850153 0.000000 0.000000     0.005217     0.298097 
2457835.781451 0.000000 0.000000     0.004205     0.305754 
2457836.712749 0.000000 0.000000     0.002518     0.309598 
2457837.644046 0.000000 0.000000     0.001430     0.310699 
2457838.575344 0.000000 0.000000     0.001936     0.310815 
2457839.506642 0.000000 0.000000     0.004462     0.310842 
2457840.437940 0.000000 0.000000     0.008488     0.311130 
2457841.369238 0.000000 0.000000     0.012304     0.311108 
2457842.300536 0.000000 0.000000     0.013335     0.310020 
2457843.231833 0.000000 0.000000     0.009290     0.308354 
2457844.163131 0.000000 0.000000    -0.000289     0.307561 
2457845.094429 0.000000 0.000000    -0.013087     0.308207 
2457846.025727 0.000000 0.000000    -0.024597     0.309119 
2457846.957025 0.000000 0.000000    -0.030254     0.309230 
2457847.888323 0.000000 0.000000    -0.028008     0.308827 
2457848.819621 0.000000 0.000000    -0.019689     0.307688 
2457849.750918 0.000000 0.000000    -0.010130     0.305576 
2457850.682216 0.000000 0.000000    -0.004464     0.305386 
2457851.613514 0.000000 0.000000    -0.005223     0.306955 
2457852.544812 0.000000 0.000000    -0.011069     0.299136 
2457853.476110 0.000000 0.000000    -0.017881     0.269897 
2457854.407408 0.000000 0.000000    -0.021355     0.226899 
2457855.338706 0.000000 0.000000    -0.019388     0.222048 
2457856.270003 0.000000 0.000000    -0.012841     0.249621 
2457857.201301 0.000000 0.000000    -0.004527     0.259438 
2457858.132599 0.000000 0.000000     0.002588     0.255633 
2457859.063897 0.000000 0.000000     0.006726     0.264413 
2457859.995195 0.000000 0.000000     0.007625     0.285777 
2457860.926493 0.000000 0.000000     0.006166     0.301738 
2457861.857790 0.000000 0.000000     0.003928     0.308336 
2457862.789088 0.000000 0.000000     0.002890     0.309788 
2457863.720386 0.000000 0.000000     0.004945     0.309505 
2457864.651684 0.000000 0.000000     0.010873     0.309524 
2457865.582982 0.000000 0.000000     0.019125     0.310380 
2457866.514280 0.000000 0.000000     0.025461     0.309272 
2457867.445578 0.000000 0.000000     0.024390     0.303558 
2457868.376875 0.000000 0.000000     0.012207     0.296321 
2457869.308173 0.000000 0.000000    -0.010056     0.294514 
2457870.239471 0.000000 0.000000    -0.035923     0.298596 
2457871.170769 0.000000 0.000000    -0.056059     0.301875 
2457872.102067 0.000000 0.000000    -0.063028     0.301810 
2457873.033365 0.000000 0.000000    -0.055397     0.301574 
2457873.964663 0.000000 0.000000    -0.038523     0.301845 
2457874.895960 0.000000 0.000000    -0.021424     0.301507 
2457875.827258 0.000000 0.000000    -0.011674     0.303598 
2457876.758556 0.000000 0.000000    -0.011550     0.304835 
2457877.689854 0.000000 0.000000    -0.017662     0.288250 
2457878.621152 0.000000 0.000000    -0.023895     0.234999 
2457879.552450 0.000000 0.000000    -0.025371     0.119787 
2457880.483748 0.000000 0.000000    -0.020827     0.164892 
2457881.415045 0.000000 0.000000    -0.012323     0.225985 
2457882.346343 0.000000 0.000000    -0.003181     0.234059 
2457883.277641 0.000000 0.000000     0.004000     0.228831 
2457884.208939 0.000000 0.000000     0.008076     0.251381 
2457885.140237 0.000000 0.000000     0.009039     0.283050 
2457886.071535 0.000000 0.000000     0.007668     0.301576 
2457887.002832 0.000000 0.000000     0.005659     0.308031 
2457887.934130 0.000000 0.000000     0.005714     0.308513 
2457888.865428 0.000000 0.000000     0.010553     0.307031 
2457889.796726 0.000000 0.000000     0.020728     0.307260 
2457890.728024 0.000000 0.000000     0.032616     0.308720 
2457891.659322 0.000000 0.000000     0.038661     0.302958 
2457892.590620 0.000000 0.000000     0.030805     0.283696 
2457893.521917 0.000000 0.000000     0.005630     0.261567 
2457894.453215 0.000000 0.000000    -0.032092     0.261540 
2457895.384513 0.000000 0.000000    -0.070337     0.276775 
2457896.315811 0.000000 0.000000    -0.095412     0.283722 
2457897.247109 0.000000 0.000000    -0.099078     0.282571 
2457898.178407 0.000000 0.000000    -0.082818     0.285674 
2457899.109705 0.000000 0.000000    -0.056540     0.293628 
2457900.041002 0.000000 0.000000    -0.032639     0.299997 
2457900.972300 0.000000 0.000000    -0.019320     0.304940 
2457901.903598 0.000000 0.000000    -0.017268     0.304764 
2457902.834896 0.000000 0.000000    -0.021184     0.287333 
2457903.766194 0.000000 0.000000    -0.024377     0.247741 
2457904.697492 0.000000 0.000000    -0.022923     0.216403 
2457905.628789 0.000000 0.000000    -0.016920     0.236221 
2457906.560087 0.000000 0.000000    -0.008894     0.257235 
2457907.491385 0.000000 0.000000    -0.001395     0.257433 
2457908.422683 0.000000 0.000000     0.004257     0.257039 
2457909.353981 0.000000 0.000000     0.007714     0.274073 
2457910.285279 0.000000 0.000000     0.008958     0.294348 
2457911.216577 0.000000 0.000000     0.008462     0.305553 
2457912.147874 0.000000 0.000000     0.007942     0.308665 
2457913.079172 0.000000 0.000000     0.010361     0.307078 
2457914.010470 0.000000 0.000000     0.018116     0.304318 
2457914.941768 0.000000 0.000000     0.030160     0.305308 
2457915.873066 0.000000 0.000000     0.040424     0.305826 
2457916.804364 0.000000 0.000000     0.039678     0.289763 
2457917.735662 0.000000 0.000000     0.020683     0.244223 
2457918.666959 0.000000 0.000000    -0.016359     0.185821 
2457919.598257 0.000000 0.000000    -0.061943     0.208784 
2457920.529555 0.000000 0.000000    -0.100945     0.246541 
2457921.460853 0.000000 0.000000    -0.120080     0.253357 
2457922.392151 0.000000 0.000000    -0.114672     0.250994 
2457923.323449 0.000000 0.000000    -0.090543     0.266139 
2457924.254746 0.000000 0.000000    -0.060054     0.287819 
2457925.186044 0.000000 0.000000    -0.035091     0.301202 
2457926.117342 0.000000 0.000000    -0.021475     0.307141 
2457927.048640 0.000000 0.000000    -0.017840     0.306694 
2457927.979938 0.000000 0.000000    -0.018698     0.297144 
2457928.911236 0.000000 0.000000    -0.018840     0.282979 
2457929.842534 0.000000 0.000000    -0.016026     0.278221 
2457930.773831 0.000000 0.000000    -0.010878     0.284924 
2457931.705129 0.000000 0.000000    -0.005105     0.289908 
2457932.636427 0.000000 0.000000     0.000026     0.289038 
2457933.567725 0.000000 0.000000     0.003988     0.290055 
2457934.499023 0.000000 0.000000     0.006596     0.297231 
2457935.430321 0.000000 0.000000     0.007912     0.305045 
2457936.361619 0.000000 0.000000     0.008735     0.309028 
2457937.292916 0.000000 0.000000     0.010823     0.309109 
2457938.224214 0.000000 0.000000     0.015910     0.306047 
2457939.155512 0.000000 0.000000     0.023696     0.303418 
2457940.086810 0.000000 0.000000     0.030397     0.305187 
2457941.018108 0.000000 0.000000     0.029602     0.301974 
2457941.949406 0.000000 0.000000     0.015705     0.274032 
2457942.880704 0.000000 0.000000    -0.012003     0.202855 
2457943.812001 0.000000 0.000000    -0.047455     0.056616 
2457944.743299 0.000000 0.000000    -0.079876     0.193848 
2457945.674597 0.000000 0.000000    -0.098876     0.231467 
2457946.605895 0.000000 0.000000    -0.099527     0.228432 
2457947.537193 0.000000 0.000000    -0.084343     0.231231 
2457948.468491 0.000000 0.000000    -0.061186     0.262199 
2457949.399788 0.000000 0.000000    -0.038779     0.290279 
2457950.331086 0.000000 0.000000    -0.022742     0.304111 
2457951.262384 0.000000 0.000000    -0.014237     0.308808 
2457952.193682 0.000000 0.000000    -0.011206     0.308908 
2457953.124980 0.000000 0.000000    -0.010651     0.305908 
2457954.056278 0.000000 0.000000    -0.010252     0.302771 
2457954.987576 0.000000 0.000000    -0.008816     0.302622 
2457955.918873 0.000000 0.000000    -0.006034     0.304469 
2457956.850171 0.000000 0.000000    -0.002280     0.305350 
2457957.781469 0.000000 0.000000     0.001499     0.304972 
2457958.712767 0.000000 0.000000     0.004201     0.305529 
2457959.644065 0.000000 0.000000     0.005423     0.307705 
2457960.575363 0.000000 0.000000     0.006138     0.309755 
2457961.506661 0.000000 0.000000     0.008270     0.310376 
2457962.437958 0.000000 0.000000     0.012980     0.308803 
2457963.369256 0.000000 0.000000     0.018795     0.305140 
2457964.300554 0.000000 0.000000     0.021317     0.303710 
2457965.231852 0.000000 0.000000     0.015429     0.305738 
2457966.163150 0.000000 0.000000    -0.001090     0.297356 
2457967.094448 0.000000 0.000000    -0.025039     0.258637 
2457968.025745 0.000000 0.000000    -0.048517     0.170222 
2457968.957043 0.000000 0.000000    -0.062875     0.120853 
2457969.888341 0.000000 0.000000    -0.063449     0.211951 
2457970.819639 0.000000 0.000000    -0.051934     0.233973 
2457971.750937 0.000000 0.000000    -0.034861     0.226943 
2457972.682235 0.000000 0.000000    -0.019416     0.239137 
2457973.613533 0.000000 0.000000    -0.009588     0.272381 
2457974.544830 0.000000 0.000000    -0.005134     0.296456 
2457975.476128 0.000000 0.000000    -0.003459     0.306788 
2457976.407426 0.000000 0.000000    -0.002413     0.309798 
2457977.338724 0.000000 0.000000    -0.001654     0.310220 
2457978.270022 0.000000 0.000000    -0.001855     0.309837 
2457979.201320 0.000000 0.000000    -0.003046     0.309643 
2457980.132618 0.000000 0.000000    -0.003964     0.309866 
2457981.063915 0.000000 0.000000    -0.003105     0.310183 
2457981.995213 0.000000 0.000000    -0.000335     0.310284 
2457982.926511 0.000000 0.000000     0.002721     0.310144 
2457983.857809 0.000000 0.000000     0.004161     0.310239 
2457984.789107 0.000000 0.000000     0.003856     0.310700 
2457985.720405 0.000000 0.000000     0.003953     0.311010 
2457986.651702 0.000000 0.000000     0.006897     0.310620 
2457987.583000 0.000000 0.000000     0.012394     0.308495 
2457988.514298 0.000000 0.000000     0.016088     0.305256 
2457989.445596 0.000000 0.000000     0.011787     0.305299 
2457990.376894 0.000000 0.000000    -0.003807     0.306688 
2457991.308192 0.000000 0.000000    -0.027311     0.294372 
2457992.239490 0.000000 0.000000    -0.049085     0.253672 
2457993.170787 0.000000 0.000000    -0.058304     0.192636 
2457994.102085 0.000000 0.000000    -0.049537     0.202101 
2457995.033383 0.000000 0.000000    -0.026323     0.243717 
2457995.964681 0.000000 0.000000     0.000832     0.254713 
2457996.895979 0.000000 0.000000     0.020711     0.251597 
2457997.827277 0.000000 0.000000     0.027592     0.263965 
2457998.758575 0.000000 0.000000     0.023379     0.286995 
2457999.689872 0.000000 0.000000     0.014726     0.302617 
2458000.621170 0.000000 0.000000     0.007823     0.308815 
2458001.552468 0.000000 0.000000     0.004804     0.310476 
2458002.483766 0.000000 0.000000     0.003947     0.310839 
2458003.415064 0.000000 0.000000     0.002666     0.310999 
2458004.346362 0.000000 0.000000     0.000290     0.311201 
2458005.277660 0.000000 0.000000    -0.001656     0.311288 
2458006.208957 0.000000 0.000000    -0.001464     0.311307 
2458007.140255 0.000000 0.000000     0.000711     0.311320 
2458008.071553 0.000000 0.000000     0.002869     0.311237 
2458009.002851 0.000000 0.000000     0.003213     0.311213 
2458009.934149 0.000000 0.000000     0.002164     0.311294 
2458010.865447 0.000000 0.000000     0.002144     0.311282 
2458011.796744 0.000000 0.000000     0.004999     0.310840 
2458012.728042 0.000000 0.000000     0.009268     0.309307 
2458013.659340 0.000000 0.000000     0.010077     0.307602 
2458014.590638 0.000000 0.000000     0.002440     0.308299 
2458015.521936 0.000000 0.000000    -0.014213     0.308364 
2458016.453234 0.000000 0.000000    -0.033902     0.298331 
2458017.384532 0.000000 0.000000    -0.046579     0.275662 
2458018.315829 0.000000 0.000000    -0.044037     0.258577 
2458019.247127 0.000000 0.000000    -0.025326     0.266774 
2458020.178425 0.000000 0.000000     0.002192     0.280843 
2458021.109723 0.000000 0.000000     0.026991     0.284108 
2458022.041021 0.000000 0.000000     0.039956     0.283637 
2458022.972319 0.000000 0.000000     0.039008     0.290346 
2458023.903617 0.000000 0.000000     0.028969     0.300856 
2458024.834914 0.000000 0.000000     0.017361     0.307768 
2458025.766212 0.000000 0.000000     0.009469     0.310366 
2458026.697510 0.000000 0.000000     0.006073     0.311030 
2458027.628808 0.000000 0.000000     0.004785     0.311200 
2458028.560106 0.000000 0.000000     0.003166     0.311323 
2458029.491404 0.000000 0.000000     0.000852     0.311433 
2458030.422701 0.000000 0.000000    -0.000789     0.311451 
2458031.353999 0.000000 0.000000    -0.000596     0.311449 
2458032.285297 0.000000 0.000000     0.000950     0.311450 
2458033.216595 0.000000 0.000000     0.002163     0.311409 
2458034.147893 0.000000 0.000000     0.001925     0.311397 
2458035.079191 0.000000 0.000000     0.000927     0.311417 
2458036.010489 0.000000 0.000000     0.001014     0.311390 
2458036.941786 0.000000 0.000000     0.003078     0.311157 
2458037.873084 0.000000 0.000000     0.005445     0.310497 
2458038.804382 0.000000 0.000000     0.004509     0.309988 
2458039.735680 0.000000 0.000000    -0.002463     0.310443 
2458040.666978 0.000000 0.000000    -0.014443     0.309979 
2458041.598276 0.000000 0.000000    -0.026116     0.305236 
2458042.529574 0.000000 0.000000    -0.030595     0.297651 
2458043.460871 0.000000 0.000000    -0.023726     0.294365 
2458044.392169 0.000000 0.000000    -0.007031     0.297803 
2458045.323467 0.000000 0.000000     0.012855     0.301705 
2458046.254765 0.000000 0.000000     0.027943     0.302301 
2458047.186063 0.000000 0.000000     0.033314     0.302468 
2458048.117361 0.000000 0.000000     0.029327     0.305001 
2458049.048658 0.000000 0.000000     0.020448     0.308373 
2458049.979956 0.000000 0.000000     0.011887     0.310435 
2458050.911254 0.000000 0.000000     0.006567     0.311159 
2458051.842552 0.000000 0.000000     0.004310     0.311337 
2458052.773850 0.000000 0.000000     0.003258     0.311388 
2458053.705148 0.000000 0.000000     0.001964     0.311430 
2458054.636446 0.000000 0.000000     0.000426     0.311461 
2458055.567743 0.000000 0.000000    -0.000466     0.311463 
2458056.499041 0.000000 0.000000    -0.000195     0.311464 
2458057.430339 0.000000 0.000000     0.000723     0.311462 
2458058.361637 0.000000 0.000000     0.001251     0.311450 
2458059.292935 0.000000 0.000000     0.000912     0.311450 
2458060.224233 0.000000 0.000000     0.000297     0.311455 
2458061.155531 0.000000 0.000000     0.000433     0.311445 
2458062.086828 0.000000 0.000000     0.001554     0.311373 
2458063.018126 0.000000 0.000000     0.002461     0.311203 
2458063.949424 0.000000 0.000000     0.001226     0.311127 
2458064.880722 0.000000 0.000000    -0.003150     0.311259 
2458065.812020 0.000000 0.000000    -0.009435     0.310977 
2458066.743318 0.000000 0.000000    -0.014413     0.309631 
2458067.674616 0.000000 0.000000    -0.014707     0.308020 
2458068.605913 0.000000 0.000000    -0.008998     0.307695 
2458069.537211 0.000000 0.000000     0.000932     0.308623 
2458070.468509 0.000000 0.000000     0.011106     0.309362 
2458071.399807 0.000000 0.000000     0.017610     0.309407 
2458072.331105 0.000000 0.000000     0.018678     0.309536 
2458073.262403 0.000000 0.000000     0.015301     0.310178 
2458074.193700 0.000000 0.000000     0.010155     0.310893 
2458075.124998 0.000000 0.000000     0.005764     0.311286 
2458076.056296 0.000000 0.000000     0.003217     0.311413 
2458076.987594 0.000000 0.000000     0.002113     0.311443 
2458077.918892 0.000000 0.000000     0.001479     0.311452 
2458078.850190 0.000000 0.000000     0.000736     0.311459 
2458079.781488 0.000000 0.000000     0.000005     0.311463 
2458080.712785 0.000000 0.000000    -0.000299     0.311464 
2458081.644083 0.000000 0.000000    -0.000057     0.311465 
2458082.575381 0.000000 0.000000     0.000388     0.311464 
2458083.506679 0.000000 0.000000     0.000566     0.311462 
2458084.437977 0.000000 0.000000     0.000354     0.311463 
2458085.369275 0.000000 0.000000     0.000087     0.311465 
2458086.300573 0.000000 0.000000     0.000179     0.311464 
2458087.231870 0.000000 0.000000     0.000614     0.311452 
2458088.163168 0.000000 0.000000     0.000814     0.311429 
2458089.094466 0.000000 0.000000     0.000055     0.311427 
2458090.025764 0.000000 0.000000    -0.001843     0.311443 
2458090.957062 0.000000 0.000000    -0.004150     0.311371 
2458091.888360 0.000000 0.000000    -0.005534     0.311163 
2458092.819657 0.000000 0.000000    -0.004878     0.310981 
2458093.750955 0.000000 0.000000    -0.002057     0.310996 
2458094.682253 0.000000 0.000000     0.001911     0.311132 
2458095.613551 0.000000 0.000000     0.005429     0.311202 
2458096.544849 0.000000 0.000000     0.007223     0.311199 
2458097.476147 0.000000 0.000000     0.006984     0.311233 
2458098.407445 0.000000 0.000000     0.005357     0.311326 
2458099.338742 0.000000 0.000000     0.003391     0.311410 
2458100.270040 0.000000 0.000000     0.001881     0.311451 
2458101.201338 0.000000 0.000000     0.001044     0.311463 
2458102.132636 0.000000 0.000000     0.000643     0.311465 
2458103.063934 0.000000 0.000000     0.000354     0.311464 
2458103.995232 0.000000 0.000000     0.000056     0.311463 
2458104.926530 0.000000 0.000000    -0.000164     0.311463 
2458105.857827 0.000000 0.000000    -0.000186     0.311464 
2458106.789125 0.000000 0.000000    -0.000030     0.311464 
2458107.720423 0.000000 0.000000     0.000148     0.311464 
2458108.651721 0.000000 0.000000     0.000206     0.311464 
2458109.583019 0.000000 0.000000     0.000136     0.311466 
2458110.514317 0.000000 0.000000     0.000060     0.311467 
2458111.445614 0.000000 0.000000     0.000090     0.311468 
2458112.376912 0.000000 0.000000     0.000197     0.311467 
2458113.308210 0.000000 0.000000     0.000216     0.311466 
2458114.239508 0.000000 0.000000    -0.000008     0.311467 
2458115.170806 0.000000 0.000000    -0.000464     0.311466 
2458116.102104 0.000000 0.000000    -0.000934     0.311460 
2458117.033402 0.000000 0.000000    -0.001122     0.311447 
2458117.964699 0.000000 0.000000    -0.000859     0.311441 
2458118.895997 0.000000 0.000000    -0.000220     0.311445 
2458119.827295 0.000000 0.000000     0.000518     0.311452 
2458120.758593 0.000000 0.000000     0.001048     0.311453 
2458121.689891 0.000000 0.000000     0.001206     0.311453 
2458122.621189 0.000000 0.000000     0.001036     0.311456 
2458123.552487 0.000000 0.000000     0.000713     0.311462 
2458124.483784 0.000000 0.000000     0.000412     0.311466 
2458125.415082 0.000000 0.000000     0.000211     0.311467 
2458126.346380 0.000000 0.000000     0.000091     0.311468 
2458127.277678 0.000000 0.000000    -0.000001     0.311468 
2458128.208976 0.000000 0.000000    -0.000089     0.311466 
2458129.140274 0.000000 0.000000    -0.000153     0.311465 
2458130.071572 0.000000 0.000000    -0.000161     0.311465 
2458131.002869 0.000000 0.000000    -0.000109     0.311465 
2458131.934167 0.000000 0.000000    -0.000027     0.311466 
2458132.865465 0.000000 0.000000     0.000042     0.311466 
2458133.796763 0.000000 0.000000     0.000075     0.311466 
2458134.728061 0.000000 0.000000     0.000077     0.311467 
2458135.659359 0.000000 0.000000     0.000071     0.311468 
2458136.590656 0.000000 0.000000     0.000077     0.311468 
2458137.521954 0.000000 0.000000     0.000100     0.311468 
2458138.453252 0.000000 0.000000     0.000137     0.311468 
2458139.384550 0.000000 0.000000     0.000176     0.311468 
2458140.315848 0.000000 0.000000     0.000200     0.311468 
2458141.247146 0.000000 0.000000     0.000182     0.311467 
2458142.178444 0.000000 0.000000     0.000093     0.311466 
2458143.109741 0.000000 0.000000    -0.000083     0.311464 
2458144.041039 0.000000 0.000000    -0.000326     0.311463 
2458144.972337 0.000000 0.000000    -0.000574     0.311464 
2458145.903635 0.000000 0.000000    -0.000746     0.311465 
2458146.834933 0.000000 0.000000    -0.000784     0.311465 
2458147.766231 0.000000 0.000000    -0.000686     0.311465 
2458148.697529 0.000000 0.000000    -0.000504     0.311466 
2458149.628826 0.000000 0.000000    -0.000318     0.311467 
2458150.560124 0.000000 0.000000    -0.000189     0.311468 
2458151.491422 0.000000 0.000000    -0.000136     0.311468 
2458152.422720 0.000000 0.000000    -0.000134     0.311468 
2458153.354018 0.000000 0.000000    -0.000143     0.311467 
2458154.285316 0.000000 0.000000    -0.000136     0.311467 
2458155.216613 0.000000 0.000000    -0.000105     0.311467 
2458156.147911 0.000000 0.000000    -0.000061     0.311467 
2458157.079209 0.000000 0.000000    -0.000016     0.311467 
2458158.010507 0.000000 0.000000     0.000021     0.311467 
2458158.941805 0.000000 0.000000     0.000047     0.311467 
2458159.873103 0.000000 0.000000     0.000061     0.311468 
2458160.804401 0.000000 0.000000     0.000070     0.311468 
2458161.735698 0.000000 0.000000     0.000085     0.311468 
2458162.666996 0.000000 0.000000     0.000122     0.311468 
2458163.598294 0.000000 0.000000     0.000178     0.311468 
2458164.529592 0.000000 0.000000     0.000231     0.311468 
2458165.460890 0.000000 0.000000     0.000234     0.311468 
2458166.392188 0.000000 0.000000     0.000141     0.311467 
2458167.323486 0.000000 0.000000    -0.000059     0.311465 
2458168.254783 0.000000 0.000000    -0.000328     0.311463 
2458169.186081 0.000000 0.000000    -0.000587     0.311463 
2458170.117379 0.000000 0.000000    -0.000754     0.311464 
2458171.048677 0.000000 0.000000    -0.000784     0.311464 
2458171.979975 0.000000 0.000000    -0.000687     0.311464 
2458172.911273 0.000000 0.000000    -0.000518     0.311465 
2458173.842571 0.000000 0.000000    -0.000342     0.311466 
2458174.773868 0.000000 0.000000    -0.000205     0.311468 
2458175.705166 0.000000 0.000000    -0.000123     0.311468 
2458176.636464 0.000000 0.000000    -0.000084     0.311468 
2458177.567762 0.000000 0.000000    -0.000073     0.311468 
2458178.499060 0.000000 0.000000    -0.000072     0.311468 
2458179.430358 0.000000 0.000000    -0.000069     0.311468 
2458180.361655 0.000000 0.000000    -0.000057     0.311468 
2458181.292953 0.000000 0.000000    -0.000032     0.311468 
2458182.224251 0.000000 0.000000     0.000001     0.311468 
2458183.155549 0.000000 0.000000     0.000028     0.311468 
2458184.086847 0.000000 0.000000     0.000042     0.311468 
2458185.018145 0.000000 0.000000     0.000046     0.311468 
2458185.949443 0.000000 0.000000     0.000056     0.311468 
2458186.880740 0.000000 0.000000     0.000089     0.311468 
2458187.812038 0.000000 0.000000     0.000140     0.311468 
2458188.743336 0.000000 0.000000     0.000174     0.311468 
2458189.674634 0.000000 0.000000     0.000144     0.311468 
2458190.605932 0.000000 0.000000     0.000018     0.311468 
2458191.537230 0.000000 0.000000    -0.000183     0.311466 
2458192.468528 0.000000 0.000000    -0.000391     0.311464 
2458193.399825 0.000000 0.000000    -0.000523     0.311463 
2458194.331123 0.000000 0.000000    -0.000527     0.311463 
2458195.262421 0.000000 0.000000    -0.000412     0.311464 
2458196.193719 0.000000 0.000000    -0.000241     0.311464 
2458197.125017 0.000000 0.000000    -0.000089     0.311464 
2458198.056315 0.000000 0.000000    -0.000003     0.311465 
2458198.987612 0.000000 0.000000     0.000020     0.311467 
2458199.918910 0.000000 0.000000     0.000011     0.311468 
2458200.850208 0.000000 0.000000     0.000001     0.311468 
2458201.781506 0.000000 0.000000     0.000002     0.311468 
2458202.712804 0.000000 0.000000     0.000002     0.311468 
2458203.644102 0.000000 0.000000    -0.000008     0.311468 
2458204.575400 0.000000 0.000000    -0.000023     0.311468 
2458205.506697 0.000000 0.000000    -0.000028     0.311468 
2458206.437995 0.000000 0.000000    -0.000013     0.311468 
2458207.369293 0.000000 0.000000     0.000013     0.311468 
2458208.300591 0.000000 0.000000     0.000032     0.311468 
2458209.231889 0.000000 0.000000     0.000034     0.311468 
2458210.163187 0.000000 0.000000     0.000028     0.311468 
2458211.094485 0.000000 0.000000     0.000039     0.311468 
2458212.025782 0.000000 0.000000     0.000078     0.311468 
2458212.957080 0.000000 0.000000     0.000121     0.311468 
2458213.888378 0.000000 0.000000     0.000118     0.311468 
2458214.819676 0.000000 0.000000     0.000022     0.311468 
2458215.750974 0.000000 0.000000    -0.000160     0.311468 
2458216.682272 0.000000 0.000000    -0.000363     0.311466 
2458217.613569 0.000000 0.000000    -0.000487     0.311464 
2458218.544867 0.000000 0.000000    -0.000460     0.311464 
2458219.476165 0.000000 0.000000    -0.000283     0.311465 
2458220.407463 0.000000 0.000000    -0.000032     0.311465 
2458221.338761 0.000000 0.000000     0.000184     0.311465 
2458222.270059 0.000000 0.000000     0.000289     0.311466 
2458223.201357 0.000000 0.000000     0.000276     0.311466 
2458224.132654 0.000000 0.000000     0.000195     0.311468 
2458225.063952 0.000000 0.000000     0.000110     0.311468 
2458225.995250 0.000000 0.000000     0.000061     0.311468 
2458226.926548 0.000000 0.000000     0.000044     0.311468 
2458227.857846 0.000000 0.000000     0.000035     0.311468 
2458228.789144 0.000000 0.000000     0.000017     0.311468 
2458229.720442 0.000000 0.000000    -0.000004     0.311468 
2458230.651739 0.000000 0.000000    -0.000014     0.311468 
2458231.583037 0.000000 0.000000    -0.000003     0.311468 
2458232.514335 0.000000 0.000000     0.000017     0.311468 
2458233.445633 0.000000 0.000000     0.000027     0.311468 
2458234.376931 0.000000 0.000000     0.000021     0.311468 
2458235.308229 0.000000 0.000000     0.000013     0.311468 
2458236.239527 0.000000 0.000000     0.000024     0.311468 
2458237.170824 0.000000 0.000000     0.000056     0.311468 
2458238.102122 0.000000 0.000000     0.000080     0.311468 
2458239.033420 0.000000 0.000000     0.000052     0.311468 
2458239.964718 0.000000 0.000000    -0.000053     0.311468 
2458240.896016 0.000000 0.000000    -0.000209     0.311468 
2458241.827314 0.000000 0.000000    -0.000344     0.311467 
2458242.758611 0.000000 0.000000    -0.000378     0.311466 
2458243.689909 0.000000 0.000000    -0.000274     0.311466 
2458244.621207 0.000000 0.000000    -0.000066     0.311467 
2458245.552505 0.000000 0.000000     0.000161     0.311467 
2458246.483803 0.000000 0.000000     0.000315     0.311467 
2458247.415101 0.000000 0.000000     0.000354     0.311467 
2458248.346399 0.000000 0.000000     0.000294     0.311468 
2458249.277696 0.000000 0.000000     0.000193     0.311468 
2458250.208994 0.000000 0.000000     0.000108     0.311468 
2458251.140292 0.000000 0.000000     0.000062     0.311468 
2458252.071590 0.000000 0.000000     0.000045     0.311468 
2458253.002888 0.000000 0.000000     0.000034     0.311468 
2458253.934186 0.000000 0.000000     0.000017     0.311468 
2458254.865484 0.000000 0.000000    -0.000001     0.311468 
2458255.796781 0.000000 0.000000    -0.000007     0.311468 
2458256.728079 0.000000 0.000000     0.000001     0.311468 
2458257.659377 0.000000 0.000000     0.000013     0.311468 
2458258.590675 0.000000 0.000000     0.000017     0.311468 
2458259.521973 0.000000 0.000000     0.000010     0.311468 
2458260.453271 0.000000 0.000000     0.000005     0.311468 
2458261.384568 0.000000 0.000000     0.000013     0.311468 
2458262.315866 0.000000 0.000000     0.000033     0.311468 
2458263.247164 0.000000 0.000000     0.000040     0.311468 
2458264.178462 0.000000 0.000000     0.000010     0.311468 
2458265.109760 0.000000 0.000000    -0.000067     0.311468 
2458266.041058 0.000000 0.000000    -0.000162     0.311468 
2458266.972356 0.000000 0.000000    -0.000225     0.311468 
2458267.903653 0.000000 0.000000    -0.000211     0.311468 
2458268.834951 0.000000 0.000000    -0.000112     0.311468 
2458269.766249 0.000000 0.000000     0.000038     0.311468 
2458270.697547 0.000000 0.000000     0.000176     0.311468 
2458271.628845 0.000000 0.000000     0.000252     0.311468 
2458272.560143 0.000000 0.000000     0.000251     0.311468 
2458273.491441 0.000000 0.000000     0.000193     0.311468 
2458274.422738 0.000000 0.000000     0.000121     0.311468 
2458275.354036 0.000000 0.000000     0.000067     0.311468 
2458276.285334 0.000000 0.000000     0.000039     0.311468 
2458277.216632 0.000000 0.000000     0.000028     0.311468 
2458278.147930 0.000000 0.000000     0.000020     0.311468 
2458279.079228 0.000000 0.000000     0.000008     0.311468 
2458280.010525 0.000000 0.000000    -0.000001     0.311468 
2458280.941823 0.000000 0.000000    -0.000003     0.311468 
2458281.873121 0.000000 0.000000     0.000002     0.311468 
2458282.804419 0.000000 0.000000     0.000008     0.311468 
2458283.735717 0.000000 0.000000     0.000009     0.311468 
2458284.667015 0.000000 0.000000     0.000004     0.311468 
2458285.598313 0.000000 0.000000     0.000001     0.311468 
2458286.529610 0.000000 0.000000     0.000006     0.311468 
2458287.460908 0.000000 0.000000     0.000015     0.311468 
2458288.392206 0.000000 0.000000     0.000015     0.311468 
2458289.323504 0.000000 0.000000    -0.000006     0.311468 
2458290.254802 0.000000 0.000000    -0.000046     0.311468 
2458291.186100 0.000000 0.000000    -0.000088     0.311468 
2458292.117398 0.000000 0.000000    -0.000107     0.311468 
2458293.048695 0.000000 0.000000    -0.000085     0.311468 
2458293.979993 0.000000 0.000000    -0.000025     0.311468 
2458294.911291 0.000000 0.000000     0.000050     0.311468 
2458295.842589 0.000000 0.000000     0.000110     0.311468 
2458296.773887 0.000000 0.000000     0.000135     0.311468 
2458297.705185 0.000000 0.000000     0.000123     0.311468 
2458298.636483 0.000000 0.000000     0.000090     0.311468 
2458299.567780 0.000000 0.000000     0.000054     0.311468 
2458300.499078 0.000000 0.000000     0.000030     0.311468 
2458301.430376 0.000000 0.000000     0.000018     0.311468 
2458302.361674 0.000000 0.000000     0.000012     0.311468 
2458303.292972 0.000000 0.000000     0.000007     0.311468 
2458304.224270 0.000000 0.000000     0.000002     0.311468 
2458305.155567 0.000000 0.000000    -0.000002     0.311468 
2458306.086865 0.000000 0.000000    -0.000002     0.311468 
2458307.018163 0.000000 0.000000     0.000001     0.311468 
2458307.949461 0.000000 0.000000     0.000004     0.311468 
2458308.880759 0.000000 0.000000     0.000003     0.311468 
2458309.812057 0.000000 0.000000     0.000001     0.311468 
2458310.743355 0.000000 0.000000     0.000001     0.311468 
2458311.674652 0.000000 0.000000     0.000002     0.311468 
2458312.605950 0.000000 0.000000     0.000005     0.311468 
2458313.537248 0.000000 0.000000     0.000004     0.311468 
2458314.468546 0.000000 0.000000    -0.000005     0.311468 
2458315.399844 0.000000 0.000000    -0.000020     0.311468 
2458316.331142 0.000000 0.000000    -0.000032     0.311468 
2458317.262440 0.000000 0.000000    -0.000034     0.311468 
2458318.193737 0.000000 0.000000    -0.000022     0.311468 
2458319.125035 0.000000 0.000000     0.000001     0.311468 
2458320.056333 0.000000 0.000000     0.000025     0.311468 
2458320.987631 0.000000 0.000000     0.000042     0.311468 
2458321.918929 0.000000 0.000000     0.000046     0.311468 
2458322.850227 0.000000 0.000000     0.000039     0.311468 
2458323.781524 0.000000 0.000000     0.000027     0.311468 
2458324.712822 0.000000 0.000000     0.000015     0.311468 
2458325.644120 0.000000 0.000000     0.000008     0.311468 
2458326.575418 0.000000 0.000000     0.000005     0.311468 
2458327.506716 0.000000 0.000000     0.000003     0.311468 
2458328.438014 0.000000 0.000000     0.000001     0.311468 
2458329.369312 0.000000 0.000000    -0.000001     0.311468 
2458330.300609 0.000000 0.000000    -0.000002     0.311468 
2458331.231907 0.000000 0.000000    -0.000001     0.311468 
2458332.163205 0.000000 0.000000     0.000000     0.311468 
2458333.094503 0.000000 0.000000     0.000001     0.311468 
2458334.025801 0.000000 0.000000     0.000001     0.311468 
2458334.957099 0.000000 0.000000     0.000001     0.311468 
2458335.888397 0.000000 0.000000     0.000001     0.311468 
2458336.819694 0.000000 0.000000     0.000001     0.311468 
2458337.750992 0.000000 0.000000     0.000002     0.311468 
2458338.682290 0.000000 0.000000     0.000001     0.311468 
2458339.613588 0.000000 0.000000    -0.000001     0.311468 
2458340.544886 0.000000 0.000000    -0.000003     0.311468 
2458341.476184 0.000000 0.000000    -0.000005     0.311468 
2458342.407481 0.000000 0.000000    -0.000005     0.311468 
2458343.338779 0.000000 0.000000    -0.000003     0.311468 
2458344.270077 0.000000 0.000000    -0.000000     0.311468 
2458345.201375 0.000000 0.000000     0.000002     0.311468 
2458346.132673 0.000000 0.000000     0.000003     0.311468 
2458347.063971 0.000000 0.000000     0.000003     0.311468 
2458347.995269 0.000000 0.000000     0.000002     0.311468 
2458348.926566 0.000000 0.000000     0.000001     0.311468 
2458349.857864 0.000000 0.000000     0.000000     0.311468 
2458350.789162 0.000000 0.000000     0.000000     0.311468 
2458351.720460 0.000000 0.000000    -0.000000     0.311468 
2458352.651758 0.000000 0.000000    -0.000001     0.311468 
2458353.583056 0.000000 0.000000    -0.000001     0.311468 
2458354.514354 0.000000 0.000000    -0.000001     0.311468 
2458355.445651 0.000000 0.000000    -0.000001     0.311468 
2458356.376949 0.000000 0.000000    -0.000001     0.311468 
2458357.308247 0.000000 0.000000     0.000000     0.311468 
2458358.239545 0.000000 0.000000     0.000000     0.311468 
2458359.170843 0.000000 0.000000     0.000001     0.311468 
2458360.102141 0.000000 0.000000     0.000001     0.311468 
2458361.033439 0.000000 0.000000     0.000001     0.311468 
2458361.964736 0.000000 0.000000     0.000001     0.311468 
2458362.896034 0.000000 0.000000     0.000001     0.311468 
2458363.827332 0.000000 0.000000     0.000002     0.311468 
2458364.758630 0.000000 0.000000     0.000002     0.311468 
2458365.689928 0.000000 0.000000     0.000002     0.311468 
2458366.621226 0.000000 0.000000     0.000002     0.311468 
2458367.552523 0.000000 0.000000     0.000000     0.311468 
2458368.483821 0.000000 0.000000    -0.000002     0.311468 
2458369.415119 0.000000 0.000000    -0.000005     0.311468 
2458370.346417 0.000000 0.000000    -0.000007     0.311468 
2458371.277715 0.000000 0.000000    -0.000008     0.311468 
2458372.209013 0.000000 0.000000    -0.000007     0.311468 
2458373.140311 0.000000 0.000000    -0.000006     0.311468 
2458374.071608 0.000000 0.000000    -0.000004     0.311468 
2458375.002906 0.000000 0.000000    -0.000002     0.311468 
2458375.934204 0.000000 0.000000    -0.000001     0.311468 
2458376.865502 0.000000 0.000000    -0.000001     0.311468 
2458377.796800 0.000000 0.000000    -0.000001     0.311468 
2458378.728098 0.000000 0.000000    -0.000001     0.311468 
2458379.659396 0.000000 0.000000    -0.000001     0.311468 
2458380.590693 0.000000 0.000000    -0.000001     0.311468 
2458381.521991 0.000000 0.000000    -0.000000     0.311468 
2458382.453289 0.000000 0.000000     0.000000     0.311468 
2458383.384587 0.000000 0.000000     0.000000     0.311468 
2458384.315885 0.000000 0.000000     0.000000     0.311468 
2458385.247183 0.000000 0.000000     0.000001     0.311468 
2458386.178480 0.000000 0.000000     0.000001     0.311468 
2458387.109778 0.000000 0.000000     0.000001     0.311468 
2458388.041076 0.000000 0.000000     0.000001     0.311468 
2458388.972374 0.000000 0.000000     0.000002     0.311468 
2458389.903672 0.000000 0.000000     0.000002     0.311468 
2458390.834970 0.000000 0.000000     0.000001     0.311468 
2458391.766268 0.000000 0.000000    -0.000000     0.311468 
2458392.697565 0.000000 0.000000    -0.000002     0.311468 
2458393.628863 0.000000 0.000000    -0.000004     0.311468 
2458394.560161 0.000000 0.000000    -0.000006     0.311468 
2458395.491459 0.000000 0.000000    -0.000006     0.311468 
2458396.422757 0.000000 0.000000    -0.000005     0.311468 
2458397.354055 0.000000 0.000000    -0.000004     0.311468 
2458398.285353 0.000000 0.000000    -0.000003     0.311468 
2458399.216650 0.000000 0.000000    -0.000002     0.311468 
2458400.147948 0.000000 0.000000    -0.000001     0.311468 
2458401.079246 0.000000 0.000000    -0.000001     0.311468 
2458402.010544 0.000000 0.000000    -0.000000     0.311468 
2458402.941842 0.000000 0.000000    -0.000000     0.311468 
2458403.873140 0.000000 0.000000    -0.000000     0.311468 
2458404.804438 0.000000 0.000000    -0.000000     0.311468 
2458405.735735 0.000000 0.000000    -0.000000     0.311468 
2458406.667033 0.000000 0.000000    -0.000000     0.311468 
2458407.598331 0.000000 0.000000     0.000000     0.311468 
2458408.529629 0.000000 0.000000     0.000000     0.311468 
2458409.460927 0.000000 0.000000     0.000000     0.311468 
2458410.392225 0.000000 0.000000     0.000000     0.311468 
2458411.323522 0.000000 0.000000     0.000001     0.311468 
2458412.254820 0.000000 0.000000     0.000001     0.311468 
2458413.186118 0.000000 0.000000     0.000001     0.311468 
2458414.117416 0.000000 0.000000     0.000001     0.311468 
2458415.048714 0.000000 0.000000     0.000000     0.311468 
2458415.980012 0.000000 0.000000    -0.000001     0.311468 
2458416.911310 0.000000 0.000000    -0.000003     0.311468 
2458417.842607 0.000000 0.000000    -0.000004     0.311468 
2458418.773905 0.000000 0.000000    -0.000005     0.311468 
2458419.705203 0.000000 0.000000    -0.000004     0.311468 
2458420.636501 0.000000 0.000000    -0.000002     0.311468 
2458421.567799 0.000000 0.000000    -0.000000     0.311468 
2458422.499097 0.000000 0.000000     0.000001     0.311468 
2458423.430395 0.000000 0.000000     0.000001     0.311468 
2458424.361692 0.000000 0.000000     0.000001     0.311468 
2458425.292990 0.000000 0.000000     0.000000     0.311468 
2458426.224288 0.000000 0.000000     0.000000     0.311468 
2458427.155586 0.000000 0.000000     0.000000     0.311468 
2458428.086884 0.000000 0.000000     0.000000     0.311468 
2458429.018182 0.000000 0.000000    -0.000000     0.311468 
2458429.949479 0.000000 0.000000    -0.000000     0.311468 
2458430.880777 0.000000 0.000000    -0.000000     0.311468 
2458431.812075 0.000000 0.000000     0.000000     0.311468 
2458432.743373 0.000000 0.000000     0.000000     0.311468 
2458433.674671 0.000000 0.000000     0.000000     0.311468 
2458434.605969 0.000000 0.000000     0.000000     0.311468 
2458435.537267 0.000000 0.000000     0.000000     0.311468 
2458436.468564 0.000000 0.000000     0.000000     0.311468 
2458437.399862 0.000000 0.000000     0.000001     0.311468 
2458438.331160 0.000000 0.000000     0.000001     0.311468 
2458439.262458 0.000000 0.000000     0.000001     0.311468 
2458440.193756 0.000000 0.000000    -0.000001     0.311468 
2458441.125054 0.000000 0.000000    -0.000002     0.311468 
2458442.056352 0.000000 0.000000    -0.000004     0.311468 
2458442.987649 0.000000 0.000000    -0.000004     0.311468 
2458443.918947 0.000000 0.000000    -0.000003     0.311468 
2458444.850245 0.000000 0.000000    -0.000001     0.311468 
2458445.781543 0.000000 0.000000     0.000001     0.311468 
2458446.712841 0.000000 0.000000     0.000003     0.311468 
2458447.644139 0.000000 0.000000     0.000003     0.311468 
2458448.575436 0.000000 0.000000     0.000002     0.311468 
2458449.506734 0.000000 0.000000     0.000001     0.311468 
2458450.438032 0.000000 0.000000     0.000001     0.311468 
2458451.369330 0.000000 0.000000     0.000000     0.311468 
2458452.300628 0.000000 0.000000     0.000000     0.311468 
2458453.231926 0.000000 0.000000     0.000000     0.311468 
2458454.163224 0.000000 0.000000     0.000000     0.311468 
2458455.094521 0.000000 0.000000    -0.000000     0.311468 
2458456.025819 0.000000 0.000000    -0.000000     0.311468 
2458456.957117 0.000000 0.000000     0.000000     0.311468 
2458457.888415 0.000000 0.000000     0.000000     0.311468 
2458458.819713 0.000000 0.000000     0.000000     0.311468 
2458459.751011 0.000000 0.000000     0.000000     0.311468 
2458460.682309 0.000000 0.000000     0.000000     0.311468 
2458461.613606 0.000000 0.000000     0.000000     0.311468 
2458462.544904 0.000000 0.000000     0.000001     0.311468 
2458463.476202 0.000000 0.000000     0.000001     0.311468 
2458464.407500 0.000000 0.000000    -0.000000     0.311468 
2458465.338798 0.000000 0.000000    -0.000001     0.311468 
2458466.270096 0.000000 0.000000    -0.000002     0.311468 
2458467.201394 0.000000 0.000000    -0.000003     0.311468 
2458468.132691 0.000000 0.000000    -0.000003     0.311468 
2458469.063989 0.000000 0.000000    -0.000001     0.311468 
2458469.995287 0.000000 0.000000     0.000001     0.311468 
2458470.926585 0.000000 0.000000     0.000002     0.311468 
2458471.857883 0.000000 0.000000     0.000003     0.311468 
2458472.789181 0.000000 0.000000     0.000003     0.311468 
2458473.720478 0.000000 0.000000     0.000002     0.311468 
2458474.651776 0.000000 0.000000     0.000001     0.311468 
2458475.583074 0.000000 0.000000     0.000001     0.311468 
2458476.514372 0.000000 0.000000     0.000000     0.311468 
2458477.445670 0.000000 0.000000     0.000000     0.311468 
2458478.376968 0.000000 0.000000     0.000000     0.311468 
2458479.308266 0.000000 0.000000     0.000000     0.311468 
2458480.239563 0.000000 0.000000    -0.000000     0.311468 
2458481.170861 0.000000 0.000000    -0.000000     0.311468 
2458482.102159 0.000000 0.000000     0.000000     0.311468 
2458483.033457 0.000000 0.000000     0.000000     0.311468 
2458483.964755 0.000000 0.000000     0.000000     0.311468 
2458484.896053 0.000000 0.000000     0.000000     0.311468 
2458485.827351 0.000000 0.000000     0.000000     0.311468 
2458486.758648 0.000000 0.000000     0.000000     0.311468 
2458487.689946 0.000000 0.000000     0.000000     0.311468 
2458488.621244 0.000000 0.000000     0.000000     0.311468 
2458489.552542 0.000000 0.000000    -0.000000     0.311468 
2458490.483840 0.000000 0.000000    -0.000001     0.311468 
2458491.415138 0.000000 0.000000    -0.000002     0.311468 
2458492.346435 0.000000 0.000000    -0.000002     0.311468 
2458493.277733 0.000000 0.000000    -0.000001     0.311468 
2458494.209031 0.000000 0.000000    -0.000000     0.311468 
2458495.140329 0.000000 0.000000     0.000001     0.311468 
2458496.071627 0.000000 0.000000     0.000002     0.311468 
2458497.002925 0.000000 0.000000     0.000002     0.311468 
2458497.934223 0.000000 0.000000     0.000002     0.311468 
2458498.865520 0.000000 0.000000     0.000001     0.311468 
2458499.796818 0.000000 0.000000     0.000001     0.311468 
2458500.728116 0.000000 0.000000     0.000000     0.311468 
2458501.659414 0.000000 0.000000     0.000000     0.311468 
2458502.590712 0.000000 0.000000     0.000000     0.311468 
2458503.522010 0.000000 0.000000     0.000000     0.311468 
2458504.453308 0.000000 0.000000     0.000000     0.311468 
2458505.384605 0.000000 0.000000    -0.000000     0.311468 
2458506.315903 0.000000 0.000000    -0.000000     0.311468 
2458507.247201 0.000000 0.000000     0.000000     0.311468 
2458508.178499 0.000000 0.000000     0.000000     0.311468 
2458509.109797 0.000000 0.000000     0.000000     0.311468 
2458510.041095 0.000000 0.000000     0.000000     0.311468 
2458510.972392 0.000000 0.000000     0.000000     0.311468 
2458511.903690 0.000000 0.000000     0.000000     0.311468 
2458512.834988 0.000000 0.000000     0.000000     0.311468 
2458513.766286 0.000000 0.000000     0.000000     0.311468 
2458514.697584 0.000000 0.000000    -0.000000     0.311468 
2458515.628882 0.000000 0.000000    -0.000000     0.311468 
2458516.560180 0.000000 0.000000    -0.000001     0.311468 
2458517.491477 0.000000 0.000000    -0.000001     0.311468 
2458518.422775 0.000000 0.000000    -0.000000     0.311468 
2458519.354073 0.000000 0.000000     0.000000     0.311468 
2458520.285371 0.000000 0.000000     0.000001     0.311468 
2458521.216669 0.000000 0.000000     0.000001     0.311468 
2458522.147967 0.000000 0.000000     0.000001     0.311468 
2458523.079265 0.000000 0.000000     0.000001     0.311468 
2458524.010562 0.000000 0.000000     0.000000     0.311468 
2458524.941860 0.000000 0.000000     0.000000     0.311468 
2458525.873158 0.000000 0.000000     0.000000     0.311468 
2458526.804456 0.000000 0.000000     0.000000     0.311468 
2458527.735754 0.000000 0.000000     0.000000     0.311468 
2458528.667052 0.000000 0.000000     0.000000     0.311468 
2458529.598350 0.000000 0.000000    -0.000000     0.311468 
2458530.529647 0.000000 0.000000    -0.000000     0.311468 
2458531.460945 0.000000 0.000000    -0.000000     0.311468 
2458532.392243 0.000000 0.000000     0.000000     0.311468 
2458533.323541 0.000000 0.000000     0.000000     0.311468 
2458534.254839 0.000000 0.000000     0.000000     0.311468 
2458535.186137 0.000000 0.000000     0.000000     0.311468 
2458536.117434 0.000000 0.000000     0.000000     0.311468 
2458537.048732 0.000000 0.000000     0.000000     0.311468 
2458537.980030 0.000000 0.000000     0.000000     0.311468 
2458538.911328 0.000000 0.000000    -0.000000     0.311468 
2458539.842626 0.000000 0.000000    -0.000000     0.311468 
2458540.773924 0.000000 0.000000    -0.000000     0.311468 
2458541.705222 0.000000 0.000000    -0.000000     0.311468 
2458542.636519 0.000000 0.000000    -0.000000     0.311468 
2458543.567817 0.000000 0.000000    -0.000000     0.311468 
2458544.499115 0.000000 0.000000     0.000000     0.311468 
2458545.430413 0.000000 0.000000     0.000000     0.311468 
2458546.361711 0.000000 0.000000     0.000000     0.311468 
2458547.293009 0.000000 0.000000     0.000000     0.311468 
2458548.224307 0.000000 0.000000     0.000000     0.311468 
2458549.155604 0.000000 0.000000     0.000000     0.311468 
2458550.086902 0.000000 0.000000     0.000000     0.311468 
2458551.018200 0.000000 0.000000     0.000000     0.311468 
2458551.949498 0.000000 0.000000     0.000000     0.311468 
2458552.880796 0.000000 0.000000     0.000000     0.311468 
2458553.812094 0.000000 0.000000    -0.000000     0.311468 
2458554.743391 0.000000 0.000000    -0.000000     0.311468 
2458555.674689 0.000000 0.000000    -0.000000     0.311468 
2458556.605987 0.000000 0.000000    -0.000000     0.311468 
2458557.537285 0.000000 0.000000     0.000000     0.311468 
2458558.468583 0.000000 0.000000     0.000000     0.311468 
2458559.399881 0.000000 0.000000     0.000000     0.311468 
2458560.331179 0.000000 0.000000     0.000000     0.311468 
2458561.262476 0.000000 0.000000     0.000000     0.311468 
2458562.193774 0.000000 0.000000     0.000000     0.311468 
2458563.125072 0.000000 0.000000     0.000000     0.311468 
2458564.056370 0.000000 0.000000     0.000000     0.311468 
2458564.987668 0.000000 0.000000    -0.000000     0.311468 
2458565.918966 0.000000 0.000000    -0.000000     0.311468 
2458566.850264 0.000000 0.000000    -0.000000     0.311468 
2458567.781561 0.000000 0.000000    -0.000000     0.311468 
2458568.712859 0.000000 0.000000    -0.000000     0.311468 
2458569.644157 0.000000 0.000000    -0.000000     0.311468 
2458570.575455 0.000000 0.000000    -0.000000     0.311468 
2458571.506753 0.000000 0.000000    -0.000000     0.311468 
2458572.438051 0.000000 0.000000    -0.000000     0.311468 
2458573.369348 0.000000 0.000000    -0.000000     0.311468 
2458574.300646 0.000000 0.000000    -0.000000     0.311468 
2458575.231944 0.000000 0.000000    -0.000000     0.311468 
2458576.163242 0.000000 0.000000    -0.000000     0.311468 
2458577.094540 0.000000 0.000000    -0.000000     0.311468 
2458578.025838 0.000000 0.000000    -0.000000     0.311468 
2458578.957136 0.000000 0.000000    -0.000000     0.311468 
2458579.888433 0.000000 0.000000    -0.000000     0.311468 
2458580.819731 0.000000 0.000000    -0.000000     0.311468 
2458581.751029 0.000000 0.000000    -0.000000     0.311468 
2458582.682327 0.000000 0.000000     0.000000     0.311468 
2458583.613625 0.000000 0.000000     0.000000     0.311468 
2458584.544923 0.000000 0.000000     0.000000     0.311468 
2458585.476221 0.000000 0.000000     0.000000     0.311468 
2458586.407518 0.000000 0.000000     0.000000     0.311468 
2458587.338816 0.000000 0.000000     0.000000     0.311468 
2458588.270114 0.000000 0.000000     0.000000     0.311468 
2458589.201412 0.000000 0.000000     0.000000     0.311468 
2458590.132710 0.000000 0.000000     0.000000     0.311468 
2458591.064008 0.000000 0.000000     0.000000     0.311468 
2458591.995306 0.000000 0.000000     0.000000     0.311468 
2458592.926603 0.000000 0.000000    -0.000000     0.311468 
2458593.857901 0.000000 0.000000    -0.000000     0.311468 
2458594.789199 0.000000 0.000000    -0.000000     0.311468 
2458595.720497 0.000000 0.000000    -0.000000     0.311468 
2458596.651795 0.000000 0.000000    -0.000000     0.311468 
2458597.583093 0.000000 0.000000    -0.000000     0.311468 
2458598.514390 0.000000 0.000000    -0.000000     0.311468 
2458599.445688 0.000000 0.000000    -0.000000     0.311468 
2458600.376986 0.000000 0.000000    -0.000000     0.311468 
2458601.308284 0.000000 0.000000    -0.000000     0.311468 
2458602.239582 0.000000 0.000000    -0.000000     0.311468 
2458603.170880 0.000000 0.000000    -0.000000     0.311468 
2458604.102178 0.000000 0.000000    -0.000000     0.311468 
2458605.033475 0.000000 0.000000    -0.000000     0.311468 
2458605.964773 0.000000 0.000000    -0.000000     0.311468 
2458606.896071 0.000000 0.000000    -0.000000     0.311468 
2458607.827369 0.000000 0.000000     0.000000     0.311468 
2458608.758667 0.000000 0.000000     0.000000     0.311468 
2458609.689965 0.000000 0.000000     0.000000     0.311468 
2458610.621263 0.000000 0.000000     0.000000     0.311468 
2458611.552560 0.000000 0.000000     0.000000     0.311468 
2458612.483858 0.000000 0.000000     0.000000     0.311468 
2458613.415156 0.000000 0.000000     0.000000     0.311468 
2458614.346454 0.000000 0.000000     0.000000     0.311468 
2458615.277752 0.000000 0.000000     0.000000     0.311468 
2458616.209050 0.000000 0.000000    -0.000000     0.311468 
2458617.140347 0.000000 0.000000    -0.000000     0.311468 
2458618.071645 0.000000 0.000000    -0.000000     0.311468 
2458619.002943 0.000000 0.000000    -0.000000     0.311468 
2458619.934241 0.000000 0.000000    -0.000000     0.311468 
2458620.865539 0.000000 0.000000    -0.000000     0.311468 
2458621.796837 0.000000 0.000000    -0.000000     0.311468 
2458622.728135 0.000000 0.000000    -0.000000     0.311468 
2458623.659432 0.000000 0.000000    -0.000000     0.311468 
2458624.590730 0.000000 0.000000    -0.000000     0.311468 
2458625.522028 0.000000 0.000000    -0.000000     0.311468 
2458626.453326 0.000000 0.000000    -0.000000     0.311468 
2458627.384624 0.000000 0.000000    -0.000000     0.311468 
2458628.315922 0.000000 0.000000    -0.000000     0.311468 
2458629.247220 0.000000 0.000000    -0.000000     0.311468 
2458630.178517 0.000000 0.000000    -0.000000     0.311468 
2458631.109815 0.000000 0.000000    -0.000000     0.311468 
2458632.041113 0.000000 0.000000     0.000000     0.311468 
2458632.972411 0.000000 0.000000     0.000000     0.311468 
2458633.903709 0.000000 0.000000     0.000000     0.311468 
2458634.835007 0.000000 0.000000     0.000000     0.311468 
2458635.766304 0.000000 0.000000     0.000000     0.311468 
2458636.697602 0.000000 0.000000     0.000000     0.311468 
2458637.628900 0.000000 0.000000     0.000000     0.311468 
2458638.560198 0.000000 0.000000     0.000000     0.311468 
2458639.491496 0.000000 0.000000     0.000000     0.311468 
2458640.422794 0.000000 0.000000    -0.000000     0.311468 
2458641.354092 0.000000 0.000000    -0.000000     0.311468 
2458642.285389 0.000000 0.000000    -0.000000     0.311468 
2458643.216687 0.000000 0.000000    -0.000000     0.311468 
2458644.147985 0.000000 0.000000    -0.000000     0.311468 
2458645.079283 0.000000 0.000000    -0.000000     0.311468 
2458646.010581 0.000000 0.000000     0.000000     0.311468 
2458646.941879 0.000000 0.000000     0.000000     0.311468 
2458647.873177 0.000000 0.000000     0.000000     0.311468 
2458648.804474 0.000000 0.000000     0.000000     0.311468 
2458649.735772 0.000000 0.000000     0.000000     0.311468 
2458650.667070 0.000000 0.000000     0.000000     0.311468 
2458651.598368 0.000000 0.000000     0.000000     0.311468 
2458652.529666 0.000000 0.000000     0.000000     0.311468 
2458653.460964 0.000000 0.000000     0.000000     0.311468 
2458654.392262 0.000000 0.000000    -0.000000     0.311468 
2458655.323559 0.000000 0.000000    -0.000000     0.311468 
2458656.254857 0.000000 0.000000    -0.000000     0.311468 
2458657.186155 0.000000 0.000000     0.000000     0.311468 
2458658.117453 0.000000 0.000000     0.000000     0.311468 
2458659.048751 0.000000 0.000000     0.000000     0.311468 
2458659.980049 0.000000 0.000000     0.000000     0.311468 
2458660.911346 0.000000 0.000000     0.000000     0.311468 
2458661.842644 0.000000 0.000000     0.000000     0.311468 
2458662.773942 0.000000 0.000000     0.000000     0.311468 
2458663.705240 0.000000 0.000000     0.000000     0.311468 
2458664.636538 0.000000 0.000000    -0.000000     0.311468 
2458665.567836 0.000000 0.000000    -0.000000     0.311468 
2458666.499134 0.000000 0.000000    -0.000000     0.311468 
2458667.430431 0.000000 0.000000    -0.000000     0.311468 
2458668.361729 0.000000 0.000000    -0.000000     0.311468 
2458669.293027 0.000000 0.000000    -0.000000     0.311468 
2458670.224325 0.000000 0.000000     0.000000     0.311468 
2458671.155623 0.000000 0.000000     0.000000     0.311468 
2458672.086921 0.000000 0.000000     0.000000     0.311468 
2458673.018219 0.000000 0.000000     0.000000     0.311468 
2458673.949516 0.000000 0.000000     0.000000     0.311468 
2458674.880814 0.000000 0.000000     0.000000     0.311468 
2458675.812112 0.000000 0.000000     0.000000     0.311468 
2458676.743410 0.000000 0.000000     0.000000     0.311468 
2458677.674708 0.000000 0.000000     0.000000     0.311468 
2458678.606006 0.000000 0.000000     0.000000     0.311468 
2458679.537303 0.000000 0.000000    -0.000000     0.311468 
2458680.468601 0.000000 0.000000    -0.000000     0.311468 
2458681.399899 0.000000 0.000000    -0.000000     0.311468 
2458682.331197 0.000000 0.000000     0.000000     0.311468 
2458683.262495 0.000000 0.000000     0.000000     0.311468 
2458684.193793 0.000000 0.000000     0.000000     0.311468 
2458685.125091 0.000000 0.000000     0.000000     0.311468 
2458686.056388 0.000000 0.000000     0.000000     0.311468 
2458686.987686 0.000000 0.000000     0.000000     0.311468 
2458687.918984 0.000000 0.000000     0.000000     0.311468 
2458688.850282 0.000000 0.000000     0.000000     0.311468 
2458689.781580 0.000000 0.000000    -0.000000     0.311468 
2458690.712878 0.000000 0.000000    -0.000000     0.311468 
2458691.644176 0.000000 0.000000    -0.000000     0.311468 
2458692.575473 0.000000 0.000000    -0.000000     0.311468 
2458693.506771 0.000000 0.000000    -0.000000     0.311468 
2458694.438069 0.000000 0.000000    -0.000000     0.311468 
2458695.369367 0.000000 0.000000     0.000000     0.311468 
2458696.300665 0.000000 0.000000     0.000000     0.311468 
2458697.231963 0.000000 0.000000     0.000000     0.311468 
2458698.163261 0.000000 0.000000     0.000000     0.311468 
2458699.094558 0.000000 0.000000     0.000000     0.311468 
2458700.025856 0.000000 0.000000     0.000000     0.311468 
2458700.957154 0.000000 0.000000     0.000000     0.311468 
2458701.888452 0.000000 0.000000     0.000000     0.311468 
2458702.819750 0.000000 0.000000     0.000000     0.311468 
2458703.751048 0.000000 0.000000     0.000000     0.311468 
2458704.682345 0.000000 0.000000    -0.000000     0.311468 
2458705.613643 0.000000 0.000000    -0.000000     0.311468 
2458706.544941 0.000000 0.000000     0.000000     0.311468 
2458707.476239 0.000000 0.000000     0.000000     0.311468 
2458708.407537 0.000000 0.000000     0.000000     0.311468 
2458709.338835 0.000000 0.000000     0.000000     0.311468 
2458710.270133 0.000000 0.000000     0.000000     0.311468 
2458711.201430 0.000000 0.000000     0.000000     0.311468 
2458712.132728 0.000000 0.000000     0.000000     0.311468 
2458713.064026 0.000000 0.000000     0.000000     0.311468 
2458713.995324 0.000000 0.000000     0.000000     0.311468 
2458714.926622 0.000000 0.000000    -0.000000     0.311468 
2458715.857920 0.000000 0.000000    -0.000000     0.311468 
2458716.789218 0.000000 0.000000    -0.000000     0.311468 
2458717.720515 0.000000 0.000000    -0.000000     0.311468 
2458718.651813 0.000000 0.000000    -0.000000     0.311468 
2458719.583111 0.000000 0.000000     0.000000     0.311468 
2458720.514409 0.000000 0.000000     0.000000     0.311468 
2458721.445707 0.000000 0.000000     0.000000     0.311468 
2458722.377005 0.000000 0.000000     0.000000     0.311468 
2458723.308302 0.000000 0.000000     0.000000     0.311468 
2458724.239600 0.000000 0.000000     0.000000     0.311468 
2458725.170898 0.000000 0.000000     0.000000     0.311468 
2458726.102196 0.000000 0.000000     0.000000     0.311468 
2458727.033494 0.000000 0.000000     0.000000     0.311468 
2458727.964792 0.000000 0.000000     0.000000     0.311468 
2458728.896090 0.000000 0.000000     0.000000     0.311468 
2458729.827387 0.000000 0.000000    -0.000000     0.311468 
2458730.758685 0.000000 0.000000    -0.000000     0.311468 
2458731.689983 0.000000 0.000000     0.000000     0.311468 
2458732.621281 0.000000 0.000000     0.000000     0.311468 
2458733.552579 0.000000 0.000000     0.000000     0.311468 
2458734.483877 0.000000 0.000000     0.000000     0.311468 
2458735.415175 0.000000 0.000000     0.000000     0.311468 
2458736.346472 0.000000 0.000000     0.000000     0.311468 
2458737.277770 0.000000 0.000000     0.000000     0.311468 
2458738.209068 0.000000 0.000000     0.000000     0.311468 
2458739.140366 0.000000 0.000000    -0.000000     0.311468 
2458740.071664 0.000000 0.000000    -0.000000     0.311468 
2458741.002962 0.000000 0.000000    -0.000000     0.311468 
2458741.934259 0.000000 0.000000    -0.000000     0.311468 
2458742.865557 0.000000 0.000000    -0.000000     0.311468 
2458743.796855 0.000000 0.000000    -0.000000     0.311468 
2458744.728153 0.000000 0.000000     0.000000     0.311468 
2458745.659451 0.000000 0.000000     0.000000     0.311468 
2458746.590749 0.000000 0.000000     0.000000     0.311468 
2458747.522047 0.000000 0.000000     0.000000     0.311468 
2458748.453344 0.000000 0.000000     0.000000     0.311468 
2458749.384642 0.000000 0.000000     0.000000     0.311468 
2458750.315940 0.000000 0.000000     0.000000     0.311468 
2458751.247238 0.000000 0.000000     0.000000     0.311468 
2458752.178536 0.000000 0.000000     0.000000     0.311468 
2458753.109834 0.000000 0.000000     0.000000     0.311468 
2458754.041132 0.000000 0.000000     0.000000     0.311468 
2458754.972429 0.000000 0.000000    -0.000000     0.311468 
2458755.903727 0.000000 0.000000    -0.000000     0.311468 
2458756.835025 0.000000 0.000000     0.000000     0.311468 
2458757.766323 0.000000 0.000000     0.000000     0.311468 
2458758.697621 0.000000 0.000000     0.000000     0.311468 
2458759.628919 0.000000 0.000000     0.000000     0.311468 
2458760.560217 0.000000 0.000000     0.000000     0.311468 
2458761.491514 0.000000 0.000000     0.000000     0.311468 
2458762.422812 0.000000 0.000000     0.000000     0.311468 
2458763.354110 0.000000 0.000000     0.000000     0.311468 
2458764.285408 0.000000 0.000000    -0.000000     0.311468 
2458765.216706 0.000000 0.000000    -0.000000     0.311468 
2458766.148004 0.000000 0.000000    -0.000000     0.311468 
2458767.079301 0.000000 0.000000    -0.000000     0.311468 
2458768.010599 0.000000 0.000000    -0.000000     0.311468 
2458768.941897 0.000000 0.000000     0.000000     0.311468 
2458769.873195 0.000000 0.000000     0.000000     0.311468 
2458770.804493 0.000000 0.000000     0.000000     0.311468 
2458771.735791 0.000000 0.000000     0.000000     0.311468 
2458772.667089 0.000000 0.000000     0.000000     0.311468 
2458773.598386 0.000000 0.000000     0.000000     0.311468 
2458774.529684 0.000000 0.000000     0.000000     0.311468 
2458775.460982 0.000000 0.000000     0.000000     0.311468 
2458776.392280 0.000000 0.000000     0.000000     0.311468 
2458777.323578 0.000000 0.000000     0.000000     0.311468 
2458778.254876 0.000000 0.000000    -0.000000     0.311468 
2458779.186174 0.000000 0.000000    -0.000000     0.311468 
2458780.117471 0.000000 0.000000    -0.000000     0.311468 
2458781.048769 0.000000 0.000000    -0.000000     0.311468 
2458781.980067 0.000000 0.000000     0.000000     0.311468 
2458782.911365 0.000000 0.000000     0.000000     0.311468 
2458783.842663 0.000000 0.000000     0.000000     0.311468 
2458784.773961 0.000000 0.000000     0.000000     0.311468 
2458785.705258 0.000000 0.000000     0.000000     0.311468 
2458786.636556 0.000000 0.000000     0.000000     0.311468 
2458787.567854 0.000000 0.000000     0.000000     0.311468 
2458788.499152 0.000000 0.000000     0.000000     0.311468 
2458789.430450 0.000000 0.000000     0.000000     0.311468 
2458790.361748 0.000000 0.000000     0.000000     0.311468 
2458791.293046 0.000000 0.000000     0.000000     0.311468 
2458792.224343 0.000000 0.000000    -0.000000     0.311468 
2458793.155641 0.000000 0.000000    -0.000000     0.311468 
2458794.086939 0.000000 0.000000    -0.000000     0.311468 
2458795.018237 0.000000 0.000000    -0.000000     0.311468 
2458795.949535 0.000000 0.000000    -0.000000     0.311468 
2458796.880833 0.000000 0.000000    -0.000000     0.311468 
2458797.812131 0.000000 0.000000    -0.000000     0.311468 
2458798.743428 0.000000 0.000000    -0.000000     0.311468 
2458799.674726 0.000000 0.000000    -0.000000     0.311468 
2458800.606024 0.000000 0.000000    -0.000000     0.311468 
2458801.537322 0.000000 0.000000    -0.000000     0.311468 
2458802.468620 0.000000 0.000000    -0.000000     0.311468 
2458803.399918 0.000000 0.000000    -0.000000     0.311468 
2458804.331215 0.000000 0.000000    -0.000000     0.311468 
2458805.262513 0.000000 0.000000    -0.000000     0.311468 
2458806.193811 0.000000 0.000000    -0.000000     0.311468 
2458807.125109 0.000000 0.000000    -0.000000     0.311468 
2458808.056407 0.000000 0.000000     0.000000     0.311468 
2458808.987705 0.000000 0.000000     0.000000     0.311468 
2458809.919003 0.000000 0.000000     0.000000     0.311468 
2458810.850300 0.000000 0.000000     0.000000     0.311468 
2458811.781598 0.000000 0.000000     0.000000     0.311468 
2458812.712896 0.000000 0.000000     0.000000     0.311468 
2458813.644194 0.000000 0.000000     0.000000     0.311468 
2458814.575492 0.000000 0.000000     0.000000     0.311468 
2458815.506790 0.000000 0.000000     0.000000     0.311468 
2458816.438088 0.000000 0.000000     0.000000     0.311468 
2458817.369385 0.000000 0.000000    -0.000000     0.311468 
2458818.300683 0.000000 0.000000    -0.000000     0.311468 
2458819.231981 0.000000 0.000000    -0.000000     0.311468 
2458820.163279 0.000000 0.000000    -0.000000     0.311468 
2458821.094577 0.000000 0.000000    -0.000000     0.311468 
2458822.025875 0.000000 0.000000    -0.000000     0.311468 
2458822.957173 0.000000 0.000000    -0.000000     0.311468 
2458823.888470 0.000000 0.000000    -0.000000     0.311468 
2458824.819768 0.000000 0.000000    -0.000000     0.311468 
2458825.751066 0.000000 0.000000    -0.000000     0.311468 
2458826.682364 0.000000 0.000000    -0.000000     0.311468 
2458827.613662 0.000000 0.000000    -0.000000     0.311468 
2458828.544960 0.000000 0.000000    -0.000000     0.311468 
2458829.476257 0.000000 0.000000    -0.000000     0.311468 
2458830.407555 0.000000 0.000000    -0.000000     0.311468 
2458831.338853 0.000000 0.000000    -0.000000     0.311468 
2458832.270151 0.000000 0.000000     0.000000     0.311468 
2458833.201449 0.000000 0.000000     0.000000     0.311468 
2458834.132747 0.000000 0.000000     0.000000     0.311468 
2458835.064045 0.000000 0.000000     0.000000     0.311468 
2458835.995342 0.000000 0.000000     0.000000     0.311468 
2458836.926640 0.000000 0.000000     0.000000     0.311468 
2458837.857938 0.000000 0.000000     0.000000     0.311468 
2458838.789236 0.000000 0.000000     0.000000     0.311468 
2458839.720534 0.000000 0.000000     0.000000     0.311468 
2458840.651832 0.000000 0.000000     0.000000     0.311468 
2458841.583130 0.000000 0.000000    -0.000000     0.311468 
2458842.514427 0.000000 0.000000    -0.000000     0.311468 
2458843.445725 0.000000 0.000000    -0.000000     0.311468 
2458844.377023 0.000000 0.000000    -0.000000     0.311468 
2458845.308321 0.000000 0.000000    -0.000000     0.311468 
2458846.239619 0.000000 0.000000    -0.000000     0.311468 
2458847.170917 0.000000 0.000000    -0.000000     0.311468 
2458848.102214 0.000000 0.000000    -0.000000     0.311468 
2458849.033512 0.000000 0.000000    -0.000000     0.311468 
2458849.964810 0.000000 0.000000    -0.000000     0.311468 
2458850.896108 0.000000 0.000000    -0.000000     0.311468 
2458851.827406 0.000000 0.000000    -0.000000     0.311468 
2458852.758704 0.000000 0.000000    -0.000000     0.311468 
2458853.690002 0.000000 0.000000    -0.000000     0.311468 
2458854.621299 0.000000 0.000000    -0.000000     0.311468 
2458855.552597 0.000000 0.000000    -0.000000     0.311468 
2458856.483895 0.000000 0.000000    -0.000000     0.311468 
2458857.415193 0.000000 0.000000     0.000000     0.311468 
2458858.346491 0.000000 0.000000     0.000000     0.311468 
2458859.277789 0.000000 0.000000     0.000000     0.311468 
2458860.209087 0.000000 0.000000     0.000000     0.311468 
2458861.140384 0.000000 0.000000     0.000000     0.311468 
2458862.071682 0.000000 0.000000     0.000000     0.311468 
2458863.002980 0.000000 0.000000     0.000000     0.311468 
2458863.934278 0.000000 0.000000     0.000000     0.311468 
2458864.865576 0.000000 0.000000    -0.000000     0.311468 
2458865.796874 0.000000 0.000000    -0.000000     0.311468 
2458866.728171 0.000000 0.000000    -0.000000     0.311468 
2458867.659469 0.000000 0.000000    -0.000000     0.311468 
2458868.590767 0.000000 0.000000    -0.000000     0.311468 
2458869.522065 0.000000 0.000000    -0.000000     0.311468 
2458870.453363 0.000000 0.000000    -0.000000     0.311468 
2458871.384661 0.000000 0.000000     0.000000     0.311468 
2458872.315959 0.000000 0.000000     0.000000     0.311468 
2458873.247256 0.000000 0.000000     0.000000     0.311468 
2458874.178554 0.000000 0.000000     0.000000     0.311468 
2458875.109852 0.000000 0.000000     0.000000     0.311468 
2458876.041150 0.000000 0.000000     0.000000     0.311468 
2458876.972448 0.000000 0.000000     0.000000     0.311468 
2458877.903746 0.000000 0.000000     0.000000     0.311468 
2458878.835044 0.000000 0.000000     0.000000     0.311468 
2458879.766341 0.000000 0.000000    -0.000000     0.311468 
2458880.697639 0.000000 0.000000    -0.000000     0.311468 
2458881.628937 0.000000 0.000000     0.000000     0.311468 
2458882.560235 0.000000 0.000000     0.000000     0.311468 
2458883.491533 0.000000 0.000000     0.000000     0.311468 
2458884.422831 0.000000 0.000000     0.000000     0.311468 
2458885.354129 0.000000 0.000000     0.000000     0.311468 
2458886.285426 0.000000 0.000000     0.000000     0.311468 
2458887.216724 0.000000 0.000000     0.000000     0.311468 
2458888.148022 0.000000 0.000000     0.000000     0.311468 
2458889.079320 0.000000 0.000000     0.000000     0.311468 
2458890.010618 0.000000 0.000000    -0.000000     0.311468 
2458890.941916 0.000000 0.000000    -0.000000     0.311468 
2458891.873213 0.000000 0.000000    -0.000000     0.311468 
2458892.804511 0.000000 0.000000    -0.000000     0.311468 
2458893.735809 0.000000 0.000000    -0.000000     0.311468 
2458894.667107 0.000000 0.000000    -0.000000     0.311468 
2458895.598405 0.000000 0.000000     0.000000     0.311468 
2458896.529703 0.000000 0.000000     0.000000     0.311468 
2458897.461001 0.000000 0.000000     0.000000     0.311468 
2458898.392298 0.000000 0.000000     0.000000     0.311468 
2458899.323596 0.000000 0.000000     0.000000     0.311468 
2458900.254894 0.000000 0.000000     0.000000     0.311468 
2458901.186192 0.000000 0.000000     0.000000     0.311468 
2458902.117490 0.000000 0.000000     0.000000     0.311468 
2458903.048788 0.000000 0.000000     0.000000     0.311468 
2458903.980086 0.000000 0.000000     0.000000     0.311468 
2458904.911383 0.000000 0.000000    -0.000000     0.311468 
2458905.842681 0.000000 0.000000    -0.000000     0.311468 
2458906.773979 0.000000 0.000000     0.000000     0.311468 
2458907.705277 0.000000 0.000000     0.000000     0.311468 
2458908.636575 0.000000 0.000000     0.000000     0.311468 
2458909.567873 0.000000 0.000000     0.000000     0.311468 
2458910.499170 0.000000 0.000000     0.000000     0.311468 
2458911.430468 0.000000 0.000000     0.000000     0.311468 
2458912.361766 0.000000 0.000000     0.000000     0.311468 
2458913.293064 0.000000 0.000000     0.000000     0.311468 
2458914.224362 0.000000 0.000000    -0.000000     0.311468 
2458915.155660 0.000000 0.000000    -0.000000     0.311468 
2458916.086958 0.000000 0.000000    -0.000000     0.311468 
2458917.018255 0.000000 0.000000    -0.000000     0.311468 
2458917.949553 0.000000 0.000000    -0.000000     0.311468 
2458918.880851 0.000000 0.000000    -0.000000     0.311468 
2458919.812149 0.000000 0.000000     0.000000     0.311468 
2458920.743447 0.000000 0.000000     0.000000     0.311468 
2458921.674745 0.000000 0.000000     0.000000     0.311468 
2458922.606043 0.000000 0.000000     0.000000     0.311468 
2458923.537340 0.000000 0.000000     0.000000     0.311468 
2458924.468638 0.000000 0.000000     0.000000     0.311468 
2458925.399936 0.000000 0.000000     0.000000     0.311468 
2458926.331234 0.000000 0.000000     0.000000     0.311468 
2458927.262532 0.000000 0.000000     0.000000     0.311468 
2458928.193830 0.000000 0.000000     0.000000     0.311468 
2458929.125127 0.000000 0.000000     0.000000     0.311468 
2458930.056425 0.000000 0.000000    -0.000000     0.311468 
2458930.987723 0.000000 0.000000    -0.000000     0.311468 
2458931.919021 0.000000 0.000000     0.000000     0.311468 
2458932.850319 0.000000 0.000000     0.000000     0.311468 
2458933.781617 0.000000 0.000000     0.000000     0.311468 
2458934.712915 0.000000 0.000000     0.000000     0.311468 
2458935.644212 0.000000 0.000000     0.000000     0.311468 
2458936.575510 0.000000 0.000000     0.000000     0.311468 
2458937.506808 0.000000 0.000000     0.000000     0.311468 
2458938.438106 0.000000 0.000000     0.000000     0.311468 
2458939.369404 0.000000 0.000000    -0.000000     0.311468 
2458940.300702 0.000000 0.000000    -0.000000     0.311468 
2458941.232000 0.000000 0.000000    -0.000000     0.311468 
2458942.163297 0.000000 0.000000    -0.000000     0.311468 
2458943.094595 0.000000 0.000000    -0.000000     0.311468 
2458944.025893 0.000000 0.000000    -0.000000     0.311468 
2458944.957191 0.000000 0.000000     0.000000     0.311468 
2458945.888489 0.000000 0.000000     0.000000     0.311468 
2458946.819787 0.000000 0.000000     0.000000     0.311468 
2458947.751085 0.000000 0.000000     0.000000     0.311468 
2458948.682382 0.000000 0.000000     0.000000     0.311468 
2458949.613680 0.000000 0.000000     0.000000     0.311468 
2458950.544978 0.000000 0.000000     0.000000     0.311468 
2458951.476276 0.000000 0.000000     0.000000     0.311468 
2458952.407574 0.000000 0.000000     0.000000     0.311468 
2458953.338872 0.000000 0.000000     0.000000     0.311468 
2458954.270169 0.000000 0.000000     0.000000     0.311468 
2458955.201467 0.000000 0.000000    -0.000000     0.311468 
2458956.132765 0.000000 0.000000    -0.000000     0.311468 
2458957.064063 0.000000 0.000000     0.000000     0.311468 
2458957.995361 0.000000 0.000000     0.000000     0.311468 
2458958.926659 0.000000 0.000000     0.000000     0.311468 
2458959.857957 0.000000 0.000000     0.000000     0.311468 
2458960.789254 0.000000 0.000000     0.000000     0.311468 
2458961.720552 0.000000 0.000000     0.000000     0.311468 
2458962.651850 0.000000 0.000000     0.000000     0.311468 
2458963.583148 0.000000 0.000000    -0.000000     0.311468 
2458964.514446 0.000000 0.000000    -0.000000     0.311468 
2458965.445744 0.000000 0.000000    -0.000000     0.311468 
2458966.377042 0.000000 0.000000    -0.000000     0.311468 
2458967.308339 0.000000 0.000000    -0.000000     0.311468 
2458968.239637 0.000000 0.000000    -0.000000     0.311468 
2458969.170935 0.000000 0.000000     0.000000     0.311468 
2458970.102233 0.000000 0.000000     0.000000     0.311468 
2458971.033531 0.000000 0.000000     0.000000     0.311468 
2458971.964829 0.000000 0.000000     0.000000     0.311468 
2458972.896126 0.000000 0.000000     0.000000     0.311468 
2458973.827424 0.000000 0.000000     0.000000     0.311468 
2458974.758722 0.000000 0.000000     0.000000     0.311468 
2458975.690020 0.000000 0.000000     0.000000     0.311468 
2458976.621318 0.000000 0.000000     0.000000     0.311468 
2458977.552616 0.000000 0.000000     0.000000     0.311468 
2458978.483914 0.000000 0.000000     0.000000     0.311468 
2458979.415211 0.000000 0.000000     0.000000     0.311468 
2458980.346509 0.000000 0.000000     0.000000     0.311468 
2458981.277807 0.000000 0.000000     0.000000     0.311468 
2458982.209105 0.000000 0.000000     0.000000     0.311468 
2458983.140403 0.000000 0.000000     0.000000     0.311468 
2458984.071701 0.000000 0.000000     0.000000     0.311468 
2458985.002999 0.000000 0.000000     0.000000     0.311468 
2458985.934296 0.000000 0.000000     0.000000     0.311468 
2458986.865594 0.000000 0.000000     0.000000     0.311468 
2458987.796892 0.000000 0.000000    -0.000000     0.311468 
2458988.728190 0.000000 0.000000    -0.000000     0.311468 
2458989.659488 0.000000 0.000000    -0.000000     0.311468 
2458990.590786 0.000000 0.000000    -0.000000     0.311468 
2458991.522084 0.000000 0.000000    -0.000000     0.311468 
2458992.453381 0.000000 0.000000    -0.000000     0.311468 
2458993.384679 0.000000 0.000000    -0.000000     0.311468 
2458994.315977 0.000000 0.000000     0.000000     0.311468 
2458995.247275 0.000000 0.000000     0.000000     0.311468 
2458996.178573 0.000000 0.000000     0.000000     0.311468 
2458997.109871 0.000000 0.000000     0.000000     0.311468 
2458998.041168 0.000000 0.000000     0.000000     0.311468 
2458998.972466 0.000000 0.000000     0.000000     0.311468 
2458999.903764 0.000000 0.000000     0.000000     0.311468 
2459000.835062 0.000000 0.000000     0.000000     0.311468 
2459001.766360 0.000000 0.000000     0.000000     0.311468 
2459002.697658 0.000000 0.000000     0.000000     0.311468 
2459003.628956 0.000000 0.000000     0.000000     0.311468 
2459004.560253 0.000000 0.000000     0.000000     0.311468 
2459005.491551 0.000000 0.000000     0.000000     0.311468 
2459006.422849 0.000000 0.000000    -0.000000     0.311468 
2459007.354147 0.000000 0.000000     0.000000     0.311468 
2459008.285445 0.000000 0.000000     0.000000     0.311468 
2459009.216743 0.000000 0.000000     0.000000     0.311468 
2459010.148041 0.000000 0.000000     0.000000     0.311468 
2459011.079338 0.000000 0.000000     0.000000     0.311468 
2459012.010636 0.000000 0.000000     0.000000     0.311468 
2459012.941934 0.000000 0.000000    -0.000000     0.311468 
2459013.873232 0.000000 0.000000    -0.000000     0.311468 
2459014.804530 0.000000 0.000000    -0.000000     0.311468 
2459015.735828 0.000000 0.000000    -0.000000     0.311468 
2459016.667125 0.000000 0.000000    -0.000000     0.311468 
2459017.598423 0.000000 0.000000    -0.000000     0.311468 
2459018.529721 0.000000 0.000000    -0.000000     0.311468 
2459019.461019 0.000000 0.000000    -0.000000     0.311468 
2459020.392317 0.000000 0.000000    -0.000000     0.311468 
2459021.323615 0.000000 0.000000     0.000000     0.311468 
2459022.254913 0.000000 0.000000     0.000000     0.311468 
2459023.186210 0.000000 0.000000     0.000000     0.311468 
2459024.117508 0.000000 0.000000     0.000000     0.311468 
2459025.048806 0.000000 0.000000    -0.000000     0.311468 
2459025.980104 0.000000 0.000000    -0.000000     0.311468 
2459026.911402 0.000000 0.000000    -0.000000     0.311468 
2459027.842700 0.000000 0.000000    -0.000000     0.311468 
2459028.773998 0.000000 0.000000    -0.000000     0.311468 
2459029.705295 0.000000 0.000000    -0.000000     0.311468 
2459030.636593 0.000000 0.000000    -0.000000     0.311468 
2459031.567891 0.000000 0.000000    -0.000000     0.311468 
2459032.499189 0.000000 0.000000     0.000000     0.311468 
2459033.430487 0.000000 0.000000     0.000000     0.311468 
2459034.361785 0.000000 0.000000     0.000000     0.311468 
2459035.293082 0.000000 0.000000     0.000000     0.311468 
2459036.224380 0.000000 0.000000     0.000000     0.311468 
2459037.155678 0.000000 0.000000     0.000000     0.311468 
2459038.086976 0.000000 0.000000     0.000000     0.311468 
2459039.018274 0.000000 0.000000     0.000000     0.311468 
2459039.949572 0.000000 0.000000    -0.000000     0.311468 
2459040.880870 0.000000 0.000000    -0.000000     0.311468 
2459041.812167 0.000000 0.000000    -0.000000     0.311468 
2459042.743465 0.000000 0.000000    -0.000000     0.311468 
2459043.674763 0.000000 0.000000    -0.000000     0.311468 
2459044.606061 0.000000 0.000000     0.000000     0.311468 
2459045.537359 0.000000 0.000000     0.000000     0.311468 
2459046.468657 0.000000 0.000000     0.000000     0.311468 
2459047.399955 0.000000 0.000000     0.000000     0.311468 
2459048.331252 0.000000 0.000000     0.000000     0.311468 
2459049.262550 0.000000 0.000000    -0.000000     0.311468 
2459050.193848 0.000000 0.000000    -0.000000     0.311468 
2459051.125146 0.000000 0.000000    -0.000000     0.311468 
2459052.056444 0.000000 0.000000    -0.000000     0.311468 
2459052.987742 0.000000 0.000000    -0.000000     0.311468 
2459053.919040 0.000000 0.000000    -0.000000     0.311468 
2459054.850337 0.000000 0.000000    -0.000000     0.311468 
2459055.781635 0.000000 0.000000    -0.000000     0.311468 
2459056.712933 0.000000 0.000000    -0.000000     0.311468 
2459057.644231 0.000000 0.000000     0.000000     0.311468 
2459058.575529 0.000000 0.000000     0.000000     0.311468 
2459059.506827 0.000000 0.000000     0.000000     0.311468 
2459060.438124 0.000000 0.000000     0.000000     0.311468 
2459061.369422 0.000000 0.000000     0.000000     0.311468 
2459062.300720 0.000000 0.000000     0.000000     0.311468 
2459063.232018 0.000000 0.000000     0.000000     0.311468 
2459064.163316 0.000000 0.000000     0.000000     0.311468 
2459065.094614 0.000000 0.000000    -0.000000     0.311468 
2459066.025912 0.000000 0.000000    -0.000000     0.311468 
2459066.957209 0.000000 0.000000    -0.000000     0.311468 
2459067.888507 0.000000 0.000000    -0.000000     0.311468 
2459068.819805 0.000000 0.000000    -0.000000     0.311468 
2459069.751103 0.000000 0.000000     0.000000     0.311468 
2459070.682401 0.000000 0.000000     0.000000     0.311468 
2459071.613699 0.000000 0.000000     0.000000     0.311468 
2459072.544997 0.000000 0.000000     0.000000     0.311468 
2459073.476294 0.000000 0.000000     0.000000     0.311468 
2459074.407592 0.000000 0.000000    -0.000000     0.311468 
2459075.338890 0.000000 0.000000    -0.000000     0.311468 
2459076.270188 0.000000 0.000000    -0.000000     0.311468 
2459077.201486 0.000000 0.000000    -0.000000     0.311468 
2459078.132784 0.000000 0.000000    -0.000000     0.311468 
2459079.064081 0.000000 0.000000    -0.000000     0.311468 
2459079.995379 0.000000 0.000000    -0.000000     0.311468 
2459080.926677 0.000000 0.000000    -0.000000     0.311468 
2459081.857975 0.000000 0.000000     0.000000     0.311468 
2459082.789273 0.000000 0.000000     0.000000     0.311468 
2459083.720571 0.000000 0.000000     0.000000     0.311468 
2459084.651869 0.000000 0.000000     0.000000     0.311468 
2459085.583166 0.000000 0.000000     0.000000     0.311468 
2459086.514464 0.000000 0.000000     0.000000     0.311468 
2459087.445762 0.000000 0.000000     0.000000     0.311468 
2459088.377060 0.000000 0.000000     0.000000     0.311468 
2459089.308358 0.000000 0.000000    -0.000000     0.311468 
2459090.239656 0.000000 0.000000    -0.000000     0.311468 
2459091.170954 0.000000 0.000000    -0.000000     0.311468 
2459092.102251 0.000000 0.000000    -0.000000     0.311468 
2459093.033549 0.000000 0.000000    -0.000000     0.311468 
2459093.964847 0.000000 0.000000    -0.000000     0.311468 
2459094.896145 0.000000 0.000000     0.000000     0.311468 
2459095.827443 0.000000 0.000000     0.000000     0.311468 
2459096.758741 0.000000 0.000000     0.000000     0.311468 
2459097.690038 0.000000 0.000000     0.000000     0.311468 
2459098.621336 0.000000 0.000000     0.000000     0.311468 
2459099.552634 0.000000 0.000000    -0.000000     0.311468 
2459100.483932 0.000000 0.000000    -0.000000     0.311468 
2459101.415230 0.000000 0.000000    -0.000000     0.311468 
2459102.346528 0.000000 0.000000    -0.000000     0.311468 
2459103.277826 0.000000 0.000000    -0.000000     0.311468 
2459104.209123 0.000000 0.000000    -0.000000     0.311468 
2459105.140421 0.000000 0.000000    -0.000000     0.311468 
2459106.071719 0.000000 0.000000    -0.000000     0.311468 
2459107.003017 0.000000 0.000000     0.000000     0.311468 
2459107.934315 0.000000 0.000000     0.000000     0.311468 
2459108.865613 0.000000 0.000000     0.000000     0.311468 
2459109.796911 0.000000 0.000000     0.000000     0.311468 
2459110.728208 0.000000 0.000000     0.000000     0.311468 
2459111.659506 0.000000 0.000000     0.000000     0.311468 
2459112.590804 0.000000 0.000000     0.000000     0.311468 
2459113.522102 0.000000 0.000000     0.000000     0.311468 
2459114.453400 0.000000 0.000000    -0.000000     0.311468 
2459115.384698 0.000000 0.000000    -0.000000     0.311468 
2459116.315996 0.000000 0.000000    -0.000000     0.311468 
2459117.247293 0.000000 0.000000    -0.000000     0.311468 
2459118.178591 0.000000 0.000000    -0.000000     0.311468 
2459119.109889 0.000000 0.000000     0.000000     0.311468 
2459120.041187 0.000000 0.000000     0.000000     0.311468 
2459120.972485 0.000000 0.000000     0.000000     0.311468 
2459121.903783 0.000000 0.000000     0.000000     0.311468 
2459122.835080 0.000000 0.000000     0.000000     0.311468 
2459123.766378 0.000000 0.000000    -0.000000     0.311468 
2459124.697676 0.000000 0.000000    -0.000000     0.311468 
2459125.628974 0.000000 0.000000    -0.000000     0.311468 
2459126.560272 0.000000 0.000000    -0.000000     0.311468 
2459127.491570 0.000000 0.000000    -0.000000     0.311468 
2459128.422868 0.000000 0.000000    -0.000000     0.311468 
2459129.354165 0.000000 0.000000    -0.000000     0.311468 
2459130.285463 0.000000 0.000000    -0.000000     0.311468 
2459131.216761 0.000000 0.000000    -0.000000     0.311468 
2459132.148059 0.000000 0.000000     0.000000     0.311468 
2459133.079357 0.000000 0.000000     0.000000     0.311468 
2459134.010655 0.000000 0.000000     0.000000     0.311468 
2459134.941953 0.000000 0.000000     0.000000     0.311468 
2459135.873250 0.000000 0.000000     0.000000     0.311468 
2459136.804548 0.000000 0.000000     0.000000     0.311468 
2459137.735846 0.000000 0.000000    -0.000000     0.311468 
2459138.667144 0.000000 0.000000    -0.000000     0.311468 
2459139.598442 0.000000 0.000000    -0.000000     0.311468 
2459140.529740 0.000000 0.000000    -0.000000     0.311468 
2459141.461037 0.000000 0.000000    -0.000000     0.311468 
2459142.392335 0.000000 0.000000    -0.000000     0.311468 
2459143.323633 0.000000 0.000000    -0.000000     0.311468 
2459144.254931 0.000000 0.000000     0.000000     0.311468 
2459145.186229 0.000000 0.000000     0.000000     0.311468 
2459146.117527 0.000000 0.000000     0.000000     0.311468 
2459147.048825 0.000000 0.000000     0.000000     0.311468 
2459147.980122 0.000000 0.000000     0.000000     0.311468 
2459148.911420 0.000000 0.000000    -0.000000     0.311468 
2459149.842718 0.000000 0.000000    -0.000000     0.311468 
2459150.774016 0.000000 0.000000    -0.000000     0.311468 
2459151.705314 0.000000 0.000000    -0.000000     0.311468 
2459152.636612 0.000000 0.000000     0.000000     0.311468 
2459153.567910 0.000000 0.000000     0.000000     0.311468 
2459154.499207 0.000000 0.000000     0.000000     0.311468 
2459155.430505 0.000000 0.000000     0.000000     0.311468 
2459156.361803 0.000000 0.000000     0.000000     0.311468 
2459157.293101 0.000000 0.000000     0.000000     0.311468 
2459158.224399 0.000000 0.000000     0.000000     0.311468 
2459159.155697 0.000000 0.000000     0.000000     0.311468 
2459160.086994 0.000000 0.000000     0.000000     0.311468 
2459161.018292 0.000000 0.000000     0.000000     0.311468 
2459161.949590 0.000000 0.000000     0.000000     0.311468 
2459162.880888 0.000000 0.000000    -0.000000     0.311468 
2459163.812186 0.000000 0.000000    -0.000000     0.311468 
2459164.743484 0.000000 0.000000    -0.000000     0.311468 
2459165.674782 0.000000 0.000000    -0.000000     0.311468 
2459166.606079 0.000000 0.000000    -0.000000     0.311468 
2459167.537377 0.000000 0.000000    -0.000000     0.311468 
2459168.468675 0.000000 0.000000    -0.000000     0.311468 
2459169.399973 0.000000 0.000000     0.000000     0.311468 
2459170.331271 0.000000 0.000000     0.000000     0.311468 
2459171.262569 0.000000 0.000000     0.000000     0.311468 
2459172.193867 0.000000 0.000000     0.000000     0.311468 
2459173.125164 0.000000 0.000000     0.000000     0.311468 
2459174.056462 0.000000 0.000000     0.000000     0.311468 
2459174.987760 0.000000 0.000000     0.000000     0.311468 
2459175.919058 0.000000 0.000000     0.000000     0.311468 
2459176.850356 0.000000 0.000000     0.000000     0.311468 
2459177.781654 0.000000 0.000000     0.000000     0.311468 
2459178.712952 0.000000 0.000000     0.000000     0.311468 
2459179.644249 0.000000 0.000000     0.000000     0.311468 
2459180.575547 0.000000 0.000000     0.000000     0.311468 
2459181.506845 0.000000 0.000000     0.000000     0.311468 
2459182.438143 0.000000 0.000000     0.000000     0.311468 
2459183.369441 0.000000 0.000000     0.000000     0.311468 
2459184.300739 0.000000 0.000000     0.000000     0.311468 
2459185.232036 0.000000 0.000000     0.000000     0.311468 
2459186.163334 0.000000 0.000000     0.000000     0.311468 
2459187.094632 0.000000 0.000000    -0.000000     0.311468 
2459188.025930 0.000000 0.000000    -0.000000     0.311468 
2459188.957228 0.000000 0.000000    -0.000000     0.311468 
2459189.888526 0.000000 0.000000    -0.000000     0.311468 
2459190.819824 0.000000 0.000000    -0.000000     0.311468 
2459191.751121 0.000000 0.000000    -0.000000     0.311468 
2459192.682419 0.000000 0.000000    -0.000000     0.311468 
2459193.613717 0.000000 0.000000    -0.000000     0.311468 
2459194.545015 0.000000 0.000000    -0.000000     0.311468 
2459195.476313 0.000000 0.000000    -0.000000     0.311468 
2459196.407611 0.000000 0.000000    -0.000000     0.311468 
2459197.338909 0.000000 0.000000    -0.000000     0.311468 
2459198.270206 0.000000 0.000000     0.000000     0.311468 
2459199.201504 0.000000 0.000000     0.000000     0.311468 
2459200.132802 0.000000 0.000000     0.000000     0.311468 
2459201.064100 0.000000 0.000000     0.000000     0.311468 
2459201.995398 0.000000 0.000000     0.000000     0.311468 
2459202.926696 0.000000 0.000000     0.000000     0.311468 
2459203.857993 0.000000 0.000000     0.000000     0.311468 
2459204.789291 0.000000 0.000000     0.000000     0.311468 
2459205.720589 0.000000 0.000000     0.000000     0.311468 
2459206.651887 0.000000 0.000000     0.000000     0.311468 
2459207.583185 0.000000 0.000000     0.000000     0.311468 
2459208.514483 0.000000 0.000000     0.000000     0.311468 
2459209.445781 0.000000 0.000000     0.000000     0.311468 
2459210.377078 0.000000 0.000000     0.000000     0.311468 
2459211.308376 0.000000 0.000000     0.000000     0.311468 
2459212.239674 0.000000 0.000000    -0.000000     0.311468 
2459213.170972 0.000000 0.000000    -0.000000     0.311468 
2459214.102270 0.000000 0.000000    -0.000000     0.311468 
2459215.033568 0.000000 0.000000    -0.000000     0.311468 
2459215.964866 0.000000 0.000000    -0.000000     0.311468 
2459216.896163 0.000000 0.000000    -0.000000     0.311468 
2459217.827461 0.000000 0.000000    -0.000000     0.311468 
2459218.758759 0.000000 0.000000    -0.000000     0.311468 
2459219.690057 0.000000 0.000000    -0.000000     0.311468 
2459220.621355 0.000000 0.000000    -0.000000     0.311468 
2459221.552653 0.000000 0.000000    -0.000000     0.311468 
2459222.483950 0.000000 0.000000     0.000000     0.311468 
2459223.415248 0.000000 0.000000     0.000000     0.311468 
2459224.346546 0.000000 0.000000     0.000000     0.311468 
2459225.277844 0.000000 0.000000     0.000000     0.311468 
2459226.209142 0.000000 0.000000     0.000000     0.311468 
2459227.140440 0.000000 0.000000     0.000000     0.311468 
2459228.071738 0.000000 0.000000     0.000000     0.311468 
2459229.003035 0.000000 0.000000     0.000000     0.311468 
2459229.934333 0.000000 0.000000     0.000000     0.311468 
2459230.865631 0.000000 0.000000     0.000000     0.311468 
2459231.796929 0.000000 0.000000    -0.000000     0.311468 
2459232.728227 0.000000 0.000000     0.000000     0.311468 
2459233.659525 0.000000 0.000000     0.000000     0.311468 
2459234.590823 0.000000 0.000000     0.000000     0.311468 
2459235.522120 0.000000 0.000000     0.000000     0.311468 
2459236.453418 0.000000 0.000000     0.000000     0.311468 
2459237.384716 0.000000 0.000000    -0.000000     0.311468 
2459238.316014 0.000000 0.000000    -0.000000     0.311468 
2459239.247312 0.000000 0.000000    -0.000000     0.311468 
2459240.178610 0.000000 0.000000    -0.000000     0.311468 
2459241.109908 0.000000 0.000000    -0.000000     0.311468 
2459242.041205 0.000000 0.000000    -0.000000     0.311468 
2459242.972503 0.000000 0.000000    -0.000000     0.311468 
2459243.903801 0.000000 0.000000    -0.000000     0.311468 
2459244.835099 0.000000 0.000000     0.000000     0.311468 
2459245.766397 0.000000 0.000000     0.000000     0.311468 
2459246.697695 0.000000 0.000000     0.000000     0.311468 
2459247.628992 0.000000 0.000000     0.000000     0.311468 
2459248.560290 0.000000 0.000000     0.000000     0.311468 
2459249.491588 0.000000 0.000000    -0.000000     0.311468 
2459250.422886 0.000000 0.000000    -0.000000     0.311468 
2459251.354184 0.000000 0.000000    -0.000000     0.311468 
2459252.285482 0.000000 0.000000    -0.000000     0.311468 
2459253.216780 0.000000 0.000000    -0.000000     0.311468 
2459254.148077 0.000000 0.000000    -0.000000     0.311468 
2459255.079375 0.000000 0.000000    -0.000000     0.311468 
2459256.010673 0.000000 0.000000    -0.000000     0.311468 
2459256.941971 0.000000 0.000000     0.000000     0.311468 
2459257.873269 0.000000 0.000000     0.000000     0.311468 
2459258.804567 0.000000 0.000000     0.000000     0.311468 
2459259.735865 0.000000 0.000000     0.000000     0.311468 
2459260.667162 0.000000 0.000000     0.000000     0.311468 
2459261.598460 0.000000 0.000000    -0.000000     0.311468 
2459262.529758 0.000000 0.000000     0.000000     0.311468 
2459263.461056 0.000000 0.000000     0.000000     0.311468 
2459264.392354 0.000000 0.000000    -0.000000     0.311468 
2459265.323652 0.000000 0.000000    -0.000000     0.311468 
2459266.254949 0.000000 0.000000    -0.000000     0.311468 
2459267.186247 0.000000 0.000000    -0.000000     0.311468 
2459268.117545 0.000000 0.000000    -0.000000     0.311468 
2459269.048843 0.000000 0.000000    -0.000000     0.311468 
2459269.980141 0.000000 0.000000     0.000000     0.311468 
2459270.911439 0.000000 0.000000     0.000000     0.311468 
2459271.842737 0.000000 0.000000     0.000000     0.311468 
2459272.774034 0.000000 0.000000     0.000000     0.311468 
2459273.705332 0.000000 0.000000     0.000000     0.311468 
2459274.636630 0.000000 0.000000    -0.000000     0.311468 
2459275.567928 0.000000 0.000000    -0.000000     0.311468 
2459276.499226 0.000000 0.000000    -0.000000     0.311468 
2459277.430524 0.000000 0.000000    -0.000000     0.311468 
2459278.361822 0.000000 0.000000    -0.000000     0.311468 
2459279.293119 0.000000 0.000000    -0.000000     0.311468 
2459280.224417 0.000000 0.000000    -0.000000     0.311468 
2459281.155715 0.000000 0.000000    -0.000000     0.311468 
2459282.087013 0.000000 0.000000     0.000000     0.311468 
2459283.018311 0.000000 0.000000     0.000000     0.311468 
2459283.949609 0.000000 0.000000     0.000000     0.311468 
2459284.880907 0.000000 0.000000     0.000000     0.311468 
2459285.812204 0.000000 0.000000     0.000000     0.311468 
2459286.743502 0.000000 0.000000     0.000000     0.311468 
2459287.674800 0.000000 0.000000     0.000000     0.311468 
2459288.606098 0.000000 0.000000     0.000000     0.311468 
2459289.537396 0.000000 0.000000    -0.000000     0.311468 
2459290.468694 0.000000 0.000000    -0.000000     0.311468 
2459291.399991 0.000000 0.000000    -0.000000     0.311468 
2459292.331289 0.000000 0.000000    -0.000000     0.311468 
2459293.262587 0.000000 0.000000    -0.000000     0.311468 
2459294.193885 0.000000 0.000000     0.000000     0.311468 
2459295.125183 0.000000 0.000000     0.000000     0.311468 
2459296.056481 0.000000 0.000000     0.000000     0.311468 
2459296.987779 0.000000 0.000000     0.000000     0.311468 
2459297.919076 0.000000 0.000000     0.000000     0.311468 
2459298.850374 0.000000 0.000000    -0.000000     0.311468 
2459299.781672 0.000000 0.000000    -0.000000     0.311468 
2459300.712970 0.000000 0.000000    -0.000000     0.311468 
2459301.644268 0.000000 0.000000    -0.000000     0.311468 
2459302.575566 0.000000 0.000000    -0.000000     0.311468 
2459303.506864 0.000000 0.000000    -0.000000     0.311468 
2459304.438161 0.000000 0.000000    -0.000000     0.311468 
2459305.369459 0.000000 0.000000    -0.000000     0.311468 
2459306.300757 0.000000 0.000000    -0.000000     0.311468 
2459307.232055 0.000000 0.000000     0.000000     0.311468 
2459308.163353 0.000000 0.000000     0.000000     0.311468 
2459309.094651 0.000000 0.000000     0.000000     0.311468 
2459310.025948 0.000000 0.000000     0.000000     0.311468 
2459310.957246 0.000000 0.000000     0.000000     0.311468 
2459311.888544 0.000000 0.000000     0.000000     0.311468 
2459312.819842 0.000000 0.000000     0.000000     0.311468 
2459313.751140 0.000000 0.000000     0.000000     0.311468 
2459314.682438 0.000000 0.000000    -0.000000     0.311468 
2459315.613736 0.000000 0.000000    -0.000000     0.311468 
2459316.545033 0.000000 0.000000    -0.000000     0.311468 
2459317.476331 0.000000 0.000000    -0.000000     0.311468 
2459318.407629 0.000000 0.000000    -0.000000     0.311468 
2459319.338927 0.000000 0.000000     0.000000     0.311468 
2459320.270225 0.000000 0.000000     0.000000     0.311468 
2459321.201523 0.000000 0.000000     0.000000     0.311468 
2459322.132821 0.000000 0.000000     0.000000     0.311468 
2459323.064118 0.000000 0.000000     0.000000     0.311468 
2459323.995416 0.000000 0.000000    -0.000000     0.311468 
2459324.926714 0.000000 0.000000    -0.000000     0.311468 
2459325.858012 0.000000 0.000000    -0.000000     0.311468 
2459326.789310 0.000000 0.000000    -0.000000     0.311468 
2459327.720608 0.000000 0.000000    -0.000000     0.311468 
2459328.651905 0.000000 0.000000    -0.000000     0.311468 
2459329.583203 0.000000 0.000000    -0.000000     0.311468 
2459330.514501 0.000000 0.000000    -0.000000     0.311468 
2459331.445799 0.000000 0.000000    -0.000000     0.311468 
2459332.377097 0.000000 0.000000     0.000000     0.311468 
2459333.308395 0.000000 0.000000     0.000000     0.311468 
2459334.239693 0.000000 0.000000     0.000000     0.311468 
2459335.170990 0.000000 0.000000     0.000000     0.311468 
2459336.102288 0.000000 0.000000     0.000000     0.311468 
2459337.033586 0.000000 0.000000     0.000000     0.311468 
2459337.964884 0.000000 0.000000     0.000000     0.311468 
2459338.896182 0.000000 0.000000    -0.000000     0.311468 
2459339.827480 0.000000 0.000000    -0.000000     0.311468 
2459340.758778 0.000000 0.000000    -0.000000     0.311468 
2459341.690075 0.000000 0.000000    -0.000000     0.311468 
2459342.621373 0.000000 0.000000    -0.000000     0.311468 
2459343.552671 0.000000 0.000000    -0.000000     0.311468 
2459344.483969 0.000000 0.000000     0.000000     0.311468 
2459345.415267 0.000000 0.000000     0.000000     0.311468 
2459346.346565 0.000000 0.000000     0.000000     0.311468 
2459347.277863 0.000000 0.000000     0.000000     0.311468 
2459348.209160 0.000000 0.000000     0.000000     0.311468 
2459349.140458 0.000000 0.000000    -0.000000     0.311468 
2459350.071756 0.000000 0.000000    -0.000000     0.311468 
2459351.003054 0.000000 0.000000    -0.000000     0.311468 
2459351.934352 0.000000 0.000000    -0.000000     0.311468 
2459352.865650 0.000000 0.000000     0.000000     0.311468 
2459353.796947 0.000000 0.000000     0.000000     0.311468 
2459354.728245 0.000000 0.000000    -0.000000     0.311468 
2459355.659543 0.000000 0.000000    -0.000000     0.311468 
2459356.590841 0.000000 0.000000     0.000000     0.311468 
2459357.522139 0.000000 0.000000     0.000000     0.311468 
2459358.453437 0.000000 0.000000     0.000000     0.311468 
2459359.384735 0.000000 0.000000     0.000000     0.311468 
2459360.316032 0.000000 0.000000     0.000000     0.311468 
2459361.247330 0.000000 0.000000     0.000000     0.311468 
2459362.178628 0.000000 0.000000     0.000000     0.311468 
2459363.109926 0.000000 0.000000    -0.000000     0.311468 
2459364.041224 0.000000 0.000000    -0.000000     0.311468 
2459364.972522 0.000000 0.000000    -0.000000     0.311468 
2459365.903820 0.000000 0.000000    -0.000000     0.311468 
2459366.835117 0.000000 0.000000    -0.000000     0.311468 
2459367.766415 0.000000 0.000000    -0.000000     0.311468 
2459368.697713 0.000000 0.000000    -0.000000     0.311468 
2459369.629011 0.000000 0.000000     0.000000     0.311468 
2459370.560309 0.000000 0.000000     0.000000     0.311468 
2459371.491607 0.000000 0.000000     0.000000     0.311468 
2459372.422904 0.000000 0.000000     0.000000     0.311468 
2459373.354202 0.000000 0.000000     0.000000     0.311468 
2459374.285500 0.000000 0.000000    -0.000000     0.311468 
2459375.216798 0.000000 0.000000    -0.000000     0.311468 
2459376.148096 0.000000 0.000000    -0.000000     0.311468 
2459377.079394 0.000000 0.000000     0.000000     0.311468 
2459378.010692 0.000000 0.000000     0.000000     0.311468 
2459378.941989 0.000000 0.000000     0.000000     0.311468 
2459379.873287 0.000000 0.000000     0.000000     0.311468 
2459380.804585 0.000000 0.000000     0.000000     0.311468 
2459381.735883 0.000000 0.000000     0.000000     0.311468 
2459382.667181 0.000000 0.000000     0.000000     0.311468 
2459383.598479 0.000000 0.000000     0.000000     0.311468 
2459384.529777 0.000000 0.000000     0.000000     0.311468 
2459385.461074 0.000000 0.000000     0.000000     0.311468 
2459386.392372 0.000000 0.000000     0.000000     0.311468 
2459387.323670 0.000000 0.000000    -0.000000     0.311468 
2459388.254968 0.000000 0.000000    -0.000000     0.311468 
2459389.186266 0.000000 0.000000    -0.000000     0.311468 
2459390.117564 0.000000 0.000000    -0.000000     0.311468 
2459391.048861 0.000000 0.000000    -0.000000     0.311468 
2459391.980159 0.000000 0.000000    -0.000000     0.311468 
2459392.911457 0.000000 0.000000    -0.000000     0.311468 
2459393.842755 0.000000 0.000000    -0.000000     0.311468 
2459394.774053 0.000000 0.000000    -0.000000     0.311468 
2459395.705351 0.000000 0.000000    -0.000000     0.311468 
2459396.636649 0.000000 0.000000    -0.000000     0.311468 
2459397.567946 0.000000 0.000000    -0.000000     0.311468 
2459398.499244 0.000000 0.000000     0.000000     0.311468 
2459399.430542 0.000000 0.000000     0.000000     0.311468 
2459400.361840 0.000000 0.000000     0.000000     0.311468 
2459401.293138 0.000000 0.000000     0.000000     0.311468 
2459402.224436 0.000000 0.000000     0.000000     0.311468 
2459403.155734 0.000000 0.000000     0.000000     0.311468 
2459404.087031 0.000000 0.000000     0.000000     0.311468 
2459405.018329 0.000000 0.000000     0.000000     0.311468 
2459405.949627 0.000000 0.000000     0.000000     0.311468 
2459406.880925 0.000000 0.000000     0.000000     0.311468 
2459407.812223 0.000000 0.000000     0.000000     0.311468 
2459408.743521 0.000000 0.000000     0.000000     0.311468 
2459409.674819 0.000000 0.000000     0.000000     0.311468 
2459410.606116 0.000000 0.000000     0.000000     0.311468 
2459411.537414 0.000000 0.000000     0.000000     0.311468 
2459412.468712 0.000000 0.000000    -0.000000     0.311468 
2459413.400010 0.000000 0.000000    -0.000000     0.311468 
2459414.331308 0.000000 0.000000    -0.000000     0.311468 
2459415.262606 0.000000 0.000000    -0.000000     0.311468 
2459416.193903 0.000000 0.000000    -0.000000     0.311468 
2459417.125201 0.000000 0.000000    -0.000000     0.311468 
2459418.056499 0.000000 0.000000    -0.000000     0.311468 
2459418.987797 0.000000 0.000000    -0.000000     0.311468 
2459419.919095 0.000000 0.000000    -0.000000     0.311468 
2459420.850393 0.000000 0.000000    -0.000000     0.311468 
2459421.781691 0.000000 0.000000    -0.000000     0.311468 
2459422.712988 0.000000 0.000000    -0.000000     0.311468 
2459423.644286 0.000000 0.000000     0.000000     0.311468 
2459424.575584 0.000000 0.000000     0.000000     0.311468 
2459425.506882 0.000000 0.000000     0.000000     0.311468 
2459426.438180 0.000000 0.000000     0.000000     0.311468 
2459427.369478 0.000000 0.000000     0.000000     0.311468 
2459428.300776 0.000000 0.000000     0.000000     0.311468 
2459429.232073 0.000000 0.000000     0.000000     0.311468 
2459430.163371 0.000000 0.000000     0.000000     0.311468 
2459431.094669 0.000000 0.000000     0.000000     0.311468 
2459432.025967 0.000000 0.000000     0.000000     0.311468 
2459432.957265 0.000000 0.000000     0.000000     0.311468 
2459433.888563 0.000000 0.000000     0.000000     0.311468 
2459434.819860 0.000000 0.000000     0.000000     0.311468 
2459435.751158 0.000000 0.000000     0.000000     0.311468 
2459436.682456 0.000000 0.000000     0.000000     0.311468 
2459437.613754 0.000000 0.000000    -0.000000     0.311468 
2459438.545052 0.000000 0.000000    -0.000000     0.311468 
2459439.476350 0.000000 0.000000    -0.000000     0.311468 
2459440.407648 0.000000 0.000000    -0.000000     0.311468 
2459441.338945 0.000000 0.000000    -0.000000     0.311468 
2459442.270243 0.000000 0.000000    -0.000000     0.311468 
2459443.201541 0.000000 0.000000    -0.000000     0.311468 
2459444.132839 0.000000 0.000000    -0.000000     0.311468 
2459445.064137 0.000000 0.000000    -0.000000     0.311468 
2459445.995435 0.000000 0.000000     0.000000     0.311468 
2459446.926733 0.000000 0.000000     0.000000     0.311468 
2459447.858030 0.000000 0.000000     0.000000     0.311468 
2459448.789328 0.000000 0.000000     0.000000     0.311468 
2459449.720626 0.000000 0.000000     0.000000     0.311468 
2459450.651924 0.000000 0.000000     0.000000     0.311468 
2459451.583222 0.000000 0.000000     0.000000     0.311468 
2459452.514520 0.000000 0.000000     0.000000     0.311468 
2459453.445817 0.000000 0.000000     0.000000     0.311468 
2459454.377115 0.000000 0.000000     0.000000     0.311468 
2459455.308413 0.000000 0.000000     0.000000     0.311468 
2459456.239711 0.000000 0.000000    -0.000000     0.311468 
2459457.171009 0.000000 0.000000     0.000000     0.311468 
2459458.102307 0.000000 0.000000     0.000000     0.311468 
2459459.033605 0.000000 0.000000     0.000000     0.311468 
2459459.964902 0.000000 0.000000     0.000000     0.311468 
2459460.896200 0.000000 0.000000     0.000000     0.311468 
2459461.827498 0.000000 0.000000    -0.000000     0.311468 
2459462.758796 0.000000 0.000000    -0.000000     0.311468 
2459463.690094 0.000000 0.000000    -0.000000     0.311468 
2459464.621392 0.000000 0.000000    -0.000000     0.311468 
2459465.552690 0.000000 0.000000    -0.000000     0.311468 
2459466.483987 0.000000 0.000000    -0.000000     0.311468 
2459467.415285 0.000000 0.000000    -0.000000     0.311468 
2459468.346583 0.000000 0.000000    -0.000000     0.311468 
2459469.277881 0.000000 0.000000     0.000000     0.311468 
2459470.209179 0.000000 0.000000     0.000000     0.311468 
2459471.140477 0.000000 0.000000     0.000000     0.311468 
2459472.071775 0.000000 0.000000     0.000000     0.311468 
2459473.003072 0.000000 0.000000     0.000000     0.311468 
2459473.934370 0.000000 0.000000     0.000000     0.311468 
2459474.865668 0.000000 0.000000    -0.000000     0.311468 
2459475.796966 0.000000 0.000000    -0.000000     0.311468 
2459476.728264 0.000000 0.000000    -0.000000     0.311468 
2459477.659562 0.000000 0.000000    -0.000000     0.311468 
2459478.590859 0.000000 0.000000    -0.000000     0.311468 
2459479.522157 0.000000 0.000000    -0.000000     0.311468 
2459480.453455 0.000000 0.000000    -0.000000     0.311468 
2459481.384753 0.000000 0.000000    -0.000000     0.311468 
2459482.316051 0.000000 0.000000     0.000000     0.311468 
2459483.247349 0.000000 0.000000     0.000000     0.311468 
2459484.178647 0.000000 0.000000     0.000000     0.311468 
2459485.109944 0.000000 0.000000     0.000000     0.311468 
2459486.041242 0.000000 0.000000    -0.000000     0.311468 
2459486.972540 0.000000 0.000000     0.000000     0.311468 
2459487.903838 0.000000 0.000000     0.000000     0.311468 
2459488.835136 0.000000 0.000000     0.000000     0.311468 
2459489.766434 0.000000 0.000000    -0.000000     0.311468 
2459490.697732 0.000000 0.000000    -0.000000     0.311468 
2459491.629029 0.000000 0.000000    -0.000001     0.311468 
2459492.560327 0.000000 0.000000    -0.000001     0.311468 
2459493.491625 0.000000 0.000000    -0.000000     0.311468 
2459494.422923 0.000000 0.000000     0.000000     0.311468 
2459495.354221 0.000000 0.000000     0.000001     0.311468 
2459496.285519 0.000000 0.000000     0.000001     0.311468 
2459497.216816 0.000000 0.000000     0.000001     0.311468 
2459498.148114 0.000000 0.000000     0.000000     0.311468 
2459499.079412 0.000000 0.000000    -0.000000     0.311468 
2459500.010710 0.000000 0.000000    -0.000001     0.311468 
2459500.942008 0.000000 0.000000    -0.000001     0.311468 
2459501.873306 0.000000 0.000000    -0.000000     0.311468 
2459502.804604 0.000000 0.000000    -0.000000     0.311468 
2459503.735901 0.000000 0.000000    -0.000000     0.311468 
2459504.667199 0.000000 0.000000    -0.000000     0.311468 
2459505.598497 0.000000 0.000000    -0.000000     0.311468 
2459506.529795 0.000000 0.000000    -0.000000     0.311468 
2459507.461093 0.000000 0.000000     0.000000     0.311468 
2459508.392391 0.000000 0.000000     0.000000     0.311468 
2459509.323689 0.000000 0.000000     0.000000     0.311468 
2459510.254986 0.000000 0.000000     0.000000     0.311468 
2459511.186284 0.000000 0.000000     0.000000     0.311468 
2459512.117582 0.000000 0.000000     0.000000     0.311468 
2459513.048880 0.000000 0.000000     0.000000     0.311468 
2459513.980178 0.000000 0.000000     0.000000     0.311468 
2459514.911476 0.000000 0.000000    -0.000000     0.311468 
2459515.842773 0.000000 0.000000    -0.000001     0.311468 
2459516.774071 0.000000 0.000000    -0.000002     0.311468 
2459517.705369 0.000000 0.000000    -0.000001     0.311468 
2459518.636667 0.000000 0.000000    -0.000000     0.311468 
2459519.567965 0.000000 0.000000     0.000001     0.311468 
2459520.499263 0.000000 0.000000     0.000002     0.311468 
2459521.430561 0.000000 0.000000     0.000003     0.311468 
2459522.361858 0.000000 0.000000     0.000002     0.311468 
2459523.293156 0.000000 0.000000     0.000000     0.311468 
2459524.224454 0.000000 0.000000    -0.000001     0.311468 
2459525.155752 0.000000 0.000000    -0.000001     0.311468 
2459526.087050 0.000000 0.000000    -0.000001     0.311468 
2459527.018348 0.000000 0.000000    -0.000001     0.311468 
2459527.949646 0.000000 0.000000    -0.000000     0.311468 
2459528.880943 0.000000 0.000000    -0.000000     0.311468 
2459529.812241 0.000000 0.000000    -0.000000     0.311468 
2459530.743539 0.000000 0.000000    -0.000000     0.311468 
2459531.674837 0.000000 0.000000     0.000000     0.311468 
2459532.606135 0.000000 0.000000     0.000000     0.311468 
2459533.537433 0.000000 0.000000     0.000001     0.311468 
2459534.468731 0.000000 0.000000     0.000000     0.311468 
2459535.400028 0.000000 0.000000     0.000000     0.311468 
2459536.331326 0.000000 0.000000     0.000000     0.311468 
2459537.262624 0.000000 0.000000     0.000000     0.311468 
2459538.193922 0.000000 0.000000     0.000000     0.311468 
2459539.125220 0.000000 0.000000    -0.000000     0.311468 
2459540.056518 0.000000 0.000000    -0.000001     0.311468 
2459540.987815 0.000000 0.000000    -0.000003     0.311468 
2459541.919113 0.000000 0.000000    -0.000003     0.311468 
2459542.850411 0.000000 0.000000    -0.000002     0.311468 
2459543.781709 0.000000 0.000000    -0.000000     0.311468 
2459544.713007 0.000000 0.000000     0.000002     0.311468 
2459545.644305 0.000000 0.000000     0.000004     0.311468 
2459546.575603 0.000000 0.000000     0.000004     0.311468 
2459547.506900 0.000000 0.000000     0.000002     0.311468 
2459548.438198 0.000000 0.000000     0.000000     0.311468 
2459549.369496 0.000000 0.000000    -0.000001     0.311468 
2459550.300794 0.000000 0.000000    -0.000002     0.311468 
2459551.232092 0.000000 0.000000    -0.000001     0.311468 
2459552.163390 0.000000 0.000000    -0.000001     0.311468 
2459553.094688 0.000000 0.000000    -0.000000     0.311468 
2459554.025985 0.000000 0.000000    -0.000000     0.311468 
2459554.957283 0.000000 0.000000    -0.000000     0.311468 
2459555.888581 0.000000 0.000000    -0.000000     0.311468 
2459556.819879 0.000000 0.000000     0.000000     0.311468 
2459557.751177 0.000000 0.000000     0.000001     0.311468 
2459558.682475 0.000000 0.000000     0.000001     0.311468 
2459559.613772 0.000000 0.000000     0.000001     0.311468 
2459560.545070 0.000000 0.000000     0.000001     0.311468 
2459561.476368 0.000000 0.000000     0.000000     0.311468 
2459562.407666 0.000000 0.000000     0.000000     0.311468 
2459563.338964 0.000000 0.000000    -0.000000     0.311468 
2459564.270262 0.000000 0.000000    -0.000002     0.311468 
2459565.201560 0.000000 0.000000    -0.000003     0.311468 
2459566.132857 0.000000 0.000000    -0.000005     0.311468 
2459567.064155 0.000000 0.000000    -0.000005     0.311468 
2459567.995453 0.000000 0.000000    -0.000003     0.311468 
2459568.926751 0.000000 0.000000     0.000000     0.311468 
2459569.858049 0.000000 0.000000     0.000003     0.311468 
2459570.789347 0.000000 0.000000     0.000005     0.311468 
2459571.720645 0.000000 0.000000     0.000004     0.311468 
2459572.651942 0.000000 0.000000     0.000002     0.311468 
2459573.583240 0.000000 0.000000    -0.000000     0.311468 
2459574.514538 0.000000 0.000000    -0.000002     0.311468 
2459575.445836 0.000000 0.000000    -0.000002     0.311468 
2459576.377134 0.000000 0.000000    -0.000001     0.311468 
2459577.308432 0.000000 0.000000    -0.000000     0.311468 
2459578.239730 0.000000 0.000000     0.000000     0.311468 
2459579.171027 0.000000 0.000000     0.000000     0.311468 
2459580.102325 0.000000 0.000000    -0.000000     0.311468 
2459581.033623 0.000000 0.000000    -0.000000     0.311468 
2459581.964921 0.000000 0.000000     0.000000     0.311468 
2459582.896219 0.000000 0.000000     0.000001     0.311468 
2459583.827517 0.000000 0.000000     0.000002     0.311468 
2459584.758814 0.000000 0.000000     0.000002     0.311468 
2459585.690112 0.000000 0.000000     0.000002     0.311468 
2459586.621410 0.000000 0.000000     0.000001     0.311468 
2459587.552708 0.000000 0.000000    -0.000001     0.311468 
2459588.484006 0.000000 0.000000    -0.000002     0.311468 
2459589.415304 0.000000 0.000000    -0.000004     0.311468 
2459590.346602 0.000000 0.000000    -0.000005     0.311468 
2459591.277899 0.000000 0.000000    -0.000006     0.311468 
2459592.209197 0.000000 0.000000    -0.000005     0.311468 
2459593.140495 0.000000 0.000000    -0.000002     0.311468 
2459594.071793 0.000000 0.000000     0.000000     0.311468 
2459595.003091 0.000000 0.000000     0.000002     0.311468 
2459595.934389 0.000000 0.000000     0.000003     0.311468 
2459596.865687 0.000000 0.000000     0.000002     0.311468 
2459597.796984 0.000000 0.000000     0.000001     0.311468 
2459598.728282 0.000000 0.000000    -0.000000     0.311468 
2459599.659580 0.000000 0.000000    -0.000000     0.311468 
2459600.590878 0.000000 0.000000     0.000000     0.311468 
2459601.522176 0.000000 0.000000     0.000001     0.311468 
2459602.453474 0.000000 0.000000     0.000002     0.311468 
2459603.384771 0.000000 0.000000     0.000002     0.311468 
2459604.316069 0.000000 0.000000     0.000001     0.311468 
2459605.247367 0.000000 0.000000     0.000001     0.311468 
2459606.178665 0.000000 0.000000     0.000000     0.311468 
2459607.109963 0.000000 0.000000     0.000001     0.311468 
2459608.041261 0.000000 0.000000     0.000002     0.311468 
2459608.972559 0.000000 0.000000     0.000003     0.311468 
2459609.903856 0.000000 0.000000     0.000004     0.311468 
2459610.835154 0.000000 0.000000     0.000003     0.311468 
2459611.766452 0.000000 0.000000     0.000000     0.311468 
2459612.697750 0.000000 0.000000    -0.000003     0.311468 
2459613.629048 0.000000 0.000000    -0.000006     0.311468 
2459614.560346 0.000000 0.000000    -0.000007     0.311468 
2459615.491644 0.000000 0.000000    -0.000007     0.311468 
2459616.422941 0.000000 0.000000    -0.000005     0.311468 
2459617.354239 0.000000 0.000000    -0.000002     0.311468 
2459618.285537 0.000000 0.000000    -0.000001     0.311468 
2459619.216835 0.000000 0.000000    -0.000001     0.311468 
2459620.148133 0.000000 0.000000    -0.000001     0.311468 
2459621.079431 0.000000 0.000000    -0.000002     0.311468 
2459622.010728 0.000000 0.000000    -0.000001     0.311468 
2459622.942026 0.000000 0.000000     0.000000     0.311468 
2459623.873324 0.000000 0.000000     0.000002     0.311468 
2459624.804622 0.000000 0.000000     0.000003     0.311468 
2459625.735920 0.000000 0.000000     0.000004     0.311468 
2459626.667218 0.000000 0.000000     0.000004     0.311468 
2459627.598516 0.000000 0.000000     0.000004     0.311468 
2459628.529813 0.000000 0.000000     0.000004     0.311468 
2459629.461111 0.000000 0.000000     0.000003     0.311468 
2459630.392409 0.000000 0.000000     0.000001     0.311468 
2459631.323707 0.000000 0.000000     0.000000     0.311468 
2459632.255005 0.000000 0.000000     0.000001     0.311468 
2459633.186303 0.000000 0.000000     0.000002     0.311468 
2459634.117601 0.000000 0.000000     0.000004     0.311468 
2459635.048898 0.000000 0.000000     0.000005     0.311468 
2459635.980196 0.000000 0.000000     0.000004     0.311468 
2459636.911494 0.000000 0.000000    -0.000001     0.311468 
2459637.842792 0.000000 0.000000    -0.000006     0.311468 
2459638.774090 0.000000 0.000000    -0.000009     0.311468 
2459639.705388 0.000000 0.000000    -0.000009     0.311468 
2459640.636686 0.000000 0.000000    -0.000006     0.311468 
2459641.567983 0.000000 0.000000    -0.000002     0.311468 
2459642.499281 0.000000 0.000000    -0.000000     0.311468 
2459643.430579 0.000000 0.000000    -0.000001     0.311468 
2459644.361877 0.000000 0.000000    -0.000003     0.311468 
2459645.293175 0.000000 0.000000    -0.000005     0.311468 
2459646.224473 0.000000 0.000000    -0.000005     0.311468 
2459647.155770 0.000000 0.000000    -0.000002     0.311468 
2459648.087068 0.000000 0.000000     0.000002     0.311468 
2459649.018366 0.000000 0.000000     0.000004     0.311468 
2459649.949664 0.000000 0.000000     0.000006     0.311468 
2459650.880962 0.000000 0.000000     0.000006     0.311468 
2459651.812260 0.000000 0.000000     0.000005     0.311468 
2459652.743558 0.000000 0.000000     0.000005     0.311468 
2459653.674855 0.000000 0.000000     0.000004     0.311468 
2459654.606153 0.000000 0.000000     0.000003     0.311468 
2459655.537451 0.000000 0.000000     0.000001     0.311468 
2459656.468749 0.000000 0.000000     0.000000     0.311468 
2459657.400047 0.000000 0.000000     0.000001     0.311468 
2459658.331345 0.000000 0.000000     0.000003     0.311468 
2459659.262643 0.000000 0.000000     0.000005     0.311468 
2459660.193940 0.000000 0.000000     0.000006     0.311468 
2459661.125238 0.000000 0.000000     0.000003     0.311468 
2459662.056536 0.000000 0.000000    -0.000002     0.311468 
2459662.987834 0.000000 0.000000    -0.000007     0.311468 
2459663.919132 0.000000 0.000000    -0.000009     0.311468 
2459664.850430 0.000000 0.000000    -0.000009     0.311468 
2459665.781727 0.000000 0.000000    -0.000007     0.311468 
2459666.713025 0.000000 0.000000    -0.000006     0.311468 
2459667.644323 0.000000 0.000000    -0.000005     0.311468 
2459668.575621 0.000000 0.000000    -0.000004     0.311468 
2459669.506919 0.000000 0.000000    -0.000001     0.311468 
2459670.438217 0.000000 0.000000     0.000003     0.311468 
2459671.369515 0.000000 0.000000     0.000008     0.311468 
2459672.300812 0.000000 0.000000     0.000009     0.311468 
2459673.232110 0.000000 0.000000     0.000007     0.311468 
2459674.163408 0.000000 0.000000     0.000003     0.311468 
2459675.094706 0.000000 0.000000    -0.000000     0.311468 
2459676.026004 0.000000 0.000000    -0.000001     0.311468 
2459676.957302 0.000000 0.000000     0.000000     0.311468 
2459677.888600 0.000000 0.000000     0.000002     0.311468 
2459678.819897 0.000000 0.000000     0.000002     0.311468 
2459679.751195 0.000000 0.000000    -0.000000     0.311468 
2459680.682493 0.000000 0.000000    -0.000001     0.311468 
2459681.613791 0.000000 0.000000    -0.000000     0.311468 
2459682.545089 0.000000 0.000000     0.000003     0.311468 
2459683.476387 0.000000 0.000000     0.000006     0.311468 
2459684.407684 0.000000 0.000000     0.000006     0.311468 
2459685.338982 0.000000 0.000000     0.000004     0.311468 
2459686.270280 0.000000 0.000000     0.000001     0.311468 
2459687.201578 0.000000 0.000000    -0.000001     0.311468 
2459688.132876 0.000000 0.000000    -0.000001     0.311468 
2459689.064174 0.000000 0.000000    -0.000004     0.311468 
2459689.995472 0.000000 0.000000    -0.000012     0.311468 
2459690.926769 0.000000 0.000000    -0.000024     0.311468 
2459691.858067 0.000000 0.000000    -0.000032     0.311468 
2459692.789365 0.000000 0.000000    -0.000028     0.311468 
2459693.720663 0.000000 0.000000    -0.000007     0.311468 
2459694.651961 0.000000 0.000000     0.000023     0.311468 
2459695.583259 0.000000 0.000000     0.000049     0.311468 
2459696.514557 0.000000 0.000000     0.000056     0.311468 
2459697.445854 0.000000 0.000000     0.000041     0.311468 
2459698.377152 0.000000 0.000000     0.000013     0.311468 
2459699.308450 0.000000 0.000000    -0.000014     0.311468 
2459700.239748 0.000000 0.000000    -0.000027     0.311468 
2459701.171046 0.000000 0.000000    -0.000025     0.311468 
2459702.102344 0.000000 0.000000    -0.000015     0.311468 
2459703.033642 0.000000 0.000000    -0.000008     0.311468 
2459703.964939 0.000000 0.000000    -0.000008     0.311468 
2459704.896237 0.000000 0.000000    -0.000010     0.311468 
2459705.827535 0.000000 0.000000    -0.000007     0.311468 
2459706.758833 0.000000 0.000000     0.000002     0.311468 
2459707.690131 0.000000 0.000000     0.000012     0.311468 
2459708.621429 0.000000 0.000000     0.000015     0.311468 
2459709.552726 0.000000 0.000000     0.000009     0.311468 
2459710.484024 0.000000 0.000000     0.000001     0.311468 
2459711.415322 0.000000 0.000000     0.000000     0.311468 
2459712.346620 0.000000 0.000000     0.000008     0.311468 
2459713.277918 0.000000 0.000000     0.000013     0.311468 
2459714.209216 0.000000 0.000000    -0.000001     0.311468 
2459715.140514 0.000000 0.000000    -0.000038     0.311468 
2459716.071811 0.000000 0.000000    -0.000083     0.311468 
2459717.003109 0.000000 0.000000    -0.000104     0.311468 
2459717.934407 0.000000 0.000000    -0.000076     0.311468 
2459718.865705 0.000000 0.000000     0.000002     0.311468 
2459719.797003 0.000000 0.000000     0.000096     0.311468 
2459720.728301 0.000000 0.000000     0.000159     0.311468 
2459721.659599 0.000000 0.000000     0.000157     0.311468 
2459722.590896 0.000000 0.000000     0.000093     0.311468 
2459723.522194 0.000000 0.000000     0.000005     0.311468 
2459724.453492 0.000000 0.000000    -0.000064     0.311468 
2459725.384790 0.000000 0.000000    -0.000085     0.311468 
2459726.316088 0.000000 0.000000    -0.000068     0.311468 
2459727.247386 0.000000 0.000000    -0.000040     0.311468 
2459728.178683 0.000000 0.000000    -0.000025     0.311468 
2459729.109981 0.000000 0.000000    -0.000026     0.311468 
2459730.041279 0.000000 0.000000    -0.000028     0.311468 
2459730.972577 0.000000 0.000000    -0.000014     0.311468 
2459731.903875 0.000000 0.000000     0.000012     0.311468 
2459732.835173 0.000000 0.000000     0.000034     0.311468 
2459733.766471 0.000000 0.000000     0.000036     0.311468 
2459734.697768 0.000000 0.000000     0.000020     0.311468 
2459735.629066 0.000000 0.000000     0.000005     0.311468 
2459736.560364 0.000000 0.000000     0.000009     0.311468 
2459737.491662 0.000000 0.000000     0.000025     0.311468 
2459738.422960 0.000000 0.000000     0.000024     0.311468 
2459739.354258 0.000000 0.000000    -0.000025     0.311468 
2459740.285556 0.000000 0.000000    -0.000120     0.311468 
2459741.216853 0.000000 0.000000    -0.000212     0.311468 
2459742.148151 0.000000 0.000000    -0.000232     0.311468 
2459743.079449 0.000000 0.000000    -0.000139     0.311468 
2459744.010747 0.000000 0.000000     0.000045     0.311468 
2459744.942045 0.000000 0.000000     0.000235     0.311468 
2459745.873343 0.000000 0.000000     0.000335     0.311468 
2459746.804640 0.000000 0.000000     0.000295     0.311468 
2459747.735938 0.000000 0.000000     0.000144     0.311468 
2459748.667236 0.000000 0.000000    -0.000032     0.311468 
2459749.598534 0.000000 0.000000    -0.000146     0.311468 
2459750.529832 0.000000 0.000000    -0.000163     0.311468 
2459751.461130 0.000000 0.000000    -0.000114     0.311468 
2459752.392428 0.000000 0.000000    -0.000059     0.311468 
2459753.323725 0.000000 0.000000    -0.000036     0.311468 
2459754.255023 0.000000 0.000000    -0.000043     0.311468 
2459755.186321 0.000000 0.000000    -0.000045     0.311468 
2459756.117619 0.000000 0.000000    -0.000016     0.311468 
2459757.048917 0.000000 0.000000     0.000036     0.311468 
2459757.980215 0.000000 0.000000     0.000077     0.311468 
2459758.911513 0.000000 0.000000     0.000081     0.311468 
2459759.842810 0.000000 0.000000     0.000056     0.311468 
2459760.774108 0.000000 0.000000     0.000031     0.311468 
2459761.705406 0.000000 0.000000     0.000028     0.311468 
2459762.636704 0.000000 0.000000     0.000030     0.311468 
2459763.568002 0.000000 0.000000    -0.000010     0.311468 
2459764.499300 0.000000 0.000000    -0.000124     0.311468 
2459765.430598 0.000000 0.000000    -0.000285     0.311468 
2459766.361895 0.000000 0.000000    -0.000404     0.311467 
2459767.293193 0.000000 0.000000    -0.000382     0.311467 
2459768.224491 0.000000 0.000000    -0.000182     0.311466 
2459769.155789 0.000000 0.000000     0.000128     0.311466 
2459770.087087 0.000000 0.000000     0.000403     0.311466 
2459771.018385 0.000000 0.000000     0.000508     0.311466 
2459771.949682 0.000000 0.000000     0.000400     0.311466 
2459772.880980 0.000000 0.000000     0.000153     0.311466 
2459773.812278 0.000000 0.000000    -0.000092     0.311466 
2459774.743576 0.000000 0.000000    -0.000221     0.311466 
2459775.674874 0.000000 0.000000    -0.000208     0.311466 
2459776.606172 0.000000 0.000000    -0.000117     0.311466 
2459777.537470 0.000000 0.000000    -0.000038     0.311466 
2459778.468767 0.000000 0.000000    -0.000018     0.311467 
2459779.400065 0.000000 0.000000    -0.000039     0.311467 
2459780.331363 0.000000 0.000000    -0.000046     0.311467 
2459781.262661 0.000000 0.000000    -0.000004     0.311467 
2459782.193959 0.000000 0.000000     0.000073     0.311468 
2459783.125257 0.000000 0.000000     0.000141     0.311468 
2459784.056555 0.000000 0.000000     0.000163     0.311468 
2459784.987852 0.000000 0.000000     0.000138     0.311468 
2459785.919150 0.000000 0.000000     0.000091     0.311468 
2459786.850448 0.000000 0.000000     0.000039     0.311468 
2459787.781746 0.000000 0.000000    -0.000033     0.311468 
2459788.713044 0.000000 0.000000    -0.000157     0.311468 
2459789.644342 0.000000 0.000000    -0.000335     0.311467 
2459790.575639 0.000000 0.000000    -0.000510     0.311467 
2459791.506937 0.000000 0.000000    -0.000580     0.311466 
2459792.438235 0.000000 0.000000    -0.000463     0.311465 
2459793.369533 0.000000 0.000000    -0.000167     0.311464 
2459794.300831 0.000000 0.000000     0.000196     0.311464 
2459795.232129 0.000000 0.000000     0.000464     0.311464 
2459796.163427 0.000000 0.000000     0.000520     0.311464 
2459797.094724 0.000000 0.000000     0.000363     0.311464 
2459798.026022 0.000000 0.000000     0.000102     0.311464 
2459798.957320 0.000000 0.000000    -0.000114     0.311464 
2459799.888618 0.000000 0.000000    -0.000189     0.311464 
2459800.819916 0.000000 0.000000    -0.000128     0.311464 
2459801.751214 0.000000 0.000000    -0.000013     0.311464 
2459802.682512 0.000000 0.000000     0.000064     0.311465 
2459803.613809 0.000000 0.000000     0.000063     0.311465 
2459804.545107 0.000000 0.000000     0.000016     0.311465 
2459805.476405 0.000000 0.000000    -0.000014     0.311465 
2459806.407703 0.000000 0.000000     0.000019     0.311466 
2459807.339001 0.000000 0.000000     0.000113     0.311466 
2459808.270299 0.000000 0.000000     0.000223     0.311467 
2459809.201596 0.000000 0.000000     0.000292     0.311467 
2459810.132894 0.000000 0.000000     0.000280     0.311467 
2459811.064192 0.000000 0.000000     0.000176     0.311467 
2459811.995490 0.000000 0.000000    -0.000008     0.311466 
2459812.926788 0.000000 0.000000    -0.000238     0.311466 
2459813.858086 0.000000 0.000000    -0.000465     0.311466 
2459814.789384 0.000000 0.000000    -0.000630     0.311466 
2459815.720681 0.000000 0.000000    -0.000677     0.311465 
2459816.651979 0.000000 0.000000    -0.000581     0.311464 
2459817.583277 0.000000 0.000000    -0.000367     0.311463 
2459818.514575 0.000000 0.000000    -0.000106     0.311463 
2459819.445873 0.000000 0.000000     0.000111     0.311463 
2459820.377171 0.000000 0.000000     0.000222     0.311463 
2459821.308469 0.000000 0.000000     0.000215     0.311463 
2459822.239766 0.000000 0.000000     0.000135     0.311463 
2459823.171064 0.000000 0.000000     0.000051     0.311463 
2459824.102362 0.000000 0.000000     0.000019     0.311463 
2459825.033660 0.000000 0.000000     0.000059     0.311463 
2459825.964958 0.000000 0.000000     0.000145     0.311463 
2459826.896256 0.000000 0.000000     0.000229     0.311463 
2459827.827554 0.000000 0.000000     0.000262     0.311463 
2459828.758851 0.000000 0.000000     0.000224     0.311463 
2459829.690149 0.000000 0.000000     0.000134     0.311463 
2459830.621447 0.000000 0.000000     0.000049     0.311464 
2459831.552745 0.000000 0.000000     0.000037     0.311464 
2459832.484043 0.000000 0.000000     0.000135     0.311464 
2459833.415341 0.000000 0.000000     0.000311     0.311465 
2459834.346638 0.000000 0.000000     0.000460     0.311465 
2459835.277936 0.000000 0.000000     0.000458     0.311465 
2459836.209234 0.000000 0.000000     0.000231     0.311464 
2459837.140532 0.000000 0.000000    -0.000175     0.311464 
2459838.071830 0.000000 0.000000    -0.000605     0.311464 
2459839.003128 0.000000 0.000000    -0.000872     0.311464 
2459839.934426 0.000000 0.000000    -0.000866     0.311464 
2459840.865723 0.000000 0.000000    -0.000628     0.311464 
2459841.797021 0.000000 0.000000    -0.000320     0.311463 
2459842.728319 0.000000 0.000000    -0.000120     0.311463 
2459843.659617 0.000000 0.000000    -0.000111     0.311463 
2459844.590915 0.000000 0.000000    -0.000231     0.311463 
2459845.522213 0.000000 0.000000    -0.000334     0.311463 
2459846.453511 0.000000 0.000000    -0.000300     0.311463 
2459847.384808 0.000000 0.000000    -0.000113     0.311463 
2459848.316106 0.000000 0.000000     0.000142     0.311463 
2459849.247404 0.000000 0.000000     0.000357     0.311463 
2459850.178702 0.000000 0.000000     0.000475     0.311463 
2459851.110000 0.000000 0.000000     0.000514     0.311463 
2459852.041298 0.000000 0.000000     0.000514     0.311463 
2459852.972595 0.000000 0.000000     0.000487     0.311463 
2459853.903893 0.000000 0.000000     0.000405     0.311463 
2459854.835191 0.000000 0.000000     0.000255     0.311463 
2459855.766489 0.000000 0.000000     0.000090     0.311463 
2459856.697787 0.000000 0.000000     0.000024     0.311463 
2459857.629085 0.000000 0.000000     0.000141     0.311463 
2459858.560383 0.000000 0.000000     0.000400     0.311463 
2459859.491680 0.000000 0.000000     0.000616     0.311463 
2459860.422978 0.000000 0.000000     0.000571     0.311463 
2459861.354276 0.000000 0.000000     0.000175     0.311463 
2459862.285574 0.000000 0.000000    -0.000436     0.311463 
2459863.216872 0.000000 0.000000    -0.000964     0.311463 
2459864.148170 0.000000 0.000000    -0.001139     0.311463 
2459865.079468 0.000000 0.000000    -0.000905     0.311463 
2459866.010765 0.000000 0.000000    -0.000459     0.311463 
2459866.942063 0.000000 0.000000    -0.000111     0.311463 
2459867.873361 0.000000 0.000000    -0.000060     0.311463 
2459868.804659 0.000000 0.000000    -0.000267     0.311463 
2459869.735957 0.000000 0.000000    -0.000500     0.311464 
2459870.667255 0.000000 0.000000    -0.000524     0.311464 
2459871.598553 0.000000 0.000000    -0.000275     0.311464 
2459872.529850 0.000000 0.000000     0.000118     0.311463 
2459873.461148 0.000000 0.000000     0.000449     0.311463 
2459874.392446 0.000000 0.000000     0.000599     0.311463 
2459875.323744 0.000000 0.000000     0.000600     0.311463 
2459876.255042 0.000000 0.000000     0.000562     0.311463 
2459877.186340 0.000000 0.000000     0.000549     0.311463 
2459878.117637 0.000000 0.000000     0.000523     0.311463 
2459879.048935 0.000000 0.000000     0.000407     0.311463 
2459879.980233 0.000000 0.000000     0.000200     0.311463 
2459880.911531 0.000000 0.000000     0.000018     0.311463 
2459881.842829 0.000000 0.000000     0.000015     0.311463 
2459882.774127 0.000000 0.000000     0.000233     0.311463 
2459883.705425 0.000000 0.000000     0.000530     0.311463 
2459884.636722 0.000000 0.000000     0.000665     0.311463 
2459885.568020 0.000000 0.000000     0.000475     0.311463 
2459886.499318 0.000000 0.000000     0.000007     0.311463 
2459887.430616 0.000000 0.000000    -0.000517     0.311462 
2459888.361914 0.000000 0.000000    -0.000879     0.311462 
2459889.293212 0.000000 0.000000    -0.001020     0.311462 
2459890.224510 0.000000 0.000000    -0.001047     0.311461 
2459891.155807 0.000000 0.000000    -0.001077     0.311459 
2459892.087105 0.000000 0.000000    -0.001071     0.311455 
2459893.018403 0.000000 0.000000    -0.000837     0.311450 
2459893.949701 0.000000 0.000000    -0.000213     0.311446 
2459894.880999 0.000000 0.000000     0.000709     0.311444 
2459895.812297 0.000000 0.000000     0.001548     0.311444 
2459896.743594 0.000000 0.000000     0.001858     0.311445 
2459897.674892 0.000000 0.000000     0.001453     0.311445 
2459898.606190 0.000000 0.000000     0.000577     0.311444 
2459899.537488 0.000000 0.000000    -0.000250     0.311443 
2459900.468786 0.000000 0.000000    -0.000606     0.311443 
2459901.400084 0.000000 0.000000    -0.000452     0.311444 
2459902.331382 0.000000 0.000000    -0.000117     0.311446 
2459903.262679 0.000000 0.000000     0.000022     0.311448 
2459904.193977 0.000000 0.000000    -0.000127     0.311449 
2459905.125275 0.000000 0.000000    -0.000315     0.311450 
2459906.056573 0.000000 0.000000    -0.000217     0.311454 
2459906.987871 0.000000 0.000000     0.000224     0.311458 
2459907.919169 0.000000 0.000000     0.000711     0.311462 
2459908.850467 0.000000 0.000000     0.000858     0.311463 
2459909.781764 0.000000 0.000000     0.000566     0.311463 
2459910.713062 0.000000 0.000000     0.000142     0.311461 
2459911.644360 0.000000 0.000000    -0.000011     0.311452 
2459912.575658 0.000000 0.000000     0.000137     0.311436 
2459913.506956 0.000000 0.000000     0.000070     0.311425 
2459914.438254 0.000000 0.000000    -0.000871     0.311420 
2459915.369551 0.000000 0.000000    -0.002768     0.311394 
2459916.300849 0.000000 0.000000    -0.004699     0.311327 
2459917.232147 0.000000 0.000000    -0.005118     0.311225 
2459918.163445 0.000000 0.000000    -0.002931     0.311117 
2459919.094743 0.000000 0.000000     0.001499     0.311043 
2459920.026041 0.000000 0.000000     0.006239     0.311031 
2459920.957339 0.000000 0.000000     0.008840     0.311062 
2459921.888636 0.000000 0.000000     0.007889     0.311080 
2459922.819934 0.000000 0.000000     0.003970     0.311057 
2459923.751232 0.000000 0.000000    -0.000723     0.311028 
2459924.682530 0.000000 0.000000    -0.003851     0.311022 
2459925.613828 0.000000 0.000000    -0.004419     0.311034 
2459926.545126 0.000000 0.000000    -0.003190     0.311057 
2459927.476424 0.000000 0.000000    -0.001790     0.311093 
2459928.407721 0.000000 0.000000    -0.001310     0.311125 
2459929.339019 0.000000 0.000000    -0.001553     0.311147 
2459930.270317 0.000000 0.000000    -0.001494     0.311188 
2459931.201615 0.000000 0.000000    -0.000449     0.311269 
2459932.132913 0.000000 0.000000     0.001156     0.311363 
2459933.064211 0.000000 0.000000     0.002156     0.311421 
2459933.995509 0.000000 0.000000     0.001804     0.311436 
2459934.926806 0.000000 0.000000     0.000613     0.311434 
2459935.858104 0.000000 0.000000    -0.000038     0.311404 
2459936.789402 0.000000 0.000000     0.000679     0.311307 
2459937.720700 0.000000 0.000000     0.001885     0.311186 
2459938.651998 0.000000 0.000000     0.001339     0.311134 
2459939.583296 0.000000 0.000000    -0.002642     0.311067 
2459940.514593 0.000000 0.000000    -0.009158     0.310739 
2459941.445891 0.000000 0.000000    -0.014418     0.310066 
2459942.377189 0.000000 0.000000    -0.013899     0.309240 
2459943.308487 0.000000 0.000000    -0.005685     0.308523 
2459944.239785 0.000000 0.000000     0.007490     0.308131 
2459945.171083 0.000000 0.000000     0.019288     0.308160 
2459946.102381 0.000000 0.000000     0.023523     0.308388 
2459947.033678 0.000000 0.000000     0.018109     0.308428 
2459947.964976 0.000000 0.000000     0.006371     0.308228 
2459948.896274 0.000000 0.000000    -0.005251     0.308069 
2459949.827572 0.000000 0.000000    -0.011442     0.308078 
2459950.758870 0.000000 0.000000    -0.011120     0.308185 
2459951.690168 0.000000 0.000000    -0.007279     0.308395 
2459952.621466 0.000000 0.000000    -0.004011     0.308683 
2459953.552763 0.000000 0.000000    -0.003246     0.308897 
2459954.484061 0.000000 0.000000    -0.003780     0.309069 
2459955.415359 0.000000 0.000000    -0.003105     0.309460 
2459956.346657 0.000000 0.000000    -0.000154     0.310131 
2459957.277955 0.000000 0.000000     0.003557     0.310775 
2459958.209253 0.000000 0.000000     0.005410     0.311107 
2459959.140550 0.000000 0.000000     0.004305     0.311180 
2459960.071848 0.000000 0.000000     0.001875     0.311163 
2459961.003146 0.000000 0.000000     0.000925     0.310958 
2459961.934444 0.000000 0.000000     0.002363     0.310431 
2459962.865742 0.000000 0.000000     0.003534     0.309954 
2459963.797040 0.000000 0.000000    -0.000028     0.309854 
2459964.728338 0.000000 0.000000    -0.010359     0.309344 
2459965.659635 0.000000 0.000000    -0.023771     0.307235 
2459966.590933 0.000000 0.000000    -0.031790     0.303675 
2459967.522231 0.000000 0.000000    -0.026496     0.300038 
2459968.453529 0.000000 0.000000    -0.006720     0.297436 
2459969.384827 0.000000 0.000000     0.019666     0.296346 
2459970.316125 0.000000 0.000000     0.039689     0.296737 
2459971.247423 0.000000 0.000000     0.043155     0.297516 
2459972.178720 0.000000 0.000000     0.029085     0.297400 
2459973.110018 0.000000 0.000000     0.006107     0.296602 
2459974.041316 0.000000 0.000000    -0.013436     0.296179 
2459974.972614 0.000000 0.000000    -0.021379     0.296332 
2459975.903912 0.000000 0.000000    -0.018019     0.296878 
2459976.835210 0.000000 0.000000    -0.010127     0.297987 
2459977.766507 0.000000 0.000000    -0.004827     0.299295 
2459978.697805 0.000000 0.000000    -0.004368     0.300118 
2459979.629103 0.000000 0.000000    -0.005646     0.300966 
2459980.560401 0.000000 0.000000    -0.004170     0.302973 
2459981.491699 0.000000 0.000000     0.001375     0.305889 
2459982.422997 0.000000 0.000000     0.008001     0.308256 
2459983.354295 0.000000 0.000000     0.011404     0.309290 
2459984.285592 0.000000 0.000000     0.010053     0.309487 
2459985.216890 0.000000 0.000000     0.006422     0.309392 
2459986.148188 0.000000 0.000000     0.004102     0.308575 
2459987.079486 0.000000 0.000000     0.003512     0.306909 
2459988.010784 0.000000 0.000000     0.000520     0.305862 
2459988.942082 0.000000 0.000000    -0.010025     0.305801 
2459989.873380 0.000000 0.000000    -0.028348     0.303346 
2459990.804677 0.000000 0.000000    -0.046659     0.295184 
2459991.735975 0.000000 0.000000    -0.052525     0.283016 
2459992.667273 0.000000 0.000000    -0.037284     0.272199 
2459993.598571 0.000000 0.000000    -0.003520     0.265931 
2459994.529869 0.000000 0.000000     0.034439     0.264102 
2459995.461167 0.000000 0.000000     0.058306     0.265487 
2459996.392465 0.000000 0.000000     0.056974     0.267032 
2459997.323762 0.000000 0.000000     0.033316     0.266193 
2459998.255060 0.000000 0.000000     0.001869     0.264312 
2459999.186358 0.000000 0.000000    -0.020839     0.263709 
2460000.117656 0.000000 0.000000    -0.026400     0.264360 
2460001.048954 0.000000 0.000000    -0.018157     0.266489 
2460001.980252 0.000000 0.000000    -0.006569     0.270658 
2460002.911549 0.000000 0.000000    -0.000577     0.274684 
2460003.842847 0.000000 0.000000    -0.001684     0.276876 
2460004.774145 0.000000 0.000000    -0.004652     0.279905 
2460005.705443 0.000000 0.000000    -0.003234     0.286492 
2460006.636741 0.000000 0.000000     0.004300     0.294335 
2460007.568039 0.000000 0.000000     0.014191     0.299614 
2460008.499337 0.000000 0.000000     0.020835     0.301585 
2460009.430634 0.000000 0.000000     0.021272     0.301964 
2460010.361932 0.000000 0.000000     0.016500     0.301635 
2460011.293230 0.000000 0.000000     0.008921     0.299604 
2460012.224528 0.000000 0.000000    -0.001030     0.296404 
2460013.155826 0.000000 0.000000    -0.015323     0.295252 
2460014.087124 0.000000 0.000000    -0.034975     0.295098 
2460015.018422 0.000000 0.000000    -0.055965     0.287781 
2460015.949719 0.000000 0.000000    -0.068829     0.267110 
2460016.881017 0.000000 0.000000    -0.063643     0.236876 
2460017.812315 0.000000 0.000000    -0.037412     0.211092 
2460018.743613 0.000000 0.000000     0.001772     0.199785 
2460019.674911 0.000000 0.000000     0.037710     0.197949 
2460020.606209 0.000000 0.000000     0.054986     0.200051 
2460021.537506 0.000000 0.000000     0.048010     0.201572 
2460022.468804 0.000000 0.000000     0.024050     0.199607 
2460023.400102 0.000000 0.000000    -0.001776     0.197301 
2460024.331400 0.000000 0.000000    -0.015996     0.197226 
2460025.262698 0.000000 0.000000    -0.014311     0.199188 
2460026.193996 0.000000 0.000000    -0.002519     0.206886 
2460027.125294 0.000000 0.000000     0.008990     0.219416 
2460028.056591 0.000000 0.000000     0.012713     0.228457 
2460028.987889 0.000000 0.000000     0.008375     0.232827 
2460029.919187 0.000000 0.000000     0.001852     0.240706 
2460030.850485 0.000000 0.000000     0.000308     0.254859 
2460031.781783 0.000000 0.000000     0.007265     0.268008 
2460032.713081 0.000000 0.000000     0.020553     0.275205 
2460033.644379 0.000000 0.000000     0.033690     0.277693 
2460034.575676 0.000000 0.000000     0.039188     0.278367 
2460035.506974 0.000000 0.000000     0.031870     0.277557 
2460036.438272 0.000000 0.000000     0.010974     0.274354 
2460037.369570 0.000000 0.000000    -0.019288     0.270998 
2460038.300868 0.000000 0.000000    -0.050768     0.270868 
2460039.232166 0.000000 0.000000    -0.073976     0.269699 
2460040.163463 0.000000 0.000000    -0.081652     0.257045 
2460041.094761 0.000000 0.000000    -0.071958     0.226214 
2460042.026059 0.000000 0.000000    -0.049486     0.179077 
2460042.957357 0.000000 0.000000    -0.023162     0.130774 
2460043.888655 0.000000 0.000000    -0.001945     0.112596 
2460044.819953 0.000000 0.000000     0.009253     0.110929 
2460045.751251 0.000000 0.000000     0.011097     0.108012 
2460046.682548 0.000000 0.000000     0.008208     0.107581 
2460047.613846 0.000000 0.000000     0.005900     0.107556 
2460048.545144 0.000000 0.000000     0.007509     0.109436 
2460049.476442 0.000000 0.000000     0.013588     0.111501 
2460050.407740 0.000000 0.000000     0.022523     0.116546 
2460051.339038 0.000000 0.000000     0.031409     0.135536 
2460052.270336 0.000000 0.000000     0.036687     0.156705 
2460053.201633 0.000000 0.000000     0.035181     0.167700 
2460054.132931 0.000000 0.000000     0.026106     0.172672 
2460055.064229 0.000000 0.000000     0.013145     0.184035 
2460055.995527 0.000000 0.000000     0.004273     0.200481 
2460056.926825 0.000000 0.000000     0.007704     0.211970 
2460057.858123 0.000000 0.000000     0.025383     0.217065 
2460058.789421 0.000000 0.000000     0.048635     0.220089 
2460059.720718 0.000000 0.000000     0.060644     0.221617 
2460060.652016 0.000000 0.000000     0.046134     0.219365 
2460061.583314 0.000000 0.000000     0.002744     0.216156 
2460062.514612 0.000000 0.000000    -0.054325     0.217080 
2460063.445910 0.000000 0.000000    -0.099278     0.219408 
2460064.377208 0.000000 0.000000    -0.111094     0.217292 
2460065.308505 0.000000 0.000000    -0.087224     0.210352 
2460066.239803 0.000000 0.000000    -0.045634     0.199857 
2460067.171101 0.000000 0.000000    -0.013019     0.182397 
2460068.102399 0.000000 0.000000    -0.007076     0.154958 
2460069.033697 0.000000 0.000000    -0.025343     0.134543 
2460069.964995 0.000000 0.000000    -0.048405     0.149437 
2460070.896293 0.000000 0.000000    -0.054631     0.166291 
2460071.827590 0.000000 0.000000    -0.035213     0.164559 
2460072.758888 0.000000 0.000000     0.001374     0.146338 
2460073.690186 0.000000 0.000000     0.037626     0.131627 
2460074.621484 0.000000 0.000000     0.060276     0.137065 
2460075.552782 0.000000 0.000000     0.067723     0.138666 
2460076.484080 0.000000 0.000000     0.066764     0.125715 
2460077.415378 0.000000 0.000000     0.063289     0.112489 
2460078.346675 0.000000 0.000000     0.056515     0.111790 
2460079.277973 0.000000 0.000000     0.042231     0.110034 
2460080.209271 0.000000 0.000000     0.021413     0.111185 
2460081.140569 0.000000 0.000000     0.004646     0.118908 
2460082.071867 0.000000 0.000000     0.005971     0.119824 
2460083.003165 0.000000 0.000000     0.029696     0.122170 
2460083.934462 0.000000 0.000000     0.061664     0.135837 
2460084.865760 0.000000 0.000000     0.074800     0.139468 
2460085.797058 0.000000 0.000000     0.047605     0.125610 
2460086.728356 0.000000 0.000000    -0.017459     0.130997 
2460087.659654 0.000000 0.000000    -0.090954     0.158972 
2460088.590952 0.000000 0.000000    -0.133601     0.171629 
2460089.522250 0.000000 0.000000    -0.122737     0.173900 
2460090.453547 0.000000 0.000000    -0.068902     0.189815 
2460091.384845 0.000000 0.000000    -0.009540     0.211592 
2460092.316143 0.000000 0.000000     0.016521     0.218436 
2460093.247441 0.000000 0.000000    -0.004416     0.210159 
2460094.178739 0.000000 0.000000    -0.052518     0.207010 
2460095.110037 0.000000 0.000000    -0.089753     0.220032 
2460096.041335 0.000000 0.000000    -0.086974     0.229685 
2460096.972632 0.000000 0.000000    -0.042673     0.223841 
2460097.903930 0.000000 0.000000     0.019249     0.209231 
2460098.835228 0.000000 0.000000     0.068877     0.203188 
2460099.766526 0.000000 0.000000     0.090582     0.207068 
2460100.697824 0.000000 0.000000     0.089154     0.207319 
2460101.629122 0.000000 0.000000     0.079530     0.202434 
2460102.560419 0.000000 0.000000     0.071354     0.199857 
2460103.491717 0.000000 0.000000     0.062434     0.200653 
2460104.423015 0.000000 0.000000     0.045821     0.202086 
2460105.354313 0.000000 0.000000     0.022211     0.206047 
2460106.285611 0.000000 0.000000     0.004380     0.211836 
2460107.216909 0.000000 0.000000     0.007743     0.215501 
2460108.148207 0.000000 0.000000     0.034456     0.217831 
2460109.079504 0.000000 0.000000     0.065856     0.220411 
2460110.010802 0.000000 0.000000     0.072389     0.220011 
2460110.942100 0.000000 0.000000     0.035591     0.217270 
2460111.873398 0.000000 0.000000    -0.034736     0.220600 
2460112.804696 0.000000 0.000000    -0.103115     0.229612 
2460113.735994 0.000000 0.000000    -0.131094     0.234365 
2460114.667292 0.000000 0.000000    -0.104314     0.235295 
2460115.598589 0.000000 0.000000    -0.043633     0.242834 
2460116.529887 0.000000 0.000000     0.008761     0.256110 
2460117.461185 0.000000 0.000000     0.018650     0.264033 
2460118.392483 0.000000 0.000000    -0.016759     0.264641 
2460119.323781 0.000000 0.000000    -0.068104     0.266157 
2460120.255079 0.000000 0.000000    -0.095657     0.272061 
2460121.186377 0.000000 0.000000    -0.076991     0.274787 
2460122.117674 0.000000 0.000000    -0.020451     0.269240 
2460123.048972 0.000000 0.000000     0.043847     0.260455 
2460123.980270 0.000000 0.000000     0.086656     0.256647 
2460124.911568 0.000000 0.000000     0.097890     0.257289 
2460125.842866 0.000000 0.000000     0.087962     0.257233 
2460126.774164 0.000000 0.000000     0.074090     0.256257 
2460127.705461 0.000000 0.000000     0.065004     0.256286 
2460128.636759 0.000000 0.000000     0.056930     0.257011 
2460129.568057 0.000000 0.000000     0.042547     0.258405 
2460130.499355 0.000000 0.000000     0.022848     0.261457 
2460131.430653 0.000000 0.000000     0.009639     0.265055 
2460132.361951 0.000000 0.000000     0.015416     0.267306 
2460133.293249 0.000000 0.000000     0.039444     0.268438 
2460134.224546 0.000000 0.000000     0.063372     0.269073 
2460135.155844 0.000000 0.000000     0.062391     0.268645 
2460136.087142 0.000000 0.000000     0.024541     0.267990 
2460137.018440 0.000000 0.000000    -0.037198     0.269699 
2460137.949738 0.000000 0.000000    -0.090992     0.273430 
2460138.881036 0.000000 0.000000    -0.107443     0.275683 
2460139.812334 0.000000 0.000000    -0.080673     0.276032 
2460140.743631 0.000000 0.000000    -0.033106     0.278711 
2460141.674929 0.000000 0.000000     0.000289     0.285292 
2460142.606227 0.000000 0.000000    -0.003055     0.291032 
2460143.537525 0.000000 0.000000    -0.037489     0.292758 
2460144.468823 0.000000 0.000000    -0.073914     0.293576 
2460145.400121 0.000000 0.000000    -0.081112     0.296044 
2460146.331418 0.000000 0.000000    -0.047581     0.295568 
2460147.262716 0.000000 0.000000     0.011804     0.287178 
2460148.194014 0.000000 0.000000     0.067884     0.274075 
2460149.125312 0.000000 0.000000     0.097694     0.265197 
2460150.056610 0.000000 0.000000     0.097746     0.263181 
2460150.987908 0.000000 0.000000     0.081572     0.263081 
2460151.919206 0.000000 0.000000     0.065811     0.262631 
2460152.850503 0.000000 0.000000     0.057389     0.262617 
2460153.781801 0.000000 0.000000     0.051788     0.263004 
2460154.713099 0.000000 0.000000     0.041993     0.263731 
2460155.644397 0.000000 0.000000     0.028527     0.265200 
2460156.575695 0.000000 0.000000     0.020676     0.266860 
2460157.506993 0.000000 0.000000     0.027497     0.267865 
2460158.438291 0.000000 0.000000     0.046828     0.268238 
2460159.369588 0.000000 0.000000     0.063025     0.268297 
2460160.300886 0.000000 0.000000     0.057006     0.268091 
2460161.232184 0.000000 0.000000     0.021484     0.268131 
2460162.163482 0.000000 0.000000    -0.031038     0.270040 
2460163.094780 0.000000 0.000000    -0.074996     0.274338 
2460164.026078 0.000000 0.000000    -0.089171     0.277969 
2460164.957376 0.000000 0.000000    -0.071870     0.278758 
2460165.888673 0.000000 0.000000    -0.042045     0.281047 
2460166.819971 0.000000 0.000000    -0.025069     0.289002 
2460167.751269 0.000000 0.000000    -0.033674     0.297064 
2460168.682567 0.000000 0.000000    -0.058417     0.299522 
2460169.613865 0.000000 0.000000    -0.074801     0.300006 
2460170.545163 0.000000 0.000000    -0.061580     0.301931 
2460171.476460 0.000000 0.000000    -0.016442     0.297570 
2460172.407758 0.000000 0.000000     0.042334     0.278162 
2460173.339056 0.000000 0.000000     0.088799     0.247230 
2460174.270354 0.000000 0.000000     0.106556     0.223164 
2460175.201652 0.000000 0.000000     0.097586     0.217300 
2460176.132950 0.000000 0.000000     0.077266     0.216887 
2460177.064248 0.000000 0.000000     0.061065     0.215189 
2460177.995545 0.000000 0.000000     0.054095     0.214596 
2460178.926843 0.000000 0.000000     0.051117     0.214842 
2460179.858141 0.000000 0.000000     0.045285     0.214794 
2460180.789439 0.000000 0.000000     0.036715     0.215208 
2460181.720737 0.000000 0.000000     0.032846     0.216282 
2460182.652035 0.000000 0.000000     0.040356     0.216945 
2460183.583333 0.000000 0.000000     0.056226     0.216719 
2460184.514630 0.000000 0.000000     0.066752     0.216499 
2460185.445928 0.000000 0.000000     0.056619     0.216600 
2460186.377226 0.000000 0.000000     0.021312     0.217788 
2460187.308524 0.000000 0.000000    -0.027402     0.225153 
2460188.239822 0.000000 0.000000    -0.068196     0.238688 
2460189.171120 0.000000 0.000000    -0.084653     0.247815 
2460190.102417 0.000000 0.000000    -0.076560     0.249439 
2460191.033715 0.000000 0.000000    -0.059132     0.257184 
2460191.965013 0.000000 0.000000    -0.050596     0.276756 
2460192.896311 0.000000 0.000000    -0.057664     0.292727 
2460193.827609 0.000000 0.000000    -0.070164     0.297908 
2460194.758907 0.000000 0.000000    -0.069019     0.299926 
2460195.690205 0.000000 0.000000    -0.041383     0.301656 
2460196.621502 0.000000 0.000000     0.008707     0.291324 
2460197.552800 0.000000 0.000000     0.062179     0.258285 
2460198.484098 0.000000 0.000000     0.097609     0.203759 
2460199.415396 0.000000 0.000000     0.104980     0.147724 
2460200.346694 0.000000 0.000000     0.090476     0.130899 
2460201.277992 0.000000 0.000000     0.069695     0.126417 
2460202.209290 0.000000 0.000000     0.055586     0.114189 
2460203.140587 0.000000 0.000000     0.050763     0.110874 
2460204.071885 0.000000 0.000000     0.049404     0.111759 
2460205.003183 0.000000 0.000000     0.045616     0.108374 
2460205.934481 0.000000 0.000000     0.040140     0.109304 
2460206.865779 0.000000 0.000000     0.039342     0.116526 
2460207.797077 0.000000 0.000000     0.047677     0.118491 
2460208.728374 0.000000 0.000000     0.060811     0.114262 
2460209.659672 0.000000 0.000000     0.066248     0.114426 
2460210.590970 0.000000 0.000000     0.051923     0.116596 
2460211.522268 0.000000 0.000000     0.016148     0.130930 
2460212.453566 0.000000 0.000000    -0.029368     0.170871 
2460213.384864 0.000000 0.000000    -0.066489     0.205346 
2460214.316162 0.000000 0.000000    -0.082663     0.219021 
2460215.247459 0.000000 0.000000    -0.078854     0.222028 
2460216.178757 0.000000 0.000000    -0.067301     0.241639 
2460217.110055 0.000000 0.000000    -0.060977     0.272800 
2460218.041353 0.000000 0.000000    -0.063096     0.292999 
2460218.972651 0.000000 0.000000    -0.064884     0.299976 
2460219.903949 0.000000 0.000000    -0.053203     0.302998 
2460220.835247 0.000000 0.000000    -0.021889     0.303170 
2460221.766544 0.000000 0.000000     0.022149     0.291542 
2460222.697842 0.000000 0.000000     0.062733     0.265259 
2460223.629140 0.000000 0.000000     0.085057     0.236224 
2460224.560438 0.000000 0.000000     0.084983     0.222172 
2460225.491736 0.000000 0.000000     0.070311     0.220507 
2460226.423034 0.000000 0.000000     0.053819     0.219560 
2460227.354332 0.000000 0.000000     0.044125     0.218272 
2460228.285629 0.000000 0.000000     0.041418     0.218176 
2460229.216927 0.000000 0.000000     0.040547     0.218274 
2460230.148225 0.000000 0.000000     0.037738     0.218034 
2460231.079523 0.000000 0.000000     0.034608     0.218448 
2460232.010821 0.000000 0.000000     0.036006     0.219368 
2460232.942119 0.000000 0.000000     0.043916     0.219313 
2460233.873416 0.000000 0.000000     0.053272     0.218827 
2460234.804714 0.000000 0.000000     0.053973     0.219120 
2460235.736012 0.000000 0.000000     0.038077     0.219361 
2460236.667310 0.000000 0.000000     0.006534     0.222694 
2460237.598608 0.000000 0.000000    -0.030160     0.234229 
2460238.529906 0.000000 0.000000    -0.058326     0.246775 
2460239.461204 0.000000 0.000000    -0.069833     0.251175 
2460240.392501 0.000000 0.000000    -0.066647     0.253876 
2460241.323799 0.000000 0.000000    -0.057907     0.268258 
2460242.255097 0.000000 0.000000    -0.052065     0.288293 
2460243.186395 0.000000 0.000000    -0.050357     0.301020 
2460244.117693 0.000000 0.000000    -0.046582     0.305673 
2460245.048991 0.000000 0.000000    -0.033069     0.307547 
2460245.980289 0.000000 0.000000    -0.007853     0.306733 
2460246.911586 0.000000 0.000000     0.022672     0.299966 
2460247.842884 0.000000 0.000000     0.047599     0.289314 
2460248.774182 0.000000 0.000000     0.058730     0.281484 
2460249.705480 0.000000 0.000000     0.055602     0.279022 
2460250.636778 0.000000 0.000000     0.044792     0.278806 
2460251.568076 0.000000 0.000000     0.034549     0.278554 
2460252.499373 0.000000 0.000000     0.029275     0.278326 
2460253.430671 0.000000 0.000000     0.027968     0.278350 
2460254.361969 0.000000 0.000000     0.027154     0.278374 
2460255.293267 0.000000 0.000000     0.025159     0.278350 
2460256.224565 0.000000 0.000000     0.023770     0.278527 
2460257.155863 0.000000 0.000000     0.025956     0.278737 
2460258.087161 0.000000 0.000000     0.031908     0.278651 
2460259.018458 0.000000 0.000000     0.037207     0.278581 
2460259.949756 0.000000 0.000000     0.035151     0.278685 
2460260.881054 0.000000 0.000000     0.021671     0.278760 
2460261.812352 0.000000 0.000000    -0.001045     0.280001 
2460262.743650 0.000000 0.000000    -0.025248     0.283462 
2460263.674948 0.000000 0.000000    -0.042347     0.286717 
2460264.606246 0.000000 0.000000    -0.048167     0.287564 
2460265.537543 0.000000 0.000000    -0.044910     0.289128 
2460266.468841 0.000000 0.000000    -0.038540     0.295186 
2460267.400139 0.000000 0.000000    -0.033857     0.302954 
2460268.331437 0.000000 0.000000    -0.031115     0.307823 
2460269.262735 0.000000 0.000000    -0.026644     0.309634 
2460270.194033 0.000000 0.000000    -0.016656     0.310251 
2460271.125330 0.000000 0.000000    -0.001028     0.309642 
2460272.056628 0.000000 0.000000     0.015963     0.307290 
2460272.987926 0.000000 0.000000     0.028398     0.304505 
2460273.919224 0.000000 0.000000     0.032689     0.302928 
2460274.850522 0.000000 0.000000     0.029692     0.302546 
2460275.781820 0.000000 0.000000     0.023558     0.302511 
2460276.713118 0.000000 0.000000     0.018507     0.302450 
2460277.644415 0.000000 0.000000     0.016201     0.302412 
2460278.575713 0.000000 0.000000     0.015576     0.302426 
2460279.507011 0.000000 0.000000     0.014840     0.302430 
2460280.438309 0.000000 0.000000     0.013608     0.302433 
2460281.369607 0.000000 0.000000     0.013225     0.302491 
2460282.300905 0.000000 0.000000     0.015105     0.302530 
2460283.232203 0.000000 0.000000     0.018681     0.302494 
2460284.163500 0.000000 0.000000     0.020974     0.302495 
2460285.094798 0.000000 0.000000     0.018374     0.302520 
2460286.026096 0.000000 0.000000     0.009368     0.302558 
2460286.957394 0.000000 0.000000    -0.003967     0.302993 
2460287.888692 0.000000 0.000000    -0.016961     0.303932 
2460288.819990 0.000000 0.000000    -0.025177     0.304621 
2460289.751288 0.000000 0.000000    -0.027017     0.304764 
2460290.682585 0.000000 0.000000    -0.024239     0.305419 
2460291.613883 0.000000 0.000000    -0.020191     0.307294 
2460292.545181 0.000000 0.000000    -0.017214     0.309412 
2460293.476479 0.000000 0.000000    -0.015213     0.310652 
2460294.407777 0.000000 0.000000    -0.012323     0.311096 
2460295.339075 0.000000 0.000000    -0.006920     0.311207 
2460296.270372 0.000000 0.000000     0.000714     0.311003 
2460297.201670 0.000000 0.000000     0.008370     0.310504 
2460298.132968 0.000000 0.000000     0.013441     0.310036 
2460299.064266 0.000000 0.000000     0.014697     0.309822 
2460299.995564 0.000000 0.000000     0.012958     0.309780 
2460300.926862 0.000000 0.000000     0.010250     0.309775 
2460301.858160 0.000000 0.000000     0.008279     0.309764 
2460302.789457 0.000000 0.000000     0.007453     0.309760 
2460303.720755 0.000000 0.000000     0.007110     0.309764 
2460304.652053 0.000000 0.000000     0.006560     0.309764 
2460305.583351 0.000000 0.000000     0.005908     0.309766 
2460306.514649 0.000000 0.000000     0.005915     0.309778 
2460307.445947 0.000000 0.000000     0.007083     0.309781 
2460308.377245 0.000000 0.000000     0.008823     0.309774 
2460309.308542 0.000000 0.000000     0.009531     0.309778 
2460310.239840 0.000000 0.000000     0.007634     0.309781 
2460311.171138 0.000000 0.000000     0.002812     0.309796 
2460312.102436 0.000000 0.000000    -0.003570     0.309904 
2460313.033734 0.000000 0.000000    -0.009196     0.310082 
2460313.965032 0.000000 0.000000    -0.012195     0.310179 
2460314.896329 0.000000 0.000000    -0.012193     0.310206 
2460315.827627 0.000000 0.000000    -0.010305     0.310385 
2460316.758925 0.000000 0.000000    -0.008157     0.310774 
2460317.690223 0.000000 0.000000    -0.006734     0.311153 
2460318.621521 0.000000 0.000000    -0.005872     0.311353 
2460319.552819 0.000000 0.000000    -0.004701     0.311419 
2460320.484117 0.000000 0.000000    -0.002548     0.311429 
2460321.415414 0.000000 0.000000     0.000412     0.311394 
2460322.346712 0.000000 0.000000     0.003266     0.311334 
2460323.278010 0.000000 0.000000     0.005036     0.311289 
2460324.209308 0.000000 0.000000     0.005364     0.311272 
2460325.140606 0.000000 0.000000     0.004671     0.311269 
2460326.071904 0.000000 0.000000     0.003740     0.311269 
2460327.003202 0.000000 0.000000     0.003125     0.311267 
2460327.934499 0.000000 0.000000     0.002860     0.311267 
2460328.865797 0.000000 0.000000     0.002653     0.311268 
2460329.797095 0.000000 0.000000     0.002313     0.311268 
2460330.728393 0.000000 0.000000     0.002000     0.311268 
2460331.659691 0.000000 0.000000     0.002062     0.311270 
2460332.590989 0.000000 0.000000     0.002629     0.311269 
2460333.522286 0.000000 0.000000     0.003340     0.311269 
2460334.453584 0.000000 0.000000     0.003485     0.311270 
2460335.384882 0.000000 0.000000     0.002491     0.311270 
2460336.316180 0.000000 0.000000     0.000388     0.311273 
2460337.247478 0.000000 0.000000    -0.002124     0.311289 
2460338.178776 0.000000 0.000000    -0.004071     0.311309 
2460339.110074 0.000000 0.000000    -0.004798     0.311317 
2460340.041371 0.000000 0.000000    -0.004334     0.311322 
2460340.972669 0.000000 0.000000    -0.003288     0.311350 
2460341.903967 0.000000 0.000000    -0.002378     0.311398 
2460342.835265 0.000000 0.000000    -0.001960     0.311438 
2460343.766563 0.000000 0.000000    -0.001873     0.311457 
2460344.697861 0.000000 0.000000    -0.001673     0.311463 
2460345.629159 0.000000 0.000000    -0.001040     0.311463 
2460346.560456 0.000000 0.000000    -0.000023     0.311460 
2460347.491754 0.000000 0.000000     0.001012     0.311455 
2460348.423052 0.000000 0.000000     0.001676     0.311452 
2460349.354350 0.000000 0.000000     0.001825     0.311451 
2460350.285648 0.000000 0.000000     0.001611     0.311451 
2460351.216946 0.000000 0.000000     0.001315     0.311451 
2460352.148244 0.000000 0.000000     0.001122     0.311451 
2460353.079541 0.000000 0.000000     0.001022     0.311451 
2460354.010839 0.000000 0.000000     0.000904     0.311451 
2460354.942137 0.000000 0.000000     0.000720     0.311451 
2460355.873435 0.000000 0.000000     0.000564     0.311451 
2460356.804733 0.000000 0.000000     0.000587     0.311452 
2460357.736031 0.000000 0.000000     0.000828     0.311452 
2460358.667328 0.000000 0.000000     0.001118     0.311452 
2460359.598626 0.000000 0.000000     0.001160     0.311452 
2460360.529924 0.000000 0.000000     0.000739     0.311452 
2460361.461222 0.000000 0.000000    -0.000092     0.311452 
2460362.392520 0.000000 0.000000    -0.001008     0.311454 
2460363.323818 0.000000 0.000000    -0.001610     0.311455 
2460364.255116 0.000000 0.000000    -0.001675     0.311455 
2460365.186413 0.000000 0.000000    -0.001298     0.311456 
2460366.117711 0.000000 0.000000    -0.000806     0.311459 
2460367.049009 0.000000 0.000000    -0.000525     0.311463 
2460367.980307 0.000000 0.000000    -0.000561     0.311466 
2460368.911605 0.000000 0.000000    -0.000752     0.311467 
2460369.842903 0.000000 0.000000    -0.000817     0.311467 
2460370.774201 0.000000 0.000000    -0.000570     0.311467 
2460371.705498 0.000000 0.000000    -0.000049     0.311467 
2460372.636796 0.000000 0.000000     0.000520     0.311466 
2460373.568094 0.000000 0.000000     0.000900     0.311465 
2460374.499392 0.000000 0.000000     0.000990     0.311464 
2460375.430690 0.000000 0.000000     0.000867     0.311464 
2460376.361988 0.000000 0.000000     0.000693     0.311464 
2460377.293285 0.000000 0.000000     0.000579     0.311464 
2460378.224583 0.000000 0.000000     0.000525     0.311464 
2460379.155881 0.000000 0.000000     0.000467     0.311464 
2460380.087179 0.000000 0.000000     0.000368     0.311464 
2460381.018477 0.000000 0.000000     0.000276     0.311464 
2460381.949775 0.000000 0.000000     0.000280     0.311464 
2460382.881073 0.000000 0.000000     0.000409     0.311464 
2460383.812370 0.000000 0.000000     0.000575     0.311464 
2460384.743668 0.000000 0.000000     0.000611     0.311464 
2460385.674966 0.000000 0.000000     0.000394     0.311464 
2460386.606264 0.000000 0.000000    -0.000046     0.311464 
2460387.537562 0.000000 0.000000    -0.000525     0.311465 
2460388.468860 0.000000 0.000000    -0.000819     0.311465 
2460389.400158 0.000000 0.000000    -0.000820     0.311465 
2460390.331455 0.000000 0.000000    -0.000607     0.311465 
2460391.262753 0.000000 0.000000    -0.000388     0.311466 
2460392.194051 0.000000 0.000000    -0.000338     0.311467 
2460393.125349 0.000000 0.000000    -0.000472     0.311467 
2460394.056647 0.000000 0.000000    -0.000634     0.311468 
2460394.987945 0.000000 0.000000    -0.000619     0.311468 
2460395.919243 0.000000 0.000000    -0.000326     0.311468 
2460396.850540 0.000000 0.000000     0.000162     0.311467 
2460397.781838 0.000000 0.000000     0.000638     0.311465 
2460398.713136 0.000000 0.000000     0.000910     0.311464 
2460399.644434 0.000000 0.000000     0.000922     0.311463 
2460400.575732 0.000000 0.000000     0.000766     0.311463 
2460401.507030 0.000000 0.000000     0.000591     0.311463 
2460402.438327 0.000000 0.000000     0.000492     0.311463 
2460403.369625 0.000000 0.000000     0.000460     0.311463 
2460404.300923 0.000000 0.000000     0.000433     0.311463 
2460405.232221 0.000000 0.000000     0.000372     0.311463 
2460406.163519 0.000000 0.000000     0.000315     0.311463 
2460407.094817 0.000000 0.000000     0.000331     0.311463 
2460408.026115 0.000000 0.000000     0.000439     0.311463 
2460408.957412 0.000000 0.000000     0.000565     0.311463 
2460409.888710 0.000000 0.000000     0.000573     0.311463 
2460410.820008 0.000000 0.000000     0.000369     0.311463 
2460411.751306 0.000000 0.000000    -0.000016     0.311463 
2460412.682604 0.000000 0.000000    -0.000429     0.311464 
2460413.613902 0.000000 0.000000    -0.000695     0.311464 
2460414.545200 0.000000 0.000000    -0.000736     0.311465 
2460415.476497 0.000000 0.000000    -0.000622     0.311465 
2460416.407795 0.000000 0.000000    -0.000505     0.311465 
2460417.339093 0.000000 0.000000    -0.000497     0.311467 
2460418.270391 0.000000 0.000000    -0.000581     0.311467 
2460419.201689 0.000000 0.000000    -0.000623     0.311468 
2460420.132987 0.000000 0.000000    -0.000483     0.311468 
2460421.064284 0.000000 0.000000    -0.000125     0.311468 
2460421.995582 0.000000 0.000000     0.000339     0.311466 
2460422.926880 0.000000 0.000000     0.000725     0.311464 
2460423.858178 0.000000 0.000000     0.000896     0.311463 
2460424.789476 0.000000 0.000000     0.000842     0.311463 
2460425.720774 0.000000 0.000000     0.000672     0.311463 
2460426.652072 0.000000 0.000000     0.000517     0.311463 
2460427.583369 0.000000 0.000000     0.000442     0.311463 
2460428.514667 0.000000 0.000000     0.000426     0.311463 
2460429.445965 0.000000 0.000000     0.000409     0.311463 
2460430.377263 0.000000 0.000000     0.000368     0.311463 
2460431.308561 0.000000 0.000000     0.000338     0.311463 
2460432.239859 0.000000 0.000000     0.000372     0.311463 
2460433.171157 0.000000 0.000000     0.000472     0.311463 
2460434.102454 0.000000 0.000000     0.000560     0.311463 
2460435.033752 0.000000 0.000000     0.000525     0.311463 
2460435.965050 0.000000 0.000000     0.000303     0.311463 
2460436.896348 0.000000 0.000000    -0.000060     0.311463 
2460437.827646 0.000000 0.000000    -0.000427     0.311463 
2460438.758944 0.000000 0.000000    -0.000660     0.311464 
2460439.690241 0.000000 0.000000    -0.000708     0.311464 
2460440.621539 0.000000 0.000000    -0.000633     0.311464 
2460441.552837 0.000000 0.000000    -0.000549     0.311465 
2460442.484135 0.000000 0.000000    -0.000527     0.311467 
2460443.415433 0.000000 0.000000    -0.000544     0.311468 
2460444.346731 0.000000 0.000000    -0.000500     0.311468 
2460445.278029 0.000000 0.000000    -0.000313     0.311468 
2460446.209326 0.000000 0.000000     0.000011     0.311468 
2460447.140624 0.000000 0.000000     0.000369     0.311467 
2460448.071922 0.000000 0.000000     0.000627     0.311465 
2460449.003220 0.000000 0.000000     0.000707     0.311465 
2460449.934518 0.000000 0.000000     0.000632     0.311465 
2460450.865816 0.000000 0.000000     0.000493     0.311465 
2460451.797114 0.000000 0.000000     0.000385     0.311465 
2460452.728411 0.000000 0.000000     0.000340     0.311465 
2460453.659709 0.000000 0.000000     0.000332     0.311465 
2460454.591007 0.000000 0.000000     0.000318     0.311465 
2460455.522305 0.000000 0.000000     0.000291     0.311465 
2460456.453603 0.000000 0.000000     0.000282     0.311465 
2460457.384901 0.000000 0.000000     0.000323     0.311465 
2460458.316199 0.000000 0.000000     0.000401     0.311465 
2460459.247496 0.000000 0.000000     0.000448     0.311465 
2460460.178794 0.000000 0.000000     0.000386     0.311465 
2460461.110092 0.000000 0.000000     0.000185     0.311465 
2460462.041390 0.000000 0.000000    -0.000105     0.311465 
2460462.972688 0.000000 0.000000    -0.000377     0.311465 
2460463.903986 0.000000 0.000000    -0.000539     0.311465 
2460464.835283 0.000000 0.000000    -0.000565     0.311465 
2460465.766581 0.000000 0.000000    -0.000506     0.311466 
2460466.697879 0.000000 0.000000    -0.000440     0.311467 
2460467.629177 0.000000 0.000000    -0.000408     0.311468 
2460468.560475 0.000000 0.000000    -0.000388     0.311468 
2460469.491773 0.000000 0.000000    -0.000319     0.311468 
2460470.423071 0.000000 0.000000    -0.000162     0.311468 
2460471.354368 0.000000 0.000000     0.000064     0.311468 
2460472.285666 0.000000 0.000000     0.000286     0.311468 
2460473.216964 0.000000 0.000000     0.000426     0.311467 
2460474.148262 0.000000 0.000000     0.000449     0.311467 
2460475.079560 0.000000 0.000000     0.000386     0.311467 
2460476.010858 0.000000 0.000000     0.000299     0.311467 
2460476.942156 0.000000 0.000000     0.000240     0.311467 
2460477.873453 0.000000 0.000000     0.000218     0.311467 
2460478.804751 0.000000 0.000000     0.000213     0.311467 
2460479.736049 0.000000 0.000000     0.000201     0.311467 
2460480.667347 0.000000 0.000000     0.000185     0.311467 
2460481.598645 0.000000 0.000000     0.000188     0.311467 
2460482.529943 0.000000 0.000000     0.000222     0.311467 
2460483.461240 0.000000 0.000000     0.000271     0.311467 
2460484.392538 0.000000 0.000000     0.000288     0.311467 
2460485.323836 0.000000 0.000000     0.000226     0.311467 
2460486.255134 0.000000 0.000000     0.000079     0.311467 
2460487.186432 0.000000 0.000000    -0.000110     0.311467 
2460488.117730 0.000000 0.000000    -0.000274     0.311467 
2460489.049028 0.000000 0.000000    -0.000361     0.311467 
2460489.980325 0.000000 0.000000    -0.000364     0.311467 
2460490.911623 0.000000 0.000000    -0.000319     0.311467 
2460491.842921 0.000000 0.000000    -0.000273     0.311468 
2460492.774219 0.000000 0.000000    -0.000244     0.311468 
2460493.705517 0.000000 0.000000    -0.000219     0.311468 
2460494.636815 0.000000 0.000000    -0.000165     0.311468 
2460495.568113 0.000000 0.000000    -0.000067     0.311468 
2460496.499410 0.000000 0.000000     0.000058     0.311468 
2460497.430708 0.000000 0.000000     0.000170     0.311468 
2460498.362006 0.000000 0.000000     0.000231     0.311468 
2460499.293304 0.000000 0.000000     0.000232     0.311468 
2460500.224602 0.000000 0.000000     0.000194     0.311468 
2460501.155900 0.000000 0.000000     0.000151     0.311468 
2460502.087197 0.000000 0.000000     0.000125     0.311468 
2460503.018495 0.000000 0.000000     0.000116     0.311468 
2460503.949793 0.000000 0.000000     0.000112     0.311468 
2460504.881091 0.000000 0.000000     0.000103     0.311468 
2460505.812389 0.000000 0.000000     0.000096     0.311468 
2460506.743687 0.000000 0.000000     0.000101     0.311468 
2460507.674985 0.000000 0.000000     0.000124     0.311468 
2460508.606282 0.000000 0.000000     0.000148     0.311468 
2460509.537580 0.000000 0.000000     0.000149     0.311468 
2460510.468878 0.000000 0.000000     0.000105     0.311468 
2460511.400176 0.000000 0.000000     0.000018     0.311468 
2460512.331474 0.000000 0.000000    -0.000083     0.311468 
2460513.262772 0.000000 0.000000    -0.000162     0.311468 
2460514.194070 0.000000 0.000000    -0.000197     0.311468 
2460515.125367 0.000000 0.000000    -0.000189     0.311468 
2460516.056665 0.000000 0.000000    -0.000160     0.311468 
2460516.987963 0.000000 0.000000    -0.000132     0.311468 
2460517.919261 0.000000 0.000000    -0.000114     0.311468 
2460518.850559 0.000000 0.000000    -0.000099     0.311468 
2460519.781857 0.000000 0.000000    -0.000070     0.311468 
2460520.713155 0.000000 0.000000    -0.000023     0.311468 
2460521.644452 0.000000 0.000000     0.000033     0.311468 
2460522.575750 0.000000 0.000000     0.000079     0.311468 
2460523.507048 0.000000 0.000000     0.000100     0.311468 
2460524.438346 0.000000 0.000000     0.000097     0.311468 
2460525.369644 0.000000 0.000000     0.000080     0.311468 
2460526.300942 0.000000 0.000000     0.000063     0.311468 
2460527.232239 0.000000 0.000000     0.000054     0.311468 
2460528.163537 0.000000 0.000000     0.000051     0.311468 
2460529.094835 0.000000 0.000000     0.000048     0.311468 
2460530.026133 0.000000 0.000000     0.000042     0.311468 
2460530.957431 0.000000 0.000000     0.000039     0.311468 
2460531.888729 0.000000 0.000000     0.000044     0.311468 
2460532.820027 0.000000 0.000000     0.000055     0.311468 
2460533.751324 0.000000 0.000000     0.000065     0.311468 
2460534.682622 0.000000 0.000000     0.000062     0.311468 
2460535.613920 0.000000 0.000000     0.000037     0.311468 
2460536.545218 0.000000 0.000000    -0.000004     0.311468 
2460537.476516 0.000000 0.000000    -0.000048     0.311468 
2460538.407814 0.000000 0.000000    -0.000078     0.311468 
2460539.339112 0.000000 0.000000    -0.000087     0.311468 
2460540.270409 0.000000 0.000000    -0.000078     0.311468 
2460541.201707 0.000000 0.000000    -0.000062     0.311468 
2460542.133005 0.000000 0.000000    -0.000049     0.311468 
2460543.064303 0.000000 0.000000    -0.000041     0.311468 
2460543.995601 0.000000 0.000000    -0.000036     0.311468 
2460544.926899 0.000000 0.000000    -0.000026     0.311468 
2460545.858196 0.000000 0.000000    -0.000008     0.311468 
2460546.789494 0.000000 0.000000     0.000012     0.311468 
2460547.720792 0.000000 0.000000     0.000028     0.311468 
2460548.652090 0.000000 0.000000     0.000035     0.311468 
2460549.583388 0.000000 0.000000     0.000034     0.311468 
2460550.514686 0.000000 0.000000     0.000028     0.311468 
2460551.445984 0.000000 0.000000     0.000023     0.311468 
2460552.377281 0.000000 0.000000     0.000020     0.311468 
2460553.308579 0.000000 0.000000     0.000019     0.311468 
2460554.239877 0.000000 0.000000     0.000016     0.311468 
2460555.171175 0.000000 0.000000     0.000014     0.311468 
2460556.102473 0.000000 0.000000     0.000013     0.311468 
2460557.033771 0.000000 0.000000     0.000015     0.311468 
2460557.965069 0.000000 0.000000     0.000020     0.311468 
2460558.896366 0.000000 0.000000     0.000023     0.311468 
2460559.827664 0.000000 0.000000     0.000021     0.311468 
2460560.758962 0.000000 0.000000     0.000010     0.311468 
2460561.690260 0.000000 0.000000    -0.000007     0.311468 
2460562.621558 0.000000 0.000000    -0.000022     0.311468 
2460563.552856 0.000000 0.000000    -0.000031     0.311468 
2460564.484153 0.000000 0.000000    -0.000031     0.311468 
2460565.415451 0.000000 0.000000    -0.000025     0.311468 
2460566.346749 0.000000 0.000000    -0.000017     0.311468 
2460567.278047 0.000000 0.000000    -0.000013     0.311468 
2460568.209345 0.000000 0.000000    -0.000012     0.311468 
2460569.140643 0.000000 0.000000    -0.000012     0.311468 
2460570.071941 0.000000 0.000000    -0.000010     0.311468 
2460571.003238 0.000000 0.000000    -0.000005     0.311468 
2460571.934536 0.000000 0.000000     0.000003     0.311468 
2460572.865834 0.000000 0.000000     0.000009     0.311468 
2460573.797132 0.000000 0.000000     0.000013     0.311468 
2460574.728430 0.000000 0.000000     0.000012     0.311468 
2460575.659728 0.000000 0.000000     0.000010     0.311468 
2460576.591026 0.000000 0.000000     0.000008     0.311468 
2460577.522323 0.000000 0.000000     0.000007     0.311468 
2460578.453621 0.000000 0.000000     0.000007     0.311468 
2460579.384919 0.000000 0.000000     0.000006     0.311468 
2460580.316217 0.000000 0.000000     0.000004     0.311468 
2460581.247515 0.000000 0.000000     0.000004     0.311468 
2460582.178813 0.000000 0.000000     0.000004     0.311468 
2460583.110111 0.000000 0.000000     0.000007     0.311468 
2460584.041408 0.000000 0.000000     0.000008     0.311468 
2460584.972706 0.000000 0.000000     0.000007     0.311468 
2460585.904004 0.000000 0.000000     0.000003     0.311468 
2460586.835302 0.000000 0.000000    -0.000004     0.311468 
2460587.766600 0.000000 0.000000    -0.000010     0.311468 
2460588.697898 0.000000 0.000000    -0.000012     0.311468 
2460589.629195 0.000000 0.000000    -0.000010     0.311468 
2460590.560493 0.000000 0.000000    -0.000007     0.311468 
2460591.491791 0.000000 0.000000    -0.000004     0.311468 
2460592.423089 0.000000 0.000000    -0.000004     0.311468 
2460593.354387 0.000000 0.000000    -0.000005     0.311468 
2460594.285685 0.000000 0.000000    -0.000006     0.311468 
2460595.216983 0.000000 0.000000    -0.000006     0.311468 
2460596.148280 0.000000 0.000000    -0.000003     0.311468 
2460597.079578 0.000000 0.000000     0.000002     0.311468 
2460598.010876 0.000000 0.000000     0.000006     0.311468 
2460598.942174 0.000000 0.000000     0.000008     0.311468 
2460599.873472 0.000000 0.000000     0.000008     0.311468 
2460600.804770 0.000000 0.000000     0.000006     0.311468 
2460601.736068 0.000000 0.000000     0.000005     0.311468 
2460602.667365 0.000000 0.000000     0.000004     0.311468 
2460603.598663 0.000000 0.000000     0.000004     0.311468 
2460604.529961 0.000000 0.000000     0.000004     0.311468 
2460605.461259 0.000000 0.000000     0.000003     0.311468 
2460606.392557 0.000000 0.000000     0.000002     0.311468 
2460607.323855 0.000000 0.000000     0.000003     0.311468 
2460608.255152 0.000000 0.000000     0.000004     0.311468 
2460609.186450 0.000000 0.000000     0.000005     0.311468 
2460610.117748 0.000000 0.000000     0.000005     0.311468 
2460611.049046 0.000000 0.000000     0.000002     0.311468 
2460611.980344 0.000000 0.000000    -0.000002     0.311468 
2460612.911642 0.000000 0.000000    -0.000006     0.311468 
2460613.842940 0.000000 0.000000    -0.000007     0.311468 
2460614.774237 0.000000 0.000000    -0.000006     0.311468 
2460615.705535 0.000000 0.000000    -0.000004     0.311468 
2460616.636833 0.000000 0.000000    -0.000003     0.311468 
2460617.568131 0.000000 0.000000    -0.000004     0.311468 
2460618.499429 0.000000 0.000000    -0.000005     0.311468 
2460619.430727 0.000000 0.000000    -0.000006     0.311468 
2460620.362025 0.000000 0.000000    -0.000004     0.311468 
2460621.293322 0.000000 0.000000    -0.000000     0.311468 
2460622.224620 0.000000 0.000000     0.000004     0.311468 
2460623.155918 0.000000 0.000000     0.000007     0.311468 
2460624.087216 0.000000 0.000000     0.000008     0.311468 
2460625.018514 0.000000 0.000000     0.000007     0.311468 
2460625.949812 0.000000 0.000000     0.000006     0.311468 
2460626.881109 0.000000 0.000000     0.000005     0.311468 
2460627.812407 0.000000 0.000000     0.000004     0.311468 
2460628.743705 0.000000 0.000000     0.000004     0.311468 
2460629.675003 0.000000 0.000000     0.000004     0.311468 
2460630.606301 0.000000 0.000000     0.000003     0.311468 
2460631.537599 0.000000 0.000000     0.000003     0.311468 
2460632.468897 0.000000 0.000000     0.000003     0.311468 
2460633.400194 0.000000 0.000000     0.000005     0.311468 
2460634.331492 0.000000 0.000000     0.000005     0.311468 
2460635.262790 0.000000 0.000000     0.000004     0.311468 
2460636.194088 0.000000 0.000000     0.000002     0.311468 
2460637.125386 0.000000 0.000000    -0.000002     0.311468 
2460638.056684 0.000000 0.000000    -0.000005     0.311468 
2460638.987982 0.000000 0.000000    -0.000006     0.311468 
2460639.919279 0.000000 0.000000    -0.000006     0.311468 
2460640.850577 0.000000 0.000000    -0.000005     0.311468 
2460641.781875 0.000000 0.000000    -0.000005     0.311468 
2460642.713173 0.000000 0.000000    -0.000005     0.311468 
2460643.644471 0.000000 0.000000    -0.000005     0.311468 
2460644.575769 0.000000 0.000000    -0.000005     0.311468 
2460645.507067 0.000000 0.000000    -0.000003     0.311468 
2460646.438364 0.000000 0.000000     0.000001     0.311468 
2460647.369662 0.000000 0.000000     0.000005     0.311468 
2460648.300960 0.000000 0.000000     0.000007     0.311468 
2460649.232258 0.000000 0.000000     0.000007     0.311468 
2460650.163556 0.000000 0.000000     0.000006     0.311468 
2460651.094854 0.000000 0.000000     0.000005     0.311468 
2460652.026151 0.000000 0.000000     0.000004     0.311468 
2460652.957449 0.000000 0.000000     0.000004     0.311468 
2460653.888747 0.000000 0.000000     0.000004     0.311468 
2460654.820045 0.000000 0.000000     0.000003     0.311468 
2460655.751343 0.000000 0.000000     0.000003     0.311468 
2460656.682641 0.000000 0.000000     0.000003     0.311468 
2460657.613939 0.000000 0.000000     0.000004     0.311468 
2460658.545236 0.000000 0.000000     0.000004     0.311468 
2460659.476534 0.000000 0.000000     0.000005     0.311468 
2460660.407832 0.000000 0.000000     0.000004     0.311468 
2460661.339130 0.000000 0.000000     0.000001     0.311468 
2460662.270428 0.000000 0.000000    -0.000002     0.311468 
2460663.201726 0.000000 0.000000    -0.000005     0.311468 
2460664.133024 0.000000 0.000000    -0.000006     0.311468 
2460665.064321 0.000000 0.000000    -0.000006     0.311468 
2460665.995619 0.000000 0.000000    -0.000005     0.311468 
2460666.926917 0.000000 0.000000    -0.000005     0.311468 
2460667.858215 0.000000 0.000000    -0.000004     0.311468 
2460668.789513 0.000000 0.000000    -0.000004     0.311468 
2460669.720811 0.000000 0.000000    -0.000003     0.311468 
2460670.652108 0.000000 0.000000    -0.000001     0.311468 
2460671.583406 0.000000 0.000000     0.000002     0.311468 
2460672.514704 0.000000 0.000000     0.000004     0.311468 
2460673.446002 0.000000 0.000000     0.000006     0.311468 
2460674.377300 0.000000 0.000000     0.000005     0.311468 
2460675.308598 0.000000 0.000000     0.000004     0.311468 
2460676.239896 0.000000 0.000000     0.000003     0.311468 
2460677.171193 0.000000 0.000000     0.000003     0.311468 
2460678.102491 0.000000 0.000000     0.000003     0.311468 
2460679.033789 0.000000 0.000000     0.000003     0.311468 
2460679.965087 0.000000 0.000000     0.000002     0.311468 
2460680.896385 0.000000 0.000000     0.000002     0.311468 
2460681.827683 0.000000 0.000000     0.000002     0.311468 
2460682.758981 0.000000 0.000000     0.000003     0.311468 
2460683.690278 0.000000 0.000000     0.000003     0.311468 
2460684.621576 0.000000 0.000000    -0.115514     0.062303 
