# time model 
2455007.429878 0.000094 
2455008.361176 0.000125 
2455009.292474 0.000130 
2455010.223771 0.000134 
2455011.155069 0.000121 
2455012.086367 0.000063 
2455013.017665 -0.000049 
2455013.948963 -0.000179 
2455014.880261 -0.000272 
2455015.811558 -0.000295 
2455016.742856 -0.000269 
2455017.674154 -0.000261 
2455018.605452 -0.000327 
2455019.536750 -0.000473 
2455020.468048 -0.000641 
2455021.399346 -0.000758 
2455022.330643 -0.000791 
2455023.261941 -0.000775 
2455024.193239 -0.000781 
2455025.124537 -0.000856 
2455026.055835 -0.000979 
2455026.987133 -0.001067 
2455027.918431 -0.001041 
2455028.849728 -0.000881 
2455029.781026 -0.000646 
2455030.712324 -0.000429 
2455031.643622 -0.000293 
2455032.574920 -0.000237 
2455033.506218 -0.000211 
2455034.437515 -0.000173 
2455035.368813 -0.000128 
2455036.300111 -0.000117 
2455037.231409 -0.000177 
2455038.162707 -0.000294 
2455039.094005 -0.000409 
2455040.025303 -0.000457 
2455040.956600 -0.000424 
2455041.887898 -0.000356 
2455042.819196 -0.000328 
2455043.750494 -0.000380 
2455044.681792 -0.000491 
2455045.613090 -0.000601 
2455046.544388 -0.000661 
2455047.475685 -0.000676 
2455048.406983 -0.000696 
2455049.338281 -0.000771 
2455050.269579 -0.000900 
2455051.200877 -0.001029 
2455052.132175 -0.001091 
2455053.063472 -0.001054 
2455053.994770 -0.000951 
2455054.926068 -0.000845 
2455055.857366 -0.000784 
2455056.788664 -0.000764 
2455057.719962 -0.000747 
2455058.651260 -0.000698 
2455059.582557 -0.000619 
2455060.513855 -0.000547 
2455061.445153 -0.000519 
2455062.376451 -0.000540 
2455063.307749 -0.000575 
2455064.239047 -0.000583 
2455065.170345 -0.000544 
2455066.101642 -0.000473 
2455067.032940 -0.000394 
2455067.964238 -0.000324 
2455068.895536 -0.000260 
2455069.826834 -0.000200 
2455070.758132 -0.000160 
2455071.689430 -0.000168 
2455072.620727 -0.000236 
2455073.552025 -0.000340 
2455074.483323 -0.000422 
2455075.414621 -0.000440 
2455076.345919 -0.000406 
2455077.277217 -0.000388 
2455078.208514 -0.000458 
2455079.139812 -0.000632 
2455080.071110 -0.000845 
2455081.002408 -0.000993 
2455081.933706 -0.001012 
2455082.865004 -0.000924 
2455083.796302 -0.000817 
2455084.727599 -0.000768 
2455085.658897 -0.000779 
2455086.590195 -0.000783 
2455087.521493 -0.000718 
2455088.452791 -0.000587 
2455089.384089 -0.000465 
2455090.315387 -0.000424 
2455091.246684 -0.000452 
2455092.177982 -0.000445 
2455093.109280 -0.000297 
2455094.040578 -0.000013 
2455094.971876 0.000268 
2455095.903174 0.000365 
2455096.834471 0.000214 
2455097.765769 -0.000048 
2455098.697067 -0.000167 
2455099.628365 0.000030 
2455100.559663 0.000475 
2455101.490961 0.000877 
2455102.422259 0.000931 
2455103.353556 0.000559 
2455104.284854 -0.000012 
2455105.216152 -0.000404 
2455106.147450 -0.000376 
2455107.078748 0.000003 
2455108.010046 0.000410 
2455108.941344 0.000534 
2455109.872641 0.000319 
2455110.803939 -0.000017 
2455111.735237 -0.000188 
2455112.666535 -0.000101 
2455113.597833 0.000071 
2455114.529131 0.000055 
2455115.460428 -0.000247 
2455116.391726 -0.000644 
2455117.323024 -0.000815 
2455118.254322 -0.000617 
2455119.185620 -0.000255 
2455120.116918 -0.000150 
2455121.048216 -0.000562 
2455121.979513 -0.001308 
2455122.910811 -0.001829 
2455123.842109 -0.001603 
2455124.773407 -0.000592 
2455125.704705 0.000662 
2455126.636003 0.001418 
2455127.567301 0.001305 
2455128.498598 0.000648 
2455129.429896 0.000243 
2455130.361194 0.000754 
2455131.292492 0.002177 
2455132.223790 0.003825 
2455133.155088 0.004825 
2455134.086386 0.004748 
2455135.017683 0.003870 
2455135.948981 0.002864 
2455136.880279 0.002219 
2455137.811577 0.001881 
2455138.742875 0.001407 
2455139.674173 0.000470 
2455140.605470 -0.000770 
2455141.536768 -0.001791 
2455142.468066 -0.002228 
2455143.399364 -0.002306 
2455144.330662 -0.002737 
2455145.261960 -0.004101 
2455146.193258 -0.006215 
2455147.124555 -0.008084 
2455148.055853 -0.008576 
2455148.987151 -0.007316 
2455149.918449 -0.005071 
2455150.849747 -0.003222 
2455151.781045 -0.002685 
2455152.712343 -0.003128 
2455153.643640 -0.003145 
2455154.574938 -0.001325 
2455155.506236 0.002606 
2455156.437534 0.007467 
2455157.368832 0.011375 
2455158.300130 0.013004 
2455159.231427 0.012352 
2455160.162725 0.010478 
2455161.094023 0.008501 
2455162.025321 0.006757 
2455162.956619 0.004806 
2455163.887917 0.002179 
2455164.819215 -0.000894 
2455165.750512 -0.003540 
2455166.681810 -0.005076 
2455167.613108 -0.005853 
2455168.544406 -0.007223 
2455169.475704 -0.010479 
2455170.407002 -0.015582 
2455171.338300 -0.020824 
2455172.269597 -0.023878 
2455173.200895 -0.023532 
2455174.132193 -0.020711 
2455175.063491 -0.017835 
2455175.994789 -0.016902 
2455176.926087 -0.017759 
2455177.857384 -0.018016 
2455178.788682 -0.014774 
2455179.719980 -0.006910 
2455180.651278 0.003871 
2455181.582576 0.014033 
2455182.513874 0.020481 
2455183.445172 0.022349 
2455184.376469 0.020989 
2455185.307767 0.018370 
2455186.239065 0.015380 
2455187.170363 0.011491 
2455188.101661 0.005950 
2455189.032959 -0.000777 
2455189.964257 -0.006829 
2455190.895554 -0.010407 
2455191.826852 -0.011615 
2455192.758150 -0.012913 
2455193.689448 -0.017430 
2455194.620746 -0.026320 
2455195.552044 -0.037355 
2455196.483342 -0.046170 
2455197.414639 -0.049420 
2455198.345937 -0.047392 
2455199.277235 -0.043849 
2455200.208533 -0.043003 
2455201.139831 -0.045906 
2455202.071129 -0.049193 
2455203.002426 -0.047343 
2455203.933724 -0.036845 
2455204.865022 -0.019068 
2455205.796320 0.000410 
2455206.727618 0.015451 
2455207.658916 0.023128 
2455208.590214 0.024734 
2455209.521511 0.023553 
2455210.452809 0.021549 
2455211.384107 0.017936 
2455212.315405 0.010765 
2455213.246703 -0.000120 
2455214.178001 -0.011721 
2455215.109299 -0.019700 
2455216.040596 -0.022055 
2455216.971894 -0.021396 
2455217.903192 -0.023495 
2455218.834490 -0.032842 
2455219.765788 -0.048740 
2455220.697086 -0.065293 
2455221.628383 -0.075672 
2455222.559681 -0.077394 
2455223.490979 -0.074304 
2455224.422277 -0.073414 
2455225.353575 -0.078938 
2455226.284873 -0.088287 
2455227.216171 -0.093429 
2455228.147468 -0.086734 
2455229.078766 -0.066843 
2455230.010064 -0.039951 
2455230.941362 -0.015583 
2455231.872660 -0.000257 
2455232.803958 0.005985 
2455233.735256 0.007750 
2455234.666553 0.009154 
2455235.597851 0.010021 
2455236.529149 0.006665 
2455237.460447 -0.003656 
2455238.391745 -0.018827 
2455239.323043 -0.032358 
2455240.254340 -0.038227 
2455241.185638 -0.036074 
2455242.116936 -0.032117 
2455243.048234 -0.034595 
2455243.979532 -0.047227 
2455244.910830 -0.066060 
2455245.842128 -0.082499 
2455246.773425 -0.090182 
2455247.704723 -0.090092 
2455248.636021 -0.089583 
2455249.567319 -0.095977 
2455250.498617 -0.109927 
2455251.429915 -0.124069 
2455252.361213 -0.128215 
2455253.292510 -0.117034 
2455254.223808 -0.094118 
2455255.155106 -0.069302 
2455256.086404 -0.051547 
2455257.017702 -0.043169 
2455257.949000 -0.039815 
2455258.880298 -0.035681 
2455259.811595 -0.029185 
2455260.742893 -0.024190 
2455261.674191 -0.025959 
2455262.605489 -0.035617 
2455263.536787 -0.048169 
2455264.468085 -0.055950 
2455265.399382 -0.054638 
2455266.330680 -0.046711 
2455267.261978 -0.039414 
2455268.193276 -0.038989 
2455269.124574 -0.046036 
2455270.055872 -0.055782 
2455270.987170 -0.062771 
2455271.918467 -0.065702 
2455272.849765 -0.068246 
2455273.781063 -0.075250 
2455274.712361 -0.087867 
2455275.643659 -0.101963 
2455276.574957 -0.111232 
2455277.506255 -0.112248 
2455278.437552 -0.107074 
2455279.368850 -0.101221 
2455280.300148 -0.098898 
2455281.231446 -0.099732 
2455282.162744 -0.099701 
2455283.094042 -0.095206 
2455284.025339 -0.086491 
2455284.956637 -0.077404 
2455285.887935 -0.071928 
2455286.819233 -0.070786 
2455287.750531 -0.071160 
2455288.681829 -0.069496 
2455289.613127 -0.064500 
2455290.544424 -0.057449 
2455291.475722 -0.049842 
2455292.407020 -0.041213 
2455293.338318 -0.029814 
2455294.269616 -0.015796 
2455295.200914 -0.003429 
2455296.132212 0.000818 
2455297.063509 -0.006297 
2455297.994807 -0.020513 
2455298.926105 -0.031655 
2455299.857403 -0.031161 
2455300.788701 -0.019902 
2455301.719999 -0.009250 
2455302.651297 -0.013238 
2455303.582594 -0.037243 
2455304.513892 -0.072407 
2455305.445190 -0.101105 
2455306.376488 -0.109773 
2455307.307786 -0.098925 
2455308.239084 -0.081964 
2455309.170381 -0.073613 
2455310.101679 -0.077728 
2455311.032977 -0.085003 
2455311.964275 -0.082591 
2455312.895573 -0.066944 
2455313.826871 -0.047917 
2455314.758169 -0.039718 
2455315.689466 -0.046483 
2455316.620764 -0.056149 
2455317.552062 -0.049792 
2455318.483360 -0.019612 
2455319.414658 0.020542 
2455320.345956 0.043489 
2455321.277254 0.031330 
2455322.208551 -0.006145 
2455323.139849 -0.034710 
2455324.071147 -0.021131 
2455325.002445 0.038252 
2455325.933743 0.109999 
2455326.865041 0.146029 
2455327.796338 0.120469 
2455328.727636 0.051785 
2455329.658934 -0.008945 
2455330.590232 -0.016075 
2455331.521530 0.035772 
2455332.452828 0.108061 
2455333.384126 0.149081 
2455334.315423 0.134104 
2455335.246721 0.082169 
2455336.178019 0.036273 
2455337.109317 0.024779 
2455338.040615 0.037784 
2455338.971913 0.039004 
2455339.903211 0.002203 
2455340.834508 -0.061324 
2455341.765806 -0.110683 
2455342.697104 -0.113610 
2455343.628402 -0.080904 
2455344.559700 -0.063296 
2455345.490998 -0.108548 
2455346.422295 -0.213372 
2455347.353593 -0.313951 
2455348.284891 -0.329420 
2455349.216189 -0.227209 
2455350.147487 -0.056273 
2455351.078785 0.083859 
2455352.010083 0.118702 
2455352.941380 0.060221 
2455353.872678 0.002473 
2455354.803976 0.050849 
2455355.735274 0.238546 
2455356.666572 0.496327 
2455357.597870 0.700335 
2455358.529168 0.760303 
2455359.460465 0.678362 
2455360.391763 0.533821 
2455361.323061 0.410938 
2455362.254359 0.333023 
2455363.185657 0.257756 
2455364.116955 0.132984 
2455365.048253 -0.041962 
2455365.979550 -0.209026 
2455366.910848 -0.307650 
2455367.842146 -0.342726 
2455368.773444 -0.396323 
2455369.704742 -0.561953 
2455370.636040 -0.851762 
2455371.567337 -1.159819 
2455372.498635 -1.324805 
2455373.429933 -1.251605 
2455374.361231 -0.993974 
2455375.292529 -0.722922 
2455376.223827 -0.595466 
2455377.155125 -0.623989 
2455378.086422 -0.654233 
2455379.017720 -0.477863 
2455379.949018 0.002808 
2455380.880316 0.686061 
2455381.811614 1.328875 
2455382.742912 1.707068 
2455383.674210 1.752771 
2455384.605507 1.566558 
2455385.536805 1.306822 
2455386.468103 1.058511 
2455387.399401 0.792960 
2455388.330699 0.443337 
2455389.261997 0.013555 
2455390.193294 -0.392099 
2455391.124592 -0.656622 
2455392.055890 -0.778189 
2455392.987188 -0.911125 
2455393.918486 -1.259644 
2455394.849784 -1.896457 
2455395.781082 -2.660525 
2455396.712379 -3.239519 
2455397.643677 -3.392680 
2455398.574975 -3.141442 
2455399.506273 -2.763371 
2455400.437571 -2.575343 
2455401.368869 -2.667577 
2455402.300167 -2.803869 
2455403.231464 -2.581594 
2455404.162762 -1.739136 
2455405.094060 -0.375083 
2455406.025358 1.092528 
2455406.956656 2.195017 
2455407.887954 2.699679 
2455408.819251 2.697505 
2455409.750549 2.445308 
2455410.681847 2.118211 
2455411.613145 1.692132 
2455412.544443 1.047612 
2455413.475741 0.179420 
2455414.407039 -0.705047 
2455415.338336 -1.316895 
2455416.269634 -1.548028 
2455417.200932 -1.624259 
2455418.132230 -1.978681 
2455419.063528 -2.911187 
2455419.994826 -4.304300 
2455420.926124 -5.650875 
2455421.857421 -6.407545 
2455422.788719 -6.409732 
2455423.720017 -6.007262 
2455424.651315 -5.786148 
2455425.582613 -6.077232 
2455426.513911 -6.642183 
2455427.445209 -6.804795 
2455428.376506 -5.946706 
2455429.307804 -3.990475 
2455430.239102 -1.494261 
2455431.170400 0.713300 
2455432.101698 2.067189 
2455433.032996 2.554555 
2455433.964293 2.558583 
2455434.895591 2.430900 
2455435.826889 2.180991 
2455436.758187 1.548184 
2455437.689485 0.369113 
2455438.620783 -1.120735 
2455439.552081 -2.364020 
2455440.483378 -2.911529 
2455441.414676 -2.843415 
2455442.345974 -2.788142 
2455443.277272 -3.466817 
2455444.208570 -5.104125 
2455445.139868 -7.195706 
2455446.071166 -8.857182 
2455447.002463 -9.503248 
2455447.933761 -9.311145 
2455448.865059 -9.071976 
2455449.796357 -9.522847 
2455450.727655 -10.687787 
2455451.658953 -11.770893 
2455452.590250 -11.713496 
2455453.521548 -9.992340 
2455454.452846 -7.035220 
2455455.384144 -3.932997 
2455456.315442 -1.687620 
2455457.246740 -0.595585 
2455458.178038 -0.232149 
2455459.109335 0.008243 
2455460.040633 0.315267 
2455460.971931 0.329877 
2455461.903229 -0.429423 
2455462.834527 -1.986536 
2455463.765825 -3.722100 
2455464.697123 -4.788351 
2455465.628420 -4.796090 
2455466.559718 -4.181954 
2455467.491016 -3.910416 
2455468.422314 -4.722897 
2455469.353612 -6.543630 
2455470.284910 -8.541803 
2455471.216207 -9.811346 
2455472.147505 -10.110295 
2455473.078803 -10.041449 
2455474.010101 -10.514633 
2455474.941399 -11.930510 
2455475.872697 -13.765180 
2455476.803995 -14.910386 
2455477.735292 -14.503777 
2455478.666590 -12.582948 
2455479.597888 -10.046488 
2455480.529186 -7.974995 
2455481.460484 -6.876954 
2455482.391782 -6.457099 
2455483.323080 -6.045847 
2455484.254377 -5.276171 
2455485.185675 -4.414318 
2455486.116973 -4.079728 
2455487.048271 -4.629670 
2455487.979569 -5.766165 
2455488.910867 -6.715276 
2455489.842165 -6.824198 
2455490.773462 -6.063187 
2455491.704760 -5.014004 
2455492.636058 -4.378361 
2455493.567356 -4.444697 
2455494.498654 -4.959474 
2455495.429952 -5.469600 
2455496.361249 -5.786207 
2455497.292547 -6.137739 
2455498.223845 -6.891881 
2455499.155143 -8.133370 
2455500.086441 -9.512337 
2455501.017739 -10.514786 
2455501.949037 -10.904678 
2455502.880334 -10.922694 
2455503.811632 -11.051479 
2455504.742930 -11.560751 
2455505.674228 -12.250562 
2455506.605526 -12.626195 
2455507.536824 -12.339017 
2455508.468122 -11.487286 
2455509.399419 -10.511039 
2455510.330717 -9.798448 
2455511.262015 -9.382130 
2455512.193313 -8.996724 
2455513.124611 -8.404832 
2455514.055909 -7.637151 
2455514.987206 -6.893337 
2455515.918504 -6.215392 
2455516.849802 -5.310165 
2455517.781100 -3.780061 
2455518.712398 -1.606933 
2455519.643696 0.582394 
2455520.574994 1.821286 
2455521.506291 1.532069 
2455522.437589 0.086484 
2455523.368887 -1.348778 
2455524.300185 -1.668375 
2455525.231483 -0.748860 
2455526.162781 0.338276 
2455527.094079 0.069360 
2455528.025376 -2.364487 
2455528.956674 -6.381003 
2455529.887972 -10.373979 
2455530.819270 -12.843929 
2455531.750568 -13.395117 
2455532.681866 -12.822689 
2455533.613163 -12.277290 
2455534.544461 -12.257100 
2455535.475759 -12.290285 
2455536.407057 -11.540654 
2455537.338355 -9.744569 
2455538.269653 -7.590900 
2455539.200951 -6.156683 
2455540.132248 -5.878679 
2455541.063546 -6.007712 
2455541.994844 -5.120870 
2455542.926142 -2.345866 
2455543.857440 1.727700 
2455544.788738 5.295968 
2455545.720036 6.656503 
2455546.651333 5.573549 
2455547.582631 3.553857 
2455548.513929 2.728110 
2455549.445227 4.166523 
2455550.376525 6.957753 
2455551.307823 8.812092 
2455552.239121 7.750846 
2455553.170418 3.579308 
2455554.101716 -1.985867 
2455555.033014 -6.593221 
2455555.964312 -8.897821 
2455556.895610 -9.289045 
2455557.826908 -9.218589 
2455558.758205 -9.792719 
2455559.689503 -10.849090 
2455560.620801 -11.260873 
2455561.552099 -10.128613 
2455562.483397 -7.759608 
2455563.414695 -5.535873 
2455564.345993 -4.753736 
2455565.277290 -5.435988 
2455566.208588 -6.180492 
2455567.139886 -5.250027 
2455568.071184 -2.044079 
2455569.002482 2.274320 
2455569.933780 5.566870 
2455570.865078 6.339547 
2455571.796375 4.908029 
2455572.727673 3.161442 
2455573.658971 3.089810 
2455574.590269 5.228178 
2455575.521567 8.234042 
2455576.452865 9.908986 
2455577.384162 8.838753 
2455578.315460 5.371147 
2455579.246758 1.222979 
2455580.178056 -1.884547 
2455581.109354 -3.425512 
2455582.040652 -4.178460 
2455582.971950 -5.265662 
2455583.903247 -7.020274 
2455584.834545 -8.668809 
2455585.765843 -9.073726 
2455586.697141 -7.853720 
2455587.628439 -5.872830 
2455588.559737 -4.631348 
2455589.491035 -5.037100 
2455590.422332 -6.585708 
2455591.353630 -7.667893 
2455592.284928 -6.803691 
2455593.216226 -3.834377 
2455594.147524 -0.116273 
2455595.078822 2.452610 
2455596.010120 2.819712 
2455596.941417 1.508227 
2455597.872715 0.150977 
2455598.804013 0.227207 
2455599.735311 1.995289 
2455600.666609 4.408918 
2455601.597907 5.998298 
2455602.529204 5.957880 
2455603.460502 4.589549 
2455604.391800 2.837846 
2455605.323098 1.405705 
2455606.254396 0.234720 
2455607.185694 -1.241580 
2455608.116992 -3.360490 
2455609.048289 -5.715385 
2455609.979587 -7.361372 
2455610.910885 -7.594949 
2455611.842183 -6.637238 
2455612.773481 -5.596231 
2455613.704779 -5.668787 
2455614.636077 -7.185139 
2455615.567374 -9.264101 
2455616.498672 -10.390622 
2455617.429970 -9.508800 
2455618.361268 -6.814230 
2455619.292566 -3.651964 
2455620.223864 -1.601264 
2455621.155161 -1.427198 
2455622.086459 -2.647954 
2455623.017757 -3.977207 
2455623.949055 -4.253080 
2455624.880353 -3.156297 
2455625.811651 -1.253689 
2455626.742949 0.547623 
2455627.674246 1.635014 
2455628.605544 1.936233 
2455629.536842 1.688961 
2455630.468140 1.049432 
2455631.399438 -0.061274 
2455632.330736 -1.749591 
2455633.262034 -3.823223 
2455634.193331 -5.716445 
2455635.124629 -6.813884 
2455636.055927 -6.942858 
2455636.987225 -6.606915 
2455637.918523 -6.700590 
2455638.849821 -7.856593 
2455639.781118 -9.900482 
2455640.712416 -11.852183 
2455641.643714 -12.527531 
2455642.575012 -11.343972 
2455643.506310 -8.765007 
2455644.437608 -6.060376 
2455645.368906 -4.535926 
2455646.300203 -4.750274 
2455647.231501 -6.228712 
2455648.162799 -7.828531 
2455649.094097 -8.472431 
2455650.025395 -7.755098 
2455650.956693 -6.066497 
2455651.887991 -4.232201 
2455652.819288 -2.977383 
2455653.750586 -2.576247 
2455654.681884 -2.854431 
2455655.613182 -3.444654 
2455656.544480 -4.055664 
2455657.475778 -4.576432 
2455658.407076 -5.013682 
2455659.338373 -5.392556 
2455660.269671 -5.738854 
2455661.200969 -6.140089 
2455662.132267 -6.776360 
2455663.063565 -7.823811 
2455663.994863 -9.258416 
2455664.926160 -10.716539 
2455665.857458 -11.577279 
2455666.788756 -11.289478 
2455667.720054 -9.768031 
2455668.651352 -7.582142 
2455669.582650 -5.750674 
2455670.513948 -5.207623 
2455671.445245 -6.242628 
2455672.376543 -8.280943 
2455673.307841 -10.180106 
2455674.239139 -10.892054 
2455675.170437 -10.085639 
2455676.101735 -8.327685 
2455677.033033 -6.696660 
2455677.964330 -6.077073 
2455678.895628 -6.600317 
2455679.826926 -7.601403 
2455680.758224 -8.109082 
2455681.689522 -7.522643 
2455682.620820 -6.009717 
2455683.552117 -4.369050 
2455684.483415 -3.484635 
2455685.414713 -3.771812 
2455686.346011 -4.986713 
2455687.277309 -6.475846 
2455688.208607 -7.620851 
2455689.139905 -8.132589 
2455690.071202 -8.029204 
2455691.002500 -7.423229 
2455691.933798 -6.387651 
2455692.865096 -5.048588 
2455693.796394 -3.782174 
2455694.727692 -3.233991 
2455695.658990 -4.001016 
2455696.590287 -6.137469 
2455697.521585 -8.886935 
2455698.452883 -10.958763 
2455699.384181 -11.273512 
2455700.315479 -9.694866 
2455701.246777 -7.192057 
2455702.178074 -5.244793 
2455703.109372 -4.862532 
2455704.040670 -5.910086 
2455704.971968 -7.239346 
2455705.903266 -7.542405 
2455706.834564 -6.302923 
2455707.765862 -4.149126 
2455708.697159 -2.366845 
2455709.628457 -1.963461 
2455710.559755 -2.992092 
2455711.491053 -4.609857 
2455712.422351 -5.757163 
2455713.353649 -5.883935 
2455714.284947 -5.174013 
2455715.216244 -4.182273 
2455716.147542 -3.292184 
2455717.078840 -2.505965 
2455718.010138 -1.722041 
2455718.941436 -1.166221 
2455719.872734 -1.471118 
2455720.804032 -3.212329 
2455721.735329 -6.243944 
2455722.666627 -9.448881 
2455723.597925 -11.253401 
2455724.529223 -10.633796 
2455725.460521 -7.879814 
2455726.391819 -4.489484 
2455727.323116 -2.207498 
2455728.254414 -1.889337 
2455729.185712 -3.028272 
2455730.117010 -4.278358 
2455731.048308 -4.536600 
2455731.979606 -3.729167 
2455732.910904 -2.715638 
2455733.842201 -2.455424 
2455734.773499 -3.168417 
2455735.704797 -4.187785 
2455736.636095 -4.590011 
2455737.567393 -4.022695 
2455738.498691 -2.998790 
2455739.429989 -2.409164 
2455740.361286 -2.700924 
2455741.292584 -3.469973 
2455742.223882 -3.854684 
2455743.155180 -3.400171 
2455744.086478 -2.614179 
2455745.017776 -2.662798 
2455745.949073 -4.386135 
2455746.880371 -7.434041 
2455747.811669 -10.286305 
2455748.742967 -11.229748 
2455749.674265 -9.575712 
2455750.605563 -6.174125 
2455751.536861 -2.818355 
2455752.468158 -1.006890 
2455753.399456 -1.020619 
2455754.330754 -1.987476 
2455755.262052 -2.786751 
2455756.193350 -2.980332 
2455757.124648 -2.995992 
2455758.055946 -3.477763 
2455758.987243 -4.457911 
2455759.918541 -5.154713 
2455760.849839 -4.631466 
2455761.781137 -2.758311 
2455762.712435 -0.595383 
2455763.643733 0.236119 
2455764.575030 -1.230440 
2455765.506328 -4.473762 
2455766.437626 -7.751600 
2455767.368924 -9.321261 
2455768.300222 -8.688793 
2455769.231520 -6.915275 
2455770.162818 -5.743413 
2455771.094115 -6.234567 
2455772.025413 -7.979016 
2455772.956711 -9.468417 
2455773.888009 -9.294323 
2455774.819307 -7.209941 
2455775.750605 -4.251866 
2455776.681903 -1.902153 
2455777.613200 -1.020131 
2455778.544498 -1.388147 
2455779.475796 -2.142536 
2455780.407094 -2.614072 
2455781.338392 -2.811467 
2455782.269690 -3.165233 
2455783.200988 -3.845126 
2455784.132285 -4.355694 
2455785.063583 -3.861172 
2455785.994881 -2.016157 
2455786.926179 0.427817 
2455787.857477 1.855336 
2455788.788775 0.811613 
2455789.720072 -2.903247 
2455790.651370 -7.915083 
2455791.582668 -12.029263 
2455792.513966 -13.557804 
2455793.445264 -12.294530 
2455794.376562 -9.482016 
2455795.307860 -6.858608 
2455796.239157 -5.516567 
2455797.170455 -5.370463 
2455798.101753 -5.517629 
2455799.033051 -5.101555 
2455799.964349 -3.977525 
2455800.895647 -2.722938 
2455801.826945 -2.088205 
2455802.758242 -2.391816 
2455803.689540 -3.330752 
2455804.620838 -4.284833 
2455805.552136 -4.794212 
2455806.483434 -4.802152 
2455807.414732 -4.513583 
2455808.346029 -4.071871 
2455809.277327 -3.395464 
2455810.208625 -2.339573 
2455811.139923 -1.026640 
2455812.071221 -0.009130 
2455813.002519 -0.046997 
2455813.933817 -1.602713 
2455814.865114 -4.414586 
2455815.796412 -7.490880 
2455816.727710 -9.580615 
2455817.659008 -9.838578 
2455818.590306 -8.263957 
2455819.521604 -5.648806 
2455820.452902 -3.100061 
2455821.384199 -1.459569 
2455822.315497 -0.970112 
2455823.246795 -1.333073 
2455824.178093 -2.039838 
2455825.109391 -2.717046 
2455826.040689 -3.276949 
2455826.971986 -3.837434 
2455827.903284 -4.531852 
2455828.834582 -5.367657 
2455829.765880 -6.216474 
2455830.697178 -6.905961 
2455831.628476 -7.321011 
2455832.559774 -7.439176 
2455833.491071 -7.291462 
2455834.422369 -6.897560 
2455835.353667 -6.236191 
2455836.284965 -5.277191 
2455837.216263 -4.051846 
2455838.147561 -2.706244 
2455839.078859 -1.488017 
2455840.010156 -0.656528 
2455840.941454 -0.358343 
2455841.872752 -0.541758 
2455842.804050 -0.971729 
2455843.735348 -1.350738 
2455844.666646 -1.483084 
2455845.597944 -1.384709 
2455846.529241 -1.267598 
2455847.460539 -1.405151 
2455848.391837 -1.961737 
2455849.323135 -2.891530 
2455850.254433 -3.962837 
2455851.185731 -4.880881 
2455852.117028 -5.425909 
2455853.048326 -5.531825 
2455853.979624 -5.287107 
2455854.910922 -4.890902 
2455855.842220 -4.600910 
2455856.773518 -4.673821 
2455857.704816 -5.273040 
2455858.636113 -6.343858 
2455859.567411 -7.520621 
2455860.498709 -8.169871 
2455861.430007 -7.627389 
2455862.361305 -5.560727 
2455863.292603 -2.265416 
2455864.223901 1.313534 
2455865.155198 3.913006 
2455866.086496 4.504912 
2455867.017794 2.787785 
2455867.949092 -0.653220 
2455868.880390 -4.609480 
2455869.811688 -7.793931 
2455870.742985 -9.383046 
2455871.674283 -9.294732 
2455872.605581 -8.100810 
2455873.536879 -6.661338 
2455874.468177 -5.682835 
2455875.399475 -5.404763 
2455876.330773 -5.536693 
2455877.262070 -5.456103 
2455878.193368 -4.574310 
2455879.124666 -2.707276 
2455880.055964 -0.269156 
2455880.987262 1.837582 
2455881.918560 2.627867 
2455882.849858 1.563310 
2455883.781155 -1.071385 
2455884.712453 -4.182088 
2455885.643751 -6.316687 
2455886.575049 -6.357166 
2455887.506347 -4.101805 
2455888.437645 -0.427114 
2455889.368943 3.063910 
2455890.300240 4.734471 
2455891.231538 3.612782 
2455892.162836 -0.216170 
2455893.094134 -5.669411 
2455894.025432 -11.111115 
2455894.956730 -14.977052 
2455895.888027 -16.333105 
2455896.819325 -15.169562 
2455897.750623 -12.329576 
2455898.681921 -9.095167 
2455899.613219 -6.589754 
2455900.544517 -5.259728 
2455901.475815 -4.700588 
2455902.407112 -3.950379 
2455903.338410 -2.124167 
2455904.269708 0.957756 
2455905.201006 4.533236 
2455906.132304 7.234012 
2455907.063602 7.830984 
2455907.994900 5.959054 
2455908.926197 2.385371 
2455909.857495 -1.345192 
2455910.788793 -3.680523 
2455911.720091 -3.808002 
2455912.651389 -1.985762 
2455913.582687 0.660240 
2455914.513984 2.693382 
2455915.445282 2.961135 
2455916.376580 0.981062 
2455917.307878 -2.956731 
2455918.239176 -7.918131 
2455919.170474 -12.609390 
2455920.101772 -15.767800 
2455921.033069 -16.591564 
2455921.964367 -15.065023 
2455922.895665 -11.988370 
2455923.826963 -8.610640 
2455924.758261 -5.992314 
2455925.689559 -4.444109 
2455926.620857 -3.409998 
2455927.552154 -1.913966 
2455928.483452 0.688651 
2455929.414750 4.152686 
2455930.346048 7.375762 
2455931.277346 9.027640 
2455932.208644 8.368007 
2455933.139941 5.711621 
2455934.071239 2.247506 
2455935.002537 -0.637109 
2455935.933835 -2.064670 
2455936.865133 -1.979147 
2455937.796431 -0.960882 
2455938.727729 0.211482 
2455939.659026 0.906219 
2455940.590324 0.727524 
2455941.521622 -0.545357 
2455942.452920 -2.956205 
2455943.384218 -6.233907 
2455944.315516 -9.675826 
2455945.246814 -12.285741 
2455946.178111 -13.215501 
2455947.109409 -12.259939 
2455948.040707 -10.018418 
2455948.972005 -7.527641 
2455949.903303 -5.572773 
2455950.834601 -4.174480 
2455951.765899 -2.662921 
2455952.697196 -0.316413 
2455953.628494 2.910757 
2455954.559792 6.149921 
2455955.491090 8.093751 
2455956.422388 7.861582 
2455957.353686 5.616671 
2455958.284983 2.476237 
2455959.216281 -0.209231 
2455960.147579 -1.660881 
2455961.078877 -1.980520 
2455962.010175 -1.803379 
2455962.941473 -1.656951 
2455963.872771 -1.586160 
2455964.804068 -1.327426 
2455965.735366 -0.810136 
2455966.666664 -0.470672 
2455967.597962 -1.034727 
2455968.529260 -2.910765 
2455969.460558 -5.715806 
2455970.391856 -8.384639 
2455971.323153 -9.837187 
2455972.254451 -9.694531 
2455973.185749 -8.463069 
2455974.117047 -7.029348 
2455975.048345 -5.883652 
2455975.979643 -4.732247 
2455976.910940 -2.845951 
2455977.842238 0.129885 
2455978.773536 3.594958 
2455979.704834 6.181810 
2455980.636132 6.634555 
2455981.567430 4.719502 
2455982.498728 1.446838 
2455983.430025 -1.592318 
2455984.361323 -3.274161 
2455985.292621 -3.576143 
2455986.223919 -3.338949 
2455987.155217 -3.404444 
2455988.086515 -3.869239 
2455989.017813 -4.070102 
2455989.949110 -3.286873 
2455990.880408 -1.538386 
2455991.811706 0.234090 
2455992.743004 0.787049 
2455993.674302 -0.488864 
2455994.605600 -3.078395 
2455995.536897 -5.699869 
2455996.468195 -7.221277 
2455997.399493 -7.394622 
2455998.330791 -6.836745 
2455999.262089 -6.324028 
2456000.193387 -6.039160 
2456001.124685 -5.431099 
2456002.055982 -3.808753 
2456002.987280 -1.144955 
2456003.918578 1.631719 
2456004.849876 3.161026 
2456005.781174 2.607042 
2456006.712472 0.283734 
2456007.643770 -2.559969 
2456008.575067 -4.628953 
2456009.506365 -5.437853 
2456010.437663 -5.470341 
2456011.368961 -5.562839 
2456012.300259 -6.069749 
2456013.231557 -6.526817 
2456014.162855 -6.088235 
2456015.094152 -4.349856 
2456016.025450 -1.843317 
2456016.956748 0.236674 
2456017.888046 0.867345 
2456018.819344 -0.075816 
2456019.750642 -1.778395 
2456020.681939 -3.143422 
2456021.613237 -3.597496 
2456022.544535 -3.406942 
2456023.475833 -3.296977 
2456024.407131 -3.745907 
2456025.338429 -4.566375 
2456026.269727 -5.104349 
2456027.201024 -4.845399 
2456028.132322 -3.884973 
2456029.063620 -2.865542 
2456029.994918 -2.460162 
2456030.926216 -2.864973 
2456031.857514 -3.727640 
2456032.788812 -4.534857 
2456033.720109 -5.078105 
2456034.651407 -5.568615 
2456035.582705 -6.311149 
2456036.514003 -7.260178 
2456037.445301 -7.897840 
2456038.376599 -7.586347 
2456039.307896 -6.112951 
2456040.239194 -3.950278 
2456041.170492 -1.977447 
2456042.101790 -0.861322 
2456043.033088 -0.592746 
2456043.964386 -0.554495 
2456044.895684 -0.063968 
2456045.826981 1.050594 
2456046.758279 2.297987 
2456047.689577 2.898174 
2456048.620875 2.362968 
2456049.552173 0.823560 
2456050.483471 -1.115564 
2456051.414769 -2.821514 
2456052.346066 -3.990012 
2456053.277364 -4.660147 
2456054.208662 -4.964312 
2456055.139960 -4.914287 
2456056.071258 -4.446474 
2456057.002556 -3.659869 
2456057.933853 -2.959705 
2456058.865151 -2.883746 
2456059.796449 -3.690390 
2456060.727747 -5.050352 
2456061.659045 -6.155636 
2456062.590343 -6.235932 
2456063.521641 -5.115874 
2456064.452938 -3.367447 
2456065.384236 -1.901036 
2456066.315534 -1.279285 
2456067.246832 -1.275763 
2456068.178130 -1.033169 
2456069.109428 0.276653 
2456070.040726 2.776269 
2456070.972023 5.695606 
2456071.903321 7.818289 
2456072.834619 8.241438 
2456073.765917 6.914564 
2456074.697215 4.607215 
2456075.628513 2.378722 
2456076.559811 0.957947 
2456077.491108 0.448895 
2456078.422406 0.487803 
2456079.353704 0.638859 
2456080.285002 0.688999 
2456081.216300 0.654610 
2456082.147598 0.585855 
2456083.078895 0.410844 
2456084.010193 -0.014593 
2456084.941491 -0.706269 
2456085.872789 -1.414798 
2456086.804087 -1.724030 
2456087.735385 -1.346987 
2456088.666683 -0.388002 
2456089.597980 0.666835 
2456090.529278 1.269932 
2456091.460576 1.230194 
2456092.391874 0.911995 
2456093.323172 1.034114 
2456094.254470 2.171958 
2456095.185768 4.293647 
2456096.117065 6.662744 
2456097.048363 8.208606 
2456097.979661 8.154570 
2456098.910959 6.513396 
2456099.842257 4.130214 
2456100.773555 2.231206 
2456101.704852 1.743639 
2456102.636150 2.794507 
2456103.567448 4.682540 
2456104.498746 6.323792 
2456105.430044 6.881811 
2456106.361342 6.193175 
2456107.292640 4.749822 
2456108.223937 3.298244 
2456109.155235 2.359384 
2456110.086533 1.996044 
2456111.017831 1.946291 
2456111.949129 1.959597 
2456112.880427 2.031714 
2456113.811725 2.343010 
2456114.743022 2.975024 
2456115.674320 3.687600 
2456116.605618 4.001794 
2456117.536916 3.567625 
2456118.468214 2.518082 
2456119.399512 1.470582 
2456120.330810 1.100576 
2456121.262107 1.584733 
2456122.193405 2.377595 
2456123.124703 2.571154 
2456124.056001 1.625897 
2456124.987299 -0.082276 
2456125.918597 -1.376678 
2456126.849894 -1.051307 
2456127.781192 1.233097 
2456128.712490 4.605835 
2456129.643788 7.489789 
2456130.575086 8.610166 
2456131.506384 7.775905 
2456132.437682 5.873878 
2456133.368979 4.124784 
2456134.300277 3.210705 
2456135.231575 2.947559 
2456136.162873 2.696502 
2456137.094171 2.089770 
2456138.025469 1.406243 
2456138.956767 1.267544 
2456139.888064 1.944210 
2456140.819362 2.925641 
2456141.750660 3.193801 
2456142.681958 2.023393 
2456143.613256 -0.357786 
2456144.544554 -2.839678 
2456145.475851 -4.226146 
2456146.407149 -4.128892 
2456147.338447 -3.221415 
2456148.269745 -2.629714 
2456149.201043 -2.955405 
2456150.132341 -3.744587 
2456151.063639 -3.854432 
2456151.994936 -2.423342 
2456152.926234 0.356322 
2456153.857532 3.303482 
2456154.788830 5.098189 
2456155.720128 5.219428 
2456156.651426 4.219881 
2456157.582724 3.157216 
2456158.514021 2.703802 
2456159.445319 2.694093 
2456160.376617 2.452968 
2456161.307915 1.554680 
2456162.239213 0.298745 
2456163.170511 -0.533784 
2456164.101808 -0.417583 
2456165.033106 0.368338 
2456165.964404 0.905047 
2456166.895702 0.400485 
2456167.827000 -1.102309 
2456168.758298 -2.709054 
2456169.689596 -3.391232 
2456170.620893 -2.833226 
2456171.552191 -1.678388 
2456172.483489 -0.953428 
2456173.414787 -1.163662 
2456174.346085 -1.846146 
2456175.277383 -1.979633 
2456176.208681 -0.907997 
2456177.139978 1.021368 
2456178.071276 2.671256 
2456179.002574 3.021182 
2456179.933872 2.008157 
2456180.865170 0.588525 
2456181.796468 -0.036829 
2456182.727766 0.614725 
2456183.659063 1.959089 
2456184.590361 2.885925 
2456185.521659 2.708882 
2456186.452957 1.712314 
2456187.384255 0.846794 
2456188.315553 0.867372 
2456189.246850 1.682713 
2456190.178148 2.483709 
2456191.109446 2.527219 
2456192.040744 1.870315 
2456192.972042 1.388519 
2456193.903340 2.035694 
2456194.834638 3.972474 
2456195.765935 6.323130 
2456196.697233 7.797892 
2456197.628531 7.683320 
2456198.559829 6.384100 
2456199.491127 5.068272 
2456200.422425 4.711991 
2456201.353723 5.332635 
2456202.285020 6.031335 
2456203.216318 5.787568 
2456204.147616 4.334165 
2456205.078914 2.397312 
2456206.010212 1.129990 
2456206.941510 1.227953 
2456207.872807 2.447463 
2456208.804105 3.877311 
2456209.735403 4.689840 
2456210.666701 4.737663 
2456211.597999 4.546106 
2456212.529297 4.781254 
2456213.460595 5.684078 
2456214.391892 6.927076 
2456215.323190 7.946509 
2456216.254488 8.406757 
2456217.185786 8.395861 
2456218.117084 8.240072 
2456219.048382 8.169726 
2456219.979680 8.161857 
2456220.910977 8.072252 
2456221.842275 7.879296 
2456222.773573 7.767043 
2456223.704871 7.950161 
2456224.636169 8.410072 
2456225.567467 8.811428 
2456226.498764 8.708994 
2456227.430062 7.887746 
2456228.361360 6.551101 
2456229.292658 5.198658 
2456230.223956 4.297677 
2456231.155254 4.015382 
2456232.086552 4.205169 
2456233.017849 4.610170 
2456233.949147 5.077011 
2456234.880445 5.606131 
2456235.811743 6.248929 
2456236.743041 7.005476 
2456237.674339 7.841017 
2456238.605637 8.773895 
2456239.536934 9.877123 
2456240.468232 11.114987 
2456241.399530 12.142900 
2456242.330828 12.320492 
2456243.262126 11.063450 
2456244.193424 8.354142 
2456245.124722 5.007781 
2456246.056019 2.386122 
2456246.987317 1.644578 
2456247.918615 2.995656 
2456248.849913 5.530759 
2456249.781211 7.772853 
2456250.712509 8.596533 
2456251.643806 7.870245 
2456252.575104 6.383382 
2456253.506402 5.164012 
2456254.437700 4.741485 
2456255.368998 4.907115 
2456256.300296 5.088785 
2456257.231594 4.952835 
2456258.162891 4.695651 
2456259.094189 4.799959 
2456260.025487 5.521746 
2456260.956785 6.609030 
2456261.888083 7.527482 
2456262.819381 7.983957 
2456263.750679 8.235981 
2456264.681976 8.841719 
2456265.613274 10.015855 
2456266.544572 11.166644 
2456267.475870 11.112531 
2456268.407168 8.933593 
2456269.338466 4.838809 
2456270.269763 0.322094 
2456271.201061 -2.626421 
2456272.132359 -2.756582 
2456273.063657 -0.360185 
2456273.994955 2.953166 
2456274.926253 5.342464 
2456275.857551 5.886100 
2456276.788848 4.983437 
2456277.720146 3.798517 
2456278.651444 3.270792 
2456279.582742 3.496181 
2456280.514040 3.905441 
2456281.445338 3.974769 
2456282.376636 3.781816 
2456283.307933 3.909290 
2456284.239231 4.812993 
2456285.170529 6.266179 
2456286.101827 7.432118 
2456287.033125 7.550902 
2456287.964423 6.649335 
2456288.895720 5.610878 
2456289.827018 5.465221 
2456290.758316 6.445433 
2456291.689614 7.620925 
2456292.620912 7.493825 
2456293.552210 5.162884 
2456294.483508 1.154326 
2456295.414805 -2.771492 
2456296.346103 -4.747562 
2456297.277401 -4.037346 
2456298.208699 -1.463288 
2456299.139997 1.263919 
2456300.071295 2.761095 
2456301.002593 2.794734 
2456301.933890 2.143016 
2456302.865188 1.733822 
2456303.796486 1.856043 
2456304.727784 2.105282 
2456305.659082 2.031006 
2456306.590380 1.812116 
2456307.521678 2.262673 
2456308.452975 4.086590 
2456309.384273 7.022800 
2456310.315571 9.704182 
2456311.246869 10.498069 
2456312.178167 8.745588 
2456313.109465 5.396939 
2456314.040762 2.446096 
2456314.972060 1.512783 
2456315.903358 2.640744 
2456316.834656 4.266974 
2456317.765954 4.422283 
2456318.697252 2.251180 
2456319.628550 -1.324366 
2456320.559847 -4.302190 
2456321.491145 -5.091312 
2456322.422443 -3.621449 
2456323.353741 -1.236423 
2456324.285039 0.461047 
2456325.216337 0.815073 
2456326.147635 0.396402 
2456327.078932 0.216789 
2456328.010230 0.665979 
2456328.941528 1.177351 
2456329.872826 0.944689 
2456330.804124 0.018436 
2456331.735422 -0.312995 
2456332.666719 1.610699 
2456333.598017 6.287224 
2456334.529315 12.140196 
2456335.460613 16.168561 
2456336.391911 15.883236 
2456337.323209 11.146707 
2456338.254507 4.464361 
2456339.185804 -0.614990 
2456340.117102 -1.879739 
2456341.048400 0.133987 
2456341.979698 2.741980 
2456342.910996 3.230527 
2456343.842294 0.853135 
2456344.773592 -2.793391 
2456345.704889 -5.201241 
2456346.636187 -4.961239 
2456347.567485 -2.730589 
2456348.498783 -0.469025 
2456349.430081 0.294520 
2456350.361379 -0.357910 
2456351.292676 -1.077556 
2456352.223974 -0.717478 
2456353.155272 0.476479 
2456354.086570 1.107483 
2456355.017868 0.154452 
2456355.949166 -1.600948 
2456356.880464 -1.691444 
2456357.811761 2.182687 
2456358.743059 9.932860 
2456359.674357 18.390755 
2456360.605655 22.993709 
2456361.536953 20.823733 
2456362.468251 12.780769 
2456363.399549 3.175142 
2456364.330846 -3.083714 
2456365.262144 -3.695385 
2456366.193442 -0.245929 
2456367.124740 3.309147 
2456368.056038 3.708827 
2456368.987336 0.641748 
2456369.918634 -3.422513 
2456370.849931 -5.483931 
2456371.781229 -4.413509 
2456372.712527 -1.602292 
2456373.643825 0.494534 
2456374.575123 0.524217 
2456375.506421 -0.776349 
2456376.437718 -1.540416 
2456377.369016 -0.704875 
2456378.300314 0.907133 
2456379.231612 1.405105 
2456380.162910 -0.131991 
2456381.094208 -2.270510 
2456382.025506 -1.925564 
2456382.956803 3.163353 
2456383.888101 12.123592 
2456384.819399 20.830334 
2456385.750697 24.375552 
2456386.681995 20.445918 
2456387.613293 11.085291 
2456388.544591 1.440763 
2456389.475888 -3.653134 
2456390.407186 -2.768756 
2456391.338484 1.551716 
2456392.269782 5.027583 
2456393.201080 4.847700 
2456394.132378 1.433681 
2456395.063675 -2.389546 
2456395.994973 -3.899490 
2456396.926271 -2.545926 
2456397.857569 -0.027880 
2456398.788867 1.436901 
2456399.720165 1.021487 
2456400.651463 -0.239490 
2456401.582760 -0.676561 
2456402.514058 0.319997 
2456403.445356 1.714957 
2456404.376654 1.882852 
2456405.307952 0.335533 
2456406.239250 -1.483169 
2456407.170548 -1.165528 
2456408.101845 2.629256 
2456409.033143 8.759497 
2456409.964441 14.061131 
2456410.895739 15.455971 
2456411.827037 12.139413 
2456412.758335 6.179430 
2456413.689633 1.077104 
2456414.620930 -0.610433 
2456415.552228 1.172919 
2456416.483526 4.292448 
2456417.414824 6.193317 
2456418.346122 5.694821 
2456419.277420 3.520423 
2456420.208717 1.379102 
2456421.140015 0.520960 
2456422.071313 0.943067 
2456423.002611 1.727309 
2456423.933909 2.021260 
2456424.865207 1.739640 
2456425.796505 1.448238 
2456426.727802 1.669339 
2456427.659100 2.316605 
2456428.590398 2.766716 
2456429.521696 2.452966 
2456430.452994 1.406547 
2456431.384292 0.260262 
2456432.315590 -0.260882 
2456433.246887 0.108681 
2456434.178185 1.048549 
2456435.109483 2.006976 
2456436.040781 2.672075 
2456436.972079 3.139043 
2456437.903377 3.677788 
2456438.834674 4.382266 
2456439.765972 5.061568 
2456440.697270 5.460700 
2456441.628568 5.556740 
2456442.559866 5.600456 
2456443.491164 5.835884 
2456444.422462 6.173081 
2456445.353759 6.171365 
2456446.285057 5.414091 
2456447.216355 3.967800 
2456448.147653 2.487727 
2456449.078951 1.806677 
2456450.010249 2.301506 
2456450.941547 3.562622 
2456451.872844 4.669765 
2456452.804142 4.872660 
2456453.735440 4.121827 
2456454.666738 3.012399 
2456455.598036 2.206493 
2456456.529334 1.856046 
2456457.460631 1.550871 
2456458.391929 0.846274 
2456459.323227 -0.117205 
2456460.254525 -0.516319 
2456461.185823 0.545821 
2456462.117121 3.181055 
2456463.048419 6.359306 
2456463.979716 8.460519 
2456464.911014 8.403760 
2456465.842312 6.493066 
2456466.773610 4.268335 
2456467.704908 3.401174 
2456468.636206 4.446386 
2456469.567504 6.418362 
2456470.498801 7.549531 
2456471.430099 6.668597 
2456472.361397 4.137106 
2456473.292695 1.611881 
2456474.223993 0.810332 
2456475.155291 2.230928 
2456476.086589 4.809608 
2456477.017886 6.754719 
2456477.949184 6.887281 
2456478.880482 5.444445 
2456479.811780 3.761919 
2456480.743078 3.152576 
2456481.674376 3.913702 
2456482.605673 5.240822 
2456483.536971 6.049943 
2456484.468269 5.961821 
2456485.399567 5.594833 
2456486.330865 5.924142 
2456487.262163 7.275870 
2456488.193461 8.854309 
2456489.124758 9.266442 
2456490.056056 7.664266 
2456490.987354 4.571249 
2456491.918652 1.666468 
2456492.849950 0.620399 
2456493.781248 1.854579 
2456494.712546 4.198364 
2456495.643843 5.740916 
2456496.575141 5.249472 
2456497.506439 3.077403 
2456498.437737 0.874022 
2456499.369035 0.329410 
2456500.300333 1.920931 
2456501.231630 4.606246 
2456502.162928 6.660807 
2456503.094226 6.980925 
2456504.025524 5.848041 
2456504.956822 4.608352 
2456505.888120 4.578737 
2456506.819418 6.062757 
2456507.750715 8.216992 
2456508.682013 9.796760 
2456509.613311 10.120800 
2456510.544609 9.472202 
2456511.475907 8.665917 
2456512.407205 8.216503 
2456513.338503 7.851956 
2456514.269800 6.797722 
2456515.201098 4.582623 
2456516.132396 1.660536 
2456517.063694 -0.721900 
2456517.994992 -1.363557 
2456518.926290 -0.013458 
2456519.857587 2.378840 
2456520.788885 4.288898 
2456521.720183 4.660644 
2456522.651481 3.587831 
2456523.582779 2.141826 
2456524.514077 1.513967 
2456525.445375 2.150009 
2456526.376672 3.522173 
2456527.307970 4.657805 
2456528.239268 4.954939 
2456529.170566 4.626216 
2456530.101864 4.450311 
2456531.033162 5.078878 
2456531.964460 6.483985 
2456532.895757 7.980704 
2456533.827055 8.769900 
2456534.758353 8.530076 
2456535.689651 7.577988 
2456536.620949 6.502625 
2456537.552247 5.621549 
2456538.483545 4.742294 
2456539.414842 3.433267 
2456540.346140 1.561479 
2456541.277438 -0.383943 
2456542.208736 -1.495260 
2456543.140034 -1.055874 
2456544.071332 0.905739 
2456545.002629 3.551142 
2456545.933927 5.717193 
2456546.865225 6.598938 
2456547.796523 6.148269 
2456548.727821 4.948521 
2456549.659119 3.727853 
2456550.590417 2.912707 
2456551.521714 2.525710 
2456552.453012 2.411112 
2456553.384310 2.509385 
2456554.315608 2.911735 
2456555.246906 3.670988 
2456556.178204 4.591934 
2456557.109502 5.247953 
2456558.040799 5.254818 
2456558.972097 4.577168 
2456559.903395 3.585277 
2456560.834693 2.781422 
2456561.765991 2.406177 
2456562.697289 2.258367 
2456563.628586 1.899635 
2456564.559884 1.092741 
2456565.491182 0.111955 
2456566.422480 -0.351639 
2456567.353778 0.351665 
2456568.285076 2.344691 
2456569.216374 5.075764 
2456570.147671 7.615059 
2456571.078969 9.167280 
2456572.010267 9.433528 
2456572.941565 8.610045 
2456573.872863 7.113837 
2456574.804161 5.314419 
2456575.735459 3.478479 
2456576.666756 1.887907 
2456577.598054 0.909841 
2456578.529352 0.852703 
2456579.460650 1.683430 
2456580.391948 2.877187 
2456581.323246 3.619043 
2456582.254543 3.294055 
2456583.185841 1.924044 
2456584.117139 0.192860 
2456585.048437 -1.005564 
2456585.979735 -1.181719 
2456586.911033 -0.560590 
2456587.842331 0.159778 
2456588.773628 0.416815 
2456589.704926 0.276611 
2456590.636224 0.412562 
2456591.567522 1.576286 
2456592.498820 3.972007 
2456593.430118 7.022141 
2456594.361416 9.700261 
2456595.292713 11.163941 
2456596.224011 11.203785 
2456597.155309 10.202764 
2456598.086607 8.710928 
2456599.017905 7.035976 
2456599.949203 5.189267 
2456600.880501 3.177139 
2456601.811798 1.302669 
2456602.743096 0.131221 
2456603.674394 0.087232 
2456604.605692 1.014378 
2456605.536990 2.118162 
2456606.468288 2.423207 
2456607.399585 1.444362 
2456608.330883 -0.442558 
2456609.262181 -2.242190 
2456610.193479 -3.033487 
2456611.124777 -2.593718 
2456612.056075 -1.476670 
2456612.987373 -0.496492 
2456613.918670 -0.037695 
2456614.849968 0.254400 
2456615.781266 1.157555 
2456616.712564 3.188022 
2456617.643862 6.096427 
2456618.575160 8.944217 
2456619.506458 10.698093 
2456620.437755 10.879528 
2456621.369053 9.784825 
2456622.300351 8.151291 
2456623.231649 6.582749 
2456624.162947 5.207387 
2456625.094245 3.807475 
2456626.025542 2.244956 
2456626.956840 0.763136 
2456627.888138 -0.128042 
2456628.819436 -0.094664 
2456629.750734 0.643602 
2456630.682032 1.359875 
2456631.613330 1.300864 
2456632.544627 0.241096 
2456633.475925 -1.332133 
2456634.407223 -2.563083 
2456635.338521 -2.841284 
2456636.269819 -2.209203 
2456637.201117 -1.253459 
2456638.132415 -0.581482 
2456639.063712 -0.312568 
2456639.995010 0.007178 
2456640.926308 1.002181 
2456641.857606 2.904073 
2456642.788904 5.278861 
2456643.720202 7.260906 
2456644.651499 8.111333 
2456645.582797 7.675251 
2456646.514095 6.409095 
2456647.445393 4.995078 
2456648.376691 3.870197 
2456649.307989 3.030461 
2456650.239287 2.218425 
2456651.170584 1.284163 
2456652.101882 0.387340 
2456653.033180 -0.130561 
2456653.964478 -0.077976 
2456654.895776 0.355453 
2456655.827074 0.686189 
2456656.758372 0.487727 
2456657.689669 -0.277633 
2456658.620967 -1.220795 
2456659.552265 -1.819341 
2456660.483563 -1.810491 
2456661.414861 -1.370448 
2456662.346159 -0.939800 
2456663.277457 -0.839822 
2456664.208754 -0.991473 
2456665.140052 -0.965096 
2456666.071350 -0.324412 
2456667.002648 1.004111 
2456667.933946 2.623663 
2456668.865244 3.903355 
2456669.796541 4.378352 
2456670.727839 4.019160 
2456671.659137 3.189183 
2456672.590435 2.352036 
2456673.521733 1.767339 
2456674.453031 1.394802 
2456675.384329 1.041712 
2456676.315626 0.596406 
2456677.246924 0.142083 
2456678.178222 -0.132205 
2456679.109520 -0.126221 
2456680.040818 0.054039 
2456680.972116 0.164329 
2456681.903414 0.018463 
2456682.834711 -0.357227 
2456683.766009 -0.747496 
2456684.697307 -0.935031 
2456685.628605 -0.895108 
2456686.559903 -0.830355 
2456687.491201 -1.005963 
2456688.422498 -1.510498 
2456689.353796 -2.135122 
2456690.285094 -2.478543 
2456691.216392 -2.212196 
2456692.147690 -1.315217 
2456693.078988 -0.108086 
2456694.010286 0.938650 
2456694.941583 1.482646 
2456695.872881 1.482596 
2456696.804179 1.161064 
2456697.735477 0.809357 
2456698.666775 0.591086 
2456699.598073 0.480715 
2456700.529371 0.354943 
2456701.460668 0.137829 
2456702.391966 -0.125539 
2456703.323264 -0.316446 
2456704.254562 -0.354060 
2456705.185860 -0.265978 
2456706.117158 -0.158145 
2456707.048456 -0.118571 
2456707.979753 -0.148300 
2456708.911051 -0.186423 
2456709.842349 -0.207484 
2456710.773647 -0.297222 
2456711.704945 -0.621681 
2456712.636243 -1.292325 
2456713.567540 -2.225601 
2456714.498838 -3.117864 
2456715.430136 -3.580836 
2456716.361434 -3.362698 
2456717.292732 -2.507876 
2456718.224030 -1.342897 
2456719.155328 -0.294037 
2456720.086625 0.342072 
2456721.017923 0.526039 
2456721.949221 0.430979 
2456722.880519 0.278237 
2456723.811817 0.182412 
2456724.743115 0.111259 
2456725.674413 -0.031567 
2456726.605710 -0.285462 
2456727.537008 -0.575973 
2456728.468306 -0.761424 
2456729.399604 -0.735432 
2456730.330902 -0.498273 
2456731.262200 -0.145483 
2456732.193497 0.203677 
2456733.124795 0.468226 
2456734.056093 0.607413 
2456734.987391 0.576833 
2456735.918689 0.302292 
2456736.849987 -0.278422 
2456737.781285 -1.123423 
2456738.712582 -2.024530 
2456739.643880 -2.652769 
2456740.575178 -2.714164 
2456741.506476 -2.125814 
2456742.437774 -1.088829 
2456743.369072 0.005294 
2456744.300370 0.783696 
2456745.231667 1.081589 
2456746.162965 0.989417 
2456747.094263 0.736875 
2456748.025561 0.508439 
2456748.956859 0.327832 
2456749.888157 0.088488 
2456750.819454 -0.307725 
2456751.750752 -0.821368 
2456752.682050 -1.259926 
2456753.613348 -1.387607 
2456754.544646 -1.076256 
2456755.475944 -0.387590 
2456756.407242 0.464166 
2456757.338539 1.229426 
2456758.269837 1.731364 
2456759.201135 1.902465 
2456760.132433 1.757338 
2456761.063731 1.358556 
2456761.995029 0.818385 
2456762.926327 0.320773 
2456763.857624 0.105317 
2456764.788922 0.375527 
2456765.720220 1.166357 
2456766.651518 2.267127 
2456767.582816 3.282992 
2456768.514114 3.827132 
2456769.445412 3.731637 
2456770.376709 3.133384 
2456771.308007 2.367443 
2456772.239305 1.735944 
2456773.170603 1.314342 
2456774.101901 0.934614 
2456775.033199 0.357508 
2456775.964496 -0.493888 
2456776.895794 -1.414365 
2456777.827092 -2.004152 
2456778.758390 -1.907446 
2456779.689688 -1.038422 
2456780.620986 0.355860 
2456781.552284 1.828084 
2456782.483581 2.959716 
2456783.414879 3.538197 
2456784.346177 3.593799 
2456785.277475 3.317778 
2456786.208773 2.953305 
2456787.140071 2.732346 
2456788.071369 2.856684 
2456789.002666 3.467634 
2456789.933964 4.570141 
2456790.865262 5.952390 
2456791.796560 7.194172 
2456792.727858 7.821446 
2456793.659156 7.552531 
2456794.590453 6.481177 
2456795.521751 5.048417 
2456796.453049 3.786643 
2456797.384347 2.989219 
2456798.315645 2.535181 
2456799.246943 2.007714 
2456800.178241 1.039030 
2456801.109538 -0.358711 
2456802.040836 -1.721910 
2456802.972134 -2.391557 
2456803.903432 -1.929802 
2456804.834730 -0.411212 
2456805.766028 1.609392 
2456806.697326 3.420799 
2456807.628623 4.539854 
2456808.559921 4.902999 
2456809.491219 4.774230 
2456810.422517 4.491600 
2456811.353815 4.269394 
2456812.285113 4.185045 
2456813.216410 4.296392 
2456814.147708 4.720168 
2456815.079006 5.556327 
2456816.010304 6.713968 
2456816.941602 7.823545 
2456817.872900 8.377872 
2456818.804198 8.050820 
2456819.735495 6.959597 
2456820.666793 5.634896 
2456821.598091 4.671269 
2456822.529389 4.294061 
2456823.460687 4.179338 
2456824.391985 3.696174 
2456825.323283 2.418202 
2456826.254580 0.523980 
2456827.185878 -1.234696 
2456828.117176 -2.000589 
2456829.048474 -1.383999 
2456829.979772 0.278659 
2456830.911070 2.166130 
2456831.842368 3.521571 
2456832.773665 4.093637 
2456833.704963 4.157738 
2456834.636261 4.150693 
2456835.567559 4.255056 
2456836.498857 4.285473 
2456837.430155 3.951878 
2456838.361452 3.241021 
2456839.292750 2.552460 
2456840.224048 2.439127 
2456841.155346 3.154922 
2456842.086644 4.399284 
2456843.017942 5.502109 
2456843.949240 5.925025 
2456844.880537 5.674460 
2456845.811835 5.273494 
2456846.743133 5.295128 
2456847.674431 5.831102 
2456848.605729 6.344549 
2456849.537027 6.056209 
2456850.468325 4.577230 
2456851.399622 2.284530 
2456852.330920 0.123941 
2456853.262218 -1.022712 
2456854.193516 -0.921258 
2456855.124814 -0.072990 
2456856.056112 0.741700 
2456856.987409 1.078214 
2456857.918707 1.100490 
2456858.850005 1.307825 
2456859.781303 1.973671 
2456860.712601 2.796426 
2456861.643899 3.082032 
2456862.575197 2.324330 
2456863.506494 0.700508 
2456864.437792 -0.949467 
2456865.369090 -1.674932 
2456866.300388 -1.074678 
2456867.231686 0.455796 
2456868.162984 2.081455 
2456869.094282 3.192024 
2456870.025579 3.829837 
2456870.956877 4.537998 
2456871.888175 5.768664 
2456872.819473 7.358685 
2456873.750771 8.527533 
2456874.682069 8.422182 
2456875.613366 6.779437 
2456876.544664 4.172347 
2456877.475962 1.639480 
2456878.407260 -0.009436 
2456879.338558 -0.666321 
2456880.269856 -0.825569 
2456881.201154 -1.037500 
2456882.132451 -1.398979 
2456883.063749 -1.514584 
2456883.995047 -0.947445 
2456884.926345 0.247833 
2456885.857643 1.397490 
2456886.788941 1.637159 
2456887.720239 0.574721 
2456888.651536 -1.348667 
2456889.582834 -3.108291 
2456890.514132 -3.779163 
2456891.445430 -3.128295 
2456892.376728 -1.667319 
2456893.308026 -0.153356 
2456894.239324 1.034319 
2456895.170621 2.129164 
2456896.101919 3.645412 
2456897.033217 5.775616 
2456897.964515 8.038910 
2456898.895813 9.494582 
2456899.827111 9.371084 
2456900.758408 7.620026 
2456901.689706 4.963520 
2456902.621004 2.407313 
2456903.552302 0.608156 
2456904.483600 -0.423426 
2456905.414898 -1.098365 
2456906.346196 -1.744775 
2456907.277493 -2.275653 
2456908.208791 -2.305779 
2456909.140089 -1.594923 
2456910.071387 -0.408855 
2456911.002685 0.543588 
2456911.933983 0.579945 
2456912.865281 -0.445989 
2456913.796578 -2.006566 
2456914.727876 -3.253557 
2456915.659174 -3.589055 
2456916.590472 -3.012564 
2456917.521770 -1.992646 
2456918.453068 -0.999486 
2456919.384365 -0.101891 
2456920.315663 1.036241 
2456921.246961 2.766313 
2456922.178259 5.008977 
2456923.109557 7.138132 
2456924.040855 8.314310 
2456924.972153 8.023932 
2456925.903450 6.416178 
2456926.834748 4.190080 
2456927.766046 2.133824 
2456928.697344 0.673313 
2456929.628642 -0.248866 
2456930.559940 -0.925847 
2456931.491238 -1.522784 
2456932.422535 -1.915079 
2456933.353833 -1.847980 
2456934.285131 -1.252015 
2456935.216429 -0.417542 
2456936.147727 0.142591 
2456937.079025 0.044062 
2456938.010322 -0.686663 
2456938.941620 -1.628285 
2456939.872918 -2.266233 
2456940.804216 -2.338724 
2456941.735514 -1.958405 
2456942.666812 -1.431541 
2456943.598110 -0.945105 
2456944.529407 -0.393743 
2456945.460705 0.505979 
2456946.392003 1.910536 
2456947.323301 3.611850 
2456948.254599 5.074797 
2456949.185897 5.738846 
2456950.117195 5.364317 
2456951.048492 4.170376 
2456951.979790 2.674321 
2456952.911088 1.365522 
2456953.842386 0.456409 
2456954.773684 -0.129546 
2456955.704982 -0.568818 
2456956.636280 -0.931457 
2456957.567577 -1.128694 
2456958.498875 -1.037256 
2456959.430173 -0.669807 
2456960.361471 -0.228793 
2456961.292769 0.011168 
2456962.224067 -0.103022 
2456963.155364 -0.493558 
2456964.086662 -0.915783 
2456965.017960 -1.140986 
2456965.949258 -1.108430 
2456966.880556 -0.928029 
2456967.811854 -0.742537 
2456968.743152 -0.574329 
2456969.674449 -0.291605 
2456970.605747 0.273407 
2456971.537045 1.149979 
2456972.468343 2.143278 
2456973.399641 2.914772 
2456974.330939 3.176679 
2456975.262237 2.861446 
2456976.193534 2.148413 
2456977.124832 1.338290 
2456978.056130 0.674445 
2456978.987428 0.236666 
2456979.918726 -0.035216 
2456980.850024 -0.232777 
2456981.781321 -0.385487 
2456982.712619 -0.452865 
2456983.643917 -0.392018 
2456984.575215 -0.227956 
2456985.506513 -0.059098 
2456986.437811 0.007793 
2456987.369109 -0.063754 
2456988.300406 -0.215372 
2456989.231704 -0.343647 
2456990.163002 -0.381287 
2456991.094300 -0.341498 
2456992.025598 -0.289985 
2456992.956896 -0.270855 
2456993.888194 -0.251752 
2456994.819491 -0.138021 
2456995.750789 0.151098 
2456996.682087 0.602961 
2456997.613385 1.092569 
2456998.544683 1.443254 
2456999.475981 1.526734 
2457000.407279 1.334022 
2457001.338576 0.971380 
2457002.269874 0.589780 
2457003.201172 0.300401 
2457004.132470 0.131549 
2457005.063768 0.046071 
2457005.995066 -0.006390 
2457006.926363 -0.047446 
2457007.857661 -0.066557 
2457008.788959 -0.048918 
2457009.720257 -0.003156 
2457010.651555 0.037778 
2457011.582853 0.042309 
2457012.514151 0.007759 
2457013.445448 -0.036612 
2457014.376746 -0.055454 
2457015.308044 -0.040146 
2457016.239342 -0.018728 
2457017.170640 -0.030882 
2457018.101938 -0.085713 
2457019.033236 -0.137483 
2457019.964533 -0.104280 
2457020.895831 0.077286 
2457021.827129 0.397959 
2457022.758427 0.763113 
2457023.689725 1.035882 
2457024.621023 1.111617 
2457025.552320 0.975819 
2457026.483618 0.707774 
2457027.414916 0.428901 
2457028.346214 0.232090 
2457029.277512 0.139057 
2457030.208810 0.109793 
2457031.140108 0.089501 
2457032.071405 0.053294 
2457033.002703 0.015773 
2457033.934001 0.004301 
2457034.865299 0.024778 
2457035.796597 0.052550 
2457036.727895 0.056086 
2457037.659193 0.029572 
2457038.590490 0.000760 
2457039.521788 0.002473 
2457040.453086 0.032078 
2457041.384384 0.040389 
2457042.315682 -0.028912 
2457043.246980 -0.173327 
2457044.178277 -0.295293 
2457045.109575 -0.239639 
2457046.040873 0.105231 
2457046.972171 0.708622 
2457047.903469 1.378895 
2457048.834767 1.852886 
2457049.766065 1.943396 
2457050.697362 1.646997 
2457051.628660 1.137174 
2457052.559958 0.647870 
2457053.491256 0.330883 
2457054.422554 0.186866 
2457055.353852 0.110634 
2457056.285150 0.003372 
2457057.216447 -0.143118 
2457058.147745 -0.254595 
2457059.079043 -0.257915 
2457060.010341 -0.159211 
2457060.941639 -0.044273 
2457061.872937 -0.001470 
2457062.804235 -0.040615 
2457063.735532 -0.088172 
2457064.666830 -0.069859 
2457065.598128 -0.005190 
2457066.529426 -0.014498 
2457067.460724 -0.208041 
2457068.392022 -0.537413 
2457069.323319 -0.745583 
2457070.254617 -0.493712 
2457071.185915 0.396204 
2457072.117213 1.755268 
2457073.048511 3.095682 
2457073.979809 3.865314 
2457074.911107 3.769948 
2457075.842404 2.941190 
2457076.773702 1.830747 
2457077.705000 0.908670 
2457078.636298 0.384425 
2457079.567596 0.144752 
2457080.498894 -0.069795 
2457081.430192 -0.410471 
2457082.361489 -0.797313 
2457083.292787 -1.014978 
2457084.224085 -0.927070 
2457085.155383 -0.612524 
2457086.086681 -0.303313 
2457087.017979 -0.183366 
2457087.949276 -0.235815 
2457088.880574 -0.284525 
2457089.811872 -0.197260 
2457090.743170 -0.057732 
2457091.674468 -0.121438 
2457092.605766 -0.554965 
2457093.537064 -1.170306 
2457094.468361 -1.414778 
2457095.399659 -0.697572 
2457096.330957 1.146629 
2457097.262255 3.609060 
2457098.193553 5.705702 
2457099.124851 6.533842 
2457100.056149 5.815294 
2457100.987446 4.041997 
2457101.918744 2.120061 
2457102.850042 0.774426 
2457103.781340 0.145433 
2457104.712638 -0.151698 
2457105.643936 -0.596059 
2457106.575233 -1.327569 
2457107.506531 -2.053891 
2457108.437829 -2.342330 
2457109.369127 -2.021096 
2457110.300425 -1.337484 
2457111.231723 -0.745142 
2457112.163021 -0.521664 
2457113.094318 -0.565345 
2457114.025616 -0.555729 
2457114.956914 -0.327018 
2457115.888212 -0.092888 
2457116.819510 -0.273580 
2457117.750808 -1.032407 
2457118.682106 -1.926482 
2457119.613403 -2.041162 
2457120.544701 -0.604510 
2457121.475999 2.343797 
2457122.407297 5.768305 
2457123.338595 8.156545 
2457124.269893 8.429751 
2457125.201191 6.610494 
2457126.132488 3.763788 
2457127.063786 1.255969 
2457127.995084 -0.122968 
2457128.926382 -0.542906 
2457129.857680 -0.788374 
2457130.788978 -1.511460 
2457131.720275 -2.693606 
2457132.651573 -3.718459 
2457133.582871 -3.941867 
2457134.514169 -3.249694 
2457135.445467 -2.137394 
2457136.376765 -1.274708 
2457137.308063 -0.961028 
2457138.239360 -0.954799 
2457139.170658 -0.812438 
2457140.101956 -0.405126 
2457141.033254 -0.108627 
2457141.964552 -0.445452 
2457142.895850 -1.465390 
2457143.827148 -2.437388 
2457144.758445 -2.219486 
2457145.689743 -0.114870 
2457146.621041 3.432847 
2457147.552339 6.904730 
2457148.483637 8.581358 
2457149.414935 7.641855 
2457150.346232 4.691767 
2457151.277530 1.326062 
2457152.208828 -0.952343 
2457153.140126 -1.665139 
2457154.071424 -1.484801 
2457155.002722 -1.528384 
2457155.934020 -2.418277 
2457156.865317 -3.841957 
2457157.796615 -4.900229 
2457158.727913 -4.892687 
2457159.659211 -3.870918 
2457160.590509 -2.532789 
2457161.521807 -1.606295 
2457162.453105 -1.286390 
2457163.384402 -1.202878 
2457164.315700 -0.904209 
2457165.246998 -0.378468 
2457166.178296 -0.103853 
2457167.109594 -0.552724 
2457168.040892 -1.589685 
2457168.972189 -2.347485 
2457169.903487 -1.789011 
2457170.834785 0.430913 
2457171.766083 3.501570 
2457172.697381 5.831683 
2457173.628679 6.062296 
2457174.559977 3.994914 
2457175.491274 0.741375 
2457176.422572 -2.027030 
2457177.353870 -3.181508 
2457178.285168 -2.789769 
2457179.216466 -1.884052 
2457180.147764 -1.583017 
2457181.079062 -2.268409 
2457182.010359 -3.417017 
2457182.941657 -4.136719 
2457183.872955 -3.911425 
2457184.804253 -2.950020 
2457185.735551 -1.913697 
2457186.666849 -1.322165 
2457187.598147 -1.172419 
2457188.529444 -1.071712 
2457189.460742 -0.713502 
2457190.392040 -0.228047 
2457191.323338 -0.068863 
2457192.254636 -0.529639 
2457193.185934 -1.339638 
2457194.117231 -1.745241 
2457195.048529 -1.076014 
2457195.979827 0.641001 
2457196.911125 2.541751 
2457197.842423 3.433427 
2457198.773721 2.610651 
2457199.705019 0.377817 
2457200.636316 -2.119511 
2457201.567614 -3.637190 
2457202.498912 -3.610533 
2457203.430210 -2.423139 
2457204.361508 -1.021870 
2457205.292806 -0.215857 
2457206.224104 -0.191207 
2457207.155401 -0.552421 
2457208.086699 -0.770390 
2457209.017997 -0.627370 
2457209.949295 -0.313188 
2457210.880593 -0.157079 
2457211.811891 -0.282714 
2457212.743188 -0.503775 
2457213.674486 -0.533053 
2457214.605784 -0.288457 
2457215.537082 0.002027 
2457216.468380 0.004920 
2457217.399678 -0.383141 
2457218.330976 -0.877674 
2457219.262273 -0.993569 
2457220.193571 -0.448780 
2457221.124869 0.542452 
2457222.056167 1.344991 
2457222.987465 1.320044 
2457223.918763 0.285540 
2457224.850061 -1.320342 
2457225.781358 -2.692419 
2457226.712656 -3.143176 
2457227.643954 -2.479108 
2457228.575252 -1.033306 
2457229.506550 0.616028 
2457230.437848 1.999024 
2457231.369145 2.931436 
2457232.300443 3.446545 
2457233.231741 3.612680 
2457234.163039 3.427224 
2457235.094337 2.868396 
2457236.025635 2.021274 
2457236.956933 1.124202 
2457237.888230 0.461732 
2457238.819528 0.180806 
2457239.750826 0.189229 
2457240.682124 0.234596 
2457241.613422 0.109872 
2457242.544720 -0.179513 
2457243.476018 -0.426064 
2457244.407315 -0.403565 
2457245.338613 -0.076667 
2457246.269911 0.333872 
2457247.201209 0.487859 
2457248.132507 0.164660 
2457249.063805 -0.571171 
2457249.995103 -1.392569 
2457250.926400 -1.893315 
2457251.857698 -1.795375 
2457252.788996 -1.047737 
2457253.720294 0.214851 
2457254.651592 1.778824 
2457255.582890 3.424179 
2457256.514187 4.925788 
2457257.445485 6.032494 
2457258.376783 6.498759 
2457259.308081 6.187326 
2457260.239379 5.176735 
2457261.170677 3.775359 
2457262.101975 2.399953 
2457263.033272 1.379787 
2457263.964570 0.812136 
2457264.895868 0.564756 
2457265.827166 0.415929 
2457266.758464 0.224399 
2457267.689762 0.006534 
2457268.621060 -0.123603 
2457269.552357 -0.087918 
2457270.483655 0.063613 
2457271.414953 0.176071 
2457272.346251 0.104428 
2457273.277549 -0.175697 
2457274.208847 -0.547939 
2457275.140144 -0.833854 
2457276.071442 -0.898849 
2457277.002740 -0.699217 
2457277.934038 -0.243807 
2457278.865336 0.475991 
2457279.796634 1.504430 
2457280.727932 2.852272 
2457281.659229 4.391128 
2457282.590527 5.811964 
2457283.521825 6.714375 
2457284.453123 6.795839 
2457285.384421 6.024385 
2457286.315719 4.674284 
2457287.247017 3.191271 
2457288.178314 1.969514 
2457289.109612 1.181255 
2457290.040910 0.758384 
2457290.972208 0.515501 
2457291.903506 0.309398 
2457292.834804 0.119029 
2457293.766102 0.005413 
2457294.697399 0.008649 
2457295.628697 0.081595 
2457296.559995 0.117239 
2457297.491293 0.039639 
2457298.422591 -0.128102 
2457299.353889 -0.283459 
2457300.285186 -0.336014 
2457301.216484 -0.286648 
2457302.147782 -0.215331 
2457303.079080 -0.177146 
2457304.010378 -0.094171 
2457304.941676 0.249123 
2457305.872974 1.072188 
2457306.804271 2.405600 
2457307.735569 3.982767 
2457308.666867 5.316695 
2457309.598165 5.936232 
2457310.529463 5.638331 
2457311.460761 4.593089 
2457312.392059 3.234885 
2457313.323356 2.016497 
2457314.254654 1.189258 
2457315.185952 0.740781 
2457316.117250 0.501260 
2457317.048548 0.313586 
2457317.979846 0.135892 
2457318.911143 0.018884 
2457319.842441 0.007567 
2457320.773739 0.069849 
2457321.705037 0.115706 
2457322.636335 0.080439 
2457323.567633 -0.014402 
2457324.498931 -0.086572 
2457325.430228 -0.085519 
2457326.361526 -0.062537 
2457327.292824 -0.139454 
2457328.224122 -0.383282 
2457329.155420 -0.686352 
2457330.086718 -0.767516 
2457331.018016 -0.327002 
2457331.949313 0.735195 
2457332.880611 2.192926 
2457333.811909 3.565512 
2457334.743207 4.359073 
2457335.674505 4.328038 
2457336.605803 3.589953 
2457337.537100 2.527040 
2457338.468398 1.551895 
2457339.399696 0.897386 
2457340.330994 0.556624 
2457341.262292 0.380964 
2457342.193590 0.235374 
2457343.124888 0.089445 
2457344.056185 -0.005846 
2457344.987483 -0.007198 
2457345.918781 0.058942 
2457346.850079 0.115104 
2457347.781377 0.105267 
2457348.712675 0.044724 
2457349.643973 -0.004774 
2457350.575270 -0.012876 
2457351.506568 -0.034086 
2457352.437866 -0.174007 
2457353.369164 -0.481615 
2457354.300462 -0.854409 
2457355.231760 -1.048708 
2457356.163058 -0.813215 
2457357.094355 -0.065109 
2457358.025653 1.016834 
2457358.956951 2.058788 
2457359.888249 2.685232 
2457360.819547 2.716628 
2457361.750845 2.246040 
2457362.682142 1.554221 
2457363.613440 0.931781 
2457364.544738 0.530882 
2457365.476036 0.333310 
2457366.407334 0.230328 
2457367.338632 0.134273 
2457368.269930 0.035619 
2457369.201227 -0.022465 
2457370.132525 -0.010218 
2457371.063823 0.048734 
2457371.995121 0.096359 
2457372.926419 0.093201 
2457373.857717 0.050682 
2457374.789015 0.010454 
2457375.720312 -0.009286 
2457376.651610 -0.046550 
2457377.582908 -0.168868 
2457378.514206 -0.401583 
2457379.445504 -0.670776 
2457380.376802 -0.817440 
2457381.308099 -0.687295 
2457382.239397 -0.239164 
2457383.170695 0.406356 
2457384.101993 1.018407 
2457385.033291 1.378237 
2457385.964589 1.393470 
2457386.895887 1.132259 
2457387.827184 0.762410 
2457388.758482 0.444340 
2457389.689780 0.251301 
2457390.621078 0.161559 
2457391.552376 0.111309 
2457392.483674 0.057548 
2457393.414972 0.003617 
2457394.346269 -0.022009 
2457395.277567 -0.004739 
2457396.208865 0.037181 
2457397.140163 0.068033 
2457398.071461 0.065985 
2457399.002759 0.039229 
2457399.934056 0.011884 
2457400.865354 -0.006004 
2457401.796652 -0.034337 
2457402.727950 -0.106559 
2457403.659248 -0.232054 
2457404.590546 -0.369748 
2457405.521844 -0.439732 
2457406.453141 -0.370649 
2457407.384439 -0.151073 
2457408.315737 0.152973 
2457409.247035 0.429425 
2457410.178333 0.580927 
2457411.109631 0.575060 
2457412.040929 0.452762 
2457412.972226 0.293719 
2457413.903524 0.166060 
2457414.834822 0.094398 
2457415.766120 0.062698 
2457416.697418 0.041859 
2457417.628716 0.016846 
2457418.560014 -0.006135 
2457419.491311 -0.012732 
2457420.422609 0.001774 
2457421.353907 0.026418 
2457422.285205 0.043906 
2457423.216503 0.045033 
2457424.147801 0.034451 
2457425.079098 0.023078 
2457426.010396 0.015114 
2457426.941694 0.002526 
2457427.872992 -0.027020 
2457428.804290 -0.075153 
2457429.735588 -0.124236 
2457430.666886 -0.144316 
2457431.598183 -0.112222 
2457432.529481 -0.029198 
2457433.460779 0.076331 
2457434.392077 0.163657 
2457435.323375 0.202415 
2457436.254673 0.187844 
2457437.185971 0.139457 
2457438.117268 0.085861 
2457439.048566 0.047392 
2457439.979864 0.027940 
2457440.911162 0.019236 
2457441.842460 0.011668 
2457442.773758 0.002414 
2457443.705055 -0.004375 
2457444.636353 -0.003441 
2457445.567651 0.005882 
2457446.498949 0.018947 
2457447.430247 0.029812 
2457448.361545 0.035742 
2457449.292843 0.038139 
2457450.224140 0.039583 
2457451.155438 0.040293 
2457452.086736 0.037618 
2457453.018034 0.029177 
2457453.949332 0.016697 
2457454.880630 0.006722 
2457455.811928 0.006948 
2457456.743225 0.020639 
2457457.674523 0.043476 
2457458.605821 0.065429 
2457459.537119 0.076551 
2457460.468417 0.072655 
2457461.399715 0.057083 
2457462.331012 0.037745 
2457463.262310 0.021940 
2457464.193608 0.012635 
2457465.124906 0.008331 
2457466.056204 0.005782 
2457466.987502 0.003003 
2457467.918800 0.000379 
2457468.850097 -0.000386 
2457469.781395 0.001935 
2457470.712693 0.007196 
2457471.643991 0.014354 
2457472.575289 0.022452 
2457473.506587 0.030989 
2457474.437885 0.039389 
2457475.369182 0.046362 
2457476.300480 0.050138 
2457477.231778 0.049721 
2457478.163076 0.046175 
2457479.094374 0.042654 
2457480.025672 0.042735 
2457480.956970 0.048024 
2457481.888267 0.056733 
2457482.819565 0.064396 
2457483.750863 0.066381 
2457484.682161 0.060573 
2457485.613459 0.048467 
2457486.544757 0.034075 
2457487.476054 0.021519 
2457488.407352 0.012986 
2457489.338650 0.008243 
2457490.269948 0.005683 
2457491.201246 0.003852 
2457492.132544 0.002315 
2457493.063842 0.001465 
2457493.995139 0.001808 
2457494.926437 0.003517 
2457495.857735 0.006608 
2457496.789033 0.011351 
2457497.720331 0.018262 
2457498.651629 0.027424 
2457499.582927 0.037653 
2457500.514224 0.046383 
2457501.445522 0.050763 
2457502.376820 0.049450 
2457503.308118 0.043888 
2457504.239416 0.037962 
2457505.170714 0.035967 
2457506.102011 0.040033 
2457507.033309 0.048691 
2457507.964607 0.057556 
2457508.895905 0.061775 
2457509.827203 0.058689 
2457510.758501 0.049063 
2457511.689799 0.036270 
2457512.621096 0.024161 
2457513.552394 0.015127 
2457514.483692 0.009489 
2457515.414990 0.006252 
2457516.346288 0.004308 
2457517.277586 0.003128 
2457518.208884 0.002670 
2457519.140181 0.003046 
2457520.071479 0.004618 
2457521.002777 0.008538 
2457521.934075 0.016951 
2457522.865373 0.032051 
2457523.796671 0.054077 
2457524.727968 0.079572 
2457525.659266 0.101574 
2457526.590564 0.112410 
2457527.521862 0.107839 
2457528.453160 0.089948 
2457529.384458 0.066637 
2457530.315756 0.047620 
2457531.247053 0.039292 
2457532.178351 0.041642 
2457533.109649 0.049117 
2457534.040947 0.054578 
2457534.972245 0.053563 
2457535.903543 0.046090 
2457536.834841 0.035350 
2457537.766138 0.024867 
2457538.697436 0.016508 
2457539.628734 0.010486 
2457540.560032 0.006553 
2457541.491330 0.004760 
2457542.422628 0.005035 
2457543.353926 0.006605 
2457544.285223 0.008859 
2457545.216521 0.013860 
2457546.147819 0.028408 
2457547.079117 0.062606 
2457548.010415 0.123885 
2457548.941713 0.209326 
2457549.873010 0.301843 
2457550.804308 0.374563 
2457551.735606 0.402654 
2457552.666904 0.376226 
2457553.598202 0.306175 
2457554.529500 0.218755 
2457555.460798 0.141960 
2457556.392095 0.092200 
2457557.323393 0.069282 
2457558.254691 0.061656 
2457559.185989 0.056815 
2457560.117287 0.048964 
2457561.048585 0.039413 
2457561.979883 0.031490 
2457562.911180 0.025804 
2457563.842478 0.020163 
2457564.773776 0.013275 
2457565.705074 0.007457 
2457566.636372 0.006785 
2457567.567670 0.012435 
2457568.498967 0.021079 
2457569.430265 0.030487 
2457570.361563 0.049413 
2457571.292861 0.102320 
2457572.224159 0.220425 
2457573.155457 0.420114 
2457574.086755 0.681518 
2457575.018052 0.944163 
2457575.949350 1.127914 
2457576.880648 1.170492 
2457577.811946 1.059755 
2457578.743244 0.840139 
2457579.674542 0.588589 
2457580.605840 0.375202 
2457581.537137 0.233192 
2457582.468435 0.154947 
2457583.399733 0.111899 
2457584.331031 0.080243 
2457585.262329 0.053618 
2457586.193627 0.037227 
2457587.124925 0.033632 
2457588.056222 0.035577 
2457588.987520 0.032181 
2457589.918818 0.020773 
2457590.850116 0.010802 
2457591.781414 0.014463 
2457592.712712 0.033429 
2457593.644009 0.057866 
2457594.575307 0.084390 
2457595.506605 0.140154 
2457596.437903 0.288162 
2457597.369201 0.597660 
2457598.300499 1.090209 
2457599.231797 1.696808 
2457600.163094 2.262710 
2457601.094392 2.608658 
2457602.025690 2.617964 
2457602.956988 2.296927 
2457603.888286 1.769854 
2457604.819584 1.211638 
2457605.750882 0.761151 
2457606.682179 0.468620 
2457607.613477 0.303060 
2457608.544775 0.202984 
2457609.476073 0.127206 
2457610.407371 0.070900 
2457611.338669 0.045286 
2457612.269966 0.048811 
2457613.201264 0.059631 
2457614.132562 0.054643 
2457615.063860 0.033073 
2457615.995158 0.018145 
2457616.926456 0.033099 
2457617.857754 0.076396 
2457618.789051 0.127051 
2457619.720349 0.185041 
2457620.651647 0.313924 
2457621.582945 0.637946 
2457622.514243 1.273193 
2457623.445541 2.226039 
2457624.376839 3.330403 
2457625.308136 4.282767 
2457626.239434 4.772537 
2457627.170732 4.636672 
2457628.102030 3.943368 
2457629.033328 2.951354 
2457629.964626 1.971603 
2457630.895923 1.219952 
2457631.827221 0.748236 
2457632.758519 0.481067 
2457633.689817 0.312250 
2457634.621115 0.183162 
2457635.552413 0.094355 
2457636.483711 0.062523 
2457637.415008 0.076185 
2457638.346306 0.093834 
2457639.277604 0.081372 
2457640.208902 0.046276 
2457641.140200 0.030244 
2457642.071498 0.065531 
2457643.002796 0.141379 
2457643.934093 0.224364 
2457644.865391 0.326961 
2457645.796689 0.563552 
2457646.727987 1.124873 
2457647.659285 2.157583 
2457648.590583 3.617327 
2457649.521881 5.205173 
2457650.453178 6.457163 
2457651.384476 6.955627 
2457652.315774 6.540617 
2457653.247072 5.389611 
2457654.178370 3.915611 
2457655.109668 2.551232 
2457656.040965 1.555353 
2457656.972263 0.951746 
2457657.903561 0.610362 
2457658.834859 0.387359 
2457659.766157 0.217389 
2457660.697455 0.109234 
2457661.628753 0.079864 
2457662.560050 0.103303 
2457663.491348 0.121538 
2457664.422646 0.098161 
2457665.353944 0.054176 
2457666.285242 0.045776 
2457667.216540 0.105195 
2457668.147838 0.208749 
2457669.079135 0.316987 
2457670.010433 0.462447 
2457670.941731 0.801694 
2457671.873029 1.558135 
2457672.804327 2.863497 
2457673.735625 4.598456 
2457674.666922 6.358911 
2457675.598220 7.602765 
2457676.529518 7.908232 
2457677.460816 7.189262 
2457678.392114 5.733132 
2457679.323412 4.039316 
2457680.254710 2.566193 
2457681.186007 1.542540 
2457682.117305 0.942165 
2457683.048603 0.601719 
2457683.979901 0.372949 
2457684.911199 0.201452 
2457685.842497 0.101761 
2457686.773795 0.083697 
2457687.705092 0.110347 
2457688.636390 0.122103 
2457689.567688 0.092517 
2457690.498986 0.053200 
2457691.430284 0.059745 
2457692.361582 0.133179 
2457693.292879 0.241364 
2457694.224177 0.350880 
2457695.155475 0.509614 
2457696.086773 0.877009 
2457697.018071 1.647319 
2457697.949369 2.896193 
2457698.880667 4.455828 
2457699.811964 5.924094 
2457700.743262 6.829239 
2457701.674560 6.862053 
2457702.605858 6.033389 
2457703.537156 4.659192 
2457704.468454 3.187157 
2457705.399752 1.978524 
2457706.331049 1.176003 
2457707.262347 0.717744 
2457708.193645 0.455182 
2457709.124943 0.274549 
2457710.056241 0.143150 
2457710.987539 0.074601 
2457711.918837 0.069251 
2457712.850134 0.091005 
2457713.781432 0.095110 
2457714.712730 0.070206 
2457715.644028 0.047613 
2457716.575326 0.067107 
2457717.506624 0.134749 
2457718.437921 0.219928 
2457719.369219 0.303074 
2457720.300517 0.433386 
2457721.231815 0.735461 
2457722.163113 1.337747 
2457723.094411 2.260719 
2457724.025709 3.346025 
2457724.957006 4.290817 
2457725.888304 4.782024 
2457726.819602 4.653454 
2457727.750900 3.968449 
2457728.682198 2.978286 
2457729.613496 1.987279 
2457730.544794 1.211708 
2457731.476091 0.713609 
2457732.407389 0.431675 
2457733.338687 0.266552 
2457734.269985 0.152692 
2457735.201283 0.075353 
2457736.132581 0.041364 
2457737.063878 0.044425 
2457737.995176 0.058512 
2457738.926474 0.059362 
2457739.857772 0.046710 
2457740.789070 0.042240 
2457741.720368 0.064951 
2457742.651666 0.110041 
2457743.582963 0.156024 
2457744.514261 0.197926 
2457745.445559 0.276436 
2457746.376857 0.469875 
2457747.308155 0.843462 
2457748.239453 1.387225 
2457749.170751 1.989646 
2457750.102048 2.473761 
2457751.033346 2.679670 
2457751.964644 2.543927 
2457752.895942 2.127138 
2457753.827240 1.575522 
2457754.758538 1.044514 
2457755.689835 0.632816 
2457756.621133 0.361510 
2457757.552431 0.198534 
2457758.483729 0.100577 
2457759.415027 0.040969 
2457760.346325 0.011193 
2457761.277623 0.006695 
2457762.208920 0.016373 
2457763.140218 0.025666 
2457764.071516 0.027260 
2457765.002814 0.026141 
2457765.934112 0.032657 
2457766.865410 0.050389 
2457767.796708 0.071795 
2457768.728005 0.087783 
2457769.659303 0.103656 
2457770.590601 0.146025 
2457771.521899 0.250941 
2457772.453197 0.438604 
2457773.384495 0.692115 
2457774.315793 0.956566 
2457775.247090 1.160998 
2457776.178388 1.249976 
2457777.109686 1.205729 
2457778.040984 1.049618 
2457778.972282 0.826104 
2457779.903580 0.582228 
2457780.834877 0.354568 
2457781.766175 0.166710 
2457782.697473 0.031978 
2457783.628771 -0.045134 
2457784.560069 -0.070253 
2457785.491367 -0.059360 
2457786.422665 -0.034073 
2457787.353962 -0.012852 
2457788.285260 -0.003571 
2457789.216558 -0.002588 
2457790.147856 -0.000340 
2457791.079154 0.011488 
2457792.010452 0.036557 
2457792.941750 0.075232 
2457793.873047 0.127100 
2457794.804345 0.190833 
2457795.735643 0.261684 
2457796.666941 0.330898 
2457797.598239 0.390362 
2457798.529537 0.440085 
2457799.460834 0.491084 
2457800.392132 0.557781 
2457801.323430 0.642471 
2457802.254728 0.723239 
2457803.186026 0.757436 
2457804.117324 0.702977 
2457805.048622 0.545796 
2457805.979919 0.314891 
2457806.911217 0.072941 
2457807.842515 -0.113293 
2457808.773813 -0.204699 
2457809.705111 -0.204524 
2457810.636409 -0.149164 
2457811.567707 -0.084052 
2457812.499004 -0.041155 
2457813.430302 -0.029319 
2457814.361600 -0.036988 
2457815.292898 -0.039488 
2457816.224196 -0.005403 
2457817.155494 0.095906 
2457818.086791 0.280867 
2457819.018089 0.534306 
2457819.949387 0.800527 
2457820.880685 0.997375 
2457821.811983 1.055029 
2457822.743281 0.960511 
2457823.674579 0.777090 
2457824.605876 0.618076 
2457825.537174 0.583736 
2457826.468472 0.698283 
2457827.399770 0.888919 
2457828.331068 1.024069 
2457829.262366 0.989016 
2457830.193664 0.751890 
2457831.124961 0.379679 
2457832.056259 -0.002247 
2457832.987557 -0.277651 
2457833.918855 -0.391574 
2457834.850153 -0.361330 
2457835.781451 -0.250800 
2457836.712749 -0.132326 
2457837.644046 -0.057955 
2457838.575344 -0.045086 
2457839.506642 -0.069797 
2457840.437940 -0.065143 
2457841.369238 0.066080 
2457842.300536 0.412478 
2457843.231833 0.995189 
2457844.163131 1.721381 
2457845.094429 2.391691 
2457846.025727 2.778498 
2457846.957025 2.743416 
2457847.888323 2.324866 
2457848.819621 1.733074 
2457849.750918 1.243659 
2457850.682216 1.048273 
2457851.613514 1.153175 
2457852.544812 1.388269 
2457853.476110 1.517817 
2457854.407408 1.379620 
2457855.338706 0.966800 
2457856.270003 0.411408 
2457857.201301 -0.104167 
2457858.132599 -0.442473 
2457859.063897 -0.558723 
2457859.995195 -0.491394 
2457860.926493 -0.323855 
2457861.857790 -0.148369 
2457862.789088 -0.039774 
2457863.720386 -0.026595 
2457864.651684 -0.056086 
2457865.582982 0.021912 
2457866.514280 0.413762 
2457867.445578 1.272791 
2457868.376875 2.569434 
2457869.308173 4.029780 
2457870.239471 5.211548 
2457871.170769 5.704091 
2457872.102067 5.346868 
2457873.033365 4.329803 
2457873.964663 3.101792 
2457874.895960 2.134178 
2457875.827258 1.681208 
2457876.758556 1.680504 
2457877.689854 1.841889 
2457878.621152 1.850553 
2457879.552450 1.547037 
2457880.483748 0.981271 
2457881.415045 0.336244 
2457882.346343 -0.199302 
2457883.277641 -0.518192 
2457884.208939 -0.606831 
2457885.140237 -0.511806 
2457886.071535 -0.309792 
2457887.002832 -0.095299 
2457887.934130 0.041353 
2457888.865428 0.072775 
2457889.796726 0.107631 
2457890.728024 0.406398 
2457891.659322 1.278228 
2457892.590620 2.879175 
2457893.521917 5.028838 
2457894.453215 7.189495 
2457895.384513 8.667968 
2457896.315811 8.951687 
2457897.247109 7.982918 
2457898.178407 6.195711 
2457899.109705 4.284989 
2457900.041002 2.848372 
2457900.972300 2.118128 
2457901.903598 1.930153 
2457902.834896 1.913982 
2457903.766194 1.751890 
2457904.697492 1.337883 
2457905.628789 0.766437 
2457906.560087 0.208682 
2457907.491385 -0.207312 
2457908.422683 -0.436224 
2457909.353981 -0.486835 
2457910.285279 -0.388096 
2457911.216577 -0.189260 
2457912.147874 0.029632 
2457913.079172 0.190497 
2457914.010470 0.305510 
2457914.941768 0.556195 
2457915.873066 1.264851 
2457916.804364 2.719376 
2457917.735662 4.932734 
2457918.666959 7.503086 
2457919.598257 9.707506 
2457920.529555 10.817049 
2457921.460853 10.462360 
2457922.392151 8.826911 
2457923.323449 6.545580 
2457924.254746 4.372981 
2457925.186044 2.827193 
2457926.117342 2.013363 
2457927.048640 1.697302 
2457927.979938 1.535628 
2457928.911236 1.291701 
2457929.842534 0.915976 
2457930.773831 0.488794 
2457931.705129 0.113805 
2457932.636427 -0.148098 
2457933.567725 -0.280553 
2457934.499023 -0.287599 
2457935.430321 -0.186622 
2457936.361619 -0.017388 
2457937.292916 0.170152 
2457938.224214 0.370752 
2457939.155512 0.686794 
2457940.086810 1.326891 
2457941.018108 2.497566 
2457941.949406 4.231136 
2457942.880704 6.266056 
2457943.812001 8.087063 
2457944.743299 9.134438 
2457945.674597 9.071923 
2457946.605895 7.952508 
2457947.537193 6.182035 
2457948.468491 4.309684 
2457949.399788 2.778430 
2457950.331086 1.776305 
2457951.262384 1.245331 
2457952.193682 0.999929 
2457953.124980 0.856377 
2457954.056278 0.702378 
2457954.987576 0.500946 
2457955.918873 0.265915 
2457956.850171 0.040804 
2457957.781469 -0.118109 
2457958.712767 -0.167964 
2457959.644065 -0.110041 
2457960.575363 0.004876 
2457961.506661 0.120678 
2457962.437958 0.250185 
2457963.369256 0.515894 
2457964.300554 1.098583 
2457965.231852 2.100893 
2457966.163150 3.413039 
2457967.094448 4.691620 
2457968.025745 5.497167 
2457968.957043 5.521811 
2457969.888341 4.762562 
2457970.819639 3.522776 
2457971.750937 2.240043 
2457972.682235 1.257312 
2457973.613533 0.685454 
2457974.544830 0.428352 
2457975.476128 0.320106 
2457976.407426 0.253980 
2457977.338724 0.213825 
2457978.270022 0.214911 
2457979.201320 0.235979 
2457980.132618 0.216395 
2457981.063915 0.116680 
2457981.995213 -0.027543 
2457982.926511 -0.123598 
2457983.857809 -0.104075 
2457984.789107 0.005746 
2457985.720405 0.111903 
2457986.651702 0.161386 
2457987.583000 0.240450 
2457988.514298 0.552413 
2457989.445596 1.256854 
2457990.376894 2.278684 
2457991.308192 3.248941 
2457992.239490 3.661653 
2457993.170787 3.170972 
2457994.102085 1.832571 
2457995.033383 0.113277 
2457995.964681 -1.352605 
2457996.895979 -2.104860 
2457997.827277 -2.074895 
2457998.758575 -1.550583 
2457999.689872 -0.940080 
2458000.621170 -0.516820 
2458001.552468 -0.315628 
2458002.483766 -0.216110 
2458003.415064 -0.107130 
2458004.346362 0.014331 
2458005.277660 0.075333 
2458006.208957 0.032446 
2458007.140255 -0.064386 
2458008.071553 -0.112442 
2458009.002851 -0.056989 
2458009.934149 0.053573 
2458010.865447 0.122423 
2458011.796744 0.125287 
2458012.728042 0.178898 
2458013.659340 0.469538 
2458014.590638 1.073935 
2458015.521936 1.813393 
2458016.453234 2.281575 
2458017.384532 2.064821 
2458018.315829 1.020809 
2458019.247127 -0.581207 
2458020.178425 -2.171296 
2458021.109723 -3.180473 
2458022.041021 -3.338928 
2458022.972319 -2.781927 
2458023.903617 -1.912490 
2458024.834914 -1.135469 
2458025.766212 -0.649386 
2458026.697510 -0.416295 
2458027.628808 -0.287726 
2458028.560106 -0.159796 
2458029.491404 -0.036500 
2458030.422701 0.022703 
2458031.353999 -0.004329 
2458032.285297 -0.065131 
2458033.216595 -0.080999 
2458034.147893 -0.025242 
2458035.079191 0.052111 
2458036.010489 0.083008 
2458036.941786 0.069353 
2458037.873084 0.109717 
2458038.804382 0.322035 
2458039.735680 0.713590 
2458040.666978 1.108864 
2458041.598276 1.214673 
2458042.529574 0.799027 
2458043.460871 -0.134890 
2458044.392169 -1.307828 
2458045.323467 -2.297015 
2458046.254765 -2.761240 
2458047.186063 -2.613391 
2458048.117361 -2.034921 
2458049.048658 -1.337844 
2458049.979956 -0.779089 
2458050.911254 -0.449335 
2458051.842552 -0.289617 
2458052.773850 -0.193208 
2458053.705148 -0.100667 
2458054.636446 -0.022177 
2458055.567743 0.007988 
2458056.499041 -0.013188 
2458057.430339 -0.046367 
2458058.361637 -0.047271 
2458059.292935 -0.009835 
2458060.224233 0.030669 
2458061.155531 0.039421 
2458062.086828 0.027987 
2458063.018126 0.055702 
2458063.949424 0.175957 
2458064.880722 0.368626 
2458065.812020 0.519609 
2458066.743318 0.476647 
2458067.674616 0.150679 
2458068.605913 -0.408191 
2458069.537211 -1.018341 
2458070.468509 -1.458544 
2458071.399807 -1.585615 
2458072.331105 -1.402345 
2458073.262403 -1.036906 
2458074.193700 -0.655929 
2458075.124998 -0.373856 
2458076.056296 -0.214237 
2458076.987594 -0.134703 
2458077.918892 -0.082688 
2458078.850190 -0.035617 
2458079.781488 -0.001954 
2458080.712785 0.005009 
2458081.644083 -0.010003 
2458082.575381 -0.025466 
2458083.506679 -0.023235 
2458084.437977 -0.005183 
2458085.369275 0.010901 
2458086.300573 0.012203 
2458087.231870 0.007657 
2458088.163168 0.022557 
2458089.094466 0.072987 
2458090.025764 0.141583 
2458090.957062 0.177730 
2458091.888360 0.126908 
2458092.819657 -0.029903 
2458093.750955 -0.255622 
2458094.682253 -0.471815 
2458095.613551 -0.600248 
2458096.544849 -0.604020 
2458097.476147 -0.502330 
2458098.407445 -0.352216 
2458099.338742 -0.212776 
2458100.270040 -0.116459 
2458101.201338 -0.063165 
2458102.132636 -0.034844 
2458103.063934 -0.015247 
2458103.995232 0.000075 
2458104.926530 0.007348 
2458105.857827 0.004256 
2458106.789125 -0.004680 
2458107.720423 -0.011162 
2458108.651721 -0.010300 
2458109.583019 -0.004321 
2458110.514317 0.000676 
2458111.445614 0.001504 
2458112.376912 0.001491 
2458113.308210 0.007268 
2458114.239508 0.021466 
2458115.170806 0.037952 
2458116.102104 0.044323 
2458117.033402 0.030329 
2458117.964699 -0.004093 
2458118.895997 -0.047367 
2458119.827295 -0.082625 
2458120.758593 -0.097302 
2458121.689891 -0.089411 
2458122.621189 -0.066814 
2458123.552487 -0.041004 
2458124.483784 -0.020348 
2458125.415082 -0.007142 
2458126.346380 0.000708 
2458127.277678 0.005933 
2458128.208976 0.009396 
2458129.140274 0.010290 
2458130.071572 0.007980 
2458131.002869 0.003378 
2458131.934167 -0.001347 
2458132.865465 -0.004214 
2458133.796763 -0.004627 
2458134.728061 -0.003370 
2458135.659359 -0.001646 
2458136.590656 -0.000113 
2458137.521954 0.001392 
2458138.453252 0.003541 
2458139.384550 0.007129 
2458140.315848 0.012965 
2458141.247146 0.021774 
2458142.178444 0.033755 
2458143.109741 0.047840 
2458144.041039 0.061288 
2458144.972337 0.070315 
2458145.903635 0.071754 
2458146.834933 0.064830 
2458147.766231 0.051820 
2458148.697529 0.037037 
2458149.628826 0.024686 
2458150.560124 0.016951 
2458151.491422 0.013436 
2458152.422720 0.012093 
2458153.354018 0.010809 
2458154.285316 0.008532 
2458155.216613 0.005413 
2458156.147911 0.002220 
2458157.079209 -0.000328 
2458158.010507 -0.001850 
2458158.941805 -0.002271 
2458159.873103 -0.001725 
2458160.804401 -0.000531 
2458161.735698 0.000922 
2458162.666996 0.002534 
2458163.598294 0.004957 
2458164.529592 0.009659 
2458165.460890 0.018241 
2458166.392188 0.031179 
2458167.323486 0.046809 
2458168.254783 0.061419 
2458169.186081 0.070673 
2458170.117379 0.071645 
2458171.048677 0.064258 
2458171.979975 0.051239 
2458172.911273 0.036669 
2458173.842571 0.024090 
2458174.773868 0.015276 
2458175.705166 0.010158 
2458176.636464 0.007611 
2458177.567762 0.006357 
2458178.499060 0.005456 
2458179.430358 0.004361 
2458180.361655 0.002861 
2458181.292953 0.001088 
2458182.224251 -0.000490 
2458183.155549 -0.001298 
2458184.086847 -0.001082 
2458185.018145 -0.000168 
2458185.949443 0.000809 
2458186.880740 0.001634 
2458187.812038 0.003118 
2458188.743336 0.006888 
2458189.674634 0.014223 
2458190.605932 0.024648 
2458191.537230 0.035415 
2458192.468528 0.042511 
2458193.399825 0.042780 
2458194.331123 0.035804 
2458195.262421 0.024253 
2458196.193719 0.012411 
2458197.125017 0.003858 
2458198.056315 -0.000175 
2458198.987612 -0.000805 
2458199.918910 -0.000118 
2458200.850208 0.000399 
2458201.781506 0.000498 
2458202.712804 0.000650 
2458203.644102 0.001112 
2458204.575400 0.001507 
2458205.506697 0.001245 
2458206.437995 0.000252 
2458207.369293 -0.000804 
2458208.300591 -0.001077 
2458209.231889 -0.000361 
2458210.163187 0.000686 
2458211.094485 0.001267 
2458212.025782 0.001527 
2458212.957080 0.002915 
2458213.888378 0.007206 
2458214.819676 0.014738 
2458215.750974 0.023254 
2458216.682272 0.028525 
2458217.613569 0.026674 
2458218.544867 0.016751 
2458219.476165 0.001736 
2458220.407463 -0.012856 
2458221.338761 -0.021947 
2458222.270059 -0.023504 
2458223.201357 -0.019159 
2458224.132654 -0.012622 
2458225.063952 -0.007203 
2458225.995250 -0.004158 
2458226.926548 -0.002796 
2458227.857846 -0.001825 
2458228.789144 -0.000667 
2458229.720442 0.000290 
2458230.651739 0.000441 
2458231.583037 -0.000189 
2458232.514335 -0.000848 
2458233.445633 -0.000782 
2458234.376931 0.000019 
2458235.308229 0.000823 
2458236.239527 0.001022 
2458237.170824 0.001023 
2458238.102122 0.002226 
2458239.033420 0.005848 
2458239.964718 0.011439 
2458240.896016 0.016377 
2458241.827314 0.017051 
2458242.758611 0.011123 
2458243.689909 -0.000654 
2458244.621207 -0.014419 
2458245.552505 -0.025153 
2458246.483803 -0.029357 
2458247.415101 -0.026741 
2458248.346399 -0.019931 
2458249.277696 -0.012563 
2458250.208994 -0.007184 
2458251.140292 -0.004299 
2458252.071590 -0.002923 
2458253.002888 -0.001891 
2458253.934186 -0.000804 
2458254.865484 -0.000006 
2458255.796781 0.000112 
2458256.728079 -0.000305 
2458257.659377 -0.000654 
2458258.590675 -0.000469 
2458259.521973 0.000125 
2458260.453271 0.000577 
2458261.384568 0.000569 
2458262.315866 0.000532 
2458263.247164 0.001407 
2458264.178462 0.003755 
2458265.109760 0.006884 
2458266.041058 0.008846 
2458266.972356 0.007482 
2458267.903653 0.001909 
2458268.834951 -0.006629 
2458269.766249 -0.015200 
2458270.697547 -0.020711 
2458271.628845 -0.021538 
2458272.560143 -0.018227 
2458273.491441 -0.012900 
2458274.422738 -0.007874 
2458275.354036 -0.004472 
2458276.285334 -0.002698 
2458277.216632 -0.001799 
2458278.147930 -0.001091 
2458279.079228 -0.000414 
2458280.010525 0.000007 
2458280.941823 0.000010 
2458281.873121 -0.000243 
2458282.804419 -0.000395 
2458283.735717 -0.000240 
2458284.667015 0.000086 
2458285.598313 0.000275 
2458286.529610 0.000223 
2458287.460908 0.000217 
2458288.392206 0.000720 
2458289.323504 0.001879 
2458290.254802 0.003177 
2458291.186100 0.003582 
2458292.117398 0.002175 
2458293.048695 -0.001165 
2458293.979993 -0.005519 
2458294.911291 -0.009340 
2458295.842589 -0.011279 
2458296.773887 -0.010873 
2458297.705185 -0.008691 
2458298.636483 -0.005879 
2458299.567780 -0.003475 
2458300.499078 -0.001942 
2458301.430376 -0.001150 
2458302.361674 -0.000718 
2458303.292972 -0.000371 
2458304.224270 -0.000081 
2458305.155567 0.000052 
2458306.086865 -0.000004 
2458307.018163 -0.000138 
2458307.949461 -0.000194 
2458308.880759 -0.000114 
2458309.812057 0.000018 
2458310.743355 0.000080 
2458311.674652 0.000053 
2458312.605950 0.000068 
2458313.537248 0.000281 
2458314.468546 0.000692 
2458315.399844 0.001062 
2458316.331142 0.001024 
2458317.262440 0.000328 
2458318.193737 -0.000951 
2458319.125035 -0.002404 
2458320.056333 -0.003500 
2458320.987631 -0.003869 
2458321.918929 -0.003482 
2458322.850227 -0.002621 
2458323.781524 -0.001677 
2458324.712822 -0.000940 
2458325.644120 -0.000491 
2458326.575418 -0.000253 
2458327.506716 -0.000109 
2458328.438014 -0.000001 
2458329.369312 0.000064 
2458330.300609 0.000061 
2458331.231907 0.000005 
2458332.163205 -0.000058 
2458333.094503 -0.000081 
2458334.025801 -0.000058 
2458334.957099 -0.000019 
2458335.888397 0.000002 
2458336.819694 0.000005 
2458337.750992 0.000022 
2458338.682290 0.000083 
2458339.613588 0.000180 
2458340.544886 0.000262 
2458341.476184 0.000270 
2458342.407481 0.000178 
2458343.338779 0.000018 
2458344.270077 -0.000139 
2458345.201375 -0.000230 
2458346.132673 -0.000231 
2458347.063971 -0.000167 
2458347.995269 -0.000084 
2458348.926566 -0.000017 
2458349.857864 0.000025 
2458350.789162 0.000052 
2458351.720460 0.000075 
2458352.651758 0.000093 
2458353.583056 0.000098 
2458354.514354 0.000082 
2458355.445651 0.000048 
2458356.376949 0.000009 
2458357.308247 -0.000020 
2458358.239545 -0.000033 
2458359.170843 -0.000031 
2458360.102141 -0.000020 
2458361.033439 -0.000007 
2458361.964736 0.000007 
2458362.896034 0.000022 
2458363.827332 0.000043 
2458364.758630 0.000082 
2458365.689928 0.000152 
2458366.621226 0.000262 
2458367.552523 0.000406 
2458368.483821 0.000557 
2458369.415119 0.000673 
2458370.346417 0.000717 
2458371.277715 0.000673 
2458372.209013 0.000557 
2458373.140311 0.000409 
2458374.071608 0.000274 
2458375.002906 0.000178 
2458375.934204 0.000126 
2458376.865502 0.000104 
2458377.796800 0.000092 
2458378.728098 0.000076 
2458379.659396 0.000054 
2458380.590693 0.000029 
2458381.521991 0.000007 
2458382.453289 -0.000009 
2458383.384587 -0.000016 
2458384.315885 -0.000015 
2458385.247183 -0.000007 
2458386.178480 0.000004 
2458387.109778 0.000016 
2458388.041076 0.000034 
2458388.972374 0.000067 
2458389.903672 0.000131 
2458390.834970 0.000230 
2458391.766268 0.000352 
2458392.697565 0.000468 
2458393.628863 0.000544 
2458394.560161 0.000555 
2458395.491459 0.000500 
2458396.422757 0.000401 
2458397.354055 0.000288 
2458398.285353 0.000190 
2458399.216650 0.000121 
2458400.147948 0.000078 
2458401.079246 0.000056 
2458402.010544 0.000044 
2458402.941842 0.000038 
2458403.873140 0.000034 
2458404.804438 0.000026 
2458405.735735 0.000015 
2458406.667033 0.000001 
2458407.598331 -0.000009 
2458408.529629 -0.000010 
2458409.460927 -0.000004 
2458410.392225 0.000005 
2458411.323522 0.000012 
2458412.254820 0.000019 
2458413.186118 0.000040 
2458414.117416 0.000091 
2458415.048714 0.000171 
2458415.980012 0.000262 
2458416.911310 0.000329 
2458417.842607 0.000338 
2458418.773905 0.000279 
2458419.705203 0.000172 
2458420.636501 0.000057 
2458421.567799 -0.000027 
2458422.499097 -0.000062 
2458423.430395 -0.000057 
2458424.361692 -0.000036 
2458425.292990 -0.000017 
2458426.224288 -0.000009 
2458427.155586 -0.000005 
2458428.086884 0.000000 
2458429.018182 0.000007 
2458429.949479 0.000010 
2458430.880777 0.000006 
2458431.812075 -0.000003 
2458432.743373 -0.000009 
2458433.674671 -0.000006 
2458434.605969 0.000002 
2458435.537267 0.000010 
2458436.468564 0.000011 
2458437.399862 0.000016 
2458438.331160 0.000038 
2458439.262458 0.000089 
2458440.193756 0.000157 
2458441.125054 0.000214 
2458442.056352 0.000220 
2458442.987649 0.000157 
2458443.918947 0.000036 
2458444.850245 -0.000100 
2458445.781543 -0.000201 
2458446.712841 -0.000238 
2458447.644139 -0.000211 
2458448.575436 -0.000151 
2458449.506734 -0.000092 
2458450.438032 -0.000052 
2458451.369330 -0.000032 
2458452.300628 -0.000023 
2458453.231926 -0.000013 
2458454.163224 -0.000002 
2458455.094521 0.000003 
2458456.025819 0.000001 
2458456.957117 -0.000005 
2458457.888415 -0.000008 
2458458.819713 -0.000003 
2458459.751011 0.000004 
2458460.682309 0.000008 
2458461.613606 0.000007 
2458462.544904 0.000010 
2458463.476202 0.000029 
2458464.407500 0.000066 
2458465.338798 0.000110 
2458466.270096 0.000131 
2458467.201394 0.000106 
2458468.132691 0.000028 
2458469.063989 -0.000081 
2458469.995287 -0.000183 
2458470.926585 -0.000241 
2458471.857883 -0.000241 
2458472.789181 -0.000195 
2458473.720478 -0.000132 
2458474.651776 -0.000078 
2458475.583074 -0.000045 
2458476.514372 -0.000029 
2458477.445670 -0.000020 
2458478.376968 -0.000011 
2458479.308266 -0.000003 
2458480.239563 0.000001 
2458481.170861 -0.000001 
2458482.102159 -0.000004 
2458483.033457 -0.000005 
2458483.964755 -0.000001 
2458484.896053 0.000003 
2458485.827351 0.000005 
2458486.758648 0.000004 
2458487.689946 0.000006 
2458488.621244 0.000018 
2458489.552542 0.000039 
2458490.483840 0.000059 
2458491.415138 0.000061 
2458492.346435 0.000033 
2458493.277733 -0.000024 
2458494.209031 -0.000091 
2458495.140329 -0.000145 
2458496.071627 -0.000167 
2458497.002925 -0.000154 
2458497.934223 -0.000118 
2458498.865520 -0.000077 
2458499.796818 -0.000044 
2458500.728116 -0.000025 
2458501.659414 -0.000016 
2458502.590712 -0.000011 
2458503.522010 -0.000005 
2458504.453308 -0.000001 
2458505.384605 0.000000 
2458506.315903 -0.000001 
2458507.247201 -0.000003 
2458508.178499 -0.000003 
2458509.109797 -0.000001 
2458510.041095 0.000001 
2458510.972392 0.000002 
2458511.903690 0.000001 
2458512.834988 0.000003 
2458513.766286 0.000008 
2458514.697584 0.000018 
2458515.628882 0.000024 
2458516.560180 0.000020 
2458517.491477 0.000003 
2458518.422775 -0.000026 
2458519.354073 -0.000055 
2458520.285371 -0.000075 
2458521.216669 -0.000079 
2458522.147967 -0.000069 
2458523.079265 -0.000050 
2458524.010562 -0.000031 
2458524.941860 -0.000018 
2458525.873158 -0.000010 
2458526.804456 -0.000006 
2458527.735754 -0.000003 
2458528.667052 -0.000001 
2458529.598350 0.000000 
2458530.529647 0.000000 
2458531.460945 -0.000000 
2458532.392243 -0.000001 
2458533.323541 -0.000001 
2458534.254839 -0.000000 
2458535.186137 0.000000 
2458536.117434 0.000000 
2458537.048732 0.000000 
2458537.980030 0.000001 
2458538.911328 0.000003 
2458539.842626 0.000006 
2458540.773924 0.000007 
2458541.705222 0.000005 
2458542.636519 -0.000002 
2458543.567817 -0.000010 
2458544.499115 -0.000018 
2458545.430413 -0.000022 
2458546.361711 -0.000022 
2458547.293009 -0.000018 
2458548.224307 -0.000012 
2458549.155604 -0.000007 
2458550.086902 -0.000004 
2458551.018200 -0.000002 
2458551.949498 -0.000001 
2458552.880796 0.000000 
2458553.812094 0.000001 
2458554.743391 0.000001 
2458555.674689 0.000000 
2458556.605987 -0.000000 
2458557.537285 -0.000001 
2458558.468583 -0.000001 
2458559.399881 -0.000000 
2458560.331179 -0.000000 
2458561.262476 -0.000000 
2458562.193774 0.000000 
2458563.125072 0.000000 
2458564.056370 0.000001 
2458564.987668 0.000001 
2458565.918966 0.000002 
2458566.850264 0.000002 
2458567.781561 0.000002 
2458568.712859 0.000002 
2458569.644157 0.000002 
2458570.575455 0.000002 
2458571.506753 0.000002 
2458572.438051 0.000002 
2458573.369348 0.000001 
2458574.300646 0.000001 
2458575.231944 0.000001 
2458576.163242 0.000001 
2458577.094540 0.000001 
2458578.025838 0.000001 
2458578.957136 0.000001 
2458579.888433 0.000001 
2458580.819731 0.000000 
2458581.751029 -0.000000 
2458582.682327 -0.000000 
2458583.613625 -0.000000 
2458584.544923 -0.000000 
2458585.476221 -0.000000 
2458586.407518 0.000000 
2458587.338816 0.000000 
2458588.270114 0.000000 
2458589.201412 0.000001 
2458590.132710 0.000001 
2458591.064008 0.000002 
2458591.995306 0.000003 
2458592.926603 0.000005 
2458593.857901 0.000006 
2458594.789199 0.000006 
2458595.720497 0.000006 
2458596.651795 0.000005 
2458597.583093 0.000004 
2458598.514390 0.000003 
2458599.445688 0.000002 
2458600.376986 0.000001 
2458601.308284 0.000001 
2458602.239582 0.000001 
2458603.170880 0.000001 
2458604.102178 0.000000 
2458605.033475 0.000000 
2458605.964773 0.000000 
2458606.896071 -0.000000 
2458607.827369 -0.000000 
2458608.758667 -0.000000 
2458609.689965 -0.000000 
2458610.621263 0.000000 
2458611.552560 0.000000 
2458612.483858 0.000000 
2458613.415156 0.000000 
2458614.346454 0.000001 
2458615.277752 0.000002 
2458616.209050 0.000003 
2458617.140347 0.000004 
2458618.071645 0.000004 
2458619.002943 0.000004 
2458619.934241 0.000004 
2458620.865539 0.000003 
2458621.796837 0.000002 
2458622.728135 0.000001 
2458623.659432 0.000001 
2458624.590730 0.000001 
2458625.522028 0.000000 
2458626.453326 0.000000 
2458627.384624 0.000000 
2458628.315922 0.000000 
2458629.247220 0.000000 
2458630.178517 0.000000 
2458631.109815 0.000000 
2458632.041113 -0.000000 
2458632.972411 -0.000000 
2458633.903709 -0.000000 
2458634.835007 0.000000 
2458635.766304 0.000000 
2458636.697602 0.000000 
2458637.628900 0.000000 
2458638.560198 0.000001 
2458639.491496 0.000001 
2458640.422794 0.000002 
2458641.354092 0.000003 
2458642.285389 0.000003 
2458643.216687 0.000002 
2458644.147985 0.000001 
2458645.079283 0.000000 
2458646.010581 -0.000001 
2458646.941879 -0.000001 
2458647.873177 -0.000001 
2458648.804474 -0.000001 
2458649.735772 -0.000000 
2458650.667070 -0.000000 
2458651.598368 -0.000000 
2458652.529666 -0.000000 
2458653.460964 -0.000000 
2458654.392262 0.000000 
2458655.323559 0.000000 
2458656.254857 0.000000 
2458657.186155 -0.000000 
2458658.117453 -0.000000 
2458659.048751 -0.000000 
2458659.980049 0.000000 
2458660.911346 0.000000 
2458661.842644 0.000000 
2458662.773942 0.000000 
2458663.705240 0.000000 
2458664.636538 0.000001 
2458665.567836 0.000002 
2458666.499134 0.000002 
2458667.430431 0.000001 
2458668.361729 0.000001 
2458669.293027 -0.000001 
2458670.224325 -0.000002 
2458671.155623 -0.000002 
2458672.086921 -0.000002 
2458673.018219 -0.000002 
2458673.949516 -0.000001 
2458674.880814 -0.000001 
2458675.812112 -0.000000 
2458676.743410 -0.000000 
2458677.674708 -0.000000 
2458678.606006 -0.000000 
2458679.537303 0.000000 
2458680.468601 0.000000 
2458681.399899 -0.000000 
2458682.331197 -0.000000 
2458683.262495 -0.000000 
2458684.193793 0.000000 
2458685.125091 0.000000 
2458686.056388 0.000000 
2458686.987686 0.000000 
2458687.918984 0.000000 
2458688.850282 0.000000 
2458689.781580 0.000001 
2458690.712878 0.000001 
2458691.644176 0.000001 
2458692.575473 0.000000 
2458693.506771 -0.000000 
2458694.438069 -0.000001 
2458695.369367 -0.000002 
2458696.300665 -0.000002 
2458697.231963 -0.000002 
2458698.163261 -0.000001 
2458699.094558 -0.000001 
2458700.025856 -0.000000 
2458700.957154 -0.000000 
2458701.888452 -0.000000 
2458702.819750 -0.000000 
2458703.751048 -0.000000 
2458704.682345 -0.000000 
2458705.613643 0.000000 
2458706.544941 -0.000000 
2458707.476239 -0.000000 
2458708.407537 -0.000000 
2458709.338835 0.000000 
2458710.270133 0.000000 
2458711.201430 0.000000 
2458712.132728 0.000000 
2458713.064026 0.000000 
2458713.995324 0.000000 
2458714.926622 0.000000 
2458715.857920 0.000000 
2458716.789218 0.000000 
2458717.720515 0.000000 
2458718.651813 -0.000000 
2458719.583111 -0.000001 
2458720.514409 -0.000001 
2458721.445707 -0.000001 
2458722.377005 -0.000001 
2458723.308302 -0.000001 
2458724.239600 -0.000000 
2458725.170898 -0.000000 
2458726.102196 -0.000000 
2458727.033494 -0.000000 
2458727.964792 -0.000000 
2458728.896090 -0.000000 
2458729.827387 0.000000 
2458730.758685 0.000000 
2458731.689983 -0.000000 
2458732.621281 -0.000000 
2458733.552579 -0.000000 
2458734.483877 0.000000 
2458735.415175 0.000000 
2458736.346472 0.000000 
2458737.277770 0.000000 
2458738.209068 0.000000 
2458739.140366 0.000000 
2458740.071664 0.000000 
2458741.002962 0.000000 
2458741.934259 0.000000 
2458742.865557 -0.000000 
2458743.796855 -0.000000 
2458744.728153 -0.000000 
2458745.659451 -0.000001 
2458746.590749 -0.000001 
2458747.522047 -0.000000 
2458748.453344 -0.000000 
2458749.384642 -0.000000 
2458750.315940 -0.000000 
2458751.247238 -0.000000 
2458752.178536 -0.000000 
2458753.109834 -0.000000 
2458754.041132 0.000000 
2458754.972429 0.000000 
2458755.903727 0.000000 
2458756.835025 -0.000000 
2458757.766323 -0.000000 
2458758.697621 -0.000000 
2458759.628919 -0.000000 
2458760.560217 0.000000 
2458761.491514 0.000000 
2458762.422812 0.000000 
2458763.354110 0.000000 
2458764.285408 0.000000 
2458765.216706 0.000000 
2458766.148004 0.000000 
2458767.079301 0.000000 
2458768.010599 -0.000000 
2458768.941897 -0.000000 
2458769.873195 -0.000000 
2458770.804493 -0.000000 
2458771.735791 -0.000000 
2458772.667089 -0.000000 
2458773.598386 -0.000000 
2458774.529684 -0.000000 
2458775.460982 -0.000000 
2458776.392280 -0.000000 
2458777.323578 0.000000 
2458778.254876 0.000000 
2458779.186174 0.000000 
2458780.117471 0.000000 
2458781.048769 0.000000 
2458781.980067 -0.000000 
2458782.911365 -0.000000 
2458783.842663 -0.000000 
2458784.773961 -0.000000 
2458785.705258 -0.000000 
2458786.636556 0.000000 
2458787.567854 0.000000 
2458788.499152 0.000000 
2458789.430450 0.000000 
2458790.361748 0.000000 
2458791.293046 0.000000 
2458792.224343 0.000000 
2458793.155641 0.000000 
2458794.086939 0.000000 
2458795.018237 0.000000 
2458795.949535 0.000000 
2458796.880833 0.000000 
2458797.812131 0.000000 
2458798.743428 0.000000 
2458799.674726 0.000000 
2458800.606024 0.000000 
2458801.537322 0.000000 
2458802.468620 0.000000 
2458803.399918 0.000000 
2458804.331215 0.000000 
2458805.262513 0.000000 
2458806.193811 0.000000 
2458807.125109 -0.000000 
2458808.056407 -0.000000 
2458808.987705 -0.000000 
2458809.919003 -0.000000 
2458810.850300 -0.000000 
2458811.781598 0.000000 
2458812.712896 0.000000 
2458813.644194 0.000000 
2458814.575492 0.000000 
2458815.506790 0.000000 
2458816.438088 0.000000 
2458817.369385 0.000000 
2458818.300683 0.000000 
2458819.231981 0.000000 
2458820.163279 0.000000 
2458821.094577 0.000000 
2458822.025875 0.000000 
2458822.957173 0.000000 
2458823.888470 0.000000 
2458824.819768 0.000000 
2458825.751066 0.000000 
2458826.682364 0.000000 
2458827.613662 0.000000 
2458828.544960 0.000000 
2458829.476257 0.000000 
2458830.407555 0.000000 
2458831.338853 0.000000 
2458832.270151 -0.000000 
2458833.201449 -0.000000 
2458834.132747 -0.000000 
2458835.064045 -0.000000 
2458835.995342 0.000000 
2458836.926640 0.000000 
2458837.857938 0.000000 
2458838.789236 0.000000 
2458839.720534 0.000000 
2458840.651832 0.000000 
2458841.583130 0.000000 
2458842.514427 0.000000 
2458843.445725 0.000000 
2458844.377023 0.000000 
2458845.308321 0.000000 
2458846.239619 0.000000 
2458847.170917 0.000000 
2458848.102214 0.000000 
2458849.033512 0.000000 
2458849.964810 0.000000 
2458850.896108 0.000000 
2458851.827406 0.000000 
2458852.758704 0.000000 
2458853.690002 0.000000 
2458854.621299 0.000000 
2458855.552597 0.000000 
2458856.483895 -0.000000 
2458857.415193 -0.000000 
2458858.346491 -0.000000 
2458859.277789 -0.000000 
2458860.209087 0.000000 
2458861.140384 0.000000 
2458862.071682 0.000000 
2458863.002980 0.000000 
2458863.934278 0.000000 
2458864.865576 0.000000 
2458865.796874 0.000000 
2458866.728171 0.000000 
2458867.659469 0.000000 
2458868.590767 0.000000 
2458869.522065 0.000000 
2458870.453363 -0.000000 
2458871.384661 -0.000000 
2458872.315959 -0.000000 
2458873.247256 -0.000000 
2458874.178554 -0.000000 
2458875.109852 -0.000000 
2458876.041150 -0.000000 
2458876.972448 -0.000000 
2458877.903746 -0.000000 
2458878.835044 0.000000 
2458879.766341 0.000000 
2458880.697639 0.000000 
2458881.628937 -0.000000 
2458882.560235 -0.000000 
2458883.491533 -0.000000 
2458884.422831 0.000000 
2458885.354129 0.000000 
2458886.285426 0.000000 
2458887.216724 0.000000 
2458888.148022 0.000000 
2458889.079320 0.000000 
2458890.010618 0.000000 
2458890.941916 0.000000 
2458891.873213 0.000000 
2458892.804511 0.000000 
2458893.735809 -0.000000 
2458894.667107 -0.000000 
2458895.598405 -0.000000 
2458896.529703 -0.000000 
2458897.461001 -0.000000 
2458898.392298 -0.000000 
2458899.323596 -0.000000 
2458900.254894 -0.000000 
2458901.186192 -0.000000 
2458902.117490 -0.000000 
2458903.048788 -0.000000 
2458903.980086 -0.000000 
2458904.911383 0.000000 
2458905.842681 0.000000 
2458906.773979 -0.000000 
2458907.705277 -0.000000 
2458908.636575 -0.000000 
2458909.567873 0.000000 
2458910.499170 0.000000 
2458911.430468 0.000000 
2458912.361766 0.000000 
2458913.293064 0.000000 
2458914.224362 0.000000 
2458915.155660 0.000000 
2458916.086958 0.000000 
2458917.018255 0.000000 
2458917.949553 -0.000000 
2458918.880851 -0.000000 
2458919.812149 -0.000000 
2458920.743447 -0.000000 
2458921.674745 -0.000000 
2458922.606043 -0.000000 
2458923.537340 -0.000000 
2458924.468638 -0.000000 
2458925.399936 -0.000000 
2458926.331234 -0.000000 
2458927.262532 -0.000000 
2458928.193830 -0.000000 
2458929.125127 -0.000000 
2458930.056425 0.000000 
2458930.987723 -0.000000 
2458931.919021 -0.000000 
2458932.850319 -0.000000 
2458933.781617 -0.000000 
2458934.712915 0.000000 
2458935.644212 0.000000 
2458936.575510 0.000000 
2458937.506808 0.000000 
2458938.438106 0.000000 
2458939.369404 0.000000 
2458940.300702 0.000000 
2458941.232000 0.000000 
2458942.163297 0.000000 
2458943.094595 -0.000000 
2458944.025893 -0.000000 
2458944.957191 -0.000000 
2458945.888489 -0.000000 
2458946.819787 -0.000000 
2458947.751085 -0.000000 
2458948.682382 -0.000000 
2458949.613680 -0.000000 
2458950.544978 -0.000000 
2458951.476276 -0.000000 
2458952.407574 -0.000000 
2458953.338872 -0.000000 
2458954.270169 -0.000000 
2458955.201467 -0.000000 
2458956.132765 -0.000000 
2458957.064063 -0.000000 
2458957.995361 -0.000000 
2458958.926659 -0.000000 
2458959.857957 0.000000 
2458960.789254 0.000000 
2458961.720552 0.000000 
2458962.651850 0.000000 
2458963.583148 0.000000 
2458964.514446 0.000000 
2458965.445744 0.000000 
2458966.377042 0.000000 
2458967.308339 0.000000 
2458968.239637 -0.000000 
2458969.170935 -0.000000 
2458970.102233 -0.000000 
2458971.033531 -0.000000 
2458971.964829 -0.000000 
2458972.896126 -0.000000 
2458973.827424 -0.000000 
2458974.758722 -0.000000 
2458975.690020 -0.000000 
2458976.621318 -0.000000 
2458977.552616 -0.000000 
2458978.483914 -0.000000 
2458979.415211 -0.000000 
2458980.346509 -0.000000 
2458981.277807 -0.000000 
2458982.209105 -0.000000 
2458983.140403 -0.000000 
2458984.071701 -0.000000 
2458985.002999 -0.000000 
2458985.934296 0.000000 
2458986.865594 0.000000 
2458987.796892 0.000000 
2458988.728190 0.000000 
2458989.659488 0.000000 
2458990.590786 0.000000 
2458991.522084 0.000000 
2458992.453381 0.000000 
2458993.384679 -0.000000 
2458994.315977 -0.000000 
2458995.247275 -0.000000 
2458996.178573 -0.000000 
2458997.109871 -0.000000 
2458998.041168 -0.000000 
2458998.972466 -0.000000 
2458999.903764 -0.000000 
2459000.835062 -0.000000 
2459001.766360 -0.000000 
2459002.697658 -0.000000 
2459003.628956 -0.000000 
2459004.560253 -0.000000 
2459005.491551 -0.000000 
2459006.422849 -0.000000 
2459007.354147 -0.000000 
2459008.285445 -0.000000 
2459009.216743 -0.000000 
2459010.148041 -0.000000 
2459011.079338 0.000000 
2459012.010636 0.000000 
2459012.941934 0.000000 
2459013.873232 0.000000 
2459014.804530 0.000000 
2459015.735828 0.000000 
2459016.667125 0.000000 
2459017.598423 0.000000 
2459018.529721 0.000000 
2459019.461019 0.000000 
2459020.392317 -0.000000 
2459021.323615 -0.000000 
2459022.254913 -0.000000 
2459023.186210 -0.000000 
2459024.117508 0.000000 
2459025.048806 0.000000 
2459025.980104 0.000000 
2459026.911402 0.000000 
2459027.842700 0.000000 
2459028.773998 0.000000 
2459029.705295 0.000000 
2459030.636593 0.000000 
2459031.567891 -0.000000 
2459032.499189 -0.000000 
2459033.430487 -0.000000 
2459034.361785 -0.000000 
2459035.293082 0.000000 
2459036.224380 0.000000 
2459037.155678 0.000000 
2459038.086976 0.000000 
2459039.018274 0.000000 
2459039.949572 0.000000 
2459040.880870 0.000000 
2459041.812167 0.000000 
2459042.743465 0.000000 
2459043.674763 -0.000000 
2459044.606061 -0.000000 
2459045.537359 -0.000000 
2459046.468657 -0.000000 
2459047.399955 -0.000000 
2459048.331252 0.000000 
2459049.262550 0.000000 
2459050.193848 0.000000 
2459051.125146 0.000000 
2459052.056444 0.000000 
2459052.987742 0.000000 
2459053.919040 0.000000 
2459054.850337 0.000000 
2459055.781635 0.000000 
2459056.712933 -0.000000 
2459057.644231 -0.000000 
2459058.575529 -0.000000 
2459059.506827 -0.000000 
2459060.438124 0.000000 
2459061.369422 0.000000 
2459062.300720 0.000000 
2459063.232018 0.000000 
2459064.163316 0.000000 
2459065.094614 0.000000 
2459066.025912 0.000000 
2459066.957209 0.000000 
2459067.888507 0.000000 
2459068.819805 -0.000000 
2459069.751103 -0.000000 
2459070.682401 -0.000000 
2459071.613699 -0.000000 
2459072.544997 -0.000000 
2459073.476294 0.000000 
2459074.407592 0.000000 
2459075.338890 0.000000 
2459076.270188 0.000000 
2459077.201486 0.000000 
2459078.132784 0.000000 
2459079.064081 0.000000 
2459079.995379 0.000000 
2459080.926677 0.000000 
2459081.857975 -0.000000 
2459082.789273 -0.000000 
2459083.720571 -0.000000 
2459084.651869 -0.000000 
2459085.583166 0.000000 
2459086.514464 0.000000 
2459087.445762 0.000000 
2459088.377060 0.000000 
2459089.308358 0.000000 
2459090.239656 0.000000 
2459091.170954 0.000000 
2459092.102251 0.000000 
2459093.033549 0.000000 
2459093.964847 -0.000000 
2459094.896145 -0.000000 
2459095.827443 -0.000000 
2459096.758741 -0.000000 
2459097.690038 -0.000000 
2459098.621336 0.000000 
2459099.552634 0.000000 
2459100.483932 0.000000 
2459101.415230 0.000000 
2459102.346528 0.000000 
2459103.277826 0.000000 
2459104.209123 0.000000 
2459105.140421 0.000000 
2459106.071719 0.000000 
2459107.003017 -0.000000 
2459107.934315 -0.000000 
2459108.865613 -0.000000 
2459109.796911 -0.000000 
2459110.728208 0.000000 
2459111.659506 0.000000 
2459112.590804 0.000000 
2459113.522102 0.000000 
2459114.453400 0.000000 
2459115.384698 0.000000 
2459116.315996 0.000000 
2459117.247293 0.000000 
2459118.178591 -0.000000 
2459119.109889 -0.000000 
2459120.041187 -0.000000 
2459120.972485 -0.000000 
2459121.903783 -0.000000 
2459122.835080 -0.000000 
2459123.766378 0.000000 
2459124.697676 0.000000 
2459125.628974 0.000000 
2459126.560272 0.000000 
2459127.491570 0.000000 
2459128.422868 0.000000 
2459129.354165 0.000000 
2459130.285463 0.000000 
2459131.216761 -0.000000 
2459132.148059 -0.000000 
2459133.079357 -0.000000 
2459134.010655 -0.000000 
2459134.941953 0.000000 
2459135.873250 0.000000 
2459136.804548 0.000000 
2459137.735846 0.000000 
2459138.667144 0.000000 
2459139.598442 0.000000 
2459140.529740 0.000000 
2459141.461037 0.000000 
2459142.392335 0.000000 
2459143.323633 -0.000000 
2459144.254931 -0.000000 
2459145.186229 -0.000000 
2459146.117527 -0.000000 
2459147.048825 -0.000000 
2459147.980122 -0.000000 
2459148.911420 0.000000 
2459149.842718 0.000000 
2459150.774016 0.000000 
2459151.705314 -0.000000 
2459152.636612 -0.000000 
2459153.567910 -0.000000 
2459154.499207 -0.000000 
2459155.430505 -0.000000 
2459156.361803 -0.000000 
2459157.293101 -0.000000 
2459158.224399 -0.000000 
2459159.155697 -0.000000 
2459160.086994 0.000000 
2459161.018292 0.000000 
2459161.949590 0.000000 
2459162.880888 0.000000 
2459163.812186 0.000000 
2459164.743484 0.000000 
2459165.674782 0.000000 
2459166.606079 0.000000 
2459167.537377 0.000000 
2459168.468675 -0.000000 
2459169.399973 -0.000000 
2459170.331271 -0.000000 
2459171.262569 -0.000000 
2459172.193867 -0.000000 
2459173.125164 -0.000000 
2459174.056462 -0.000000 
2459174.987760 -0.000000 
2459175.919058 -0.000000 
2459176.850356 -0.000000 
2459177.781654 -0.000000 
2459178.712952 -0.000000 
2459179.644249 -0.000000 
2459180.575547 -0.000000 
2459181.506845 -0.000000 
2459182.438143 -0.000000 
2459183.369441 -0.000000 
2459184.300739 -0.000000 
2459185.232036 0.000000 
2459186.163334 0.000000 
2459187.094632 0.000000 
2459188.025930 0.000000 
2459188.957228 0.000000 
2459189.888526 0.000000 
2459190.819824 0.000000 
2459191.751121 0.000000 
2459192.682419 0.000000 
2459193.613717 0.000000 
2459194.545015 0.000000 
2459195.476313 0.000000 
2459196.407611 -0.000000 
2459197.338909 -0.000000 
2459198.270206 -0.000000 
2459199.201504 -0.000000 
2459200.132802 -0.000000 
2459201.064100 -0.000000 
2459201.995398 -0.000000 
2459202.926696 -0.000000 
2459203.857993 -0.000000 
2459204.789291 -0.000000 
2459205.720589 -0.000000 
2459206.651887 -0.000000 
2459207.583185 -0.000000 
2459208.514483 -0.000000 
2459209.445781 -0.000000 
2459210.377078 0.000000 
2459211.308376 0.000000 
2459212.239674 0.000000 
2459213.170972 0.000000 
2459214.102270 0.000000 
2459215.033568 0.000000 
2459215.964866 0.000000 
2459216.896163 0.000000 
2459217.827461 0.000000 
2459218.758759 0.000000 
2459219.690057 0.000000 
2459220.621355 -0.000000 
2459221.552653 -0.000000 
2459222.483950 -0.000000 
2459223.415248 -0.000000 
2459224.346546 -0.000000 
2459225.277844 -0.000000 
2459226.209142 -0.000000 
2459227.140440 -0.000000 
2459228.071738 -0.000000 
2459229.003035 -0.000000 
2459229.934333 -0.000000 
2459230.865631 -0.000000 
2459231.796929 -0.000000 
2459232.728227 -0.000000 
2459233.659525 -0.000000 
2459234.590823 -0.000000 
2459235.522120 0.000000 
2459236.453418 0.000000 
2459237.384716 0.000000 
2459238.316014 0.000000 
2459239.247312 0.000000 
2459240.178610 0.000000 
2459241.109908 0.000000 
2459242.041205 0.000000 
2459242.972503 0.000000 
2459243.903801 -0.000000 
2459244.835099 -0.000000 
2459245.766397 -0.000000 
2459246.697695 -0.000000 
2459247.628992 -0.000000 
2459248.560290 -0.000000 
2459249.491588 0.000000 
2459250.422886 0.000000 
2459251.354184 0.000000 
2459252.285482 0.000000 
2459253.216780 0.000000 
2459254.148077 0.000000 
2459255.079375 0.000000 
2459256.010673 0.000000 
2459256.941971 -0.000000 
2459257.873269 -0.000000 
2459258.804567 -0.000000 
2459259.735865 -0.000000 
2459260.667162 0.000000 
2459261.598460 0.000000 
2459262.529758 0.000000 
2459263.461056 0.000000 
2459264.392354 0.000000 
2459265.323652 0.000000 
2459266.254949 0.000000 
2459267.186247 0.000000 
2459268.117545 -0.000000 
2459269.048843 -0.000000 
2459269.980141 -0.000000 
2459270.911439 -0.000000 
2459271.842737 -0.000000 
2459272.774034 -0.000000 
2459273.705332 0.000000 
2459274.636630 0.000000 
2459275.567928 0.000000 
2459276.499226 0.000000 
2459277.430524 0.000000 
2459278.361822 0.000000 
2459279.293119 0.000000 
2459280.224417 0.000000 
2459281.155715 0.000000 
2459282.087013 -0.000000 
2459283.018311 -0.000000 
2459283.949609 -0.000000 
2459284.880907 0.000000 
2459285.812204 0.000000 
2459286.743502 0.000000 
2459287.674800 0.000000 
2459288.606098 0.000000 
2459289.537396 0.000000 
2459290.468694 0.000000 
2459291.399991 0.000000 
2459292.331289 0.000000 
2459293.262587 -0.000000 
2459294.193885 -0.000001 
2459295.125183 -0.000001 
2459296.056481 -0.000001 
2459296.987779 -0.000001 
2459297.919076 -0.000000 
2459298.850374 0.000000 
2459299.781672 0.000001 
2459300.712970 0.000001 
2459301.644268 0.000000 
2459302.575566 0.000000 
2459303.506864 0.000000 
2459304.438161 0.000000 
2459305.369459 0.000000 
2459306.300757 -0.000000 
2459307.232055 -0.000000 
2459308.163353 -0.000000 
2459309.094651 -0.000000 
2459310.025948 0.000000 
2459310.957246 0.000000 
2459311.888544 0.000000 
2459312.819842 0.000000 
2459313.751140 0.000000 
2459314.682438 0.000001 
2459315.613736 0.000001 
2459316.545033 0.000001 
2459317.476331 0.000000 
2459318.407629 -0.000000 
2459319.338927 -0.000001 
2459320.270225 -0.000002 
2459321.201523 -0.000002 
2459322.132821 -0.000001 
2459323.064118 0.000000 
2459323.995416 0.000001 
2459324.926714 0.000001 
2459325.858012 0.000001 
2459326.789310 0.000001 
2459327.720608 0.000000 
2459328.651905 0.000000 
2459329.583203 0.000000 
2459330.514501 0.000000 
2459331.445799 -0.000000 
2459332.377097 -0.000000 
2459333.308395 -0.000000 
2459334.239693 -0.000000 
2459335.170990 0.000000 
2459336.102288 0.000000 
2459337.033586 0.000001 
2459337.964884 0.000001 
2459338.896182 0.000001 
2459339.827480 0.000002 
2459340.758778 0.000002 
2459341.690075 0.000002 
2459342.621373 0.000001 
2459343.552671 -0.000001 
2459344.483969 -0.000002 
2459345.415267 -0.000003 
2459346.346565 -0.000002 
2459347.277863 -0.000001 
2459348.209160 0.000000 
2459349.140458 0.000001 
2459350.071756 0.000001 
2459351.003054 0.000001 
2459351.934352 0.000000 
2459352.865650 -0.000000 
2459353.796947 -0.000000 
2459354.728245 -0.000000 
2459355.659543 -0.000000 
2459356.590841 -0.000000 
2459357.522139 -0.000000 
2459358.453437 -0.000000 
2459359.384735 -0.000000 
2459360.316032 0.000000 
2459361.247330 0.000001 
2459362.178628 0.000002 
2459363.109926 0.000002 
2459364.041224 0.000003 
2459364.972522 0.000003 
2459365.903820 0.000003 
2459366.835117 0.000002 
2459367.766415 0.000001 
2459368.697713 -0.000001 
2459369.629011 -0.000002 
2459370.560309 -0.000002 
2459371.491607 -0.000002 
2459372.422904 -0.000001 
2459373.354202 -0.000000 
2459374.285500 0.000000 
2459375.216798 -0.000000 
2459376.148096 -0.000001 
2459377.079394 -0.000001 
2459378.010692 -0.000001 
2459378.941989 -0.000001 
2459379.873287 -0.000000 
2459380.804585 -0.000000 
2459381.735883 -0.000000 
2459382.667181 -0.000001 
2459383.598479 -0.000001 
2459384.529777 -0.000000 
2459385.461074 0.000000 
2459386.392372 0.000002 
2459387.323670 0.000003 
2459388.254968 0.000004 
2459389.186266 0.000005 
2459390.117564 0.000004 
2459391.048861 0.000003 
2459391.980159 0.000002 
2459392.911457 0.000000 
2459393.842755 -0.000000 
2459394.774053 -0.000001 
2459395.705351 -0.000001 
2459396.636649 -0.000001 
2459397.567946 -0.000001 
2459398.499244 -0.000002 
2459399.430542 -0.000002 
2459400.361840 -0.000003 
2459401.293138 -0.000003 
2459402.224436 -0.000002 
2459403.155734 -0.000002 
2459404.087031 -0.000002 
2459405.018329 -0.000001 
2459405.949627 -0.000000 
2459406.880925 -0.000000 
2459407.812223 -0.000001 
2459408.743521 -0.000001 
2459409.674819 -0.000000 
2459410.606116 0.000001 
2459411.537414 0.000003 
2459412.468712 0.000005 
2459413.400010 0.000006 
2459414.331308 0.000006 
2459415.262606 0.000004 
2459416.193903 0.000002 
2459417.125201 0.000001 
2459418.056499 0.000000 
2459418.987797 0.000001 
2459419.919095 0.000001 
2459420.850393 0.000001 
2459421.781691 -0.000001 
2459422.712988 -0.000003 
2459423.644286 -0.000004 
2459424.575584 -0.000005 
2459425.506882 -0.000005 
2459426.438180 -0.000004 
2459427.369478 -0.000004 
2459428.300776 -0.000003 
2459429.232073 -0.000002 
2459430.163371 -0.000001 
2459431.094669 -0.000000 
2459432.025967 -0.000000 
2459432.957265 -0.000001 
2459433.888563 -0.000001 
2459434.819860 -0.000000 
2459435.751158 0.000001 
2459436.682456 0.000004 
2459437.613754 0.000006 
2459438.545052 0.000007 
2459439.476350 0.000006 
2459440.407648 0.000004 
2459441.338945 0.000002 
2459442.270243 0.000001 
2459443.201541 0.000000 
2459444.132839 -0.000000 
2459445.064137 -0.000002 
2459445.995435 -0.000003 
2459446.926733 -0.000004 
2459447.858030 -0.000004 
2459448.789328 -0.000004 
2459449.720626 -0.000003 
2459450.651924 -0.000002 
2459451.583222 -0.000002 
2459452.514520 -0.000002 
2459453.445817 -0.000002 
2459454.377115 -0.000001 
2459455.308413 -0.000000 
2459456.239711 -0.000000 
2459457.171009 -0.000001 
2459458.102307 -0.000001 
2459459.033605 -0.000001 
2459459.964902 0.000000 
2459460.896200 0.000002 
2459461.827498 0.000004 
2459462.758796 0.000005 
2459463.690094 0.000006 
2459464.621392 0.000007 
2459465.552690 0.000007 
2459466.483987 0.000007 
2459467.415285 0.000003 
2459468.346583 -0.000004 
2459469.277881 -0.000013 
2459470.209179 -0.000019 
2459471.140477 -0.000020 
2459472.071775 -0.000013 
2459473.003072 -0.000003 
2459473.934370 0.000007 
2459474.865668 0.000012 
2459475.796966 0.000011 
2459476.728264 0.000008 
2459477.659562 0.000004 
2459478.590859 0.000003 
2459479.522157 0.000003 
2459480.453455 0.000002 
2459481.384753 -0.000001 
2459482.316051 -0.000003 
2459483.247349 -0.000004 
2459484.178647 -0.000002 
2459485.109944 0.000002 
2459486.041242 0.000004 
2459486.972540 0.000005 
2459487.903838 0.000005 
2459488.835136 0.000008 
2459489.766434 0.000016 
2459490.697732 0.000024 
2459491.629029 0.000023 
2459492.560327 0.000008 
2459493.491625 -0.000020 
2459494.422923 -0.000049 
2459495.354221 -0.000065 
2459496.285519 -0.000057 
2459497.216816 -0.000028 
2459498.148114 0.000009 
2459499.079412 0.000037 
2459500.010710 0.000047 
2459500.942008 0.000039 
2459501.873306 0.000026 
2459502.804604 0.000015 
2459503.735901 0.000011 
2459504.667199 0.000009 
2459505.598497 0.000004 
2459506.529795 -0.000004 
2459507.461093 -0.000011 
2459508.392391 -0.000010 
2459509.323689 -0.000002 
2459510.254986 0.000007 
2459511.186284 0.000011 
2459512.117582 0.000011 
2459513.048880 0.000014 
2459513.980178 0.000027 
2459514.911476 0.000050 
2459515.842773 0.000067 
2459516.774071 0.000058 
2459517.705369 0.000012 
2459518.636667 -0.000058 
2459519.567965 -0.000121 
2459520.499263 -0.000145 
2459521.430561 -0.000114 
2459522.361858 -0.000042 
2459523.293156 0.000037 
2459524.224454 0.000088 
2459525.155752 0.000097 
2459526.087050 0.000074 
2459527.018348 0.000044 
2459527.949646 0.000025 
2459528.880943 0.000019 
2459529.812241 0.000015 
2459530.743539 0.000004 
2459531.674837 -0.000013 
2459532.606135 -0.000024 
2459533.537433 -0.000020 
2459534.468731 -0.000003 
2459535.400028 0.000017 
2459536.331326 0.000030 
2459537.262624 0.000038 
2459538.193922 0.000054 
2459539.125220 0.000087 
2459540.056518 0.000126 
2459540.987815 0.000142 
2459541.919113 0.000105 
2459542.850411 0.000008 
2459543.781709 -0.000119 
2459544.713007 -0.000218 
2459545.644305 -0.000239 
2459546.575603 -0.000171 
2459547.506900 -0.000047 
2459548.438198 0.000071 
2459549.369496 0.000134 
2459550.300794 0.000131 
2459551.232092 0.000086 
2459552.163390 0.000040 
2459553.094688 0.000017 
2459554.025985 0.000014 
2459554.957283 0.000012 
2459555.888581 -0.000003 
2459556.819879 -0.000027 
2459557.751177 -0.000042 
2459558.682475 -0.000034 
2459559.613772 -0.000003 
2459560.545070 0.000038 
2459561.476368 0.000076 
2459562.407666 0.000113 
2459563.338964 0.000157 
2459564.270262 0.000208 
2459565.201560 0.000245 
2459566.132857 0.000233 
2459567.064155 0.000145 
2459567.995453 -0.000009 
2459568.926751 -0.000176 
2459569.858049 -0.000286 
2459570.789347 -0.000290 
2459571.720645 -0.000194 
2459572.651942 -0.000051 
2459573.583240 0.000067 
2459574.514538 0.000113 
2459575.445836 0.000088 
2459576.377134 0.000030 
2459577.308432 -0.000016 
2459578.239730 -0.000029 
2459579.171027 -0.000018 
2459580.102325 -0.000008 
2459581.033623 -0.000018 
2459581.964921 -0.000043 
2459582.896219 -0.000061 
2459583.827517 -0.000050 
2459584.758814 -0.000003 
2459585.690112 0.000074 
2459586.621410 0.000168 
2459587.552708 0.000261 
2459588.484006 0.000339 
2459589.415304 0.000381 
2459590.346602 0.000368 
2459591.277899 0.000287 
2459592.209197 0.000147 
2459593.140495 -0.000019 
2459594.071793 -0.000159 
2459595.003091 -0.000234 
2459595.934389 -0.000229 
2459596.865687 -0.000168 
2459597.796984 -0.000095 
2459598.728282 -0.000052 
2459599.659580 -0.000055 
2459600.590878 -0.000091 
2459601.522176 -0.000130 
2459602.453474 -0.000144 
2459603.384771 -0.000125 
2459604.316069 -0.000084 
2459605.247367 -0.000046 
2459606.178665 -0.000033 
2459607.109963 -0.000048 
2459608.041261 -0.000072 
2459608.972559 -0.000068 
2459609.903856 -0.000004 
2459610.835154 0.000132 
2459611.766452 0.000311 
2459612.697750 0.000476 
2459613.629048 0.000564 
2459614.560346 0.000539 
2459615.491644 0.000416 
2459616.422941 0.000248 
2459617.354239 0.000102 
2459618.285537 0.000016 
2459619.216835 -0.000014 
2459620.148133 -0.000028 
2459621.079431 -0.000066 
2459622.010728 -0.000142 
2459622.942026 -0.000238 
2459623.873324 -0.000320 
2459624.804622 -0.000366 
2459625.735920 -0.000373 
2459626.667218 -0.000352 
2459627.598516 -0.000309 
2459628.529813 -0.000244 
2459629.461111 -0.000162 
2459630.392409 -0.000082 
2459631.323707 -0.000035 
2459632.255005 -0.000040 
2459633.186303 -0.000079 
2459634.117601 -0.000087 
2459635.048898 0.000002 
2459635.980196 0.000208 
2459636.911494 0.000472 
2459637.842792 0.000678 
2459638.774090 0.000724 
2459639.705388 0.000589 
2459640.636686 0.000351 
2459641.567983 0.000141 
2459642.499281 0.000050 
2459643.430579 0.000076 
2459644.361877 0.000129 
2459645.293175 0.000107 
2459646.224473 -0.000034 
2459647.155770 -0.000251 
2459648.087068 -0.000451 
2459649.018366 -0.000561 
2459649.949664 -0.000570 
2459650.880962 -0.000518 
2459651.812260 -0.000449 
2459652.743558 -0.000377 
2459653.674855 -0.000288 
2459654.606153 -0.000176 
2459655.537451 -0.000073 
2459656.468749 -0.000024 
2459657.400047 -0.000050 
2459658.331345 -0.000105 
2459659.262643 -0.000099 
2459660.193940 0.000036 
2459661.125238 0.000288 
2459662.056536 0.000559 
2459662.987834 0.000724 
2459663.919132 0.000719 
2459664.850430 0.000572 
2459665.781727 0.000373 
2459666.713025 0.000194 
2459667.644323 0.000042 
2459668.575621 -0.000129 
2459669.506919 -0.000343 
2459670.438217 -0.000555 
2459671.369515 -0.000669 
2459672.300812 -0.000613 
2459673.232110 -0.000410 
2459674.163408 -0.000173 
2459675.094706 -0.000029 
2459676.026004 -0.000022 
2459676.957302 -0.000090 
2459677.888600 -0.000129 
2459678.819897 -0.000086 
2459679.751195 -0.000010 
2459680.682493 0.000010 
2459681.613791 -0.000069 
2459682.545089 -0.000181 
2459683.476387 -0.000206 
2459684.407684 -0.000077 
2459685.338982 0.000159 
2459686.270280 0.000379 
2459687.201578 0.000505 
2459688.132876 0.000587 
2459689.064174 0.000741 
2459689.995472 0.000989 
2459690.926769 0.001143 
2459691.858067 0.000872 
2459692.789365 -0.000038 
2459693.720663 -0.001430 
2459694.651961 -0.002737 
2459695.583259 -0.003267 
2459696.514557 -0.002645 
2459697.445854 -0.001091 
2459698.377152 0.000675 
2459699.308450 0.001873 
2459700.239748 0.002137 
2459701.171046 0.001674 
2459702.102344 0.001026 
2459703.033642 0.000626 
2459703.964939 0.000512 
2459704.896237 0.000417 
2459705.827535 0.000106 
2459706.758833 -0.000350 
2459707.690131 -0.000624 
2459708.621429 -0.000462 
2459709.552726 0.000046 
2459710.484024 0.000514 
2459711.415322 0.000641 
2459712.346620 0.000562 
2459713.277918 0.000796 
2459714.209216 0.001739 
2459715.140514 0.003095 
2459716.071811 0.003797 
2459717.003109 0.002640 
2459717.934407 -0.000727 
2459718.865705 -0.005221 
2459719.797003 -0.008705 
2459720.728301 -0.009211 
2459721.659599 -0.006224 
2459722.590896 -0.001085 
2459723.522194 0.003799 
2459724.453492 0.006433 
2459725.384790 0.006342 
2459726.316088 0.004585 
2459727.247386 0.002748 
2459728.178683 0.001757 
2459729.109981 0.001427 
2459730.041279 0.000983 
2459730.972577 -0.000007 
2459731.903875 -0.001147 
2459732.835173 -0.001601 
2459733.766471 -0.000941 
2459734.697768 0.000377 
2459735.629066 0.001415 
2459736.560364 0.001707 
2459737.491662 0.001850 
2459738.422960 0.003026 
2459739.354258 0.005717 
2459740.285556 0.008693 
2459741.216853 0.009340 
2459742.148151 0.005413 
2459743.079449 -0.002951 
2459744.010747 -0.012589 
2459744.942045 -0.018786 
2459745.873343 -0.018091 
2459746.804640 -0.010574 
2459747.735938 0.000113 
2459748.667236 0.008976 
2459749.598534 0.012674 
2459750.529832 0.011213 
2459751.461130 0.007273 
2459752.392428 0.003905 
2459753.323725 0.002432 
2459754.255023 0.002057 
2459755.186321 0.001220 
2459756.117619 -0.000674 
2459757.048917 -0.002667 
2459757.980215 -0.003213 
2459758.911513 -0.001681 
2459759.842810 0.001052 
2459760.774108 0.003504 
2459761.705406 0.005116 
2459762.636704 0.006877 
2459763.568002 0.010241 
2459764.499300 0.015119 
2459765.430598 0.018828 
2459766.361895 0.017296 
2459767.293193 0.008062 
2459768.224491 -0.007097 
2459769.155789 -0.022163 
2459770.087087 -0.029981 
2459771.018385 -0.026585 
2459771.949682 -0.013785 
2459772.880980 0.001876 
2459773.812278 0.013132 
2459774.743576 0.016202 
2459775.674874 0.012399 
2459776.606172 0.006285 
2459777.537470 0.002061 
2459778.468767 0.000928 
2459779.400065 0.001167 
2459780.331363 0.000401 
2459781.262661 -0.002062 
2459782.193959 -0.004709 
2459783.125257 -0.005282 
2459784.056555 -0.002711 
2459784.987852 0.002212 
2459785.919150 0.007879 
2459786.850448 0.013419 
2459787.781746 0.019144 
2459788.713044 0.025339 
2459789.644342 0.030582 
2459790.575639 0.031434 
2459791.506937 0.024375 
2459792.438235 0.008846 
2459793.369533 -0.011016 
2459794.300831 -0.027703 
2459795.232129 -0.034311 
2459796.163427 -0.028647 
2459797.094724 -0.014620 
2459798.026022 0.000119 
2459798.957320 0.008731 
2459799.888618 0.008890 
2459800.819916 0.003324 
2459801.751214 -0.002822 
2459802.682512 -0.005680 
2459803.613809 -0.004802 
2459804.545107 -0.002596 
2459805.476405 -0.001897 
2459806.407703 -0.003679 
2459807.339001 -0.006441 
2459808.270299 -0.007360 
2459809.201596 -0.004094 
2459810.132894 0.004021 
2459811.064192 0.015848 
2459811.995490 0.029031 
2459812.926788 0.040642 
2459813.858086 0.047694 
2459814.789384 0.047758 
2459815.720681 0.039828 
2459816.651979 0.025152 
2459817.583277 0.007313 
2459818.514575 -0.008884 
2459819.445873 -0.019384 
2459820.377171 -0.022668 
2459821.308469 -0.020275 
2459822.239766 -0.015753 
2459823.171064 -0.012684 
2459824.102362 -0.012940 
2459825.033660 -0.016052 
2459825.964958 -0.019823 
2459826.896256 -0.021679 
2459827.827554 -0.020050 
2459828.758851 -0.015195 
2459829.690149 -0.009172 
2459830.621447 -0.004859 
2459831.552745 -0.004262 
2459832.484043 -0.006865 
2459833.415341 -0.009106 
2459834.346638 -0.005801 
2459835.277936 0.006772 
2459836.209234 0.027773 
2459837.140532 0.050948 
2459838.071830 0.067181 
2459839.003128 0.069426 
2459839.934426 0.057014 
2459840.865723 0.036305 
2459841.797021 0.016922 
2459842.728319 0.005896 
2459843.659617 0.003641 
2459844.590915 0.004512 
2459845.522213 0.001380 
2459846.453511 -0.009190 
2459847.384808 -0.024883 
2459848.316106 -0.039852 
2459849.247404 -0.049061 
2459850.178702 -0.051221 
2459851.110000 -0.048305 
2459852.041298 -0.042763 
2459852.972595 -0.035384 
2459853.903893 -0.025824 
2459854.835191 -0.014949 
2459855.766489 -0.006099 
2459856.697787 -0.003173 
2459857.629085 -0.006602 
2459858.560383 -0.010918 
2459859.491680 -0.007064 
2459860.422978 0.011140 
2459861.354276 0.040996 
2459862.285574 0.070577 
2459863.216872 0.085412 
2459864.148170 0.078004 
2459865.079468 0.053225 
2459866.010765 0.025242 
2459866.942063 0.007880 
2459867.873361 0.005424 
2459868.804659 0.010616 
2459869.735957 0.011077 
2459870.667255 -0.001020 
2459871.598553 -0.023485 
2459872.529850 -0.046589 
2459873.461148 -0.060814 
2459874.392446 -0.063286 
2459875.323744 -0.058044 
2459876.255042 -0.050910 
2459877.186340 -0.044200 
2459878.117637 -0.036082 
2459879.048935 -0.024617 
2459879.980233 -0.011920 
2459880.911531 -0.003746 
2459881.842829 -0.004279 
2459882.774127 -0.010878 
2459883.705425 -0.014240 
2459884.636722 -0.004867 
2459885.568020 0.019099 
2459886.499318 0.049419 
2459887.430616 0.073168 
2459888.361914 0.081690 
2459889.293212 0.075545 
2459890.224510 0.061357 
2459891.155807 0.043833 
2459892.087105 0.020884 
2459893.018403 -0.012894 
2459893.949701 -0.057048 
2459894.880999 -0.099308 
2459895.812297 -0.120069 
2459896.743594 -0.105683 
2459897.674892 -0.060359 
2459898.606190 -0.006040 
2459899.537488 0.031226 
2459900.468786 0.038582 
2459901.400084 0.023695 
2459902.331382 0.006254 
2459903.262679 0.000892 
2459904.193977 0.006096 
2459905.125275 0.008414 
2459906.056573 -0.002367 
2459906.987871 -0.021428 
2459907.919169 -0.031971 
2459908.850467 -0.020788 
2459909.781764 0.008399 
2459910.713062 0.037610 
2459911.644360 0.052358 
2459912.575658 0.057872 
2459913.506956 0.075769 
2459914.438254 0.119739 
2459915.369551 0.170151 
2459916.300849 0.174056 
2459917.232147 0.079529 
2459918.163445 -0.116567 
2459919.094743 -0.345721 
2459920.026041 -0.495352 
2459920.957339 -0.475492 
2459921.888636 -0.280112 
2459922.819934 0.002808 
2459923.751232 0.243478 
2459924.682530 0.349644 
2459925.613828 0.316885 
2459926.545126 0.215503 
2459927.476424 0.128301 
2459928.407721 0.090360 
2459929.339019 0.077039 
2459930.270317 0.044069 
2459931.201615 -0.020476 
2459932.132913 -0.080766 
2459933.064211 -0.087898 
2459933.995509 -0.030790 
2459934.926806 0.047744 
2459935.858104 0.090004 
2459936.789402 0.084507 
2459937.720700 0.088636 
2459938.651998 0.179868 
2459939.583296 0.367015 
2459940.514593 0.539436 
2459941.445891 0.514966 
2459942.377189 0.171363 
2459943.308487 -0.430790 
2459944.239785 -1.037114 
2459945.171083 -1.330692 
2459946.102381 -1.128241 
2459947.033678 -0.505523 
2459947.964976 0.241822 
2459948.896274 0.779701 
2459949.827572 0.933249 
2459950.758870 0.764374 
2459951.690168 0.484885 
2459952.621466 0.284025 
2459953.552763 0.206749 
2459954.484061 0.167514 
2459955.415359 0.068639 
2459956.346657 -0.090787 
2459957.277955 -0.211919 
2459958.209253 -0.195077 
2459959.140550 -0.042276 
2459960.071848 0.138951 
2459961.003146 0.240705 
2459961.934444 0.271639 
2459962.865742 0.364659 
2459963.797040 0.644564 
2459964.728338 1.057666 
2459965.659635 1.323920 
2459966.590933 1.092572 
2459967.522231 0.216277 
2459968.453529 -1.060993 
2459969.384827 -2.172009 
2459970.316125 -2.541313 
2459971.247423 -1.946389 
2459972.178720 -0.671432 
2459973.110018 0.662591 
2459974.041316 1.477801 
2459974.972614 1.566034 
2459975.903912 1.145070 
2459976.835210 0.632253 
2459977.766507 0.327684 
2459978.697805 0.246522 
2459979.629103 0.201331 
2459980.560401 0.029947 
2459981.491699 -0.240003 
2459982.422997 -0.423364 
2459983.354295 -0.357730 
2459984.285592 -0.054251 
2459985.216890 0.323326 
2459986.148188 0.628616 
2459987.079486 0.882708 
2459988.010784 1.243735 
2459988.942082 1.798763 
2459989.873380 2.360391 
2459990.804677 2.481749 
2459991.735975 1.740976 
2459992.667273 0.111511 
2459993.598571 -1.876224 
2459994.529869 -3.354289 
2459995.461167 -3.612864 
2459996.392465 -2.544787 
2459997.323762 -0.724492 
2459998.255060 0.943123 
2459999.186358 1.764615 
2460000.117656 1.622487 
2460001.048954 0.934986 
2460001.980252 0.282615 
2460002.911549 0.000094 
2460003.842847 0.022960 
2460004.774145 0.056084 
2460005.705443 -0.116849 
2460006.636741 -0.445065 
2460007.568039 -0.673023 
2460008.499337 -0.563473 
2460009.430634 -0.072461 
2460010.361932 0.661913 
2460011.293230 1.472392 
2460012.224528 2.286396 
2460013.155826 3.091889 
2460014.087124 3.783796 
2460015.018422 4.066162 
2460015.949719 3.559225 
2460016.881017 2.082933 
2460017.812315 -0.092081 
2460018.743613 -2.255803 
2460019.674911 -3.587597 
2460020.606209 -3.615123 
2460021.537506 -2.497118 
2460022.468804 -0.929110 
2460023.400102 0.271855 
2460024.331400 0.628794 
2460025.262698 0.217427 
2460026.193996 -0.480541 
2460027.125294 -0.947109 
2460028.056591 -0.954015 
2460028.987889 -0.643455 
2460029.919187 -0.352675 
2460030.850485 -0.339282 
2460031.781783 -0.598768 
2460032.713081 -0.870276 
2460033.644379 -0.793572 
2460034.575676 -0.105290 
2460035.506974 1.225607 
2460036.438272 2.965220 
2460037.369570 4.678807 
2460038.300868 5.866458 
2460039.232166 6.136167 
2460040.163463 5.360949 
2460041.094761 3.749131 
2460042.026059 1.774802 
2460042.957357 -0.018307 
2460043.888655 -1.246500 
2460044.819953 -1.825313 
2460045.751251 -1.945824 
2460046.682548 -1.918571 
2460047.613846 -1.993311 
2460048.545144 -2.258174 
2460049.476442 -2.647087 
2460050.407740 -3.008631 
2460051.339038 -3.175066 
2460052.270336 -3.013633 
2460053.201633 -2.481565 
2460054.132931 -1.688230 
2460055.064229 -0.909859 
2460055.995527 -0.482124 
2460056.926825 -0.571409 
2460057.858123 -0.958639 
2460058.789421 -1.036990 
2460059.720718 -0.124330 
2460060.652016 2.044956 
2460061.583314 4.981908 
2460062.514612 7.562636 
2460063.445910 8.621125 
2460064.377208 7.669086 
2460065.308505 5.245334 
2460066.239803 2.610134 
2460067.171101 0.954055 
2460068.102399 0.654840 
2460069.033697 1.100387 
2460069.964995 1.192589 
2460070.896293 0.152565 
2460071.827590 -1.958969 
2460072.758888 -4.353383 
2460073.690186 -6.113740 
2460074.621484 -6.786958 
2460075.552782 -6.533999 
2460076.484080 -5.805423 
2460077.415378 -4.901740 
2460078.346675 -3.828375 
2460079.277973 -2.535145 
2460080.209271 -1.238605 
2460081.140569 -0.427693 
2460082.071867 -0.453694 
2460083.003165 -1.044020 
2460083.934462 -1.246078 
2460084.865760 -0.006905 
2460085.797058 2.959801 
2460086.728356 6.705754 
2460087.659654 9.456041 
2460088.590952 9.721193 
2460089.522250 7.350488 
2460090.453547 3.725117 
2460091.384845 0.882328 
2460092.316143 0.156379 
2460093.247441 1.304487 
2460094.178739 2.744287 
2460095.110037 2.713086 
2460096.041335 0.491986 
2460096.972632 -3.173320 
2460097.903930 -6.687361 
2460098.835228 -8.715547 
2460099.766526 -8.941424 
2460100.697824 -7.983717 
2460101.629122 -6.688299 
2460102.560419 -5.466758 
2460103.491717 -4.213566 
2460104.423015 -2.759282 
2460105.354313 -1.327726 
2460106.285611 -0.487456 
2460107.216909 -0.592567 
2460108.148207 -1.237143 
2460109.079504 -1.313837 
2460110.010802 0.221511 
2460110.942100 3.421734 
2460111.873398 7.038103 
2460112.804696 9.195899 
2460113.735994 8.653037 
2460114.667292 5.726894 
2460115.598589 2.158396 
2460116.529887 -0.045827 
2460117.461185 0.021509 
2460118.392483 1.582720 
2460119.323781 2.783467 
2460120.255079 2.030097 
2460121.186377 -0.923597 
2460122.117674 -4.889924 
2460123.048972 -8.138796 
2460123.980270 -9.541007 
2460124.911568 -9.129899 
2460125.842866 -7.775267 
2460126.774164 -6.366830 
2460127.705461 -5.219874 
2460128.636759 -4.127244 
2460129.568057 -2.877962 
2460130.499355 -1.671975 
2460131.430653 -1.003547 
2460132.361951 -1.114559 
2460133.293249 -1.555554 
2460134.224546 -1.342276 
2460135.155844 0.313267 
2460136.087142 3.255394 
2460137.018440 6.273191 
2460137.949738 7.815444 
2460138.881036 7.059314 
2460139.812334 4.533308 
2460140.743631 1.790127 
2460141.674929 0.332063 
2460142.606227 0.565557 
2460143.537525 1.551556 
2460144.468823 1.726949 
2460145.400121 0.053819 
2460146.331418 -3.244411 
2460147.262716 -6.863596 
2460148.194014 -9.325740 
2460149.125312 -9.910725 
2460150.056610 -8.958202 
2460150.987908 -7.415229 
2460151.919206 -6.076688 
2460152.850503 -5.133671 
2460153.781801 -4.313905 
2460154.713099 -3.376399 
2460155.644397 -2.451891 
2460156.575695 -1.909827 
2460157.506993 -1.895144 
2460158.438291 -2.002065 
2460159.369588 -1.452233 
2460160.300886 0.298169 
2460161.232184 3.004521 
2460162.163482 5.628747 
2460163.094780 6.965223 
2460164.026078 6.464315 
2460164.957376 4.626506 
2460165.888673 2.641635 
2460166.819971 1.521212 
2460167.751269 1.369146 
2460168.682567 1.340872 
2460169.613865 0.321359 
2460170.545163 -2.190225 
2460171.476460 -5.649582 
2460172.407758 -8.796952 
2460173.339056 -10.481067 
2460174.270354 -10.361713 
2460175.201652 -9.005269 
2460176.132950 -7.372234 
2460177.064248 -6.142340 
2460177.995545 -5.390050 
2460178.926843 -4.787419 
2460179.858141 -4.069738 
2460180.789439 -3.316403 
2460181.720737 -2.808362 
2460182.652035 -2.627033 
2460183.583333 -2.404182 
2460184.514630 -1.507022 
2460185.445928 0.445177 
2460186.377226 3.154313 
2460187.308524 5.695970 
2460188.239822 7.070434 
2460189.171120 6.859888 
2460190.102417 5.487732 
2460191.033715 3.868111 
2460191.965013 2.705809 
2460192.896311 1.984111 
2460193.827609 1.036439 
2460194.758907 -0.855512 
2460195.690205 -3.803477 
2460196.621502 -7.105332 
2460197.552800 -9.649308 
2460198.484098 -10.623245 
2460199.415396 -10.003069 
2460200.346694 -8.483778 
2460201.277992 -6.950160 
2460202.209290 -5.915517 
2460203.140587 -5.334299 
2460204.071885 -4.860248 
2460205.003183 -4.262838 
2460205.934481 -3.622232 
2460206.865779 -3.155359 
2460207.797077 -2.870126 
2460208.728374 -2.403028 
2460209.659672 -1.234455 
2460210.590970 0.864115 
2460211.522268 3.523350 
2460212.453566 5.896275 
2460213.384864 7.156323 
2460214.316162 7.012223 
2460215.247459 5.849238 
2460216.178757 4.390078 
2460217.110055 3.141632 
2460218.041353 2.057658 
2460218.972651 0.672158 
2460219.903949 -1.415656 
2460220.835247 -4.098601 
2460221.766544 -6.715723 
2460222.697842 -8.442787 
2460223.629140 -8.820738 
2460224.560438 -8.027848 
2460225.491736 -6.711984 
2460226.423034 -5.538463 
2460227.354332 -4.806049 
2460228.285629 -4.394370 
2460229.216927 -4.020956 
2460230.148225 -3.546233 
2460231.079523 -3.060028 
2460232.010821 -2.701153 
2460232.942119 -2.406894 
2460233.873416 -1.852133 
2460234.804714 -0.668657 
2460235.736012 1.218608 
2460236.667310 3.422249 
2460237.598608 5.255703 
2460238.529906 6.132353 
2460239.461204 5.910536 
2460240.392501 4.929921 
2460241.323799 3.721258 
2460242.255097 2.620484 
2460243.186395 1.582598 
2460244.117693 0.323647 
2460245.048991 -1.342193 
2460245.980289 -3.251080 
2460246.911586 -4.926467 
2460247.842884 -5.874106 
2460248.774182 -5.904756 
2460249.705480 -5.242310 
2460250.636778 -4.350516 
2460251.568076 -3.626691 
2460252.499373 -3.195747 
2460253.430671 -2.935554 
2460254.361969 -2.670529 
2460255.293267 -2.346316 
2460256.224565 -2.039203 
2460257.155863 -1.813764 
2460258.087161 -1.580024 
2460259.018458 -1.101075 
2460259.949756 -0.167466 
2460260.881054 1.197314 
2460261.812352 2.675772 
2460262.743650 3.807896 
2460263.674948 4.255881 
2460264.606246 3.991297 
2460265.537543 3.271869 
2460266.468841 2.435231 
2460267.400139 1.671931 
2460268.331437 0.945381 
2460269.262735 0.103267 
2460270.194033 -0.925341 
2460271.125330 -2.012270 
2460272.056628 -2.884441 
2460272.987926 -3.302199 
2460273.919224 -3.219530 
2460274.850522 -2.805908 
2460275.781820 -2.322967 
2460276.713118 -1.958980 
2460277.644415 -1.744804 
2460278.575713 -1.597874 
2460279.507011 -1.435297 
2460280.438309 -1.250372 
2460281.369607 -1.091607 
2460282.300905 -0.975806 
2460283.232203 -0.826114 
2460284.163500 -0.503218 
2460285.094798 0.085349 
2460286.026096 0.884847 
2460286.957394 1.688854 
2460287.888692 2.244957 
2460288.819990 2.398706 
2460289.751288 2.173509 
2460290.682585 1.732803 
2460291.613883 1.258978 
2460292.545181 0.841789 
2460293.476479 0.454293 
2460294.407777 0.022053 
2460295.339075 -0.479443 
2460296.270372 -0.979472 
2460297.201670 -1.351446 
2460298.132968 -1.500658 
2460299.064266 -1.429165 
2460299.995564 -1.229831 
2460300.926862 -1.019966 
2460301.858160 -0.869711 
2460302.789457 -0.777753 
2460303.720755 -0.703393 
2460304.652053 -0.618391 
2460305.583351 -0.531078 
2460306.514649 -0.465117 
2460307.445947 -0.417756 
2460308.377245 -0.340903 
2460309.308542 -0.168049 
2460310.239840 0.130804 
2460311.171138 0.510520 
2460312.102436 0.862778 
2460313.033734 1.074313 
2460313.965032 1.091331 
2460314.896329 0.945057 
2460315.827627 0.722653 
2460316.758925 0.507568 
2460317.690223 0.333288 
2460318.621521 0.180520 
2460319.552819 0.013122 
2460320.484117 -0.179743 
2460321.415414 -0.368409 
2460322.346712 -0.503228 
2460323.278010 -0.551149 
2460324.209308 -0.518475 
2460325.140606 -0.443769 
2460326.071904 -0.369624 
2460327.003202 -0.317094 
2460327.934499 -0.281273 
2460328.865797 -0.247201 
2460329.797095 -0.208939 
2460330.728393 -0.174381 
2460331.659691 -0.152891 
2460332.590989 -0.138963 
2460333.522286 -0.108853 
2460334.453584 -0.035862 
2460335.384882 0.086682 
2460336.316180 0.233424 
2460337.247478 0.357145 
2460338.178776 0.415406 
2460339.110074 0.395254 
2460340.041371 0.318813 
2460340.972669 0.226660 
2460341.903967 0.151689 
2460342.835265 0.101951 
2460343.766563 0.062972 
2460344.697861 0.015193 
2460345.629159 -0.048041 
2460346.560456 -0.115089 
2460347.491754 -0.165474 
2460348.423052 -0.185181 
2460349.354350 -0.175654 
2460350.285648 -0.150687 
2460351.216946 -0.125357 
2460352.148244 -0.106582 
2460353.079541 -0.092133 
2460354.010839 -0.077111 
2460354.942137 -0.060856 
2460355.873435 -0.047792 
2460356.804733 -0.041779 
2460357.736031 -0.039738 
2460358.667328 -0.031210 
2460359.598626 -0.005433 
2460360.529924 0.039171 
2460361.461222 0.090913 
2460362.392520 0.130266 
2460363.323818 0.141650 
2460364.255116 0.123287 
2460365.186413 0.088011 
2460366.117711 0.054397 
2460367.049009 0.034624 
2460367.980307 0.027634 
2460368.911605 0.022020 
2460369.842903 0.005899 
2460370.774201 -0.023797 
2460371.705498 -0.059161 
2460372.636796 -0.087190 
2460373.568094 -0.098709 
2460374.499392 -0.093687 
2460375.430690 -0.079644 
2460376.361988 -0.065317 
2460377.293285 -0.054975 
2460378.224583 -0.047481 
2460379.155881 -0.039834 
2460380.087179 -0.031326 
2460381.018477 -0.024368 
2460381.949775 -0.021417 
2460382.881073 -0.021147 
2460383.812370 -0.017855 
2460384.743668 -0.005344 
2460385.674966 0.017551 
2460386.606264 0.044432 
2460387.537562 0.064439 
2460388.468860 0.069169 
2460389.400158 0.058376 
2460390.331455 0.040031 
2460391.262753 0.024495 
2460392.194051 0.017069 
2460393.125349 0.014481 
2460394.056647 0.007925 
2460394.987945 -0.009691 
2460395.919243 -0.037780 
2460396.850540 -0.067808 
2460397.781838 -0.088797 
2460398.713136 -0.094358 
2460399.644434 -0.086183 
2460400.575732 -0.071810 
2460401.507030 -0.058917 
2460402.438327 -0.050699 
2460403.369625 -0.045502 
2460404.300923 -0.040191 
2460405.232221 -0.033783 
2460406.163519 -0.028077 
2460407.094817 -0.024983 
2460408.026115 -0.023332 
2460408.957412 -0.018490 
2460409.888710 -0.005655 
2460410.820008 0.015682 
2460411.751306 0.039923 
2460412.682604 0.058156 
2460413.613902 0.063780 
2460414.545200 0.056764 
2460415.476497 0.043228 
2460416.407795 0.030575 
2460417.339093 0.021934 
2460418.270391 0.014192 
2460419.201689 0.001137 
2460420.132987 -0.020797 
2460421.064284 -0.048691 
2460421.995582 -0.074217 
2460422.926880 -0.088834 
2460423.858178 -0.089181 
2460424.789476 -0.078758 
2460425.720774 -0.064958 
2460426.652072 -0.053995 
2460427.583369 -0.047610 
2460428.514667 -0.043636 
2460429.445965 -0.039272 
2460430.377263 -0.033908 
2460431.308561 -0.029095 
2460432.239859 -0.026015 
2460433.171157 -0.023081 
2460434.102454 -0.016212 
2460435.033752 -0.001933 
2460435.965050 0.019143 
2460436.896348 0.041484 
2460437.827646 0.057515 
2460438.758944 0.062243 
2460439.690241 0.056189 
2460440.621539 0.044433 
2460441.552837 0.032530 
2460442.484135 0.022526 
2460443.415433 0.012101 
2460444.346731 -0.002596 
2460445.278029 -0.022828 
2460446.209326 -0.045170 
2460447.140624 -0.063151 
2460448.071922 -0.071344 
2460449.003220 -0.068813 
2460449.934518 -0.059404 
2460450.865816 -0.048883 
2460451.797114 -0.041255 
2460452.728411 -0.036986 
2460453.659709 -0.034086 
2460454.591007 -0.030673 
2460455.522305 -0.026662 
2460456.453603 -0.023219 
2460457.384901 -0.020768 
2460458.316199 -0.017593 
2460459.247496 -0.010601 
2460460.178794 0.002189 
2460461.110092 0.019407 
2460462.041390 0.036366 
2460462.972688 0.047565 
2460463.903986 0.049950 
2460464.835283 0.044519 
2460465.766581 0.035137 
2460466.697879 0.025565 
2460467.629177 0.017001 
2460468.560475 0.007951 
2460469.491773 -0.003661 
2460470.423071 -0.017965 
2460471.354368 -0.032275 
2460472.285666 -0.042560 
2460473.216964 -0.046072 
2460474.148262 -0.043110 
2460475.079560 -0.036643 
2460476.010858 -0.030231 
2460476.942156 -0.025891 
2460477.873453 -0.023442 
2460478.804751 -0.021530 
2460479.736049 -0.019216 
2460480.667347 -0.016701 
2460481.598645 -0.014682 
2460482.529943 -0.013089 
2460483.461240 -0.010526 
2460484.392538 -0.005078 
2460485.323836 0.004050 
2460486.255134 0.015427 
2460487.186432 0.025812 
2460488.117730 0.031930 
2460489.049028 0.032353 
2460489.980325 0.028138 
2460490.911623 0.021818 
2460491.842921 0.015572 
2460492.774219 0.009970 
2460493.705517 0.004155 
2460494.636815 -0.002857 
2460495.568113 -0.010876 
2460496.499410 -0.018300 
2460497.430708 -0.023095 
2460498.362006 -0.024171 
2460499.293304 -0.022085 
2460500.224602 -0.018587 
2460501.155900 -0.015427 
2460502.087197 -0.013383 
2460503.018495 -0.012152 
2460503.949793 -0.011038 
2460504.881091 -0.009714 
2460505.812389 -0.008415 
2460506.743687 -0.007455 
2460507.674985 -0.006602 
2460508.606282 -0.004968 
2460509.537580 -0.001598 
2460510.468878 0.003663 
2460511.400176 0.009767 
2460512.331474 0.014888 
2460513.262772 0.017441 
2460514.194070 0.016966 
2460515.125367 0.014269 
2460516.056665 0.010753 
2460516.987963 0.007483 
2460517.919261 0.004657 
2460518.850559 0.001816 
2460519.781857 -0.001478 
2460520.713155 -0.005072 
2460521.644452 -0.008215 
2460522.575750 -0.010062 
2460523.507048 -0.010273 
2460524.438346 -0.009228 
2460525.369644 -0.007730 
2460526.300942 -0.006467 
2460527.232239 -0.005657 
2460528.163537 -0.005103 
2460529.094835 -0.004534 
2460530.026133 -0.003899 
2460530.957431 -0.003352 
2460531.888729 -0.002994 
2460532.820027 -0.002630 
2460533.751324 -0.001807 
2460534.682622 -0.000141 
2460535.613920 0.002311 
2460536.545218 0.004960 
2460537.476516 0.006961 
2460538.407814 0.007697 
2460539.339112 0.007114 
2460540.270409 0.005697 
2460541.201707 0.004109 
2460542.133005 0.002782 
2460543.064303 0.001738 
2460543.995601 0.000726 
2460544.926899 -0.000461 
2460545.858196 -0.001769 
2460546.789494 -0.002900 
2460547.720792 -0.003541 
2460548.652090 -0.003586 
2460549.583388 -0.003201 
2460550.514686 -0.002683 
2460551.445984 -0.002257 
2460552.377281 -0.001969 
2460553.308579 -0.001736 
2460554.239877 -0.001479 
2460555.171175 -0.001215 
2460556.102473 -0.001024 
2460557.033771 -0.000928 
2460557.965069 -0.000818 
2460558.896366 -0.000498 
2460559.827664 0.000163 
2460560.758962 0.001100 
2460561.690260 0.002041 
2460562.621558 0.002654 
2460563.552856 0.002740 
2460564.484153 0.002347 
2460565.415451 0.001723 
2460566.346749 0.001149 
2460567.278047 0.000768 
2460568.209345 0.000535 
2460569.140643 0.000295 
2460570.071941 -0.000064 
2460571.003238 -0.000529 
2460571.934536 -0.000966 
2460572.865834 -0.001235 
2460573.797132 -0.001276 
2460574.728430 -0.001147 
2460575.659728 -0.000960 
2460576.591026 -0.000801 
2460577.522323 -0.000686 
2460578.453621 -0.000583 
2460579.384919 -0.000469 
2460580.316217 -0.000358 
2460581.247515 -0.000289 
2460582.178813 -0.000271 
2460583.110111 -0.000253 
2460584.041408 -0.000149 
2460584.972706 0.000094 
2460585.904004 0.000444 
2460586.835302 0.000779 
2460587.766600 0.000961 
2460588.697898 0.000923 
2460589.629195 0.000711 
2460590.560493 0.000451 
2460591.491791 0.000267 
2460592.423089 0.000196 
2460593.354387 0.000175 
2460594.285685 0.000102 
2460595.216983 -0.000087 
2460596.148280 -0.000366 
2460597.079578 -0.000639 
2460598.010876 -0.000804 
2460598.942174 -0.000822 
2460599.873472 -0.000730 
2460600.804770 -0.000601 
2460601.736068 -0.000497 
2460602.667365 -0.000428 
2460603.598663 -0.000372 
2460604.529961 -0.000308 
2460605.461259 -0.000243 
2460606.392557 -0.000199 
2460607.323855 -0.000188 
2460608.255152 -0.000178 
2460609.186450 -0.000118 
2460610.117748 0.000029 
2460611.049046 0.000244 
2460611.980344 0.000452 
2460612.911642 0.000565 
2460613.842940 0.000545 
2460614.774237 0.000422 
2460615.705535 0.000279 
2460616.636833 0.000184 
2460617.568131 0.000142 
2460618.499429 0.000099 
2460619.430727 -0.000015 
2460620.362025 -0.000228 
2460621.293322 -0.000492 
2460622.224620 -0.000718 
2460623.155918 -0.000827 
2460624.087216 -0.000802 
2460625.018514 -0.000691 
2460625.949812 -0.000565 
2460626.881109 -0.000475 
2460627.812407 -0.000422 
2460628.743705 -0.000382 
2460629.675003 -0.000332 
2460630.606301 -0.000278 
2460631.537599 -0.000239 
2460632.468897 -0.000219 
2460633.400194 -0.000193 
2460634.331492 -0.000116 
2460635.262790 0.000038 
2460636.194088 0.000247 
2460637.125386 0.000442 
2460638.056684 0.000552 
2460638.987982 0.000547 
2460639.919279 0.000454 
2460640.850577 0.000336 
2460641.781875 0.000240 
2460642.713173 0.000166 
2460643.644471 0.000073 
2460644.575769 -0.000084 
2460645.507067 -0.000305 
2460646.438364 -0.000538 
2460647.369662 -0.000708 
2460648.300960 -0.000764 
2460649.232258 -0.000711 
2460650.163556 -0.000600 
2460651.094854 -0.000493 
2460652.026151 -0.000422 
2460652.957449 -0.000383 
2460653.888747 -0.000351 
2460654.820045 -0.000310 
2460655.751343 -0.000266 
2460656.682641 -0.000233 
2460657.613939 -0.000210 
2460658.545236 -0.000171 
2460659.476534 -0.000081 
2460660.407832 0.000073 
2460661.339130 0.000263 
2460662.270428 0.000431 
2460663.201726 0.000520 
2460664.133024 0.000511 
2460665.064321 0.000431 
2460665.995619 0.000327 
2460666.926917 0.000233 
2460667.858215 0.000148 
2460668.789513 0.000044 
2460669.720811 -0.000101 
2460670.652108 -0.000279 
2460671.583406 -0.000446 
2460672.514704 -0.000550 
2460673.446002 -0.000568 
2460674.377300 -0.000513 
2460675.308598 -0.000428 
2460676.239896 -0.000354 
2460677.171193 -0.000309 
2460678.102491 -0.000283 
2460679.033789 -0.000259 
2460679.965087 -0.000228 
2460680.896385 -0.000198 
2460681.827683 -0.000175 
2460682.758981 -0.000155 
2460683.690278 -0.000116 
2460684.621576 0.043534 
