# time model 
2453115.032645 2.533730 
2453115.963943 2.307909 
2453116.895241 1.911109 
2453117.826539 1.364913 
2453118.757836 0.676464 
2453119.689134 -0.155416 
2453120.620432 -1.126565 
2453121.551730 -2.190002 
2453122.483028 -3.168368 
2453123.414326 -3.661184 
2453124.345624 -3.276679 
2453125.276921 -2.220950 
2453126.208219 -1.099470 
2453127.139517 -0.246934 
2453128.070815 0.301395 
2453129.002113 0.605113 
2453129.933411 0.723946 
2453130.864708 0.697431 
2453131.796006 0.545720 
2453132.727304 0.273740 
2453133.658602 -0.123945 
2453134.589900 -0.653760 
2453135.521198 -1.297156 
2453136.452496 -1.943059 
2453137.383793 -2.278172 
2453138.315091 -1.855592 
2453139.246389 -0.648199 
2453140.177687 0.773161 
2453141.108985 1.930193 
2453142.040283 2.698510 
2453142.971581 3.114146 
2453143.902878 3.237993 
2453144.834176 3.118369 
2453145.765474 2.787376 
2453146.696772 2.263650 
2453147.628070 1.555727 
2453148.559368 0.668141 
2453149.490665 -0.380979 
2453150.421963 -1.510093 
2453151.353261 -2.471408 
2453152.284559 -2.810015 
2453153.215857 -2.266183 
2453154.147155 -1.245628 
2453155.078453 -0.314514 
2453156.009750 0.309184 
2453156.941048 0.638483 
2453157.872346 0.738657 
2453158.803644 0.664121 
2453159.734942 0.448554 
2453160.666240 0.107835 
2453161.597538 -0.355408 
2453162.528835 -0.945940 
2453163.460133 -1.662924 
2453164.391431 -2.463858 
2453165.322729 -3.179083 
2453166.254027 -3.416464 
2453167.185325 -2.777583 
2453168.116622 -1.450709 
2453169.047920 -0.046244 
2453169.979218 1.082407 
2453170.910516 1.885142 
2453171.841814 2.409481 
2453172.773112 2.702874 
2453173.704410 2.792125 
2453174.635707 2.685444 
2453175.567005 2.378389 
2453176.498303 1.860384 
2453177.429601 1.125065 
2453178.360899 0.195878 
2453179.292197 -0.808375 
2453180.223495 -1.564678 
2453181.154792 -1.603760 
2453182.086090 -0.855177 
2453183.017388 0.141852 
2453183.948686 0.919011 
2453184.879984 1.360952 
2453185.811282 1.514092 
2453186.742580 1.446378 
2453187.673877 1.208004 
2453188.605175 0.828161 
2453189.536473 0.319112 
2453190.467771 -0.318937 
2453191.399069 -1.090551 
2453192.330367 -1.987050 
2453193.261664 -2.937521 
2453194.192962 -3.707012 
2453195.124260 -3.848801 
2453196.055558 -3.090683 
2453196.986856 -1.823721 
2453197.918154 -0.622713 
2453198.849452 0.281843 
2453199.780749 0.897092 
2453200.712047 1.285354 
2453201.643345 1.497856 
2453202.574643 1.563598 
2453203.505941 1.491766 
2453204.437239 1.276040 
2453205.368537 0.900420 
2453206.299834 0.352359 
2453207.231132 -0.341219 
2453208.162430 -1.028592 
2453209.093728 -1.333485 
2453210.025026 -0.853738 
2453210.956324 0.244881 
2453211.887621 1.359857 
2453212.818919 2.138660 
2453213.750217 2.542521 
2453214.681515 2.638561 
2453215.612813 2.497011 
2453216.544111 2.167612 
2453217.475409 1.679590 
2453218.406706 1.045822 
2453219.338004 0.267931 
2453220.269302 -0.654350 
2453221.200600 -1.698222 
2453222.131898 -2.753013 
2453223.063196 -3.509957 
2453223.994494 -3.507039 
2453224.925791 -2.662036 
2453225.857089 -1.512556 
2453226.788387 -0.544706 
2453227.719685 0.111740 
2453228.650983 0.496376 
2453229.582281 0.673859 
2453230.513578 0.692372 
2453231.444876 0.579560 
2453232.376174 0.346169 
2453233.307472 -0.009482 
2453234.238770 -0.494802 
2453235.170068 -1.105899 
2453236.101366 -1.780409 
2453237.032663 -2.297415 
2453237.963961 -2.223467 
2453238.895259 -1.282377 
2453239.826557 0.139769 
2453240.757855 1.448896 
2453241.689153 2.391627 
2453242.620451 2.962062 
2453243.551748 3.217791 
2453244.483046 3.211948 
2453245.414344 2.981553 
2453246.345642 2.549310 
2453247.276940 1.926849 
2453248.208238 1.119070 
2453249.139536 0.135302 
2453250.070833 -0.977452 
2453251.002131 -2.052730 
2453251.933429 -2.704244 
2453252.864727 -2.510331 
2453253.796025 -1.609071 
2453254.727323 -0.600857 
2453255.658620 0.145915 
2453256.589918 0.579106 
2453257.521216 0.756005 
2453258.452514 0.738282 
2453259.383812 0.567956 
2453260.315110 0.267587 
2453261.246408 -0.155392 
2453262.177705 -0.703685 
2453263.109003 -1.381191 
2453264.040301 -2.169104 
2453264.971599 -2.963050 
2453265.902897 -3.463442 
2453266.834195 -3.209604 
2453267.765493 -2.101696 
2453268.696790 -0.670489 
2453269.628088 0.582104 
2453270.559386 1.510101 
2453271.490684 2.141144 
2453272.421982 2.528435 
2453273.353280 2.707765 
2453274.284577 2.694050 
2453275.215875 2.486520 
2453276.147173 2.074972 
2453277.078471 1.447964 
2453278.009769 0.610356 
2453278.941067 -0.370613 
2453279.872365 -1.267170 
2453280.803662 -1.632086 
2453281.734960 -1.153344 
2453282.666258 -0.176132 
2453283.597556 0.722221 
2453284.528854 1.297460 
2453285.460152 1.555791 
2453286.391450 1.565562 
2453287.322747 1.385881 
2453288.254045 1.054339 
2453289.185343 0.589681 
2453290.116641 -0.003510 
2453291.047939 -0.729044 
2453291.979237 -1.587048 
2453292.910535 -2.540866 
2453293.841832 -3.436523 
2453294.773130 -3.900146 
2453295.704428 -3.507219 
2453296.635726 -2.377246 
2453297.567024 -1.110625 
2453298.498322 -0.089536 
2453299.429619 0.625542 
2453300.360917 1.088491 
2453301.292215 1.358465 
2453302.223513 1.474003 
2453303.154811 1.452476 
2453304.086109 1.294027 
2453305.017407 0.986359 
2453305.948704 0.513598 
2453306.880002 -0.119893 
2453307.811300 -0.827093 
2453308.742598 -1.327398 
2453309.673896 -1.168264 
2453310.605194 -0.233275 
2453311.536492 0.960750 
2453312.467789 1.910343 
2453313.399087 2.474485 
2453314.330385 2.696606 
2453315.261683 2.651222 
2453316.192981 2.397230 
2453317.124279 1.972146 
2453318.055576 1.395400 
2453318.986874 0.672898 
2453319.918172 -0.196181 
2453320.849470 -1.202876 
2453321.780768 -2.283332 
2453322.712066 -3.221039 
2453323.643364 -3.580810 
2453324.574661 -3.045293 
2453325.505959 -1.949668 
2453326.437257 -0.884241 
2453327.368555 -0.111285 
2453328.299853 0.365518 
2453329.231151 0.609799 
2453330.162449 0.677978 
2453331.093746 0.605780 
2453332.025044 0.410395 
2453332.956342 0.094791 
2453333.887640 -0.347000 
2453334.818938 -0.918577 
2453335.750236 -1.589517 
2453336.681533 -2.217004 
2453337.612831 -2.441828 
2453338.544129 -1.842847 
2453339.475427 -0.529510 
2453340.406725 0.887941 
2453341.338023 2.002439 
2453342.269321 2.735343 
2453343.200618 3.131167 
2453344.131916 3.246385 
2453345.063214 3.123009 
2453345.994512 2.787825 
2453346.925810 2.255662 
2453347.857108 1.532989 
2453348.788406 0.625097 
2453349.719703 -0.442439 
2453350.651001 -1.564679 
2453351.582299 -2.448717 
2453352.513597 -2.626781 
2453353.444895 -1.952537 
2453354.376193 -0.925972 
2453355.307491 -0.061042 
2453356.238788 0.487061 
2453357.170086 0.751445 
2453358.101384 0.797806 
2453359.032682 0.676748 
2453359.963980 0.418264 
2453360.895278 0.035372 
2453361.826575 -0.471233 
2453362.757873 -1.106594 
2453363.689171 -1.865713 
2453364.620469 -2.690007 
2453365.551767 -3.371409 
2453366.483065 -3.481484 
2453367.414363 -2.691640 
2453368.345660 -1.320734 
2453369.276958 0.032400 
2453370.208256 1.088287 
2453371.139554 1.830749 
2453372.070852 2.312813 
2453373.002150 2.579410 
2453373.933448 2.653658 
2453374.864745 2.540113 
2453375.796043 2.230748 
2453376.727341 1.711986 
2453377.658639 0.977185 
2453378.589937 0.058184 
2453379.521235 -0.898013 
2453380.452532 -1.524414 
2453381.383830 -1.375097 
2453382.315128 -0.516027 
2453383.246426 0.469199 
2453384.177724 1.183659 
2453385.109022 1.561103 
2453386.040320 1.659714 
2453386.971617 1.546064 
2453387.902915 1.266783 
2453388.834213 0.847945 
2453389.765511 0.299461 
2453390.696809 -0.379856 
2453391.628107 -1.193838 
2453392.559405 -2.127028 
2453393.490702 -3.086375 
2453394.422000 -3.792881 
2453395.353298 -3.784869 
2453396.284596 -2.900804 
2453397.215894 -1.630651 
2453398.147192 -0.500041 
2453399.078489 0.324483 
2453400.009787 0.871305 
2453400.941085 1.203812 
2453401.872383 1.370039 
2453402.803681 1.396082 
2453403.734979 1.289229 
2453404.666277 1.042272 
2453405.597574 0.639855 
2453406.528872 0.074056 
2453407.460170 -0.612568 
2453408.391468 -1.231318 
2453409.322766 -1.369934 
2453410.254064 -0.694281 
2453411.185362 0.494491 
2453412.116659 1.597867 
2453413.047957 2.334907 
2453413.979255 2.699860 
2453414.910553 2.764356 
2453415.841851 2.595531 
2453416.773149 2.239652 
2453417.704447 1.723400 
2453418.635744 1.058033 
2453419.567042 0.244741 
2453420.498340 -0.714281 
2453421.429638 -1.785529 
2453422.360936 -2.828696 
2453423.292234 -3.489379 
2453424.223531 -3.324385 
2453425.154829 -2.386735 
2453426.086127 -1.263923 
2453427.017425 -0.372338 
2453427.948723 0.208081 
2453428.880021 0.528782 
2453429.811319 0.652671 
2453430.742616 0.623984 
2453431.673914 0.466992 
2453432.605212 0.190029 
2453433.536510 -0.209860 
2453434.467808 -0.739078 
2453435.399106 -1.386640 
2453436.330404 -2.067869 
2453437.261701 -2.517222 
2453438.192999 -2.282594 
2453439.124297 -1.194064 
2453440.055595 0.259954 
2453440.986893 1.531603 
2453441.918191 2.431820 
2453442.849488 2.975239 
2453443.780786 3.218286 
2453444.712084 3.207939 
2453445.643382 2.975241 
2453446.574680 2.538239 
2453447.505978 1.905498 
2453448.437276 1.081080 
2453449.368573 0.078148 
2453450.299871 -1.040878 
2453451.231169 -2.072048 
2453452.162467 -2.589798 
2453453.093765 -2.233535 
2453454.025063 -1.275394 
2453454.956361 -0.313703 
2453455.887658 0.357166 
2453456.818956 0.720760 
2453457.750254 0.839969 
2453458.681552 0.773451 
2453459.612850 0.559317 
2453460.544148 0.216928 
2453461.475445 -0.248621 
2453462.406743 -0.841156 
2453463.338041 -1.562789 
2453464.269339 -2.384772 
2453465.200637 -3.174037 
2453466.131935 -3.585221 
2453467.063233 -3.172507 
2453467.994530 -1.969523 
2453468.925828 -0.561399 
2453469.857126 0.619294 
2453470.788424 1.478846 
2453471.719722 2.058583 
2453472.651020 2.411100 
2453473.582318 2.568838 
2453474.513615 2.543279 
2453475.444913 2.330311 
2453476.376211 1.916607 
2453477.307509 1.289049 
2453478.238807 0.456287 
2453479.170105 -0.495800 
2453480.101403 -1.297969 
2453481.032700 -1.483923 
2453481.963998 -0.845693 
2453482.895296 0.164798 
2453483.826594 1.013673 
2453484.757892 1.523412 
2453485.689190 1.723929 
2453486.620487 1.685424 
2453487.551785 1.463771 
2453488.483083 1.093210 
2453489.414381 0.589853 
2453490.345679 -0.043527 
2453491.276977 -0.811104 
2453492.208275 -1.709423 
2453493.139572 -2.687359 
2453494.070870 -3.554799 
2453495.002168 -3.898156 
2453495.933466 -3.350321 
2453496.864764 -2.166668 
2453497.796062 -0.950614 
2453498.727360 -0.010292 
2453499.658657 0.630829 
2453500.589955 1.032946 
2453501.521253 1.252709 
2453502.452551 1.325378 
2453503.383849 1.265958 
2453504.315147 1.073248 
2453505.246444 0.734852 
2453506.177742 0.237490 
2453507.109040 -0.404363 
2453508.040338 -1.075817 
2453508.971636 -1.451374 
2453509.902934 -1.091551 
2453510.834232 -0.014409 
2453511.765529 1.200774 
2453512.696827 2.115474 
2453513.628125 2.639709 
2453514.559423 2.829347 
2453515.490721 2.757206 
2453516.422019 2.478395 
2453517.353317 2.027422 
2453518.284614 1.421713 
2453519.215912 0.666184 
2453520.147210 -0.239031 
2453521.078508 -1.278569 
2453522.009806 -2.367955 
2453522.941104 -3.247711 
2453523.872401 -3.459990 
2453524.803699 -2.787311 
2453525.734997 -1.675388 
2453526.666295 -0.674848 
2453527.597593 0.019202 
2453528.528891 0.427188 
2453529.460189 0.614300 
2453530.391486 0.633264 
2453531.322784 0.516077 
2453532.254082 0.277093 
2453533.185380 -0.082554 
2453534.116678 -0.569051 
2453535.047976 -1.182175 
2453535.979274 -1.876866 
2453536.910571 -2.474014 
2453537.841869 -2.572648 
2453538.773167 -1.803671 
2453539.704465 -0.412518 
2453540.635763 0.983249 
2453541.567061 2.050544 
2453542.498359 2.748035 
2453543.429656 3.125131 
2453544.360954 3.233221 
2453545.292252 3.107978 
2453546.223550 2.770788 
2453547.154848 2.232507 
2453548.086146 1.497480 
2453549.017443 0.572246 
2453549.948741 -0.508245 
2453550.880039 -1.611378 
2453551.811337 -2.397896 
2453552.742635 -2.407266 
2453553.673933 -1.623023 
2453554.605231 -0.609743 
2453555.536528 0.184583 
2453556.467826 0.659139 
2453557.399124 0.861440 
2453558.330422 0.856110 
2453559.261720 0.689847 
2453560.193018 0.389123 
2453561.124316 -0.035736 
2453562.055613 -0.585741 
2453562.986911 -1.265696 
2453563.918209 -2.064953 
2453564.849507 -2.905267 
2453565.780805 -3.536293 
2453566.712103 -3.504668 
2453567.643400 -2.577633 
2453568.574698 -1.187641 
2453569.505996 0.103362 
2453570.437294 1.084980 
2453571.368592 1.767299 
2453572.299890 2.206316 
2453573.231188 2.444213 
2453574.162485 2.500823 
2453575.093783 2.377600 
2453576.025081 2.063528 
2453576.956379 1.542717 
2453577.887677 0.809430 
2453578.818975 -0.093399 
2453579.750273 -0.986182 
2453580.681570 -1.461816 
2453581.612868 -1.124060 
2453582.544166 -0.176788 
2453583.475464 0.783899 
2453584.406762 1.435641 
2453585.338060 1.752370 
2453586.269358 1.800016 
2453587.200655 1.642955 
2453588.131953 1.324338 
2453589.063251 0.867334 
2453589.994549 0.279723 
2453590.925847 -0.440755 
2453591.857145 -1.296443 
2453592.788442 -2.263033 
2453593.719740 -3.221017 
2453594.651038 -3.845760 
2453595.582336 -3.680016 
2453596.513634 -2.690650 
2453597.444932 -1.437647 
2453598.376230 -0.382705 
2453599.307527 0.363252 
2453600.238825 0.843893 
2453601.170123 1.121991 
2453602.101421 1.242154 
2453603.032719 1.227633 
2453603.964017 1.083905 
2453604.895315 0.803062 
2453605.826612 0.370964 
2453606.757910 -0.214052 
2453607.689208 -0.889950 
2453608.620506 -1.426620 
2453609.551804 -1.385957 
2453610.483102 -0.527851 
2453611.414399 0.726880 
2453612.345697 1.809905 
2453613.276995 2.507360 
2453614.208293 2.838387 
2453615.139591 2.876096 
2453616.070889 2.683844 
2453617.002187 2.304371 
2453617.933484 1.761906 
2453618.864782 1.066268 
2453619.796080 0.218611 
2453620.727378 -0.775335 
2453621.658676 -1.868592 
2453622.589974 -2.886518 
2453623.521272 -3.431982 
2453624.452569 -3.106201 
2453625.383867 -2.100280 
2453626.315165 -1.019384 
2453627.246463 -0.206014 
2453628.177761 0.300788 
2453629.109059 0.560114 
2453630.040356 0.632197 
2453630.971654 0.557311 
2453631.902952 0.356490 
2453632.834250 0.035772 
2453633.765548 -0.408861 
2453634.696846 -0.982177 
2453635.628144 -1.664203 
2453636.559441 -2.343794 
2453637.490739 -2.708957 
2453638.422037 -2.307581 
2453639.353335 -1.094802 
2453640.284633 0.366926 
2453641.215931 1.592157 
2453642.147229 2.448458 
2453643.078526 2.965320 
2453644.009824 3.196618 
2453644.941122 3.183106 
2453645.872420 2.949878 
2453646.803718 2.510209 
2453647.735016 1.869466 
2453648.666314 1.031045 
2453649.597611 0.013109 
2453650.528909 -1.103190 
2453651.460207 -2.072317 
2453652.391505 -2.439222 
2453653.322803 -1.930942 
2453654.254101 -0.939546 
2453655.185398 -0.034124 
2453656.116696 0.561352 
2453657.047994 0.858230 
2453657.979292 0.922229 
2453658.910590 0.808556 
2453659.841888 0.551534 
2453660.773186 0.167504 
2453661.704483 -0.340586 
2453662.635781 -0.977334 
2453663.567079 -1.742082 
2453664.498377 -2.593524 
2453665.429675 -3.365287 
2453666.360973 -3.668692 
2453667.292271 -3.098046 
2453668.223568 -1.825018 
2453669.154866 -0.456920 
2453670.086164 0.648026 
2453671.017462 1.439332 
2453671.948760 1.967638 
2453672.880058 2.284031 
2453673.811355 2.417803 
2453674.742653 2.377482 
2453675.673951 2.156189 
2453676.605249 1.738131 
2453677.536547 1.109471 
2453678.467845 0.284661 
2453679.399143 -0.627729 
2453680.330440 -1.315074 
2453681.261738 -1.310229 
2453682.193036 -0.529510 
2453683.124334 0.495401 
2453684.055632 1.290909 
2453684.986930 1.738310 
2453685.918228 1.884985 
2453686.849525 1.801258 
2453687.780823 1.539645 
2453688.712121 1.131229 
2453689.643419 0.589707 
2453690.574717 -0.083698 
2453691.506015 -0.893009 
2453692.437312 -1.829789 
2453693.368610 -2.825032 
2453694.299908 -3.648213 
2453695.231206 -3.855069 
2453696.162504 -3.162715 
2453697.093802 -1.949903 
2453698.025100 -0.795196 
2453698.956397 0.064207 
2453699.887695 0.633727 
2453700.818993 0.976878 
2453701.750291 1.147220 
2453702.681589 1.176738 
2453703.612887 1.078137 
2453704.544185 0.848992 
2453705.475482 0.477142 
2453706.406780 -0.047059 
2453707.338078 -0.696239 
2453708.269376 -1.322681 
2453709.200674 -1.557477 
2453710.131972 -0.998538 
2453711.063270 0.195766 
2453711.994567 1.416027 
2453712.925865 2.294573 
2453713.857163 2.783178 
2453714.788461 2.945283 
2453715.719759 2.850662 
2453716.651057 2.550395 
2453717.582354 2.076007 
2453718.513652 1.443037 
2453719.444950 0.655675 
2453720.376248 -0.284286 
2453721.307546 -1.353151 
2453722.238844 -2.441645 
2453723.170142 -3.244800 
2453724.101439 -3.299150 
2453725.032737 -2.507961 
2453725.964035 -1.401204 
2453726.895333 -0.471754 
2453727.826631 0.144856 
2453728.757929 0.486751 
2453729.689227 0.618826 
2453730.620524 0.589895 
2453731.551822 0.428344 
2453732.483120 0.145819 
2453733.414418 -0.258222 
2453734.345716 -0.789786 
2453735.277014 -1.443584 
2453736.208311 -2.156696 
2453737.139609 -2.709462 
2453738.070907 -2.667527 
2453739.002205 -1.740800 
2453739.933503 -0.299709 
2453740.864801 1.059714 
2453741.796099 2.076255 
2453742.727396 2.738097 
2453743.658694 3.096869 
2453744.589992 3.198583 
2453745.521290 3.072699 
2453746.452588 2.735204 
2453747.383886 2.192853 
2453748.315184 1.447856 
2453749.246481 0.508618 
2453750.177779 -0.578257 
2453751.109077 -1.647993 
2453752.040375 -2.316420 
2453752.971673 -2.154438 
2453753.902971 -1.283061 
2453754.834268 -0.299226 
2453755.765566 0.422149 
2453756.696864 0.825698 
2453757.628162 0.968708 
2453758.559460 0.913682 
2453759.490758 0.703414 
2453760.422056 0.361032 
2453761.353353 -0.105646 
2453762.284651 -0.699084 
2453763.215949 -1.423200 
2453764.147247 -2.259898 
2453765.078545 -3.107229 
2453766.009843 -3.669886 
2453766.941141 -3.485928 
2453767.872438 -2.440335 
2453768.803736 -1.054031 
2453769.735034 0.166957 
2453770.666332 1.073901 
2453771.597630 1.696504 
2453772.528928 2.091800 
2453773.460226 2.299093 
2453774.391523 2.335300 
2453775.322821 2.199285 
2453776.254119 1.877658 
2453777.185417 1.353041 
2453778.116715 0.622125 
2453779.048013 -0.257803 
2453779.979310 -1.070324 
2453780.910608 -1.376137 
2453781.841906 -0.856070 
2453782.773204 0.157075 
2453783.704502 1.083773 
2453784.635800 1.674333 
2453785.567098 1.934502 
2453786.498395 1.934779 
2453787.429693 1.736815 
2453788.360991 1.380415 
2453789.292289 0.886064 
2453790.223587 0.259641 
2453791.154885 -0.501820 
2453792.086183 -1.398234 
2453793.017480 -2.393981 
2453793.948778 -3.338495 
2453794.880076 -3.862400 
2453795.811374 -3.536524 
2453796.742672 -2.465321 
2453797.673970 -1.246802 
2453798.605267 -0.270704 
2453799.536565 0.398685 
2453800.467863 0.815419 
2453801.399161 1.040443 
2453802.330459 1.114816 
2453803.261757 1.059002 
2453804.193055 0.876748 
2453805.124352 0.559641 
2453806.055650 0.095389 
2453806.986948 -0.509532 
2453807.918246 -1.169374 
2453808.849544 -1.609301 
2453809.780842 -1.380461 
2453810.712140 -0.359081 
2453811.643437 0.938656 
2453812.574735 1.994791 
2453813.506033 2.655342 
2453814.437331 2.957264 
2453815.368629 2.972766 
2453816.299927 2.760881 
2453817.231224 2.360741 
2453818.162522 1.794182 
2453819.093820 1.069746 
2453820.025118 0.189008 
2453820.956416 -0.837477 
2453821.887714 -1.946029 
2453822.819012 -2.923134 
2453823.750309 -3.335785 
2453824.681607 -2.856604 
2453825.612905 -1.807117 
2453826.544203 -0.780218 
2453827.475501 -0.045572 
2453828.406799 0.390236 
2453829.338097 0.590636 
2453830.269394 0.612561 
2453831.200692 0.492383 
2453832.131990 0.248034 
2453833.063288 -0.116602 
2453833.994586 -0.606346 
2453834.925884 -1.223534 
2453835.857182 -1.936918 
2453836.788479 -2.604428 
2453837.719777 -2.868159 
2453838.651075 -2.299105 
2453839.582373 -0.988104 
2453840.513671 0.460213 
2453841.444969 1.632156 
2453842.376266 2.443370 
2453843.307564 2.933624 
2453844.238862 3.153379 
2453845.170160 3.137315 
2453846.101458 2.904716 
2453847.032756 2.464051 
2453847.964054 1.817402 
2453848.895351 0.967759 
2453849.826649 -0.060294 
2453850.757947 -1.163143 
2453851.689245 -2.050602 
2453852.620543 -2.252876 
2453853.551841 -1.608072 
2453854.483139 -0.605234 
2453855.414436 0.237061 
2453856.345734 0.758642 
2453857.277032 0.991781 
2453858.208330 1.002939 
2453859.139628 0.843629 
2453860.070926 0.544541 
2453861.002223 0.119176 
2453861.933521 -0.431455 
2453862.864819 -1.112293 
2453863.796117 -1.918709 
2453864.727415 -2.793758 
2453865.658713 -3.533253 
2453866.590011 -3.711465 
2453867.521308 -2.989861 
2453868.452606 -1.672254 
2453869.383904 -0.357756 
2453870.315202 0.669327 
2453871.246500 1.393095 
2453872.177798 1.870001 
2453873.109096 2.148994 
2453874.040393 2.256411 
2453874.971691 2.198254 
2453875.902989 1.965421 
2453876.834287 1.540374 
2453877.765585 0.909749 
2453878.696883 0.096291 
2453879.628181 -0.764256 
2453880.559478 -1.316132 
2453881.490776 -1.114092 
2453882.422074 -0.211191 
2453883.353372 0.812240 
2453884.284670 1.552832 
2453885.215968 1.941761 
2453886.147265 2.038684 
2453887.078563 1.912791 
2453888.009861 1.613219 
2453888.941159 1.168105 
2453889.872457 0.588959 
2453890.803755 -0.124268 
2453891.735053 -0.974813 
2453892.666350 -1.947564 
2453893.597648 -2.951755 
2453894.528946 -3.713058 
2453895.460244 -3.770445 
2453896.391542 -2.949406 
2453897.322840 -1.730423 
2453898.254138 -0.644976 
2453899.185435 0.134364 
2453900.116733 0.634772 
2453901.048031 0.920790 
2453901.979329 1.042513 
2453902.910627 1.028684 
2453903.841925 0.889783 
2453904.773222 0.622271 
2453905.704520 0.214591 
2453906.635818 -0.338061 
2453907.567116 -0.992253 
2453908.498414 -1.562593 
2453909.429712 -1.641950 
2453910.361010 -0.892073 
2453911.292307 0.392999 
2453912.223605 1.604844 
2453913.154903 2.447036 
2453914.086201 2.904214 
2453915.017499 3.043474 
2453915.948797 2.930500 
2453916.880095 2.612124 
2453917.811392 2.116866 
2453918.742690 1.458462 
2453919.673988 0.640659 
2453920.605286 -0.332251 
2453921.536584 -1.425947 
2453922.467882 -2.501824 
2453923.399179 -3.208983 
2453924.330477 -3.100050 
2453925.261775 -2.212503 
2453926.193073 -1.129572 
2453927.124371 -0.275160 
2453928.055669 0.266039 
2453928.986967 0.544526 
2453929.918264 0.623548 
2453930.849562 0.547923 
2453931.780860 0.342559 
2453932.712158 0.016533 
2453933.643456 -0.432186 
2453934.574754 -1.008915 
2453935.506052 -1.701763 
2453936.437349 -2.426256 
2453937.368647 -2.918721 
2453938.299945 -2.724626 
2453939.231243 -1.657708 
2453940.162541 -0.192997 
2453941.093839 1.118391 
2453942.025137 2.081533 
2453942.956434 2.707253 
2453943.887732 3.047474 
2453944.819030 3.142829 
2453945.750328 3.016834 
2453946.681626 2.680176 
2453947.612924 2.135456 
2453948.544221 1.382813 
2453949.475519 0.433310 
2453950.406817 -0.652111 
2453951.338115 -1.672082 
2453952.269413 -2.202530 
2453953.200711 -1.872466 
2453954.132009 -0.937731 
2453955.063306 0.003796 
2453955.994604 0.651571 
2453956.925902 0.986991 
2453957.857200 1.073441 
2453958.788498 0.970594 
2453959.719796 0.717416 
2453960.651094 0.333877 
2453961.582391 -0.174523 
2453962.513689 -0.811399 
2453963.444987 -1.578995 
2453964.376285 -2.449587 
2453965.307583 -3.293114 
2453966.238881 -3.768567 
2453967.170178 -3.426542 
2453968.101476 -2.284662 
2453969.032774 -0.921956 
2453969.964072 0.223647 
2453970.895370 1.056356 
2453971.826668 1.619912 
2453972.757966 1.970925 
2453973.689263 2.145778 
2453974.620561 2.158783 
2453975.551859 2.006677 
2453976.483157 1.674308 
2453977.414455 1.143769 
2453978.345753 0.416055 
2453979.277051 -0.433345 
2453980.208348 -1.147547 
2453981.139646 -1.267647 
2453982.070944 -0.577212 
2453983.002242 0.480667 
2453983.933540 1.366978 
2453984.864838 1.899115 
2453985.796135 2.107140 
2453986.727433 2.063676 
2453987.658731 1.827319 
2453988.590029 1.434691 
2453989.521327 0.903822 
2453990.452625 0.238928 
2453991.383923 -0.563222 
2453992.315220 -1.498978 
2453993.246518 -2.518499 
2453994.177816 -3.435510 
2453995.109114 -3.840186 
2453996.040412 -3.357839 
2453996.971710 -2.229551 
2453997.903008 -1.059665 
2453998.834305 -0.163886 
2453999.765603 0.431278 
2454000.696901 0.786362 
2454001.628199 0.959617 
2454002.559497 0.988511 
2454003.490795 0.890796 
2454004.422093 0.668567 
2454005.353390 0.313115 
2454006.284688 -0.185265 
2454007.215986 -0.809780 
2454008.147284 -1.446416 
2454009.078582 -1.774171 
2454010.009880 -1.353412 
2454010.941177 -0.192429 
2454011.872475 1.127374 
2454012.803773 2.151879 
2454013.735071 2.778379 
2454014.666369 3.055704 
2454015.597667 3.053322 
2454016.528965 2.825490 
2454017.460262 2.407632 
2454018.391560 1.819196 
2454019.322858 1.067599 
2454020.254156 0.155365 
2454021.185454 -0.900574 
2454022.116752 -2.016151 
2454023.048050 -2.935048 
2454023.979347 -3.199889 
2454024.910645 -2.580452 
2454025.841943 -1.511092 
2454026.773241 -0.547280 
2454027.704539 0.109242 
2454028.635837 0.476786 
2454029.567134 0.620575 
2454030.498432 0.593853 
2454031.429730 0.429192 
2454032.361028 0.141570 
2454033.292326 -0.267134 
2454034.223624 -0.802208 
2454035.154922 -1.462555 
2454036.086219 -2.202929 
2454037.017517 -2.845781 
2454037.948815 -2.991102 
2454038.880113 -2.259170 
2454039.811411 -0.877254 
2454040.742709 0.539876 
2454041.674007 1.653425 
2454042.605304 2.418554 
2454043.536602 2.881688 
2454044.467900 3.089429 
2454045.399198 3.070699 
2454046.330496 2.839234 
2454047.261794 2.398745 
2454048.193091 1.748034 
2454049.124389 0.890078 
2454050.055687 -0.142379 
2454050.986985 -1.219187 
2454051.918283 -2.004177 
2454052.849581 -2.032505 
2454053.780879 -1.270687 
2454054.712176 -0.275569 
2454055.643474 0.499283 
2454056.574772 0.949214 
2454057.506070 1.121633 
2454058.437368 1.082210 
2454059.368666 0.878670 
2454060.299964 0.538247 
2454061.231261 0.071790 
2454062.162559 -0.521397 
2454063.093857 -1.246071 
2454064.025155 -2.092163 
2454064.956453 -2.983535 
2454065.887751 -3.674205 
2454066.819049 -3.712213 
2454067.750346 -2.852427 
2454068.681644 -1.514786 
2454069.612942 -0.264279 
2454070.544240 0.684203 
2454071.475538 1.341516 
2454072.406836 1.767200 
2454073.338133 2.007626 
2454074.269431 2.086357 
2454075.200729 2.007233 
2454076.132027 1.759434 
2454077.063325 1.324447 
2454077.994623 0.690809 
2454078.925921 -0.107437 
2454079.857218 -0.902642 
2454080.788516 -1.299184 
2454081.719814 -0.899752 
2454082.651112 0.103158 
2454083.582410 1.112397 
2454084.513708 1.798448 
2454085.445006 2.133288 
2454086.376303 2.184635 
2454087.307601 2.019643 
2454088.238899 1.684125 
2454089.170197 1.203489 
2454090.101495 0.587281 
2454091.032793 -0.165490 
2454091.964090 -1.056515 
2454092.895388 -2.061965 
2454093.826686 -3.065017 
2454094.757984 -3.745716 
2454095.689282 -3.645135 
2454096.620580 -2.715629 
2454097.551878 -1.511048 
2454098.483175 -0.500265 
2454099.414473 0.200602 
2454100.345771 0.634433 
2454101.277069 0.865093 
2454102.208367 0.938993 
2454103.139665 0.881694 
2454104.070963 0.701526 
2454105.002260 0.393958 
2454105.933558 -0.051526 
2454106.864856 -0.633475 
2454107.796154 -1.288821 
2454108.727452 -1.790165 
2454109.658750 -1.701851 
2454110.590048 -0.775570 
2454111.521345 0.573922 
2454112.452643 1.766305 
2454113.383941 2.572595 
2454114.315239 3.002268 
2454115.246537 3.123001 
2454116.177835 2.995585 
2454117.109132 2.662387 
2454118.040430 2.148861 
2454118.971728 1.466982 
2454119.903026 0.620363 
2454120.834324 -0.383203 
2454121.765622 -1.496063 
2454122.696920 -2.545586 
2454123.628217 -3.137467 
2454124.559515 -2.865714 
2454125.490813 -1.905945 
2454126.422111 -0.862361 
2454127.353409 -0.085073 
2454128.284707 0.383121 
2454129.216005 0.600796 
2454130.147302 0.628606 
2454131.078600 0.507369 
2454132.009898 0.258668 
2454132.941196 -0.110843 
2454133.872494 -0.604454 
2454134.803792 -1.226149 
2454135.735089 -1.955553 
2454136.666387 -2.682515 
2454137.597685 -3.097340 
2454138.528983 -2.743524 
2454139.460281 -1.558277 
2454140.391579 -0.093729 
2454141.322877 1.160635 
2454142.254174 2.068468 
2454143.185472 2.657385 
2454144.116770 2.978274 
2454145.048068 3.066594 
2454145.979366 2.940311 
2454146.910664 2.605016 
2454147.841962 2.059206 
2454148.773259 1.301129 
2454149.704557 0.345543 
2454150.635855 -0.729168 
2454151.567153 -1.681042 
2454152.498451 -2.055506 
2454153.429749 -1.566483 
2454154.361046 -0.591622 
2454155.292344 0.297947 
2454156.223642 0.872836 
2454157.154940 1.143233 
2454158.086238 1.175783 
2454159.017536 1.026878 
2454159.948834 0.731788 
2454160.880131 0.307521 
2454161.811429 -0.242542 
2454162.742727 -0.922809 
2454163.674025 -1.732874 
2454164.605323 -2.632796 
2454165.536621 -3.459784 
2454166.467919 -3.829199 
2454167.399216 -3.329095 
2454168.330514 -2.115372 
2454169.261812 -0.792952 
2454170.193110 0.273995 
2454171.124408 1.033538 
2454172.055706 1.538899 
2454172.987004 1.845196 
2454173.918301 1.985884 
2454174.849599 1.972937 
2454175.780897 1.801357 
2454176.712195 1.454842 
2454177.643493 0.916038 
2454178.574791 0.192511 
2454179.506088 -0.617673 
2454180.437386 -1.214756 
2454181.368684 -1.137749 
2454182.299982 -0.293867 
2454183.231280 0.789727 
2454184.162578 1.631936 
2454185.093876 2.109333 
2454186.025173 2.269816 
2454186.956471 2.186268 
2454187.887769 1.914045 
2454188.819067 1.486771 
2454189.750365 0.920237 
2454190.681663 0.217266 
2454191.612961 -0.625119 
2454192.544258 -1.598315 
2454193.475556 -2.634888 
2454194.406854 -3.508503 
2454195.338152 -3.777416 
2454196.269450 -3.148331 
2454197.200748 -1.987536 
2454198.132045 -0.877312 
2454199.063343 -0.061997 
2454199.994641 0.461494 
2454200.925939 0.757122 
2454201.857237 0.879864 
2454202.788535 0.863616 
2454203.719833 0.723495 
2454204.651130 0.460031 
2454205.582428 0.064469 
2454206.513726 -0.469427 
2454207.445024 -1.112012 
2454208.376322 -1.716277 
2454209.307620 -1.916360 
2454210.238918 -1.305868 
2454211.170215 -0.031895 
2454212.101513 1.291511 
2454213.032811 2.281020 
2454213.964109 2.876225 
2454214.895407 3.133013 
2454215.826705 3.116722 
2454216.758002 2.876468 
2454217.689300 2.443826 
2454218.620598 1.835819 
2454219.551896 1.058878 
2454220.483194 0.117095 
2454221.414492 -0.964371 
2454222.345790 -2.076939 
2454223.277087 -2.918786 
2454224.208385 -3.024667 
2454225.139683 -2.283010 
2454226.070981 -1.215406 
2454227.002279 -0.321087 
2454227.933577 0.258743 
2454228.864875 0.560775 
2454229.796172 0.650125 
2454230.727470 0.576133 
2454231.658768 0.367703 
2454232.590066 0.037007 
2454233.521364 -0.415898 
2454234.452662 -0.996353 
2454235.383960 -1.698581 
2454236.315257 -2.460141 
2454237.246555 -3.063699 
2454238.177853 -3.075058 
2454239.109151 -2.190888 
2454240.040449 -0.765138 
2454240.971747 0.606388 
2454241.903044 1.657924 
2454242.834342 2.376101 
2454243.765640 2.811225 
2454244.696938 3.005883 
2454245.628236 2.983678 
2454246.559534 2.753165 
2454247.490832 2.313464 
2454248.422129 1.660220 
2454249.353427 0.796977 
2454250.284725 -0.233246 
2454251.216023 -1.269462 
2454252.147321 -1.930779 
2454253.078619 -1.781238 
2454254.009917 -0.924494 
2454254.941214 0.046893 
2454255.872512 0.752150 
2454256.803810 1.133229 
2454257.735108 1.247945 
2454258.666406 1.160102 
2454259.597704 0.913643 
2454260.529001 0.532538 
2454261.460299 0.025178 
2454262.391597 -0.610574 
2454263.322895 -1.378650 
2454264.254193 -2.261755 
2454265.185491 -3.160550 
2454266.116789 -3.784387 
2454267.048086 -3.670864 
2454267.979384 -2.690709 
2454268.910682 -1.355588 
2454269.841980 -0.176591 
2454270.773278 0.693605 
2454271.704576 1.285819 
2454272.635874 1.660588 
2454273.567171 1.861413 
2454274.498469 1.909243 
2454275.429767 1.806051 
2454276.361065 1.539764 
2454277.292363 1.091707 
2454278.223661 0.453987 
2454279.154958 -0.324509 
2454280.086256 -1.039584 
2454281.017554 -1.262901 
2454281.948852 -0.672356 
2454282.880150 0.407948 
2454283.811448 1.393427 
2454284.742746 2.026825 
2454285.674043 2.312324 
2454286.605341 2.322328 
2454287.536639 2.121329 
2454288.467937 1.751910 
2454289.399235 1.236962 
2454290.330533 0.584300 
2454291.261831 -0.207630 
2454292.193128 -1.138048 
2454293.124426 -2.171971 
2454294.055724 -3.161922 
2454294.987022 -3.742898 
2454295.918320 -3.481296 
2454296.849618 -2.466529 
2454297.780916 -1.293972 
2454298.712213 -0.361145 
2454299.643511 0.263348 
2454300.574809 0.633118 
2454301.506107 0.810117 
2454302.437405 0.836967 
2454303.368703 0.736130 
2454304.300000 0.513864 
2454305.231298 0.164794 
2454306.162596 -0.320026 
2454307.093894 -0.931200 
2454308.025192 -1.582049 
2454308.956490 -1.999915 
2454309.887788 -1.735313 
2454310.819085 -0.652719 
2454311.750383 0.736103 
2454312.681681 1.900163 
2454313.612979 2.671318 
2454314.544277 3.076959 
2454315.475575 3.183011 
2454316.406873 3.044772 
2454317.338170 2.699932 
2454318.269468 2.170762 
2454319.200766 1.467498 
2454320.132064 0.593954 
2454321.063362 -0.437371 
2454321.994660 -1.562355 
2454322.925957 -2.569767 
2454323.857255 -3.028282 
2454324.788553 -2.600240 
2454325.719851 -1.592845 
2454326.651149 -0.600933 
2454327.582447 0.098640 
2454328.513745 0.496467 
2454329.445042 0.655817 
2454330.376340 0.634106 
2454331.307638 0.468226 
2454332.238936 0.176590 
2454333.170234 -0.236416 
2454334.101532 -0.775051 
2454335.032830 -1.441163 
2454335.964127 -2.203623 
2454336.895425 -2.922151 
2454337.826723 -3.241278 
2454338.758021 -2.725251 
2454339.689319 -1.446484 
2454340.620617 -0.002733 
2454341.551914 1.187990 
2454342.483212 2.039201 
2454343.414510 2.590475 
2454344.345808 2.890792 
2454345.277106 2.970781 
2454346.208404 2.843340 
2454347.139702 2.509285 
2454348.070999 1.963179 
2454349.002297 1.201727 
2454349.933595 0.244725 
2454350.864893 -0.808467 
2454351.796191 -1.672245 
2454352.727489 -1.875888 
2454353.658787 -1.242257 
2454354.590084 -0.248758 
2454355.521382 0.582176 
2454356.452680 1.085957 
2454357.383978 1.294585 
2454358.315276 1.275816 
2454359.246574 1.082521 
2454360.177872 0.746440 
2454361.109169 0.281811 
2454362.040467 -0.309883 
2454362.971765 -1.033405 
2454363.903063 -1.884513 
2454364.834361 -2.808002 
2454365.765659 -3.603792 
2454366.696956 -3.849408 
2454367.628254 -3.197295 
2454368.559552 -1.936831 
2454369.490850 -0.668097 
2454370.422148 0.318614 
2454371.353446 1.006513 
2454372.284744 1.454673 
2454373.216041 1.715949 
2454374.147339 1.820892 
2454375.078637 1.779350 
2454376.009935 1.584932 
2454376.941233 1.220780 
2454377.872531 0.671304 
2454378.803829 -0.046687 
2454379.735126 -0.807746 
2454380.666424 -1.268851 
2454381.597722 -0.988984 
2454382.529020 -0.012332 
2454383.460318 1.080642 
2454384.391616 1.877278 
2454385.322913 2.304282 
2454386.254211 2.421944 
2454387.185509 2.301997 
2454388.116807 1.996471 
2454389.048105 1.536176 
2454389.979403 0.934881 
2454390.910701 0.194306 
2454391.841998 -0.687641 
2454392.773296 -1.695731 
2454393.704594 -2.741088 
2454394.635892 -3.553790 
2454395.567190 -3.673528 
2454396.498488 -2.912975 
2454397.429786 -1.742841 
2454398.361083 -0.700427 
2454399.292381 0.035286 
2454400.223679 0.489755 
2454401.154977 0.728032 
2454402.086275 0.801456 
2454403.017573 0.740409 
2454403.948871 0.557463 
2454404.880168 0.251682 
2454405.811466 -0.185423 
2454406.742764 -0.755548 
2454407.674062 -1.413251 
2454408.605360 -1.973874 
2454409.536658 -2.031649 
2454410.467955 -1.239852 
2454411.399253 0.119174 
2454412.330551 1.430384 
2454413.261849 2.382521 
2454414.193147 2.948880 
2454415.124445 3.188629 
2454416.055743 3.161971 
2454416.987040 2.912586 
2454417.918338 2.468035 
2454418.849636 1.842829 
2454419.780934 1.042557 
2454420.712232 0.073601 
2454421.643530 -1.028456 
2454422.574828 -2.126042 
2454423.506125 -2.871130 
2454424.437423 -2.811841 
2454425.368721 -1.969620 
2454426.300019 -0.922626 
2454427.231317 -0.101890 
2454428.162615 0.403273 
2454429.093912 0.642511 
2454430.025210 0.679448 
2454430.956508 0.559433 
2454431.887806 0.307852 
2454432.819104 -0.065769 
2454433.750402 -0.562990 
2454434.681700 -1.188677 
2454435.612997 -1.930841 
2454436.544295 -2.706179 
2454437.475593 -3.253976 
2454438.406891 -3.118534 
2454439.338189 -2.098167 
2454440.269487 -0.654155 
2454441.200785 0.660530 
2454442.132082 1.647655 
2454443.063380 2.318136 
2454443.994678 2.724068 
2454444.925976 2.904072 
2454445.857274 2.876948 
2454446.788572 2.646525 
2454447.719869 2.207621 
2454448.651167 1.553000 
2454449.582465 0.687612 
2454450.513763 -0.332702 
2454451.445061 -1.311818 
2454452.376359 -1.828874 
2454453.307657 -1.503448 
2454454.238954 -0.574906 
2454455.170252 0.360080 
2454456.101550 0.995378 
2454457.032848 1.310803 
2454457.964146 1.370816 
2454458.895444 1.236624 
2454459.826742 0.948475 
2454460.758039 0.527275 
2454461.689337 -0.020840 
2454462.620635 -0.699138 
2454463.551933 -1.509940 
2454464.483231 -2.426575 
2454465.414529 -3.322112 
2454466.345827 -3.860222 
2454467.277124 -3.588677 
2454468.208422 -2.509815 
2454469.139720 -1.197038 
2454470.071018 -0.094596 
2454471.002316 0.698419 
2454471.933614 1.227078 
2454472.864911 1.551349 
2454473.796209 1.711683 
2454474.727507 1.726550 
2454475.658805 1.596293 
2454476.590103 1.308009 
2454477.521401 0.843720 
2454478.452699 0.201037 
2454479.383996 -0.552254 
2454480.315294 -1.171304 
2454481.246592 -1.206793 
2454482.177890 -0.437608 
2454483.109188 0.698266 
2454484.040486 1.653293 
2454484.971784 2.237066 
2454485.903081 2.478199 
2454486.834379 2.451130 
2454487.765677 2.217249 
2454488.696975 1.816023 
2454489.628273 1.268031 
2454490.559571 0.579595 
2454491.490868 -0.250961 
2454492.422166 -1.219257 
2454493.353464 -2.276282 
2454494.284762 -3.239232 
2454495.216060 -3.701922 
2454496.147358 -3.282272 
2454497.078656 -2.206905 
2454498.009953 -1.080828 
2454498.941251 -0.227532 
2454499.872549 0.323020 
2454500.803847 0.631180 
2454501.735145 0.756124 
2454502.666443 0.736661 
2454503.597741 0.592255 
2454504.529038 0.327179 
2454505.460336 -0.064597 
2454506.391634 -0.589790 
2454507.322932 -1.229050 
2454508.254230 -1.867751 
2454509.185528 -2.186521 
2454510.116825 -1.741705 
2454511.048123 -0.527191 
2454511.979421 0.878026 
2454512.910719 2.006771 
2454513.842017 2.743604 
2454514.773315 3.128109 
2454515.704613 3.222765 
2454516.635910 3.076946 
2454517.567208 2.723466 
2454518.498506 2.181266 
2454519.429804 1.458828 
2454520.361102 0.560556 
2454521.292400 -0.494915 
2454522.223698 -1.623397 
2454523.154995 -2.571060 
2454524.086293 -2.880538 
2454525.017591 -2.308516 
2454525.948889 -1.277181 
2454526.880187 -0.346225 
2454527.811485 0.276201 
2454528.742783 0.606426 
2454529.674080 0.709806 
2454530.605378 0.640127 
2454531.536676 0.430461 
2454532.467974 0.096217 
2454533.399272 -0.360311 
2454534.330570 -0.944009 
2454535.261867 -1.653575 
2454536.193165 -2.444423 
2454537.124463 -3.141566 
2454538.055761 -3.347163 
2454538.987059 -2.672174 
2454539.918357 -1.326135 
2454540.849655 0.079612 
2454541.780952 1.202091 
2454542.712250 1.995859 
2454543.643548 2.508555 
2454544.574846 2.786702 
2454545.506144 2.856534 
2454546.437442 2.726419 
2454547.368740 2.392818 
2454548.300037 1.846682 
2454549.231335 1.083733 
2454550.162633 0.130523 
2454551.093931 -0.888674 
2454552.025229 -1.643221 
2454552.956527 -1.665595 
2454553.887824 -0.905855 
2454554.819122 0.087414 
2454555.750420 0.855665 
2454556.681718 1.290938 
2454557.613016 1.441138 
2454558.544314 1.373564 
2454559.475612 1.137465 
2454560.406909 0.761243 
2454561.338207 0.256571 
2454562.269505 -0.376727 
2454563.200803 -1.143241 
2454564.132101 -2.033439 
2454565.063399 -2.973335 
2454565.994697 -3.721476 
2454566.925994 -3.827836 
2454567.857292 -3.035684 
2454568.788590 -1.752867 
2454569.719888 -0.548083 
2454570.651186 0.358137 
2454571.582484 0.976228 
2454572.513781 1.368278 
2454573.445079 1.584350 
2454574.376377 1.652131 
2454575.307675 1.579511 
2454576.238973 1.358992 
2454577.170271 0.973747 
2454578.101569 0.411311 
2454579.032866 -0.299171 
2454579.964164 -0.999850 
2454580.895462 -1.306964 
2454581.826760 -0.824919 
2454582.758058 0.261495 
2454583.689356 1.350430 
2454584.620654 2.101806 
2454585.551951 2.483203 
2454586.483249 2.562818 
2454587.414547 2.410183 
2454588.345845 2.073967 
2454589.277143 1.582339 
2454590.208441 0.947259 
2454591.139739 0.169667 
2454592.071036 -0.750886 
2454593.002334 -1.790526 
2454593.933632 -2.834667 
2454594.864930 -3.567753 
2454595.796228 -3.529246 
2454596.727526 -2.657008 
2454597.658823 -1.498373 
2454598.590121 -0.529384 
2454599.521419 0.128328 
2454600.452717 0.516440 
2454601.384015 0.699364 
2454602.315313 0.724592 
2454603.246611 0.619086 
2454604.177908 0.392961 
2454605.109206 0.043947 
2454606.040504 -0.435781 
2454606.971802 -1.042073 
2454607.903100 -1.710306 
2454608.834398 -2.213967 
2454609.765696 -2.116789 
2454610.696993 -1.158159 
2454611.628291 0.258197 
2454612.559589 1.544046 
2454613.490887 2.457109 
2454614.422185 2.996616 
2454615.353483 3.222169 
2454616.284780 3.188166 
2454617.216078 2.932629 
2454618.147376 2.478923 
2454619.078674 1.838932 
2454620.009972 1.017542 
2454620.941270 0.024293 
2454621.872568 -1.092228 
2454622.803865 -2.160806 
2454623.735163 -2.789385 
2454624.666461 -2.564429 
2454625.597759 -1.645415 
2454626.529057 -0.634741 
2454627.460355 0.110249 
2454628.391653 0.543182 
2454629.322950 0.722269 
2454630.254248 0.708673 
2454631.185546 0.543757 
2454632.116844 0.249555 
2454633.048142 -0.166894 
2454633.979440 -0.708514 
2454634.910737 -1.379043 
2454635.842035 -2.158414 
2454636.773333 -2.938346 
2454637.704631 -3.412522 
2454638.635929 -3.121418 
2454639.567227 -1.985365 
2454640.498525 -0.546187 
2454641.429822 0.703286 
2454642.361120 1.624595 
2454643.292418 2.246763 
2454644.223716 2.622124 
2454645.155014 2.785509 
2454646.086312 2.751466 
2454647.017610 2.519620 
2454647.948907 2.080900 
2454648.880205 1.425657 
2454649.811503 0.561392 
2454650.742801 -0.440189 
2454651.674099 -1.343883 
2454652.605397 -1.697923 
2454653.536695 -1.204505 
2454654.467992 -0.226876 
2454655.399290 0.662314 
2454656.330588 1.228734 
2454657.261886 1.481991 
2454658.193184 1.490272 
2454659.124482 1.311726 
2454660.055779 0.983049 
2454660.987077 0.522290 
2454661.918375 -0.066459 
2454662.849673 -0.787227 
2454663.780971 -1.639760 
2454664.712269 -2.585452 
2454665.643567 -3.465156 
2454666.574864 -3.898574 
2454667.506162 -3.468209 
2454668.437460 -2.314691 
2454669.368758 -1.040953 
2454670.300056 -0.018050 
2454671.231354 0.699453 
2454672.162652 1.166217 
2454673.093949 1.440500 
2454674.025247 1.559600 
2454674.956545 1.539616 
2454675.887843 1.379459 
2454676.819141 1.065782 
2454677.750439 0.582221 
2454678.681736 -0.065881 
2454679.613034 -0.787332 
2454680.544332 -1.293715 
2454681.475630 -1.131349 
2454682.406928 -0.201389 
2454683.338226 0.969964 
2454684.269524 1.890326 
2454685.200821 2.428293 
2454686.132119 2.630147 
2454687.063417 2.570288 
2454687.994715 2.306690 
2454688.926013 1.875818 
2454689.857311 1.296123 
2454690.788609 0.572692 
2454691.719906 -0.295760 
2454692.651204 -1.299878 
2454693.582502 -2.373290 
2454694.513800 -3.293444 
2454695.445098 -3.620996 
2454696.376396 -3.052360 
2454697.307694 -1.941030 
2454698.238991 -0.872760 
2454699.170289 -0.099217 
2454700.101587 0.380017 
2454701.032885 0.628921 
2454701.964183 0.703311 
2454702.895481 0.638230 
2454703.826778 0.450245 
2454704.758076 0.141752 
2454705.689374 -0.293691 
2454706.620672 -0.859751 
2454707.551970 -1.524721 
2454708.483268 -2.141476 
2454709.414566 -2.345111 
2454710.345863 -1.721670 
2454711.277161 -0.402386 
2454712.208459 0.999014 
2454713.139757 2.086990 
2454714.071055 2.790175 
2454715.002353 3.155779 
2454715.933651 3.241677 
2454716.864948 3.091063 
2454717.796246 2.731697 
2454718.727544 2.179015 
2454719.658842 1.439719 
2454720.590140 0.519255 
2454721.521438 -0.555894 
2454722.452735 -1.677462 
2454723.384033 -2.546184 
2454724.315331 -2.694621 
2454725.246629 -1.995896 
2454726.177927 -0.962303 
2454727.109225 -0.098836 
2454728.040523 0.447887 
2454728.971820 0.713319 
2454729.903118 0.762950 
2454730.834416 0.646717 
2454731.765714 0.394019 
2454732.697012 0.017424 
2454733.628310 -0.482670 
2454734.559608 -1.111342 
2454735.490905 -1.862900 
2454736.422203 -2.676128 
2454737.353501 -3.336944 
2454738.284799 -3.412557 
2454739.216097 -2.587779 
2454740.147395 -1.200670 
2454741.078692 0.153289 
2454742.009990 1.204593 
2454742.941288 1.940502 
2454743.872586 2.413645 
2454744.803884 2.667781 
2454745.735182 2.725199 
2454746.666480 2.590317 
2454747.597777 2.255747 
2454748.529075 1.709298 
2454749.460373 0.946539 
2454750.391671 0.002944 
2454751.322969 -0.968060 
2454752.254267 -1.591891 
2454753.185565 -1.427929 
2454754.116862 -0.563327 
2454755.048160 0.413985 
2454755.979458 1.117755 
2454756.910756 1.487742 
2454757.842054 1.582908 
2454758.773352 1.468981 
2454759.704650 1.191602 
2454760.635947 0.776038 
2454761.567245 0.231603 
2454762.498543 -0.443255 
2454763.429841 -1.252319 
2454764.361139 -2.179000 
2454765.292437 -3.126553 
2454766.223734 -3.809116 
2454767.155032 -3.764341 
2454768.086330 -2.849311 
2454769.017628 -1.566692 
2454769.948926 -0.433287 
2454770.880224 0.393191 
2454771.811522 0.943506 
2454772.742819 1.280603 
2454773.674117 1.451399 
2454774.605415 1.480769 
2454775.536713 1.374777 
2454776.468011 1.125063 
2454777.399309 0.715433 
2454778.330607 0.138067 
2454779.261904 -0.562022 
2454780.193202 -1.189671 
2454781.124500 -1.326723 
2454782.055798 -0.649896 
2454782.987096 0.522370 
2454783.918394 1.596710 
2454784.849691 2.304470 
2454785.780989 2.645280 
2454786.712287 2.691625 
2454787.643585 2.510030 
2454788.574883 2.145794 
2454789.506181 1.624601 
2454790.437479 0.956806 
2454791.368776 0.142934 
2454792.300074 -0.814901 
2454793.231372 -1.881780 
2454794.162670 -2.912818 
2454795.093968 -3.547084 
2454796.025266 -3.346609 
2454796.956564 -2.385614 
2454797.887861 -1.256410 
2454798.819159 -0.364312 
2454799.750457 0.217509 
2454800.681755 0.541886 
2454801.613053 0.671333 
2454802.544351 0.649410 
2454803.475648 0.499763 
2454804.406946 0.230161 
2454805.338244 -0.162841 
2454806.269542 -0.685897 
2454807.200840 -1.327410 
2454808.132138 -1.999750 
2454809.063436 -2.431332 
2454809.994733 -2.169758 
2454810.926031 -1.064074 
2454811.857329 0.383382 
2454812.788627 1.633174 
2454813.719925 2.505878 
2454814.651223 3.019979 
2454815.582521 3.233463 
2454816.513818 3.194541 
2454817.445116 2.935438 
2454818.376414 2.475140 
2454819.307712 1.822772 
2454820.239010 0.982686 
2454821.170308 -0.031390 
2454822.101606 -1.154864 
2454823.032903 -2.178336 
2454823.964201 -2.671674 
2454824.895499 -2.286576 
2454825.826797 -1.315117 
2454826.758095 -0.353235 
2454827.689393 0.315400 
2454828.620690 0.678804 
2454829.551988 0.800289 
2454830.483286 0.737897 
2454831.414584 0.529086 
2454832.345882 0.192704 
2454833.277180 -0.266518 
2454834.208478 -0.852574 
2454835.139775 -1.567261 
2454836.071073 -2.380177 
2454837.002371 -3.153613 
2454837.933669 -3.535587 
2454838.864967 -3.085013 
2454839.796265 -1.856953 
2454840.727563 -0.442613 
2454841.658860 0.735759 
2454842.590158 1.590646 
2454843.521456 2.164014 
2454844.452754 2.507318 
2454845.384052 2.651835 
2454846.315350 2.608413 
2454847.246647 2.373043 
2454848.177945 1.933287 
2454849.109243 1.277763 
2454850.040541 0.418055 
2454850.971839 -0.554715 
2454851.903137 -1.363167 
2454852.834435 -1.538597 
2454853.765732 -0.890448 
2454854.697030 0.115189 
2454855.628328 0.952222 
2454856.559626 1.451989 
2454857.490924 1.646769 
2454858.422222 1.606260 
2454859.353520 1.385299 
2454860.284817 1.017205 
2454861.216115 0.517383 
2454862.147413 -0.111886 
2454863.078711 -0.874953 
2454864.010009 -1.767811 
2454864.941307 -2.736911 
2454865.872604 -3.586291 
2454866.803902 -3.897023 
2454867.735200 -3.313139 
2454868.666498 -2.109884 
2454869.597796 -0.888647 
2454870.529094 0.053390 
2454871.460392 0.697435 
2454872.391689 1.104029 
2454873.322987 1.328901 
2454874.254285 1.406161 
2454875.185583 1.349631 
2454876.116881 1.156942 
2454877.048179 0.814674 
2454877.979477 0.309085 
2454878.910774 -0.344215 
2454879.842072 -1.025760 
2454880.773370 -1.402650 
2454881.704668 -1.038077 
2454882.635966 0.030623 
2454883.567264 1.219688 
2454884.498562 2.103186 
2454885.429859 2.599649 
2454886.361157 2.767318 
2454887.292455 2.678932 
2454888.223753 2.388821 
2454889.155051 1.930540 
2454890.086349 1.320579 
2454891.017646 0.563058 
2454891.948944 -0.342300 
2454892.880242 -1.379516 
2454893.811540 -2.461043 
2454894.742838 -3.320920 
2454895.674136 -3.499453 
2454896.605434 -2.796502 
2454897.536731 -1.672553 
2454898.468029 -0.670507 
2454899.399327 0.024091 
2454900.330625 0.434718 
2454901.261923 0.626598 
2454902.193221 0.651828 
2454903.124519 0.541765 
2454904.055816 0.310203 
2454904.987114 -0.042220 
2454905.918412 -0.522038 
2454906.849710 -1.128842 
2454907.781008 -1.815742 
2454908.712306 -2.398559 
2454909.643603 -2.471573 
2454910.574901 -1.677020 
2454911.506199 -0.281244 
2454912.437497 1.099118 
2454913.368795 2.142111 
2454914.300093 2.812058 
2454915.231391 3.160284 
2454916.162688 3.239360 
2454917.093986 3.086196 
2454918.025284 2.723365 
2454918.956582 2.162620 
2454919.887880 1.408858 
2454920.819178 0.469118 
2454921.750476 -0.620246 
2454922.681773 -1.722529 
2454923.613071 -2.492122 
2454924.544369 -2.472294 
2454925.475667 -1.667863 
2454926.406965 -0.650942 
2454927.338263 0.140890 
2454928.269560 0.613999 
2454929.200858 0.817439 
2454930.132156 0.815414 
2454931.063454 0.653923 
2454931.994752 0.358852 
2454932.926050 -0.059902 
2454933.857348 -0.603612 
2454934.788645 -1.277016 
2454935.719943 -2.068506 
2454936.651241 -2.896585 
2454937.582539 -3.504350 
2454938.513837 -3.436193 
2454939.445135 -2.476358 
2454940.376433 -1.073052 
2454941.307730 0.218544 
2454942.239028 1.197087 
2454943.170326 1.875055 
2454944.101624 2.307681 
2454945.032922 2.535805 
2454945.964220 2.578232 
2454946.895518 2.436003 
2454947.826815 2.098451 
2454948.758113 1.550882 
2454949.689411 0.789834 
2454950.620709 -0.137606 
2454951.552007 -1.044528 
2454952.483305 -1.516838 
2454953.414602 -1.167439 
2454954.345900 -0.220443 
2454955.277198 0.728549 
2454956.208496 1.367924 
2454957.139794 1.676320 
2454958.071092 1.719881 
2454959.002390 1.562001 
2454959.933687 1.244810 
2454960.864985 0.790655 
2454961.796283 0.206708 
2454962.727581 -0.509643 
2454963.658879 -1.360582 
2454964.590177 -2.320345 
2454965.521475 -3.265057 
2454966.452772 -3.863178 
2454967.384070 -3.660146 
2454968.315368 -2.643443 
2454969.246666 -1.380980 
2454970.177964 -0.323950 
2454971.109262 0.424258 
2454972.040559 0.908936 
2454972.971857 1.192279 
2454973.903155 1.317829 
2454974.834453 1.307707 
2454975.765751 1.166255 
2454976.697049 0.884486 
2454977.628347 0.447474 
2454978.559644 -0.146224 
2454979.490942 -0.831779 
2454980.422240 -1.372396 
2454981.353538 -1.326436 
2454982.284836 -0.468648 
2454983.216134 0.765941 
2454984.147432 1.817722 
2454985.078729 2.484409 
2454986.010027 2.789695 
2454986.941325 2.807459 
2454987.872623 2.600606 
2454988.803921 2.211061 
2454989.735219 1.662147 
2454990.666517 0.962815 
2454991.597814 0.113586 
2454992.529112 -0.879769 
2454993.460410 -1.968448 
2454994.391708 -2.972565 
2454995.323006 -3.489263 
2454996.254304 -3.129081 
2454997.185601 -2.103869 
2454998.116899 -1.018865 
2454999.048197 -0.205374 
2454999.979495 0.302992 
2455000.910793 0.566167 
2455001.842091 0.643898 
2455002.773389 0.575820 
2455003.704686 0.382384 
2455004.635984 0.069114 
2455005.567282 -0.368425 
2455006.498580 -0.935075 
2455007.429878 -1.609841 
2455008.361176 -2.277864 
2455009.292474 -2.620937 
2455010.223771 -2.189888 
2455011.155069 -0.961077 
2455012.086367 0.493658 
2455013.017665 1.698875 
2455013.948963 2.530151 
2455014.880261 3.019693 
2455015.811558 3.222484 
2455016.742856 3.180399 
2455017.674154 2.919809 
2455018.605452 2.455172 
2455019.536750 1.792735 
2455020.468048 0.936545 
2455021.399346 -0.094226 
2455022.330643 -1.215569 
2455023.261941 -2.175898 
2455024.193239 -2.517513 
2455025.124537 -1.983608 
2455026.055835 -0.983243 
2455026.987133 -0.079505 
2455027.918431 0.513444 
2455028.849728 0.810247 
2455029.781026 0.876628 
2455030.712324 0.767087 
2455031.643622 0.515296 
2455032.574920 0.137107 
2455033.506218 -0.364862 
2455034.437515 -0.995315 
2455035.368813 -1.753111 
2455036.300111 -2.594837 
2455037.231409 -3.348742 
2455038.162707 -3.620155 
2455039.094005 -3.012097 
2455040.025303 -1.717379 
2455040.956600 -0.344499 
2455041.887898 0.758967 
2455042.819196 1.547435 
2455043.750494 2.071623 
2455044.681792 2.381322 
2455045.613090 2.504524 
2455046.544388 2.448904 
2455047.475685 2.207383 
2455048.406983 1.764783 
2455049.338281 1.108900 
2455050.269579 0.257387 
2455051.200877 -0.675157 
2455052.132175 -1.367585 
2455053.063473 -1.353211 
2455053.994770 -0.567932 
2455054.926068 0.447176 
2455055.857366 1.228395 
2455056.788664 1.664632 
2455057.719962 1.804786 
2455058.651260 1.718428 
2455059.582557 1.456970 
2455060.513855 1.050546 
2455061.445153 0.512134 
2455062.376451 -0.157534 
2455063.307749 -0.962590 
2455064.239047 -1.893833 
2455065.170345 -2.879293 
2455066.101642 -3.682027 
2455067.032940 -3.854235 
2455067.964238 -3.128093 
2455068.895536 -1.899464 
2455069.826834 -0.741082 
2455070.758132 0.120047 
2455071.689430 0.692913 
2455072.620727 1.041049 
2455073.552025 1.217117 
2455074.483323 1.252046 
2455075.414621 1.157457 
2455076.345919 0.929825 
2455077.277217 0.556019 
2455078.208514 0.026035 
2455079.139812 -0.631333 
2455080.071110 -1.263314 
2455081.002408 -1.494489 
2455081.933706 -0.929761 
2455082.865004 0.252965 
2455083.796302 1.444599 
2455084.727599 2.290568 
2455085.658897 2.750053 
2455086.590195 2.888552 
2455087.521493 2.775885 
2455088.452791 2.462530 
2455089.384089 1.979182 
2455090.315387 1.340517 
2455091.246684 0.549993 
2455092.177982 -0.390905 
2455093.109280 -1.457599 
2455094.040578 -2.537154 
2455094.971876 -3.317981 
2455095.903174 -3.337838 
2455096.834471 -2.519921 
2455097.765769 -1.404449 
2455098.697067 -0.474413 
2455099.628365 0.142898 
2455100.559663 0.487712 
2455101.490961 0.624660 
2455102.422259 0.601910 
2455103.353556 0.447308 
2455104.284854 0.172078 
2455105.216152 -0.224695 
2455106.147450 -0.749253 
2455107.078748 -1.395902 
2455108.010046 -2.099341 
2455108.941344 -2.634172 
2455109.872641 -2.562866 
2455110.803939 -1.610587 
2455111.735237 -0.166188 
2455112.666535 1.178947 
2455113.597833 2.173712 
2455114.529131 2.810440 
2455115.460429 3.142016 
2455116.391726 3.215434 
2455117.323024 3.061391 
2455118.254322 2.697159 
2455119.185620 2.130574 
2455120.116918 1.364688 
2455121.048216 0.408866 
2455121.979513 -0.688160 
2455122.910811 -1.756610 
2455123.842109 -2.406428 
2455124.773407 -2.216403 
2455125.704705 -1.329307 
2455126.636003 -0.344812 
2455127.567301 0.373148 
2455128.498598 0.775172 
2455129.429896 0.919558 
2455130.361194 0.868206 
2455131.292492 0.663024 
2455132.223790 0.326363 
2455133.155088 -0.134462 
2455134.086386 -0.722074 
2455135.017683 -1.440060 
2455135.948981 -2.268927 
2455136.880279 -3.102809 
2455137.811577 -3.639631 
2455138.742875 -3.418141 
2455139.674173 -2.343008 
2455140.605470 -0.946367 
2455141.536768 0.274969 
2455142.468066 1.180084 
2455143.399364 1.800077 
2455144.330662 2.190878 
2455145.261960 2.390429 
2455146.193258 2.414699 
2455147.124555 2.262134 
2455148.055853 1.919455 
2455148.987151 1.370068 
2455149.918449 0.612669 
2455150.849747 -0.290969 
2455151.781045 -1.116243 
2455152.712343 -1.417864 
2455153.643640 -0.889284 
2455154.574938 0.119004 
2455155.506236 1.031889 
2455156.437534 1.609446 
2455157.368832 1.860658 
2455158.300130 1.855823 
2455159.231427 1.655758 
2455160.162725 1.299491 
2455161.094023 0.806779 
2455162.025321 0.182824 
2455162.956619 -0.575742 
2455163.887917 -1.468493 
2455164.819215 -2.457800 
2455165.750512 -3.387928 
2455166.681810 -3.883124 
2455167.613108 -3.521071 
2455168.544406 -2.427586 
2455169.475704 -1.203586 
2455170.407002 -0.227178 
2455171.338300 0.444054 
2455172.269597 0.865414 
2455173.200895 1.096934 
2455174.132193 1.178150 
2455175.063491 1.128106 
2455175.994789 0.949608 
2455176.926087 0.633800 
2455177.857385 0.168303 
2455178.788682 -0.439830 
2455179.719980 -1.102105 
2455180.651278 -1.537857 
2455181.582576 -1.298570 
2455182.513874 -0.278787 
2455183.445172 0.995480 
2455184.376469 2.017931 
2455185.307767 2.645349 
2455186.239065 2.918543 
2455187.170363 2.910439 
2455188.101661 2.679982 
2455189.032959 2.266066 
2455189.964257 1.690049 
2455190.895554 0.959560 
2455191.826852 0.075045 
2455192.758150 -0.953335 
2455193.689448 -2.059720 
2455194.620746 -3.024143 
2455195.552044 -3.408358 
2455196.483342 -2.897727 
2455197.414639 -1.832609 
2455198.345937 -0.802645 
2455199.277235 -0.067702 
2455200.208533 0.369743 
2455201.139831 0.574355 
2455202.071129 0.603711 
2455203.002426 0.494195 
2455203.933724 0.262681 
2455204.865022 -0.088853 
2455205.796320 -0.567058 
2455206.727618 -1.174881 
2455207.658916 -1.879337 
2455208.590214 -2.533127 
2455209.521511 -2.771885 
2455210.452809 -2.173343 
2455211.384107 -0.850587 
2455212.315405 0.587332 
2455213.246703 1.738067 
2455214.178001 2.524498 
2455215.109299 2.988397 
2455216.040596 3.180205 
2455216.971894 3.134301 
2455217.903192 2.870425 
2455218.834490 2.398747 
2455219.765788 1.723936 
2455220.697086 0.851500 
2455221.628383 -0.191976 
2455222.559681 -1.300118 
2455223.490979 -2.177707 
2455224.422277 -2.355682 
2455225.353575 -1.690653 
2455226.284873 -0.682738 
2455227.216171 0.159656 
2455228.147468 0.684966 
2455229.078766 0.926089 
2455230.010064 0.946825 
2455230.941362 0.796318 
2455231.872660 0.504500 
2455232.803958 0.085364 
2455233.735256 -0.459465 
2455234.666553 -1.134882 
2455235.597851 -1.936156 
2455236.529149 -2.804057 
2455237.460447 -3.527694 
2455238.391745 -3.675193 
2455239.323043 -2.919613 
2455240.254341 -1.584141 
2455241.185638 -0.266196 
2455242.116936 0.758423 
2455243.048234 1.476879 
2455243.979532 1.946311 
2455244.910830 2.216219 
2455245.842128 2.312899 
2455246.773425 2.241049 
2455247.704723 1.989537 
2455248.636021 1.539743 
2455249.567319 0.879915 
2455250.498617 0.038034 
2455251.429915 -0.841159 
2455252.361213 -1.392478 
2455253.292510 -1.175697 
2455254.223808 -0.266634 
2455255.155106 0.747976 
2455256.086404 1.475132 
2455257.017702 1.853206 
2455257.949000 1.943934 
2455258.880298 1.815941 
2455259.811595 1.516489 
2455260.742893 1.071794 
2455261.674191 0.492591 
2455262.605489 -0.220418 
2455263.536787 -1.068827 
2455264.468085 -2.035656 
2455265.399382 -3.027257 
2455266.330680 -3.764193 
2455267.261978 -3.785871 
2455268.193276 -2.936227 
2455269.124574 -1.707835 
2455270.055872 -0.622324 
2455270.987170 0.157101 
2455271.918467 0.659502 
2455272.849765 0.948261 
2455273.781063 1.072488 
2455274.712361 1.060969 
2455275.643659 0.924616 
2455276.574957 0.659610 
2455277.506255 0.253035 
2455278.437552 -0.301350 
2455279.368850 -0.959258 
2455280.300148 -1.529751 
2455281.231446 -1.599878 
2455282.162744 -0.842095 
2455283.094042 0.431252 
2455284.025340 1.615482 
2455284.956637 2.426093 
2455285.887935 2.853906 
2455286.819233 2.968503 
2455287.750531 2.836642 
2455288.681829 2.505176 
2455289.613127 2.001785 
2455290.544424 1.339102 
2455291.475722 0.520133 
2455292.407020 -0.450949 
2455293.338318 -1.538915 
2455294.269616 -2.601858 
2455295.200914 -3.283711 
2455296.132212 -3.142402 
2455297.063509 -2.235452 
2455297.994807 -1.149272 
2455298.926105 -0.295209 
2455299.857403 0.248359 
2455300.788701 0.530689 
2455301.719999 0.611752 
2455302.651297 0.535005 
2455303.582594 0.327231 
2455304.513892 0.001178 
2455305.445190 -0.442587 
2455306.376488 -1.009753 
2455307.307786 -1.690709 
2455308.239084 -2.401121 
2455309.170381 -2.871921 
2455310.101679 -2.645898 
2455311.032977 -1.552851 
2455311.964275 -0.081861 
2455312.895573 1.221440 
2455313.826871 2.168216 
2455314.758169 2.771600 
2455315.689466 3.086761 
2455316.620764 3.158622 
2455317.552062 3.012819 
2455318.483360 2.658009 
2455319.414658 2.092508 
2455320.345956 1.314634 
2455321.277254 0.339856 
2455322.208551 -0.760473 
2455323.139849 -1.772714 
2455324.071147 -2.268398 
2455325.002445 -1.896693 
2455325.933743 -0.944250 
2455326.865041 -0.011843 
2455327.796338 0.615915 
2455328.727636 0.936812 
2455329.658934 1.024374 
2455330.590232 0.937854 
2455331.521530 0.706125 
2455332.452828 0.336827 
2455333.384126 -0.170272 
2455334.315423 -0.814559 
2455335.246721 -1.588472 
2455336.178019 -2.456458 
2455337.109317 -3.285826 
2455338.040615 -3.736174 
2455338.971913 -3.367302 
2455339.903211 -2.215271 
2455340.834508 -0.857121 
2455341.765806 0.285653 
2455342.697104 1.120736 
2455343.628402 1.682196 
2455344.559700 2.016994 
2455345.490998 2.163092 
2455346.422296 2.148729 
2455347.353593 1.986731 
2455348.284891 1.666591 
2455349.216189 1.158196 
2455350.147487 0.442444 
2455351.078785 -0.414950 
2455352.010083 -1.143606 
2455352.941380 -1.259145 
2455353.872678 -0.539088 
2455354.803976 0.564032 
2455355.735274 1.500594 
2455356.666572 2.067613 
2455357.597870 2.277120 
2455358.529168 2.202289 
2455359.460465 1.919182 
2455360.391763 1.483222 
2455361.323061 0.918272 
2455362.254359 0.220471 
2455363.185657 -0.623536 
2455364.116955 -1.609345 
2455365.048253 -2.673366 
2455365.979550 -3.612724 
2455366.910848 -4.014920 
2455367.842146 -3.533080 
2455368.773444 -2.444892 
2455369.704742 -1.350386 
2455370.636040 -0.527095 
2455371.567337 0.039004 
2455372.498635 0.426762 
2455373.429933 0.678155 
2455374.361231 0.790888 
2455375.292529 0.749645 
2455376.223827 0.557111 
2455377.155125 0.240171 
2455378.086422 -0.167567 
2455379.017720 -0.633828 
2455379.949018 -1.072244 
2455380.880316 -1.216866 
2455381.811614 -0.685467 
2455382.742912 0.477557 
2455383.674210 1.709109 
2455384.605507 2.606056 
2455385.536805 3.098698 
2455386.468103 3.238956 
2455387.399401 3.088005 
2455388.330699 2.703622 
2455389.261997 2.141895 
2455390.193294 1.441876 
2455391.124592 0.605277 
2455392.055890 -0.400616 
2455392.987188 -1.597489 
2455393.918486 -2.904132 
2455394.849784 -4.013178 
2455395.781082 -4.393073 
2455396.712379 -3.780879 
2455397.643677 -2.636681 
2455398.574975 -1.572018 
2455399.506273 -0.844456 
2455400.437571 -0.443643 
2455401.368869 -0.245365 
2455402.300167 -0.109447 
2455403.231464 0.042597 
2455404.162762 0.185845 
2455405.094060 0.211592 
2455406.025358 -0.002334 
2455406.956656 -0.512651 
2455407.887954 -1.253159 
2455408.819252 -1.980820 
2455409.750549 -2.243691 
2455410.681847 -1.665683 
2455411.613145 -0.507469 
2455412.544443 0.625708 
2455413.475741 1.453196 
2455414.407039 1.990917 
2455415.338336 2.297700 
2455416.269634 2.362628 
2455417.200932 2.123022 
2455418.132230 1.541720 
2455419.063528 0.666923 
2455419.994826 -0.378766 
2455420.926124 -1.471738 
2455421.857421 -2.548472 
2455422.788719 -3.556421 
2455423.720017 -4.276554 
2455424.651315 -4.304919 
2455425.582613 -3.560372 
2455426.513911 -2.453162 
2455427.445209 -1.301655 
2455428.376506 -0.211764 
2455429.307804 0.711868 
2455430.239102 1.325736 
2455431.170400 1.535352 
2455432.101698 1.356363 
2455433.032996 0.882538 
2455433.964293 0.196498 
2455434.895591 -0.689682 
2455435.826889 -1.800261 
2455436.758187 -3.068696 
2455437.689485 -4.176267 
2455438.620783 -4.547276 
2455439.552081 -3.869861 
2455440.483378 -2.616325 
2455441.414676 -1.491653 
2455442.345974 -0.851453 
2455443.277272 -0.711290 
2455444.208570 -0.882305 
2455445.139868 -1.118393 
2455446.071166 -1.274880 
2455447.002463 -1.396598 
2455447.933761 -1.666691 
2455448.865059 -2.247311 
2455449.796357 -3.127139 
2455450.727655 -4.074224 
2455451.658953 -4.682198 
2455452.590250 -4.456743 
2455453.521548 -3.139605 
2455454.452846 -1.219133 
2455455.384144 0.461351 
2455456.315442 1.502944 
2455457.246740 1.968640 
2455458.178038 2.058598 
2455459.109335 1.888385 
2455460.040633 1.442987 
2455460.971931 0.669080 
2455461.903229 -0.402844 
2455462.834527 -1.624602 
2455463.765825 -2.817459 
2455464.697123 -3.890614 
2455465.628420 -4.838839 
2455466.559718 -5.554237 
2455467.491016 -5.734453 
2455468.422314 -5.319909 
2455469.353612 -4.679843 
2455470.284910 -4.074252 
2455471.216208 -3.564718 
2455472.147505 -3.239105 
2455473.078803 -3.219265 
2455474.010101 -3.521106 
2455474.941399 -3.979150 
2455475.872697 -4.331823 
2455476.803995 -4.405473 
2455477.735292 -4.245594 
2455478.666590 -4.077865 
2455479.597888 -4.098028 
2455480.529186 -4.199439 
2455481.460484 -3.887861 
2455482.391782 -2.789643 
2455483.323080 -1.256746 
2455484.254377 0.085289 
2455485.185675 0.898078 
2455486.116973 1.138655 
2455487.048271 0.960349 
2455487.979569 0.603141 
2455488.910867 0.249593 
2455489.842165 -0.079873 
2455490.773462 -0.514817 
2455491.704760 -1.217499 
2455492.636058 -2.252038 
2455493.567356 -3.519686 
2455494.498654 -4.745996 
2455495.429952 -5.486040 
2455496.361249 -5.382210 
2455497.292547 -4.696657 
2455498.223845 -4.039417 
2455499.155143 -3.666202 
2455500.086441 -3.502268 
2455501.017739 -3.439668 
2455501.949037 -3.471126 
2455502.880334 -3.657285 
2455503.811632 -4.029162 
2455504.742930 -4.532470 
2455505.674228 -5.063423 
2455506.605526 -5.554380 
2455507.536824 -6.010774 
2455508.468122 -6.419667 
2455509.399419 -6.554834 
2455510.330717 -5.975009 
2455511.262015 -4.584056 
2455512.193313 -2.888896 
2455513.124611 -1.363680 
2455514.055909 -0.164626 
2455514.987206 0.736174 
2455515.918504 1.441285 
2455516.849802 2.040169 
2455517.781100 2.515782 
2455518.712398 2.712784 
2455519.643696 2.423355 
2455520.574994 1.549038 
2455521.506291 0.219307 
2455522.437589 -1.217663 
2455523.368887 -2.290439 
2455524.300185 -2.550713 
2455525.231483 -1.990662 
2455526.162781 -1.336932 
2455527.094079 -1.297244 
2455528.025376 -1.911927 
2455528.956674 -2.769922 
2455529.887972 -3.450630 
2455530.819270 -3.805992 
2455531.750568 -3.980563 
2455532.681866 -4.218544 
2455533.613164 -4.638872 
2455534.544461 -5.163348 
2455535.475759 -5.634081 
2455536.407057 -5.971370 
2455537.338355 -6.158261 
2455538.269653 -6.017392 
2455539.200951 -5.209965 
2455540.132248 -3.734878 
2455541.063546 -1.907049 
2455541.994844 0.061927 
2455542.926142 1.944414 
2455543.857440 3.375401 
2455544.788738 4.053261 
2455545.720036 4.000354 
2455546.651333 3.589818 
2455547.582631 3.277393 
2455548.513929 3.237136 
2455549.445227 3.196928 
2455550.376525 2.633470 
2455551.307823 1.230772 
2455552.239121 -0.691984 
2455553.170418 -2.230322 
2455554.101716 -2.741386 
2455555.033014 -2.438488 
2455555.964312 -1.869446 
2455556.895610 -1.468498 
2455557.826908 -1.433922 
2455558.758205 -1.672347 
2455559.689503 -1.909920 
2455560.620801 -1.951001 
2455561.552099 -1.872114 
2455562.483397 -1.972446 
2455563.414695 -2.511925 
2455564.345993 -3.452205 
2455565.277290 -4.402138 
2455566.208588 -4.770727 
2455567.139886 -4.030197 
2455568.071184 -2.204437 
2455569.002482 -0.163427 
2455569.933780 1.208600 
2455570.865078 1.785676 
2455571.796375 2.014903 
2455572.727673 2.388465 
2455573.658971 3.038388 
2455574.590269 3.656944 
2455575.521567 3.750975 
2455576.452865 3.018817 
2455577.384163 1.562665 
2455578.315460 -0.204297 
2455579.246758 -1.838126 
2455580.178056 -3.047541 
2455581.109354 -3.613599 
2455582.040652 -3.368937 
2455582.971950 -2.547715 
2455583.903247 -1.605126 
2455584.834545 -0.690385 
2455585.765843 0.192345 
2455586.697141 0.889994 
2455587.628439 1.145315 
2455588.559737 0.839189 
2455589.491035 0.148699 
2455590.422332 -0.542709 
2455591.353630 -0.924495 
2455592.284928 -1.002454 
2455593.216226 -1.091674 
2455594.147524 -1.515043 
2455595.078822 -2.181904 
2455596.010120 -2.481630 
2455596.941417 -1.937602 
2455597.872715 -0.753199 
2455598.804013 0.619744 
2455599.735311 1.788666 
2455600.666609 2.443986 
2455601.597907 2.460908 
2455602.529204 1.954691 
2455603.460502 1.170932 
2455604.391800 0.293499 
2455605.323098 -0.664420 
2455606.254396 -1.799703 
2455607.185694 -3.148837 
2455608.116992 -4.541117 
2455609.048289 -5.553448 
2455609.979587 -5.622074 
2455610.910885 -4.539525 
2455611.842183 -2.937182 
2455612.773481 -1.655901 
2455613.704779 -0.988131 
2455614.636077 -0.713894 
2455615.567374 -0.437218 
2455616.498672 0.094948 
2455617.429970 0.818177 
2455618.361268 1.400705 
2455619.292566 1.472848 
2455620.223864 0.872048 
2455621.155161 -0.259232 
2455622.086459 -1.557589 
2455623.017757 -2.580885 
2455623.949055 -2.874351 
2455624.880353 -2.156531 
2455625.811651 -0.785075 
2455626.742949 0.477569 
2455627.674246 1.223708 
2455628.605544 1.447789 
2455629.536842 1.255970 
2455630.468140 0.723318 
2455631.399438 -0.093959 
2455632.330736 -1.100151 
2455633.262034 -2.151556 
2455634.193331 -3.126344 
2455635.124629 -4.015087 
2455636.055927 -4.930574 
2455636.987225 -5.966018 
2455637.918523 -6.937138 
2455638.849821 -7.303633 
2455639.781119 -6.708865 
2455640.712416 -5.413107 
2455641.643714 -3.821344 
2455642.575012 -2.231532 
2455643.506310 -0.937429 
2455644.437608 -0.186931 
2455645.368906 -0.046686 
2455646.300203 -0.354268 
2455647.231501 -0.816192 
2455648.162799 -1.184674 
2455649.094097 -1.392801 
2455650.025395 -1.559058 
2455650.956693 -1.846841 
2455651.887991 -2.231465 
2455652.819288 -2.350361 
2455653.750586 -1.849499 
2455654.681884 -0.972955 
2455655.613182 -0.217576 
2455656.544480 0.207455 
2455657.475778 0.311378 
2455658.407076 0.153778 
2455659.338373 -0.219270 
2455660.269671 -0.792876 
2455661.200969 -1.579195 
2455662.132267 -2.588173 
2455663.063565 -3.784009 
2455663.994863 -5.056135 
2455664.926160 -6.220728 
2455665.857458 -7.022483 
2455666.788756 -7.114576 
2455667.720054 -6.245488 
2455668.651352 -4.784241 
2455669.582650 -3.536179 
2455670.513948 -2.918891 
2455671.445245 -2.819688 
2455672.376543 -2.893388 
2455673.307841 -2.837199 
2455674.239139 -2.555709 
2455675.170437 -2.185954 
2455676.101735 -1.986490 
2455677.033033 -2.162839 
2455677.964330 -2.737124 
2455678.895628 -3.530409 
2455679.826926 -4.227583 
2455680.758224 -4.426238 
2455681.689522 -3.738871 
2455682.620820 -2.252432 
2455683.552117 -0.701113 
2455684.483415 0.305953 
2455685.414713 0.685576 
2455686.346011 0.644193 
2455687.277309 0.416295 
2455688.208607 0.142779 
2455689.139905 -0.138727 
2455690.071202 -0.449256 
2455691.002500 -0.833363 
2455691.933798 -1.362061 
2455692.865096 -2.141196 
2455693.796394 -3.252544 
2455694.727692 -4.579324 
2455695.658990 -5.640298 
2455696.590287 -5.886752 
2455697.521585 -5.330764 
2455698.452883 -4.336541 
2455699.384181 -3.182156 
2455700.315479 -2.133182 
2455701.246777 -1.477593 
2455702.178075 -1.374994 
2455703.109372 -1.732429 
2455704.040670 -2.253907 
2455704.971968 -2.642718 
2455705.903266 -2.808646 
2455706.834564 -2.921510 
2455707.765862 -3.253814 
2455708.697159 -3.884648 
2455709.628457 -4.446492 
2455710.559755 -4.296627 
2455711.491053 -3.270322 
2455712.422351 -1.833450 
2455713.353649 -0.432157 
2455714.284947 0.717012 
2455715.216244 1.540303 
2455716.147542 2.045021 
2455717.078840 2.245548 
2455718.010138 2.088438 
2455718.941436 1.455738 
2455719.872734 0.272631 
2455720.804032 -1.357887 
2455721.735329 -3.110365 
2455722.666627 -4.518640 
2455723.597925 -5.095582 
2455724.529223 -4.492950 
2455725.460521 -2.939467 
2455726.391819 -1.340877 
2455727.323116 -0.398884 
2455728.254414 -0.138269 
2455729.185712 -0.208300 
2455730.117010 -0.288854 
2455731.048308 -0.310400 
2455731.979606 -0.430585 
2455732.910904 -0.842150 
2455733.842201 -1.586109 
2455734.773499 -2.519050 
2455735.704797 -3.438505 
2455736.636095 -4.217089 
2455737.567393 -4.764147 
2455738.498691 -4.843367 
2455739.429989 -4.212697 
2455740.361286 -3.098062 
2455741.292584 -1.928643 
2455742.223882 -0.911231 
2455743.155180 -0.182533 
2455744.086478 0.079287 
2455745.017776 -0.208516 
2455745.949073 -0.879063 
2455746.880371 -1.548046 
2455747.811669 -1.844411 
2455748.742967 -1.671312 
2455749.674265 -1.287180 
2455750.605563 -1.117717 
2455751.536861 -1.390004 
2455752.468158 -1.820739 
2455753.399456 -1.771297 
2455754.330754 -1.041263 
2455755.262052 -0.093769 
2455756.193350 0.607452 
2455757.124648 0.885068 
2455758.055946 0.808885 
2455758.987243 0.608482 
2455759.918541 0.498426 
2455760.849839 0.483601 
2455761.781137 0.307400 
2455762.712435 -0.383799 
2455763.643733 -1.765275 
2455764.575031 -3.651414 
2455765.506328 -5.526683 
2455766.437626 -6.723901 
2455767.368924 -6.693742 
2455768.300222 -5.527294 
2455769.231520 -4.102834 
2455770.162818 -3.169578 
2455771.094115 -2.781451 
2455772.025413 -2.560188 
2455772.956711 -2.134476 
2455773.888009 -1.424602 
2455774.819307 -0.664052 
2455775.750605 -0.197755 
2455776.681903 -0.234217 
2455777.613200 -0.737910 
2455778.544498 -1.510603 
2455779.475796 -2.335608 
2455780.407094 -2.992478 
2455781.338392 -3.130588 
2455782.269690 -2.430169 
2455783.200988 -1.091127 
2455784.132285 0.415653 
2455785.063583 1.800786 
2455785.994881 2.818046 
2455786.926179 3.150903 
2455787.857477 2.572358 
2455788.788775 1.158982 
2455789.720072 -0.670547 
2455790.651370 -2.355326 
2455791.582668 -3.502592 
2455792.513966 -4.090225 
2455793.445264 -4.408189 
2455794.376562 -4.747280 
2455795.307860 -5.022955 
2455796.239157 -4.776713 
2455797.170455 -3.848420 
2455798.101753 -2.629592 
2455799.033051 -1.510055 
2455799.964349 -0.704203 
2455800.895647 -0.328580 
2455801.826945 -0.385385 
2455802.758242 -0.750676 
2455803.689540 -1.245367 
2455804.620838 -1.740536 
2455805.552136 -2.210999 
2455806.483434 -2.701598 
2455807.414732 -3.240301 
2455808.346029 -3.748458 
2455809.277327 -3.965249 
2455810.208625 -3.499323 
2455811.139923 -2.311456 
2455812.071221 -1.038306 
2455813.002519 -0.287907 
2455813.933817 -0.131468 
2455814.865114 -0.277405 
2455815.796412 -0.362185 
2455816.727710 -0.162168 
2455817.659008 0.306429 
2455818.590306 0.819579 
2455819.521604 1.077609 
2455820.452902 0.856364 
2455821.384199 0.101091 
2455822.315497 -1.051485 
2455823.246795 -2.266059 
2455824.178093 -3.014314 
2455825.109391 -2.894313 
2455826.040689 -2.184488 
2455826.971987 -1.504844 
2455827.903284 -1.147151 
2455828.834582 -1.091588 
2455829.765880 -1.227401 
2455830.697178 -1.461821 
2455831.628476 -1.745937 
2455832.559774 -2.065029 
2455833.491071 -2.420377 
2455834.422369 -2.818249 
2455835.353667 -3.266979 
2455836.284965 -3.762629 
2455837.216263 -4.224423 
2455838.147561 -4.378130 
2455839.078859 -3.837832 
2455840.010156 -2.654218 
2455840.941454 -1.383794 
2455841.872752 -0.395150 
2455842.804050 0.293006 
2455843.735348 0.769491 
2455844.666646 1.082677 
2455845.597944 1.216604 
2455846.529241 1.124572 
2455847.460539 0.774137 
2455848.391837 0.173848 
2455849.323135 -0.627725 
2455850.254433 -1.553478 
2455851.185731 -2.477533 
2455852.117028 -3.137736 
2455853.048326 -3.115621 
2455853.979624 -2.268890 
2455854.910922 -1.120594 
2455855.842220 -0.266398 
2455856.773518 0.097498 
2455857.704816 0.052175 
2455858.636113 -0.206234 
2455859.567411 -0.451649 
2455860.498709 -0.505450 
2455861.430007 -0.319054 
2455862.361305 -0.024229 
2455863.292603 0.092501 
2455864.223901 -0.294394 
2455865.155198 -1.367506 
2455866.086496 -2.963969 
2455867.017794 -4.469256 
2455867.949092 -5.165612 
2455868.880390 -4.958406 
2455869.811688 -4.250356 
2455870.742986 -3.353741 
2455871.674283 -2.459217 
2455872.605581 -1.734022 
2455873.536879 -1.294594 
2455874.468177 -1.150502 
2455875.399475 -1.199623 
2455876.330773 -1.287087 
2455877.262070 -1.298476 
2455878.193368 -1.236320 
2455879.124666 -1.222637 
2455880.055964 -1.379221 
2455880.987262 -1.604815 
2455881.918560 -1.540637 
2455882.849858 -1.067486 
2455883.781155 -0.454037 
2455884.712453 0.210792 
2455885.643751 1.059515 
2455886.575049 2.115954 
2455887.506347 3.152827 
2455888.437645 3.772470 
2455889.368943 3.594476 
2455890.300240 2.435379 
2455891.231538 0.396778 
2455892.162836 -2.166820 
2455893.094134 -4.766702 
2455894.025432 -6.901991 
2455894.956730 -8.097153 
2455895.888027 -7.934851 
2455896.819325 -6.445850 
2455897.750623 -4.414524 
2455898.681921 -2.672266 
2455899.613219 -1.510564 
2455900.544517 -0.797047 
2455901.475815 -0.240511 
2455902.407112 0.389892 
2455903.338410 1.116648 
2455904.269708 1.725423 
2455905.201006 1.874875 
2455906.132304 1.291758 
2455907.063602 -0.050980 
2455907.994900 -1.855720 
2455908.926197 -3.523165 
2455909.857495 -4.265771 
2455910.788793 -3.537366 
2455911.720091 -1.686843 
2455912.651389 0.339806 
2455913.582687 1.816946 
2455914.513984 2.414420 
2455915.445282 2.096023 
2455916.376580 1.046096 
2455917.307878 -0.401954 
2455918.239176 -1.861378 
2455919.170474 -3.004037 
2455920.101772 -3.663042 
2455921.033069 -3.884843 
2455921.964367 -3.881905 
2455922.895665 -3.852889 
2455923.826963 -3.716120 
2455924.758261 -3.070723 
2455925.689559 -1.754231 
2455926.620857 -0.114572 
2455927.552154 1.508883 
2455928.483452 2.910532 
2455929.414750 3.851398 
2455930.346048 4.089036 
2455931.277346 3.532999 
2455932.208644 2.337361 
2455933.139942 0.843492 
2455934.071239 -0.588817 
2455935.002537 -1.747502 
2455935.933835 -2.623149 
2455936.865133 -3.309474 
2455937.796431 -3.786680 
2455938.727729 -3.791126 
2455939.659026 -3.193964 
2455940.590324 -2.455477 
2455941.521622 -2.099097 
2455942.452920 -2.207034 
2455943.384218 -2.546263 
2455944.315516 -2.797725 
2455945.246814 -2.724468 
2455946.178111 -2.282361 
2455947.109409 -1.633224 
2455948.040707 -1.040919 
2455948.972005 -0.707630 
2455949.903303 -0.656089 
2455950.834601 -0.723299 
2455951.765899 -0.621307 
2455952.697196 0.003251 
2455953.628494 1.306002 
2455954.559792 2.780153 
2455955.491090 3.650606 
2455956.422388 3.671714 
2455957.353686 3.117738 
2455958.284983 2.400320 
2455959.216281 1.785893 
2455960.147579 1.306319 
2455961.078877 0.839686 
2455962.010175 0.258972 
2455962.941473 -0.477490 
2455963.872771 -1.348570 
2455964.804068 -2.342993 
2455965.735366 -3.447318 
2455966.666664 -4.480682 
2455967.597962 -5.033804 
2455968.529260 -4.933451 
2455969.460558 -4.465627 
2455970.391856 -3.842860 
2455971.323153 -3.096595 
2455972.254451 -2.301629 
2455973.185749 -1.594645 
2455974.117047 -1.044669 
2455975.048345 -0.581971 
2455975.979643 -0.078728 
2455976.910940 0.482928 
2455977.842238 0.909718 
2455978.773536 0.879346 
2455979.704834 0.195329 
2455980.636132 -0.916912 
2455981.567430 -1.740612 
2455982.498728 -1.635484 
2455983.430025 -0.749210 
2455984.361323 0.350840 
2455985.292621 1.250450 
2455986.223919 1.767327 
2455987.155217 1.933037 
2455988.086515 1.926219 
2455989.017813 1.907326 
2455989.949110 1.856389 
2455990.880408 1.553005 
2455991.811706 0.729610 
2455992.743004 -0.711409 
2455993.674302 -2.567367 
2455994.605600 -4.344614 
2455995.536898 -5.372970 
2455996.468195 -5.180534 
2455997.399493 -4.076687 
2455998.330791 -2.833231 
2455999.262089 -1.844510 
2456000.193387 -1.056496 
2456001.124685 -0.303385 
2456002.055982 0.429392 
2456002.987280 0.939337 
2456003.918578 0.938877 
2456004.849876 0.272162 
2456005.781174 -0.954644 
2456006.712472 -2.429313 
2456007.643770 -3.815928 
2456008.575067 -4.878204 
2456009.506365 -5.398395 
2456010.437663 -5.093132 
2456011.368961 -3.976212 
2456012.300259 -2.505456 
2456013.231557 -1.004054 
2456014.162855 0.446790 
2456015.094152 1.722250 
2456016.025450 2.588768 
2456016.956748 2.855963 
2456017.888046 2.529414 
2456018.819344 1.812956 
2456019.750642 0.959648 
2456020.681939 0.098941 
2456021.613237 -0.811798 
2456022.544535 -1.851062 
2456023.475833 -2.876832 
2456024.407131 -3.390943 
2456025.338429 -2.972544 
2456026.269727 -1.902022 
2456027.201024 -0.782797 
2456028.132322 0.007323 
2456029.063620 0.326728 
2456029.994918 0.198569 
2456030.926216 -0.240789 
2456031.857514 -0.836627 
2456032.788812 -1.512342 
2456033.720109 -2.288760 
2456034.651407 -3.210802 
2456035.582705 -4.246941 
2456036.514003 -5.237412 
2456037.445301 -5.891469 
2456038.376599 -5.802721 
2456039.307896 -4.692730 
2456040.239194 -2.933308 
2456041.170492 -1.278996 
2456042.101790 -0.083326 
2456043.033088 0.742439 
2456043.964386 1.396568 
2456044.895684 1.959054 
2456045.826981 2.342361 
2456046.758279 2.382368 
2456047.689577 1.975089 
2456048.620875 1.153349 
2456049.552173 0.059923 
2456050.483471 -1.130793 
2456051.414769 -2.232061 
2456052.346066 -2.943052 
2456053.277364 -2.841718 
2456054.208662 -1.869927 
2456055.139960 -0.579428 
2456056.071258 0.498332 
2456057.002556 1.139705 
2456057.933854 1.285966 
2456058.865151 0.983173 
2456059.796449 0.392511 
2456060.727747 -0.254576 
2456061.659045 -0.774008 
2456062.590343 -1.141172 
2456063.521641 -1.502348 
2456064.452938 -2.053653 
2456065.384236 -2.839956 
2456066.315534 -3.567893 
2456067.246832 -3.602436 
2456068.178130 -2.491616 
2456069.109428 -0.619412 
2456070.040726 1.219906 
2456070.972023 2.488475 
2456071.903321 2.991145 
2456072.834619 2.808243 
2456073.765917 2.207401 
2456074.697215 1.498348 
2456075.628513 0.885512 
2456076.559811 0.402140 
2456077.491108 -0.047403 
2456078.422406 -0.581720 
2456079.353704 -1.235788 
2456080.285002 -1.870441 
2456081.216300 -2.109699 
2456082.147598 -1.556342 
2456083.078895 -0.378337 
2456084.010193 0.823754 
2456084.941491 1.733664 
2456085.872789 2.378451 
2456086.804087 2.858310 
2456087.735385 3.192480 
2456088.666683 3.308625 
2456089.597980 3.120078 
2456090.529278 2.618379 
2456091.460576 1.908280 
2456092.391874 1.155716 
2456093.323172 0.492671 
2456094.254470 -0.017307 
2456095.185768 -0.272626 
2456096.117065 -0.063113 
2456097.048363 0.560902 
2456097.979661 1.122181 
2456098.910959 1.365014 
2456099.842257 1.459566 
2456100.773555 1.653317 
2456101.704852 2.012346 
2456102.636150 2.387732 
2456103.567448 2.531464 
2456104.498746 2.255111 
2456105.430044 1.531116 
2456106.361342 0.486993 
2456107.292640 -0.679006 
2456108.223937 -1.766938 
2456109.155235 -2.530848 
2456110.086533 -2.588473 
2456111.017831 -1.699061 
2456111.949129 -0.234233 
2456112.880427 1.233475 
2456113.811725 2.441248 
2456114.743022 3.314899 
2456115.674320 3.805579 
2456116.605618 3.897420 
2456117.536916 3.662155 
2456118.468214 3.248947 
2456119.399512 2.790410 
2456120.330810 2.295058 
2456121.262107 1.628891 
2456122.193405 0.642674 
2456123.124703 -0.587602 
2456124.056001 -1.556641 
2456124.987299 -1.549762 
2456125.918597 -0.424689 
2456126.849894 1.254618 
2456127.781192 2.863008 
2456128.712490 3.955852 
2456129.643788 4.299221 
2456130.575086 3.931125 
2456131.506384 3.121254 
2456132.437682 2.193146 
2456133.368979 1.329828 
2456134.300277 0.506643 
2456135.231575 -0.409190 
2456136.162873 -1.479349 
2456137.094171 -2.555731 
2456138.025469 -3.237487 
2456138.956767 -3.035613 
2456139.888064 -1.959237 
2456140.819362 -0.742960 
2456141.750660 -0.026539 
2456142.681958 0.126886 
2456143.613256 0.020101 
2456144.544554 -0.015237 
2456145.475851 0.144337 
2456146.407149 0.367450 
2456147.338447 0.416126 
2456148.269745 0.163032 
2456149.201043 -0.298297 
2456150.132341 -0.731117 
2456151.063639 -0.926090 
2456151.994936 -0.762008 
2456152.926234 -0.107308 
2456153.857532 1.043958 
2456154.788830 2.243451 
2456155.720128 3.036267 
2456156.651426 3.411889 
2456157.582724 3.536635 
2456158.514021 3.463163 
2456159.445319 3.126696 
2456160.376617 2.492014 
2456161.307915 1.651915 
2456162.239213 0.775007 
2456163.170511 -0.043955 
2456164.101809 -0.879457 
2456165.033106 -1.896241 
2456165.964404 -3.102291 
2456166.895702 -4.099832 
2456167.827000 -4.248312 
2456168.758298 -3.419600 
2456169.689596 -2.150962 
2456170.620893 -0.984062 
2456171.552191 -0.206622 
2456172.483489 0.134693 
2456173.414787 0.207412 
2456174.346085 0.267107 
2456175.277383 0.456773 
2456176.208681 0.684159 
2456177.139978 0.687494 
2456178.071276 0.246726 
2456179.002574 -0.618739 
2456179.933872 -1.591859 
2456180.865170 -2.128673 
2456181.796468 -1.679759 
2456182.727766 -0.251688 
2456183.659063 1.393870 
2456184.590361 2.581098 
2456185.521659 3.208897 
2456186.452957 3.509150 
2456187.384255 3.703652 
2456188.315553 3.821518 
2456189.246850 3.728165 
2456190.178148 3.297846 
2456191.109446 2.566641 
2456192.040744 1.728924 
2456192.972042 0.985947 
2456193.903340 0.406961 
2456194.834638 -0.011603 
2456195.765935 -0.125570 
2456196.697233 0.255475 
2456197.628531 0.927091 
2456198.559829 1.563887 
2456199.491127 2.105521 
2456200.422425 2.540139 
2456201.353723 2.731672 
2456202.285020 2.524418 
2456203.216318 1.918294 
2456204.147616 1.113064 
2456205.078914 0.377531 
2456206.010212 -0.143091 
2456206.941510 -0.517361 
2456207.872807 -0.928309 
2456208.804105 -1.424952 
2456209.735403 -1.683995 
2456210.666701 -1.153348 
2456211.597999 0.237232 
2456212.529297 1.941463 
2456213.460595 3.469465 
2456214.391892 4.607931 
2456215.323190 5.318554 
2456216.254488 5.667735 
2456217.185786 5.760253 
2456218.117084 5.666469 
2456219.048382 5.390494 
2456219.979680 4.900004 
2456220.910977 4.183402 
2456221.842275 3.287758 
2456222.773573 2.340959 
2456223.704871 1.608210 
2456224.636169 1.477583 
2456225.567467 2.026715 
2456226.498765 2.742279 
2456227.430062 3.170350 
2456228.361360 3.279838 
2456229.292658 3.222185 
2456230.223956 3.110183 
2456231.155254 2.964362 
2456232.086552 2.753032 
2456233.017849 2.446439 
2456233.949147 2.037491 
2456234.880445 1.529433 
2456235.811743 0.927873 
2456236.743041 0.279991 
2456237.674339 -0.220891 
2456238.605637 -0.163034 
2456239.536934 0.752605 
2456240.468232 2.126818 
2456241.399530 3.219732 
2456242.330828 3.653503 
2456243.262126 3.474209 
2456244.193424 2.987394 
2456245.124722 2.585193 
2456246.056019 2.549452 
2456246.987317 2.897334 
2456247.918615 3.369314 
2456248.849913 3.581986 
2456249.781211 3.256654 
2456250.712509 2.390244 
2456251.643806 1.303598 
2456252.575104 0.587139 
2456253.506402 0.808889 
2456254.437700 1.877468 
2456255.368998 3.085116 
2456256.300296 3.944878 
2456257.231594 4.419906 
2456258.162891 4.665702 
2456259.094189 4.801724 
2456260.025487 4.823964 
2456260.956785 4.651743 
2456261.888083 4.236957 
2456262.819381 3.624233 
2456263.750679 2.899627 
2456264.681976 2.081906 
2456265.613274 1.102322 
2456266.544572 -0.016237 
2456267.475870 -0.958941 
2456268.407168 -1.414395 
2456269.338466 -1.453712 
2456270.269763 -1.139547 
2456271.201061 -0.390827 
2456272.132359 0.698918 
2456273.063657 1.776528 
2456273.994955 2.442559 
2456274.926253 2.509030 
2456275.857551 2.086167 
2456276.788848 1.451838 
2456277.720146 0.829415 
2456278.651444 0.261221 
2456279.582742 -0.313830 
2456280.514040 -0.815170 
2456281.445338 -0.822396 
2456282.376636 0.117900 
2456283.307933 1.792996 
2456284.239231 3.520435 
2456285.170529 4.806563 
2456286.101827 5.471620 
2456287.033125 5.592627 
2456287.964423 5.417076 
2456288.895721 5.183583 
2456289.827018 4.928559 
2456290.758316 4.435108 
2456291.689614 3.390720 
2456292.620912 1.655267 
2456293.552210 -0.548752 
2456294.483508 -2.637773 
2456295.414805 -3.831194 
2456296.346103 -3.537261 
2456297.277401 -2.010005 
2456298.208699 -0.252621 
2456299.139997 0.970794 
2456300.071295 1.508980 
2456301.002593 1.586790 
2456301.933890 1.488246 
2456302.865188 1.349554 
2456303.796486 1.141120 
2456304.727784 0.801889 
2456305.659082 0.375390 
2456306.590380 0.007186 
2456307.521678 -0.192879 
2456308.452975 -0.258705 
2456309.384273 -0.260896 
2456310.315571 -0.088543 
2456311.246869 0.361582 
2456312.178167 0.891358 
2456313.109465 1.420857 
2456314.040762 2.103418 
2456314.972060 2.927747 
2456315.903358 3.574707 
2456316.834656 3.651629 
2456317.765954 3.021888 
2456318.697252 1.935360 
2456319.628550 0.854927 
2456320.559847 0.121661 
2456321.491145 -0.269865 
2456322.422443 -0.593372 
2456323.353741 -1.033920 
2456324.285039 -1.335652 
2456325.216337 -1.011045 
2456326.147635 -0.087509 
2456327.078932 0.940488 
2456328.010230 1.689068 
2456328.941528 2.023342 
2456329.872826 2.067005 
2456330.804124 2.162361 
2456331.735422 2.645279 
2456332.666719 3.530214 
2456333.598017 4.367580 
2456334.529315 4.448156 
2456335.460613 3.263619 
2456336.391911 0.915515 
2456337.323209 -1.805985 
2456338.254507 -3.719031 
2456339.185804 -3.889783 
2456340.117102 -2.492080 
2456341.048400 -0.739095 
2456341.979698 0.316438 
2456342.910996 0.433611 
2456343.842294 0.042293 
2456344.773592 -0.224882 
2456345.704889 -0.017348 
2456346.636187 0.526522 
2456347.567485 0.963387 
2456348.498783 0.933795 
2456349.430081 0.423824 
2456350.361379 -0.291834 
2456351.292677 -0.904795 
2456352.223974 -1.204884 
2456353.155272 -0.990480 
2456354.086570 -0.190040 
2456355.017868 0.976666 
2456355.949166 2.476885 
2456356.880464 4.503935 
2456357.811761 6.891284 
2456358.743059 8.870897 
2456359.674357 9.460270 
2456360.605655 8.142339 
2456361.536953 5.299387 
2456362.468251 2.043347 
2456363.399549 -0.466512 
2456364.330846 -1.732093 
2456365.262144 -2.121373 
2456366.193442 -2.386797 
2456367.124740 -2.863877 
2456368.056038 -3.226896 
2456368.987336 -3.135716 
2456369.918634 -2.517614 
2456370.849931 -1.445956 
2456371.781229 -0.265912 
2456372.712527 0.533232 
2456373.643825 0.702858 
2456374.575123 0.425686 
2456375.506421 0.107667 
2456376.437718 -0.023037 
2456377.369016 -0.122769 
2456378.300314 -0.535780 
2456379.231612 -1.350550 
2456380.162910 -2.085276 
2456381.094208 -1.784745 
2456382.025506 0.348012 
2456382.956803 3.937487 
2456383.888101 7.361072 
2456384.819399 9.059658 
2456385.750697 8.519665 
2456386.681995 6.402224 
2456387.613293 4.047745 
2456388.544591 2.626183 
2456389.475888 2.448076 
2456390.407186 2.888983 
2456391.338484 2.942905 
2456392.269782 1.969362 
2456393.201080 0.096667 
2456394.132378 -1.935809 
2456395.063676 -3.249894 
2456395.994973 -3.260440 
2456396.926271 -2.108199 
2456397.857569 -0.717468 
2456398.788867 0.158941 
2456399.720165 0.524292 
2456400.651463 0.743677 
2456401.582760 1.012771 
2456402.514058 1.185001 
2456403.445356 0.992974 
2456404.376654 0.404767 
2456405.307952 -0.236787 
2456406.239250 -0.448229 
2456407.170548 -0.030828 
2456408.101845 0.698964 
2456409.033143 1.153756 
2456409.964441 1.064976 
2456410.895739 0.721033 
2456411.827037 0.467931 
2456412.758335 0.547026 
2456413.689633 1.207757 
2456414.620930 2.391504 
2456415.552228 3.623954 
2456416.483526 4.344725 
2456417.414824 4.302883 
2456418.346122 3.675680 
2456419.277420 2.858565 
2456420.208717 2.138026 
2456421.140015 1.517666 
2456422.071313 0.817136 
2456423.002611 -0.041199 
2456423.933909 -0.763811 
2456424.865207 -0.778462 
2456425.796505 0.061476 
2456426.727802 1.184376 
2456427.659100 2.006953 
2456428.590398 2.315418 
2456429.521696 2.183005 
2456430.452994 1.830315 
2456431.384292 1.473909 
2456432.315590 1.202249 
2456433.246887 0.952696 
2456434.178185 0.594913 
2456435.109483 0.043164 
2456436.040781 -0.684971 
2456436.972079 -1.464125 
2456437.903377 -2.031297 
2456438.834674 -1.971867 
2456439.765972 -1.083834 
2456440.697270 0.213874 
2456441.628568 1.398795 
2456442.559866 2.292815 
2456443.491164 2.881753 
2456444.422462 3.142323 
2456445.353759 3.060423 
2456446.285057 2.709916 
2456447.216355 2.262882 
2456448.147653 1.894722 
2456449.078951 1.654146 
2456450.010249 1.416220 
2456450.941547 0.992016 
2456451.872844 0.369357 
2456452.804142 -0.078343 
2456453.735440 0.171917 
2456454.666738 1.075327 
2456455.598036 2.072200 
2456456.529334 2.758032 
2456457.460632 3.034831 
2456458.391929 3.023665 
2456459.323227 2.969238 
2456460.254525 3.078467 
2456461.185823 3.346953 
2456462.117121 3.513469 
2456463.048419 3.211111 
2456463.979716 2.228976 
2456464.911014 0.703826 
2456465.842312 -0.876376 
2456466.773610 -1.824720 
2456467.704908 -1.584773 
2456468.636206 -0.345623 
2456469.567504 0.948278 
2456470.498801 1.591580 
2456471.430099 1.585654 
2456472.361397 1.367288 
2456473.292695 1.378623 
2456474.223993 1.748337 
2456475.155291 2.232340 
2456476.086589 2.423797 
2456477.017886 2.062561 
2456477.949184 1.212082 
2456478.880482 0.192061 
2456479.811780 -0.630056 
2456480.743078 -0.955515 
2456481.674376 -0.520622 
2456482.605673 0.697174 
2456483.536971 2.206098 
2456484.468269 3.541295 
2456485.399567 4.645635 
2456486.330865 5.552251 
2456487.262163 6.121982 
2456488.193461 6.111258 
2456489.124758 5.411242 
2456490.056056 4.209622 
2456490.987354 2.917141 
2456491.918652 1.899108 
2456492.849950 1.221557 
2456493.781248 0.636931 
2456494.712546 -0.117209 
2456495.643843 -0.899459 
2456496.575141 -1.182927 
2456497.506439 -0.739819 
2456498.437737 0.202310 
2456499.369035 1.370923 
2456500.300333 2.459910 
2456501.231630 3.129557 
2456502.162928 3.202558 
2456503.094226 2.802422 
2456504.025524 2.266303 
2456504.956822 1.894865 
2456505.888120 1.739095 
2456506.819418 1.588783 
2456507.750715 1.171669 
2456508.682013 0.434727 
2456509.613311 -0.259838 
2456510.544609 -0.279885 
2456511.475907 0.561170 
2456512.407205 1.672897 
2456513.338503 2.429578 
2456514.269800 2.641098 
2456515.201098 2.484010 
2456516.132396 2.308455 
2456517.063694 2.402286 
2456517.994992 2.795758 
2456518.926290 3.232371 
2456519.857588 3.334953 
2456520.788885 2.854155 
2456521.720183 1.830989 
2456522.651481 0.591150 
2456523.582779 -0.357493 
2456524.514077 -0.467358 
2456525.445375 0.430141 
2456526.376672 1.747479 
2456527.307970 2.783217 
2456528.239268 3.357808 
2456529.170566 3.653519 
2456530.101864 3.873247 
2456531.033162 4.053603 
2456531.964460 4.065464 
2456532.895757 3.741769 
2456533.827055 3.013266 
2456534.758353 1.947219 
2456535.689651 0.678028 
2456536.620949 -0.675302 
2456537.552247 -1.974059 
2456538.483545 -2.898722 
2456539.414842 -3.025443 
2456540.346140 -2.363804 
2456541.277438 -1.310176 
2456542.208736 -0.095355 
2456543.140034 1.179159 
2456544.071332 2.335745 
2456545.002629 3.140423 
2456545.933927 3.440099 
2456546.865225 3.251233 
2456547.796523 2.729174 
2456548.727821 2.055459 
2456549.659119 1.338866 
2456550.590417 0.610310 
2456551.521714 -0.067635 
2456552.453012 -0.429996 
2456553.384310 -0.028873 
2456554.315608 1.209790 
2456555.246906 2.688396 
2456556.178204 3.811281 
2456557.109502 4.366657 
2456558.040799 4.403441 
2456558.972097 4.087062 
2456559.903395 3.590845 
2456560.834693 3.006919 
2456561.765991 2.317146 
2456562.697289 1.448087 
2456563.628586 0.372436 
2456564.559884 -0.815447 
2456565.491182 -1.886315 
2456566.422480 -2.485405 
2456567.353778 -2.179109 
2456568.285076 -0.834817 
2456569.216374 0.940845 
2456570.147671 2.359524 
2456571.078969 3.099062 
2456572.010267 3.219192 
2456572.941565 2.909970 
2456573.872863 2.353537 
2456574.804161 1.687074 
2456575.735459 1.017144 
2456576.666756 0.429410 
2456577.598054 -0.037881 
2456578.529352 -0.432874 
2456579.460650 -0.871646 
2456580.391948 -1.397182 
2456581.323246 -1.765042 
2456582.254544 -1.529170 
2456583.185841 -0.647165 
2456584.117139 0.479547 
2456585.048437 1.567628 
2456585.979735 2.491961 
2456586.911033 3.143597 
2456587.842331 3.460843 
2456588.773628 3.507187 
2456589.704926 3.454926 
2456590.636224 3.463934 
2456591.567522 3.548786 
2456592.498820 3.544640 
2456593.430118 3.215760 
2456594.361416 2.465091 
2456595.292713 1.545252 
2456596.224011 1.022227 
2456597.155309 1.166551 
2456598.086607 1.568990 
2456599.017905 1.772942 
2456599.949203 1.672994 
2456600.880501 1.391173 
2456601.811798 1.110520 
2456602.743096 0.944163 
2456603.674394 0.848127 
2456604.605692 0.631781 
2456605.536990 0.076626 
2456606.468288 -0.909342 
2456607.399585 -2.206421 
2456608.330883 -3.507722 
2456609.262181 -4.383702 
2456610.193479 -4.352992 
2456611.124777 -3.230626 
2456612.056075 -1.537874 
2456612.987373 0.053261 
2456613.918670 1.357809 
2456614.849968 2.525037 
2456615.781266 3.693921 
2456616.712564 4.815695 
2456617.643862 5.671274 
2456618.575160 6.016816 
2456619.506458 5.736385 
2456620.437755 4.893799 
2456621.369053 3.665588 
2456622.300351 2.242653 
2456623.231649 0.831713 
2456624.162947 -0.215507 
2456625.094245 -0.472946 
2456626.025542 0.024802 
2456626.956840 0.789881 
2456627.888138 1.488955 
2456628.819436 1.989906 
2456629.750734 2.178184 
2456630.682032 1.958301 
2456631.613330 1.346071 
2456632.544627 0.497862 
2456633.475925 -0.372266 
2456634.407223 -1.127058 
2456635.338521 -1.782914 
2456636.269819 -2.455130 
2456637.201117 -3.177932 
2456638.132415 -3.686306 
2456639.063712 -3.420931 
2456639.995010 -2.123128 
2456640.926308 -0.276657 
2456641.857606 1.476799 
2456642.788904 2.767910 
2456643.720202 3.458378 
2456644.651500 3.586918 
2456645.582797 3.321893 
2456646.514095 2.863096 
2456647.445393 2.336179 
2456648.376691 1.751954 
2456649.307989 1.053371 
2456650.239287 0.209263 
2456651.170584 -0.699295 
2456652.101882 -1.410568 
2456653.033180 -1.480760 
2456653.964478 -0.650578 
2456654.895776 0.637822 
2456655.827074 1.696579 
2456656.758372 2.257586 
2456657.689669 2.414195 
2456658.620967 2.356787 
2456659.552265 2.207956 
2456660.483563 1.972217 
2456661.414861 1.580818 
2456662.346159 0.981243 
2456663.277457 0.199890 
2456664.208754 -0.664638 
2456665.140052 -1.490485 
2456666.071350 -2.134713 
2456667.002648 -2.344024 
2456667.933946 -1.836932 
2456668.865244 -0.800336 
2456669.796541 0.173233 
2456670.727839 0.776202 
2456671.659137 1.054957 
2456672.590435 1.132584 
2456673.521733 1.071277 
2456674.453031 0.876940 
2456675.384329 0.550061 
2456676.315626 0.114823 
2456677.246924 -0.395249 
2456678.178222 -0.970104 
2456679.109520 -1.624455 
2456680.040818 -2.322518 
2456680.972116 -2.827075 
2456681.903414 -2.674175 
2456682.834711 -1.667807 
2456683.766009 -0.266786 
2456684.697307 0.995401 
2456685.628605 1.897613 
2456686.559903 2.405783 
2456687.491201 2.566927 
2456688.422499 2.482022 
2456689.353796 2.270927 
2456690.285094 2.013760 
2456691.216392 1.704665 
2456692.147690 1.255918 
2456693.078988 0.561608 
2456694.010286 -0.394722 
2456694.941583 -1.407615 
2456695.872881 -1.986878 
2456696.804179 -1.712458 
2456697.735477 -0.836609 
2456698.666775 0.046595 
2456699.598073 0.633541 
2456700.529371 0.898983 
2456701.460668 0.916976 
2456702.391966 0.771068 
2456703.323264 0.515201 
2456704.254562 0.160704 
2456705.185860 -0.312635 
2456706.117158 -0.930806 
2456707.048456 -1.700362 
2456707.979753 -2.583427 
2456708.911051 -3.441079 
2456709.842349 -3.939214 
2456710.773647 -3.667224 
2456711.704945 -2.694453 
2456712.636243 -1.573877 
2456713.567540 -0.638743 
2456714.498838 0.120322 
2456715.430136 0.797790 
2456716.361434 1.421289 
2456717.292732 1.931652 
2456718.224030 2.229625 
2456719.155328 2.235913 
2456720.086625 1.925757 
2456721.017923 1.325986 
2456721.949221 0.498071 
2456722.880519 -0.440276 
2456723.811817 -1.216513 
2456724.743115 -1.381456 
2456725.674413 -0.755737 
2456726.605710 0.210469 
2456727.537008 1.027605 
2456728.468306 1.554084 
2456729.399604 1.821205 
2456730.330902 1.873038 
2456731.262200 1.730974 
2456732.193497 1.402172 
2456733.124795 0.886131 
2456734.056093 0.173318 
2456734.987391 -0.750939 
2456735.918689 -1.881409 
2456736.849987 -3.134292 
2456737.781285 -4.246731 
2456738.712582 -4.714805 
2456739.643880 -4.122965 
2456740.575178 -2.747779 
2456741.506476 -1.254381 
2456742.437774 -0.041819 
2456743.369072 0.778729 
2456744.300370 1.228988 
2456745.231667 1.388624 
2456746.162965 1.349606 
2456747.094263 1.174498 
2456748.025561 0.874860 
2456748.956859 0.424081 
2456749.888157 -0.200993 
2456750.819455 -0.963499 
2456751.750752 -1.691767 
2456752.682050 -1.997913 
2456753.613348 -1.426366 
2456754.544646 -0.050734 
2456755.475944 1.475158 
2456756.407242 2.652914 
2456757.338539 3.349149 
2456758.269837 3.602299 
2456759.201135 3.494201 
2456760.132433 3.108605 
2456761.063731 2.524287 
2456761.995029 1.816171 
2456762.926327 1.049272 
2456763.857624 0.262767 
2456764.788922 -0.536400 
2456765.720220 -1.327669 
2456766.651518 -1.947342 
2456767.582816 -2.027203 
2456768.514114 -1.405024 
2456769.445412 -0.504815 
2456770.376709 0.217119 
2456771.308007 0.651051 
2456772.239305 0.841402 
2456773.170603 0.821127 
2456774.101901 0.599504 
2456775.033199 0.206346 
2456775.964496 -0.283015 
2456776.895794 -0.769675 
2456777.827092 -1.183237 
2456778.758390 -1.518206 
2456779.689688 -1.803499 
2456780.620986 -1.974192 
2456781.552284 -1.730068 
2456782.483581 -0.765646 
2456783.414879 0.664798 
2456784.346177 2.008520 
2456785.277475 3.024338 
2456786.208773 3.746680 
2456787.140071 4.274441 
2456788.071369 4.675584 
2456789.002666 4.956852 
2456789.933964 5.057260 
2456790.865262 4.866419 
2456791.796560 4.272688 
2456792.727858 3.228690 
2456793.659156 1.812308 
2456794.590453 0.280385 
2456795.521751 -0.888802 
2456796.453049 -1.171695 
2456797.384347 -0.606398 
2456798.315645 0.146418 
2456799.246943 0.587795 
2456800.178241 0.653691 
2456801.109538 0.518587 
2456802.040836 0.401076 
2456802.972134 0.433215 
2456803.903432 0.597464 
2456804.834730 0.747792 
2456805.766028 0.697401 
2456806.697326 0.319273 
2456807.628623 -0.389158 
2456808.559921 -1.274584 
2456809.491219 -1.982780 
2456810.422517 -1.987406 
2456811.353815 -1.042638 
2456812.285113 0.418341 
2456813.216411 1.860080 
2456814.147708 3.085184 
2456815.079006 4.062076 
2456816.010304 4.747316 
2456816.941602 5.068580 
2456817.872900 4.986968 
2456818.804198 4.549452 
2456819.735495 3.875399 
2456820.666793 3.079628 
2456821.598091 2.195527 
2456822.529389 1.187032 
2456823.460687 0.104377 
2456824.391985 -0.712641 
2456825.323283 -0.812781 
2456826.254580 -0.237397 
2456827.185878 0.613039 
2456828.117176 1.501974 
2456829.048474 2.308581 
2456829.979772 2.890287 
2456830.911070 3.123214 
2456831.842368 2.983606 
2456832.773665 2.552021 
2456833.704963 1.935329 
2456834.636261 1.180697 
2456835.567559 0.261616 
2456836.498857 -0.838659 
2456837.430155 -1.979229 
2456838.361452 -2.730447 
2456839.292750 -2.523268 
2456840.224048 -1.312213 
2456841.155346 0.249010 
2456842.086644 1.555771 
2456843.017942 2.389294 
2456843.949240 2.800945 
2456844.880537 2.966060 
2456845.811835 3.042577 
2456846.743133 3.057632 
2456847.674431 2.891102 
2456848.605729 2.374651 
2456849.537027 1.437794 
2456850.468325 0.198819 
2456851.399622 -1.040237 
2456852.330920 -1.836303 
2456853.262218 -1.702451 
2456854.193516 -0.545159 
2456855.124814 1.005804 
2456856.056112 2.277192 
2456856.987409 3.086177 
2456857.918707 3.544983 
2456858.850005 3.767065 
2456859.781303 3.739204 
2456860.712601 3.359733 
2456861.643899 2.568055 
2456862.575197 1.447309 
2456863.506494 0.211007 
2456864.437792 -0.914653 
2456865.369090 -1.797650 
2456866.300388 -2.357486 
2456867.231686 -2.386644 
2456868.162984 -1.642936 
2456869.094282 -0.346768 
2456870.025579 0.996686 
2456870.956877 2.131782 
2456871.888175 2.964741 
2456872.819473 3.372067 
2456873.750771 3.235485 
2456874.682069 2.565503 
2456875.613367 1.545296 
2456876.544664 0.440776 
2456877.475962 -0.553817 
2456878.407260 -1.409186 
2456879.338558 -2.208196 
2456880.269856 -2.955341 
2456881.201154 -3.358188 
2456882.132451 -2.898543 
2456883.063749 -1.489248 
2456883.995047 0.256828 
2456884.926345 1.705464 
2456885.857643 2.552101 
2456886.788941 2.769878 
2456887.720239 2.543790 
2456888.651536 2.165545 
2456889.582834 1.872683 
2456890.514132 1.723759 
2456891.445430 1.598582 
2456892.376728 1.320641 
2456893.308026 0.811601 
2456894.239324 0.187756 
2456895.170621 -0.213797 
2456896.101919 0.072337 
2456897.033217 1.162124 
2456897.964515 2.422238 
2456898.895813 3.133230 
2456899.827111 3.104545 
2456900.758408 2.550501 
2456901.689706 1.794663 
2456902.621004 1.062726 
2456903.552302 0.407318 
2456904.483600 -0.237770 
2456905.414898 -0.942194 
2456906.346196 -1.702346 
2456907.277493 -2.454677 
2456908.208791 -3.131859 
2456909.140089 -3.645400 
2456910.071387 -3.766876 
2456911.002685 -3.244336 
2456911.933983 -2.285024 
2456912.865281 -1.352048 
2456913.796578 -0.578818 
2456914.727876 0.136276 
2456915.659174 0.849706 
2456916.590472 1.508909 
2456917.521770 2.035935 
2456918.453068 2.414185 
2456919.384365 2.689595 
2456920.315663 2.890420 
2456921.246961 2.946626 
2456922.178259 2.703615 
2456923.109557 2.074899 
2456924.040855 1.275356 
2456924.972153 0.827089 
2456925.903450 0.973948 
2456926.834748 1.376420 
2456927.766046 1.691322 
2456928.697344 1.812630 
2456929.628642 1.732680 
2456930.559940 1.483878 
2456931.491238 1.135455 
2456932.422535 0.756459 
2456933.353833 0.354990 
2456934.285131 -0.148213 
2456935.216429 -0.875940 
2456936.147727 -1.897149 
2456937.079025 -3.118692 
2456938.010323 -4.192805 
2456938.941620 -4.544876 
2456939.872918 -3.846546 
2456940.804216 -2.519465 
2456941.735514 -1.199887 
2456942.666812 -0.153737 
2456943.598110 0.645234 
2456944.529407 1.306910 
2456945.460705 1.894235 
2456946.392003 2.366642 
2456947.323301 2.599775 
2456948.254599 2.463105 
2456949.185897 1.903158 
2456950.117195 0.982121 
2456951.048492 -0.129471 
2456951.979790 -1.146212 
2456952.911088 -1.628994 
2456953.842386 -1.196134 
2456954.773684 -0.073083 
2456955.704982 1.105786 
2456956.636280 1.994012 
2456957.567577 2.562447 
2456958.498875 2.858324 
2456959.430173 2.896272 
2456960.361471 2.663123 
2456961.292769 2.159654 
2456962.224067 1.425543 
2456963.155364 0.526666 
2456964.086662 -0.477909 
2456965.017960 -1.544198 
2456965.949258 -2.577382 
2456966.880556 -3.291203 
2456967.811854 -3.227239 
2456968.743152 -2.289183 
2456969.674449 -0.993286 
2456970.605747 0.171886 
2456971.537045 1.023172 
2456972.468343 1.516510 
2456973.399641 1.651358 
2456974.330939 1.467892 
2456975.262237 1.046139 
2456976.193534 0.477653 
2456977.124832 -0.173046 
2456978.056130 -0.886794 
2456978.987428 -1.667145 
2456979.918726 -2.467470 
2456980.850024 -3.068389 
2456981.781322 -3.024808 
2456982.712619 -2.059230 
2456983.643917 -0.572511 
2456984.575215 0.824130 
2456985.506513 1.860551 
2456986.437811 2.523606 
2456987.369109 2.879017 
2456988.300406 2.993933 
2456989.231704 2.909438 
2456990.163002 2.635247 
2456991.094300 2.161350 
2456992.025598 1.479310 
2456992.956896 0.604435 
2456993.888194 -0.395692 
2456994.819491 -1.336800 
2456995.750789 -1.836197 
2456996.682087 -1.508346 
2456997.613385 -0.544040 
2456998.544683 0.429735 
2456999.475981 1.055907 
2457000.407279 1.318032 
2457001.338576 1.315721 
2457002.269874 1.141094 
2457003.201172 0.845286 
2457004.132470 0.442976 
2457005.063768 -0.070868 
2457005.995066 -0.705792 
2457006.926363 -1.465288 
2457007.857661 -2.328036 
2457008.788959 -3.189790 
2457009.720257 -3.753561 
2457010.651555 -3.564390 
2457011.582853 -2.532167 
2457012.514151 -1.184616 
2457013.445448 -0.006761 
2457014.376746 0.866761 
2457015.308044 1.465046 
2457016.239342 1.840497 
2457017.170640 2.034850 
2457018.101938 2.078624 
2457019.033236 1.989236 
2457019.964533 1.763460 
2457020.895831 1.374416 
2457021.827129 0.789656 
2457022.758427 0.031770 
2457023.689725 -0.702632 
2457024.621023 -0.972986 
2457025.552320 -0.458671 
2457026.483618 0.514097 
2457027.414916 1.395316 
2457028.346214 1.955457 
2457029.277512 2.197460 
2457030.208810 2.180459 
2457031.140108 1.959914 
2457032.071405 1.578003 
2457033.002703 1.060657 
2457033.934001 0.415025 
2457034.865299 -0.366555 
2457035.796597 -1.289356 
2457036.727895 -2.316088 
2457037.659193 -3.284109 
2457038.590490 -3.809767 
2457039.521788 -3.473600 
2457040.453086 -2.416148 
2457041.384384 -1.246278 
2457042.315682 -0.331805 
2457043.246980 0.297493 
2457044.178278 0.730937 
2457045.109575 1.046506 
2457046.040873 1.266311 
2457046.972171 1.356941 
2457047.903469 1.257947 
2457048.834767 0.921327 
2457049.766065 0.342677 
2457050.697362 -0.420462 
2457051.628660 -1.215780 
2457052.559958 -1.719697 
2457053.491256 -1.480995 
2457054.422554 -0.424933 
2457055.353852 0.892027 
2457056.285150 1.956882 
2457057.216447 2.636728 
2457058.147745 2.981449 
2457059.079043 3.057178 
2457060.010341 2.901243 
2457060.941639 2.532372 
2457061.872937 1.969439 
2457062.804235 1.235347 
2457063.735532 0.346388 
2457064.666830 -0.688769 
2457065.598128 -1.821730 
2457066.529426 -2.841496 
2457067.460724 -3.283742 
2457068.392022 -2.773676 
2457069.323319 -1.587413 
2457070.254617 -0.292260 
2457071.185915 0.792439 
2457072.117213 1.535366 
2457073.048511 1.868695 
2457073.979809 1.788880 
2457074.911107 1.376321 
2457075.842404 0.766433 
2457076.773702 0.080950 
2457077.705000 -0.630372 
2457078.636298 -1.390314 
2457079.567596 -2.220446 
2457080.498894 -3.004540 
2457081.430192 -3.358892 
2457082.361489 -2.816867 
2457083.292787 -1.469319 
2457084.224085 0.055485 
2457085.155383 1.307466 
2457086.086681 2.170240 
2457087.017979 2.685872 
2457087.949276 2.935953 
2457088.880574 2.975866 
2457089.811872 2.804713 
2457090.743170 2.384984 
2457091.674468 1.702534 
2457092.605766 0.822100 
2457093.537064 -0.103119 
2457094.468361 -0.853000 
2457095.399659 -1.131285 
2457096.330957 -0.624815 
2457097.262255 0.555064 
2457098.193553 1.697727 
2457099.124851 2.253333 
2457100.056149 2.213543 
2457100.987446 1.844676 
2457101.918744 1.393767 
2457102.850042 0.952482 
2457103.781340 0.469761 
2457104.712638 -0.145033 
2457105.643936 -0.921048 
2457106.575234 -1.800597 
2457107.506531 -2.688424 
2457108.437829 -3.493974 
2457109.369127 -4.066163 
2457110.300425 -4.077135 
2457111.231723 -3.269737 
2457112.163021 -1.956473 
2457113.094318 -0.669758 
2457114.025616 0.352912 
2457114.956914 1.065014 
2457115.888212 1.460202 
2457116.819510 1.590113 
2457117.750808 1.608232 
2457118.682106 1.722628 
2457119.613403 2.057764 
2457120.544701 2.524904 
2457121.475999 2.820065 
2457122.407297 2.597502 
2457123.338595 1.761755 
2457124.269893 0.713231 
2457125.201191 0.167227 
2457126.132488 0.378799 
2457127.063786 0.953921 
2457127.995084 1.471330 
2457128.926382 1.699247 
2457129.857680 1.558581 
2457130.788978 1.126331 
2457131.720275 0.587431 
2457132.651573 0.106195 
2457133.582871 -0.290158 
2457134.514169 -0.720013 
2457135.445467 -1.341426 
2457136.376765 -2.212064 
2457137.308063 -3.194649 
2457138.239360 -3.919674 
2457139.170658 -3.898363 
2457140.101956 -3.045272 
2457141.033254 -1.935857 
2457141.964552 -1.059241 
2457142.895850 -0.392014 
2457143.827148 0.333122 
2457144.758445 1.280324 
2457145.689743 2.329580 
2457146.621041 3.117248 
2457147.552339 3.257309 
2457148.483637 2.591975 
2457149.414935 1.296653 
2457150.346232 -0.227845 
2457151.277530 -1.570420 
2457152.208828 -2.423059 
2457153.140126 -2.524649 
2457154.071424 -1.803943 
2457155.002722 -0.717270 
2457155.934020 0.201942 
2457156.865317 0.867881 
2457157.796615 1.416928 
2457158.727913 1.892328 
2457159.659211 2.191638 
2457160.590509 2.187983 
2457161.521807 1.853593 
2457162.453105 1.270091 
2457163.384402 0.531569 
2457164.315700 -0.350362 
2457165.246998 -1.421082 
2457166.178296 -2.602272 
2457167.109594 -3.470108 
2457168.040892 -3.382669 
2457168.972190 -2.203011 
2457169.903487 -0.500418 
2457170.834785 1.078124 
2457171.766083 2.072897 
2457172.697381 2.244493 
2457173.628679 1.654252 
2457174.559977 0.644927 
2457175.491274 -0.351038 
2457176.422572 -1.063217 
2457177.353870 -1.518457 
2457178.285168 -1.966885 
2457179.216466 -2.653041 
2457180.147764 -3.572066 
2457181.079062 -4.328985 
2457182.010359 -4.263639 
2457182.941657 -3.096439 
2457183.872955 -1.368094 
2457184.804253 0.230425 
2457185.735551 1.394177 
2457186.666849 2.127852 
2457187.598147 2.557938 
2457188.529444 2.783578 
2457189.460742 2.800945 
2457190.392040 2.535100 
2457191.323338 1.944909 
2457192.254636 1.104342 
2457193.185934 0.185382 
2457194.117231 -0.629247 
2457195.048529 -1.177646 
2457195.979827 -1.252090 
2457196.911125 -0.765617 
2457197.842423 -0.130388 
2457198.773721 0.170035 
2457199.705019 0.144935 
2457200.636316 0.080174 
2457201.567614 0.163133 
2457202.498912 0.348208 
2457203.430210 0.439199 
2457204.361508 0.257386 
2457205.292806 -0.241985 
2457206.224104 -0.974798 
2457207.155401 -1.820167 
2457208.086699 -2.692572 
2457209.017997 -3.490958 
2457209.949295 -3.933898 
2457210.880593 -3.604587 
2457211.811891 -2.511069 
2457212.743188 -1.182990 
2457213.674486 -0.029217 
2457214.605784 0.817628 
2457215.537082 1.341620 
2457216.468380 1.590046 
2457217.399678 1.668454 
2457218.330976 1.691714 
2457219.262273 1.700484 
2457220.193571 1.610992 
2457221.124869 1.252929 
2457222.056167 0.492100 
2457222.987465 -0.610993 
2457223.918763 -1.665862 
2457224.850061 -2.010390 
2457225.781358 -1.290610 
2457226.712656 0.065002 
2457227.643954 1.430766 
2457228.575252 2.479190 
2457229.506550 3.113183 
2457230.437848 3.345926 
2457231.369146 3.235602 
2457232.300443 2.838335 
2457233.231741 2.185797 
2457234.163039 1.296555 
2457235.094337 0.204406 
2457236.025635 -1.021461 
2457236.956933 -2.261154 
2457237.888230 -3.290408 
2457238.819528 -3.716438 
2457239.750826 -3.236023 
2457240.682124 -2.160862 
2457241.613422 -1.090529 
2457242.544720 -0.282386 
2457243.476018 0.286728 
2457244.407315 0.676417 
2457245.338613 0.887995 
2457246.269911 0.882814 
2457247.201209 0.638997 
2457248.132507 0.190593 
2457249.063805 -0.377517 
2457249.995103 -0.966398 
2457250.926400 -1.485967 
2457251.857698 -1.807436 
2457252.788996 -1.645870 
2457253.720294 -0.638978 
2457254.651592 1.098523 
2457255.582890 2.897756 
2457256.514187 4.243217 
2457257.445485 4.981703 
2457258.376783 5.142927 
2457259.308081 4.832959 
2457260.239379 4.196334 
2457261.170677 3.378930 
2457262.101975 2.483493 
2457263.033272 1.541690 
2457263.964570 0.524933 
2457264.895868 -0.601218 
2457265.827166 -1.783056 
2457266.758464 -2.755195 
2457267.689762 -3.035782 
2457268.621060 -2.403333 
2457269.552357 -1.326075 
2457270.483655 -0.384940 
2457271.414953 0.201321 
2457272.346251 0.455599 
2457273.277549 0.477117 
2457274.208847 0.366886 
2457275.140145 0.195179 
2457276.071442 -0.007240 
2457277.002740 -0.238507 
2457277.934038 -0.507016 
2457278.865336 -0.815313 
2457279.796634 -1.135272 
2457280.727932 -1.336367 
2457281.659229 -1.101309 
2457282.590527 -0.161865 
2457283.521825 1.167446 
2457284.453123 2.285895 
2457285.384421 2.956682 
2457286.315719 3.265703 
2457287.247017 3.364991 
2457288.178314 3.345512 
2457289.109612 3.217987 
2457290.040910 2.946245 
2457290.972208 2.491122 
2457291.903506 1.835828 
2457292.834804 0.988129 
2457293.766102 -0.014622 
2457294.697399 -1.049707 
2457295.628697 -1.795141 
2457296.559995 -1.804080 
2457297.491293 -1.061754 
2457298.422591 -0.109707 
2457299.353889 0.634903 
2457300.285186 1.081897 
2457301.216484 1.271770 
2457302.147782 1.268151 
2457303.079080 1.142913 
2457304.010378 0.969121 
2457304.941676 0.791987 
2457305.872974 0.592887 
2457306.804271 0.280505 
2457307.735569 -0.262658 
2457308.666867 -1.067329 
2457309.598165 -1.914660 
2457310.529463 -2.290867 
2457311.460761 -1.851657 
2457312.392059 -0.916749 
2457313.323356 0.025871 
2457314.254654 0.775383 
2457315.185952 1.307709 
2457316.117250 1.643480 
2457317.048548 1.814450 
2457317.979846 1.851235 
2457318.911143 1.765519 
2457319.842441 1.539252 
2457320.773739 1.134817 
2457321.705037 0.526723 
2457322.636335 -0.246740 
2457323.567633 -0.998780 
2457324.498931 -1.321381 
2457325.430228 -0.843064 
2457326.361526 0.195060 
2457327.292824 1.192542 
2457328.224122 1.870062 
2457329.155420 2.273792 
2457330.086718 2.531604 
2457331.018016 2.712786 
2457331.949313 2.787098 
2457332.880611 2.651417 
2457333.811909 2.195787 
2457334.743207 1.369533 
2457335.674505 0.213610 
2457336.605803 -1.140881 
2457337.537101 -2.462021 
2457338.468398 -3.357996 
2457339.399696 -3.370556 
2457340.330994 -2.513130 
2457341.262292 -1.384819 
2457342.193590 -0.452938 
2457343.124888 0.183369 
2457344.056185 0.576412 
2457344.987483 0.783146 
2457345.918781 0.832480 
2457346.850079 0.737175 
2457347.781377 0.507540 
2457348.712675 0.150669 
2457349.643973 -0.337602 
2457350.575270 -0.962960 
2457351.506568 -1.672135 
2457352.437866 -2.226422 
2457353.369164 -2.150753 
2457354.300462 -1.157871 
2457355.231760 0.365927 
2457356.163058 1.849653 
2457357.094355 3.014052 
2457358.025653 3.768514 
2457358.956951 4.084759 
2457359.888249 3.981672 
2457360.819547 3.529783 
2457361.750845 2.829169 
2457362.682142 1.968273 
2457363.613440 0.992939 
2457364.544738 -0.088450 
2457365.476036 -1.249239 
2457366.407334 -2.330875 
2457367.338632 -2.935714 
2457368.269930 -2.661579 
2457369.201227 -1.705418 
2457370.132525 -0.677383 
2457371.063823 0.074271 
2457371.995121 0.504899 
2457372.926419 0.675469 
2457373.857717 0.653357 
2457374.789015 0.481556 
2457375.720312 0.174161 
2457376.651610 -0.272458 
2457377.582908 -0.859722 
2457378.514206 -1.567558 
2457379.445504 -2.334996 
2457380.376802 -3.014783 
2457381.308099 -3.287192 
2457382.239397 -2.735176 
2457383.170695 -1.381650 
2457384.101993 0.158060 
2457385.033291 1.390613 
2457385.964589 2.212959 
2457386.895887 2.701562 
2457387.827184 2.949562 
2457388.758482 3.010809 
2457389.689780 2.896411 
2457390.621078 2.592724 
2457391.552376 2.082269 
2457392.483674 1.358064 
2457393.414972 0.437553 
2457394.346269 -0.596628 
2457395.277567 -1.499331 
2457396.208865 -1.819425 
2457397.140163 -1.294892 
2457398.071461 -0.322789 
2457399.002759 0.539488 
2457399.934057 1.078923 
2457400.865354 1.308119 
2457401.796652 1.290160 
2457402.727950 1.083000 
2457403.659248 0.734011 
2457404.590546 0.278833 
2457405.521844 -0.265340 
2457406.453141 -0.904772 
2457407.384439 -1.658390 
2457408.315737 -2.512745 
2457409.247035 -3.321599 
2457410.178333 -3.698617 
2457411.109631 -3.230398 
2457412.040929 -2.078497 
2457412.972226 -0.830845 
2457413.903524 0.170827 
2457414.834822 0.879989 
2457415.766120 1.345683 
2457416.697418 1.620107 
2457417.628716 1.738545 
2457418.560014 1.717004 
2457419.491311 1.552558 
2457420.422609 1.227262 
2457421.353907 0.720214 
2457422.285205 0.037220 
2457423.216503 -0.720392 
2457424.147801 -1.245699 
2457425.079098 -1.082842 
2457426.010396 -0.170234 
2457426.941694 0.947394 
2457427.872992 1.801015 
2457428.804290 2.282136 
2457429.735588 2.448640 
2457430.666886 2.378471 
2457431.598183 2.125590 
2457432.529481 1.716138 
2457433.460779 1.156226 
2457434.392077 0.442194 
2457435.323375 -0.428654 
2457436.254673 -1.440605 
2457437.185971 -2.514399 
2457438.117268 -3.409662 
2457439.048566 -3.678244 
2457439.979864 -3.047508 
2457440.911162 -1.908395 
2457441.842460 -0.836740 
2457442.773758 -0.062699 
2457443.705055 0.422838 
2457444.636353 0.684380 
2457445.567651 0.775319 
2457446.498949 0.727819 
2457447.430247 0.556359 
2457448.361545 0.262233 
2457449.292843 -0.161577 
2457450.224140 -0.718857 
2457451.155438 -1.375655 
2457452.086736 -1.976199 
2457453.018034 -2.143831 
2457453.949332 -1.479033 
2457454.880630 -0.154417 
2457455.811928 1.212530 
2457456.743225 2.248737 
2457457.674523 2.894869 
2457458.605821 3.201323 
2457459.537119 3.227926 
2457460.468417 3.020931 
2457461.399715 2.611570 
2457462.331013 2.017756 
2457463.262310 1.246935 
2457464.193608 0.304229 
2457465.124906 -0.782901 
2457466.056204 -1.899803 
2457466.987502 -2.734375 
2457467.918800 -2.820871 
2457468.850097 -2.072003 
2457469.781395 -1.022494 
2457470.712693 -0.158756 
2457471.643991 0.388888 
2457472.575289 0.660004 
2457473.506587 0.719368 
2457474.437885 0.615265 
2457475.369182 0.375599 
2457476.300480 0.011977 
2457477.231778 -0.475397 
2457478.163076 -1.090865 
2457479.094374 -1.826519 
2457480.025672 -2.615478 
2457480.956970 -3.232068 
2457481.888267 -3.236941 
2457482.819565 -2.344739 
2457483.750863 -0.931181 
2457484.682161 0.416982 
2457485.613459 1.450790 
2457486.544757 2.164959 
2457487.476054 2.611939 
2457488.407352 2.833517 
2457489.338650 2.850598 
2457490.269948 2.667721 
2457491.201246 2.279326 
2457492.132544 1.676520 
2457493.063842 0.859531 
2457493.995139 -0.128969 
2457494.926437 -1.122943 
2457495.857735 -1.733540 
2457496.789033 -1.533145 
2457497.720331 -0.651759 
2457498.651629 0.315592 
2457499.582927 1.003401 
2457500.514224 1.362247 
2457501.445522 1.452303 
2457502.376820 1.338166 
2457503.308118 1.064623 
2457504.239416 0.656412 
2457505.170714 0.122105 
2457506.102011 -0.541033 
2457507.033309 -1.337752 
2457507.964607 -2.250219 
2457508.895905 -3.174553 
2457509.827203 -3.810765 
2457510.758501 -3.695660 
2457511.689799 -2.723681 
2457512.621096 -1.420198 
2457513.552394 -0.283378 
2457514.483692 0.545798 
2457515.414990 1.102036 
2457516.346288 1.446989 
2457517.277586 1.625167 
2457518.208884 1.658965 
2457519.140181 1.552120 
2457520.071479 1.294364 
2457521.002777 0.868516 
2457521.934075 0.267771 
2457522.865373 -0.457398 
2457523.796671 -1.099096 
2457524.727969 -1.229391 
2457525.659266 -0.549907 
2457526.590564 0.586848 
2457527.521862 1.600101 
2457528.453160 2.247037 
2457529.384458 2.539333 
2457530.315756 2.551946 
2457531.247053 2.349618 
2457532.178351 1.974027 
2457533.109649 1.446994 
2457534.040947 0.776004 
2457534.972245 -0.039622 
2457535.903543 -0.996933 
2457536.834841 -2.056914 
2457537.766138 -3.064518 
2457538.697436 -3.645779 
2457539.628734 -3.374954 
2457540.560032 -2.368672 
2457541.491330 -1.226555 
2457542.422628 -0.331460 
2457543.353926 0.256692 
2457544.285223 0.594216 
2457545.216521 0.744553 
2457546.147819 0.751829 
2457547.079117 0.639016 
2457548.010415 0.410452 
2457548.941713 0.056149 
2457549.873010 -0.438270 
2457550.804308 -1.065739 
2457551.735606 -1.734021 
2457552.666904 -2.155596 
2457553.598202 -1.871462 
2457554.529500 -0.762193 
2457555.460798 0.648759 
2457556.392095 1.840462 
2457557.323393 2.650032 
2457558.254691 3.100633 
2457559.185989 3.251881 
2457560.117287 3.154410 
2457561.048585 2.843101 
2457561.979883 2.338500 
2457562.911180 1.649981 
2457563.842478 0.781883 
2457564.773776 -0.250596 
2457565.705074 -1.377465 
2457566.636372 -2.377510 
2457567.567670 -2.811904 
2457568.498968 -2.357623 
2457569.430265 -1.341952 
2457570.361563 -0.348189 
2457571.292861 0.366760 
2457572.224159 0.799615 
2457573.155457 1.005272 
2457574.086755 1.022605 
2457575.018052 0.867271 
2457575.949350 0.543281 
2457576.880648 0.054534 
2457577.811946 -0.589322 
2457578.743244 -1.368144 
2457579.674542 -2.229368 
2457580.605840 -3.016783 
2457581.537137 -3.366987 
2457582.468435 -2.857414 
2457583.399733 -1.592835 
2457584.331031 -0.177183 
2457585.262329 0.988304 
2457586.193627 1.827974 
2457587.124925 2.383362 
2457588.056222 2.701816 
2457588.987520 2.812500 
2457589.918818 2.727958 
2457590.850116 2.448212 
2457591.781414 1.964905 
2457592.712712 1.270985 
2457593.644009 0.386866 
2457594.575307 -0.576864 
2457595.506605 -1.312799 
2457596.437903 -1.338205 
2457597.369201 -0.503021 
2457598.300499 0.673810 
2457599.231797 1.638816 
2457600.163094 2.195828 
2457601.094392 2.356978 
2457602.025690 2.199100 
2457602.956988 1.812123 
2457603.888286 1.275525 
2457604.819584 0.640635 
2457605.750882 -0.077040 
2457606.682179 -0.889003 
2457607.613477 -1.805584 
2457608.544775 -2.780004 
2457609.476073 -3.608003 
2457610.407371 -3.860022 
2457611.338669 -3.205331 
2457612.269966 -1.962536 
2457613.201264 -0.731616 
2457614.132562 0.212098 
2457615.063860 0.863911 
2457615.995158 1.290758 
2457616.926456 1.548810 
2457617.857754 1.670398 
2457618.789051 1.673474 
2457619.720349 1.572047 
2457620.651647 1.377051 
2457621.582945 1.090311 
2457622.514243 0.714889 
2457623.445541 0.324050 
2457624.376839 0.183170 
2457625.308136 0.647455 
2457626.239434 1.609868 
2457627.170732 2.508767 
2457628.102030 3.018091 
2457629.033328 3.156731 
2457629.964626 3.044874 
2457630.895924 2.770061 
2457631.827221 2.366974 
2457632.758519 1.839525 
2457633.689817 1.184271 
2457634.621115 0.399469 
2457635.552413 -0.515017 
2457636.483711 -1.545257 
2457637.415008 -2.605874 
2457638.346306 -3.424333 
2457639.277604 -3.536236 
2457640.208902 -2.767831 
2457641.140200 -1.598334 
2457642.071498 -0.551521 
2457643.002796 0.206627 
2457643.934093 0.717434 
2457644.865391 1.076608 
2457645.796689 1.372712 
2457646.727987 1.651565 
2457647.659285 1.889828 
2457648.590583 1.993044 
2457649.521881 1.831122 
2457650.453178 1.306995 
2457651.384476 0.446539 
2457652.315774 -0.494461 
2457653.247072 -0.984577 
2457654.178370 -0.573352 
2457655.109668 0.502460 
2457656.040965 1.639662 
2457656.972263 2.507257 
2457657.903561 3.042620 
2457658.834859 3.279528 
2457659.766157 3.269152 
2457660.697455 3.051061 
2457661.628753 2.643094 
2457662.560050 2.046065 
2457663.491348 1.258303 
2457664.422646 0.292508 
2457665.353944 -0.799379 
2457666.285242 -1.862651 
2457667.216540 -2.537933 
2457668.147838 -2.376381 
2457669.079135 -1.408408 
2457670.010433 -0.180476 
2457670.941731 0.932142 
2457671.873029 1.856684 
2457672.804327 2.587561 
2457673.735625 3.068334 
2457674.666922 3.204505 
2457675.598220 2.926027 
2457676.529518 2.238907 
2457677.460816 1.231928 
2457678.392114 0.039765 
2457679.323412 -1.200054 
2457680.254710 -2.336530 
2457681.186007 -3.103286 
2457682.117305 -3.082667 
2457683.048603 -2.135502 
2457683.979901 -0.759991 
2457684.911199 0.500480 
2457685.842497 1.461050 
2457686.773795 2.129745 
2457687.705092 2.547813 
2457688.636390 2.748595 
2457689.567688 2.756568 
2457690.498986 2.585499 
2457691.430284 2.233608 
2457692.361582 1.688537 
2457693.292880 0.953483 
2457694.224177 0.102409 
2457695.155475 -0.627083 
2457696.086773 -0.775554 
2457697.018071 0.018271 
2457697.949369 1.425210 
2457698.880667 2.738539 
2457699.811964 3.550177 
2457700.743262 3.781851 
2457701.674560 3.519396 
2457702.605858 2.919005 
2457703.537156 2.144406 
2457704.468454 1.314101 
2457705.399752 0.474088 
2457706.331049 -0.392638 
2457707.262347 -1.326223 
2457708.193645 -2.330433 
2457709.124943 -3.286320 
2457710.056241 -3.850194 
2457710.987539 -3.576571 
2457711.918837 -2.502873 
2457712.850134 -1.220006 
2457713.781432 -0.159943 
2457714.712730 0.595127 
2457715.644028 1.102540 
2457716.575326 1.426789 
2457717.506624 1.607309 
2457718.437921 1.665883 
2457719.369219 1.620015 
2457720.300517 1.485110 
2457721.231815 1.264178 
2457722.163113 0.944894 
2457723.094411 0.544364 
2457724.025709 0.231053 
2457724.957006 0.377296 
2457725.888304 1.145195 
2457726.819602 2.100646 
2457727.750900 2.775680 
2457728.682198 3.073619 
2457729.613496 3.084938 
2457730.544794 2.902410 
2457731.476091 2.572848 
2457732.407389 2.109908 
2457733.338687 1.515244 
2457734.269985 0.788448 
2457735.201283 -0.072332 
2457736.132581 -1.063526 
2457737.063878 -2.138175 
2457737.995176 -3.110679 
2457738.926474 -3.567322 
2457739.857772 -3.134551 
2457740.789070 -2.060460 
2457741.720368 -0.947770 
2457742.651666 -0.107122 
2457743.582963 0.440713 
2457744.514261 0.768273 
2457745.445559 0.950186 
2457746.376857 1.033235 
2457747.308155 1.024914 
2457748.239453 0.894594 
2457749.170751 0.589966 
2457750.102048 0.067952 
2457751.033346 -0.659172 
2457751.964644 -1.447794 
2457752.895942 -1.925537 
2457753.827240 -1.607836 
2457754.758538 -0.486510 
2457755.689836 0.857204 
2457756.621133 1.961082 
2457757.552431 2.704766 
2457758.483729 3.117501 
2457759.415027 3.252703 
2457760.346325 3.152220 
2457761.277623 2.841704 
2457762.208920 2.334072 
2457763.140218 1.634966 
2457764.071516 0.750061 
2457765.002814 -0.297610 
2457765.934112 -1.417211 
2457766.865410 -2.345594 
2457767.796708 -2.621272 
2457768.728005 -2.018538 
2457769.659303 -0.972101 
2457770.590601 -0.024545 
2457771.521899 0.630889 
2457772.453197 1.007293 
2457773.384495 1.153925 
2457774.315793 1.104913 
2457775.247090 0.878965 
2457776.178388 0.487837 
2457777.109686 -0.059055 
2457778.040984 -0.752867 
2457778.972282 -1.576941 
2457779.903580 -2.472028 
2457780.834877 -3.248166 
2457781.766175 -3.495834 
2457782.697473 -2.837234 
2457783.628771 -1.509688 
2457784.560069 -0.127214 
2457785.491367 0.977657 
2457786.422665 1.763601 
2457787.353962 2.279229 
2457788.285260 2.572755 
2457789.216558 2.672444 
2457790.147856 2.587189 
2457791.079154 2.311441 
2457792.010452 1.832092 
2457792.941750 1.140270 
2457793.873047 0.259368 
2457794.804345 -0.685520 
2457795.735643 -1.358885 
2457796.666941 -1.298819 
2457797.598239 -0.481499 
2457798.529537 0.536996 
2457799.460834 1.314776 
2457800.392132 1.753482 
2457801.323430 1.897637 
2457802.254728 1.804758 
2457803.186026 1.515652 
2457804.117324 1.058267 
2457805.048622 0.454450 
2457805.979919 -0.278431 
2457806.911217 -1.127498 
2457807.842515 -2.072650 
2457808.773813 -3.037536 
2457809.705111 -3.782274 
2457810.636409 -3.865134 
2457811.567707 -3.058254 
2457812.499004 -1.791707 
2457813.430302 -0.620870 
2457814.361600 0.254812 
2457815.292898 0.859300 
2457816.224196 1.262064 
2457817.155494 1.514303 
2457818.086792 1.636524 
2457819.018089 1.621152 
2457819.949387 1.442019 
2457820.880685 1.069984 
2457821.811983 0.495941 
2457822.743281 -0.228925 
2457823.674579 -0.912753 
2457824.605876 -1.145240 
2457825.537174 -0.545099 
2457826.468472 0.650156 
2457827.399770 1.801208 
2457828.331068 2.553446 
2457829.262366 2.876011 
2457830.193664 2.858405 
2457831.124961 2.603943 
2457832.056259 2.191556 
2457832.987557 1.663317 
2457833.918855 1.026162 
2457834.850153 0.264083 
2457835.781451 -0.641373 
2457836.712749 -1.675935 
2457837.644046 -2.719944 
2457838.575344 -3.437639 
2457839.506642 -3.350497 
2457840.437940 -2.399188 
2457841.369238 -1.127273 
2457842.300536 -0.003382 
2457843.231833 0.827045 
2457844.163131 1.353113 
2457845.094429 1.584833 
2457846.025727 1.543528 
2457846.957025 1.275770 
2457847.888323 0.850718 
2457848.819621 0.335571 
2457849.750918 -0.233350 
2457850.682216 -0.853888 
2457851.613514 -1.501892 
2457852.544812 -1.999078 
2457853.476110 -1.939915 
2457854.407408 -1.078870 
2457855.338706 0.197576 
2457856.270003 1.358384 
2457857.201301 2.209050 
2457858.132599 2.761178 
2457859.063897 3.058262 
2457859.995195 3.125213 
2457860.926493 2.970843 
2457861.857791 2.599651 
2457862.789088 2.022631 
2457863.720386 1.266683 
2457864.651684 0.383937 
2457865.582982 -0.528587 
2457866.514280 -1.271174 
2457867.445578 -1.473057 
2457868.376875 -0.817229 
2457869.308173 0.394589 
2457870.239471 1.465616 
2457871.170769 2.031080 
2457872.102067 2.117402 
2457873.033365 1.906893 
2457873.964663 1.579520 
2457874.895960 1.235059 
2457875.827258 0.873991 
2457876.758556 0.427504 
2457877.689854 -0.186000 
2457878.621152 -1.007527 
2457879.552450 -1.999370 
2457880.483748 -2.998063 
2457881.415045 -3.636773 
2457882.346343 -3.427795 
2457883.277641 -2.313585 
2457884.208939 -0.862534 
2457885.140237 0.424033 
2457886.071535 1.397148 
2457887.002832 2.076675 
2457887.934130 2.524179 
2457888.865428 2.814197 
2457889.796726 3.025425 
2457890.728024 3.214563 
2457891.659322 3.375924 
2457892.590620 3.416474 
2457893.521917 3.183892 
2457894.453215 2.574892 
2457895.384513 1.719036 
2457896.315811 1.082677 
2457897.247109 1.075678 
2457898.178407 1.500359 
2457899.109705 1.945722 
2457900.041002 2.248249 
2457900.972300 2.379548 
2457901.903598 2.314275 
2457902.834896 2.029592 
2457903.766194 1.534401 
2457904.697492 0.870438 
2457905.628789 0.087005 
2457906.560087 -0.783764 
2457907.491385 -1.726683 
2457908.422683 -2.703467 
2457909.353981 -3.559218 
2457910.285279 -3.920165 
2457911.216577 -3.394071 
2457912.147874 -2.155001 
2457913.079172 -0.788973 
2457914.010470 0.400680 
2457914.941768 1.437603 
2457915.873066 2.420778 
2457916.804364 3.372531 
2457917.735662 4.196159 
2457918.666959 4.712675 
2457919.598257 4.747638 
2457920.529555 4.221192 
2457921.460853 3.193950 
2457922.392151 1.856605 
2457923.323449 0.508231 
2457924.254747 -0.420410 
2457925.186044 -0.453440 
2457926.117342 0.417176 
2457927.048640 1.557333 
2457927.979938 2.419359 
2457928.911236 2.863423 
2457929.842534 2.956061 
2457930.773831 2.798995 
2457931.705129 2.468341 
2457932.636427 2.006561 
2457933.567725 1.430828 
2457934.499023 0.741593 
2457935.430321 -0.068612 
2457936.361619 -0.992621 
2457937.292916 -1.950090 
2457938.224214 -2.678449 
2457939.155512 -2.687610 
2457940.086810 -1.662067 
2457941.018108 -0.000081 
2457941.949406 1.626287 
2457942.880704 2.834882 
2457943.812001 3.492794 
2457944.743299 3.595659 
2457945.674597 3.233661 
2457946.605895 2.563705 
2457947.537193 1.755282 
2457948.468491 0.931228 
2457949.399788 0.136439 
2457950.331086 -0.646945 
2457951.262384 -1.434664 
2457952.193682 -2.123445 
2457953.124980 -2.371042 
2457954.056278 -1.781325 
2457954.987576 -0.506131 
2457955.918873 0.851594 
2457956.850171 1.925020 
2457957.781469 2.658498 
2457958.712767 3.097284 
2457959.644065 3.285996 
2457960.575363 3.256265 
2457961.506661 3.040830 
2457962.437958 2.680904 
2457963.369256 2.213744 
2457964.300554 1.649178 
2457965.231852 0.967352 
2457966.163150 0.184821 
2457967.094448 -0.497472 
2457968.025745 -0.676175 
2457968.957043 -0.233096 
2457969.888341 0.395496 
2457970.819639 0.835890 
2457971.750937 1.043825 
2457972.682235 1.089052 
2457973.613533 1.014600 
2457974.544830 0.826703 
2457975.476128 0.522070 
2457976.407426 0.101511 
2457977.338724 -0.436236 
2457978.270022 -1.101711 
2457979.201320 -1.899248 
2457980.132618 -2.769363 
2457981.063915 -3.479850 
2457981.995213 -3.571496 
2457982.926511 -2.731524 
2457983.857809 -1.323910 
2457984.789107 0.048267 
2457985.720405 1.126088 
2457986.651703 1.925470 
2457987.583000 2.538782 
2457988.514298 3.027207 
2457989.445596 3.371996 
2457990.376894 3.474842 
2457991.308192 3.208164 
2457992.239490 2.492063 
2457993.170787 1.357081 
2457994.102085 -0.029660 
2457995.033383 -1.348389 
2457995.964681 -2.107479 
2457996.895979 -1.865340 
2457997.827277 -0.813931 
2457998.758575 0.349136 
2457999.689872 1.179662 
2458000.621170 1.611405 
2458001.552468 1.730456 
2458002.483766 1.629631 
2458003.415064 1.359696 
2458004.346362 0.934471 
2458005.277660 0.356743 
2458006.208957 -0.363263 
2458007.140255 -1.206960 
2458008.071553 -2.143807 
2458009.002851 -3.079698 
2458009.934149 -3.735674 
2458010.865447 -3.650157 
2458011.796744 -2.680927 
2458012.728042 -1.316153 
2458013.659340 -0.062580 
2458014.590638 0.874798 
2458015.521936 1.430409 
2458016.453234 1.582033 
2458017.384532 1.366735 
2458018.315829 0.899193 
2458019.247127 0.339461 
2458020.178425 -0.178666 
2458021.109723 -0.610522 
2458022.041021 -1.004511 
2458022.972319 -1.419207 
2458023.903617 -1.758707 
2458024.834914 -1.656129 
2458025.766212 -0.804458 
2458026.697510 0.483534 
2458027.628808 1.642708 
2458028.560106 2.418831 
2458029.491404 2.805404 
2458030.422701 2.871270 
2458031.353999 2.693753 
2458032.285297 2.334868 
2458033.216595 1.827270 
2458034.147893 1.173731 
2458035.079191 0.364467 
2458036.010489 -0.594646 
2458036.941786 -1.646985 
2458037.873084 -2.624008 
2458038.804382 -3.167144 
2458039.735680 -2.895153 
2458040.666978 -1.976686 
2458041.598276 -1.051450 
2458042.529574 -0.491493 
2458043.460871 -0.278919 
2458044.392169 -0.249724 
2458045.323467 -0.260511 
2458046.254765 -0.254107 
2458047.186063 -0.259810 
2458048.117361 -0.353326 
2458049.048659 -0.606205 
2458049.979956 -1.050498 
2458050.911254 -1.660083 
2458051.842552 -2.315044 
2458052.773850 -2.716022 
2458053.705148 -2.406295 
2458054.636446 -1.262081 
2458055.567743 0.199916 
2458056.499041 1.461128 
2458057.430339 2.362636 
2458058.361637 2.925994 
2458059.292935 3.199270 
2458060.224233 3.219475 
2458061.155531 3.016407 
2458062.086828 2.615177 
2458063.018126 2.028258 
2458063.949424 1.247871 
2458064.880722 0.259193 
2458065.812020 -0.901843 
2458066.743318 -2.029884 
2458067.674616 -2.665703 
2458068.605913 -2.425164 
2458069.537211 -1.568123 
2458070.468509 -0.652385 
2458071.399807 0.048191 
2458072.331105 0.492126 
2458073.262403 0.699241 
2458074.193700 0.696260 
2458075.124998 0.512253 
2458076.056296 0.175006 
2458076.987594 -0.297805 
2458077.918892 -0.903115 
2458078.850190 -1.642188 
2458079.781488 -2.484003 
2458080.712785 -3.282889 
2458081.644083 -3.673054 
2458082.575381 -3.215465 
2458083.506679 -1.991701 
2458084.437977 -0.601124 
2458085.369275 0.547621 
2458086.300573 1.379356 
2458087.231870 1.944137 
2458088.163168 2.296257 
2458089.094466 2.461695 
2458090.025764 2.439056 
2458090.957062 2.212065 
2458091.888360 1.764528 
2458092.819657 1.093849 
2458093.750955 0.229647 
2458094.682253 -0.717396 
2458095.613551 -1.456760 
2458096.544849 -1.527049 
2458097.476147 -0.777901 
2458098.407445 0.291646 
2458099.338742 1.158470 
2458100.270040 1.666390 
2458101.201338 1.856887 
2458102.132636 1.805275 
2458103.063934 1.568574 
2458103.995232 1.180116 
2458104.926530 0.655323 
2458105.857827 -0.002222 
2458106.789125 -0.794662 
2458107.720423 -1.715736 
2458108.651721 -2.708805 
2458109.583019 -3.571283 
2458110.514317 -3.878250 
2458111.445615 -3.288418 
2458112.376912 -2.101027 
2458113.308210 -0.913583 
2458114.239508 -0.010565 
2458115.170806 0.592849 
2458116.102104 0.956607 
2458117.033402 1.137303 
2458117.964699 1.172820 
2458118.895997 1.082264 
2458119.827295 0.867747 
2458120.758593 0.518035 
2458121.689891 0.019660 
2458122.621189 -0.611115 
2458123.552487 -1.250464 
2458124.483784 -1.558361 
2458125.415082 -1.105889 
2458126.346380 0.039337 
2458127.277678 1.282402 
2458128.208976 2.207291 
2458129.140274 2.738073 
2458130.071572 2.932989 
2458131.002869 2.863954 
2458131.934167 2.585140 
2458132.865465 2.130465 
2458133.796763 1.517000 
2458134.728061 0.749658 
2458135.659359 -0.170544 
2458136.590656 -1.225029 
2458137.521954 -2.320564 
2458138.453252 -3.181451 
2458139.384550 -3.345278 
2458140.315848 -2.634420 
2458141.247146 -1.527331 
2458142.178444 -0.556608 
2458143.109741 0.103579 
2458144.041039 0.479561 
2458144.972337 0.635952 
2458145.903635 0.624148 
2458146.834933 0.475671 
2458147.766231 0.205201 
2458148.697529 -0.185484 
2458149.628826 -0.701772 
2458150.560124 -1.341597 
2458151.491422 -2.054109 
2458152.422720 -2.646427 
2458153.354018 -2.704260 
2458154.285316 -1.882182 
2458155.216614 -0.469969 
2458156.147911 0.920174 
2458157.079209 1.981112 
2458158.010507 2.682440 
2458158.941805 3.073690 
2458159.873103 3.202886 
2458160.804401 3.101678 
2458161.735698 2.787808 
2458162.666996 2.269408 
2458163.598294 1.549379 
2458164.529592 0.634602 
2458165.460890 -0.436308 
2458166.392188 -1.520344 
2458167.323486 -2.262815 
2458168.254783 -2.211771 
2458169.186081 -1.398460 
2458170.117379 -0.401825 
2458171.048677 0.356392 
2458171.979975 0.793707 
2458172.911273 0.962720 
2458173.842571 0.928064 
2458174.773868 0.735160 
2458175.705166 0.409039 
2458176.636464 -0.041204 
2458177.567762 -0.617383 
2458178.499060 -1.324207 
2458179.430358 -2.148665 
2458180.361655 -3.004611 
2458181.292953 -3.626015 
2458182.224251 -3.554121 
2458183.155549 -2.594775 
2458184.086847 -1.214192 
2458185.018145 0.043778 
2458185.949443 0.991850 
2458186.880740 1.648642 
2458187.812038 2.071876 
2458188.743336 2.303716 
2458189.674634 2.363276 
2458190.605932 2.250516 
2458191.537230 1.952242 
2458192.468528 1.450346 
2458193.399825 0.738322 
2458194.331123 -0.137288 
2458195.262421 -0.985157 
2458196.193719 -1.386380 
2458197.125017 -0.969194 
2458198.056315 0.015269 
2458198.987612 0.973098 
2458199.918910 1.607653 
2458200.850208 1.905263 
2458201.781506 1.934399 
2458202.712804 1.759120 
2458203.644102 1.421795 
2458204.575400 0.944915 
2458205.506697 0.335870 
2458206.437995 -0.407521 
2458207.369293 -1.286533 
2458208.300591 -2.273057 
2458209.231889 -3.237324 
2458210.163187 -3.838906 
2458211.094485 -3.627393 
2458212.025782 -2.616813 
2458212.957080 -1.383814 
2458213.888378 -0.365640 
2458214.819676 0.343492 
2458215.750974 0.790506 
2458216.682272 1.037109 
2458217.613570 1.127039 
2458218.544867 1.084005 
2458219.476165 0.914985 
2458220.407463 0.613911 
2458221.338761 0.168517 
2458222.270059 -0.419891 
2458223.201357 -1.081847 
2458224.132654 -1.572570 
2458225.063952 -1.448942 
2458225.995250 -0.510055 
2458226.926548 0.785640 
2458227.857846 1.883784 
2458228.789144 2.590506 
2458229.720442 2.930365 
2458230.651739 2.975484 
2458231.583037 2.787532 
2458232.514335 2.408210 
2458233.445633 1.861281 
2458234.376931 1.156492 
2458235.308229 0.295560 
2458236.239527 -0.713627 
2458237.170824 -1.817942 
2458238.102122 -2.829159 
2458239.033420 -3.336600 
2458239.964718 -2.963821 
2458240.896016 -1.949509 
2458241.827314 -0.898039 
2458242.758611 -0.125692 
2458243.689909 0.341865 
2458244.621207 0.566874 
2458245.552505 0.609312 
2458246.483803 0.508102 
2458247.415101 0.282511 
2458248.346399 -0.063051 
2458249.277696 -0.533428 
2458250.208994 -1.132551 
2458251.140292 -1.836204 
2458252.071590 -2.522163 
2458253.002888 -2.861406 
2458253.934186 -2.406309 
2458254.865484 -1.157834 
2458255.796781 0.304008 
2458256.728079 1.518820 
2458257.659377 2.372225 
2458258.590675 2.897363 
2458259.521973 3.145869 
2458260.453271 3.154747 
2458261.384568 2.945304 
2458262.315866 2.527532 
2458263.247164 1.904284 
2458264.178462 1.077641 
2458265.109760 0.066992 
2458266.041058 -1.039480 
2458266.972356 -1.980643 
2458267.903653 -2.293411 
2458268.834951 -1.739817 
2458269.766249 -0.747469 
2458270.697547 0.130899 
2458271.628845 0.694617 
2458272.560143 0.962763 
2458273.491441 1.001114 
2458274.422738 0.863390 
2458275.354036 0.582698 
2458276.285334 0.174599 
2458277.216632 -0.358449 
2458278.147930 -1.021128 
2458279.079228 -1.811549 
2458280.010526 -2.683312 
2458280.941823 -3.457245 
2458281.873121 -3.730623 
2458282.804419 -3.117879 
2458283.735717 -1.837762 
2458284.667015 -0.497661 
2458285.598313 0.570797 
2458286.529610 1.330873 
2458287.460908 1.836465 
2458288.392206 2.138829 
2458289.323504 2.266862 
2458290.254802 2.228501 
2458291.186100 2.016004 
2458292.117398 1.612477 
2458293.048695 1.003306 
2458293.979993 0.204344 
2458294.911291 -0.668392 
2458295.842589 -1.288714 
2458296.773887 -1.195871 
2458297.705185 -0.354108 
2458298.636483 0.683678 
2458299.567780 1.467597 
2458300.499078 1.897803 
2458301.430376 2.027123 
2458302.361674 1.926245 
2458303.292972 1.647047 
2458304.224270 1.219994 
2458305.155567 0.658355 
2458306.086865 -0.036826 
2458307.018163 -0.869138 
2458307.949461 -1.827871 
2458308.880759 -2.836810 
2458309.812057 -3.650431 
2458310.743355 -3.816755 
2458311.674652 -3.088157 
2458312.605950 -1.881713 
2458313.537248 -0.761729 
2458314.468546 0.057990 
2458315.399844 0.591243 
2458316.331142 0.902272 
2458317.262440 1.043781 
2458318.193737 1.047128 
2458319.125035 0.924915 
2458320.056333 0.675085 
2458320.987631 0.286454 
2458321.918929 -0.248291 
2458322.850227 -0.895862 
2458323.781524 -1.495455 
2458324.712822 -1.663943 
2458325.644120 -1.018951 
2458326.575418 0.231635 
2458327.506716 1.473768 
2458328.438014 2.363003 
2458329.369312 2.861836 
2458330.300609 3.034060 
2458331.231907 2.947337 
2458332.163205 2.651028 
2458333.094503 2.175756 
2458334.025801 1.536825 
2458334.957099 0.738769 
2458335.888397 -0.215293 
2458336.819694 -1.297712 
2458337.750992 -2.389062 
2458338.682290 -3.167913 
2458339.613588 -3.173478 
2458340.544886 -2.354602 
2458341.476184 -1.263369 
2458342.407482 -0.369417 
2458343.338779 0.210555 
2458344.270077 0.519590 
2458345.201375 0.622164 
2458346.132673 0.565715 
2458347.063971 0.377427 
2458347.995269 0.068089 
2458348.926566 -0.363270 
2458349.857864 -0.922291 
2458350.789162 -1.601280 
2458351.720460 -2.329830 
2458352.651758 -2.872703 
2458353.583056 -2.786046 
2458354.514354 -1.812563 
2458355.445651 -0.361052 
2458356.376949 0.986585 
2458357.308247 1.993561 
2458358.239545 2.656749 
2458359.170843 3.027512 
2458360.102141 3.148797 
2458361.033439 3.046303 
2458361.964736 2.732309 
2458362.896034 2.210427 
2458363.827332 1.480848 
2458364.758630 0.552051 
2458365.689928 -0.524915 
2458366.621226 -1.572831 
2458367.552523 -2.192406 
2458368.483821 -1.971195 
2458369.415119 -1.077561 
2458370.346417 -0.111690 
2458371.277715 0.578006 
2458372.209013 0.950305 
2458373.140311 1.065272 
2458374.071608 0.984684 
2458375.002906 0.750120 
2458375.934204 0.383666 
2458376.865502 -0.107644 
2458377.796800 -0.726688 
2458378.728098 -1.476877 
2458379.659396 -2.336999 
2458380.590693 -3.195771 
2458381.521991 -3.741823 
2458382.453289 -3.514846 
2458383.384587 -2.444659 
2458384.315885 -1.075782 
2458385.247183 0.108905 
2458386.178481 0.980744 
2458387.109778 1.575629 
2458388.041076 1.951421 
2458388.972374 2.147276 
2458389.903672 2.179939 
2458390.834970 2.047966 
2458391.766268 1.737287 
2458392.697565 1.229610 
2458393.628863 0.521669 
2458394.560161 -0.325039 
2458395.491459 -1.082175 
2458396.422757 -1.303575 
2458397.354055 -0.704424 
2458398.285353 0.340721 
2458399.216650 1.263876 
2458400.147948 1.839734 
2458401.079246 2.083765 
2458402.010544 2.068002 
2458402.941842 1.853614 
2458403.873140 1.479780 
2458404.804438 0.966527 
2458405.735735 0.319467 
2458406.667033 -0.464255 
2458407.598331 -1.383265 
2458408.529629 -2.397207 
2458409.460927 -3.343492 
2458410.392225 -3.837892 
2458411.323522 -3.467140 
2458412.254820 -2.383999 
2458413.186118 -1.192153 
2458414.117416 -0.255427 
2458415.048714 0.376121 
2458415.980012 0.759327 
2458416.911310 0.954471 
2458417.842607 1.001665 
2458418.773905 0.920857 
2458419.705203 0.715798 
2458420.636501 0.378678 
2458421.567799 -0.101142 
2458422.499097 -0.712989 
2458423.430395 -1.361032 
2458424.361692 -1.753914 
2458425.292990 -1.443538 
2458426.224288 -0.351506 
2458427.155586 0.978347 
2458428.086884 2.047453 
2458429.018182 2.718899 
2458429.949479 3.032756 
2458430.880777 3.059259 
2458431.812075 2.855158 
2458432.743373 2.458148 
2458433.674671 1.889454 
2458434.605969 1.157660 
2458435.537267 0.265160 
2458436.468564 -0.774899 
2458437.399862 -1.891665 
2458438.331160 -2.856661 
2458439.262458 -3.226490 
2458440.193756 -2.704665 
2458441.125054 -1.654377 
2458442.056352 -0.657896 
2458442.987649 0.039615 
2458443.918947 0.441128 
2458444.850245 0.610989 
2458445.781543 0.604906 
2458446.712841 0.457936 
2458447.644139 0.186997 
2458448.575437 -0.204677 
2458449.506734 -0.721985 
2458450.438032 -1.365978 
2458451.369330 -2.100540 
2458452.300628 -2.771285 
2458453.231926 -3.004399 
2458454.163224 -2.384266 
2458455.094521 -1.048954 
2458456.025819 0.390684 
2458456.957117 1.547760 
2458457.888415 2.353090 
2458458.819713 2.849045 
2458459.751011 3.084063 
2458460.682309 3.089459 
2458461.613606 2.880817 
2458462.544904 2.463101 
2458463.476202 1.835628 
2458464.407500 1.000164 
2458465.338798 -0.016698 
2458466.270096 -1.102690 
2458467.201394 -1.951366 
2458468.132691 -2.091713 
2458469.063989 -1.404508 
2458469.995287 -0.405437 
2458470.926585 0.408817 
2458471.857883 0.898857 
2458472.789181 1.103158 
2458473.720478 1.088289 
2458474.651776 0.904617 
2458475.583074 0.581725 
2458476.514372 0.132247 
2458477.445670 -0.443386 
2458478.376968 -1.150087 
2458479.308266 -1.981490 
2458480.239563 -2.874358 
2458481.170861 -3.610280 
2458482.102159 -3.752810 
2458483.033457 -2.993023 
2458483.964755 -1.677336 
2458484.896053 -0.395285 
2458485.827351 0.594182 
2458486.758648 1.285947 
2458487.689946 1.738561 
2458488.621244 2.000959 
2458489.552542 2.099348 
2458490.483840 2.039650 
2458491.415138 1.812496 
2458492.346435 1.399784 
2458493.277733 0.787885 
2458494.209031 0.001765 
2458495.140329 -0.813984 
2458496.071627 -1.290968 
2458497.002925 -0.999183 
2458497.934223 -0.041702 
2458498.865520 0.991145 
2458499.796818 1.721560 
2458500.728116 2.096244 
2458501.659414 2.178582 
2458502.590712 2.037696 
2458503.522010 1.722102 
2458504.453308 1.259450 
2458505.384605 0.660942 
2458506.315903 -0.073521 
2458507.247201 -0.946493 
2458508.178499 -1.939901 
2458509.109797 -2.954278 
2458510.041095 -3.699402 
2458510.972393 -3.712549 
2458511.903690 -2.861734 
2458512.834988 -1.656495 
2458513.766286 -0.607848 
2458514.697584 0.132373 
2458515.628882 0.597538 
2458516.560180 0.852264 
2458517.491477 0.945606 
2458518.422775 0.905525 
2458519.354073 0.742214 
2458520.285371 0.452386 
2458521.216669 0.025552 
2458522.147967 -0.540233 
2458523.079265 -1.194262 
2458524.010562 -1.736234 
2458524.941860 -1.747361 
2458525.873158 -0.918102 
2458526.804456 0.412371 
2458527.735754 1.641232 
2458528.667052 2.494428 
2458529.598350 2.964304 
2458530.529647 3.116916 
2458531.460945 3.015247 
2458532.392243 2.704067 
2458533.323541 2.210784 
2458534.254839 1.548809 
2458535.186137 0.722295 
2458536.117434 -0.262810 
2458537.048732 -1.367314 
2458537.980030 -2.440791 
2458538.911328 -3.116331 
2458539.842626 -2.957687 
2458540.773924 -2.050395 
2458541.705222 -0.988475 
2458542.636519 -0.170211 
2458543.567817 0.335398 
2458544.499115 0.582154 
2458545.430413 0.632513 
2458546.361711 0.529911 
2458547.293009 0.298108 
2458548.224307 -0.054635 
2458549.155604 -0.530727 
2458550.086902 -1.134952 
2458551.018200 -1.852454 
2458551.949498 -2.589943 
2458552.880796 -3.067336 
2458553.812094 -2.826470 
2458554.743391 -1.721526 
2458555.674689 -0.256985 
2458556.605987 1.036851 
2458557.537285 1.987128 
2458558.468583 2.611453 
2458559.399881 2.961282 
2458560.331179 3.074542 
2458561.262476 2.971321 
2458562.193774 2.658713 
2458563.125072 2.136066 
2458564.056370 1.401310 
2458564.987668 0.465641 
2458565.918966 -0.604775 
2458566.850264 -1.594838 
2458567.781561 -2.068203 
2458568.712859 -1.680049 
2458569.644157 -0.730147 
2458570.575455 0.190615 
2458571.506753 0.807555 
2458572.438051 1.113367 
2458573.369349 1.173162 
2458574.300646 1.045732 
2458575.231944 0.768898 
2458576.163242 0.361678 
2458577.094540 -0.171123 
2458578.025838 -0.833400 
2458578.957136 -1.626571 
2458579.888433 -2.518945 
2458580.819731 -3.369539 
2458581.751029 -3.821655 
2458582.682327 -3.435893 
2458583.613625 -2.277857 
2458584.544923 -0.939019 
2458585.476221 0.168453 
2458586.407518 0.965590 
2458587.338816 1.500550 
2458588.270114 1.830303 
2458589.201412 1.991069 
2458590.132710 1.997157 
2458591.064008 1.845310 
2458591.995306 1.520183 
2458592.926603 1.003647 
2458593.857901 0.297793 
2458594.789199 -0.516013 
2458595.720497 -1.167914 
2458596.651795 -1.197838 
2458597.583093 -0.431944 
2458598.514390 0.653070 
2458599.445688 1.536340 
2458600.376986 2.056908 
2458601.308284 2.252076 
2458602.239582 2.195255 
2458603.170880 1.944484 
2458604.102178 1.535856 
2458605.033475 0.987063 
2458605.964773 0.302186 
2458606.896071 -0.521685 
2458607.827369 -1.479121 
2458608.758667 -2.514398 
2458609.689965 -3.427619 
2458610.621263 -3.796549 
2458611.552560 -3.271867 
2458612.483858 -2.140141 
2458613.415156 -1.000975 
2458614.346454 -0.144635 
2458615.277752 0.413639 
2458616.209050 0.735982 
2458617.140347 0.879718 
2458618.071645 0.881316 
2458619.002943 0.757964 
2458619.934241 0.511704 
2458620.865539 0.134430 
2458621.796837 -0.381673 
2458622.728135 -1.014773 
2458623.659432 -1.639049 
2458624.590730 -1.916896 
2458625.522028 -1.417153 
2458626.453326 -0.196630 
2458627.384624 1.147181 
2458628.315922 2.182873 
2458629.247220 2.821701 
2458630.178517 3.113671 
2458631.109815 3.125497 
2458632.041113 2.908742 
2458632.972411 2.497103 
2458633.903709 1.909238 
2458634.835007 1.152558 
2458635.766305 0.230577 
2458636.697602 -0.836567 
2458637.628900 -1.956210 
2458638.560198 -2.855913 
2458639.491496 -3.073049 
2458640.422794 -2.416382 
2458641.354092 -1.353731 
2458642.285389 -0.422581 
2458643.216687 0.197482 
2458644.147985 0.531927 
2458645.079283 0.646166 
2458646.010581 0.592118 
2458646.941879 0.401080 
2458647.873177 0.087064 
2458648.804474 -0.348649 
2458649.735772 -0.911319 
2458650.667070 -1.598199 
2458651.598368 -2.358172 
2458652.529666 -2.999892 
2458653.460964 -3.109772 
2458654.392262 -2.331038 
2458655.323559 -0.936004 
2458656.254857 0.464965 
2458657.186155 1.559811 
2458658.117453 2.316158 
2458659.048751 2.782255 
2458659.980049 3.002921 
2458660.911346 3.004146 
2458661.842644 2.796255 
2458662.773942 2.379510 
2458663.705240 1.749827 
2458664.636538 0.908892 
2458665.567836 -0.108119 
2458666.499134 -1.161147 
2458667.430431 -1.898033 
2458668.361729 -1.860740 
2458669.293027 -1.062630 
2458670.224325 -0.076140 
2458671.155623 0.670539 
2458672.086921 1.090488 
2458673.018219 1.235602 
2458673.949516 1.171285 
2458674.880814 0.944146 
2458675.812112 0.580401 
2458676.743410 0.090116 
2458677.674708 -0.527882 
2458678.606006 -1.278107 
2458679.537304 -2.148166 
2458680.468601 -3.054281 
2458681.399899 -3.735097 
2458682.331197 -3.732900 
2458683.262495 -2.840617 
2458684.193793 -1.513150 
2458685.125091 -0.298310 
2458686.056388 0.612025 
2458686.987686 1.236923 
2458687.918984 1.637156 
2458688.850282 1.858923 
2458689.781580 1.925728 
2458690.712878 1.841536 
2458691.644176 1.595621 
2458692.575473 1.169468 
2458693.506771 0.552217 
2458694.438069 -0.218410 
2458695.369367 -0.964108 
2458696.300665 -1.278635 
2458697.231963 -0.789587 
2458698.163261 0.261816 
2458699.094558 1.278835 
2458700.025856 1.957257 
2458700.957154 2.281350 
2458701.888452 2.321200 
2458702.819750 2.143625 
2458703.751048 1.793858 
2458704.682345 1.296930 
2458705.613643 0.662202 
2458706.544941 -0.111197 
2458707.476239 -1.023935 
2458708.407537 -2.048386 
2458709.338835 -3.057419 
2458710.270133 -3.715053 
2458711.201430 -3.568312 
2458712.132728 -2.616682 
2458713.064026 -1.432173 
2458713.995324 -0.459399 
2458714.926622 0.203166 
2458715.857920 0.602724 
2458716.789218 0.802704 
2458717.720515 0.848381 
2458718.651813 0.764503 
2458719.583111 0.559066 
2458720.514409 0.227764 
2458721.445707 -0.238749 
2458722.377005 -0.835643 
2458723.308302 -1.491214 
2458724.239600 -1.961764 
2458725.170898 -1.804327 
2458726.102196 -0.807516 
2458727.033494 0.576500 
2458727.964792 1.781417 
2458728.896090 2.598719 
2458729.827387 3.043023 
2458730.758685 3.179902 
2458731.689983 3.066958 
2458732.621281 2.744146 
2458733.552579 2.235548 
2458734.483877 1.552671 
2458735.415175 0.699565 
2458736.346472 -0.313946 
2458737.277770 -1.434280 
2458738.209068 -2.475319 
2458739.140366 -3.028451 
2458740.071664 -2.708101 
2458741.002962 -1.736825 
2458741.934260 -0.718615 
2458742.865557 0.022414 
2458743.796855 0.456134 
2458744.728153 0.643157 
2458745.659451 0.643094 
2458746.590749 0.495405 
2458747.522047 0.220571 
2458748.453344 -0.175530 
2458749.384642 -0.696492 
2458750.315940 -1.345539 
2458751.247238 -2.098634 
2458752.178536 -2.835343 
2458753.109834 -3.229415 
2458754.041132 -2.828256 
2458754.972429 -1.614700 
2458755.903727 -0.159658 
2458756.835025 1.072421 
2458757.766323 1.964389 
2458758.697621 2.549053 
2458759.628919 2.876779 
2458760.560217 2.980749 
2458761.491514 2.875929 
2458762.422812 2.564555 
2458763.354110 2.041883 
2458764.285408 1.303875 
2458765.216706 0.365586 
2458766.148004 -0.688461 
2458767.079301 -1.601586 
2458768.010599 -1.911525 
2458768.941897 -1.367300 
2458769.873195 -0.383732 
2458770.804493 0.483443 
2458771.735791 1.028804 
2458772.667089 1.271325 
2458773.598386 1.278596 
2458774.529684 1.106063 
2458775.460982 0.787935 
2458776.392280 0.340363 
2458777.323578 -0.233876 
2458778.254876 -0.939314 
2458779.186174 -1.774325 
2458780.117471 -2.693990 
2458781.048769 -3.522986 
2458781.980067 -3.862558 
2458782.911365 -3.320067 
2458783.842663 -2.098962 
2458784.773961 -0.805605 
2458785.705258 0.222143 
2458786.636556 0.945994 
2458787.567854 1.422144 
2458788.499152 1.705707 
2458789.430450 1.829946 
2458790.361748 1.806940 
2458791.293046 1.631942 
2458792.224343 1.288878 
2458793.155641 0.760880 
2458794.086939 0.057816 
2458795.018237 -0.714472 
2458795.949535 -1.242721 
2458796.880833 -1.072040 
2458797.812131 -0.158068 
2458798.743428 0.948554 
2458799.674726 1.789052 
2458800.606024 2.258351 
2458801.537322 2.409434 
2458802.468620 2.315361 
2458803.399918 2.030880 
2458804.331216 1.589170 
2458805.262513 1.005798 
2458806.193811 0.283594 
2458807.125109 -0.579848 
2458808.056407 -1.573562 
2458808.987705 -2.622906 
2458809.919003 -3.486546 
2458810.850300 -3.714403 
2458811.781598 -3.047533 
2458812.712896 -1.891417 
2458813.644194 -0.814895 
2458814.575492 -0.038663 
2458815.506790 0.448980 
2458816.438088 0.712680 
2458817.369385 0.806305 
2458818.300683 0.762718 
2458819.231981 0.596443 
2458820.163279 0.307918 
2458821.094577 -0.110984 
2458822.025875 -0.664324 
2458822.957173 -1.316464 
2458823.888470 -1.906908 
2458824.819768 -2.054336 
2458825.751066 -1.369660 
2458826.682364 -0.048152 
2458827.613662 1.291689 
2458828.544960 2.290525 
2458829.476257 2.898950 
2458830.407555 3.172537 
2458831.338853 3.173280 
2458832.270151 2.947222 
2458833.201449 2.523890 
2458834.132747 1.919280 
2458835.064045 1.139735 
2458835.995342 0.190507 
2458836.926640 -0.899322 
2458837.857938 -2.011022 
2458838.789236 -2.826098 
2458839.720534 -2.880916 
2458840.651832 -2.108802 
2458841.583130 -1.054480 
2458842.514427 -0.194213 
2458843.445725 0.350042 
2458844.377023 0.620139 
2458845.308321 0.680855 
2458846.239619 0.580170 
2458847.170917 0.345760 
2458848.102214 -0.011118 
2458849.033512 -0.490956 
2458849.964810 -1.098917 
2458850.896108 -1.827113 
2458851.827406 -2.606056 
2458852.758704 -3.203307 
2458853.690002 -3.175028 
2458854.621299 -2.250090 
2458855.552597 -0.821801 
2458856.483895 0.527432 
2458857.415193 1.557039 
2458858.346491 2.263632 
2458859.277789 2.698773 
2458860.209087 2.903573 
2458861.140384 2.899192 
2458862.071682 2.691169 
2458863.002980 2.275355 
2458863.934278 1.644514 
2458864.865576 0.800957 
2458865.796874 -0.209304 
2458866.728172 -1.214119 
2458867.659469 -1.818025 
2458868.590767 -1.601097 
2458869.522065 -0.714589 
2458870.453363 0.244589 
2458871.384661 0.922324 
2458872.315959 1.275241 
2458873.247256 1.364272 
2458874.178554 1.252704 
2458875.109852 0.983425 
2458876.041150 0.579485 
2458876.972448 0.048584 
2458877.903746 -0.611770 
2458878.835044 -1.405000 
2458879.766341 -2.310776 
2458880.697639 -3.220626 
2458881.628937 -3.827928 
2458882.560235 -3.671217 
2458883.491533 -2.665704 
2458884.422831 -1.348055 
2458885.354129 -0.206937 
2458886.285426 0.625019 
2458887.216724 1.184654 
2458888.148022 1.533062 
2458889.079320 1.713440 
2458890.010618 1.746704 
2458890.941916 1.635093 
2458891.873213 1.366918 
2458892.804511 0.924037 
2458893.735809 0.300115 
2458894.667107 -0.450610 
2458895.598405 -1.111527 
2458896.529703 -1.247146 
2458897.461001 -0.569673 
2458898.392298 0.552986 
2458899.323596 1.545580 
2458900.254894 2.174374 
2458901.186192 2.452819 
2458902.117490 2.454570 
2458903.048788 2.243553 
2458903.980086 1.861808 
2458904.911383 1.331945 
2458905.842681 0.661720 
2458906.773979 -0.150115 
2458907.705277 -1.101342 
2458908.636575 -2.152197 
2458909.567873 -3.143229 
2458910.499170 -3.694312 
2458911.430468 -3.386684 
2458912.361766 -2.358122 
2458913.293064 -1.210864 
2458914.224362 -0.316602 
2458915.155660 0.270558 
2458916.086958 0.607032 
2458917.018255 0.753971 
2458917.949553 0.752807 
2458918.880851 0.625172 
2458919.812149 0.376952 
2458920.743447 0.002988 
2458921.674745 -0.504357 
2458922.606043 -1.131706 
2458923.537340 -1.782282 
2458924.468638 -2.166319 
2458925.399936 -1.833196 
2458926.331234 -0.690708 
2458927.262532 0.722143 
2458928.193830 1.894532 
2458929.125128 2.676279 
2458930.056425 3.097854 
2458930.987723 3.222321 
2458931.919021 3.101395 
2458932.850319 2.770010 
2458933.781617 2.248761 
2458934.712915 1.547221 
2458935.644212 0.669654 
2458936.575510 -0.368988 
2458937.506808 -1.497451 
2458938.438106 -2.489502 
2458939.369404 -2.902747 
2458940.300702 -2.429234 
2458941.232000 -1.418344 
2458942.163297 -0.455051 
2458943.094595 0.208612 
2458944.025893 0.573149 
2458944.957191 0.702885 
2458945.888489 0.654050 
2458946.819787 0.462209 
2458947.751085 0.144730 
2458948.682382 -0.294726 
2458949.613680 -0.860630 
2458950.544978 -1.553767 
2458951.476276 -2.338494 
2458952.407574 -3.062702 
2458953.338872 -3.355216 
2458954.270169 -2.793047 
2458955.201467 -1.496156 
2458956.132765 -0.069844 
2458957.064063 1.094807 
2458957.995361 1.927470 
2458958.926659 2.471612 
2458959.857957 2.775719 
2458960.789254 2.868608 
2458961.720552 2.760665 
2458962.651850 2.449700 
2458963.583148 1.927183 
2458964.514446 1.187591 
2458965.445744 0.251339 
2458966.377042 -0.775014 
2458967.308339 -1.590689 
2458968.239637 -1.723658 
2458969.170935 -1.039163 
2458970.102233 -0.042442 
2458971.033531 0.765559 
2458971.964829 1.241542 
2458972.896127 1.424148 
2458973.827424 1.381518 
2458974.758722 1.165567 
2458975.690020 0.807074 
2458976.621318 0.319519 
2458977.552616 -0.296117 
2458978.483914 -1.044533 
2458979.415211 -1.919783 
2458980.346509 -2.860506 
2458981.277807 -3.652588 
2458982.209105 -3.862494 
2458983.140403 -3.171423 
2458984.071701 -1.912198 
2458985.002999 -0.676527 
2458985.934296 0.270527 
2458986.865594 0.922880 
2458987.796892 1.341431 
2458988.728190 1.578753 
2458989.659488 1.665163 
2458990.590786 1.610672 
2458991.522084 1.409311 
2458992.453381 1.044824 
2458993.384679 0.502826 
2458994.315977 -0.196223 
2458995.247275 -0.917055 
2458996.178573 -1.303446 
2458997.109871 -0.929016 
2458998.041168 0.111059 
2458998.972466 1.223782 
2458999.903764 2.020664 
2459000.835062 2.443270 
2459001.766360 2.555126 
2459002.697658 2.427636 
2459003.628956 2.112166 
2459004.560253 1.639147 
2459005.491551 1.022231 
2459006.422849 0.263295 
2459007.354147 -0.638890 
2459008.285445 -1.666028 
2459009.216743 -2.720555 
2459010.148041 -3.516602 
2459011.079338 -3.591346 
2459012.010636 -2.799262 
2459012.941934 -1.641192 
2459013.873232 -0.634531 
2459014.804530 0.062752 
2459015.735828 0.482447 
2459016.667125 0.689606 
2459017.598423 0.734341 
2459018.529721 0.645990 
2459019.461019 0.436506 
2459020.392317 0.104837 
2459021.323615 -0.356821 
2459022.254913 -0.947639 
2459023.186210 -1.615100 
2459024.117508 -2.159516 
2459025.048806 -2.162330 
2459025.980104 -1.303315 
2459026.911402 0.090988 
2459027.842700 1.411666 
2459028.773998 2.371103 
2459029.705295 2.950959 
2459030.636593 3.209020 
2459031.567891 3.201744 
2459032.499189 2.969406 
2459033.430487 2.537181 
2459034.361785 1.918276 
2459035.293083 1.118064 
2459036.224380 0.144274 
2459037.155678 -0.962769 
2459038.086976 -2.053720 
2459039.018274 -2.764232 
2459039.949572 -2.652364 
2459040.880870 -1.787311 
2459041.812167 -0.759056 
2459042.743465 0.026985 
2459043.674763 0.497640 
2459044.606061 0.706095 
2459045.537359 0.715270 
2459046.468657 0.569154 
2459047.399955 0.291967 
2459048.331252 -0.107634 
2459049.262550 -0.631682 
2459050.193848 -1.284673 
2459051.125146 -2.051930 
2459052.056444 -2.841751 
2459052.987742 -3.377407 
2459053.919040 -3.199233 
2459054.850337 -2.145634 
2459055.781635 -0.708675 
2459056.712933 0.578845 
2459057.644231 1.541376 
2459058.575529 2.197626 
2459059.506827 2.600534 
2459060.438124 2.787567 
2459061.369422 2.775597 
2459062.300720 2.565903 
2459063.232018 2.150343 
2459064.163316 1.518953 
2459065.094614 0.675659 
2459066.025912 -0.319945 
2459066.957209 -1.259410 
2459067.888507 -1.710178 
2459068.819805 -1.317568 
2459069.751103 -0.365660 
2459070.682401 0.554836 
2459071.613699 1.163929 
2459072.544997 1.453230 
2459073.476294 1.489250 
2459074.407592 1.332536 
2459075.338890 1.022364 
2459076.270188 0.578827 
2459077.201486 0.007467 
2459078.132784 -0.695196 
2459079.064081 -1.530648 
2459079.995379 -2.468329 
2459080.926677 -3.370573 
2459081.857975 -3.885327 
2459082.789273 -3.569500 
2459083.720571 -2.473391 
2459084.651869 -1.184267 
2459085.583166 -0.121067 
2459086.514464 0.633949 
2459087.445762 1.130065 
2459088.377060 1.427288 
2459089.308358 1.565654 
2459090.239656 1.563595 
2459091.170954 1.421804 
2459092.102251 1.127990 
2459093.033549 0.665212 
2459093.964847 0.033665 
2459094.896145 -0.691666 
2459095.827443 -1.252044 
2459096.758741 -1.196076 
2459097.690039 -0.345053 
2459098.621336 0.827268 
2459099.552634 1.789516 
2459100.483932 2.372002 
2459101.415230 2.609899 
2459102.346528 2.577949 
2459103.277826 2.336771 
2459104.209123 1.925303 
2459105.140421 1.363921 
2459106.071719 0.659011 
2459107.003017 -0.190582 
2459107.934315 -1.178550 
2459108.865613 -2.249949 
2459109.796911 -3.208375 
2459110.728208 -3.634786 
2459111.659506 -3.171378 
2459112.590804 -2.090691 
2459113.522102 -0.994028 
2459114.453400 -0.179334 
2459115.384698 0.334945 
2459116.315996 0.610777 
2459117.247293 0.706281 
2459118.178591 0.659057 
2459119.109889 0.487726 
2459120.041187 0.196168 
2459120.972485 -0.221422 
2459121.903783 -0.770263 
2459122.835080 -1.426298 
2459123.766378 -2.063271 
2459124.697676 -2.344756 
2459125.628974 -1.833776 
2459126.560272 -0.571195 
2459127.491570 0.848252 
2459128.422868 1.981335 
2459129.354165 2.727859 
2459130.285463 3.128912 
2459131.216761 3.243636 
2459132.148059 3.117548 
2459133.079357 2.780381 
2459134.010655 2.249067 
2459134.941953 1.531190 
2459135.873250 0.631598 
2459136.804548 -0.428136 
2459137.735846 -1.555362 
2459138.667144 -2.480073 
2459139.598442 -2.738800 
2459140.529740 -2.126206 
2459141.461037 -1.098739 
2459142.392335 -0.198605 
2459143.323633 0.388622 
2459144.254931 0.686780 
2459145.186229 0.761552 
2459146.117527 0.665452 
2459147.048825 0.430285 
2459147.980122 0.070470 
2459148.911420 -0.412363 
2459149.842718 -1.023184 
2459150.774016 -1.759247 
2459151.705314 -2.570431 
2459152.636612 -3.268393 
2459153.567910 -3.441738 
2459154.499207 -2.723724 
2459155.430505 -1.369697 
2459156.361803 0.012103 
2459157.293101 1.105562 
2459158.224399 1.878424 
2459159.155697 2.381171 
2459160.086995 2.659909 
2459161.018292 2.739507 
2459161.949590 2.626349 
2459162.880888 2.314322 
2459163.812186 1.791572 
2459164.743484 1.051819 
2459165.674782 0.122756 
2459166.606079 -0.862953 
2459167.537377 -1.559820 
2459168.468675 -1.507070 
2459169.399973 -0.701806 
2459170.331271 0.290398 
2459171.262569 1.036143 
2459172.193867 1.445705 
2459173.125164 1.571859 
2459174.056462 1.481895 
2459174.987760 1.224146 
2459175.919058 0.826159 
2459176.850356 0.298952 
2459177.781654 -0.358034 
2459178.712952 -1.149100 
2459179.644249 -2.062416 
2459180.575547 -3.016499 
2459181.506845 -3.754646 
2459182.438143 -3.820524 
2459183.369441 -2.994738 
2459184.300739 -1.721211 
2459185.232036 -0.552399 
2459186.163334 0.314178 
2459187.094632 0.897073 
2459188.025930 1.259307 
2459188.957228 1.450441 
2459189.888526 1.497883 
2459190.819824 1.409702 
2459191.751121 1.178937 
2459192.682419 0.789687 
2459193.613717 0.231419 
2459194.545015 -0.461591 
2459195.476313 -1.119603 
2459196.407611 -1.347130 
2459197.338909 -0.772432 
2459198.270206 0.369886 
2459199.201504 1.476059 
2459200.132802 2.230041 
2459201.064100 2.610849 
2459201.995398 2.688347 
2459202.926696 2.531289 
2459203.857993 2.187605 
2459204.789291 1.685128 
2459205.720589 1.035792 
2459206.651887 0.240856 
2459207.583185 -0.698922 
2459208.514483 -1.755768 
2459209.445781 -2.804795 
2459210.377078 -3.514253 
2459211.308376 -3.428565 
2459212.239674 -2.532309 
2459213.170972 -1.392152 
2459214.102270 -0.460165 
2459215.033568 0.159978 
2459215.964866 0.514393 
2459216.896163 0.666992 
2459217.827461 0.663974 
2459218.758759 0.531254 
2459219.690057 0.278321 
2459220.621355 -0.097223 
2459221.552653 -0.602427 
2459222.483951 -1.230165 
2459223.415248 -1.907519 
2459224.346546 -2.391708 
2459225.277844 -2.238078 
2459226.209142 -1.221095 
2459227.140440 0.218589 
2459228.071738 1.507580 
2459229.003035 2.425697 
2459229.934333 2.978329 
2459230.865631 3.223009 
2459231.796929 3.210165 
2459232.728227 2.974160 
2459233.659525 2.535639 
2459234.590823 1.904869 
2459235.522120 1.086367 
2459236.453418 0.091222 
2459237.384716 -1.026303 
2459238.316014 -2.081615 
2459239.247312 -2.667922 
2459240.178610 -2.390870 
2459241.109908 -1.456948 
2459242.041205 -0.469282 
2459242.972503 0.240989 
2459243.903801 0.640613 
2459244.835099 0.790055 
2459245.766397 0.749527 
2459246.697695 0.559067 
2459247.628992 0.239604 
2459248.560290 -0.202629 
2459249.491588 -0.770941 
2459250.422886 -1.468453 
2459251.354184 -2.271690 
2459252.285482 -3.062489 
2459253.216780 -3.518255 
2459254.148077 -3.182849 
2459255.079375 -2.022200 
2459256.010673 -0.598438 
2459256.941971 0.620130 
2459257.873269 1.514691 
2459258.804567 2.120183 
2459259.735865 2.489482 
2459260.667162 2.656576 
2459261.598460 2.634585 
2459262.529758 2.421099 
2459263.461056 2.004498 
2459264.392354 1.372716 
2459265.323652 0.532645 
2459266.254950 -0.439279 
2459267.186247 -1.294592 
2459268.117545 -1.574397 
2459269.048843 -1.015862 
2459269.980141 -0.020682 
2459270.911439 0.852973 
2459271.842737 1.395070 
2459272.774034 1.624436 
2459273.705332 1.610499 
2459274.636630 1.410684 
2459275.567928 1.060814 
2459276.499226 0.578236 
2459277.430524 -0.033442 
2459278.361822 -0.778296 
2459279.293119 -1.654832 
2459280.224417 -2.619551 
2459281.155715 -3.500939 
2459282.087013 -3.904381 
2459283.018311 -3.430735 
2459283.949609 -2.268527 
2459284.880907 -1.023449 
2459285.812204 -0.040462 
2459286.743502 0.639533 
2459287.674800 1.073951 
2459288.606098 1.320697 
2459289.537396 1.416560 
2459290.468694 1.377579 
2459291.399991 1.203047 
2459292.331289 0.880408 
2459293.262587 0.394817 
2459294.193885 -0.244715 
2459295.125183 -0.937817 
2459296.056481 -1.381280 
2459296.987779 -1.126036 
2459297.919076 -0.121386 
2459298.850374 1.080916 
2459299.781672 2.009148 
2459300.712970 2.549267 
2459301.644268 2.751746 
2459302.575566 2.690477 
2459303.506864 2.422453 
2459304.438161 1.983591 
2459305.369459 1.392196 
2459306.300757 0.653535 
2459307.232055 -0.232912 
2459308.163353 -1.255277 
2459309.094651 -2.339934 
2459310.025948 -3.249303 
2459310.957246 -3.535058 
2459311.888544 -2.926957 
2459312.819842 -1.818452 
2459313.751140 -0.782658 
2459314.682438 -0.047357 
2459315.613736 0.396713 
2459316.545033 0.614232 
2459317.476331 0.659794 
2459318.407629 0.567229 
2459319.338927 0.352267 
2459320.270225 0.016899 
2459321.201523 -0.445057 
2459322.132821 -1.035506 
2459323.064118 -1.717175 
2459323.995416 -2.329760 
2459324.926714 -2.492519 
2459325.858012 -1.807171 
2459326.789310 -0.452194 
2459327.720608 0.954543 
2459328.651906 2.043047 
2459329.583203 2.754524 
2459330.514501 3.136576 
2459331.445799 3.243517 
2459332.377097 3.114532 
2459333.308395 2.774026 
2459334.239693 2.235089 
2459335.170990 1.503258 
2459336.102288 0.584414 
2459337.033586 -0.491477 
2459337.964884 -1.606245 
2459338.896182 -2.443870 
2459339.827480 -2.537519 
2459340.758778 -1.804487 
2459341.690075 -0.781164 
2459342.621373 0.050201 
2459343.552671 0.562720 
2459344.483969 0.797330 
2459345.415267 0.819324 
2459346.346565 0.677337 
2459347.277863 0.399567 
2459348.209160 -0.002345 
2459349.140458 -0.528592 
2459350.071756 -1.184174 
2459351.003054 -1.961475 
2459351.934352 -2.792549 
2459352.865650 -3.448595 
2459353.796947 -3.486993 
2459354.728245 -2.624176 
2459355.659543 -1.238704 
2459356.590841 0.086162 
2459357.522139 1.106224 
2459358.453437 1.819198 
2459359.384735 2.279712 
2459360.316032 2.531195 
2459361.247330 2.594989 
2459362.178628 2.474043 
2459363.109926 2.158896 
2459364.041224 1.634970 
2459364.972522 0.896243 
2459365.903820 -0.019900 
2459366.835117 -0.950361 
2459367.766415 -1.507104 
2459368.697713 -1.265568 
2459369.629011 -0.361278 
2459370.560309 0.611978 
2459371.491607 1.294507 
2459372.422904 1.641178 
2459373.354202 1.714398 
2459374.285500 1.579623 
2459375.216798 1.281648 
2459376.148096 0.844999 
2459377.079394 0.278445 
2459378.010692 -0.419815 
2459378.941989 -1.252997 
2459379.873287 -2.201502 
2459380.804585 -3.159593 
2459381.735883 -3.825470 
2459382.667181 -3.736964 
2459383.598479 -2.795162 
2459384.529777 -1.529013 
2459385.461074 -0.433538 
2459386.392372 0.353672 
2459387.323670 0.869294 
2459388.254968 1.176525 
2459389.186266 1.321615 
2459390.117564 1.329109 
2459391.048862 1.205234 
2459391.980159 0.942243 
2459392.911457 0.525150 
2459393.842755 -0.051191 
2459394.774053 -0.735039 
2459395.705351 -1.317418 
2459396.636649 -1.371396 
2459397.567946 -0.606605 
2459398.499244 0.613617 
2459399.430542 1.703309 
2459400.361840 2.416219 
2459401.293138 2.760241 
2459402.224436 2.808193 
2459403.155734 2.625410 
2459404.087031 2.256347 
2459405.018329 1.726352 
2459405.949627 1.045835 
2459406.880925 0.215806 
2459407.812223 -0.760007 
2459408.743521 -1.841802 
2459409.674819 -2.872712 
2459410.606116 -3.476376 
2459411.537414 -3.228548 
2459412.468712 -2.251771 
2459413.400010 -1.146363 
2459414.331308 -0.291858 
2459415.262606 0.253395 
2459416.193903 0.545138 
2459417.125201 0.645028 
2459418.056499 0.595300 
2459418.987797 0.418572 
2459419.919095 0.121983 
2459420.850393 -0.298029 
2459421.781691 -0.847200 
2459422.712988 -1.510391 
2459423.644286 -2.190322 
2459424.575584 -2.598418 
2459425.506882 -2.280104 
2459426.438180 -1.126403 
2459427.369478 0.333189 
2459428.300776 1.580438 
2459429.232073 2.455731 
2459430.163371 2.981947 
2459431.094669 3.214642 
2459432.025967 3.198011 
2459432.957265 2.960458 
2459433.888563 2.517951 
2459434.819860 1.877675 
2459435.751158 1.043434 
2459436.682456 0.030744 
2459437.613754 -1.089082 
2459438.545052 -2.091815 
2459439.476350 -2.535692 
2459440.407648 -2.100948 
2459441.338945 -1.122283 
2459442.270243 -0.186510 
2459443.201541 0.447892 
2459444.132839 0.779282 
2459445.064137 0.872239 
2459445.995435 0.783709 
2459446.926733 0.549876 
2459447.858030 0.188555 
2459448.789328 -0.296263 
2459449.720626 -0.908844 
2459450.651924 -1.650053 
2459451.583222 -2.485214 
2459452.514520 -3.265161 
2459453.445818 -3.622328 
2459454.377115 -3.127730 
2459455.308413 -1.884318 
2459456.239711 -0.492410 
2459457.171009 0.652305 
2459458.102307 1.478746 
2459459.033605 2.033231 
2459459.964902 2.367529 
2459460.896200 2.512345 
2459461.827498 2.477564 
2459462.758796 2.257661 
2459463.690094 1.838155 
2459464.621392 1.205712 
2459465.552690 0.371957 
2459466.483987 -0.566046 
2459467.415285 -1.317142 
2459468.346583 -1.411829 
2459469.277881 -0.702227 
2459470.209179 0.316061 
2459471.140477 1.137641 
2459472.071775 1.615448 
2459473.003072 1.788753 
2459473.934370 1.727897 
2459474.865668 1.486987 
2459475.796966 1.098578 
2459476.728264 0.577490 
2459477.659562 -0.074362 
2459478.590859 -0.861175 
2459479.522157 -1.777212 
2459480.453455 -2.762857 
2459481.384753 -3.608243 
2459482.316051 -3.882989 
2459483.247349 -3.258943 
2459484.178647 -2.055494 
2459485.109944 -0.866783 
2459486.041242 0.035209 
2459486.972540 0.642421 
2459487.903838 1.016991 
2459488.835136 1.214011 
2459489.766434 1.267002 
2459490.697732 1.189680 
2459491.629029 0.980067 
2459492.560327 0.625674 
2459493.491625 0.114745 
2459494.422923 -0.532278 
2459495.354221 -1.184724 
2459496.285519 -1.494891 
2459497.216816 -1.038639 
2459498.148114 0.096025 
2459499.079412 1.311031 
2459500.010710 2.203347 
2459500.942008 2.705357 
2459501.873306 2.877463 
2459502.804604 2.791192 
2459503.735901 2.499660 
2459504.667199 2.035811 
2459505.598497 1.416015 
2459506.529795 0.644684 
2459507.461093 -0.277419 
2459508.392391 -1.331106 
2459509.323689 -2.420098 
2459510.254986 -3.262383 
2459511.186284 -3.394901 
2459512.117582 -2.658507 
2459513.048880 -1.544817 
2459513.980178 -0.577360 
2459514.911476 0.079650 
2459515.842774 0.456232 
2459516.774071 0.617621 
2459517.705369 0.614599 
2459518.636667 0.477334 
2459519.567965 0.218796 
2459520.499263 -0.160771 
2459521.430561 -0.667574 
2459522.361858 -1.299104 
2459523.293156 -2.001889 
2459524.224454 -2.577121 
2459525.155752 -2.605910 
2459526.087050 -1.755606 
2459527.018348 -0.336447 
2459527.949646 1.041372 
2459528.880943 2.081247 
2459529.812241 2.757623 
2459530.743539 3.121493 
2459531.674837 3.221866 
2459532.606135 3.091629 
2459533.537433 2.749800 
2459534.468731 2.205472 
2459535.400028 1.462097 
2459536.331326 0.527140 
2459537.262624 -0.558927 
2459538.193922 -1.648002 
2459539.125220 -2.378044 
2459540.056518 -2.301158 
2459540.987815 -1.469560 
2459541.919113 -0.468186 
2459542.850411 0.291032 
2459543.781709 0.731128 
2459544.713007 0.905001 
2459545.644305 0.876292 
2459546.575603 0.689708 
2459547.506900 0.369992 
2459548.438198 -0.073825 
2459549.369496 -0.643525 
2459550.300794 -1.343556 
2459551.232092 -2.159779 
2459552.163390 -3.002606 
2459553.094688 -3.599414 
2459554.025985 -3.490220 
2459554.957283 -2.498962 
2459555.888581 -1.106046 
2459556.819879 0.152557 
2459557.751177 1.098266 
2459558.682475 1.751608 
2459559.613773 2.169138 
2459560.545070 2.391445 
2459561.476368 2.436737 
2459562.407666 2.305074 
2459563.338964 1.984245 
2459564.270262 1.457696 
2459565.201560 0.720987 
2459566.132857 -0.175846 
2459567.064155 -1.034917 
2459567.995453 -1.431427 
2459568.926751 -1.004184 
2459569.858049 -0.023355 
2459570.789347 0.919888 
2459571.720645 1.540016 
2459572.651942 1.827784 
2459573.583240 1.851638 
2459574.514538 1.674540 
2459575.445836 1.337867 
2459576.377134 0.863354 
2459577.308432 0.257750 
2459578.239730 -0.481652 
2459579.171027 -1.356140 
2459580.102325 -2.336094 
2459581.033623 -3.287036 
2459581.964921 -3.861607 
2459582.896219 -3.613456 
2459583.827517 -2.577869 
2459584.758814 -1.337950 
2459585.690112 -0.319960 
2459586.621410 0.389655 
2459587.552708 0.840275 
2459588.484006 1.093830 
2459589.415304 1.193077 
2459590.346602 1.159761 
2459591.277899 0.998354 
2459592.209197 0.700528 
2459593.140495 0.252828 
2459594.071793 -0.342732 
2459595.003091 -1.012893 
2459595.934389 -1.505484 
2459596.865687 -1.374737 
2459597.796984 -0.436209 
2459598.728282 0.838319 
2459599.659580 1.904008 
2459600.590878 2.578367 
2459601.522176 2.890551 
2459602.453474 2.913646 
2459603.384771 2.708961 
2459604.316069 2.317412 
2459605.247367 1.761946 
2459606.178665 1.051617 
2459607.109963 0.187629 
2459608.041261 -0.822141 
2459608.972559 -1.922858 
2459609.903856 -2.921008 
2459610.835154 -3.400413 
2459611.766452 -2.994763 
2459612.697750 -1.962176 
2459613.629048 -0.905184 
2459614.560346 -0.129385 
2459615.491644 0.343461 
2459616.422941 0.574994 
2459617.354239 0.623860 
2459618.285537 0.528359 
2459619.216835 0.307931 
2459620.148133 -0.032514 
2459621.079431 -0.497472 
2459622.010729 -1.090653 
2459622.942026 -1.786814 
2459623.873324 -2.459979 
2459624.804622 -2.775028 
2459625.735920 -2.288466 
2459626.667218 -1.022871 
2459627.598516 0.433940 
2459628.529813 1.631613 
2459629.461111 2.462870 
2459630.392409 2.962952 
2459631.323707 3.184317 
2459632.255005 3.164968 
2459633.186303 2.927431 
2459634.117601 2.482920 
2459635.048898 1.835420 
2459635.980196 0.988219 
2459636.911494 -0.037471 
2459637.842792 -1.149779 
2459638.774090 -2.081170 
2459639.705388 -2.367124 
2459640.636686 -1.787805 
2459641.567983 -0.787291 
2459642.499281 0.088310 
2459643.430579 0.647870 
2459644.361877 0.913938 
2459645.293175 0.952783 
2459646.224473 0.817764 
2459647.155770 0.541370 
2459648.087068 0.138503 
2459649.018366 -0.388891 
2459649.949664 -1.045654 
2459650.880962 -1.829318 
2459651.812260 -2.691168 
2459652.743558 -3.446435 
2459653.674855 -3.686842 
2459654.606153 -3.037001 
2459655.537451 -1.736264 
2459656.468749 -0.391484 
2459657.400047 0.676408 
2459658.331345 1.435177 
2459659.262643 1.938616 
2459660.193940 2.236630 
2459661.125238 2.356829 
2459662.056536 2.306295 
2459662.987834 2.076942 
2459663.919132 1.652122 
2459664.850430 1.018322 
2459665.781727 0.194143 
2459666.713025 -0.698445 
2459667.644323 -1.324678 
2459668.575621 -1.225049 
2459669.506919 -0.383261 
2459670.438217 0.640673 
2459671.369515 1.407509 
2459672.300812 1.824589 
2459673.232110 1.945901 
2459674.163408 1.841194 
2459675.094706 1.561180 
2459676.026004 1.135367 
2459676.957302 0.576286 
2459677.888600 -0.115557 
2459678.819897 -0.943922 
2459679.751195 -1.897304 
2459680.682493 -2.896326 
2459681.613791 -3.688850 
2459682.545089 -3.820137 
2459683.476387 -3.058872 
2459684.407685 -1.838002 
2459685.338982 -0.714898 
2459686.270280 0.106530 
2459687.201578 0.643413 
2459688.132876 0.960000 
2459689.064174 1.108089 
2459689.995472 1.117902 
2459690.926769 1.000852 
2459691.858067 0.753780 
2459692.789365 0.364683 
2459693.720663 -0.173837 
2459694.651961 -0.826777 
2459695.583259 -1.428151 
2459696.514557 -1.589066 
2459697.445854 -0.936151 
2459698.377152 0.303037 
2459699.308450 1.516128 
2459700.239748 2.371812 
2459701.171046 2.839856 
2459702.102344 2.986313 
2459703.033642 2.879181 
2459703.964939 2.567428 
2459704.896237 2.080996 
2459705.827535 1.434442 
2459706.758833 0.631660 
2459707.690131 -0.324482 
2459708.621429 -1.405393 
2459709.552726 -2.487843 
2459710.484024 -3.243860 
2459711.415322 -3.215093 
2459712.346620 -2.370892 
2459713.277918 -1.271937 
2459714.209216 -0.377649 
2459715.140514 0.202790 
2459716.071811 0.514078 
2459717.003109 0.620432 
2459717.934407 0.568997 
2459718.865705 0.386921 
2459719.797003 0.084957 
2459720.728301 -0.338188 
2459721.659599 -0.888681 
2459722.590896 -1.558805 
2459723.522194 -2.275896 
2459724.453492 -2.798809 
2459725.384790 -2.680987 
2459726.316088 -1.681299 
2459727.247386 -0.225579 
2459728.178683 1.109968 
2459729.109981 2.097978 
2459730.041279 2.738697 
2459730.972577 3.084310 
2459731.903875 3.178533 
2459732.835173 3.048216 
2459733.766471 2.706927 
2459734.697768 2.159469 
2459735.629066 1.407144 
2459736.560364 0.459810 
2459737.491662 -0.628887 
2459738.422960 -1.676413 
2459739.354258 -2.278156 
2459740.285556 -2.031404 
2459741.216853 -1.126214 
2459742.148151 -0.163617 
2459743.079449 0.519702 
2459744.010747 0.888915 
2459744.942045 1.005434 
2459745.873343 0.930201 
2459746.804641 0.703052 
2459747.735938 0.344240 
2459748.667236 -0.140409 
2459749.598534 -0.753957 
2459750.529832 -1.498932 
2459751.461130 -2.351960 
2459752.392428 -3.197223 
2459753.323725 -3.716587 
2459754.255023 -3.451821 
2459755.186321 -2.353214 
2459756.117619 -0.974654 
2459757.048917 0.211093 
2459757.980215 1.082975 
2459758.911513 1.678030 
2459759.842810 2.052756 
2459760.774108 2.244688 
2459761.705406 2.269392 
2459762.636704 2.124696 
2459763.568002 1.796084 
2459764.499300 1.265246 
2459765.430598 0.530207 
2459766.361895 -0.343098 
2459767.293193 -1.117290 
2459768.224491 -1.339449 
2459769.155789 -0.737014 
2459770.087087 0.299944 
2459771.018385 1.208954 
2459771.949682 1.773031 
2459772.880980 2.009091 
2459773.812278 1.987972 
2459774.743576 1.770074 
2459775.674874 1.394619 
2459776.606172 0.881797 
2459777.537470 0.236905 
2459778.468767 -0.543592 
2459779.400065 -1.458505 
2459780.331363 -2.465639 
2459781.262661 -3.396770 
2459782.193959 -3.860972 
2459783.125257 -3.452755 
2459784.056555 -2.346019 
2459784.987852 -1.146172 
2459785.919150 -0.206093 
2459786.850448 0.429809 
2459787.781746 0.819094 
2459788.713044 1.020935 
2459789.644342 1.073767 
2459790.575639 0.996020 
2459791.506937 0.790717 
2459792.438235 0.450422 
2459793.369533 -0.034210 
2459794.300831 -0.650439 
2459795.232129 -1.298786 
2459796.163427 -1.682562 
2459797.094724 -1.356716 
2459798.026022 -0.263739 
2459798.957320 1.043246 
2459799.888618 2.078065 
2459800.819916 2.715180 
2459801.751214 2.999429 
2459802.682512 3.002200 
2459803.613809 2.779765 
2459804.545107 2.368815 
2459805.476405 1.789771 
2459806.407703 1.050914 
2459807.339001 0.154818 
2459808.270299 -0.884551 
2459809.201597 -1.993823 
2459810.132894 -2.938990 
2459811.064192 -3.273940 
2459811.995490 -2.717917 
2459812.926788 -1.652603 
2459813.858086 -0.655468 
2459814.789384 0.038608 
2459815.720681 0.436966 
2459816.651979 0.605316 
2459817.583277 0.600081 
2459818.514575 0.456700 
2459819.445873 0.191878 
2459820.377171 -0.192040 
2459821.308469 -0.701144 
2459822.239766 -1.337145 
2459823.171064 -2.062647 
2459824.102362 -2.718283 
2459825.033660 -2.923866 
2459825.964958 -2.271216 
2459826.896256 -0.919953 
2459827.827554 0.516007 
2459828.758851 1.659774 
2459829.690149 2.447135 
2459830.621447 2.921309 
2459831.552745 3.131345 
2459832.484043 3.110227 
2459833.415341 2.875905 
2459834.346638 2.435374 
2459835.277936 1.788755 
2459836.209234 0.937366 
2459837.140532 -0.092508 
2459838.071830 -1.185977 
2459839.003128 -2.029746 
2459839.934426 -2.152066 
2459840.865723 -1.451429 
2459841.797021 -0.453244 
2459842.728319 0.355035 
2459843.659617 0.840703 
2459844.590915 1.042577 
2459845.522213 1.026128 
2459846.453511 0.841594 
2459847.384808 0.519351 
2459848.316106 0.072795 
2459849.247404 -0.497585 
2459850.178702 -1.197153 
2459851.110000 -2.019422 
2459852.041298 -2.898709 
2459852.972596 -3.610520 
2459853.903893 -3.714702 
2459854.835191 -2.917147 
2459855.766489 -1.583096 
2459856.697787 -0.297250 
2459857.629085 0.692977 
2459858.560383 1.387795 
2459859.491680 1.846288 
2459860.422978 2.114804 
2459861.354276 2.215013 
2459862.285574 2.148356 
2459863.216872 1.903360 
2459864.148170 1.463473 
2459865.079468 0.819778 
2459866.010765 0.003754 
2459866.942063 -0.832250 
2459867.873361 -1.313284 
2459868.804659 -1.017266 
2459869.735957 -0.068919 
2459870.667255 0.939875 
2459871.598553 1.645041 
2459872.529850 2.001549 
2459873.461148 2.074215 
2459874.392446 1.930309 
2459875.323744 1.615788 
2459876.255042 1.156554 
2459877.186340 0.563120 
2459878.117637 -0.164965 
2459879.048935 -1.030847 
2459879.980233 -2.016442 
2459880.911531 -3.019081 
2459881.842829 -3.740790 
2459882.774127 -3.716811 
2459883.705425 -2.832484 
2459884.636722 -1.608899 
2459885.568020 -0.549915 
2459886.499318 0.198089 
2459887.430616 0.668694 
2459888.361914 0.926226 
2459889.293212 1.020311 
2459890.224510 0.979232 
2459891.155807 0.812371 
2459892.087105 0.515248 
2459893.018403 0.077696 
2459893.949701 -0.498958 
2459894.880999 -1.157754 
2459895.812297 -1.690508 
2459896.743594 -1.676241 
2459897.674892 -0.824294 
2459898.606190 0.502320 
2459899.537488 1.703633 
2459900.468786 2.519918 
2459901.400084 2.954083 
2459902.331382 3.077546 
2459903.262679 2.953767 
2459904.193977 2.624907 
2459905.125275 2.116112 
2459906.056573 1.441394 
2459906.987871 0.607819 
2459907.919169 -0.376226 
2459908.850467 -1.471160 
2459909.781764 -2.525769 
2459910.713062 -3.169949 
2459911.644360 -2.973141 
2459912.575658 -2.039070 
2459913.506956 -0.964764 
2459914.438254 -0.143457 
2459915.369552 0.350893 
2459916.300849 0.564900 
2459917.232147 0.564836 
2459918.163445 0.413298 
2459919.094743 0.160523 
2459920.026041 -0.167210 
2459920.957339 -0.575548 
2459921.888636 -1.093778 
2459922.819934 -1.738538 
2459923.751232 -2.434954 
2459924.682530 -2.896914 
2459925.613828 -2.649264 
2459926.545126 -1.545579 
2459927.476424 -0.093926 
2459928.407721 1.179878 
2459929.339019 2.102764 
2459930.270317 2.692509 
2459931.201615 3.008091 
2459932.132913 3.097277 
2459933.064211 2.982657 
2459933.995509 2.663675 
2459934.926806 2.129887 
2459935.858104 1.378835 
2459936.789402 0.433907 
2459937.720700 -0.624126 
2459938.651998 -1.579042 
2459939.583296 -2.018550 
2459940.514593 -1.648587 
2459941.445891 -0.805279 
2459942.377189 -0.049086 
2459943.308487 0.423197 
2459944.239785 0.681655 
2459945.171083 0.825924 
2459946.102381 0.884806 
2459947.033678 0.816951 
2459947.964976 0.558325 
2459948.896274 0.072404 
2459949.827572 -0.628403 
2459950.758870 -1.493201 
2459951.690168 -2.441369 
2459952.621466 -3.312499 
2459953.552763 -3.758461 
2459954.484061 -3.364525 
2459955.415359 -2.217322 
2459956.346657 -0.892621 
2459957.277955 0.227951 
2459958.209253 1.070191 
2459959.140550 1.660570 
2459960.071848 2.033156 
2459961.003146 2.223609 
2459961.934444 2.266882 
2459962.865742 2.173157 
2459963.797040 1.901697 
2459964.728338 1.368409 
2459965.659635 0.509835 
2459966.590933 -0.597100 
2459967.522231 -1.592882 
2459968.453529 -1.870447 
2459969.384827 -1.143676 
2459970.316125 0.132555 
2459971.247423 1.358793 
2459972.178720 2.222481 
2459973.110018 2.622117 
2459974.041316 2.583215 
2459974.972614 2.218099 
2459975.903912 1.664470 
2459976.835210 1.015042 
2459977.766508 0.283903 
2459978.697805 -0.568472 
2459979.629103 -1.569028 
2459980.560401 -2.652901 
2459981.491699 -3.574812 
2459982.422997 -3.873623 
2459983.354295 -3.215143 
2459984.285592 -1.940626 
2459985.216890 -0.679985 
2459986.148188 0.284494 
2459987.079486 0.960736 
2459988.010784 1.409560 
2459988.942082 1.630612 
2459989.873380 1.561733 
2459990.804677 1.148500 
2459991.735975 0.424243 
2459992.667273 -0.464313 
2459993.598571 -1.311579 
2459994.529869 -1.941673 
2459995.461167 -2.227593 
2459996.392465 -1.988687 
2459997.323762 -1.028986 
2459998.255060 0.406514 
2459999.186358 1.692810 
2460000.117656 2.516439 
2460001.048954 2.940544 
2460001.980252 3.103708 
2460002.911549 3.066248 
2460003.842847 2.818643 
2460004.774145 2.349524 
2460005.705443 1.691111 
2460006.636741 0.909249 
2460007.568039 0.061067 
2460008.499337 -0.823741 
2460009.430634 -1.685244 
2460010.361932 -2.294021 
2460011.293230 -2.222927 
2460012.224528 -1.326637 
2460013.155826 -0.131265 
2460014.087124 0.761804 
2460015.018422 1.113127 
2460015.949719 0.946187 
2460016.881017 0.430085 
2460017.812315 -0.190703 
2460018.743613 -0.689448 
2460019.674911 -0.959512 
2460020.606209 -1.065119 
2460021.537506 -1.199673 
2460022.468804 -1.564777 
2460023.400102 -2.219454 
2460024.331400 -2.941813 
2460025.262698 -3.192071 
2460026.193996 -2.498587 
2460027.125294 -1.098600 
2460028.056591 0.366597 
2460028.987889 1.518951 
2460029.919187 2.276763 
2460030.850485 2.699981 
2460031.781783 2.904160 
2460032.713081 3.003389 
2460033.644379 3.062166 
2460034.575676 3.067537 
2460035.506974 2.931555 
2460036.438272 2.526298 
2460037.369570 1.755065 
2460038.300868 0.672688 
2460039.232166 -0.372200 
2460040.163464 -0.847907 
2460041.094761 -0.649698 
2460042.026059 -0.209796 
2460042.957357 0.150946 
2460043.888655 0.368789 
2460044.819953 0.443177 
2460045.751251 0.356648 
2460046.682548 0.090378 
2460047.613846 -0.350958 
2460048.545144 -0.936651 
2460049.476442 -1.624502 
2460050.407740 -2.374945 
2460051.339038 -3.147609 
2460052.270336 -3.858486 
2460053.201633 -4.280077 
2460054.132931 -4.022684 
2460055.064229 -2.962647 
2460055.995527 -1.581158 
2460056.926825 -0.341120 
2460057.858123 0.721717 
2460058.789421 1.762168 
2460059.720718 2.852376 
2460060.652016 3.871804 
2460061.583314 4.552900 
2460062.514612 4.634743 
2460063.445910 4.027629 
2460064.377208 2.879271 
2460065.308505 1.497952 
2460066.239803 0.202576 
2460067.171101 -0.748288 
2460068.102399 -1.097826 
2460069.033697 -0.739651 
2460069.964995 -0.102236 
2460070.896293 0.253847 
2460071.827590 0.237757 
2460072.758888 0.066260 
2460073.690186 -0.074611 
2460074.621484 -0.151960 
2460075.552782 -0.233072 
2460076.484080 -0.385956 
2460077.415378 -0.636900 
2460078.346675 -1.005294 
2460079.277973 -1.548830 
2460080.209271 -2.327321 
2460081.140569 -3.246467 
2460082.071867 -3.864820 
2460083.003165 -3.513305 
2460083.934462 -2.013645 
2460084.865760 0.052282 
2460085.797058 1.974334 
2460086.728356 3.236897 
2460087.659654 3.578294 
2460088.590952 3.085076 
2460089.522250 2.168313 
2460090.453547 1.334563 
2460091.384845 0.876201 
2460092.316143 0.696034 
2460093.247441 0.396256 
2460094.178739 -0.419809 
2460095.110037 -1.814879 
2460096.041335 -3.329374 
2460096.972632 -4.117809 
2460097.903930 -3.656874 
2460098.835228 -2.331439 
2460099.766526 -0.846017 
2460100.697824 0.387252 
2460101.629122 1.257746 
2460102.560420 1.815728 
2460103.491717 2.129410 
2460104.423015 2.187938 
2460105.354313 1.917297 
2460106.285611 1.294326 
2460107.216909 0.446633 
2460108.148207 -0.371678 
2460109.079504 -0.917318 
2460110.010802 -1.054765 
2460110.942100 -0.703718 
2460111.873398 0.079844 
2460112.804696 0.810367 
2460113.735994 1.015360 
2460114.667292 0.819707 
2460115.598589 0.659119 
2460116.529887 0.772279 
2460117.461185 1.003376 
2460118.392483 0.949380 
2460119.323781 0.278780 
2460120.255079 -1.022596 
2460121.186377 -2.644113 
2460122.117674 -4.159827 
2460123.048972 -5.269386 
2460123.980270 -5.855644 
2460124.911568 -5.799014 
2460125.842866 -4.880789 
2460126.774164 -3.212845 
2460127.705461 -1.361324 
2460128.636759 0.248793 
2460129.568057 1.469545 
2460130.499355 2.254696 
2460131.430653 2.638165 
2460132.361951 2.776126 
2460133.293249 2.893709 
2460134.224546 3.127125 
2460135.155844 3.382219 
2460136.087142 3.346104 
2460137.018440 2.685855 
2460137.949738 1.337668 
2460138.881036 -0.271797 
2460139.812334 -1.300019 
2460140.743631 -1.176381 
2460141.674929 -0.265044 
2460142.606227 0.647494 
2460143.537525 1.007480 
2460144.468823 0.625194 
2460145.400121 -0.340666 
2460146.331419 -1.500002 
2460147.262716 -2.459619 
2460148.194014 -3.035939 
2460149.125312 -3.315442 
2460150.056610 -3.539932 
2460150.987908 -3.915311 
2460151.919206 -4.466099 
2460152.850503 -4.971600 
2460153.781801 -4.979645 
2460154.713099 -4.123823 
2460155.644397 -2.683175 
2460156.575695 -1.266891 
2460157.506993 -0.097635 
2460158.438291 0.951273 
2460159.369588 2.019114 
2460160.300886 3.058835 
2460161.232184 3.838395 
2460162.163482 4.095046 
2460163.094780 3.720558 
2460164.026078 2.837903 
2460164.957376 1.712806 
2460165.888673 0.580591 
2460166.819971 -0.437911 
2460167.751269 -1.217212 
2460168.682567 -1.539625 
2460169.613865 -1.457671 
2460170.545163 -1.364392 
2460171.476460 -1.391175 
2460172.407758 -1.363807 
2460173.339056 -1.159845 
2460174.270354 -0.856969 
2460175.201652 -0.645157 
2460176.132950 -0.671110 
2460177.064248 -0.957291 
2460177.995545 -1.439053 
2460178.926843 -2.057775 
2460179.858141 -2.803381 
2460180.789439 -3.635551 
2460181.720737 -4.301424 
2460182.652035 -4.258436 
2460183.583333 -3.138974 
2460184.514630 -1.316618 
2460185.445928 0.537604 
2460186.377226 1.976520 
2460187.308524 2.784051 
2460188.239822 2.942624 
2460189.171120 2.617162 
2460190.102417 2.054853 
2460191.033715 1.428305 
2460191.965013 0.733078 
2460192.896311 -0.178714 
2460193.827609 -1.445180 
2460194.758907 -3.015355 
2460195.690205 -4.529367 
2460196.621502 -5.329533 
2460197.552800 -4.853940 
2460198.484098 -3.331484 
2460199.415396 -1.563588 
2460200.346694 -0.122750 
2460201.277992 0.812136 
2460202.209290 1.295982 
2460203.140587 1.465652 
2460204.071885 1.426771 
2460205.003183 1.209044 
2460205.934481 0.802765 
2460206.865779 0.229884 
2460207.797077 -0.421661 
2460208.728375 -1.025291 
2460209.659672 -1.443249 
2460210.590970 -1.471895 
2460211.522268 -0.866706 
2460212.453566 0.224670 
2460213.384864 1.189957 
2460214.316162 1.662493 
2460215.247459 1.701307 
2460216.178757 1.471686 
2460217.110055 1.037832 
2460218.041353 0.361382 
2460218.972651 -0.591672 
2460219.903949 -1.754131 
2460220.835247 -2.953245 
2460221.766544 -3.999613 
2460222.697842 -4.789253 
2460223.629140 -5.309715 
2460224.560438 -5.491794 
2460225.491736 -5.059453 
2460226.423034 -3.839863 
2460227.354332 -2.224772 
2460228.285629 -0.727608 
2460229.216927 0.460718 
2460230.148225 1.335703 
2460231.079523 1.935468 
2460232.010821 2.325958 
2460232.942119 2.598390 
2460233.873416 2.822381 
2460234.804714 2.981760 
2460235.736012 2.953651 
2460236.667310 2.568014 
2460237.598608 1.736678 
2460238.529906 0.612195 
2460239.461204 -0.315760 
2460240.392501 -0.504800 
2460241.323799 -0.041239 
2460242.255097 0.478999 
2460243.186395 0.666058 
2460244.117693 0.461218 
2460245.048991 -0.017103 
2460245.980289 -0.586463 
2460246.911586 -1.092068 
2460247.842884 -1.477886 
2460248.774182 -1.802218 
2460249.705480 -2.188343 
2460250.636778 -2.742383 
2460251.568076 -3.479789 
2460252.499373 -4.264390 
2460253.430671 -4.741330 
2460254.361969 -4.430678 
2460255.293267 -3.273264 
2460256.224565 -1.818852 
2460257.155863 -0.520576 
2460258.087161 0.545326 
2460259.018458 1.449299 
2460259.949756 2.225344 
2460260.881054 2.824288 
2460261.812352 3.150175 
2460262.743650 3.125793 
2460263.674948 2.737647 
2460264.606246 2.034415 
2460265.537543 1.096249 
2460266.468841 0.033079 
2460267.400139 -0.929305 
2460268.331437 -1.373136 
2460269.262735 -1.027879 
2460270.194033 -0.238727 
2460271.125331 0.492074 
2460272.056628 0.994407 
2460272.987926 1.289656 
2460273.919224 1.404465 
2460274.850522 1.333990 
2460275.781820 1.069655 
2460276.713118 0.621559 
2460277.644415 0.013648 
2460278.575713 -0.735444 
2460279.507011 -1.616948 
2460280.438309 -2.593487 
2460281.369607 -3.498410 
2460282.300905 -3.926207 
2460283.232203 -3.438454 
2460284.163500 -2.182681 
2460285.094798 -0.787223 
2460286.026096 0.330734 
2460286.957394 1.060670 
2460287.888692 1.425291 
2460288.819990 1.494735 
2460289.751288 1.352534 
2460290.682585 1.066693 
2460291.613883 0.668036 
2460292.545181 0.149820 
2460293.476479 -0.507592 
2460294.407777 -1.290941 
2460295.339075 -2.080850 
2460296.270372 -2.551719 
2460297.201670 -2.234326 
2460298.132968 -1.060137 
2460299.064266 0.396504 
2460299.995564 1.605064 
2460300.926862 2.406245 
2460301.858160 2.832844 
2460302.789457 2.958166 
2460303.720755 2.842266 
2460304.652053 2.521238 
2460305.583351 2.013645 
2460306.514649 1.331931 
2460307.445947 0.491236 
2460308.377245 -0.480716 
2460309.308542 -1.508427 
2460310.239840 -2.375583 
2460311.171138 -2.664951 
2460312.102436 -2.110491 
2460313.033734 -1.091031 
2460313.965032 -0.177035 
2460314.896329 0.412650 
2460315.827627 0.704092 
2460316.758925 0.771723 
2460317.690223 0.668706 
2460318.621521 0.423527 
2460319.552819 0.052077 
2460320.484117 -0.434677 
2460321.415414 -1.029941 
2460322.346712 -1.727251 
2460323.278010 -2.491703 
2460324.209308 -3.176359 
2460325.140606 -3.414941 
2460326.071904 -2.797772 
2460327.003202 -1.466242 
2460327.934499 -0.025863 
2460328.865797 1.144461 
2460329.797095 1.978990 
2460330.728393 2.520809 
2460331.659691 2.819793 
2460332.590989 2.909655 
2460333.522287 2.805933 
2460334.453584 2.506959 
2460335.384882 1.997952 
2460336.316180 1.263319 
2460337.247478 0.316424 
2460338.178776 -0.733383 
2460339.110074 -1.571593 
2460340.041371 -1.715925 
2460340.972669 -1.042872 
2460341.903967 -0.067095 
2460342.835265 0.716500 
2460343.766563 1.168617 
2460344.697861 1.328684 
2460345.629159 1.267295 
2460346.560456 1.040250 
2460347.491754 0.680651 
2460348.423052 0.200790 
2460349.354350 -0.402274 
2460350.285648 -1.137194 
2460351.216946 -1.999317 
2460352.148244 -2.924368 
2460353.079541 -3.691053 
2460354.010839 -3.861236 
2460354.942137 -3.130337 
2460355.873435 -1.849972 
2460356.804733 -0.606472 
2460357.736031 0.347804 
2460358.667328 1.012477 
2460359.598626 1.447898 
2460360.529924 1.702072 
2460361.461222 1.799163 
2460362.392520 1.744432 
2460363.323818 1.530790 
2460364.255116 1.144633 
2460365.186413 0.576279 
2460366.117711 -0.148756 
2460367.049009 -0.889493 
2460367.980307 -1.284252 
2460368.911605 -0.913650 
2460369.842903 0.107392 
2460370.774201 1.186138 
2460371.705498 1.949478 
2460372.636796 2.347939 
2460373.568094 2.446158 
2460374.499392 2.312891 
2460375.430690 1.996146 
2460376.361988 1.524058 
2460377.293286 0.909409 
2460378.224583 0.153975 
2460379.155881 -0.743471 
2460380.087179 -1.764032 
2460381.018477 -2.806823 
2460381.949775 -3.578724 
2460382.881073 -3.615484 
2460383.812370 -2.789454 
2460384.743668 -1.613709 
2460385.674966 -0.598277 
2460386.606264 0.105064 
2460387.537562 0.528780 
2460388.468860 0.737947 
2460389.400158 0.783971 
2460390.331455 0.697878 
2460391.262753 0.492085 
2460392.194051 0.164101 
2460393.125349 -0.296304 
2460394.056647 -0.889562 
2460394.987945 -1.560737 
2460395.919243 -2.102602 
2460396.850540 -2.090137 
2460397.781838 -1.215272 
2460398.713136 0.175898 
2460399.644434 1.476770 
2460400.575732 2.409505 
2460401.507030 2.960696 
2460402.438327 3.190631 
2460403.369625 3.157682 
2460404.300923 2.903292 
2460405.232221 2.452896 
2460406.163519 1.819561 
2460407.094817 1.008886 
2460408.026115 0.029631 
2460408.957412 -1.075725 
2460409.888710 -2.153692 
2460410.820008 -2.835373 
2460411.751306 -2.687066 
2460412.682604 -1.800941 
2460413.613902 -0.771255 
2460414.545200 0.009032 
2460415.476497 0.474917 
2460416.407795 0.681525 
2460417.339093 0.690696 
2460418.270391 0.544562 
2460419.201689 0.266304 
2460420.132987 -0.134831 
2460421.064284 -0.659011 
2460421.995582 -1.308651 
2460422.926880 -2.067338 
2460423.858178 -2.840825 
2460424.789476 -3.347659 
2460425.720774 -3.129389 
2460426.652072 -2.043992 
2460427.583369 -0.596528 
2460428.514667 0.688933 
2460429.445965 1.645259 
2460430.377263 2.292827 
2460431.308561 2.683827 
2460432.239859 2.855369 
2460433.171157 2.824979 
2460434.102454 2.595058 
2460435.033752 2.158258 
2460435.965050 1.504892 
2460436.896348 0.639502 
2460437.827646 -0.375393 
2460438.758944 -1.324171 
2460439.690242 -1.767746 
2460440.621539 -1.362488 
2460441.552837 -0.411482 
2460442.484135 0.496938 
2460443.415433 1.092449 
2460444.346731 1.370627 
2460445.278029 1.399036 
2460446.209326 1.238912 
2460447.140624 0.929864 
2460448.071922 0.491385 
2460449.003220 -0.072519 
2460449.934518 -0.767047 
2460450.865816 -1.594422 
2460451.797114 -2.522541 
2460452.728411 -3.408496 
2460453.659709 -3.893044 
2460454.591007 -3.537984 
2460455.522305 -2.414887 
2460456.453603 -1.115976 
2460457.384901 -0.048850 
2460458.316199 0.711384 
2460459.247496 1.215279 
2460460.178794 1.521395 
2460461.110092 1.667212 
2460462.041390 1.668501 
2460462.972688 1.524019 
2460463.903986 1.220745 
2460464.835283 0.742260 
2460465.766581 0.090680 
2460466.697879 -0.654597 
2460467.629177 -1.227136 
2460468.560475 -1.173046 
2460469.491773 -0.329737 
2460470.423071 0.818060 
2460471.354368 1.749820 
2460472.285666 2.306519 
2460473.216964 2.526284 
2460474.148262 2.482939 
2460475.079560 2.235193 
2460476.010858 1.820351 
2460476.942156 1.257787 
2460477.873453 0.553370 
2460478.804751 -0.294286 
2460479.736049 -1.278531 
2460480.667347 -2.342215 
2460481.598645 -3.283086 
2460482.529943 -3.676758 
2460483.461240 -3.176841 
2460484.392538 -2.075446 
2460485.323836 -0.971743 
2460486.255134 -0.153558 
2460487.186432 0.364554 
2460488.117730 0.644795 
2460489.049028 0.745003 
2460489.980325 0.702714 
2460490.911623 0.536453 
2460491.842921 0.249681 
2460492.774219 -0.164069 
2460493.705517 -0.710346 
2460494.636815 -1.363948 
2460495.568113 -1.994287 
2460496.499410 -2.258525 
2460497.430708 -1.724632 
2460498.362006 -0.455228 
2460499.293304 0.948721 
2460500.224602 2.055017 
2460501.155900 2.771404 
2460502.087198 3.142156 
2460503.018495 3.228075 
2460503.949793 3.075885 
2460504.881091 2.716122 
2460505.812389 2.166110 
2460506.743687 1.433564 
2460507.674985 0.523504 
2460508.606282 -0.541659 
2460509.537580 -1.666347 
2460510.468878 -2.574645 
2460511.400176 -2.802396 
2460512.331474 -2.162701 
2460513.262772 -1.126575 
2460514.194070 -0.228146 
2460515.125367 0.356608 
2460516.056665 0.654617 
2460516.987963 0.731577 
2460517.919261 0.639288 
2460518.850559 0.408890 
2460519.781857 0.054406 
2460520.713155 -0.422664 
2460521.644452 -1.027182 
2460522.575750 -1.755772 
2460523.507048 -2.556077 
2460524.438346 -3.234283 
2460525.369644 -3.374065 
2460526.300942 -2.620179 
2460527.232239 -1.248367 
2460528.163537 0.134484 
2460529.094835 1.222549 
2460530.026133 1.987582 
2460530.957431 2.479917 
2460531.888729 2.744680 
2460532.820027 2.806171 
2460533.751324 2.670890 
2460534.682622 2.333493 
2460535.613920 1.783449 
2460536.545218 1.016427 
2460537.476516 0.063326 
2460538.407814 -0.937272 
2460539.339112 -1.632121 
2460540.270409 -1.563789 
2460541.201707 -0.750329 
2460542.133005 0.235836 
2460543.064303 0.971591 
2460543.995601 1.373870 
2460544.926899 1.496586 
2460545.858196 1.406354 
2460546.789494 1.150614 
2460547.720792 0.756139 
2460548.652090 0.233314 
2460549.583388 -0.418866 
2460550.514686 -1.204748 
2460551.445984 -2.111532 
2460552.377281 -3.054343 
2460553.308579 -3.769744 
2460554.239877 -3.799320 
2460555.171175 -2.940857 
2460556.102473 -1.653134 
2460557.033771 -0.480983 
2460557.965069 0.387537 
2460558.896366 0.973801 
2460559.827664 1.340443 
2460560.758962 1.535798 
2460561.690260 1.585914 
2460562.621558 1.497546 
2460563.552856 1.262587 
2460564.484154 0.864374 
2460565.415451 0.292552 
2460566.346749 -0.416198 
2460567.278047 -1.085790 
2460568.209345 -1.313942 
2460569.140643 -0.737635 
2460570.071941 0.390198 
2460571.003238 1.468809 
2460571.934536 2.194598 
2460572.865834 2.552396 
2460573.797132 2.612964 
2460574.728430 2.444340 
2460575.659728 2.093390 
2460576.591026 1.586907 
2460577.522323 0.935920 
2460578.453621 0.141020 
2460579.384919 -0.797164 
2460580.316217 -1.849619 
2460581.247515 -2.887205 
2460582.178813 -3.571439 
2460583.110111 -3.450010 
2460584.041408 -2.528319 
2460584.972706 -1.380322 
2460585.904004 -0.447427 
2460586.835302 0.174110 
2460587.766600 0.532111 
2460588.697898 0.690172 
2460589.629195 0.693836 
2460590.560493 0.568390 
2460591.491791 0.322728 
2460592.423089 -0.046111 
2460593.354387 -0.545547 
2460594.285685 -1.168046 
2460595.216983 -1.838094 
2460596.148280 -2.307047 
2460597.079578 -2.128579 
2460598.010876 -1.094526 
2460598.942174 0.338570 
2460599.873472 1.604598 
2460600.804770 2.493812 
2460601.736068 3.016113 
2460602.667365 3.230846 
2460603.598663 3.189700 
2460604.529961 2.928111 
2460605.461259 2.467487 
2460606.392557 1.818458 
2460607.323855 0.985646 
2460608.255152 -0.019494 
2460609.186450 -1.140841 
2460610.117748 -2.188706 
2460611.049046 -2.751064 
2460611.980344 -2.443797 
2460612.911642 -1.494259 
2460613.842940 -0.505283 
2460614.774237 0.202975 
2460615.705535 0.602386 
2460616.636833 0.754075 
2460617.568131 0.717680 
2460618.499429 0.532572 
2460619.430727 0.219157 
2460620.362025 -0.216695 
2460621.293322 -0.778466 
2460622.224620 -1.469028 
2460623.155918 -2.263453 
2460624.087216 -3.039325 
2460625.018514 -3.467342 
2460625.949812 -3.094264 
2460626.881110 -1.907016 
2460627.812407 -0.476320 
2460628.743705 0.739340 
2460629.675003 1.628001 
2460630.606301 2.225587 
2460631.537599 2.583976 
2460632.468897 2.736118 
2460633.400194 2.694685 
2460634.331492 2.457564 
2460635.262790 2.014187 
2460636.194088 1.354263 
2460637.125386 0.487455 
2460638.056684 -0.504978 
2460638.987982 -1.366787 
2460639.919279 -1.635539 
2460640.850577 -1.064344 
2460641.781875 -0.071173 
2460642.713173 0.792143 
2460643.644471 1.324990 
2460644.575769 1.549055 
2460645.507067 1.533443 
2460646.438364 1.334604 
2460647.369662 0.987468 
2460648.300960 0.508687 
2460649.232258 -0.098633 
2460650.163556 -0.838778 
2460651.094854 -1.709800 
2460652.026151 -2.666017 
2460652.957449 -3.530388 
2460653.888747 -3.902331 
2460654.820045 -3.391786 
2460655.751343 -2.207980 
2460656.682641 -0.956782 
2460657.613939 0.027975 
2460658.545236 0.710668 
2460659.476534 1.149249 
2460660.407832 1.400691 
2460661.339130 1.500560 
2460662.270428 1.463643 
2460663.201726 1.288021 
2460664.133024 0.960107 
2460665.064321 0.464599 
2460665.995619 -0.188410 
2460666.926917 -0.894135 
2460667.858215 -1.341663 
2460668.789513 -1.082580 
2460669.720811 -0.084760 
2460670.652109 1.093103 
2460671.583406 1.991239 
2460672.514704 2.504644 
2460673.446002 2.686334 
2460674.377300 2.610048 
2460675.308598 2.331889 
2460676.239896 1.886752 
2460677.171193 1.291979 
2460678.102491 0.552036 
2460679.033789 -0.334029 
2460679.965087 -1.353846 
2460680.896385 -2.430993 
2460681.827683 -3.321593 
2460682.758981 -3.574217 
2460683.690278 -2.934262 
2460684.621576 -1.811865 
2460685.552874 -0.773877 
2460686.484172 -0.037966 
2460687.415470 0.408680 
2460688.346768 0.630913 
2460689.278066 0.682717 
2460690.209363 0.597263 
2460691.140661 0.389690 
2460692.071959 0.061448 
2460693.003257 -0.394066 
2460693.934555 -0.978715 
2460694.865853 -1.653683 
2460695.797150 -2.253976 
2460696.728448 -2.393549 
2460697.659746 -1.683377 
2460698.591044 -0.323477 
2460699.522342 1.067093 
2460700.453640 2.129795 
2460701.384938 2.812335 
2460702.316235 3.164649 
2460703.247533 3.242366 
2460704.178831 3.085886 
2460705.110129 2.720671 
2460706.041427 2.160525 
2460706.972725 1.411337 
2460707.904023 0.479277 
2460708.835320 -0.604565 
2460709.766618 -1.718331 
2460710.697916 -2.539604 
2460711.629214 -2.603550 
2460712.560512 -1.848010 
2460713.491810 -0.819321 
2460714.423107 0.010087 
2460715.354405 0.521226 
2460716.285703 0.756958 
2460717.217001 0.782260 
2460718.148299 0.645085 
2460719.079597 0.373045 
2460720.010895 -0.022653 
2460720.942192 -0.542481 
2460721.873490 -1.191424 
2460722.804788 -1.961048 
2460723.736086 -2.780478 
2460724.667384 -3.414609 
2460725.598682 -3.417438 
2460726.529980 -2.520695 
2460727.461277 -1.120581 
2460728.392575 0.204822 
2460729.323873 1.220860 
2460730.255171 1.928138 
2460731.186469 2.380690 
2460732.117767 2.620699 
2460733.049065 2.668606 
2460733.980362 2.527129 
2460734.911660 2.187343 
2460735.842958 1.636007 
2460736.774256 0.869363 
2460737.705554 -0.071322 
2460738.636852 -1.016094 
2460739.568149 -1.569587 
2460740.499447 -1.314493 
2460741.430745 -0.407287 
2460742.362043 0.556369 
2460743.293341 1.227574 
2460744.224639 1.566539 
2460745.155937 1.636153 
2460746.087234 1.500958 
2460747.018532 1.204749 
2460747.949830 0.771245 
2460748.881128 0.208615 
2460749.812426 -0.485297 
2460750.743724 -1.313603 
2460751.675022 -2.255417 
2460752.606319 -3.200973 
2460753.537617 -3.841535 
2460754.468915 -3.715862 
2460755.400213 -2.744826 
2460756.331511 -1.467742 
2460757.262809 -0.369838 
2460758.194106 0.419478 
2460759.125404 0.938857 
2460760.056702 1.250967 
2460760.988000 1.400956 
2460761.919298 1.412186 
2460762.850596 1.289690 
2460763.781894 1.024595 
2460764.713191 0.601099 
2460765.644489 0.014228 
2460766.575787 -0.681630 
2460767.507085 -1.270852 
2460768.438383 -1.321640 
2460769.369681 -0.556518 
2460770.300979 0.645295 
2460771.232276 1.704894 
2460772.163574 2.387979 
2460773.094872 2.707351 
2460774.026170 2.736586 
2460774.957468 2.540446 
2460775.888766 2.162467 
2460776.820063 1.627032 
2460777.751361 0.943660 
2460778.682659 0.112719 
2460779.613957 -0.862080 
2460780.545255 -1.939313 
2460781.476553 -2.957194 
2460782.407851 -3.533162 
2460783.339148 -3.250222 
2460784.270446 -2.252088 
2460785.201744 -1.141461 
2460786.133042 -0.286633 
2460787.064340 0.260133 
2460787.995638 0.555670 
2460788.926936 0.661183 
2460789.858233 0.618242 
2460790.789531 0.448861 
2460791.720829 0.159643 
2460792.652127 -0.253424 
2460793.583425 -0.796249 
2460794.514723 -1.452893 
2460795.446021 -2.122766 
2460796.377318 -2.511128 
2460797.308616 -2.164656 
2460798.239914 -0.994624 
2460799.171212 0.457772 
2460800.102510 1.683669 
2460801.033808 2.532331 
2460801.965105 3.029945 
2460802.896403 3.233438 
2460803.827701 3.188211 
2460804.758999 2.923897 
2460805.690297 2.457499 
2460806.621595 1.796874 
2460807.552893 0.946242 
2460808.484190 -0.078130 
2460809.415488 -1.202449 
2460810.346786 -2.196714 
2460811.278084 -2.615463 
2460812.209382 -2.153221 
2460813.140680 -1.163324 
2460814.071978 -0.228269 
2460815.003275 0.403779 
2460815.934573 0.735056 
2460816.865871 0.830356 
2460817.797169 0.745973 
2460818.728467 0.517439 
2460819.659765 0.162067 
2460820.591062 -0.316504 
2460821.522360 -0.922677 
2460822.453658 -1.656919 
2460823.384956 -2.482680 
2460824.316254 -3.245790 
2460825.247552 -3.572314 
2460826.178850 -3.039977 
2460827.110147 -1.773228 
2460828.041445 -0.375978 
2460828.972743 0.766668 
2460829.904041 1.589162 
2460830.835339 2.138153 
2460831.766637 2.464186 
2460832.697935 2.596741 
2460833.629232 2.544994 
2460834.560530 2.303422 
2460835.491828 1.858349 
2460836.423126 1.198165 
2460837.354424 0.337567 
2460838.285722 -0.620764 
2460839.217019 -1.377329 
2460840.148317 -1.461608 
2460841.079615 -0.744408 
2460842.010913 0.266789 
2460842.942211 1.075530 
2460843.873509 1.542987 
2460844.804807 1.710347 
2460845.736104 1.647316 
2460846.667402 1.406940 
2460847.598700 1.020851 
2460848.529998 0.503157 
2460849.461296 -0.144712 
2460850.392594 -0.927104 
2460851.323892 -1.837624 
2460852.255189 -2.813967 
2460853.186487 -3.640110 
2460854.117785 -3.881137 
2460855.049083 -3.222055 
2460855.980381 -2.000917 
2460856.911679 -0.807817 
2460857.842977 0.095893 
2460858.774274 0.706248 
2460859.705572 1.085543 
2460860.636870 1.287943 
2460861.568168 1.345849 
2460862.499466 1.271838 
2460863.430764 1.062795 
2460864.362061 0.705236 
2460865.293359 0.186989 
2460866.224657 -0.470223 
2460867.155955 -1.130897 
2460868.087253 -1.440261 
2460869.018551 -0.978918 
2460869.949849 0.145573 
2460870.881146 1.333125 
2460871.812444 2.193648 
2460872.743742 2.667439 
2460873.675040 2.817046 
2460874.606338 2.713933 
2460875.537636 2.410498 
2460876.468934 1.938783 
2460877.400231 1.314245 
2460878.331529 0.540516 
2460879.262827 -0.382007 
2460880.194125 -1.433388 
2460881.125423 -2.513961 
2460882.056721 -3.335095 
2460882.988018 -3.433326 
2460883.919316 -2.668305 
2460884.850614 -1.544265 
2460885.781912 -0.575806 
2460886.713210 0.081793 
2460887.644508 0.461149 
2460888.575806 0.627404 
2460889.507103 0.630701 
2460890.438401 0.500578 
2460891.369699 0.249457 
2460892.300997 -0.122885 
2460893.232295 -0.622941 
2460894.163593 -1.247872 
2460895.094891 -1.942075 
2460896.026188 -2.501328 
2460896.957486 -2.502723 
2460897.888784 -1.626997 
2460898.820082 -0.204240 
2460899.751380 1.158286 
2460900.682678 2.174725 
2460901.613975 2.824460 
2460902.545273 3.160087 
2460903.476571 3.231693 
2460904.407869 3.073405 
2460905.339167 2.705493 
2460906.270465 2.138052 
2460907.201763 1.375210 
2460908.133060 0.425089 
2460909.064358 -0.670176 
2460909.995656 -1.758009 
2460910.926954 -2.470182 
2460911.858252 -2.364535 
2460912.789550 -1.514909 
2460913.720848 -0.511312 
2460914.652145 0.245085 
2460915.583443 0.683783 
2460916.514741 0.858862 
2460917.446039 0.833463 
2460918.377337 0.651597 
2460919.308635 0.337452 
2460920.239933 -0.100351 
2460921.171230 -0.663834 
2460922.102528 -1.357332 
2460923.033826 -2.165607 
2460923.965124 -2.995498 
2460924.896422 -3.567641 
2460925.827720 -3.421159 
2460926.759017 -2.398498 
2460927.690315 -0.993702 
2460928.621613 0.265338 
2460929.552911 1.208508 
2460930.484209 1.858271 
2460931.415507 2.270285 
2460932.346805 2.483751 
2460933.278102 2.515793 
2460934.209400 2.365970 
2460935.140698 2.022320 
2460936.071996 1.469433 
2460937.003294 0.705203 
2460937.934592 -0.215917 
2460938.865890 -1.088344 
2460939.797187 -1.480909 
2460940.728485 -1.043547 
2460941.659783 -0.065625 
2460942.591081 0.864386 
2460943.522379 1.471512 
2460944.453677 1.750625 
2460945.384974 1.770175 
2460946.316272 1.592086 
2460947.247570 1.256692 
2460948.178868 0.784893 
2460949.110166 0.182824 
2460950.041464 -0.552557 
2460950.972762 -1.422311 
2460951.904059 -2.395171 
2460952.835357 -3.331945 
2460953.766655 -3.878516 
2460954.697953 -3.593118 
2460955.629251 -2.532109 
2460956.560549 -1.284039 
2460957.491847 -0.264202 
2460958.423144 0.447808 
2460959.354442 0.902675 
2460960.285740 1.161693 
2460961.217038 1.266595 
2460962.148336 1.238038 
2460963.079634 1.079392 
2460964.010932 0.781259 
2460964.942229 0.329427 
2460965.873527 -0.273772 
2460966.804825 -0.952036 
2460967.736123 -1.446400 
2460968.667421 -1.308961 
2460969.598719 -0.371824 
2460970.530016 0.880991 
2460971.461314 1.914737 
2460972.392612 2.557960 
2460973.323910 2.843963 
2460974.255208 2.846556 
2460975.186506 2.626661 
2460976.117804 2.224444 
2460977.049101 1.661983 
2460977.980399 0.947492 
2460978.911697 0.081571 
2460979.842995 -0.927769 
2460980.774293 -2.023638 
2460981.705591 -3.006965 
2460982.636889 -3.456494 
2460983.568186 -3.017315 
2460984.499484 -1.967440 
2460985.430782 -0.907269 
2460986.362080 -0.131402 
2460987.293378 0.343190 
2460988.224676 0.578726 
2460989.155973 0.633307 
2460990.087271 0.544596 
2460991.018569 0.331488 
2460991.949867 -0.001574 
2460992.881165 -0.459435 
2460993.812463 -1.045787 
2460994.743761 -1.734158 
2460995.675058 -2.394497 
2460996.606356 -2.685554 
2460997.537654 -2.168615 
2460998.468952 -0.888062 
2460999.400250 0.561338 
2461000.331548 1.739683 
2461001.262846 2.546911 
2461002.194143 3.020509 
2461003.125441 3.213875 
2461004.056739 3.166089 
2461004.988037 2.900978 
2461005.919335 2.430995 
2461006.850633 1.761107 
2461007.781930 0.895397 
2461008.713228 -0.143675 
2461009.644526 -1.260992 
2461010.575824 -2.182710 
2461011.507122 -2.442917 
2461012.438420 -1.839652 
2461013.369718 -0.832097 
2461014.301015 0.041075 
2461015.232313 0.597978 
2461016.163611 0.863985 
2461017.094909 0.905240 
2461018.026207 0.774375 
2461018.957505 0.503209 
2461019.888803 0.106137 
2461020.820100 -0.415227 
2461021.751398 -1.065784 
2461022.682696 -1.842466 
2461023.613994 -2.694186 
2461024.545292 -3.430457 
2461025.476590 -3.637587 
2461026.407888 -2.950971 
2461027.339185 -1.630353 
2461028.270483 -0.281495 
2461029.201781 0.785206 
2461030.133079 1.541791 
2461031.064377 2.041888 
2461031.995675 2.334045 
2461032.926972 2.444554 
2461033.858270 2.379611 
2461034.789568 2.130866 
2461035.720866 1.682198 
2461036.652164 1.021682 
2461037.583462 0.171231 
2461038.514760 -0.740811 
2461039.446057 -1.371157 
2461040.377355 -1.262471 
2461041.308653 -0.418644 
2461042.239951 0.593446 
2461043.171249 1.345074 
2461044.102547 1.750532 
2461045.033845 1.864984 
2461045.965142 1.757362 
2461046.896440 1.477276 
2461047.827738 1.053278 
2461048.759036 0.497149 
2461049.690334 -0.191103 
2461050.621632 -1.015317 
2461051.552929 -1.963079 
2461052.484227 -2.951744 
2461053.415525 -3.722539 
2461054.346823 -3.818397 
2461055.278121 -3.024821 
2461056.209419 -1.789991 
2461057.140717 -0.663878 
2461058.072014 0.159290 
2461059.003312 0.699706 
2461059.934610 1.021481 
2461060.865908 1.175511 
2461061.797206 1.191041 
2461062.728504 1.078501 
2461063.659802 0.833707 
2461064.591099 0.443682 
2461065.522397 -0.099401 
2461066.453695 -0.759085 
2461067.384993 -1.364159 
2461068.316291 -1.519780 
2461069.247589 -0.861563 
2461070.178886 0.364113 
2461071.110184 1.547552 
2461072.041482 2.370416 
2461072.972780 2.809159 
2461073.904078 2.931616 
2461074.835376 2.805857 
2461075.766674 2.480393 
2461076.697971 1.984451 
2461077.629269 1.331743 
2461078.560567 0.525370 
2461079.491865 -0.432114 
2461080.423163 -1.511042 
2461081.354461 -2.584079 
2461082.285759 -3.316585 
2461083.217056 -3.253233 
2461084.148354 -2.384253 
2461085.079652 -1.278239 
2461086.010950 -0.383968 
2461086.942248 0.197200 
2461087.873546 0.511973 
2461088.804844 0.624269 
2461089.736141 0.580258 
2461090.667439 0.405978 
2461091.598737 0.111268 
2461092.530035 -0.305602 
2461093.461333 -0.850557 
2461094.392631 -1.514636 
2461095.323928 -2.221915 
2461096.255226 -2.725129 
2461097.186524 -2.575962 
2461098.117822 -1.550779 
2461099.049120 -0.092349 
2461099.980418 1.229395 
2461100.911716 2.196798 
2461101.843013 2.813724 
2461102.774311 3.133217 
2461103.705609 3.199635 
2461104.636907 3.040938 
2461105.568205 2.672166 
2461106.499503 2.099565 
2461107.430801 1.325537 
2461108.362098 0.360926 
2461109.293396 -0.738500 
2461110.224694 -1.784913 
2461111.155992 -2.367907 
2461112.087290 -2.094030 
2461113.018588 -1.174107 
2461113.949885 -0.209742 
2461114.881183 0.472334 
2461115.812481 0.841280 
2461116.743779 0.958396 
2461117.675077 0.884162 
2461118.606375 0.658699 
2461119.537673 0.302947 
2461120.468970 -0.176871 
2461121.400268 -0.784045 
2461122.331566 -1.521527 
2461123.262864 -2.365238 
2461124.194162 -3.195447 
2461125.125460 -3.687031 
2461126.056758 -3.383783 
2461126.988055 -2.256507 
2461127.919353 -0.868175 
2461128.850651 0.318069 
2461129.781949 1.188262 
2461130.713247 1.780796 
2461131.644545 2.151389 
2461132.575842 2.336253 
2461133.507140 2.349601 
2461134.438438 2.188363 
2461135.369736 1.838175 
2461136.301034 1.282316 
2461137.232332 0.521984 
2461138.163630 -0.371663 
2461139.094927 -1.153597 
2461140.026225 -1.367816 
2461140.957523 -0.758097 
2461141.888821 0.268808 
2461142.820119 1.157600 
2461143.751417 1.702821 
2461144.682715 1.926213 
2461145.614012 1.899128 
2461146.545310 1.680490 
2461147.476608 1.307338 
2461148.407906 0.797973 
2461149.339204 0.156727 
2461150.270502 -0.619916 
2461151.201800 -1.529916 
2461152.133097 -2.528873 
2461153.064395 -3.443508 
2461153.995693 -3.877342 
2461154.926991 -3.433755 
2461155.858289 -2.307261 
2461156.789587 -1.103484 
2461157.720884 -0.163774 
2461158.652182 0.473110 
2461159.583480 0.865636 
2461160.514778 1.072743 
2461161.446076 1.132669 
2461162.377374 1.063434 
2461163.308672 0.866830 
2461164.239969 0.533164 
2461165.171267 0.050555 
2461166.102565 -0.569223 
2461167.033863 -1.223429 
2461167.965161 -1.607519 
2461168.896459 -1.275808 
2461169.827757 -0.188351 
2461170.759054 1.094410 
2461171.690352 2.097591 
2461172.621650 2.704234 
2461173.552948 2.961768 
2461174.484246 2.942223 
2461175.415544 2.702243 
2461176.346841 2.278582 
2461177.278139 1.691087 
2461178.209437 0.946859 
2461179.140735 0.047253 
2461180.072033 -0.993956 
2461181.003331 -2.100875 
2461181.934629 -3.032950 
2461182.865926 -3.340065 
2461183.797224 -2.755914 
2461184.728522 -1.678503 
2461185.659820 -0.678902 
2461186.591118 0.018246 
2461187.522416 0.423358 
2461188.453714 0.601247 
2461189.385011 0.606442 
2461190.316309 0.472778 
2461191.247607 0.216170 
2461192.178905 -0.160958 
2461193.110203 -0.663990 
2461194.041501 -1.293480 
2461194.972798 -2.009864 
2461195.904096 -2.649081 
2461196.835394 -2.825933 
2461197.766692 -2.141610 
2461198.697990 -0.777849 
2461199.629288 0.649426 
2461200.560586 1.774527 
2461201.491883 2.539476 
2461202.423181 2.989128 
2461203.354479 3.172719 
2461204.285777 3.123164 
2461205.217075 2.858583 
2461206.148373 2.386812 
2461207.079671 1.709850 
2461208.010968 0.831996 
2461208.942266 -0.216429 
2461209.873564 -1.314971 
2461210.804862 -2.143867 
2461211.736160 -2.234742 
2461212.667458 -1.508902 
2461213.598756 -0.503993 
2461214.530053 0.302020 
2461215.461351 0.785698 
2461216.392649 0.989378 
2461217.323947 0.978840 
2461218.255245 0.802910 
2461219.186543 0.489856 
2461220.117840 0.051335 
2461221.049138 -0.512839 
2461221.980436 -1.207586 
2461222.911734 -2.024933 
2461223.843032 -2.895873 
2461224.774330 -3.589382 
2461225.705628 -3.661198 
2461226.636925 -2.831233 
2461227.568223 -1.481899 
2461228.499521 -0.193098 
2461229.430819 0.796225 
2461230.362117 1.487574 
2461231.293415 1.938598 
2461232.224713 2.195403 
2461233.156010 2.281342 
2461234.087308 2.200088 
2461235.018606 1.941031 
2461235.949904 1.486360 
2461236.881202 0.825114 
2461237.812500 -0.010858 
2461238.743797 -0.862997 
2461239.675095 -1.346433 
2461240.606393 -1.042146 
2461241.537691 -0.093329 
2461242.468989 0.905752 
2461243.400287 1.599859 
2461244.331585 1.947345 
2461245.262882 2.012842 
2461246.194180 1.863514 
2461247.125478 1.545577 
2461248.056776 1.084720 
2461248.988074 0.490620 
2461249.919372 -0.237829 
2461250.850670 -1.103250 
2461251.781967 -2.085300 
2461252.713265 -3.076834 
2461253.644563 -3.773881 
2461254.575861 -3.714403 
2461255.507159 -2.805182 
2461256.438457 -1.578162 
2461257.369755 -0.525293 
2461258.301052 0.218650 
2461259.232350 0.691581 
2461260.163648 0.957525 
2461261.094946 1.063831 
2461262.026244 1.036634 
2461262.957542 0.884289 
2461263.888839 0.601673 
2461264.820137 0.176757 
2461265.751435 -0.392554 
2461266.682733 -1.051571 
2461267.614031 -1.588739 
2461268.545329 -1.577158 
2461269.476627 -0.733998 
2461270.407924 0.566959 
2461271.339222 1.735064 
2461272.270520 2.521111 
2461273.201818 2.929258 
2461274.133116 3.029241 
2461275.064414 2.884875 
2461275.995712 2.540605 
2461276.927009 2.022856 
2461277.858307 1.343695 
2461278.789605 0.506024 
2461279.720903 -0.484485 
2461280.652201 -1.585867 
2461281.583499 -2.638450 
2461282.514796 -3.262980 
2461283.446094 -3.036499 
2461284.377392 -2.087225 
2461285.308690 -1.015892 
2461286.239988 -0.198510 
2461287.171286 0.308510 
2461288.102584 0.561325 
2461289.033881 0.621542 
2461289.965179 0.531332 
2461290.896477 0.313370 
2461291.827775 -0.024954 
2461292.759073 -0.486668 
2461293.690371 -1.076543 
2461294.621669 -1.777752 
2461295.552966 -2.490072 
2461296.484264 -2.920596 
2461297.415562 -2.612078 
2461298.346860 -1.458250 
2461299.278158 0.010846 
2461300.209456 1.281777 
2461301.140753 2.198038 
2461302.072051 2.781805 
2461303.003349 3.085044 
2461303.934647 3.146453 
2461304.865945 2.988062 
2461305.797243 2.619738 
2461306.728541 2.043808 
2461307.659838 1.261053 
2461308.591136 0.286004 
2461309.522434 -0.808933 
2461310.453732 -1.796420 
2461311.385030 -2.231630 
2461312.316328 -1.796855 
2461313.247626 -0.830376 
2461314.178923 0.083869 
2461315.110221 0.691791 
2461316.041519 0.993939 
2461316.972817 1.055716 
2461317.904115 0.934407 
2461318.835413 0.666352 
2461319.766711 0.269431 
2461320.698008 -0.252341 
2461321.629306 -0.903187 
2461322.560604 -1.683775 
2461323.491902 -2.558748 
2461324.423200 -3.377238 
2461325.354498 -3.769369 
2461326.285795 -3.307371 
2461327.217093 -2.099458 
2461328.148391 -0.745580 
2461329.079689 0.363702 
2461330.010987 1.161524 
2461330.942285 1.697323 
2461331.873583 2.025714 
2461332.804880 2.179958 
2461333.736178 2.171705 
2461334.667476 1.995749 
2461335.598774 1.635964 
2461336.530072 1.075346 
2461337.461370 0.320448 
2461338.392668 -0.536779 
2461339.323965 -1.209061 
2461340.255263 -1.231457 
2461341.186561 -0.464512 
2461342.117859 0.591556 
2461343.049157 1.434427 
2461343.980455 1.920962 
2461344.911752 2.092981 
2461345.843050 2.022715 
2461346.774348 1.765879 
2461347.705646 1.356398 
2461348.636944 0.810201 
2461349.568242 0.130070 
2461350.499540 -0.687502 
2461351.430837 -1.636076 
2461352.362135 -2.654921 
2461353.293433 -3.532167 
2461354.224731 -3.835953 
2461355.156029 -3.241844 
2461356.087327 -2.074668 
2461357.018625 -0.927292 
2461357.949922 -0.068306 
2461358.881220 0.495894 
2461359.812518 0.828218 
2461360.743816 0.984569 
2461361.675114 0.999681 
2461362.606412 0.889010 
2461363.537709 0.652854 
2461364.469007 0.281475 
2461365.400305 -0.233813 
2461366.331603 -0.869333 
2461367.262901 -1.491147 
2461368.194199 -1.749316 
2461369.125497 -1.223100 
2461370.056794 -0.010591 
2461370.988092 1.283394 
2461371.919390 2.252854 
2461372.850688 2.826273 
2461373.781986 3.059932 
2461374.713284 3.022526 
2461375.644582 2.766054 
2461376.575879 2.323781 
2461377.507177 1.713352 
2461378.438475 0.940942 
2461379.369773 0.009273 
2461380.301071 -1.060354 
2461381.232369 -2.169060 
2461382.163667 -3.031599 
2461383.094964 -3.183760 
2461384.026262 -2.471159 
2461384.957560 -1.388694 
2461385.888858 -0.456982 
2461386.820156 0.162604 
2461387.751454 0.500981 
2461388.682751 0.623440 
2461389.614049 0.580662 
2461390.545347 0.402774 
2461391.476645 0.102851 
2461392.407943 -0.318537 
2461393.339241 -0.866934 
2461394.270539 -1.538614 
2461395.201836 -2.277897 
2461396.133134 -2.882278 
2461397.064432 -2.929009 
2461397.995730 -2.086242 
2461398.927028 -0.666891 
2461399.858326 0.722454 
2461400.789624 1.790106 
2461401.720921 2.511961 
2461402.652219 2.937220 
2461403.583517 3.110685 
2461404.514815 3.059429 
2461405.446113 2.796072 
2461406.377411 2.323851 
2461407.308708 1.641809 
2461408.240006 0.754954 
2461409.171304 -0.296527 
2461410.102602 -1.362546 
2461411.033900 -2.077634 
2461411.965198 -1.993502 
2461412.896496 -1.166644 
2461413.827793 -0.181685 
2461414.759091 0.554176 
2461415.690389 0.967150 
2461416.621687 1.111446 
2461417.552985 1.051256 
2461418.484283 0.831567 
2461419.415581 0.477281 
2461420.346878 -0.002495 
2461421.278176 -0.609502 
2461422.209474 -1.348079 
2461423.140772 -2.203687 
2461424.072070 -3.085546 
2461425.003368 -3.718771 
2461425.934665 -3.642584 
2461426.865963 -2.685540 
2461427.797261 -1.330963 
2461428.728559 -0.110868 
2461429.659857 0.800833 
2461430.591155 1.427941 
2461431.522453 1.829850 
2461432.453750 2.049925 
2461433.385048 2.108807 
2461434.316346 2.008034 
2461435.247644 1.735278 
2461436.178942 1.271859 
2461437.110240 0.609338 
2461438.041538 -0.207236 
2461438.972835 -0.984484 
2461439.904133 -1.301777 
2461440.835431 -0.805593 
2461441.766729 0.225740 
2461442.698027 1.201154 
2461443.629325 1.839024 
2461444.560623 2.132992 
2461445.491920 2.153551 
2461446.423218 1.965411 
2461447.354516 1.611491 
2461448.285814 1.114838 
2461449.217112 0.483256 
2461450.148410 -0.285122 
2461451.079707 -1.190841 
2461452.011005 -2.203337 
2461452.942303 -3.186464 
2461453.873601 -3.790694 
2461454.804899 -3.570858 
2461455.736197 -2.568342 
2461456.667495 -1.367829 
2461457.598792 -0.392202 
2461458.530090 0.274428 
2461459.461388 0.682343 
2461460.392686 0.894093 
2461461.323984 0.953326 
2461462.255282 0.883135 
2461463.186580 0.689876 
2461464.117877 0.367630 
2461465.049175 -0.094174 
2461465.980473 -0.690270 
2461466.911771 -1.343834 
2461467.843069 -1.799198 
2461468.774367 -1.610285 
2461469.705664 -0.600110 
2461470.636962 0.751033 
2461471.568260 1.894868 
2461472.499558 2.645416 
2461473.430856 3.027112 
2461474.362154 3.108959 
2461475.293452 2.949839 
2461476.224749 2.589958 
2461477.156047 2.052889 
2461478.087345 1.349135 
2461479.018643 0.481761 
2461479.949941 -0.539285 
2461480.881239 -1.656740 
2461481.812537 -2.673934 
2461482.743834 -3.171953 
2461483.675132 -2.786846 
2461484.606430 -1.781934 
2461485.537728 -0.758738 
2461486.469026 -0.019337 
2461487.400324 0.416096 
2461488.331621 0.609471 
2461489.262919 0.619345 
2461490.194217 0.483933 
2461491.125515 0.222694 
2461492.056813 -0.159281 
2461492.988111 -0.666061 
2461493.919409 -1.300530 
2461494.850706 -2.035870 
2461495.782004 -2.743212 
2461496.713302 -3.083379 
2461497.644600 -2.611445 
2461498.575898 -1.353236 
2461499.507196 0.104464 
2461500.438494 1.316974 
2461501.369791 2.180528 
2461502.301089 2.730496 
2461503.232387 3.016765 
2461504.163685 3.072635 
2461505.094983 2.914569 
2461506.026281 2.547415 
2461506.957579 1.969610 
2461507.888876 1.180546 
2461508.820174 0.199663 
2461509.751472 -0.880568 
2461510.682770 -1.789800 
2461511.614068 -2.061334 
2461512.545366 -1.478501 
2461513.476663 -0.487860 
2461514.407961 0.368436 
2461515.339259 0.903516 
2461516.270557 1.141977 
2461517.201855 1.150953 
2461518.133153 0.984220 
2461519.064451 0.674484 
2461519.995748 0.236763 
2461520.927046 -0.326934 
2461521.858344 -1.021360 
2461522.789642 -1.843789 
2461523.720940 -2.744711 
2461524.652238 -3.537504 
2461525.583536 -3.811955 
2461526.514833 -3.195222 
2461527.446131 -1.931811 
2461528.377429 -0.627057 
2461529.308727 0.402952 
2461530.240025 1.129544 
2461531.171323 1.609271 
2461532.102620 1.894803 
2461533.033918 2.016510 
2461533.965216 1.983772 
2461534.896514 1.789674 
2461535.827812 1.416985 
2461536.759110 0.849598 
2461537.690408 0.101901 
2461538.621705 -0.708784 
2461539.553003 -1.251872 
2461540.484301 -1.074153 
2461541.415599 -0.169227 
2461542.346897 0.898792 
2461543.278195 1.693495 
2461544.209493 2.125343 
2461545.140790 2.250485 
2461546.072088 2.140515 
2461547.003386 1.847847 
2461547.934684 1.403491 
2461548.865982 0.821221 
2461549.797280 0.102551 
2461550.728578 -0.755428 
2461551.659875 -1.740318 
2461552.591173 -2.771372 
2461553.522471 -3.594255 
2461554.453769 -3.753366 
2461555.385067 -3.022186 
2461556.316365 -1.838113 
2461557.247662 -0.756262 
2461558.178960 0.022523 
2461559.110258 0.516626 
2461560.041556 0.790821 
2461560.972854 0.897533 
2461561.904152 0.868031 
2461562.835450 0.715284 
2461563.766747 0.438188 
2461564.698045 0.027258 
2461565.629343 -0.521973 
2461566.560641 -1.171085 
2461567.491939 -1.750156 
2461568.423237 -1.867375 
2461569.354535 -1.152725 
2461570.285832 0.157586 
2461571.217130 1.446650 
2461572.148428 2.380364 
2461573.079726 2.923738 
2461574.011024 3.137683 
2461574.942322 3.086387 
2461575.873619 2.816886 
2461576.804917 2.358841 
2461577.736215 1.727680 
2461578.667513 0.928840 
2461579.598811 -0.032871 
2461580.530109 -1.126530 
2461581.461407 -2.225892 
2461582.392704 -2.999527 
2461583.324002 -2.988796 
2461584.255300 -2.168376 
2461585.186598 -1.100778 
2461586.117896 -0.241835 
2461587.049194 0.302016 
2461587.980492 0.576382 
2461588.911789 0.645480 
2461589.843087 0.556012 
2461590.774385 0.334539 
2461591.705683 -0.008556 
2461592.636981 -0.474368 
2461593.568279 -1.068123 
2461594.499576 -1.780395 
2461595.430874 -2.535891 
2461596.362172 -3.089763 
2461597.293470 -2.992695 
2461598.224768 -2.006028 
2461599.156066 -0.557617 
2461600.087364 0.781214 
2461601.018661 1.788445 
2461601.949959 2.466409 
2461602.881257 2.866392 
2461603.812555 3.028752 
2461604.743853 2.975154 
2461605.675151 2.713047 
2461606.606449 2.241192 
2461607.537746 1.555804 
2461608.469044 0.663300 
2461609.400342 -0.383864 
2461610.331640 -1.401592 
2461611.262938 -1.982096 
2461612.194236 -1.723060 
2461613.125534 -0.818322 
2461614.056831 0.132676 
2461614.988129 0.797291 
2461615.919427 1.142516 
2461616.850725 1.230346 
2461617.782023 1.122538 
2461618.713321 0.860301 
2461619.644618 0.465364 
2461620.575916 -0.055525 
2461621.507214 -0.705367 
2461622.438512 -1.487198 
2461623.369810 -2.377895 
2461624.301108 -3.260637 
2461625.232406 -3.814937 
2461626.163703 -3.582508 
2461627.095001 -2.518939 
2461628.026299 -1.180058 
2461628.957597 -0.034675 
2461629.888895 0.800060 
2461630.820193 1.364161 
2461631.751491 1.717043 
2461632.682788 1.899142 
2461633.614086 1.928577 
2461634.545384 1.805078 
2461635.476682 1.515102 
2461636.407980 1.039995 
2461637.339278 0.375671 
2461638.270575 -0.415793 
2461639.201873 -1.101955 
2461640.133171 -1.236628 
2461641.064469 -0.558511 
2461641.995767 0.533355 
2461642.927065 1.477509 
2461643.858363 2.061734 
2461644.789660 2.306935 
2461645.720958 2.286621 
2461646.652256 2.062585 
2461647.583554 1.674582 
2461648.514852 1.143231 
2461649.446150 0.474701 
2461650.377448 -0.333219 
2461651.308745 -1.277943 
2461652.240043 -2.315978 
2461653.171341 -3.277498 
2461654.102639 -3.770052 
2461655.033937 -3.390716 
2461655.965235 -2.319240 
2461656.896532 -1.160803 
2461657.827830 -0.264559 
2461658.759128 0.327064 
2461659.690426 0.672398 
2461660.621724 0.831517 
2461661.553022 0.844320 
2461662.484320 0.730939 
2461663.415617 0.495807 
2461664.346915 0.132385 
2461665.278213 -0.367818 
2461666.209511 -0.990252 
2461667.140809 -1.631690 
2461668.072107 -1.990114 
2461669.003405 -1.618183 
2461669.934702 -0.463814 
2461670.866000 0.914213 
2461671.797298 2.026787 
2461672.728596 2.743310 
2461673.659894 3.102238 
2461674.591192 3.169850 
2461675.522490 2.999578 
2461676.453787 2.627202 
2461677.385085 2.073347 
2461678.316383 1.347006 
2461679.247681 0.451819 
2461680.178979 -0.596608 
2461681.110277 -1.722258 
2461682.041574 -2.687196 
2461682.972872 -3.042166 
2461683.904170 -2.508893 
2461684.835468 -1.472544 
2461685.766766 -0.507839 
2461686.698064 0.153755 
2461687.629362 0.520317 
2461688.560659 0.656645 
2461689.491957 0.617770 
2461690.423255 0.438041 
2461691.354553 0.133864 
2461692.285851 -0.291811 
2461693.217149 -0.843779 
2461694.148447 -1.522105 
2461695.079744 -2.287445 
2461696.011042 -2.977728 
2461696.942340 -3.209717 
2461697.873638 -2.575841 
2461698.804936 -1.239472 
2461699.736234 0.188121 
2461700.667531 1.336690 
2461701.598829 2.146414 
2461702.530127 2.661714 
2461703.461425 2.929791 
2461704.392723 2.978946 
2461705.324021 2.820524 
2461706.255319 2.454634 
2461707.186616 1.875969 
2461708.117914 1.082937 
2461709.049212 0.101436 
2461709.980510 -0.952170 
2461710.911808 -1.762426 
2461711.843106 -1.858358 
2461712.774404 -1.144868 
2461713.705701 -0.150113 
2461714.636999 0.643144 
2461715.568297 1.107579 
2461716.499595 1.285558 
2461717.430893 1.244185 
2461718.362191 1.033580 
2461719.293488 0.682998 
2461720.224786 0.204782 
2461721.156084 -0.400828 
2461722.087382 -1.138628 
2461723.018680 -2.001149 
2461723.949978 -2.921374 
2461724.881276 -3.672633 
2461725.812573 -3.813031 
2461726.743871 -3.051594 
2461727.675169 -1.757538 
2461728.606467 -0.513348 
2461729.537765 0.436549 
2461730.469063 1.093437 
2461731.400361 1.517890 
2461732.331658 1.760037 
2461733.262956 1.847429 
2461734.194254 1.787413 
2461735.125552 1.571735 
2461736.056850 1.182719 
2461736.988148 0.606494 
2461737.919446 -0.131783 
2461738.850743 -0.884523 
2461739.782041 -1.279349 
2461740.713339 -0.899353 
2461741.644637 0.121569 
2461742.575935 1.187293 
2461743.507233 1.933592 
2461744.438530 2.315306 
2461745.369828 2.398160 
2461746.301126 2.251991 
2461747.232424 1.925893 
2461748.163722 1.448154 
2461749.095020 0.830620 
2461750.026318 0.073846 
2461750.957615 -0.823772 
2461751.888913 -1.841988 
2461752.820211 -2.875910 
2461753.751509 -3.626098 
2461754.682807 -3.629845 
2461755.614105 -2.779963 
2461756.545403 -1.600728 
2461757.476700 -0.590860 
2461758.407998 0.109079 
2461759.339296 0.535722 
2461760.270594 0.753773 
2461761.201892 0.811914 
2461762.133190 0.738021 
2461763.064487 0.542655 
2461763.995785 0.223429 
2461764.927083 -0.228528 
2461765.858381 -0.812223 
2461766.789679 -1.471228 
2461767.720977 -1.995174 
2461768.652275 -1.958089 
2461769.583572 -1.067363 
2461770.514870 0.313096 
2461771.446168 1.583680 
2461772.377466 2.480376 
2461773.308764 2.996513 
2461774.240062 3.194363 
2461775.171360 3.132754 
2461776.102657 2.853495 
2461777.033955 2.382487 
2461777.965253 1.732885 
2461778.896551 0.909580 
2461779.827849 -0.079674 
2461780.759147 -1.191864 
2461781.690444 -2.268743 
2461782.621742 -2.933766 
2461783.553040 -2.757714 
2461784.484338 -1.852768 
2461785.415636 -0.816916 
2461786.346934 -0.033566 
2461787.278232 0.436837 
2461788.209529 0.649852 
2461789.140827 0.667511 
2461790.072125 0.532512 
2461791.003423 0.268002 
2461791.934721 -0.118167 
2461792.866019 -0.628530 
2461793.797317 -1.267397 
2461794.728614 -2.017902 
2461795.659912 -2.781184 
2461796.591210 -3.267277 
2461797.522508 -3.016259 
2461798.453806 -1.905057 
2461799.385104 -0.451932 
2461800.316402 0.826763 
2461801.247699 1.771611 
2461802.178997 2.404919 
2461803.110295 2.778398 
2461804.041593 2.928132 
2461804.972891 2.870897 
2461805.904189 2.609386 
2461806.835486 2.138138 
2461807.766784 1.450828 
2461808.698082 0.556246 
2461809.629380 -0.478032 
2461810.560678 -1.429755 
2461811.491976 -1.856258 
2461812.423274 -1.428375 
2461813.354571 -0.468963 
2461814.285869 0.437372 
2461815.217167 1.031193 
2461816.148465 1.311931 
2461817.079763 1.346172 
2461818.011061 1.192689 
2461818.942359 0.889032 
2461819.873656 0.453958 
2461820.804954 -0.107936 
2461821.736252 -0.800575 
2461822.667550 -1.624791 
2461823.598848 -2.546474 
2461824.530146 -3.418200 
2461825.461443 -3.874548 
2461826.392741 -3.483067 
2461827.324039 -2.336424 
2461828.255337 -1.031130 
2461829.186635 0.035762 
2461830.117933 0.794851 
2461831.049231 1.297344 
2461831.980528 1.601402 
2461832.911826 1.744425 
2461833.843124 1.742168 
2461834.774422 1.592819 
2461835.705720 1.282090 
2461836.637018 0.792305 
2461837.568316 0.125886 
2461838.499613 -0.633737 
2461839.430911 -1.211735 
2461840.362209 -1.151403 
2461841.293507 -0.306953 
2461842.224805 0.825001 
2461843.156103 1.733016 
2461844.087401 2.267161 
2461845.018698 2.468528 
2461845.949996 2.411439 
2461846.881294 2.154459 
2461847.812592 1.734321 
2461848.743890 1.169422 
2461849.675188 0.464554 
2461850.606485 -0.382353 
2461851.537783 -1.364305 
2461852.469081 -2.421705 
2461853.400379 -3.346499 
2461854.331677 -3.709815 
2461855.262975 -3.177969 
2461856.194273 -2.062345 
2461857.125570 -0.958384 
2461858.056868 -0.142186 
2461858.988166 0.376982 
2461859.919464 0.662088 
2461860.850762 0.770058 
2461861.782060 0.737050 
2461862.713358 0.580334 
2461863.644655 0.302508 
2461864.575953 -0.103368 
2461865.507251 -0.642938 
2461866.438549 -1.290090 
2461867.369847 -1.910652 
2461868.301145 -2.156366 
2461869.232442 -1.601098 
2461870.163740 -0.328782 
2461871.095038 1.055286 
2461872.026336 2.131195 
2461872.957634 2.815079 
2461873.888932 3.154337 
2461874.820230 3.211085 
2461875.751527 3.032933 
2461876.682825 2.651037 
2461877.614123 2.082946 
2461878.545421 1.336166 
2461879.476719 0.415396 
2461880.408017 -0.656455 
2461881.339315 -1.780715 
2461882.270612 -2.674854 
2461883.201910 -2.873492 
2461884.133208 -2.207830 
2461885.064506 -1.162597 
2461885.995804 -0.263881 
2461886.927102 0.321042 
2461887.858399 0.621511 
2461888.789697 0.703049 
2461889.720995 0.616878 
2461890.652293 0.393616 
2461891.583591 0.046769 
2461892.514889 -0.422665 
2461893.446187 -1.019816 
2461894.377484 -1.740782 
2461895.308782 -2.530692 
2461896.240080 -3.189783 
2461897.171378 -3.296707 
2461898.102676 -2.508258 
2461899.033974 -1.120387 
2461899.965272 0.261834 
2461900.896569 1.342700 
2461901.827867 2.097836 
2461902.759165 2.577442 
2461903.690463 2.825708 
2461904.621761 2.866402 
2461905.553059 2.706284 
2461906.484357 2.341101 
2461907.415654 1.762104 
2461908.346952 0.967342 
2461909.278250 -0.008874 
2461910.209548 -1.022144 
2461911.140846 -1.711995 
2461912.072144 -1.625438 
2461913.003441 -0.801946 
2461913.934739 0.179870 
2461914.866037 0.907370 
2461915.797335 1.304027 
2461916.728633 1.424777 
2461917.659931 1.335428 
2461918.591229 1.082425 
2461919.522526 0.691762 
2461920.453824 0.173312 
2461921.385122 -0.474197 
2461922.316420 -1.255009 
2461923.247718 -2.155264 
2461924.179016 -3.086622 
2461925.110314 -3.778893 
2461926.041611 -3.771999 
2461926.972909 -2.881369 
2461927.904207 -1.580026 
2461928.835505 -0.404867 
2461929.766803 0.465214 
2461930.698101 1.054186 
2461931.629398 1.424261 
2461932.560696 1.622628 
2461933.491994 1.674089 
2461934.423292 1.584148 
2461935.354590 1.343531 
2461936.285888 0.934781 
2461937.217186 0.347783 
2461938.148483 -0.378146 
2461939.079781 -1.060201 
2461940.011079 -1.289237 
2461940.942377 -0.711423 
2461941.873675 0.402215 
2461942.804973 1.454400 
2461943.736271 2.153626 
2461944.667568 2.490117 
2461945.598866 2.535321 
2461946.530164 2.356486 
2461947.461462 1.999410 
2461948.392760 1.489845 
2461949.324058 0.837925 
2461950.255355 0.043603 
2461951.186653 -0.892564 
2461952.117951 -1.940219 
2461953.049249 -2.965837 
2461953.980547 -3.624238 
2461954.911845 -3.466970 
2461955.843143 -2.520404 
2461956.774440 -1.364997 
2461957.705738 -0.431287 
2461958.637036 0.191751 
2461959.568334 0.553553 
2461960.499632 0.717340 
2461961.430930 0.727917 
2461962.362228 0.609860 
2461963.293525 0.371418 
2461964.224823 0.009056 
2461965.156121 -0.485010 
2461966.087419 -1.102832 
2461967.018717 -1.766273 
2461967.950015 -2.220837 
2461968.881313 -2.018948 
2461969.812610 -0.970226 
2461970.743908 0.453693 
2461971.675206 1.694682 
2461972.606504 2.553538 
2461973.537802 3.044734 
2461974.469100 3.229473 
2461975.400397 3.160651 
2461976.331695 2.874632 
2461977.262993 2.393385 
2461978.194291 1.727699 
2461979.125589 0.882128 
2461980.056887 -0.131608 
2461980.988185 -1.255518 
2461981.919482 -2.294709 
2461982.850780 -2.832057 
2461983.782078 -2.494240 
2461984.713376 -1.529178 
2461985.644674 -0.538728 
2461986.575972 0.167873 
2461987.507270 0.567422 
2461988.438567 0.721651 
2461989.369865 0.689646 
2461990.301163 0.510153 
2461991.232461 0.203071 
2461992.163759 -0.226117 
2461993.095057 -0.781111 
2461994.026354 -1.464556 
2461994.957652 -2.250041 
2461995.888950 -3.010794 
2461996.820248 -3.410832 
2461997.751546 -3.000397 
2461998.682844 -1.787654 
2461999.614142 -0.351231 
2462000.545439 0.860316 
2462001.476737 1.741643 
2462002.408035 2.329584 
2462003.339333 2.675089 
2462004.270631 2.810240 
2462005.201929 2.747482 
2462006.133227 2.485254 
2462007.064524 2.014254 
2462007.995822 1.326100 
2462008.927120 0.433255 
2462009.858418 -0.578251 
2462010.789716 -1.444550 
2462011.721014 -1.700279 
2462012.652311 -1.115198 
2462013.583609 -0.123068 
2462014.514907 0.731031 
2462015.446205 1.255738 
2462016.377503 1.475466 
2462017.308801 1.458949 
2462018.240099 1.261656 
2462019.171396 0.917641 
2462020.102694 0.442895 
2462021.033992 -0.159919 
2462021.965290 -0.895240 
2462022.896588 -1.760600 
2462023.827886 -2.708056 
2462024.759184 -3.554944 
2462025.690481 -3.894890 
2462026.621779 -3.347556 
2462027.553077 -2.142670 
2462028.484375 -0.885613 
2462029.415673 0.100825 
2462030.346971 0.786057 
2462031.278269 1.228448 
2462032.209566 1.483985 
2462033.140864 1.586986 
2462034.072162 1.550966 
2462035.003460 1.372790 
2462035.934758 1.037865 
2462036.866056 0.530535 
2462037.797353 -0.137798 
2462038.728651 -0.857591 
2462039.659949 -1.309983 
2462040.591247 -1.047568 
2462041.522545 -0.056948 
2462042.453843 1.096904 
2462043.385141 1.966175 
2462044.316438 2.454464 
2462045.247736 2.617023 
2462046.179034 2.527272 
2462047.110332 2.240345 
2462048.041630 1.790085 
2462048.972928 1.192864 
2462049.904226 0.452368 
2462050.835523 -0.432752 
2462051.766821 -1.449544 
2462052.698119 -2.518664 
2462053.629417 -3.389844 
2462054.560715 -3.608892 
2462055.492013 -2.937369 
2462056.423310 -1.801522 
2462057.354608 -0.761438 
2462058.285906 -0.024812 
2462059.217204 0.424576 
2462060.148502 0.651705 
2462061.079800 0.709912 
2462062.011098 0.631678 
2462062.942395 0.431515 
2462063.873693 0.110297 
2462064.804991 -0.339038 
2462065.736289 -0.918333 
2462066.667587 -1.587227 
2462067.598885 -2.175985 
2462068.530183 -2.293449 
2462069.461480 -1.560441 
2462070.392778 -0.198226 
2462071.324076 1.173856 
2462072.255374 2.208950 
2462073.186672 2.861317 
2462074.117970 3.183330 
2462075.049267 3.231977 
2462075.980565 3.048799 
2462076.911863 2.660151 
2462077.843161 2.080340 
2462078.774459 1.315406 
2462079.705757 0.371668 
2462080.637055 -0.718702 
2462081.568352 -1.830092 
2462082.499650 -2.633687 
2462083.430948 -2.667150 
2462084.362246 -1.889082 
2462085.293544 -0.854999 
2462086.224842 -0.027266 
2462087.156140 0.482832 
2462088.087437 0.719988 
2462089.018735 0.748851 
2462089.950033 0.616706 
2462090.881331 0.350591 
2462091.812629 -0.038720 
2462092.743927 -0.551977 
2462093.675225 -1.194152 
2462094.606522 -1.955962 
2462095.537820 -2.763533 
2462096.469118 -3.375401 
2462097.400416 -3.342553 
2462098.331714 -2.412619 
2462099.263012 -0.998967 
2462100.194309 0.325934 
2462101.125607 1.336777 
2462102.056905 2.036880 
2462102.988203 2.479680 
2462103.919501 2.706223 
2462104.850799 2.736247 
2462105.782097 2.572487 
2462106.713394 2.206811 
2462107.644692 1.627498 
2462108.575990 0.833140 
2462109.507288 -0.131114 
2462110.438586 -1.088532 
2462111.369884 -1.636778 
2462112.301182 -1.366631 
2462113.232479 -0.455533 
2462114.163777 0.499598 
2462115.095075 1.160610 
2462116.026373 1.492858 
2462116.957671 1.559653 
2462117.888969 1.424639 
2462118.820266 1.130643 
2462119.751564 0.700613 
2462120.682862 0.142155 
2462121.614160 -0.547212 
2462122.545458 -1.370456 
2462123.476756 -2.305339 
2462124.408054 -3.237955 
2462125.339351 -3.852626 
2462126.270649 -3.689559 
2462127.201947 -2.689710 
2462128.133245 -1.402039 
2462129.064543 -0.301769 
2462129.995841 0.489637 
2462130.927139 1.012642 
2462131.858436 1.329307 
2462132.789734 1.483623 
2462133.721032 1.497713 
2462134.652330 1.375381 
2462135.583628 1.106624 
2462136.514926 0.674884 
2462137.446224 0.075522 
2462138.377521 -0.634136 
2462139.308819 -1.231490 
2462140.240117 -1.279954 
2462141.171415 -0.515345 
2462142.102713 0.667773 
2462143.034011 1.697983 
2462143.965308 2.352609 
2462144.896606 2.648975 
2462145.827904 2.661167 
2462146.759202 2.453226 
2462147.690500 2.067685 
2462148.621798 1.527929 
2462149.553096 0.842598 
2462150.484393 0.011447 
2462151.415691 -0.961766 
2462152.346989 -2.033896 
2462153.278287 -3.038097 
2462154.209585 -3.585705 
2462155.140883 -3.267580 
2462156.072181 -2.248500 
2462157.003478 -1.132810 
2462157.934776 -0.277542 
2462158.866074 0.270931 
2462159.797372 0.570447 
2462160.728670 0.681733 
2462161.659968 0.645681 
2462162.591265 0.483680 
2462163.522563 0.201771 
2462164.453861 -0.204547 
2462165.385159 -0.741384 
2462166.316457 -1.392009 
2462167.247755 -2.052475 
2462168.179053 -2.421909 
2462169.110350 -2.048744 
2462170.041648 -0.864773 
2462170.972946 0.577963 
2462171.904244 1.780440 
2462172.835542 2.600851 
2462173.766840 3.068802 
2462174.698138 3.242714 
2462175.629435 3.169220 
2462176.560733 2.879091 
2462177.492031 2.390175 
2462178.423329 1.710791 
2462179.354627 0.845399 
2462180.285925 -0.189095 
2462181.217222 -1.316404 
2462182.148520 -2.300703 
2462183.079818 -2.693126 
2462184.011116 -2.203047 
2462184.942414 -1.201933 
2462185.873712 -0.267386 
2462186.805010 0.362637 
2462187.736307 0.694108 
2462188.667605 0.792001 
2462189.598903 0.711968 
2462190.530201 0.488905 
2462191.461499 0.139633 
2462192.392797 -0.332555 
2462193.324095 -0.932191 
2462194.255392 -1.659330 
2462195.186690 -2.475493 
2462196.117988 -3.221421 
2462197.049286 -3.516954 
2462197.980584 -2.947190 
2462198.911882 -1.658074 
2462199.843180 -0.256439 
2462200.774477 0.883174 
2462201.705775 1.700502 
2462202.637073 2.242443 
2462203.568371 2.558356 
2462204.499669 2.676642 
2462205.430967 2.605982 
2462206.362264 2.341112 
2462207.293562 1.869402 
2462208.224860 1.181128 
2462209.156158 0.294126 
2462210.087456 -0.683308 
2462211.018754 -1.443507 
2462211.950052 -1.515634 
2462212.881349 -0.789727 
2462213.812647 0.215429 
2462214.743945 1.012534 
2462215.675243 1.470769 
2462216.606541 1.633112 
2462217.537839 1.568627 
2462218.469137 1.329332 
2462219.400434 0.945970 
2462220.331732 0.431976 
2462221.263030 -0.211676 
2462222.194328 -0.989446 
2462223.125626 -1.894232 
2462224.056924 -2.860944 
2462224.988221 -3.667306 
2462225.919519 -3.874147 
2462226.850817 -3.180234 
2462227.782115 -1.941850 
2462228.713413 -0.744495 
2462229.644711 0.160959 
2462230.576009 0.774435 
2462231.507306 1.158288 
2462232.438604 1.365690 
2462233.369902 1.427871 
2462234.301200 1.356211 
2462235.232498 1.146427 
2462236.163796 0.784054 
2462237.095094 0.256602 
2462238.026391 -0.412715 
2462238.957689 -1.083230 
2462239.888987 -1.392945 
2462240.820285 -0.927595 
2462241.751583 0.185853 
2462242.682881 1.346041 
2462243.614178 2.175755 
2462244.545476 2.622802 
2462245.476774 2.751574 
2462246.408072 2.633270 
2462247.339370 2.319437 
2462248.270668 1.841148 
2462249.201966 1.212927 
2462250.133263 0.437645 
2462251.064561 -0.484626 
2462251.995859 -1.533117 
2462252.927157 -2.604640 
2462253.858455 -3.403887 
2462254.789753 -3.467432 
2462255.721051 -2.674085 
2462256.652348 -1.539987 
2462257.583646 -0.570481 
2462258.514944 0.087892 
2462259.446242 0.470211 
2462260.377540 0.641489 
2462261.308838 0.651218 
2462262.240136 0.528302 
2462263.171433 0.284603 
2462264.102731 -0.080596 
2462265.034029 -0.574111 
2462265.965327 -1.192802 
2462266.896625 -1.878919 
2462267.827923 -2.422792 
2462268.759220 -2.397789 
2462269.690518 -1.498625 
2462270.621816 -0.074760 
2462271.553114 1.270221 
2462272.484412 2.261312 
2462273.415710 2.882915 
2462274.347008 3.189389 
2462275.278305 3.232019 
2462276.209603 3.046174 
2462277.140901 2.653251 
2462278.072199 2.064148 
2462279.003497 1.283460 
2462279.934795 0.319812 
2462280.866093 -0.783060 
2462281.797390 -1.868065 
2462282.728688 -2.560889 
2462283.659986 -2.425712 
2462284.591284 -1.558004 
2462285.522582 -0.552061 
2462286.453880 0.201821 
2462287.385177 0.639446 
2462288.316475 0.816022 
2462289.247773 0.794185 
2462290.179071 0.617262 
2462291.110369 0.308879 
2462292.041667 -0.122750 
2462292.972965 -0.679883 
2462293.904262 -1.366727 
2462294.835560 -2.166891 
2462295.766858 -2.983556 
2462296.698156 -3.530606 
2462297.629454 -3.346758 
2462298.560752 -2.293429 
2462299.492050 -0.877675 
2462300.423347 0.380977 
2462301.354645 1.320635 
2462302.285943 1.965529 
2462303.217241 2.370393 
2462304.148539 2.573119 
2462305.079837 2.589903 
2462306.011134 2.420036 
2462306.942432 2.052065 
2462307.873730 1.471943 
2462308.805028 0.680044 
2462309.736326 -0.264699 
2462310.667624 -1.149043 
2462311.598922 -1.535882 
2462312.530219 -1.087091 
2462313.461517 -0.111035 
2462314.392815 0.807002 
2462315.324113 1.402421 
2462316.255411 1.673997 
2462317.186709 1.690122 
2462318.118007 1.511701 
2462319.049304 1.178074 
2462319.980602 0.709352 
2462320.911900 0.111097 
2462321.843198 -0.620034 
2462322.774496 -1.484841 
2462323.705794 -2.450334 
2462324.637092 -3.372486 
2462325.568389 -3.890481 
2462326.499687 -3.567731 
2462327.430985 -2.481732 
2462328.362283 -1.225739 
2462329.293581 -0.204014 
2462330.224879 0.510463 
2462331.156176 0.969540 
2462332.087474 1.233807 
2462333.018772 1.343908 
2462333.950070 1.319359 
2462334.881368 1.162383 
2462335.812666 0.862503 
2462336.743964 0.404795 
2462337.675261 -0.207949 
2462338.606559 -0.896118 
2462339.537857 -1.393683 
2462340.469155 -1.250798 
2462341.400453 -0.316355 
2462342.331751 0.914146 
2462343.263049 1.916398 
2462344.194346 2.529653 
2462345.125644 2.791023 
2462346.056942 2.774794 
2462346.988240 2.541320 
2462347.919538 2.129898 
2462348.850836 1.561680 
2462349.782133 0.844032 
2462350.713431 -0.023018 
2462351.644729 -1.031258 
2462352.576027 -2.121618 
2462353.507325 -3.089338 
2462354.438623 -3.508294 
2462355.369921 -3.035590 
2462356.301218 -1.968789 
2462357.232516 -0.905527 
2462358.163814 -0.129479 
2462359.095112 0.347008 
2462360.026410 0.586689 
2462360.957708 0.647111 
2462361.889006 0.565290 
2462362.820303 0.359549 
2462363.751601 0.033837 
2462364.682899 -0.417075 
2462365.614197 -0.996880 
2462366.545495 -1.677862 
2462367.476793 -2.325840 
2462368.408091 -2.593542 
2462369.339388 -2.047647 
2462370.270686 -0.754427 
2462371.201984 0.685247 
2462372.133282 1.842209 
2462373.064580 2.623633 
2462373.995878 3.069398 
2462374.927175 3.234024 
2462375.858473 3.157770 
2462376.789771 2.865743 
2462377.721069 2.371505 
2462378.652367 1.680797 
2462379.583665 0.798285 
2462380.514963 -0.252472 
2462381.446260 -1.373149 
2462382.377558 -2.283596 
2462383.308856 -2.516915 
2462384.240154 -1.889438 
2462385.171452 -0.874757 
2462386.102750 -0.003693 
2462387.034048 0.550943 
2462387.965345 0.817205 
2462388.896643 0.861090 
2462389.827941 0.734531 
2462390.759239 0.468714 
2462391.690537 0.077558 
2462392.621835 -0.437639 
2462393.553132 -1.081837 
2462394.484430 -1.851354 
2462395.415728 -2.692667 
2462396.347026 -3.409490 
2462397.278324 -3.582958 
2462398.209622 -2.859917 
2462399.140920 -1.520264 
2462400.072217 -0.168080 
2462401.003515 0.896651 
2462401.934813 1.650030 
2462402.866111 2.145440 
2462403.797409 2.430082 
2462404.728707 2.529006 
2462405.660005 2.447674 
2462406.591302 2.177700 
2462407.522600 1.703760 
2462408.453898 1.015756 
2462409.385196 0.139073 
2462410.316494 -0.791503 
2462411.247792 -1.424368 
2462412.179089 -1.305153 
2462413.110387 -0.458268 
2462414.041685 0.543153 
2462414.972983 1.280945 
2462415.904281 1.676083 
2462416.835579 1.784768 
2462417.766877 1.675078 
2462418.698174 1.395544 
2462419.629472 0.973813 
2462420.560770 0.420975 
2462421.492068 -0.263411 
2462422.423366 -1.083234 
2462423.354664 -2.025128 
2462424.285962 -3.003075 
2462425.217259 -3.751584 
2462426.148557 -3.811629 
2462427.079855 -2.986005 
2462428.011153 -1.737529 
2462428.942451 -0.608393 
2462429.873749 0.216640 
2462430.805047 0.760652 
2462431.736344 1.087551 
2462432.667642 1.247268 
2462433.598940 1.267970 
2462434.530238 1.158987 
2462435.461536 0.915046 
2462436.392834 0.522253 
2462437.324131 -0.027433 
2462438.255429 -0.695767 
2462439.186727 -1.305955 
2462440.118025 -1.457241 
2462441.049323 -0.794792 
2462441.980621 0.416450 
2462442.911919 1.570114 
2462443.843216 2.360774 
2462444.774514 2.771343 
2462445.705812 2.871259 
2462446.637110 2.728471 
2462447.568408 2.390818 
2462448.499706 1.886680 
2462449.431004 1.228894 
2462450.362301 0.419838 
2462451.293599 -0.538162 
2462452.224897 -1.614293 
2462453.156195 -2.677050 
2462454.087493 -3.385184 
2462455.018791 -3.286902 
2462455.950088 -2.393375 
2462456.881386 -1.280302 
2462457.812684 -0.385751 
2462458.743982 0.196291 
2462459.675280 0.514221 
2462460.606578 0.631639 
2462461.537876 0.594071 
2462462.469173 0.426962 
2462463.400471 0.139648 
2462464.331769 -0.270014 
2462465.263067 -0.808127 
2462466.194365 -1.465103 
2462467.125663 -2.162206 
2462468.056961 -2.646146 
2462468.988258 -2.467012 
2462469.919556 -1.418800 
2462470.850854 0.039658 
2462471.782152 1.345240 
2462472.713450 2.289874 
2462473.644748 2.881047 
2462474.576045 3.172952 
2462475.507343 3.210930 
2462476.438641 3.024200 
2462477.369939 2.629108 
2462478.301237 2.032986 
2462479.232535 1.239041 
2462480.163833 0.259033 
2462481.095130 -0.849040 
2462482.026428 -1.892047 
2462482.957726 -2.454357 
2462483.889024 -2.152981 
2462484.820322 -1.219636 
2462485.751620 -0.255563 
2462486.682918 0.423344 
2462487.614215 0.791194 
2462488.545513 0.909847 
2462489.476811 0.839150 
2462490.408109 0.618529 
2462491.339407 0.268375 
2462492.270705 -0.205479 
2462493.202003 -0.806515 
2462494.133300 -1.537423 
2462495.064598 -2.372618 
2462495.995896 -3.188000 
2462496.927194 -3.651628 
2462497.858492 -3.310208 
2462498.789790 -2.155430 
2462499.721087 -0.758447 
2462500.652385 0.427666 
2462501.583683 1.295891 
2462502.514981 1.885632 
2462503.446279 2.251469 
2462504.377577 2.428196 
2462505.308875 2.428926 
2462506.240172 2.250063 
2462507.171470 1.877461 
2462508.102768 1.295574 
2462509.034066 0.508168 
2462509.965364 -0.408526 
2462510.896662 -1.201119 
2462511.827960 -1.409470 
2462512.759257 -0.792769 
2462513.690555 0.226667 
2462514.621853 1.100356 
2462515.553151 1.632368 
2462516.484449 1.847281 
2462517.415747 1.816026 
2462518.347044 1.596426 
2462519.278342 1.224498 
2462520.209640 0.717740 
2462521.140938 0.079902 
2462522.072236 -0.692808 
2462523.003534 -1.597935 
2462523.934832 -2.588924 
2462524.866129 -3.486971 
2462525.797427 -3.889694 
2462526.728725 -3.409738 
2462527.660023 -2.262235 
2462528.591321 -1.052739 
2462529.522619 -0.111416 
2462530.453917 0.528290 
2462531.385214 0.925502 
2462532.316512 1.138403 
2462533.247810 1.204220 
2462534.179108 1.139932 
2462535.110406 0.946277 
2462536.041704 0.612567 
2462536.973001 0.126314 
2462537.904299 -0.500018 
2462538.835597 -1.159906 
2462539.766895 -1.541934 
2462540.698193 -1.202060 
2462541.629491 -0.119579 
2462542.560789 1.138138 
2462543.492086 2.108457 
2462544.423384 2.683977 
2462545.354682 2.915371 
2462546.285980 2.875206 
2462547.217278 2.619766 
2462548.148576 2.185114 
2462549.079874 1.590272 
2462550.011171 0.841548 
2462550.942469 -0.060208 
2462551.873767 -1.100812 
2462552.805065 -2.201668 
2462553.736363 -3.116015 
2462554.667661 -3.390837 
2462555.598959 -2.775710 
2462556.530256 -1.685223 
2462557.461554 -0.684072 
2462558.392852 0.013148 
2462559.324150 0.420352 
2462560.255448 0.602524 
2462561.186746 0.613594 
2462562.118043 0.486781 
2462563.049341 0.237478 
2462563.980639 -0.132324 
2462564.911937 -0.628285 
2462565.843235 -1.250733 
2462566.774533 -1.958345 
2462567.705831 -2.582151 
2462568.637128 -2.731555 
2462569.568426 -2.017159 
2462570.499724 -0.642355 
2462571.431022 0.775537 
2462572.362320 1.881603 
2462573.293618 2.623467 
2462574.224916 3.047474 
2462575.156213 3.203600 
2462576.087511 2.892386 
